[1.608s] DEBUG:colcon:Command line arguments: ['/usr/bin/colcon', 'build', '--packages-select', 'agrobot_nav']
[1.608s] DEBUG:colcon:Parsed command line arguments: Namespace(log_base=None, log_level=None, verb_name='build', build_base='build', install_base='install', merge_install=False, symlink_install=False, test_result_base=None, continue_on_error=False, executor='parallel', parallel_workers=4, event_handlers=None, ignore_user_meta=False, metas=['./colcon.meta'], base_paths=['.'], packages_ignore=None, packages_ignore_regex=None, paths=None, packages_up_to=None, packages_up_to_regex=None, packages_above=None, packages_above_and_dependencies=None, packages_above_depth=None, packages_select_by_dep=None, packages_skip_by_dep=None, packages_skip_up_to=None, packages_select_build_failed=False, packages_skip_build_finished=False, packages_select_test_failures=False, packages_skip_test_passed=False, packages_select=['agrobot_nav'], packages_skip=None, packages_select_regex=None, packages_skip_regex=None, packages_start=None, packages_end=None, allow_overriding=[], cmake_args=None, cmake_target=None, cmake_target_skip_unavailable=False, cmake_clean_cache=False, cmake_clean_first=False, cmake_force_configure=False, ament_cmake_args=None, catkin_cmake_args=None, catkin_skip_building_tests=False, verb_parser=<colcon_defaults.argument_parser.defaults.DefaultArgumentsDecorator object at 0xffffa0fb95e0>, verb_extension=<colcon_core.verb.build.BuildVerb object at 0xffffa1166000>, main=<bound method BuildVerb.main of <colcon_core.verb.build.BuildVerb object at 0xffffa1166000>>)
[2.912s] Level 1:colcon.colcon_core.package_discovery:discover_packages(colcon_meta) check parameters
[2.912s] Level 1:colcon.colcon_core.package_discovery:discover_packages(recursive) check parameters
[2.912s] Level 1:colcon.colcon_core.package_discovery:discover_packages(ignore) check parameters
[2.912s] Level 1:colcon.colcon_core.package_discovery:discover_packages(path) check parameters
[2.912s] Level 1:colcon.colcon_core.package_discovery:discover_packages(colcon_meta) discover
[2.912s] Level 1:colcon.colcon_core.package_discovery:discover_packages(recursive) discover
[2.912s] INFO:colcon.colcon_core.package_discovery:Crawling recursively for packages in '/home/agrobot/ros2_ws'
[2.913s] Level 1:colcon.colcon_core.package_identification:_identify(.) by extensions ['ignore', 'ignore_ament_install']
[2.913s] Level 1:colcon.colcon_core.package_identification:_identify(.) by extension 'ignore'
[2.913s] Level 1:colcon.colcon_core.package_identification:_identify(.) by extension 'ignore_ament_install'
[2.913s] Level 1:colcon.colcon_core.package_identification:_identify(.) by extensions ['colcon_pkg']
[2.913s] Level 1:colcon.colcon_core.package_identification:_identify(.) by extension 'colcon_pkg'
[2.913s] Level 1:colcon.colcon_core.package_identification:_identify(.) by extensions ['colcon_meta']
[2.913s] Level 1:colcon.colcon_core.package_identification:_identify(.) by extension 'colcon_meta'
[2.913s] Level 1:colcon.colcon_core.package_identification:_identify(.) by extensions ['ros']
[2.913s] Level 1:colcon.colcon_core.package_identification:_identify(.) by extension 'ros'
[2.971s] Level 1:colcon.colcon_core.package_identification:_identify(.) by extensions ['cmake', 'python']
[2.971s] Level 1:colcon.colcon_core.package_identification:_identify(.) by extension 'cmake'
[2.971s] Level 1:colcon.colcon_core.package_identification:_identify(.) by extension 'python'
[2.971s] Level 1:colcon.colcon_core.package_identification:_identify(.) by extensions ['python_setup_py']
[2.971s] Level 1:colcon.colcon_core.package_identification:_identify(.) by extension 'python_setup_py'
[2.972s] Level 1:colcon.colcon_core.package_identification:_identify(build) by extensions ['ignore', 'ignore_ament_install']
[2.972s] Level 1:colcon.colcon_core.package_identification:_identify(build) by extension 'ignore'
[2.972s] Level 1:colcon.colcon_core.package_identification:_identify(build) ignored
[2.972s] Level 1:colcon.colcon_core.package_identification:_identify(install) by extensions ['ignore', 'ignore_ament_install']
[2.972s] Level 1:colcon.colcon_core.package_identification:_identify(install) by extension 'ignore'
[2.972s] Level 1:colcon.colcon_core.package_identification:_identify(install) ignored
[2.972s] Level 1:colcon.colcon_core.package_identification:_identify(lib) by extensions ['ignore', 'ignore_ament_install']
[2.972s] Level 1:colcon.colcon_core.package_identification:_identify(lib) by extension 'ignore'
[2.972s] Level 1:colcon.colcon_core.package_identification:_identify(lib) by extension 'ignore_ament_install'
[2.972s] Level 1:colcon.colcon_core.package_identification:_identify(lib) by extensions ['colcon_pkg']
[2.972s] Level 1:colcon.colcon_core.package_identification:_identify(lib) by extension 'colcon_pkg'
[2.972s] Level 1:colcon.colcon_core.package_identification:_identify(lib) by extensions ['colcon_meta']
[2.973s] Level 1:colcon.colcon_core.package_identification:_identify(lib) by extension 'colcon_meta'
[2.973s] Level 1:colcon.colcon_core.package_identification:_identify(lib) by extensions ['ros']
[2.973s] Level 1:colcon.colcon_core.package_identification:_identify(lib) by extension 'ros'
[2.973s] Level 1:colcon.colcon_core.package_identification:_identify(lib) by extensions ['cmake', 'python']
[2.973s] Level 1:colcon.colcon_core.package_identification:_identify(lib) by extension 'cmake'
[2.973s] Level 1:colcon.colcon_core.package_identification:_identify(lib) by extension 'python'
[2.973s] Level 1:colcon.colcon_core.package_identification:_identify(lib) by extensions ['python_setup_py']
[2.973s] Level 1:colcon.colcon_core.package_identification:_identify(lib) by extension 'python_setup_py'
[2.973s] Level 1:colcon.colcon_core.package_identification:_identify(lib/__pycache__) by extensions ['ignore', 'ignore_ament_install']
[2.973s] Level 1:colcon.colcon_core.package_identification:_identify(lib/__pycache__) by extension 'ignore'
[2.973s] Level 1:colcon.colcon_core.package_identification:_identify(lib/__pycache__) by extension 'ignore_ament_install'
[2.973s] Level 1:colcon.colcon_core.package_identification:_identify(lib/__pycache__) by extensions ['colcon_pkg']
[2.973s] Level 1:colcon.colcon_core.package_identification:_identify(lib/__pycache__) by extension 'colcon_pkg'
[2.973s] Level 1:colcon.colcon_core.package_identification:_identify(lib/__pycache__) by extensions ['colcon_meta']
[2.973s] Level 1:colcon.colcon_core.package_identification:_identify(lib/__pycache__) by extension 'colcon_meta'
[2.973s] Level 1:colcon.colcon_core.package_identification:_identify(lib/__pycache__) by extensions ['ros']
[2.973s] Level 1:colcon.colcon_core.package_identification:_identify(lib/__pycache__) by extension 'ros'
[2.973s] Level 1:colcon.colcon_core.package_identification:_identify(lib/__pycache__) by extensions ['cmake', 'python']
[2.974s] Level 1:colcon.colcon_core.package_identification:_identify(lib/__pycache__) by extension 'cmake'
[2.974s] Level 1:colcon.colcon_core.package_identification:_identify(lib/__pycache__) by extension 'python'
[2.974s] Level 1:colcon.colcon_core.package_identification:_identify(lib/__pycache__) by extensions ['python_setup_py']
[2.974s] Level 1:colcon.colcon_core.package_identification:_identify(lib/__pycache__) by extension 'python_setup_py'
[2.974s] Level 1:colcon.colcon_core.package_identification:_identify(log) by extensions ['ignore', 'ignore_ament_install']
[2.974s] Level 1:colcon.colcon_core.package_identification:_identify(log) by extension 'ignore'
[2.974s] Level 1:colcon.colcon_core.package_identification:_identify(log) ignored
[2.974s] Level 1:colcon.colcon_core.package_identification:_identify(src) by extensions ['ignore', 'ignore_ament_install']
[2.974s] Level 1:colcon.colcon_core.package_identification:_identify(src) by extension 'ignore'
[2.974s] Level 1:colcon.colcon_core.package_identification:_identify(src) by extension 'ignore_ament_install'
[2.974s] Level 1:colcon.colcon_core.package_identification:_identify(src) by extensions ['colcon_pkg']
[2.974s] Level 1:colcon.colcon_core.package_identification:_identify(src) by extension 'colcon_pkg'
[2.974s] Level 1:colcon.colcon_core.package_identification:_identify(src) by extensions ['colcon_meta']
[2.974s] Level 1:colcon.colcon_core.package_identification:_identify(src) by extension 'colcon_meta'
[2.974s] Level 1:colcon.colcon_core.package_identification:_identify(src) by extensions ['ros']
[2.975s] Level 1:colcon.colcon_core.package_identification:_identify(src) by extension 'ros'
[2.975s] Level 1:colcon.colcon_core.package_identification:_identify(src) by extensions ['cmake', 'python']
[2.975s] Level 1:colcon.colcon_core.package_identification:_identify(src) by extension 'cmake'
[2.975s] Level 1:colcon.colcon_core.package_identification:_identify(src) by extension 'python'
[2.975s] Level 1:colcon.colcon_core.package_identification:_identify(src) by extensions ['python_setup_py']
[2.975s] Level 1:colcon.colcon_core.package_identification:_identify(src) by extension 'python_setup_py'
[2.975s] Level 1:colcon.colcon_core.package_identification:_identify(src/agrobot_actuation) by extensions ['ignore', 'ignore_ament_install']
[2.975s] Level 1:colcon.colcon_core.package_identification:_identify(src/agrobot_actuation) by extension 'ignore'
[2.975s] Level 1:colcon.colcon_core.package_identification:_identify(src/agrobot_actuation) by extension 'ignore_ament_install'
[2.975s] Level 1:colcon.colcon_core.package_identification:_identify(src/agrobot_actuation) by extensions ['colcon_pkg']
[2.975s] Level 1:colcon.colcon_core.package_identification:_identify(src/agrobot_actuation) by extension 'colcon_pkg'
[2.975s] Level 1:colcon.colcon_core.package_identification:_identify(src/agrobot_actuation) by extensions ['colcon_meta']
[2.975s] Level 1:colcon.colcon_core.package_identification:_identify(src/agrobot_actuation) by extension 'colcon_meta'
[2.975s] Level 1:colcon.colcon_core.package_identification:_identify(src/agrobot_actuation) by extensions ['ros']
[2.975s] Level 1:colcon.colcon_core.package_identification:_identify(src/agrobot_actuation) by extension 'ros'
[2.983s] DEBUG:colcon.colcon_core.package_identification:Package 'src/agrobot_actuation' with type 'ros.ament_python' and name 'agrobot_actuation'
[2.983s] Level 1:colcon.colcon_core.package_identification:_identify(src/agrobot_detect) by extensions ['ignore', 'ignore_ament_install']
[2.983s] Level 1:colcon.colcon_core.package_identification:_identify(src/agrobot_detect) by extension 'ignore'
[2.983s] Level 1:colcon.colcon_core.package_identification:_identify(src/agrobot_detect) by extension 'ignore_ament_install'
[2.983s] Level 1:colcon.colcon_core.package_identification:_identify(src/agrobot_detect) by extensions ['colcon_pkg']
[2.983s] Level 1:colcon.colcon_core.package_identification:_identify(src/agrobot_detect) by extension 'colcon_pkg'
[2.983s] Level 1:colcon.colcon_core.package_identification:_identify(src/agrobot_detect) by extensions ['colcon_meta']
[2.983s] Level 1:colcon.colcon_core.package_identification:_identify(src/agrobot_detect) by extension 'colcon_meta'
[2.983s] Level 1:colcon.colcon_core.package_identification:_identify(src/agrobot_detect) by extensions ['ros']
[2.983s] Level 1:colcon.colcon_core.package_identification:_identify(src/agrobot_detect) by extension 'ros'
[2.984s] DEBUG:colcon.colcon_core.package_identification:Package 'src/agrobot_detect' with type 'ros.ament_python' and name 'agrobot_detect'
[2.984s] Level 1:colcon.colcon_core.package_identification:_identify(src/agrobot_interfaces) by extensions ['ignore', 'ignore_ament_install']
[2.984s] Level 1:colcon.colcon_core.package_identification:_identify(src/agrobot_interfaces) by extension 'ignore'
[2.984s] Level 1:colcon.colcon_core.package_identification:_identify(src/agrobot_interfaces) by extension 'ignore_ament_install'
[2.984s] Level 1:colcon.colcon_core.package_identification:_identify(src/agrobot_interfaces) by extensions ['colcon_pkg']
[2.985s] Level 1:colcon.colcon_core.package_identification:_identify(src/agrobot_interfaces) by extension 'colcon_pkg'
[2.985s] Level 1:colcon.colcon_core.package_identification:_identify(src/agrobot_interfaces) by extensions ['colcon_meta']
[2.985s] Level 1:colcon.colcon_core.package_identification:_identify(src/agrobot_interfaces) by extension 'colcon_meta'
[2.985s] Level 1:colcon.colcon_core.package_identification:_identify(src/agrobot_interfaces) by extensions ['ros']
[2.985s] Level 1:colcon.colcon_core.package_identification:_identify(src/agrobot_interfaces) by extension 'ros'
[2.985s] DEBUG:colcon.colcon_core.package_identification:Package 'src/agrobot_interfaces' with type 'ros.ament_cmake' and name 'agrobot_interfaces'
[2.985s] Level 1:colcon.colcon_core.package_identification:_identify(src/agrobot_nav) by extensions ['ignore', 'ignore_ament_install']
[2.986s] Level 1:colcon.colcon_core.package_identification:_identify(src/agrobot_nav) by extension 'ignore'
[2.986s] Level 1:colcon.colcon_core.package_identification:_identify(src/agrobot_nav) by extension 'ignore_ament_install'
[2.986s] Level 1:colcon.colcon_core.package_identification:_identify(src/agrobot_nav) by extensions ['colcon_pkg']
[2.986s] Level 1:colcon.colcon_core.package_identification:_identify(src/agrobot_nav) by extension 'colcon_pkg'
[2.986s] Level 1:colcon.colcon_core.package_identification:_identify(src/agrobot_nav) by extensions ['colcon_meta']
[2.986s] Level 1:colcon.colcon_core.package_identification:_identify(src/agrobot_nav) by extension 'colcon_meta'
[2.986s] Level 1:colcon.colcon_core.package_identification:_identify(src/agrobot_nav) by extensions ['ros']
[2.986s] Level 1:colcon.colcon_core.package_identification:_identify(src/agrobot_nav) by extension 'ros'
[2.987s] DEBUG:colcon.colcon_core.package_identification:Package 'src/agrobot_nav' with type 'ros.ament_python' and name 'agrobot_nav'
[2.987s] Level 1:colcon.colcon_core.package_identification:_identify(src/basicmicro_ros2) by extensions ['ignore', 'ignore_ament_install']
[2.987s] Level 1:colcon.colcon_core.package_identification:_identify(src/basicmicro_ros2) by extension 'ignore'
[2.987s] Level 1:colcon.colcon_core.package_identification:_identify(src/basicmicro_ros2) by extension 'ignore_ament_install'
[2.987s] Level 1:colcon.colcon_core.package_identification:_identify(src/basicmicro_ros2) by extensions ['colcon_pkg']
[2.987s] Level 1:colcon.colcon_core.package_identification:_identify(src/basicmicro_ros2) by extension 'colcon_pkg'
[2.987s] Level 1:colcon.colcon_core.package_identification:_identify(src/basicmicro_ros2) by extensions ['colcon_meta']
[2.987s] Level 1:colcon.colcon_core.package_identification:_identify(src/basicmicro_ros2) by extension 'colcon_meta'
[2.987s] Level 1:colcon.colcon_core.package_identification:_identify(src/basicmicro_ros2) by extensions ['ros']
[2.987s] Level 1:colcon.colcon_core.package_identification:_identify(src/basicmicro_ros2) by extension 'ros'
[2.990s] DEBUG:colcon.colcon_core.package_identification:Package 'src/basicmicro_ros2' with type 'ros.ament_cmake' and name 'basicmicro_ros2'
[2.990s] Level 1:colcon.colcon_core.package_identification:_identify(src/examples) by extensions ['ignore', 'ignore_ament_install']
[2.990s] Level 1:colcon.colcon_core.package_identification:_identify(src/examples) by extension 'ignore'
[2.990s] Level 1:colcon.colcon_core.package_identification:_identify(src/examples) by extension 'ignore_ament_install'
[2.990s] Level 1:colcon.colcon_core.package_identification:_identify(src/examples) by extensions ['colcon_pkg']
[2.990s] Level 1:colcon.colcon_core.package_identification:_identify(src/examples) by extension 'colcon_pkg'
[2.990s] Level 1:colcon.colcon_core.package_identification:_identify(src/examples) by extensions ['colcon_meta']
[2.990s] Level 1:colcon.colcon_core.package_identification:_identify(src/examples) by extension 'colcon_meta'
[2.990s] Level 1:colcon.colcon_core.package_identification:_identify(src/examples) by extensions ['ros']
[2.990s] Level 1:colcon.colcon_core.package_identification:_identify(src/examples) by extension 'ros'
[2.990s] Level 1:colcon.colcon_core.package_identification:_identify(src/examples) by extensions ['cmake', 'python']
[2.990s] Level 1:colcon.colcon_core.package_identification:_identify(src/examples) by extension 'cmake'
[2.991s] Level 1:colcon.colcon_core.package_identification:_identify(src/examples) by extension 'python'
[2.991s] Level 1:colcon.colcon_core.package_identification:_identify(src/examples) by extensions ['python_setup_py']
[2.991s] Level 1:colcon.colcon_core.package_identification:_identify(src/examples) by extension 'python_setup_py'
[2.991s] Level 1:colcon.colcon_core.package_identification:_identify(src/examples/launch_testing) by extensions ['ignore', 'ignore_ament_install']
[2.991s] Level 1:colcon.colcon_core.package_identification:_identify(src/examples/launch_testing) by extension 'ignore'
[2.991s] Level 1:colcon.colcon_core.package_identification:_identify(src/examples/launch_testing) by extension 'ignore_ament_install'
[2.991s] Level 1:colcon.colcon_core.package_identification:_identify(src/examples/launch_testing) by extensions ['colcon_pkg']
[2.991s] Level 1:colcon.colcon_core.package_identification:_identify(src/examples/launch_testing) by extension 'colcon_pkg'
[2.991s] Level 1:colcon.colcon_core.package_identification:_identify(src/examples/launch_testing) by extensions ['colcon_meta']
[2.991s] Level 1:colcon.colcon_core.package_identification:_identify(src/examples/launch_testing) by extension 'colcon_meta'
[2.991s] Level 1:colcon.colcon_core.package_identification:_identify(src/examples/launch_testing) by extensions ['ros']
[2.991s] Level 1:colcon.colcon_core.package_identification:_identify(src/examples/launch_testing) by extension 'ros'
[2.991s] Level 1:colcon.colcon_core.package_identification:_identify(src/examples/launch_testing) by extensions ['cmake', 'python']
[2.991s] Level 1:colcon.colcon_core.package_identification:_identify(src/examples/launch_testing) by extension 'cmake'
[2.991s] Level 1:colcon.colcon_core.package_identification:_identify(src/examples/launch_testing) by extension 'python'
[2.992s] Level 1:colcon.colcon_core.package_identification:_identify(src/examples/launch_testing) by extensions ['python_setup_py']
[2.992s] Level 1:colcon.colcon_core.package_identification:_identify(src/examples/launch_testing) by extension 'python_setup_py'
[2.992s] Level 1:colcon.colcon_core.package_identification:_identify(src/examples/launch_testing/launch_testing_examples) by extensions ['ignore', 'ignore_ament_install']
[2.992s] Level 1:colcon.colcon_core.package_identification:_identify(src/examples/launch_testing/launch_testing_examples) by extension 'ignore'
[2.992s] Level 1:colcon.colcon_core.package_identification:_identify(src/examples/launch_testing/launch_testing_examples) by extension 'ignore_ament_install'
[2.992s] Level 1:colcon.colcon_core.package_identification:_identify(src/examples/launch_testing/launch_testing_examples) by extensions ['colcon_pkg']
[2.992s] Level 1:colcon.colcon_core.package_identification:_identify(src/examples/launch_testing/launch_testing_examples) by extension 'colcon_pkg'
[2.992s] Level 1:colcon.colcon_core.package_identification:_identify(src/examples/launch_testing/launch_testing_examples) by extensions ['colcon_meta']
[2.992s] Level 1:colcon.colcon_core.package_identification:_identify(src/examples/launch_testing/launch_testing_examples) by extension 'colcon_meta'
[2.992s] Level 1:colcon.colcon_core.package_identification:_identify(src/examples/launch_testing/launch_testing_examples) by extensions ['ros']
[2.992s] Level 1:colcon.colcon_core.package_identification:_identify(src/examples/launch_testing/launch_testing_examples) by extension 'ros'
[2.993s] DEBUG:colcon.colcon_core.package_identification:Package 'src/examples/launch_testing/launch_testing_examples' with type 'ros.ament_python' and name 'launch_testing_examples'
[2.993s] Level 1:colcon.colcon_core.package_identification:_identify(src/examples/rclcpp) by extensions ['ignore', 'ignore_ament_install']
[2.993s] Level 1:colcon.colcon_core.package_identification:_identify(src/examples/rclcpp) by extension 'ignore'
[2.993s] Level 1:colcon.colcon_core.package_identification:_identify(src/examples/rclcpp) by extension 'ignore_ament_install'
[2.993s] Level 1:colcon.colcon_core.package_identification:_identify(src/examples/rclcpp) by extensions ['colcon_pkg']
[2.993s] Level 1:colcon.colcon_core.package_identification:_identify(src/examples/rclcpp) by extension 'colcon_pkg'
[2.993s] Level 1:colcon.colcon_core.package_identification:_identify(src/examples/rclcpp) by extensions ['colcon_meta']
[2.993s] Level 1:colcon.colcon_core.package_identification:_identify(src/examples/rclcpp) by extension 'colcon_meta'
[2.993s] Level 1:colcon.colcon_core.package_identification:_identify(src/examples/rclcpp) by extensions ['ros']
[2.994s] Level 1:colcon.colcon_core.package_identification:_identify(src/examples/rclcpp) by extension 'ros'
[2.994s] Level 1:colcon.colcon_core.package_identification:_identify(src/examples/rclcpp) by extensions ['cmake', 'python']
[2.994s] Level 1:colcon.colcon_core.package_identification:_identify(src/examples/rclcpp) by extension 'cmake'
[2.994s] Level 1:colcon.colcon_core.package_identification:_identify(src/examples/rclcpp) by extension 'python'
[2.994s] Level 1:colcon.colcon_core.package_identification:_identify(src/examples/rclcpp) by extensions ['python_setup_py']
[2.994s] Level 1:colcon.colcon_core.package_identification:_identify(src/examples/rclcpp) by extension 'python_setup_py'
[2.994s] Level 1:colcon.colcon_core.package_identification:_identify(src/examples/rclcpp/actions) by extensions ['ignore', 'ignore_ament_install']
[2.994s] Level 1:colcon.colcon_core.package_identification:_identify(src/examples/rclcpp/actions) by extension 'ignore'
[2.994s] Level 1:colcon.colcon_core.package_identification:_identify(src/examples/rclcpp/actions) by extension 'ignore_ament_install'
[2.994s] Level 1:colcon.colcon_core.package_identification:_identify(src/examples/rclcpp/actions) by extensions ['colcon_pkg']
[2.994s] Level 1:colcon.colcon_core.package_identification:_identify(src/examples/rclcpp/actions) by extension 'colcon_pkg'
[2.994s] Level 1:colcon.colcon_core.package_identification:_identify(src/examples/rclcpp/actions) by extensions ['colcon_meta']
[2.994s] Level 1:colcon.colcon_core.package_identification:_identify(src/examples/rclcpp/actions) by extension 'colcon_meta'
[2.994s] Level 1:colcon.colcon_core.package_identification:_identify(src/examples/rclcpp/actions) by extensions ['ros']
[2.994s] Level 1:colcon.colcon_core.package_identification:_identify(src/examples/rclcpp/actions) by extension 'ros'
[2.994s] Level 1:colcon.colcon_core.package_identification:_identify(src/examples/rclcpp/actions) by extensions ['cmake', 'python']
[2.994s] Level 1:colcon.colcon_core.package_identification:_identify(src/examples/rclcpp/actions) by extension 'cmake'
[2.994s] Level 1:colcon.colcon_core.package_identification:_identify(src/examples/rclcpp/actions) by extension 'python'
[2.995s] Level 1:colcon.colcon_core.package_identification:_identify(src/examples/rclcpp/actions) by extensions ['python_setup_py']
[2.995s] Level 1:colcon.colcon_core.package_identification:_identify(src/examples/rclcpp/actions) by extension 'python_setup_py'
[2.995s] Level 1:colcon.colcon_core.package_identification:_identify(src/examples/rclcpp/actions/minimal_action_client) by extensions ['ignore', 'ignore_ament_install']
[2.995s] Level 1:colcon.colcon_core.package_identification:_identify(src/examples/rclcpp/actions/minimal_action_client) by extension 'ignore'
[2.995s] Level 1:colcon.colcon_core.package_identification:_identify(src/examples/rclcpp/actions/minimal_action_client) by extension 'ignore_ament_install'
[2.995s] Level 1:colcon.colcon_core.package_identification:_identify(src/examples/rclcpp/actions/minimal_action_client) by extensions ['colcon_pkg']
[2.995s] Level 1:colcon.colcon_core.package_identification:_identify(src/examples/rclcpp/actions/minimal_action_client) by extension 'colcon_pkg'
[2.995s] Level 1:colcon.colcon_core.package_identification:_identify(src/examples/rclcpp/actions/minimal_action_client) by extensions ['colcon_meta']
[2.995s] Level 1:colcon.colcon_core.package_identification:_identify(src/examples/rclcpp/actions/minimal_action_client) by extension 'colcon_meta'
[2.995s] Level 1:colcon.colcon_core.package_identification:_identify(src/examples/rclcpp/actions/minimal_action_client) by extensions ['ros']
[2.995s] Level 1:colcon.colcon_core.package_identification:_identify(src/examples/rclcpp/actions/minimal_action_client) by extension 'ros'
[2.996s] DEBUG:colcon.colcon_core.package_identification:Package 'src/examples/rclcpp/actions/minimal_action_client' with type 'ros.ament_cmake' and name 'examples_rclcpp_minimal_action_client'
[2.996s] Level 1:colcon.colcon_core.package_identification:_identify(src/examples/rclcpp/actions/minimal_action_server) by extensions ['ignore', 'ignore_ament_install']
[2.996s] Level 1:colcon.colcon_core.package_identification:_identify(src/examples/rclcpp/actions/minimal_action_server) by extension 'ignore'
[2.996s] Level 1:colcon.colcon_core.package_identification:_identify(src/examples/rclcpp/actions/minimal_action_server) by extension 'ignore_ament_install'
[2.997s] Level 1:colcon.colcon_core.package_identification:_identify(src/examples/rclcpp/actions/minimal_action_server) by extensions ['colcon_pkg']
[2.997s] Level 1:colcon.colcon_core.package_identification:_identify(src/examples/rclcpp/actions/minimal_action_server) by extension 'colcon_pkg'
[2.997s] Level 1:colcon.colcon_core.package_identification:_identify(src/examples/rclcpp/actions/minimal_action_server) by extensions ['colcon_meta']
[2.997s] Level 1:colcon.colcon_core.package_identification:_identify(src/examples/rclcpp/actions/minimal_action_server) by extension 'colcon_meta'
[2.997s] Level 1:colcon.colcon_core.package_identification:_identify(src/examples/rclcpp/actions/minimal_action_server) by extensions ['ros']
[2.997s] Level 1:colcon.colcon_core.package_identification:_identify(src/examples/rclcpp/actions/minimal_action_server) by extension 'ros'
[2.998s] DEBUG:colcon.colcon_core.package_identification:Package 'src/examples/rclcpp/actions/minimal_action_server' with type 'ros.ament_cmake' and name 'examples_rclcpp_minimal_action_server'
[2.998s] Level 1:colcon.colcon_core.package_identification:_identify(src/examples/rclcpp/composition) by extensions ['ignore', 'ignore_ament_install']
[2.998s] Level 1:colcon.colcon_core.package_identification:_identify(src/examples/rclcpp/composition) by extension 'ignore'
[2.998s] Level 1:colcon.colcon_core.package_identification:_identify(src/examples/rclcpp/composition) by extension 'ignore_ament_install'
[2.998s] Level 1:colcon.colcon_core.package_identification:_identify(src/examples/rclcpp/composition) by extensions ['colcon_pkg']
[2.998s] Level 1:colcon.colcon_core.package_identification:_identify(src/examples/rclcpp/composition) by extension 'colcon_pkg'
[2.998s] Level 1:colcon.colcon_core.package_identification:_identify(src/examples/rclcpp/composition) by extensions ['colcon_meta']
[2.998s] Level 1:colcon.colcon_core.package_identification:_identify(src/examples/rclcpp/composition) by extension 'colcon_meta'
[2.998s] Level 1:colcon.colcon_core.package_identification:_identify(src/examples/rclcpp/composition) by extensions ['ros']
[2.998s] Level 1:colcon.colcon_core.package_identification:_identify(src/examples/rclcpp/composition) by extension 'ros'
[2.998s] Level 1:colcon.colcon_core.package_identification:_identify(src/examples/rclcpp/composition) by extensions ['cmake', 'python']
[2.998s] Level 1:colcon.colcon_core.package_identification:_identify(src/examples/rclcpp/composition) by extension 'cmake'
[2.998s] Level 1:colcon.colcon_core.package_identification:_identify(src/examples/rclcpp/composition) by extension 'python'
[2.998s] Level 1:colcon.colcon_core.package_identification:_identify(src/examples/rclcpp/composition) by extensions ['python_setup_py']
[2.998s] Level 1:colcon.colcon_core.package_identification:_identify(src/examples/rclcpp/composition) by extension 'python_setup_py'
[2.999s] Level 1:colcon.colcon_core.package_identification:_identify(src/examples/rclcpp/composition/minimal_composition) by extensions ['ignore', 'ignore_ament_install']
[2.999s] Level 1:colcon.colcon_core.package_identification:_identify(src/examples/rclcpp/composition/minimal_composition) by extension 'ignore'
[2.999s] Level 1:colcon.colcon_core.package_identification:_identify(src/examples/rclcpp/composition/minimal_composition) by extension 'ignore_ament_install'
[2.999s] Level 1:colcon.colcon_core.package_identification:_identify(src/examples/rclcpp/composition/minimal_composition) by extensions ['colcon_pkg']
[2.999s] Level 1:colcon.colcon_core.package_identification:_identify(src/examples/rclcpp/composition/minimal_composition) by extension 'colcon_pkg'
[2.999s] Level 1:colcon.colcon_core.package_identification:_identify(src/examples/rclcpp/composition/minimal_composition) by extensions ['colcon_meta']
[2.999s] Level 1:colcon.colcon_core.package_identification:_identify(src/examples/rclcpp/composition/minimal_composition) by extension 'colcon_meta'
[2.999s] Level 1:colcon.colcon_core.package_identification:_identify(src/examples/rclcpp/composition/minimal_composition) by extensions ['ros']
[2.999s] Level 1:colcon.colcon_core.package_identification:_identify(src/examples/rclcpp/composition/minimal_composition) by extension 'ros'
[3.000s] DEBUG:colcon.colcon_core.package_identification:Package 'src/examples/rclcpp/composition/minimal_composition' with type 'ros.ament_cmake' and name 'examples_rclcpp_minimal_composition'
[3.000s] Level 1:colcon.colcon_core.package_identification:_identify(src/examples/rclcpp/executors) by extensions ['ignore', 'ignore_ament_install']
[3.000s] Level 1:colcon.colcon_core.package_identification:_identify(src/examples/rclcpp/executors) by extension 'ignore'
[3.000s] Level 1:colcon.colcon_core.package_identification:_identify(src/examples/rclcpp/executors) by extension 'ignore_ament_install'
[3.000s] Level 1:colcon.colcon_core.package_identification:_identify(src/examples/rclcpp/executors) by extensions ['colcon_pkg']
[3.000s] Level 1:colcon.colcon_core.package_identification:_identify(src/examples/rclcpp/executors) by extension 'colcon_pkg'
[3.000s] Level 1:colcon.colcon_core.package_identification:_identify(src/examples/rclcpp/executors) by extensions ['colcon_meta']
[3.000s] Level 1:colcon.colcon_core.package_identification:_identify(src/examples/rclcpp/executors) by extension 'colcon_meta'
[3.000s] Level 1:colcon.colcon_core.package_identification:_identify(src/examples/rclcpp/executors) by extensions ['ros']
[3.000s] Level 1:colcon.colcon_core.package_identification:_identify(src/examples/rclcpp/executors) by extension 'ros'
[3.000s] Level 1:colcon.colcon_core.package_identification:_identify(src/examples/rclcpp/executors) by extensions ['cmake', 'python']
[3.000s] Level 1:colcon.colcon_core.package_identification:_identify(src/examples/rclcpp/executors) by extension 'cmake'
[3.000s] Level 1:colcon.colcon_core.package_identification:_identify(src/examples/rclcpp/executors) by extension 'python'
[3.000s] Level 1:colcon.colcon_core.package_identification:_identify(src/examples/rclcpp/executors) by extensions ['python_setup_py']
[3.000s] Level 1:colcon.colcon_core.package_identification:_identify(src/examples/rclcpp/executors) by extension 'python_setup_py'
[3.001s] Level 1:colcon.colcon_core.package_identification:_identify(src/examples/rclcpp/executors/cbg_executor) by extensions ['ignore', 'ignore_ament_install']
[3.001s] Level 1:colcon.colcon_core.package_identification:_identify(src/examples/rclcpp/executors/cbg_executor) by extension 'ignore'
[3.001s] Level 1:colcon.colcon_core.package_identification:_identify(src/examples/rclcpp/executors/cbg_executor) by extension 'ignore_ament_install'
[3.001s] Level 1:colcon.colcon_core.package_identification:_identify(src/examples/rclcpp/executors/cbg_executor) by extensions ['colcon_pkg']
[3.001s] Level 1:colcon.colcon_core.package_identification:_identify(src/examples/rclcpp/executors/cbg_executor) by extension 'colcon_pkg'
[3.001s] Level 1:colcon.colcon_core.package_identification:_identify(src/examples/rclcpp/executors/cbg_executor) by extensions ['colcon_meta']
[3.001s] Level 1:colcon.colcon_core.package_identification:_identify(src/examples/rclcpp/executors/cbg_executor) by extension 'colcon_meta'
[3.001s] Level 1:colcon.colcon_core.package_identification:_identify(src/examples/rclcpp/executors/cbg_executor) by extensions ['ros']
[3.001s] Level 1:colcon.colcon_core.package_identification:_identify(src/examples/rclcpp/executors/cbg_executor) by extension 'ros'
[3.002s] DEBUG:colcon.colcon_core.package_identification:Package 'src/examples/rclcpp/executors/cbg_executor' with type 'ros.ament_cmake' and name 'examples_rclcpp_cbg_executor'
[3.002s] Level 1:colcon.colcon_core.package_identification:_identify(src/examples/rclcpp/executors/multithreaded_executor) by extensions ['ignore', 'ignore_ament_install']
[3.002s] Level 1:colcon.colcon_core.package_identification:_identify(src/examples/rclcpp/executors/multithreaded_executor) by extension 'ignore'
[3.002s] Level 1:colcon.colcon_core.package_identification:_identify(src/examples/rclcpp/executors/multithreaded_executor) by extension 'ignore_ament_install'
[3.002s] Level 1:colcon.colcon_core.package_identification:_identify(src/examples/rclcpp/executors/multithreaded_executor) by extensions ['colcon_pkg']
[3.002s] Level 1:colcon.colcon_core.package_identification:_identify(src/examples/rclcpp/executors/multithreaded_executor) by extension 'colcon_pkg'
[3.002s] Level 1:colcon.colcon_core.package_identification:_identify(src/examples/rclcpp/executors/multithreaded_executor) by extensions ['colcon_meta']
[3.002s] Level 1:colcon.colcon_core.package_identification:_identify(src/examples/rclcpp/executors/multithreaded_executor) by extension 'colcon_meta'
[3.002s] Level 1:colcon.colcon_core.package_identification:_identify(src/examples/rclcpp/executors/multithreaded_executor) by extensions ['ros']
[3.002s] Level 1:colcon.colcon_core.package_identification:_identify(src/examples/rclcpp/executors/multithreaded_executor) by extension 'ros'
[3.003s] DEBUG:colcon.colcon_core.package_identification:Package 'src/examples/rclcpp/executors/multithreaded_executor' with type 'ros.ament_cmake' and name 'examples_rclcpp_multithreaded_executor'
[3.003s] Level 1:colcon.colcon_core.package_identification:_identify(src/examples/rclcpp/services) by extensions ['ignore', 'ignore_ament_install']
[3.003s] Level 1:colcon.colcon_core.package_identification:_identify(src/examples/rclcpp/services) by extension 'ignore'
[3.003s] Level 1:colcon.colcon_core.package_identification:_identify(src/examples/rclcpp/services) by extension 'ignore_ament_install'
[3.003s] Level 1:colcon.colcon_core.package_identification:_identify(src/examples/rclcpp/services) by extensions ['colcon_pkg']
[3.003s] Level 1:colcon.colcon_core.package_identification:_identify(src/examples/rclcpp/services) by extension 'colcon_pkg'
[3.003s] Level 1:colcon.colcon_core.package_identification:_identify(src/examples/rclcpp/services) by extensions ['colcon_meta']
[3.003s] Level 1:colcon.colcon_core.package_identification:_identify(src/examples/rclcpp/services) by extension 'colcon_meta'
[3.003s] Level 1:colcon.colcon_core.package_identification:_identify(src/examples/rclcpp/services) by extensions ['ros']
[3.004s] Level 1:colcon.colcon_core.package_identification:_identify(src/examples/rclcpp/services) by extension 'ros'
[3.004s] Level 1:colcon.colcon_core.package_identification:_identify(src/examples/rclcpp/services) by extensions ['cmake', 'python']
[3.004s] Level 1:colcon.colcon_core.package_identification:_identify(src/examples/rclcpp/services) by extension 'cmake'
[3.004s] Level 1:colcon.colcon_core.package_identification:_identify(src/examples/rclcpp/services) by extension 'python'
[3.004s] Level 1:colcon.colcon_core.package_identification:_identify(src/examples/rclcpp/services) by extensions ['python_setup_py']
[3.004s] Level 1:colcon.colcon_core.package_identification:_identify(src/examples/rclcpp/services) by extension 'python_setup_py'
[3.004s] Level 1:colcon.colcon_core.package_identification:_identify(src/examples/rclcpp/services/async_client) by extensions ['ignore', 'ignore_ament_install']
[3.004s] Level 1:colcon.colcon_core.package_identification:_identify(src/examples/rclcpp/services/async_client) by extension 'ignore'
[3.004s] Level 1:colcon.colcon_core.package_identification:_identify(src/examples/rclcpp/services/async_client) by extension 'ignore_ament_install'
[3.004s] Level 1:colcon.colcon_core.package_identification:_identify(src/examples/rclcpp/services/async_client) by extensions ['colcon_pkg']
[3.004s] Level 1:colcon.colcon_core.package_identification:_identify(src/examples/rclcpp/services/async_client) by extension 'colcon_pkg'
[3.004s] Level 1:colcon.colcon_core.package_identification:_identify(src/examples/rclcpp/services/async_client) by extensions ['colcon_meta']
[3.004s] Level 1:colcon.colcon_core.package_identification:_identify(src/examples/rclcpp/services/async_client) by extension 'colcon_meta'
[3.004s] Level 1:colcon.colcon_core.package_identification:_identify(src/examples/rclcpp/services/async_client) by extensions ['ros']
[3.004s] Level 1:colcon.colcon_core.package_identification:_identify(src/examples/rclcpp/services/async_client) by extension 'ros'
[3.005s] DEBUG:colcon.colcon_core.package_identification:Package 'src/examples/rclcpp/services/async_client' with type 'ros.ament_cmake' and name 'examples_rclcpp_async_client'
[3.005s] Level 1:colcon.colcon_core.package_identification:_identify(src/examples/rclcpp/services/minimal_client) by extensions ['ignore', 'ignore_ament_install']
[3.005s] Level 1:colcon.colcon_core.package_identification:_identify(src/examples/rclcpp/services/minimal_client) by extension 'ignore'
[3.005s] Level 1:colcon.colcon_core.package_identification:_identify(src/examples/rclcpp/services/minimal_client) by extension 'ignore_ament_install'
[3.006s] Level 1:colcon.colcon_core.package_identification:_identify(src/examples/rclcpp/services/minimal_client) by extensions ['colcon_pkg']
[3.006s] Level 1:colcon.colcon_core.package_identification:_identify(src/examples/rclcpp/services/minimal_client) by extension 'colcon_pkg'
[3.006s] Level 1:colcon.colcon_core.package_identification:_identify(src/examples/rclcpp/services/minimal_client) by extensions ['colcon_meta']
[3.006s] Level 1:colcon.colcon_core.package_identification:_identify(src/examples/rclcpp/services/minimal_client) by extension 'colcon_meta'
[3.006s] Level 1:colcon.colcon_core.package_identification:_identify(src/examples/rclcpp/services/minimal_client) by extensions ['ros']
[3.006s] Level 1:colcon.colcon_core.package_identification:_identify(src/examples/rclcpp/services/minimal_client) by extension 'ros'
[3.006s] DEBUG:colcon.colcon_core.package_identification:Package 'src/examples/rclcpp/services/minimal_client' with type 'ros.ament_cmake' and name 'examples_rclcpp_minimal_client'
[3.006s] Level 1:colcon.colcon_core.package_identification:_identify(src/examples/rclcpp/services/minimal_service) by extensions ['ignore', 'ignore_ament_install']
[3.007s] Level 1:colcon.colcon_core.package_identification:_identify(src/examples/rclcpp/services/minimal_service) by extension 'ignore'
[3.007s] Level 1:colcon.colcon_core.package_identification:_identify(src/examples/rclcpp/services/minimal_service) by extension 'ignore_ament_install'
[3.007s] Level 1:colcon.colcon_core.package_identification:_identify(src/examples/rclcpp/services/minimal_service) by extensions ['colcon_pkg']
[3.007s] Level 1:colcon.colcon_core.package_identification:_identify(src/examples/rclcpp/services/minimal_service) by extension 'colcon_pkg'
[3.007s] Level 1:colcon.colcon_core.package_identification:_identify(src/examples/rclcpp/services/minimal_service) by extensions ['colcon_meta']
[3.007s] Level 1:colcon.colcon_core.package_identification:_identify(src/examples/rclcpp/services/minimal_service) by extension 'colcon_meta'
[3.007s] Level 1:colcon.colcon_core.package_identification:_identify(src/examples/rclcpp/services/minimal_service) by extensions ['ros']
[3.007s] Level 1:colcon.colcon_core.package_identification:_identify(src/examples/rclcpp/services/minimal_service) by extension 'ros'
[3.007s] DEBUG:colcon.colcon_core.package_identification:Package 'src/examples/rclcpp/services/minimal_service' with type 'ros.ament_cmake' and name 'examples_rclcpp_minimal_service'
[3.008s] Level 1:colcon.colcon_core.package_identification:_identify(src/examples/rclcpp/timers) by extensions ['ignore', 'ignore_ament_install']
[3.008s] Level 1:colcon.colcon_core.package_identification:_identify(src/examples/rclcpp/timers) by extension 'ignore'
[3.008s] Level 1:colcon.colcon_core.package_identification:_identify(src/examples/rclcpp/timers) by extension 'ignore_ament_install'
[3.008s] Level 1:colcon.colcon_core.package_identification:_identify(src/examples/rclcpp/timers) by extensions ['colcon_pkg']
[3.008s] Level 1:colcon.colcon_core.package_identification:_identify(src/examples/rclcpp/timers) by extension 'colcon_pkg'
[3.008s] Level 1:colcon.colcon_core.package_identification:_identify(src/examples/rclcpp/timers) by extensions ['colcon_meta']
[3.008s] Level 1:colcon.colcon_core.package_identification:_identify(src/examples/rclcpp/timers) by extension 'colcon_meta'
[3.008s] Level 1:colcon.colcon_core.package_identification:_identify(src/examples/rclcpp/timers) by extensions ['ros']
[3.008s] Level 1:colcon.colcon_core.package_identification:_identify(src/examples/rclcpp/timers) by extension 'ros'
[3.008s] Level 1:colcon.colcon_core.package_identification:_identify(src/examples/rclcpp/timers) by extensions ['cmake', 'python']
[3.008s] Level 1:colcon.colcon_core.package_identification:_identify(src/examples/rclcpp/timers) by extension 'cmake'
[3.008s] Level 1:colcon.colcon_core.package_identification:_identify(src/examples/rclcpp/timers) by extension 'python'
[3.008s] Level 1:colcon.colcon_core.package_identification:_identify(src/examples/rclcpp/timers) by extensions ['python_setup_py']
[3.008s] Level 1:colcon.colcon_core.package_identification:_identify(src/examples/rclcpp/timers) by extension 'python_setup_py'
[3.009s] Level 1:colcon.colcon_core.package_identification:_identify(src/examples/rclcpp/timers/minimal_timer) by extensions ['ignore', 'ignore_ament_install']
[3.009s] Level 1:colcon.colcon_core.package_identification:_identify(src/examples/rclcpp/timers/minimal_timer) by extension 'ignore'
[3.009s] Level 1:colcon.colcon_core.package_identification:_identify(src/examples/rclcpp/timers/minimal_timer) by extension 'ignore_ament_install'
[3.009s] Level 1:colcon.colcon_core.package_identification:_identify(src/examples/rclcpp/timers/minimal_timer) by extensions ['colcon_pkg']
[3.009s] Level 1:colcon.colcon_core.package_identification:_identify(src/examples/rclcpp/timers/minimal_timer) by extension 'colcon_pkg'
[3.009s] Level 1:colcon.colcon_core.package_identification:_identify(src/examples/rclcpp/timers/minimal_timer) by extensions ['colcon_meta']
[3.009s] Level 1:colcon.colcon_core.package_identification:_identify(src/examples/rclcpp/timers/minimal_timer) by extension 'colcon_meta'
[3.009s] Level 1:colcon.colcon_core.package_identification:_identify(src/examples/rclcpp/timers/minimal_timer) by extensions ['ros']
[3.009s] Level 1:colcon.colcon_core.package_identification:_identify(src/examples/rclcpp/timers/minimal_timer) by extension 'ros'
[3.010s] DEBUG:colcon.colcon_core.package_identification:Package 'src/examples/rclcpp/timers/minimal_timer' with type 'ros.ament_cmake' and name 'examples_rclcpp_minimal_timer'
[3.010s] Level 1:colcon.colcon_core.package_identification:_identify(src/examples/rclcpp/topics) by extensions ['ignore', 'ignore_ament_install']
[3.010s] Level 1:colcon.colcon_core.package_identification:_identify(src/examples/rclcpp/topics) by extension 'ignore'
[3.010s] Level 1:colcon.colcon_core.package_identification:_identify(src/examples/rclcpp/topics) by extension 'ignore_ament_install'
[3.010s] Level 1:colcon.colcon_core.package_identification:_identify(src/examples/rclcpp/topics) by extensions ['colcon_pkg']
[3.010s] Level 1:colcon.colcon_core.package_identification:_identify(src/examples/rclcpp/topics) by extension 'colcon_pkg'
[3.010s] Level 1:colcon.colcon_core.package_identification:_identify(src/examples/rclcpp/topics) by extensions ['colcon_meta']
[3.010s] Level 1:colcon.colcon_core.package_identification:_identify(src/examples/rclcpp/topics) by extension 'colcon_meta'
[3.010s] Level 1:colcon.colcon_core.package_identification:_identify(src/examples/rclcpp/topics) by extensions ['ros']
[3.010s] Level 1:colcon.colcon_core.package_identification:_identify(src/examples/rclcpp/topics) by extension 'ros'
[3.010s] Level 1:colcon.colcon_core.package_identification:_identify(src/examples/rclcpp/topics) by extensions ['cmake', 'python']
[3.010s] Level 1:colcon.colcon_core.package_identification:_identify(src/examples/rclcpp/topics) by extension 'cmake'
[3.010s] Level 1:colcon.colcon_core.package_identification:_identify(src/examples/rclcpp/topics) by extension 'python'
[3.010s] Level 1:colcon.colcon_core.package_identification:_identify(src/examples/rclcpp/topics) by extensions ['python_setup_py']
[3.010s] Level 1:colcon.colcon_core.package_identification:_identify(src/examples/rclcpp/topics) by extension 'python_setup_py'
[3.011s] Level 1:colcon.colcon_core.package_identification:_identify(src/examples/rclcpp/topics/minimal_publisher) by extensions ['ignore', 'ignore_ament_install']
[3.011s] Level 1:colcon.colcon_core.package_identification:_identify(src/examples/rclcpp/topics/minimal_publisher) by extension 'ignore'
[3.011s] Level 1:colcon.colcon_core.package_identification:_identify(src/examples/rclcpp/topics/minimal_publisher) by extension 'ignore_ament_install'
[3.011s] Level 1:colcon.colcon_core.package_identification:_identify(src/examples/rclcpp/topics/minimal_publisher) by extensions ['colcon_pkg']
[3.011s] Level 1:colcon.colcon_core.package_identification:_identify(src/examples/rclcpp/topics/minimal_publisher) by extension 'colcon_pkg'
[3.011s] Level 1:colcon.colcon_core.package_identification:_identify(src/examples/rclcpp/topics/minimal_publisher) by extensions ['colcon_meta']
[3.011s] Level 1:colcon.colcon_core.package_identification:_identify(src/examples/rclcpp/topics/minimal_publisher) by extension 'colcon_meta'
[3.011s] Level 1:colcon.colcon_core.package_identification:_identify(src/examples/rclcpp/topics/minimal_publisher) by extensions ['ros']
[3.011s] Level 1:colcon.colcon_core.package_identification:_identify(src/examples/rclcpp/topics/minimal_publisher) by extension 'ros'
[3.012s] DEBUG:colcon.colcon_core.package_identification:Package 'src/examples/rclcpp/topics/minimal_publisher' with type 'ros.ament_cmake' and name 'examples_rclcpp_minimal_publisher'
[3.012s] Level 1:colcon.colcon_core.package_identification:_identify(src/examples/rclcpp/topics/minimal_subscriber) by extensions ['ignore', 'ignore_ament_install']
[3.012s] Level 1:colcon.colcon_core.package_identification:_identify(src/examples/rclcpp/topics/minimal_subscriber) by extension 'ignore'
[3.012s] Level 1:colcon.colcon_core.package_identification:_identify(src/examples/rclcpp/topics/minimal_subscriber) by extension 'ignore_ament_install'
[3.012s] Level 1:colcon.colcon_core.package_identification:_identify(src/examples/rclcpp/topics/minimal_subscriber) by extensions ['colcon_pkg']
[3.012s] Level 1:colcon.colcon_core.package_identification:_identify(src/examples/rclcpp/topics/minimal_subscriber) by extension 'colcon_pkg'
[3.012s] Level 1:colcon.colcon_core.package_identification:_identify(src/examples/rclcpp/topics/minimal_subscriber) by extensions ['colcon_meta']
[3.012s] Level 1:colcon.colcon_core.package_identification:_identify(src/examples/rclcpp/topics/minimal_subscriber) by extension 'colcon_meta'
[3.012s] Level 1:colcon.colcon_core.package_identification:_identify(src/examples/rclcpp/topics/minimal_subscriber) by extensions ['ros']
[3.012s] Level 1:colcon.colcon_core.package_identification:_identify(src/examples/rclcpp/topics/minimal_subscriber) by extension 'ros'
[3.013s] DEBUG:colcon.colcon_core.package_identification:Package 'src/examples/rclcpp/topics/minimal_subscriber' with type 'ros.ament_cmake' and name 'examples_rclcpp_minimal_subscriber'
[3.013s] Level 1:colcon.colcon_core.package_identification:_identify(src/examples/rclcpp/wait_set) by extensions ['ignore', 'ignore_ament_install']
[3.013s] Level 1:colcon.colcon_core.package_identification:_identify(src/examples/rclcpp/wait_set) by extension 'ignore'
[3.013s] Level 1:colcon.colcon_core.package_identification:_identify(src/examples/rclcpp/wait_set) by extension 'ignore_ament_install'
[3.013s] Level 1:colcon.colcon_core.package_identification:_identify(src/examples/rclcpp/wait_set) by extensions ['colcon_pkg']
[3.013s] Level 1:colcon.colcon_core.package_identification:_identify(src/examples/rclcpp/wait_set) by extension 'colcon_pkg'
[3.013s] Level 1:colcon.colcon_core.package_identification:_identify(src/examples/rclcpp/wait_set) by extensions ['colcon_meta']
[3.013s] Level 1:colcon.colcon_core.package_identification:_identify(src/examples/rclcpp/wait_set) by extension 'colcon_meta'
[3.014s] Level 1:colcon.colcon_core.package_identification:_identify(src/examples/rclcpp/wait_set) by extensions ['ros']
[3.014s] Level 1:colcon.colcon_core.package_identification:_identify(src/examples/rclcpp/wait_set) by extension 'ros'
[3.014s] DEBUG:colcon.colcon_core.package_identification:Package 'src/examples/rclcpp/wait_set' with type 'ros.ament_cmake' and name 'examples_rclcpp_wait_set'
[3.014s] Level 1:colcon.colcon_core.package_identification:_identify(src/examples/rclpy) by extensions ['ignore', 'ignore_ament_install']
[3.014s] Level 1:colcon.colcon_core.package_identification:_identify(src/examples/rclpy) by extension 'ignore'
[3.015s] Level 1:colcon.colcon_core.package_identification:_identify(src/examples/rclpy) by extension 'ignore_ament_install'
[3.015s] Level 1:colcon.colcon_core.package_identification:_identify(src/examples/rclpy) by extensions ['colcon_pkg']
[3.015s] Level 1:colcon.colcon_core.package_identification:_identify(src/examples/rclpy) by extension 'colcon_pkg'
[3.015s] Level 1:colcon.colcon_core.package_identification:_identify(src/examples/rclpy) by extensions ['colcon_meta']
[3.015s] Level 1:colcon.colcon_core.package_identification:_identify(src/examples/rclpy) by extension 'colcon_meta'
[3.015s] Level 1:colcon.colcon_core.package_identification:_identify(src/examples/rclpy) by extensions ['ros']
[3.015s] Level 1:colcon.colcon_core.package_identification:_identify(src/examples/rclpy) by extension 'ros'
[3.015s] Level 1:colcon.colcon_core.package_identification:_identify(src/examples/rclpy) by extensions ['cmake', 'python']
[3.015s] Level 1:colcon.colcon_core.package_identification:_identify(src/examples/rclpy) by extension 'cmake'
[3.015s] Level 1:colcon.colcon_core.package_identification:_identify(src/examples/rclpy) by extension 'python'
[3.015s] Level 1:colcon.colcon_core.package_identification:_identify(src/examples/rclpy) by extensions ['python_setup_py']
[3.015s] Level 1:colcon.colcon_core.package_identification:_identify(src/examples/rclpy) by extension 'python_setup_py'
[3.015s] Level 1:colcon.colcon_core.package_identification:_identify(src/examples/rclpy/actions) by extensions ['ignore', 'ignore_ament_install']
[3.015s] Level 1:colcon.colcon_core.package_identification:_identify(src/examples/rclpy/actions) by extension 'ignore'
[3.015s] Level 1:colcon.colcon_core.package_identification:_identify(src/examples/rclpy/actions) by extension 'ignore_ament_install'
[3.015s] Level 1:colcon.colcon_core.package_identification:_identify(src/examples/rclpy/actions) by extensions ['colcon_pkg']
[3.015s] Level 1:colcon.colcon_core.package_identification:_identify(src/examples/rclpy/actions) by extension 'colcon_pkg'
[3.016s] Level 1:colcon.colcon_core.package_identification:_identify(src/examples/rclpy/actions) by extensions ['colcon_meta']
[3.016s] Level 1:colcon.colcon_core.package_identification:_identify(src/examples/rclpy/actions) by extension 'colcon_meta'
[3.016s] Level 1:colcon.colcon_core.package_identification:_identify(src/examples/rclpy/actions) by extensions ['ros']
[3.016s] Level 1:colcon.colcon_core.package_identification:_identify(src/examples/rclpy/actions) by extension 'ros'
[3.016s] Level 1:colcon.colcon_core.package_identification:_identify(src/examples/rclpy/actions) by extensions ['cmake', 'python']
[3.016s] Level 1:colcon.colcon_core.package_identification:_identify(src/examples/rclpy/actions) by extension 'cmake'
[3.016s] Level 1:colcon.colcon_core.package_identification:_identify(src/examples/rclpy/actions) by extension 'python'
[3.016s] Level 1:colcon.colcon_core.package_identification:_identify(src/examples/rclpy/actions) by extensions ['python_setup_py']
[3.016s] Level 1:colcon.colcon_core.package_identification:_identify(src/examples/rclpy/actions) by extension 'python_setup_py'
[3.016s] Level 1:colcon.colcon_core.package_identification:_identify(src/examples/rclpy/actions/minimal_action_client) by extensions ['ignore', 'ignore_ament_install']
[3.016s] Level 1:colcon.colcon_core.package_identification:_identify(src/examples/rclpy/actions/minimal_action_client) by extension 'ignore'
[3.016s] Level 1:colcon.colcon_core.package_identification:_identify(src/examples/rclpy/actions/minimal_action_client) by extension 'ignore_ament_install'
[3.016s] Level 1:colcon.colcon_core.package_identification:_identify(src/examples/rclpy/actions/minimal_action_client) by extensions ['colcon_pkg']
[3.016s] Level 1:colcon.colcon_core.package_identification:_identify(src/examples/rclpy/actions/minimal_action_client) by extension 'colcon_pkg'
[3.016s] Level 1:colcon.colcon_core.package_identification:_identify(src/examples/rclpy/actions/minimal_action_client) by extensions ['colcon_meta']
[3.016s] Level 1:colcon.colcon_core.package_identification:_identify(src/examples/rclpy/actions/minimal_action_client) by extension 'colcon_meta'
[3.016s] Level 1:colcon.colcon_core.package_identification:_identify(src/examples/rclpy/actions/minimal_action_client) by extensions ['ros']
[3.016s] Level 1:colcon.colcon_core.package_identification:_identify(src/examples/rclpy/actions/minimal_action_client) by extension 'ros'
[3.017s] DEBUG:colcon.colcon_core.package_identification:Package 'src/examples/rclpy/actions/minimal_action_client' with type 'ros.ament_python' and name 'examples_rclpy_minimal_action_client'
[3.017s] Level 1:colcon.colcon_core.package_identification:_identify(src/examples/rclpy/actions/minimal_action_server) by extensions ['ignore', 'ignore_ament_install']
[3.017s] Level 1:colcon.colcon_core.package_identification:_identify(src/examples/rclpy/actions/minimal_action_server) by extension 'ignore'
[3.017s] Level 1:colcon.colcon_core.package_identification:_identify(src/examples/rclpy/actions/minimal_action_server) by extension 'ignore_ament_install'
[3.018s] Level 1:colcon.colcon_core.package_identification:_identify(src/examples/rclpy/actions/minimal_action_server) by extensions ['colcon_pkg']
[3.018s] Level 1:colcon.colcon_core.package_identification:_identify(src/examples/rclpy/actions/minimal_action_server) by extension 'colcon_pkg'
[3.018s] Level 1:colcon.colcon_core.package_identification:_identify(src/examples/rclpy/actions/minimal_action_server) by extensions ['colcon_meta']
[3.018s] Level 1:colcon.colcon_core.package_identification:_identify(src/examples/rclpy/actions/minimal_action_server) by extension 'colcon_meta'
[3.018s] Level 1:colcon.colcon_core.package_identification:_identify(src/examples/rclpy/actions/minimal_action_server) by extensions ['ros']
[3.018s] Level 1:colcon.colcon_core.package_identification:_identify(src/examples/rclpy/actions/minimal_action_server) by extension 'ros'
[3.018s] DEBUG:colcon.colcon_core.package_identification:Package 'src/examples/rclpy/actions/minimal_action_server' with type 'ros.ament_python' and name 'examples_rclpy_minimal_action_server'
[3.018s] Level 1:colcon.colcon_core.package_identification:_identify(src/examples/rclpy/executors) by extensions ['ignore', 'ignore_ament_install']
[3.019s] Level 1:colcon.colcon_core.package_identification:_identify(src/examples/rclpy/executors) by extension 'ignore'
[3.019s] Level 1:colcon.colcon_core.package_identification:_identify(src/examples/rclpy/executors) by extension 'ignore_ament_install'
[3.019s] Level 1:colcon.colcon_core.package_identification:_identify(src/examples/rclpy/executors) by extensions ['colcon_pkg']
[3.019s] Level 1:colcon.colcon_core.package_identification:_identify(src/examples/rclpy/executors) by extension 'colcon_pkg'
[3.019s] Level 1:colcon.colcon_core.package_identification:_identify(src/examples/rclpy/executors) by extensions ['colcon_meta']
[3.019s] Level 1:colcon.colcon_core.package_identification:_identify(src/examples/rclpy/executors) by extension 'colcon_meta'
[3.019s] Level 1:colcon.colcon_core.package_identification:_identify(src/examples/rclpy/executors) by extensions ['ros']
[3.019s] Level 1:colcon.colcon_core.package_identification:_identify(src/examples/rclpy/executors) by extension 'ros'
[3.019s] DEBUG:colcon.colcon_core.package_identification:Package 'src/examples/rclpy/executors' with type 'ros.ament_python' and name 'examples_rclpy_executors'
[3.020s] Level 1:colcon.colcon_core.package_identification:_identify(src/examples/rclpy/guard_conditions) by extensions ['ignore', 'ignore_ament_install']
[3.020s] Level 1:colcon.colcon_core.package_identification:_identify(src/examples/rclpy/guard_conditions) by extension 'ignore'
[3.020s] Level 1:colcon.colcon_core.package_identification:_identify(src/examples/rclpy/guard_conditions) by extension 'ignore_ament_install'
[3.020s] Level 1:colcon.colcon_core.package_identification:_identify(src/examples/rclpy/guard_conditions) by extensions ['colcon_pkg']
[3.020s] Level 1:colcon.colcon_core.package_identification:_identify(src/examples/rclpy/guard_conditions) by extension 'colcon_pkg'
[3.020s] Level 1:colcon.colcon_core.package_identification:_identify(src/examples/rclpy/guard_conditions) by extensions ['colcon_meta']
[3.020s] Level 1:colcon.colcon_core.package_identification:_identify(src/examples/rclpy/guard_conditions) by extension 'colcon_meta'
[3.020s] Level 1:colcon.colcon_core.package_identification:_identify(src/examples/rclpy/guard_conditions) by extensions ['ros']
[3.020s] Level 1:colcon.colcon_core.package_identification:_identify(src/examples/rclpy/guard_conditions) by extension 'ros'
[3.021s] DEBUG:colcon.colcon_core.package_identification:Package 'src/examples/rclpy/guard_conditions' with type 'ros.ament_python' and name 'examples_rclpy_guard_conditions'
[3.021s] Level 1:colcon.colcon_core.package_identification:_identify(src/examples/rclpy/services) by extensions ['ignore', 'ignore_ament_install']
[3.021s] Level 1:colcon.colcon_core.package_identification:_identify(src/examples/rclpy/services) by extension 'ignore'
[3.021s] Level 1:colcon.colcon_core.package_identification:_identify(src/examples/rclpy/services) by extension 'ignore_ament_install'
[3.021s] Level 1:colcon.colcon_core.package_identification:_identify(src/examples/rclpy/services) by extensions ['colcon_pkg']
[3.021s] Level 1:colcon.colcon_core.package_identification:_identify(src/examples/rclpy/services) by extension 'colcon_pkg'
[3.021s] Level 1:colcon.colcon_core.package_identification:_identify(src/examples/rclpy/services) by extensions ['colcon_meta']
[3.021s] Level 1:colcon.colcon_core.package_identification:_identify(src/examples/rclpy/services) by extension 'colcon_meta'
[3.022s] Level 1:colcon.colcon_core.package_identification:_identify(src/examples/rclpy/services) by extensions ['ros']
[3.022s] Level 1:colcon.colcon_core.package_identification:_identify(src/examples/rclpy/services) by extension 'ros'
[3.022s] Level 1:colcon.colcon_core.package_identification:_identify(src/examples/rclpy/services) by extensions ['cmake', 'python']
[3.022s] Level 1:colcon.colcon_core.package_identification:_identify(src/examples/rclpy/services) by extension 'cmake'
[3.022s] Level 1:colcon.colcon_core.package_identification:_identify(src/examples/rclpy/services) by extension 'python'
[3.022s] Level 1:colcon.colcon_core.package_identification:_identify(src/examples/rclpy/services) by extensions ['python_setup_py']
[3.022s] Level 1:colcon.colcon_core.package_identification:_identify(src/examples/rclpy/services) by extension 'python_setup_py'
[3.022s] Level 1:colcon.colcon_core.package_identification:_identify(src/examples/rclpy/services/minimal_client) by extensions ['ignore', 'ignore_ament_install']
[3.022s] Level 1:colcon.colcon_core.package_identification:_identify(src/examples/rclpy/services/minimal_client) by extension 'ignore'
[3.022s] Level 1:colcon.colcon_core.package_identification:_identify(src/examples/rclpy/services/minimal_client) by extension 'ignore_ament_install'
[3.022s] Level 1:colcon.colcon_core.package_identification:_identify(src/examples/rclpy/services/minimal_client) by extensions ['colcon_pkg']
[3.023s] Level 1:colcon.colcon_core.package_identification:_identify(src/examples/rclpy/services/minimal_client) by extension 'colcon_pkg'
[3.023s] Level 1:colcon.colcon_core.package_identification:_identify(src/examples/rclpy/services/minimal_client) by extensions ['colcon_meta']
[3.023s] Level 1:colcon.colcon_core.package_identification:_identify(src/examples/rclpy/services/minimal_client) by extension 'colcon_meta'
[3.023s] Level 1:colcon.colcon_core.package_identification:_identify(src/examples/rclpy/services/minimal_client) by extensions ['ros']
[3.023s] Level 1:colcon.colcon_core.package_identification:_identify(src/examples/rclpy/services/minimal_client) by extension 'ros'
[3.023s] DEBUG:colcon.colcon_core.package_identification:Package 'src/examples/rclpy/services/minimal_client' with type 'ros.ament_python' and name 'examples_rclpy_minimal_client'
[3.024s] Level 1:colcon.colcon_core.package_identification:_identify(src/examples/rclpy/services/minimal_service) by extensions ['ignore', 'ignore_ament_install']
[3.024s] Level 1:colcon.colcon_core.package_identification:_identify(src/examples/rclpy/services/minimal_service) by extension 'ignore'
[3.024s] Level 1:colcon.colcon_core.package_identification:_identify(src/examples/rclpy/services/minimal_service) by extension 'ignore_ament_install'
[3.024s] Level 1:colcon.colcon_core.package_identification:_identify(src/examples/rclpy/services/minimal_service) by extensions ['colcon_pkg']
[3.024s] Level 1:colcon.colcon_core.package_identification:_identify(src/examples/rclpy/services/minimal_service) by extension 'colcon_pkg'
[3.024s] Level 1:colcon.colcon_core.package_identification:_identify(src/examples/rclpy/services/minimal_service) by extensions ['colcon_meta']
[3.024s] Level 1:colcon.colcon_core.package_identification:_identify(src/examples/rclpy/services/minimal_service) by extension 'colcon_meta'
[3.024s] Level 1:colcon.colcon_core.package_identification:_identify(src/examples/rclpy/services/minimal_service) by extensions ['ros']
[3.024s] Level 1:colcon.colcon_core.package_identification:_identify(src/examples/rclpy/services/minimal_service) by extension 'ros'
[3.025s] DEBUG:colcon.colcon_core.package_identification:Package 'src/examples/rclpy/services/minimal_service' with type 'ros.ament_python' and name 'examples_rclpy_minimal_service'
[3.025s] Level 1:colcon.colcon_core.package_identification:_identify(src/examples/rclpy/topics) by extensions ['ignore', 'ignore_ament_install']
[3.025s] Level 1:colcon.colcon_core.package_identification:_identify(src/examples/rclpy/topics) by extension 'ignore'
[3.025s] Level 1:colcon.colcon_core.package_identification:_identify(src/examples/rclpy/topics) by extension 'ignore_ament_install'
[3.025s] Level 1:colcon.colcon_core.package_identification:_identify(src/examples/rclpy/topics) by extensions ['colcon_pkg']
[3.025s] Level 1:colcon.colcon_core.package_identification:_identify(src/examples/rclpy/topics) by extension 'colcon_pkg'
[3.025s] Level 1:colcon.colcon_core.package_identification:_identify(src/examples/rclpy/topics) by extensions ['colcon_meta']
[3.025s] Level 1:colcon.colcon_core.package_identification:_identify(src/examples/rclpy/topics) by extension 'colcon_meta'
[3.025s] Level 1:colcon.colcon_core.package_identification:_identify(src/examples/rclpy/topics) by extensions ['ros']
[3.025s] Level 1:colcon.colcon_core.package_identification:_identify(src/examples/rclpy/topics) by extension 'ros'
[3.026s] Level 1:colcon.colcon_core.package_identification:_identify(src/examples/rclpy/topics) by extensions ['cmake', 'python']
[3.026s] Level 1:colcon.colcon_core.package_identification:_identify(src/examples/rclpy/topics) by extension 'cmake'
[3.026s] Level 1:colcon.colcon_core.package_identification:_identify(src/examples/rclpy/topics) by extension 'python'
[3.026s] Level 1:colcon.colcon_core.package_identification:_identify(src/examples/rclpy/topics) by extensions ['python_setup_py']
[3.026s] Level 1:colcon.colcon_core.package_identification:_identify(src/examples/rclpy/topics) by extension 'python_setup_py'
[3.026s] Level 1:colcon.colcon_core.package_identification:_identify(src/examples/rclpy/topics/minimal_publisher) by extensions ['ignore', 'ignore_ament_install']
[3.026s] Level 1:colcon.colcon_core.package_identification:_identify(src/examples/rclpy/topics/minimal_publisher) by extension 'ignore'
[3.026s] Level 1:colcon.colcon_core.package_identification:_identify(src/examples/rclpy/topics/minimal_publisher) by extension 'ignore_ament_install'
[3.026s] Level 1:colcon.colcon_core.package_identification:_identify(src/examples/rclpy/topics/minimal_publisher) by extensions ['colcon_pkg']
[3.026s] Level 1:colcon.colcon_core.package_identification:_identify(src/examples/rclpy/topics/minimal_publisher) by extension 'colcon_pkg'
[3.026s] Level 1:colcon.colcon_core.package_identification:_identify(src/examples/rclpy/topics/minimal_publisher) by extensions ['colcon_meta']
[3.026s] Level 1:colcon.colcon_core.package_identification:_identify(src/examples/rclpy/topics/minimal_publisher) by extension 'colcon_meta'
[3.026s] Level 1:colcon.colcon_core.package_identification:_identify(src/examples/rclpy/topics/minimal_publisher) by extensions ['ros']
[3.026s] Level 1:colcon.colcon_core.package_identification:_identify(src/examples/rclpy/topics/minimal_publisher) by extension 'ros'
[3.027s] DEBUG:colcon.colcon_core.package_identification:Package 'src/examples/rclpy/topics/minimal_publisher' with type 'ros.ament_python' and name 'examples_rclpy_minimal_publisher'
[3.027s] Level 1:colcon.colcon_core.package_identification:_identify(src/examples/rclpy/topics/minimal_subscriber) by extensions ['ignore', 'ignore_ament_install']
[3.027s] Level 1:colcon.colcon_core.package_identification:_identify(src/examples/rclpy/topics/minimal_subscriber) by extension 'ignore'
[3.027s] Level 1:colcon.colcon_core.package_identification:_identify(src/examples/rclpy/topics/minimal_subscriber) by extension 'ignore_ament_install'
[3.028s] Level 1:colcon.colcon_core.package_identification:_identify(src/examples/rclpy/topics/minimal_subscriber) by extensions ['colcon_pkg']
[3.028s] Level 1:colcon.colcon_core.package_identification:_identify(src/examples/rclpy/topics/minimal_subscriber) by extension 'colcon_pkg'
[3.028s] Level 1:colcon.colcon_core.package_identification:_identify(src/examples/rclpy/topics/minimal_subscriber) by extensions ['colcon_meta']
[3.028s] Level 1:colcon.colcon_core.package_identification:_identify(src/examples/rclpy/topics/minimal_subscriber) by extension 'colcon_meta'
[3.028s] Level 1:colcon.colcon_core.package_identification:_identify(src/examples/rclpy/topics/minimal_subscriber) by extensions ['ros']
[3.028s] Level 1:colcon.colcon_core.package_identification:_identify(src/examples/rclpy/topics/minimal_subscriber) by extension 'ros'
[3.028s] DEBUG:colcon.colcon_core.package_identification:Package 'src/examples/rclpy/topics/minimal_subscriber' with type 'ros.ament_python' and name 'examples_rclpy_minimal_subscriber'
[3.029s] Level 1:colcon.colcon_core.package_identification:_identify(src/examples/rclpy/topics/pointcloud_publisher) by extensions ['ignore', 'ignore_ament_install']
[3.029s] Level 1:colcon.colcon_core.package_identification:_identify(src/examples/rclpy/topics/pointcloud_publisher) by extension 'ignore'
[3.029s] Level 1:colcon.colcon_core.package_identification:_identify(src/examples/rclpy/topics/pointcloud_publisher) by extension 'ignore_ament_install'
[3.029s] Level 1:colcon.colcon_core.package_identification:_identify(src/examples/rclpy/topics/pointcloud_publisher) by extensions ['colcon_pkg']
[3.029s] Level 1:colcon.colcon_core.package_identification:_identify(src/examples/rclpy/topics/pointcloud_publisher) by extension 'colcon_pkg'
[3.029s] Level 1:colcon.colcon_core.package_identification:_identify(src/examples/rclpy/topics/pointcloud_publisher) by extensions ['colcon_meta']
[3.029s] Level 1:colcon.colcon_core.package_identification:_identify(src/examples/rclpy/topics/pointcloud_publisher) by extension 'colcon_meta'
[3.029s] Level 1:colcon.colcon_core.package_identification:_identify(src/examples/rclpy/topics/pointcloud_publisher) by extensions ['ros']
[3.029s] Level 1:colcon.colcon_core.package_identification:_identify(src/examples/rclpy/topics/pointcloud_publisher) by extension 'ros'
[3.030s] DEBUG:colcon.colcon_core.package_identification:Package 'src/examples/rclpy/topics/pointcloud_publisher' with type 'ros.ament_python' and name 'examples_rclpy_pointcloud_publisher'
[3.030s] Level 1:colcon.colcon_core.package_identification:_identify(src/tutorial_interfaces) by extensions ['ignore', 'ignore_ament_install']
[3.030s] Level 1:colcon.colcon_core.package_identification:_identify(src/tutorial_interfaces) by extension 'ignore'
[3.030s] Level 1:colcon.colcon_core.package_identification:_identify(src/tutorial_interfaces) by extension 'ignore_ament_install'
[3.030s] Level 1:colcon.colcon_core.package_identification:_identify(src/tutorial_interfaces) by extensions ['colcon_pkg']
[3.030s] Level 1:colcon.colcon_core.package_identification:_identify(src/tutorial_interfaces) by extension 'colcon_pkg'
[3.030s] Level 1:colcon.colcon_core.package_identification:_identify(src/tutorial_interfaces) by extensions ['colcon_meta']
[3.030s] Level 1:colcon.colcon_core.package_identification:_identify(src/tutorial_interfaces) by extension 'colcon_meta'
[3.030s] Level 1:colcon.colcon_core.package_identification:_identify(src/tutorial_interfaces) by extensions ['ros']
[3.030s] Level 1:colcon.colcon_core.package_identification:_identify(src/tutorial_interfaces) by extension 'ros'
[3.031s] DEBUG:colcon.colcon_core.package_identification:Package 'src/tutorial_interfaces' with type 'ros.ament_cmake' and name 'tutorial_interfaces'
[3.031s] Level 1:colcon.colcon_core.package_identification:_identify(venv) by extensions ['ignore', 'ignore_ament_install']
[3.031s] Level 1:colcon.colcon_core.package_identification:_identify(venv) by extension 'ignore'
[3.031s] Level 1:colcon.colcon_core.package_identification:_identify(venv) by extension 'ignore_ament_install'
[3.031s] Level 1:colcon.colcon_core.package_identification:_identify(venv) by extensions ['colcon_pkg']
[3.031s] Level 1:colcon.colcon_core.package_identification:_identify(venv) by extension 'colcon_pkg'
[3.031s] Level 1:colcon.colcon_core.package_identification:_identify(venv) by extensions ['colcon_meta']
[3.031s] Level 1:colcon.colcon_core.package_identification:_identify(venv) by extension 'colcon_meta'
[3.031s] Level 1:colcon.colcon_core.package_identification:_identify(venv) by extensions ['ros']
[3.031s] Level 1:colcon.colcon_core.package_identification:_identify(venv) by extension 'ros'
[3.032s] Level 1:colcon.colcon_core.package_identification:_identify(venv) by extensions ['cmake', 'python']
[3.032s] Level 1:colcon.colcon_core.package_identification:_identify(venv) by extension 'cmake'
[3.032s] Level 1:colcon.colcon_core.package_identification:_identify(venv) by extension 'python'
[3.032s] Level 1:colcon.colcon_core.package_identification:_identify(venv) by extensions ['python_setup_py']
[3.032s] Level 1:colcon.colcon_core.package_identification:_identify(venv) by extension 'python_setup_py'
[3.032s] Level 1:colcon.colcon_core.package_identification:_identify(venv/bin) by extensions ['ignore', 'ignore_ament_install']
[3.032s] Level 1:colcon.colcon_core.package_identification:_identify(venv/bin) by extension 'ignore'
[3.032s] Level 1:colcon.colcon_core.package_identification:_identify(venv/bin) by extension 'ignore_ament_install'
[3.032s] Level 1:colcon.colcon_core.package_identification:_identify(venv/bin) by extensions ['colcon_pkg']
[3.032s] Level 1:colcon.colcon_core.package_identification:_identify(venv/bin) by extension 'colcon_pkg'
[3.032s] Level 1:colcon.colcon_core.package_identification:_identify(venv/bin) by extensions ['colcon_meta']
[3.032s] Level 1:colcon.colcon_core.package_identification:_identify(venv/bin) by extension 'colcon_meta'
[3.032s] Level 1:colcon.colcon_core.package_identification:_identify(venv/bin) by extensions ['ros']
[3.032s] Level 1:colcon.colcon_core.package_identification:_identify(venv/bin) by extension 'ros'
[3.032s] Level 1:colcon.colcon_core.package_identification:_identify(venv/bin) by extensions ['cmake', 'python']
[3.032s] Level 1:colcon.colcon_core.package_identification:_identify(venv/bin) by extension 'cmake'
[3.033s] Level 1:colcon.colcon_core.package_identification:_identify(venv/bin) by extension 'python'
[3.033s] Level 1:colcon.colcon_core.package_identification:_identify(venv/bin) by extensions ['python_setup_py']
[3.033s] Level 1:colcon.colcon_core.package_identification:_identify(venv/bin) by extension 'python_setup_py'
[3.033s] Level 1:colcon.colcon_core.package_identification:_identify(venv/include) by extensions ['ignore', 'ignore_ament_install']
[3.033s] Level 1:colcon.colcon_core.package_identification:_identify(venv/include) by extension 'ignore'
[3.033s] Level 1:colcon.colcon_core.package_identification:_identify(venv/include) by extension 'ignore_ament_install'
[3.033s] Level 1:colcon.colcon_core.package_identification:_identify(venv/include) by extensions ['colcon_pkg']
[3.033s] Level 1:colcon.colcon_core.package_identification:_identify(venv/include) by extension 'colcon_pkg'
[3.033s] Level 1:colcon.colcon_core.package_identification:_identify(venv/include) by extensions ['colcon_meta']
[3.033s] Level 1:colcon.colcon_core.package_identification:_identify(venv/include) by extension 'colcon_meta'
[3.033s] Level 1:colcon.colcon_core.package_identification:_identify(venv/include) by extensions ['ros']
[3.033s] Level 1:colcon.colcon_core.package_identification:_identify(venv/include) by extension 'ros'
[3.033s] Level 1:colcon.colcon_core.package_identification:_identify(venv/include) by extensions ['cmake', 'python']
[3.033s] Level 1:colcon.colcon_core.package_identification:_identify(venv/include) by extension 'cmake'
[3.033s] Level 1:colcon.colcon_core.package_identification:_identify(venv/include) by extension 'python'
[3.033s] Level 1:colcon.colcon_core.package_identification:_identify(venv/include) by extensions ['python_setup_py']
[3.033s] Level 1:colcon.colcon_core.package_identification:_identify(venv/include) by extension 'python_setup_py'
[3.033s] Level 1:colcon.colcon_core.package_identification:_identify(venv/include/python3.12) by extensions ['ignore', 'ignore_ament_install']
[3.034s] Level 1:colcon.colcon_core.package_identification:_identify(venv/include/python3.12) by extension 'ignore'
[3.034s] Level 1:colcon.colcon_core.package_identification:_identify(venv/include/python3.12) by extension 'ignore_ament_install'
[3.034s] Level 1:colcon.colcon_core.package_identification:_identify(venv/include/python3.12) by extensions ['colcon_pkg']
[3.034s] Level 1:colcon.colcon_core.package_identification:_identify(venv/include/python3.12) by extension 'colcon_pkg'
[3.034s] Level 1:colcon.colcon_core.package_identification:_identify(venv/include/python3.12) by extensions ['colcon_meta']
[3.034s] Level 1:colcon.colcon_core.package_identification:_identify(venv/include/python3.12) by extension 'colcon_meta'
[3.034s] Level 1:colcon.colcon_core.package_identification:_identify(venv/include/python3.12) by extensions ['ros']
[3.034s] Level 1:colcon.colcon_core.package_identification:_identify(venv/include/python3.12) by extension 'ros'
[3.034s] Level 1:colcon.colcon_core.package_identification:_identify(venv/include/python3.12) by extensions ['cmake', 'python']
[3.034s] Level 1:colcon.colcon_core.package_identification:_identify(venv/include/python3.12) by extension 'cmake'
[3.034s] Level 1:colcon.colcon_core.package_identification:_identify(venv/include/python3.12) by extension 'python'
[3.034s] Level 1:colcon.colcon_core.package_identification:_identify(venv/include/python3.12) by extensions ['python_setup_py']
[3.034s] Level 1:colcon.colcon_core.package_identification:_identify(venv/include/python3.12) by extension 'python_setup_py'
[3.034s] Level 1:colcon.colcon_core.package_identification:_identify(venv/lib) by extensions ['ignore', 'ignore_ament_install']
[3.034s] Level 1:colcon.colcon_core.package_identification:_identify(venv/lib) by extension 'ignore'
[3.034s] Level 1:colcon.colcon_core.package_identification:_identify(venv/lib) by extension 'ignore_ament_install'
[3.034s] Level 1:colcon.colcon_core.package_identification:_identify(venv/lib) by extensions ['colcon_pkg']
[3.034s] Level 1:colcon.colcon_core.package_identification:_identify(venv/lib) by extension 'colcon_pkg'
[3.034s] Level 1:colcon.colcon_core.package_identification:_identify(venv/lib) by extensions ['colcon_meta']
[3.035s] Level 1:colcon.colcon_core.package_identification:_identify(venv/lib) by extension 'colcon_meta'
[3.035s] Level 1:colcon.colcon_core.package_identification:_identify(venv/lib) by extensions ['ros']
[3.035s] Level 1:colcon.colcon_core.package_identification:_identify(venv/lib) by extension 'ros'
[3.035s] Level 1:colcon.colcon_core.package_identification:_identify(venv/lib) by extensions ['cmake', 'python']
[3.035s] Level 1:colcon.colcon_core.package_identification:_identify(venv/lib) by extension 'cmake'
[3.035s] Level 1:colcon.colcon_core.package_identification:_identify(venv/lib) by extension 'python'
[3.035s] Level 1:colcon.colcon_core.package_identification:_identify(venv/lib) by extensions ['python_setup_py']
[3.035s] Level 1:colcon.colcon_core.package_identification:_identify(venv/lib) by extension 'python_setup_py'
[3.035s] Level 1:colcon.colcon_core.package_identification:_identify(venv/lib/python3.12) by extensions ['ignore', 'ignore_ament_install']
[3.035s] Level 1:colcon.colcon_core.package_identification:_identify(venv/lib/python3.12) by extension 'ignore'
[3.035s] Level 1:colcon.colcon_core.package_identification:_identify(venv/lib/python3.12) by extension 'ignore_ament_install'
[3.035s] Level 1:colcon.colcon_core.package_identification:_identify(venv/lib/python3.12) by extensions ['colcon_pkg']
[3.035s] Level 1:colcon.colcon_core.package_identification:_identify(venv/lib/python3.12) by extension 'colcon_pkg'
[3.035s] Level 1:colcon.colcon_core.package_identification:_identify(venv/lib/python3.12) by extensions ['colcon_meta']
[3.035s] Level 1:colcon.colcon_core.package_identification:_identify(venv/lib/python3.12) by extension 'colcon_meta'
[3.035s] Level 1:colcon.colcon_core.package_identification:_identify(venv/lib/python3.12) by extensions ['ros']
[3.035s] Level 1:colcon.colcon_core.package_identification:_identify(venv/lib/python3.12) by extension 'ros'
[3.035s] Level 1:colcon.colcon_core.package_identification:_identify(venv/lib/python3.12) by extensions ['cmake', 'python']
[3.035s] Level 1:colcon.colcon_core.package_identification:_identify(venv/lib/python3.12) by extension 'cmake'
[3.036s] Level 1:colcon.colcon_core.package_identification:_identify(venv/lib/python3.12) by extension 'python'
[3.036s] Level 1:colcon.colcon_core.package_identification:_identify(venv/lib/python3.12) by extensions ['python_setup_py']
[3.036s] Level 1:colcon.colcon_core.package_identification:_identify(venv/lib/python3.12) by extension 'python_setup_py'
[3.036s] Level 1:colcon.colcon_core.package_identification:_identify(venv/lib/python3.12/site-packages) by extensions ['ignore', 'ignore_ament_install']
[3.036s] Level 1:colcon.colcon_core.package_identification:_identify(venv/lib/python3.12/site-packages) by extension 'ignore'
[3.036s] Level 1:colcon.colcon_core.package_identification:_identify(venv/lib/python3.12/site-packages) by extension 'ignore_ament_install'
[3.036s] Level 1:colcon.colcon_core.package_identification:_identify(venv/lib/python3.12/site-packages) by extensions ['colcon_pkg']
[3.036s] Level 1:colcon.colcon_core.package_identification:_identify(venv/lib/python3.12/site-packages) by extension 'colcon_pkg'
[3.036s] Level 1:colcon.colcon_core.package_identification:_identify(venv/lib/python3.12/site-packages) by extensions ['colcon_meta']
[3.036s] Level 1:colcon.colcon_core.package_identification:_identify(venv/lib/python3.12/site-packages) by extension 'colcon_meta'
[3.036s] Level 1:colcon.colcon_core.package_identification:_identify(venv/lib/python3.12/site-packages) by extensions ['ros']
[3.036s] Level 1:colcon.colcon_core.package_identification:_identify(venv/lib/python3.12/site-packages) by extension 'ros'
[3.036s] Level 1:colcon.colcon_core.package_identification:_identify(venv/lib/python3.12/site-packages) by extensions ['cmake', 'python']
[3.036s] Level 1:colcon.colcon_core.package_identification:_identify(venv/lib/python3.12/site-packages) by extension 'cmake'
[3.036s] Level 1:colcon.colcon_core.package_identification:_identify(venv/lib/python3.12/site-packages) by extension 'python'
[3.036s] Level 1:colcon.colcon_core.package_identification:_identify(venv/lib/python3.12/site-packages) by extensions ['python_setup_py']
[3.036s] Level 1:colcon.colcon_core.package_identification:_identify(venv/lib/python3.12/site-packages) by extension 'python_setup_py'
[3.037s] Level 1:colcon.colcon_core.package_identification:_identify(venv/lib/python3.12/site-packages/_distutils_hack) by extensions ['ignore', 'ignore_ament_install']
[3.037s] Level 1:colcon.colcon_core.package_identification:_identify(venv/lib/python3.12/site-packages/_distutils_hack) by extension 'ignore'
[3.037s] Level 1:colcon.colcon_core.package_identification:_identify(venv/lib/python3.12/site-packages/_distutils_hack) by extension 'ignore_ament_install'
[3.037s] Level 1:colcon.colcon_core.package_identification:_identify(venv/lib/python3.12/site-packages/_distutils_hack) by extensions ['colcon_pkg']
[3.037s] Level 1:colcon.colcon_core.package_identification:_identify(venv/lib/python3.12/site-packages/_distutils_hack) by extension 'colcon_pkg'
[3.037s] Level 1:colcon.colcon_core.package_identification:_identify(venv/lib/python3.12/site-packages/_distutils_hack) by extensions ['colcon_meta']
[3.037s] Level 1:colcon.colcon_core.package_identification:_identify(venv/lib/python3.12/site-packages/_distutils_hack) by extension 'colcon_meta'
[3.037s] Level 1:colcon.colcon_core.package_identification:_identify(venv/lib/python3.12/site-packages/_distutils_hack) by extensions ['ros']
[3.037s] Level 1:colcon.colcon_core.package_identification:_identify(venv/lib/python3.12/site-packages/_distutils_hack) by extension 'ros'
[3.037s] Level 1:colcon.colcon_core.package_identification:_identify(venv/lib/python3.12/site-packages/_distutils_hack) by extensions ['cmake', 'python']
[3.037s] Level 1:colcon.colcon_core.package_identification:_identify(venv/lib/python3.12/site-packages/_distutils_hack) by extension 'cmake'
[3.037s] Level 1:colcon.colcon_core.package_identification:_identify(venv/lib/python3.12/site-packages/_distutils_hack) by extension 'python'
[3.037s] Level 1:colcon.colcon_core.package_identification:_identify(venv/lib/python3.12/site-packages/_distutils_hack) by extensions ['python_setup_py']
[3.037s] Level 1:colcon.colcon_core.package_identification:_identify(venv/lib/python3.12/site-packages/_distutils_hack) by extension 'python_setup_py'
[3.037s] Level 1:colcon.colcon_core.package_identification:_identify(venv/lib/python3.12/site-packages/_distutils_hack/__pycache__) by extensions ['ignore', 'ignore_ament_install']
[3.038s] Level 1:colcon.colcon_core.package_identification:_identify(venv/lib/python3.12/site-packages/_distutils_hack/__pycache__) by extension 'ignore'
[3.038s] Level 1:colcon.colcon_core.package_identification:_identify(venv/lib/python3.12/site-packages/_distutils_hack/__pycache__) by extension 'ignore_ament_install'
[3.038s] Level 1:colcon.colcon_core.package_identification:_identify(venv/lib/python3.12/site-packages/_distutils_hack/__pycache__) by extensions ['colcon_pkg']
[3.038s] Level 1:colcon.colcon_core.package_identification:_identify(venv/lib/python3.12/site-packages/_distutils_hack/__pycache__) by extension 'colcon_pkg'
[3.038s] Level 1:colcon.colcon_core.package_identification:_identify(venv/lib/python3.12/site-packages/_distutils_hack/__pycache__) by extensions ['colcon_meta']
[3.038s] Level 1:colcon.colcon_core.package_identification:_identify(venv/lib/python3.12/site-packages/_distutils_hack/__pycache__) by extension 'colcon_meta'
[3.038s] Level 1:colcon.colcon_core.package_identification:_identify(venv/lib/python3.12/site-packages/_distutils_hack/__pycache__) by extensions ['ros']
[3.038s] Level 1:colcon.colcon_core.package_identification:_identify(venv/lib/python3.12/site-packages/_distutils_hack/__pycache__) by extension 'ros'
[3.038s] Level 1:colcon.colcon_core.package_identification:_identify(venv/lib/python3.12/site-packages/_distutils_hack/__pycache__) by extensions ['cmake', 'python']
[3.038s] Level 1:colcon.colcon_core.package_identification:_identify(venv/lib/python3.12/site-packages/_distutils_hack/__pycache__) by extension 'cmake'
[3.039s] Level 1:colcon.colcon_core.package_identification:_identify(venv/lib/python3.12/site-packages/_distutils_hack/__pycache__) by extension 'python'
[3.039s] Level 1:colcon.colcon_core.package_identification:_identify(venv/lib/python3.12/site-packages/_distutils_hack/__pycache__) by extensions ['python_setup_py']
[3.039s] Level 1:colcon.colcon_core.package_identification:_identify(venv/lib/python3.12/site-packages/_distutils_hack/__pycache__) by extension 'python_setup_py'
[3.039s] Level 1:colcon.colcon_core.package_identification:_identify(venv/lib/python3.12/site-packages/basicmicro) by extensions ['ignore', 'ignore_ament_install']
[3.039s] Level 1:colcon.colcon_core.package_identification:_identify(venv/lib/python3.12/site-packages/basicmicro) by extension 'ignore'
[3.039s] Level 1:colcon.colcon_core.package_identification:_identify(venv/lib/python3.12/site-packages/basicmicro) by extension 'ignore_ament_install'
[3.039s] Level 1:colcon.colcon_core.package_identification:_identify(venv/lib/python3.12/site-packages/basicmicro) by extensions ['colcon_pkg']
[3.039s] Level 1:colcon.colcon_core.package_identification:_identify(venv/lib/python3.12/site-packages/basicmicro) by extension 'colcon_pkg'
[3.039s] Level 1:colcon.colcon_core.package_identification:_identify(venv/lib/python3.12/site-packages/basicmicro) by extensions ['colcon_meta']
[3.039s] Level 1:colcon.colcon_core.package_identification:_identify(venv/lib/python3.12/site-packages/basicmicro) by extension 'colcon_meta'
[3.039s] Level 1:colcon.colcon_core.package_identification:_identify(venv/lib/python3.12/site-packages/basicmicro) by extensions ['ros']
[3.040s] Level 1:colcon.colcon_core.package_identification:_identify(venv/lib/python3.12/site-packages/basicmicro) by extension 'ros'
[3.040s] Level 1:colcon.colcon_core.package_identification:_identify(venv/lib/python3.12/site-packages/basicmicro) by extensions ['cmake', 'python']
[3.040s] Level 1:colcon.colcon_core.package_identification:_identify(venv/lib/python3.12/site-packages/basicmicro) by extension 'cmake'
[3.040s] Level 1:colcon.colcon_core.package_identification:_identify(venv/lib/python3.12/site-packages/basicmicro) by extension 'python'
[3.040s] Level 1:colcon.colcon_core.package_identification:_identify(venv/lib/python3.12/site-packages/basicmicro) by extensions ['python_setup_py']
[3.040s] Level 1:colcon.colcon_core.package_identification:_identify(venv/lib/python3.12/site-packages/basicmicro) by extension 'python_setup_py'
[3.040s] Level 1:colcon.colcon_core.package_identification:_identify(venv/lib/python3.12/site-packages/basicmicro/__pycache__) by extensions ['ignore', 'ignore_ament_install']
[3.040s] Level 1:colcon.colcon_core.package_identification:_identify(venv/lib/python3.12/site-packages/basicmicro/__pycache__) by extension 'ignore'
[3.040s] Level 1:colcon.colcon_core.package_identification:_identify(venv/lib/python3.12/site-packages/basicmicro/__pycache__) by extension 'ignore_ament_install'
[3.040s] Level 1:colcon.colcon_core.package_identification:_identify(venv/lib/python3.12/site-packages/basicmicro/__pycache__) by extensions ['colcon_pkg']
[3.040s] Level 1:colcon.colcon_core.package_identification:_identify(venv/lib/python3.12/site-packages/basicmicro/__pycache__) by extension 'colcon_pkg'
[3.040s] Level 1:colcon.colcon_core.package_identification:_identify(venv/lib/python3.12/site-packages/basicmicro/__pycache__) by extensions ['colcon_meta']
[3.040s] Level 1:colcon.colcon_core.package_identification:_identify(venv/lib/python3.12/site-packages/basicmicro/__pycache__) by extension 'colcon_meta'
[3.041s] Level 1:colcon.colcon_core.package_identification:_identify(venv/lib/python3.12/site-packages/basicmicro/__pycache__) by extensions ['ros']
[3.041s] Level 1:colcon.colcon_core.package_identification:_identify(venv/lib/python3.12/site-packages/basicmicro/__pycache__) by extension 'ros'
[3.041s] Level 1:colcon.colcon_core.package_identification:_identify(venv/lib/python3.12/site-packages/basicmicro/__pycache__) by extensions ['cmake', 'python']
[3.041s] Level 1:colcon.colcon_core.package_identification:_identify(venv/lib/python3.12/site-packages/basicmicro/__pycache__) by extension 'cmake'
[3.041s] Level 1:colcon.colcon_core.package_identification:_identify(venv/lib/python3.12/site-packages/basicmicro/__pycache__) by extension 'python'
[3.041s] Level 1:colcon.colcon_core.package_identification:_identify(venv/lib/python3.12/site-packages/basicmicro/__pycache__) by extensions ['python_setup_py']
[3.041s] Level 1:colcon.colcon_core.package_identification:_identify(venv/lib/python3.12/site-packages/basicmicro/__pycache__) by extension 'python_setup_py'
[3.041s] Level 1:colcon.colcon_core.package_identification:_identify(venv/lib/python3.12/site-packages/basicmicro-2.0.10.dist-info) by extensions ['ignore', 'ignore_ament_install']
[3.041s] Level 1:colcon.colcon_core.package_identification:_identify(venv/lib/python3.12/site-packages/basicmicro-2.0.10.dist-info) by extension 'ignore'
[3.041s] Level 1:colcon.colcon_core.package_identification:_identify(venv/lib/python3.12/site-packages/basicmicro-2.0.10.dist-info) by extension 'ignore_ament_install'
[3.041s] Level 1:colcon.colcon_core.package_identification:_identify(venv/lib/python3.12/site-packages/basicmicro-2.0.10.dist-info) by extensions ['colcon_pkg']
[3.041s] Level 1:colcon.colcon_core.package_identification:_identify(venv/lib/python3.12/site-packages/basicmicro-2.0.10.dist-info) by extension 'colcon_pkg'
[3.041s] Level 1:colcon.colcon_core.package_identification:_identify(venv/lib/python3.12/site-packages/basicmicro-2.0.10.dist-info) by extensions ['colcon_meta']
[3.041s] Level 1:colcon.colcon_core.package_identification:_identify(venv/lib/python3.12/site-packages/basicmicro-2.0.10.dist-info) by extension 'colcon_meta'
[3.042s] Level 1:colcon.colcon_core.package_identification:_identify(venv/lib/python3.12/site-packages/basicmicro-2.0.10.dist-info) by extensions ['ros']
[3.042s] Level 1:colcon.colcon_core.package_identification:_identify(venv/lib/python3.12/site-packages/basicmicro-2.0.10.dist-info) by extension 'ros'
[3.042s] Level 1:colcon.colcon_core.package_identification:_identify(venv/lib/python3.12/site-packages/basicmicro-2.0.10.dist-info) by extensions ['cmake', 'python']
[3.042s] Level 1:colcon.colcon_core.package_identification:_identify(venv/lib/python3.12/site-packages/basicmicro-2.0.10.dist-info) by extension 'cmake'
[3.042s] Level 1:colcon.colcon_core.package_identification:_identify(venv/lib/python3.12/site-packages/basicmicro-2.0.10.dist-info) by extension 'python'
[3.042s] Level 1:colcon.colcon_core.package_identification:_identify(venv/lib/python3.12/site-packages/basicmicro-2.0.10.dist-info) by extensions ['python_setup_py']
[3.042s] Level 1:colcon.colcon_core.package_identification:_identify(venv/lib/python3.12/site-packages/basicmicro-2.0.10.dist-info) by extension 'python_setup_py'
[3.042s] Level 1:colcon.colcon_core.package_identification:_identify(venv/lib/python3.12/site-packages/basicmicro-2.0.10.dist-info/licenses) by extensions ['ignore', 'ignore_ament_install']
[3.042s] Level 1:colcon.colcon_core.package_identification:_identify(venv/lib/python3.12/site-packages/basicmicro-2.0.10.dist-info/licenses) by extension 'ignore'
[3.042s] Level 1:colcon.colcon_core.package_identification:_identify(venv/lib/python3.12/site-packages/basicmicro-2.0.10.dist-info/licenses) by extension 'ignore_ament_install'
[3.042s] Level 1:colcon.colcon_core.package_identification:_identify(venv/lib/python3.12/site-packages/basicmicro-2.0.10.dist-info/licenses) by extensions ['colcon_pkg']
[3.042s] Level 1:colcon.colcon_core.package_identification:_identify(venv/lib/python3.12/site-packages/basicmicro-2.0.10.dist-info/licenses) by extension 'colcon_pkg'
[3.042s] Level 1:colcon.colcon_core.package_identification:_identify(venv/lib/python3.12/site-packages/basicmicro-2.0.10.dist-info/licenses) by extensions ['colcon_meta']
[3.042s] Level 1:colcon.colcon_core.package_identification:_identify(venv/lib/python3.12/site-packages/basicmicro-2.0.10.dist-info/licenses) by extension 'colcon_meta'
[3.043s] Level 1:colcon.colcon_core.package_identification:_identify(venv/lib/python3.12/site-packages/basicmicro-2.0.10.dist-info/licenses) by extensions ['ros']
[3.043s] Level 1:colcon.colcon_core.package_identification:_identify(venv/lib/python3.12/site-packages/basicmicro-2.0.10.dist-info/licenses) by extension 'ros'
[3.043s] Level 1:colcon.colcon_core.package_identification:_identify(venv/lib/python3.12/site-packages/basicmicro-2.0.10.dist-info/licenses) by extensions ['cmake', 'python']
[3.043s] Level 1:colcon.colcon_core.package_identification:_identify(venv/lib/python3.12/site-packages/basicmicro-2.0.10.dist-info/licenses) by extension 'cmake'
[3.043s] Level 1:colcon.colcon_core.package_identification:_identify(venv/lib/python3.12/site-packages/basicmicro-2.0.10.dist-info/licenses) by extension 'python'
[3.043s] Level 1:colcon.colcon_core.package_identification:_identify(venv/lib/python3.12/site-packages/basicmicro-2.0.10.dist-info/licenses) by extensions ['python_setup_py']
[3.043s] Level 1:colcon.colcon_core.package_identification:_identify(venv/lib/python3.12/site-packages/basicmicro-2.0.10.dist-info/licenses) by extension 'python_setup_py'
[3.043s] Level 1:colcon.colcon_core.package_identification:_identify(venv/lib/python3.12/site-packages/catkin_pkg) by extensions ['ignore', 'ignore_ament_install']
[3.043s] Level 1:colcon.colcon_core.package_identification:_identify(venv/lib/python3.12/site-packages/catkin_pkg) by extension 'ignore'
[3.043s] Level 1:colcon.colcon_core.package_identification:_identify(venv/lib/python3.12/site-packages/catkin_pkg) by extension 'ignore_ament_install'
[3.043s] Level 1:colcon.colcon_core.package_identification:_identify(venv/lib/python3.12/site-packages/catkin_pkg) by extensions ['colcon_pkg']
[3.043s] Level 1:colcon.colcon_core.package_identification:_identify(venv/lib/python3.12/site-packages/catkin_pkg) by extension 'colcon_pkg'
[3.043s] Level 1:colcon.colcon_core.package_identification:_identify(venv/lib/python3.12/site-packages/catkin_pkg) by extensions ['colcon_meta']
[3.043s] Level 1:colcon.colcon_core.package_identification:_identify(venv/lib/python3.12/site-packages/catkin_pkg) by extension 'colcon_meta'
[3.043s] Level 1:colcon.colcon_core.package_identification:_identify(venv/lib/python3.12/site-packages/catkin_pkg) by extensions ['ros']
[3.043s] Level 1:colcon.colcon_core.package_identification:_identify(venv/lib/python3.12/site-packages/catkin_pkg) by extension 'ros'
[3.043s] Level 1:colcon.colcon_core.package_identification:_identify(venv/lib/python3.12/site-packages/catkin_pkg) by extensions ['cmake', 'python']
[3.044s] Level 1:colcon.colcon_core.package_identification:_identify(venv/lib/python3.12/site-packages/catkin_pkg) by extension 'cmake'
[3.044s] Level 1:colcon.colcon_core.package_identification:_identify(venv/lib/python3.12/site-packages/catkin_pkg) by extension 'python'
[3.044s] Level 1:colcon.colcon_core.package_identification:_identify(venv/lib/python3.12/site-packages/catkin_pkg) by extensions ['python_setup_py']
[3.044s] Level 1:colcon.colcon_core.package_identification:_identify(venv/lib/python3.12/site-packages/catkin_pkg) by extension 'python_setup_py'
[3.044s] Level 1:colcon.colcon_core.package_identification:_identify(venv/lib/python3.12/site-packages/catkin_pkg/__pycache__) by extensions ['ignore', 'ignore_ament_install']
[3.044s] Level 1:colcon.colcon_core.package_identification:_identify(venv/lib/python3.12/site-packages/catkin_pkg/__pycache__) by extension 'ignore'
[3.044s] Level 1:colcon.colcon_core.package_identification:_identify(venv/lib/python3.12/site-packages/catkin_pkg/__pycache__) by extension 'ignore_ament_install'
[3.044s] Level 1:colcon.colcon_core.package_identification:_identify(venv/lib/python3.12/site-packages/catkin_pkg/__pycache__) by extensions ['colcon_pkg']
[3.044s] Level 1:colcon.colcon_core.package_identification:_identify(venv/lib/python3.12/site-packages/catkin_pkg/__pycache__) by extension 'colcon_pkg'
[3.044s] Level 1:colcon.colcon_core.package_identification:_identify(venv/lib/python3.12/site-packages/catkin_pkg/__pycache__) by extensions ['colcon_meta']
[3.044s] Level 1:colcon.colcon_core.package_identification:_identify(venv/lib/python3.12/site-packages/catkin_pkg/__pycache__) by extension 'colcon_meta'
[3.045s] Level 1:colcon.colcon_core.package_identification:_identify(venv/lib/python3.12/site-packages/catkin_pkg/__pycache__) by extensions ['ros']
[3.045s] Level 1:colcon.colcon_core.package_identification:_identify(venv/lib/python3.12/site-packages/catkin_pkg/__pycache__) by extension 'ros'
[3.045s] Level 1:colcon.colcon_core.package_identification:_identify(venv/lib/python3.12/site-packages/catkin_pkg/__pycache__) by extensions ['cmake', 'python']
[3.045s] Level 1:colcon.colcon_core.package_identification:_identify(venv/lib/python3.12/site-packages/catkin_pkg/__pycache__) by extension 'cmake'
[3.045s] Level 1:colcon.colcon_core.package_identification:_identify(venv/lib/python3.12/site-packages/catkin_pkg/__pycache__) by extension 'python'
[3.045s] Level 1:colcon.colcon_core.package_identification:_identify(venv/lib/python3.12/site-packages/catkin_pkg/__pycache__) by extensions ['python_setup_py']
[3.045s] Level 1:colcon.colcon_core.package_identification:_identify(venv/lib/python3.12/site-packages/catkin_pkg/__pycache__) by extension 'python_setup_py'
[3.045s] Level 1:colcon.colcon_core.package_identification:_identify(venv/lib/python3.12/site-packages/catkin_pkg/cli) by extensions ['ignore', 'ignore_ament_install']
[3.045s] Level 1:colcon.colcon_core.package_identification:_identify(venv/lib/python3.12/site-packages/catkin_pkg/cli) by extension 'ignore'
[3.045s] Level 1:colcon.colcon_core.package_identification:_identify(venv/lib/python3.12/site-packages/catkin_pkg/cli) by extension 'ignore_ament_install'
[3.045s] Level 1:colcon.colcon_core.package_identification:_identify(venv/lib/python3.12/site-packages/catkin_pkg/cli) by extensions ['colcon_pkg']
[3.045s] Level 1:colcon.colcon_core.package_identification:_identify(venv/lib/python3.12/site-packages/catkin_pkg/cli) by extension 'colcon_pkg'
[3.045s] Level 1:colcon.colcon_core.package_identification:_identify(venv/lib/python3.12/site-packages/catkin_pkg/cli) by extensions ['colcon_meta']
[3.045s] Level 1:colcon.colcon_core.package_identification:_identify(venv/lib/python3.12/site-packages/catkin_pkg/cli) by extension 'colcon_meta'
[3.045s] Level 1:colcon.colcon_core.package_identification:_identify(venv/lib/python3.12/site-packages/catkin_pkg/cli) by extensions ['ros']
[3.045s] Level 1:colcon.colcon_core.package_identification:_identify(venv/lib/python3.12/site-packages/catkin_pkg/cli) by extension 'ros'
[3.045s] Level 1:colcon.colcon_core.package_identification:_identify(venv/lib/python3.12/site-packages/catkin_pkg/cli) by extensions ['cmake', 'python']
[3.046s] Level 1:colcon.colcon_core.package_identification:_identify(venv/lib/python3.12/site-packages/catkin_pkg/cli) by extension 'cmake'
[3.046s] Level 1:colcon.colcon_core.package_identification:_identify(venv/lib/python3.12/site-packages/catkin_pkg/cli) by extension 'python'
[3.046s] Level 1:colcon.colcon_core.package_identification:_identify(venv/lib/python3.12/site-packages/catkin_pkg/cli) by extensions ['python_setup_py']
[3.046s] Level 1:colcon.colcon_core.package_identification:_identify(venv/lib/python3.12/site-packages/catkin_pkg/cli) by extension 'python_setup_py'
[3.046s] Level 1:colcon.colcon_core.package_identification:_identify(venv/lib/python3.12/site-packages/catkin_pkg/cli/__pycache__) by extensions ['ignore', 'ignore_ament_install']
[3.046s] Level 1:colcon.colcon_core.package_identification:_identify(venv/lib/python3.12/site-packages/catkin_pkg/cli/__pycache__) by extension 'ignore'
[3.046s] Level 1:colcon.colcon_core.package_identification:_identify(venv/lib/python3.12/site-packages/catkin_pkg/cli/__pycache__) by extension 'ignore_ament_install'
[3.046s] Level 1:colcon.colcon_core.package_identification:_identify(venv/lib/python3.12/site-packages/catkin_pkg/cli/__pycache__) by extensions ['colcon_pkg']
[3.046s] Level 1:colcon.colcon_core.package_identification:_identify(venv/lib/python3.12/site-packages/catkin_pkg/cli/__pycache__) by extension 'colcon_pkg'
[3.046s] Level 1:colcon.colcon_core.package_identification:_identify(venv/lib/python3.12/site-packages/catkin_pkg/cli/__pycache__) by extensions ['colcon_meta']
[3.046s] Level 1:colcon.colcon_core.package_identification:_identify(venv/lib/python3.12/site-packages/catkin_pkg/cli/__pycache__) by extension 'colcon_meta'
[3.046s] Level 1:colcon.colcon_core.package_identification:_identify(venv/lib/python3.12/site-packages/catkin_pkg/cli/__pycache__) by extensions ['ros']
[3.046s] Level 1:colcon.colcon_core.package_identification:_identify(venv/lib/python3.12/site-packages/catkin_pkg/cli/__pycache__) by extension 'ros'
[3.046s] Level 1:colcon.colcon_core.package_identification:_identify(venv/lib/python3.12/site-packages/catkin_pkg/cli/__pycache__) by extensions ['cmake', 'python']
[3.046s] Level 1:colcon.colcon_core.package_identification:_identify(venv/lib/python3.12/site-packages/catkin_pkg/cli/__pycache__) by extension 'cmake'
[3.046s] Level 1:colcon.colcon_core.package_identification:_identify(venv/lib/python3.12/site-packages/catkin_pkg/cli/__pycache__) by extension 'python'
[3.046s] Level 1:colcon.colcon_core.package_identification:_identify(venv/lib/python3.12/site-packages/catkin_pkg/cli/__pycache__) by extensions ['python_setup_py']
[3.047s] Level 1:colcon.colcon_core.package_identification:_identify(venv/lib/python3.12/site-packages/catkin_pkg/cli/__pycache__) by extension 'python_setup_py'
[3.047s] Level 1:colcon.colcon_core.package_identification:_identify(venv/lib/python3.12/site-packages/catkin_pkg/templates) by extensions ['ignore', 'ignore_ament_install']
[3.047s] Level 1:colcon.colcon_core.package_identification:_identify(venv/lib/python3.12/site-packages/catkin_pkg/templates) by extension 'ignore'
[3.047s] Level 1:colcon.colcon_core.package_identification:_identify(venv/lib/python3.12/site-packages/catkin_pkg/templates) by extension 'ignore_ament_install'
[3.047s] Level 1:colcon.colcon_core.package_identification:_identify(venv/lib/python3.12/site-packages/catkin_pkg/templates) by extensions ['colcon_pkg']
[3.047s] Level 1:colcon.colcon_core.package_identification:_identify(venv/lib/python3.12/site-packages/catkin_pkg/templates) by extension 'colcon_pkg'
[3.047s] Level 1:colcon.colcon_core.package_identification:_identify(venv/lib/python3.12/site-packages/catkin_pkg/templates) by extensions ['colcon_meta']
[3.047s] Level 1:colcon.colcon_core.package_identification:_identify(venv/lib/python3.12/site-packages/catkin_pkg/templates) by extension 'colcon_meta'
[3.047s] Level 1:colcon.colcon_core.package_identification:_identify(venv/lib/python3.12/site-packages/catkin_pkg/templates) by extensions ['ros']
[3.047s] Level 1:colcon.colcon_core.package_identification:_identify(venv/lib/python3.12/site-packages/catkin_pkg/templates) by extension 'ros'
[3.047s] Level 1:colcon.colcon_core.package_identification:_identify(venv/lib/python3.12/site-packages/catkin_pkg/templates) by extensions ['cmake', 'python']
[3.047s] Level 1:colcon.colcon_core.package_identification:_identify(venv/lib/python3.12/site-packages/catkin_pkg/templates) by extension 'cmake'
[3.047s] Level 1:colcon.colcon_core.package_identification:_identify(venv/lib/python3.12/site-packages/catkin_pkg/templates) by extension 'python'
[3.047s] Level 1:colcon.colcon_core.package_identification:_identify(venv/lib/python3.12/site-packages/catkin_pkg/templates) by extensions ['python_setup_py']
[3.047s] Level 1:colcon.colcon_core.package_identification:_identify(venv/lib/python3.12/site-packages/catkin_pkg/templates) by extension 'python_setup_py'
[3.047s] Level 1:colcon.colcon_core.package_identification:_identify(venv/lib/python3.12/site-packages/catkin_pkg-1.1.0.dist-info) by extensions ['ignore', 'ignore_ament_install']
[3.048s] Level 1:colcon.colcon_core.package_identification:_identify(venv/lib/python3.12/site-packages/catkin_pkg-1.1.0.dist-info) by extension 'ignore'
[3.048s] Level 1:colcon.colcon_core.package_identification:_identify(venv/lib/python3.12/site-packages/catkin_pkg-1.1.0.dist-info) by extension 'ignore_ament_install'
[3.048s] Level 1:colcon.colcon_core.package_identification:_identify(venv/lib/python3.12/site-packages/catkin_pkg-1.1.0.dist-info) by extensions ['colcon_pkg']
[3.048s] Level 1:colcon.colcon_core.package_identification:_identify(venv/lib/python3.12/site-packages/catkin_pkg-1.1.0.dist-info) by extension 'colcon_pkg'
[3.048s] Level 1:colcon.colcon_core.package_identification:_identify(venv/lib/python3.12/site-packages/catkin_pkg-1.1.0.dist-info) by extensions ['colcon_meta']
[3.048s] Level 1:colcon.colcon_core.package_identification:_identify(venv/lib/python3.12/site-packages/catkin_pkg-1.1.0.dist-info) by extension 'colcon_meta'
[3.048s] Level 1:colcon.colcon_core.package_identification:_identify(venv/lib/python3.12/site-packages/catkin_pkg-1.1.0.dist-info) by extensions ['ros']
[3.048s] Level 1:colcon.colcon_core.package_identification:_identify(venv/lib/python3.12/site-packages/catkin_pkg-1.1.0.dist-info) by extension 'ros'
[3.048s] Level 1:colcon.colcon_core.package_identification:_identify(venv/lib/python3.12/site-packages/catkin_pkg-1.1.0.dist-info) by extensions ['cmake', 'python']
[3.048s] Level 1:colcon.colcon_core.package_identification:_identify(venv/lib/python3.12/site-packages/catkin_pkg-1.1.0.dist-info) by extension 'cmake'
[3.048s] Level 1:colcon.colcon_core.package_identification:_identify(venv/lib/python3.12/site-packages/catkin_pkg-1.1.0.dist-info) by extension 'python'
[3.048s] Level 1:colcon.colcon_core.package_identification:_identify(venv/lib/python3.12/site-packages/catkin_pkg-1.1.0.dist-info) by extensions ['python_setup_py']
[3.048s] Level 1:colcon.colcon_core.package_identification:_identify(venv/lib/python3.12/site-packages/catkin_pkg-1.1.0.dist-info) by extension 'python_setup_py'
[3.048s] Level 1:colcon.colcon_core.package_identification:_identify(venv/lib/python3.12/site-packages/lark) by extensions ['ignore', 'ignore_ament_install']
[3.048s] Level 1:colcon.colcon_core.package_identification:_identify(venv/lib/python3.12/site-packages/lark) by extension 'ignore'
[3.048s] Level 1:colcon.colcon_core.package_identification:_identify(venv/lib/python3.12/site-packages/lark) by extension 'ignore_ament_install'
[3.049s] Level 1:colcon.colcon_core.package_identification:_identify(venv/lib/python3.12/site-packages/lark) by extensions ['colcon_pkg']
[3.049s] Level 1:colcon.colcon_core.package_identification:_identify(venv/lib/python3.12/site-packages/lark) by extension 'colcon_pkg'
[3.049s] Level 1:colcon.colcon_core.package_identification:_identify(venv/lib/python3.12/site-packages/lark) by extensions ['colcon_meta']
[3.049s] Level 1:colcon.colcon_core.package_identification:_identify(venv/lib/python3.12/site-packages/lark) by extension 'colcon_meta'
[3.049s] Level 1:colcon.colcon_core.package_identification:_identify(venv/lib/python3.12/site-packages/lark) by extensions ['ros']
[3.049s] Level 1:colcon.colcon_core.package_identification:_identify(venv/lib/python3.12/site-packages/lark) by extension 'ros'
[3.049s] Level 1:colcon.colcon_core.package_identification:_identify(venv/lib/python3.12/site-packages/lark) by extensions ['cmake', 'python']
[3.049s] Level 1:colcon.colcon_core.package_identification:_identify(venv/lib/python3.12/site-packages/lark) by extension 'cmake'
[3.049s] Level 1:colcon.colcon_core.package_identification:_identify(venv/lib/python3.12/site-packages/lark) by extension 'python'
[3.049s] Level 1:colcon.colcon_core.package_identification:_identify(venv/lib/python3.12/site-packages/lark) by extensions ['python_setup_py']
[3.049s] Level 1:colcon.colcon_core.package_identification:_identify(venv/lib/python3.12/site-packages/lark) by extension 'python_setup_py'
[3.049s] Level 1:colcon.colcon_core.package_identification:_identify(venv/lib/python3.12/site-packages/lark/__pycache__) by extensions ['ignore', 'ignore_ament_install']
[3.049s] Level 1:colcon.colcon_core.package_identification:_identify(venv/lib/python3.12/site-packages/lark/__pycache__) by extension 'ignore'
[3.049s] Level 1:colcon.colcon_core.package_identification:_identify(venv/lib/python3.12/site-packages/lark/__pycache__) by extension 'ignore_ament_install'
[3.049s] Level 1:colcon.colcon_core.package_identification:_identify(venv/lib/python3.12/site-packages/lark/__pycache__) by extensions ['colcon_pkg']
[3.049s] Level 1:colcon.colcon_core.package_identification:_identify(venv/lib/python3.12/site-packages/lark/__pycache__) by extension 'colcon_pkg'
[3.049s] Level 1:colcon.colcon_core.package_identification:_identify(venv/lib/python3.12/site-packages/lark/__pycache__) by extensions ['colcon_meta']
[3.049s] Level 1:colcon.colcon_core.package_identification:_identify(venv/lib/python3.12/site-packages/lark/__pycache__) by extension 'colcon_meta'
[3.050s] Level 1:colcon.colcon_core.package_identification:_identify(venv/lib/python3.12/site-packages/lark/__pycache__) by extensions ['ros']
[3.050s] Level 1:colcon.colcon_core.package_identification:_identify(venv/lib/python3.12/site-packages/lark/__pycache__) by extension 'ros'
[3.050s] Level 1:colcon.colcon_core.package_identification:_identify(venv/lib/python3.12/site-packages/lark/__pycache__) by extensions ['cmake', 'python']
[3.050s] Level 1:colcon.colcon_core.package_identification:_identify(venv/lib/python3.12/site-packages/lark/__pycache__) by extension 'cmake'
[3.050s] Level 1:colcon.colcon_core.package_identification:_identify(venv/lib/python3.12/site-packages/lark/__pycache__) by extension 'python'
[3.050s] Level 1:colcon.colcon_core.package_identification:_identify(venv/lib/python3.12/site-packages/lark/__pycache__) by extensions ['python_setup_py']
[3.050s] Level 1:colcon.colcon_core.package_identification:_identify(venv/lib/python3.12/site-packages/lark/__pycache__) by extension 'python_setup_py'
[3.050s] Level 1:colcon.colcon_core.package_identification:_identify(venv/lib/python3.12/site-packages/lark/__pyinstaller) by extensions ['ignore', 'ignore_ament_install']
[3.050s] Level 1:colcon.colcon_core.package_identification:_identify(venv/lib/python3.12/site-packages/lark/__pyinstaller) by extension 'ignore'
[3.050s] Level 1:colcon.colcon_core.package_identification:_identify(venv/lib/python3.12/site-packages/lark/__pyinstaller) by extension 'ignore_ament_install'
[3.050s] Level 1:colcon.colcon_core.package_identification:_identify(venv/lib/python3.12/site-packages/lark/__pyinstaller) by extensions ['colcon_pkg']
[3.050s] Level 1:colcon.colcon_core.package_identification:_identify(venv/lib/python3.12/site-packages/lark/__pyinstaller) by extension 'colcon_pkg'
[3.050s] Level 1:colcon.colcon_core.package_identification:_identify(venv/lib/python3.12/site-packages/lark/__pyinstaller) by extensions ['colcon_meta']
[3.050s] Level 1:colcon.colcon_core.package_identification:_identify(venv/lib/python3.12/site-packages/lark/__pyinstaller) by extension 'colcon_meta'
[3.050s] Level 1:colcon.colcon_core.package_identification:_identify(venv/lib/python3.12/site-packages/lark/__pyinstaller) by extensions ['ros']
[3.050s] Level 1:colcon.colcon_core.package_identification:_identify(venv/lib/python3.12/site-packages/lark/__pyinstaller) by extension 'ros'
[3.051s] Level 1:colcon.colcon_core.package_identification:_identify(venv/lib/python3.12/site-packages/lark/__pyinstaller) by extensions ['cmake', 'python']
[3.051s] Level 1:colcon.colcon_core.package_identification:_identify(venv/lib/python3.12/site-packages/lark/__pyinstaller) by extension 'cmake'
[3.051s] Level 1:colcon.colcon_core.package_identification:_identify(venv/lib/python3.12/site-packages/lark/__pyinstaller) by extension 'python'
[3.051s] Level 1:colcon.colcon_core.package_identification:_identify(venv/lib/python3.12/site-packages/lark/__pyinstaller) by extensions ['python_setup_py']
[3.051s] Level 1:colcon.colcon_core.package_identification:_identify(venv/lib/python3.12/site-packages/lark/__pyinstaller) by extension 'python_setup_py'
[3.051s] Level 1:colcon.colcon_core.package_identification:_identify(venv/lib/python3.12/site-packages/lark/__pyinstaller/__pycache__) by extensions ['ignore', 'ignore_ament_install']
[3.051s] Level 1:colcon.colcon_core.package_identification:_identify(venv/lib/python3.12/site-packages/lark/__pyinstaller/__pycache__) by extension 'ignore'
[3.051s] Level 1:colcon.colcon_core.package_identification:_identify(venv/lib/python3.12/site-packages/lark/__pyinstaller/__pycache__) by extension 'ignore_ament_install'
[3.051s] Level 1:colcon.colcon_core.package_identification:_identify(venv/lib/python3.12/site-packages/lark/__pyinstaller/__pycache__) by extensions ['colcon_pkg']
[3.051s] Level 1:colcon.colcon_core.package_identification:_identify(venv/lib/python3.12/site-packages/lark/__pyinstaller/__pycache__) by extension 'colcon_pkg'
[3.051s] Level 1:colcon.colcon_core.package_identification:_identify(venv/lib/python3.12/site-packages/lark/__pyinstaller/__pycache__) by extensions ['colcon_meta']
[3.051s] Level 1:colcon.colcon_core.package_identification:_identify(venv/lib/python3.12/site-packages/lark/__pyinstaller/__pycache__) by extension 'colcon_meta'
[3.051s] Level 1:colcon.colcon_core.package_identification:_identify(venv/lib/python3.12/site-packages/lark/__pyinstaller/__pycache__) by extensions ['ros']
[3.051s] Level 1:colcon.colcon_core.package_identification:_identify(venv/lib/python3.12/site-packages/lark/__pyinstaller/__pycache__) by extension 'ros'
[3.051s] Level 1:colcon.colcon_core.package_identification:_identify(venv/lib/python3.12/site-packages/lark/__pyinstaller/__pycache__) by extensions ['cmake', 'python']
[3.051s] Level 1:colcon.colcon_core.package_identification:_identify(venv/lib/python3.12/site-packages/lark/__pyinstaller/__pycache__) by extension 'cmake'
[3.051s] Level 1:colcon.colcon_core.package_identification:_identify(venv/lib/python3.12/site-packages/lark/__pyinstaller/__pycache__) by extension 'python'
[3.052s] Level 1:colcon.colcon_core.package_identification:_identify(venv/lib/python3.12/site-packages/lark/__pyinstaller/__pycache__) by extensions ['python_setup_py']
[3.052s] Level 1:colcon.colcon_core.package_identification:_identify(venv/lib/python3.12/site-packages/lark/__pyinstaller/__pycache__) by extension 'python_setup_py'
[3.052s] Level 1:colcon.colcon_core.package_identification:_identify(venv/lib/python3.12/site-packages/lark/grammars) by extensions ['ignore', 'ignore_ament_install']
[3.052s] Level 1:colcon.colcon_core.package_identification:_identify(venv/lib/python3.12/site-packages/lark/grammars) by extension 'ignore'
[3.052s] Level 1:colcon.colcon_core.package_identification:_identify(venv/lib/python3.12/site-packages/lark/grammars) by extension 'ignore_ament_install'
[3.052s] Level 1:colcon.colcon_core.package_identification:_identify(venv/lib/python3.12/site-packages/lark/grammars) by extensions ['colcon_pkg']
[3.052s] Level 1:colcon.colcon_core.package_identification:_identify(venv/lib/python3.12/site-packages/lark/grammars) by extension 'colcon_pkg'
[3.052s] Level 1:colcon.colcon_core.package_identification:_identify(venv/lib/python3.12/site-packages/lark/grammars) by extensions ['colcon_meta']
[3.052s] Level 1:colcon.colcon_core.package_identification:_identify(venv/lib/python3.12/site-packages/lark/grammars) by extension 'colcon_meta'
[3.052s] Level 1:colcon.colcon_core.package_identification:_identify(venv/lib/python3.12/site-packages/lark/grammars) by extensions ['ros']
[3.052s] Level 1:colcon.colcon_core.package_identification:_identify(venv/lib/python3.12/site-packages/lark/grammars) by extension 'ros'
[3.052s] Level 1:colcon.colcon_core.package_identification:_identify(venv/lib/python3.12/site-packages/lark/grammars) by extensions ['cmake', 'python']
[3.052s] Level 1:colcon.colcon_core.package_identification:_identify(venv/lib/python3.12/site-packages/lark/grammars) by extension 'cmake'
[3.052s] Level 1:colcon.colcon_core.package_identification:_identify(venv/lib/python3.12/site-packages/lark/grammars) by extension 'python'
[3.052s] Level 1:colcon.colcon_core.package_identification:_identify(venv/lib/python3.12/site-packages/lark/grammars) by extensions ['python_setup_py']
[3.052s] Level 1:colcon.colcon_core.package_identification:_identify(venv/lib/python3.12/site-packages/lark/grammars) by extension 'python_setup_py'
[3.053s] Level 1:colcon.colcon_core.package_identification:_identify(venv/lib/python3.12/site-packages/lark/parsers) by extensions ['ignore', 'ignore_ament_install']
[3.053s] Level 1:colcon.colcon_core.package_identification:_identify(venv/lib/python3.12/site-packages/lark/parsers) by extension 'ignore'
[3.053s] Level 1:colcon.colcon_core.package_identification:_identify(venv/lib/python3.12/site-packages/lark/parsers) by extension 'ignore_ament_install'
[3.053s] Level 1:colcon.colcon_core.package_identification:_identify(venv/lib/python3.12/site-packages/lark/parsers) by extensions ['colcon_pkg']
[3.053s] Level 1:colcon.colcon_core.package_identification:_identify(venv/lib/python3.12/site-packages/lark/parsers) by extension 'colcon_pkg'
[3.053s] Level 1:colcon.colcon_core.package_identification:_identify(venv/lib/python3.12/site-packages/lark/parsers) by extensions ['colcon_meta']
[3.053s] Level 1:colcon.colcon_core.package_identification:_identify(venv/lib/python3.12/site-packages/lark/parsers) by extension 'colcon_meta'
[3.053s] Level 1:colcon.colcon_core.package_identification:_identify(venv/lib/python3.12/site-packages/lark/parsers) by extensions ['ros']
[3.053s] Level 1:colcon.colcon_core.package_identification:_identify(venv/lib/python3.12/site-packages/lark/parsers) by extension 'ros'
[3.053s] Level 1:colcon.colcon_core.package_identification:_identify(venv/lib/python3.12/site-packages/lark/parsers) by extensions ['cmake', 'python']
[3.053s] Level 1:colcon.colcon_core.package_identification:_identify(venv/lib/python3.12/site-packages/lark/parsers) by extension 'cmake'
[3.053s] Level 1:colcon.colcon_core.package_identification:_identify(venv/lib/python3.12/site-packages/lark/parsers) by extension 'python'
[3.053s] Level 1:colcon.colcon_core.package_identification:_identify(venv/lib/python3.12/site-packages/lark/parsers) by extensions ['python_setup_py']
[3.053s] Level 1:colcon.colcon_core.package_identification:_identify(venv/lib/python3.12/site-packages/lark/parsers) by extension 'python_setup_py'
[3.053s] Level 1:colcon.colcon_core.package_identification:_identify(venv/lib/python3.12/site-packages/lark/parsers/__pycache__) by extensions ['ignore', 'ignore_ament_install']
[3.053s] Level 1:colcon.colcon_core.package_identification:_identify(venv/lib/python3.12/site-packages/lark/parsers/__pycache__) by extension 'ignore'
[3.054s] Level 1:colcon.colcon_core.package_identification:_identify(venv/lib/python3.12/site-packages/lark/parsers/__pycache__) by extension 'ignore_ament_install'
[3.054s] Level 1:colcon.colcon_core.package_identification:_identify(venv/lib/python3.12/site-packages/lark/parsers/__pycache__) by extensions ['colcon_pkg']
[3.054s] Level 1:colcon.colcon_core.package_identification:_identify(venv/lib/python3.12/site-packages/lark/parsers/__pycache__) by extension 'colcon_pkg'
[3.054s] Level 1:colcon.colcon_core.package_identification:_identify(venv/lib/python3.12/site-packages/lark/parsers/__pycache__) by extensions ['colcon_meta']
[3.054s] Level 1:colcon.colcon_core.package_identification:_identify(venv/lib/python3.12/site-packages/lark/parsers/__pycache__) by extension 'colcon_meta'
[3.054s] Level 1:colcon.colcon_core.package_identification:_identify(venv/lib/python3.12/site-packages/lark/parsers/__pycache__) by extensions ['ros']
[3.054s] Level 1:colcon.colcon_core.package_identification:_identify(venv/lib/python3.12/site-packages/lark/parsers/__pycache__) by extension 'ros'
[3.054s] Level 1:colcon.colcon_core.package_identification:_identify(venv/lib/python3.12/site-packages/lark/parsers/__pycache__) by extensions ['cmake', 'python']
[3.054s] Level 1:colcon.colcon_core.package_identification:_identify(venv/lib/python3.12/site-packages/lark/parsers/__pycache__) by extension 'cmake'
[3.054s] Level 1:colcon.colcon_core.package_identification:_identify(venv/lib/python3.12/site-packages/lark/parsers/__pycache__) by extension 'python'
[3.054s] Level 1:colcon.colcon_core.package_identification:_identify(venv/lib/python3.12/site-packages/lark/parsers/__pycache__) by extensions ['python_setup_py']
[3.054s] Level 1:colcon.colcon_core.package_identification:_identify(venv/lib/python3.12/site-packages/lark/parsers/__pycache__) by extension 'python_setup_py'
[3.054s] Level 1:colcon.colcon_core.package_identification:_identify(venv/lib/python3.12/site-packages/lark/tools) by extensions ['ignore', 'ignore_ament_install']
[3.054s] Level 1:colcon.colcon_core.package_identification:_identify(venv/lib/python3.12/site-packages/lark/tools) by extension 'ignore'
[3.054s] Level 1:colcon.colcon_core.package_identification:_identify(venv/lib/python3.12/site-packages/lark/tools) by extension 'ignore_ament_install'
[3.054s] Level 1:colcon.colcon_core.package_identification:_identify(venv/lib/python3.12/site-packages/lark/tools) by extensions ['colcon_pkg']
[3.054s] Level 1:colcon.colcon_core.package_identification:_identify(venv/lib/python3.12/site-packages/lark/tools) by extension 'colcon_pkg'
[3.055s] Level 1:colcon.colcon_core.package_identification:_identify(venv/lib/python3.12/site-packages/lark/tools) by extensions ['colcon_meta']
[3.055s] Level 1:colcon.colcon_core.package_identification:_identify(venv/lib/python3.12/site-packages/lark/tools) by extension 'colcon_meta'
[3.055s] Level 1:colcon.colcon_core.package_identification:_identify(venv/lib/python3.12/site-packages/lark/tools) by extensions ['ros']
[3.055s] Level 1:colcon.colcon_core.package_identification:_identify(venv/lib/python3.12/site-packages/lark/tools) by extension 'ros'
[3.055s] Level 1:colcon.colcon_core.package_identification:_identify(venv/lib/python3.12/site-packages/lark/tools) by extensions ['cmake', 'python']
[3.055s] Level 1:colcon.colcon_core.package_identification:_identify(venv/lib/python3.12/site-packages/lark/tools) by extension 'cmake'
[3.055s] Level 1:colcon.colcon_core.package_identification:_identify(venv/lib/python3.12/site-packages/lark/tools) by extension 'python'
[3.055s] Level 1:colcon.colcon_core.package_identification:_identify(venv/lib/python3.12/site-packages/lark/tools) by extensions ['python_setup_py']
[3.055s] Level 1:colcon.colcon_core.package_identification:_identify(venv/lib/python3.12/site-packages/lark/tools) by extension 'python_setup_py'
[3.055s] Level 1:colcon.colcon_core.package_identification:_identify(venv/lib/python3.12/site-packages/lark/tools/__pycache__) by extensions ['ignore', 'ignore_ament_install']
[3.055s] Level 1:colcon.colcon_core.package_identification:_identify(venv/lib/python3.12/site-packages/lark/tools/__pycache__) by extension 'ignore'
[3.055s] Level 1:colcon.colcon_core.package_identification:_identify(venv/lib/python3.12/site-packages/lark/tools/__pycache__) by extension 'ignore_ament_install'
[3.055s] Level 1:colcon.colcon_core.package_identification:_identify(venv/lib/python3.12/site-packages/lark/tools/__pycache__) by extensions ['colcon_pkg']
[3.055s] Level 1:colcon.colcon_core.package_identification:_identify(venv/lib/python3.12/site-packages/lark/tools/__pycache__) by extension 'colcon_pkg'
[3.056s] Level 1:colcon.colcon_core.package_identification:_identify(venv/lib/python3.12/site-packages/lark/tools/__pycache__) by extensions ['colcon_meta']
[3.056s] Level 1:colcon.colcon_core.package_identification:_identify(venv/lib/python3.12/site-packages/lark/tools/__pycache__) by extension 'colcon_meta'
[3.056s] Level 1:colcon.colcon_core.package_identification:_identify(venv/lib/python3.12/site-packages/lark/tools/__pycache__) by extensions ['ros']
[3.056s] Level 1:colcon.colcon_core.package_identification:_identify(venv/lib/python3.12/site-packages/lark/tools/__pycache__) by extension 'ros'
[3.056s] Level 1:colcon.colcon_core.package_identification:_identify(venv/lib/python3.12/site-packages/lark/tools/__pycache__) by extensions ['cmake', 'python']
[3.056s] Level 1:colcon.colcon_core.package_identification:_identify(venv/lib/python3.12/site-packages/lark/tools/__pycache__) by extension 'cmake'
[3.056s] Level 1:colcon.colcon_core.package_identification:_identify(venv/lib/python3.12/site-packages/lark/tools/__pycache__) by extension 'python'
[3.056s] Level 1:colcon.colcon_core.package_identification:_identify(venv/lib/python3.12/site-packages/lark/tools/__pycache__) by extensions ['python_setup_py']
[3.056s] Level 1:colcon.colcon_core.package_identification:_identify(venv/lib/python3.12/site-packages/lark/tools/__pycache__) by extension 'python_setup_py'
[3.056s] Level 1:colcon.colcon_core.package_identification:_identify(venv/lib/python3.12/site-packages/lark-stubs) by extensions ['ignore', 'ignore_ament_install']
[3.056s] Level 1:colcon.colcon_core.package_identification:_identify(venv/lib/python3.12/site-packages/lark-stubs) by extension 'ignore'
[3.056s] Level 1:colcon.colcon_core.package_identification:_identify(venv/lib/python3.12/site-packages/lark-stubs) by extension 'ignore_ament_install'
[3.056s] Level 1:colcon.colcon_core.package_identification:_identify(venv/lib/python3.12/site-packages/lark-stubs) by extensions ['colcon_pkg']
[3.056s] Level 1:colcon.colcon_core.package_identification:_identify(venv/lib/python3.12/site-packages/lark-stubs) by extension 'colcon_pkg'
[3.056s] Level 1:colcon.colcon_core.package_identification:_identify(venv/lib/python3.12/site-packages/lark-stubs) by extensions ['colcon_meta']
[3.056s] Level 1:colcon.colcon_core.package_identification:_identify(venv/lib/python3.12/site-packages/lark-stubs) by extension 'colcon_meta'
[3.057s] Level 1:colcon.colcon_core.package_identification:_identify(venv/lib/python3.12/site-packages/lark-stubs) by extensions ['ros']
[3.057s] Level 1:colcon.colcon_core.package_identification:_identify(venv/lib/python3.12/site-packages/lark-stubs) by extension 'ros'
[3.057s] Level 1:colcon.colcon_core.package_identification:_identify(venv/lib/python3.12/site-packages/lark-stubs) by extensions ['cmake', 'python']
[3.057s] Level 1:colcon.colcon_core.package_identification:_identify(venv/lib/python3.12/site-packages/lark-stubs) by extension 'cmake'
[3.057s] Level 1:colcon.colcon_core.package_identification:_identify(venv/lib/python3.12/site-packages/lark-stubs) by extension 'python'
[3.057s] Level 1:colcon.colcon_core.package_identification:_identify(venv/lib/python3.12/site-packages/lark-stubs) by extensions ['python_setup_py']
[3.057s] Level 1:colcon.colcon_core.package_identification:_identify(venv/lib/python3.12/site-packages/lark-stubs) by extension 'python_setup_py'
[3.057s] Level 1:colcon.colcon_core.package_identification:_identify(venv/lib/python3.12/site-packages/lark_parser-0.12.0.dist-info) by extensions ['ignore', 'ignore_ament_install']
[3.057s] Level 1:colcon.colcon_core.package_identification:_identify(venv/lib/python3.12/site-packages/lark_parser-0.12.0.dist-info) by extension 'ignore'
[3.057s] Level 1:colcon.colcon_core.package_identification:_identify(venv/lib/python3.12/site-packages/lark_parser-0.12.0.dist-info) by extension 'ignore_ament_install'
[3.057s] Level 1:colcon.colcon_core.package_identification:_identify(venv/lib/python3.12/site-packages/lark_parser-0.12.0.dist-info) by extensions ['colcon_pkg']
[3.057s] Level 1:colcon.colcon_core.package_identification:_identify(venv/lib/python3.12/site-packages/lark_parser-0.12.0.dist-info) by extension 'colcon_pkg'
[3.057s] Level 1:colcon.colcon_core.package_identification:_identify(venv/lib/python3.12/site-packages/lark_parser-0.12.0.dist-info) by extensions ['colcon_meta']
[3.057s] Level 1:colcon.colcon_core.package_identification:_identify(venv/lib/python3.12/site-packages/lark_parser-0.12.0.dist-info) by extension 'colcon_meta'
[3.057s] Level 1:colcon.colcon_core.package_identification:_identify(venv/lib/python3.12/site-packages/lark_parser-0.12.0.dist-info) by extensions ['ros']
[3.058s] Level 1:colcon.colcon_core.package_identification:_identify(venv/lib/python3.12/site-packages/lark_parser-0.12.0.dist-info) by extension 'ros'
[3.058s] Level 1:colcon.colcon_core.package_identification:_identify(venv/lib/python3.12/site-packages/lark_parser-0.12.0.dist-info) by extensions ['cmake', 'python']
[3.058s] Level 1:colcon.colcon_core.package_identification:_identify(venv/lib/python3.12/site-packages/lark_parser-0.12.0.dist-info) by extension 'cmake'
[3.058s] Level 1:colcon.colcon_core.package_identification:_identify(venv/lib/python3.12/site-packages/lark_parser-0.12.0.dist-info) by extension 'python'
[3.058s] Level 1:colcon.colcon_core.package_identification:_identify(venv/lib/python3.12/site-packages/lark_parser-0.12.0.dist-info) by extensions ['python_setup_py']
[3.058s] Level 1:colcon.colcon_core.package_identification:_identify(venv/lib/python3.12/site-packages/lark_parser-0.12.0.dist-info) by extension 'python_setup_py'
[3.058s] Level 1:colcon.colcon_core.package_identification:_identify(venv/lib/python3.12/site-packages/pip) by extensions ['ignore', 'ignore_ament_install']
[3.058s] Level 1:colcon.colcon_core.package_identification:_identify(venv/lib/python3.12/site-packages/pip) by extension 'ignore'
[3.058s] Level 1:colcon.colcon_core.package_identification:_identify(venv/lib/python3.12/site-packages/pip) by extension 'ignore_ament_install'
[3.058s] Level 1:colcon.colcon_core.package_identification:_identify(venv/lib/python3.12/site-packages/pip) by extensions ['colcon_pkg']
[3.058s] Level 1:colcon.colcon_core.package_identification:_identify(venv/lib/python3.12/site-packages/pip) by extension 'colcon_pkg'
[3.058s] Level 1:colcon.colcon_core.package_identification:_identify(venv/lib/python3.12/site-packages/pip) by extensions ['colcon_meta']
[3.058s] Level 1:colcon.colcon_core.package_identification:_identify(venv/lib/python3.12/site-packages/pip) by extension 'colcon_meta'
[3.058s] Level 1:colcon.colcon_core.package_identification:_identify(venv/lib/python3.12/site-packages/pip) by extensions ['ros']
[3.058s] Level 1:colcon.colcon_core.package_identification:_identify(venv/lib/python3.12/site-packages/pip) by extension 'ros'
[3.059s] Level 1:colcon.colcon_core.package_identification:_identify(venv/lib/python3.12/site-packages/pip) by extensions ['cmake', 'python']
[3.059s] Level 1:colcon.colcon_core.package_identification:_identify(venv/lib/python3.12/site-packages/pip) by extension 'cmake'
[3.059s] Level 1:colcon.colcon_core.package_identification:_identify(venv/lib/python3.12/site-packages/pip) by extension 'python'
[3.059s] Level 1:colcon.colcon_core.package_identification:_identify(venv/lib/python3.12/site-packages/pip) by extensions ['python_setup_py']
[3.059s] Level 1:colcon.colcon_core.package_identification:_identify(venv/lib/python3.12/site-packages/pip) by extension 'python_setup_py'
[3.059s] Level 1:colcon.colcon_core.package_identification:_identify(venv/lib/python3.12/site-packages/pip/__pycache__) by extensions ['ignore', 'ignore_ament_install']
[3.059s] Level 1:colcon.colcon_core.package_identification:_identify(venv/lib/python3.12/site-packages/pip/__pycache__) by extension 'ignore'
[3.059s] Level 1:colcon.colcon_core.package_identification:_identify(venv/lib/python3.12/site-packages/pip/__pycache__) by extension 'ignore_ament_install'
[3.059s] Level 1:colcon.colcon_core.package_identification:_identify(venv/lib/python3.12/site-packages/pip/__pycache__) by extensions ['colcon_pkg']
[3.059s] Level 1:colcon.colcon_core.package_identification:_identify(venv/lib/python3.12/site-packages/pip/__pycache__) by extension 'colcon_pkg'
[3.059s] Level 1:colcon.colcon_core.package_identification:_identify(venv/lib/python3.12/site-packages/pip/__pycache__) by extensions ['colcon_meta']
[3.059s] Level 1:colcon.colcon_core.package_identification:_identify(venv/lib/python3.12/site-packages/pip/__pycache__) by extension 'colcon_meta'
[3.059s] Level 1:colcon.colcon_core.package_identification:_identify(venv/lib/python3.12/site-packages/pip/__pycache__) by extensions ['ros']
[3.059s] Level 1:colcon.colcon_core.package_identification:_identify(venv/lib/python3.12/site-packages/pip/__pycache__) by extension 'ros'
[3.059s] Level 1:colcon.colcon_core.package_identification:_identify(venv/lib/python3.12/site-packages/pip/__pycache__) by extensions ['cmake', 'python']
[3.059s] Level 1:colcon.colcon_core.package_identification:_identify(venv/lib/python3.12/site-packages/pip/__pycache__) by extension 'cmake'
[3.059s] Level 1:colcon.colcon_core.package_identification:_identify(venv/lib/python3.12/site-packages/pip/__pycache__) by extension 'python'
[3.059s] Level 1:colcon.colcon_core.package_identification:_identify(venv/lib/python3.12/site-packages/pip/__pycache__) by extensions ['python_setup_py']
[3.060s] Level 1:colcon.colcon_core.package_identification:_identify(venv/lib/python3.12/site-packages/pip/__pycache__) by extension 'python_setup_py'
[3.060s] Level 1:colcon.colcon_core.package_identification:_identify(venv/lib/python3.12/site-packages/pip/_internal) by extensions ['ignore', 'ignore_ament_install']
[3.060s] Level 1:colcon.colcon_core.package_identification:_identify(venv/lib/python3.12/site-packages/pip/_internal) by extension 'ignore'
[3.060s] Level 1:colcon.colcon_core.package_identification:_identify(venv/lib/python3.12/site-packages/pip/_internal) by extension 'ignore_ament_install'
[3.060s] Level 1:colcon.colcon_core.package_identification:_identify(venv/lib/python3.12/site-packages/pip/_internal) by extensions ['colcon_pkg']
[3.060s] Level 1:colcon.colcon_core.package_identification:_identify(venv/lib/python3.12/site-packages/pip/_internal) by extension 'colcon_pkg'
[3.060s] Level 1:colcon.colcon_core.package_identification:_identify(venv/lib/python3.12/site-packages/pip/_internal) by extensions ['colcon_meta']
[3.060s] Level 1:colcon.colcon_core.package_identification:_identify(venv/lib/python3.12/site-packages/pip/_internal) by extension 'colcon_meta'
[3.060s] Level 1:colcon.colcon_core.package_identification:_identify(venv/lib/python3.12/site-packages/pip/_internal) by extensions ['ros']
[3.060s] Level 1:colcon.colcon_core.package_identification:_identify(venv/lib/python3.12/site-packages/pip/_internal) by extension 'ros'
[3.060s] Level 1:colcon.colcon_core.package_identification:_identify(venv/lib/python3.12/site-packages/pip/_internal) by extensions ['cmake', 'python']
[3.060s] Level 1:colcon.colcon_core.package_identification:_identify(venv/lib/python3.12/site-packages/pip/_internal) by extension 'cmake'
[3.060s] Level 1:colcon.colcon_core.package_identification:_identify(venv/lib/python3.12/site-packages/pip/_internal) by extension 'python'
[3.060s] Level 1:colcon.colcon_core.package_identification:_identify(venv/lib/python3.12/site-packages/pip/_internal) by extensions ['python_setup_py']
[3.060s] Level 1:colcon.colcon_core.package_identification:_identify(venv/lib/python3.12/site-packages/pip/_internal) by extension 'python_setup_py'
[3.060s] Level 1:colcon.colcon_core.package_identification:_identify(venv/lib/python3.12/site-packages/pip/_internal/__pycache__) by extensions ['ignore', 'ignore_ament_install']
[3.061s] Level 1:colcon.colcon_core.package_identification:_identify(venv/lib/python3.12/site-packages/pip/_internal/__pycache__) by extension 'ignore'
[3.061s] Level 1:colcon.colcon_core.package_identification:_identify(venv/lib/python3.12/site-packages/pip/_internal/__pycache__) by extension 'ignore_ament_install'
[3.061s] Level 1:colcon.colcon_core.package_identification:_identify(venv/lib/python3.12/site-packages/pip/_internal/__pycache__) by extensions ['colcon_pkg']
[3.061s] Level 1:colcon.colcon_core.package_identification:_identify(venv/lib/python3.12/site-packages/pip/_internal/__pycache__) by extension 'colcon_pkg'
[3.061s] Level 1:colcon.colcon_core.package_identification:_identify(venv/lib/python3.12/site-packages/pip/_internal/__pycache__) by extensions ['colcon_meta']
[3.061s] Level 1:colcon.colcon_core.package_identification:_identify(venv/lib/python3.12/site-packages/pip/_internal/__pycache__) by extension 'colcon_meta'
[3.061s] Level 1:colcon.colcon_core.package_identification:_identify(venv/lib/python3.12/site-packages/pip/_internal/__pycache__) by extensions ['ros']
[3.061s] Level 1:colcon.colcon_core.package_identification:_identify(venv/lib/python3.12/site-packages/pip/_internal/__pycache__) by extension 'ros'
[3.061s] Level 1:colcon.colcon_core.package_identification:_identify(venv/lib/python3.12/site-packages/pip/_internal/__pycache__) by extensions ['cmake', 'python']
[3.061s] Level 1:colcon.colcon_core.package_identification:_identify(venv/lib/python3.12/site-packages/pip/_internal/__pycache__) by extension 'cmake'
[3.061s] Level 1:colcon.colcon_core.package_identification:_identify(venv/lib/python3.12/site-packages/pip/_internal/__pycache__) by extension 'python'
[3.061s] Level 1:colcon.colcon_core.package_identification:_identify(venv/lib/python3.12/site-packages/pip/_internal/__pycache__) by extensions ['python_setup_py']
[3.061s] Level 1:colcon.colcon_core.package_identification:_identify(venv/lib/python3.12/site-packages/pip/_internal/__pycache__) by extension 'python_setup_py'
[3.061s] Level 1:colcon.colcon_core.package_identification:_identify(venv/lib/python3.12/site-packages/pip/_internal/cli) by extensions ['ignore', 'ignore_ament_install']
[3.062s] Level 1:colcon.colcon_core.package_identification:_identify(venv/lib/python3.12/site-packages/pip/_internal/cli) by extension 'ignore'
[3.062s] Level 1:colcon.colcon_core.package_identification:_identify(venv/lib/python3.12/site-packages/pip/_internal/cli) by extension 'ignore_ament_install'
[3.062s] Level 1:colcon.colcon_core.package_identification:_identify(venv/lib/python3.12/site-packages/pip/_internal/cli) by extensions ['colcon_pkg']
[3.062s] Level 1:colcon.colcon_core.package_identification:_identify(venv/lib/python3.12/site-packages/pip/_internal/cli) by extension 'colcon_pkg'
[3.062s] Level 1:colcon.colcon_core.package_identification:_identify(venv/lib/python3.12/site-packages/pip/_internal/cli) by extensions ['colcon_meta']
[3.062s] Level 1:colcon.colcon_core.package_identification:_identify(venv/lib/python3.12/site-packages/pip/_internal/cli) by extension 'colcon_meta'
[3.062s] Level 1:colcon.colcon_core.package_identification:_identify(venv/lib/python3.12/site-packages/pip/_internal/cli) by extensions ['ros']
[3.062s] Level 1:colcon.colcon_core.package_identification:_identify(venv/lib/python3.12/site-packages/pip/_internal/cli) by extension 'ros'
[3.062s] Level 1:colcon.colcon_core.package_identification:_identify(venv/lib/python3.12/site-packages/pip/_internal/cli) by extensions ['cmake', 'python']
[3.062s] Level 1:colcon.colcon_core.package_identification:_identify(venv/lib/python3.12/site-packages/pip/_internal/cli) by extension 'cmake'
[3.062s] Level 1:colcon.colcon_core.package_identification:_identify(venv/lib/python3.12/site-packages/pip/_internal/cli) by extension 'python'
[3.062s] Level 1:colcon.colcon_core.package_identification:_identify(venv/lib/python3.12/site-packages/pip/_internal/cli) by extensions ['python_setup_py']
[3.062s] Level 1:colcon.colcon_core.package_identification:_identify(venv/lib/python3.12/site-packages/pip/_internal/cli) by extension 'python_setup_py'
[3.062s] Level 1:colcon.colcon_core.package_identification:_identify(venv/lib/python3.12/site-packages/pip/_internal/cli/__pycache__) by extensions ['ignore', 'ignore_ament_install']
[3.062s] Level 1:colcon.colcon_core.package_identification:_identify(venv/lib/python3.12/site-packages/pip/_internal/cli/__pycache__) by extension 'ignore'
[3.062s] Level 1:colcon.colcon_core.package_identification:_identify(venv/lib/python3.12/site-packages/pip/_internal/cli/__pycache__) by extension 'ignore_ament_install'
[3.063s] Level 1:colcon.colcon_core.package_identification:_identify(venv/lib/python3.12/site-packages/pip/_internal/cli/__pycache__) by extensions ['colcon_pkg']
[3.063s] Level 1:colcon.colcon_core.package_identification:_identify(venv/lib/python3.12/site-packages/pip/_internal/cli/__pycache__) by extension 'colcon_pkg'
[3.063s] Level 1:colcon.colcon_core.package_identification:_identify(venv/lib/python3.12/site-packages/pip/_internal/cli/__pycache__) by extensions ['colcon_meta']
[3.063s] Level 1:colcon.colcon_core.package_identification:_identify(venv/lib/python3.12/site-packages/pip/_internal/cli/__pycache__) by extension 'colcon_meta'
[3.063s] Level 1:colcon.colcon_core.package_identification:_identify(venv/lib/python3.12/site-packages/pip/_internal/cli/__pycache__) by extensions ['ros']
[3.063s] Level 1:colcon.colcon_core.package_identification:_identify(venv/lib/python3.12/site-packages/pip/_internal/cli/__pycache__) by extension 'ros'
[3.063s] Level 1:colcon.colcon_core.package_identification:_identify(venv/lib/python3.12/site-packages/pip/_internal/cli/__pycache__) by extensions ['cmake', 'python']
[3.063s] Level 1:colcon.colcon_core.package_identification:_identify(venv/lib/python3.12/site-packages/pip/_internal/cli/__pycache__) by extension 'cmake'
[3.063s] Level 1:colcon.colcon_core.package_identification:_identify(venv/lib/python3.12/site-packages/pip/_internal/cli/__pycache__) by extension 'python'
[3.063s] Level 1:colcon.colcon_core.package_identification:_identify(venv/lib/python3.12/site-packages/pip/_internal/cli/__pycache__) by extensions ['python_setup_py']
[3.063s] Level 1:colcon.colcon_core.package_identification:_identify(venv/lib/python3.12/site-packages/pip/_internal/cli/__pycache__) by extension 'python_setup_py'
[3.063s] Level 1:colcon.colcon_core.package_identification:_identify(venv/lib/python3.12/site-packages/pip/_internal/commands) by extensions ['ignore', 'ignore_ament_install']
[3.063s] Level 1:colcon.colcon_core.package_identification:_identify(venv/lib/python3.12/site-packages/pip/_internal/commands) by extension 'ignore'
[3.063s] Level 1:colcon.colcon_core.package_identification:_identify(venv/lib/python3.12/site-packages/pip/_internal/commands) by extension 'ignore_ament_install'
[3.063s] Level 1:colcon.colcon_core.package_identification:_identify(venv/lib/python3.12/site-packages/pip/_internal/commands) by extensions ['colcon_pkg']
[3.063s] Level 1:colcon.colcon_core.package_identification:_identify(venv/lib/python3.12/site-packages/pip/_internal/commands) by extension 'colcon_pkg'
[3.063s] Level 1:colcon.colcon_core.package_identification:_identify(venv/lib/python3.12/site-packages/pip/_internal/commands) by extensions ['colcon_meta']
[3.064s] Level 1:colcon.colcon_core.package_identification:_identify(venv/lib/python3.12/site-packages/pip/_internal/commands) by extension 'colcon_meta'
[3.064s] Level 1:colcon.colcon_core.package_identification:_identify(venv/lib/python3.12/site-packages/pip/_internal/commands) by extensions ['ros']
[3.064s] Level 1:colcon.colcon_core.package_identification:_identify(venv/lib/python3.12/site-packages/pip/_internal/commands) by extension 'ros'
[3.064s] Level 1:colcon.colcon_core.package_identification:_identify(venv/lib/python3.12/site-packages/pip/_internal/commands) by extensions ['cmake', 'python']
[3.064s] Level 1:colcon.colcon_core.package_identification:_identify(venv/lib/python3.12/site-packages/pip/_internal/commands) by extension 'cmake'
[3.064s] Level 1:colcon.colcon_core.package_identification:_identify(venv/lib/python3.12/site-packages/pip/_internal/commands) by extension 'python'
[3.064s] Level 1:colcon.colcon_core.package_identification:_identify(venv/lib/python3.12/site-packages/pip/_internal/commands) by extensions ['python_setup_py']
[3.064s] Level 1:colcon.colcon_core.package_identification:_identify(venv/lib/python3.12/site-packages/pip/_internal/commands) by extension 'python_setup_py'
[3.064s] Level 1:colcon.colcon_core.package_identification:_identify(venv/lib/python3.12/site-packages/pip/_internal/commands/__pycache__) by extensions ['ignore', 'ignore_ament_install']
[3.064s] Level 1:colcon.colcon_core.package_identification:_identify(venv/lib/python3.12/site-packages/pip/_internal/commands/__pycache__) by extension 'ignore'
[3.064s] Level 1:colcon.colcon_core.package_identification:_identify(venv/lib/python3.12/site-packages/pip/_internal/commands/__pycache__) by extension 'ignore_ament_install'
[3.064s] Level 1:colcon.colcon_core.package_identification:_identify(venv/lib/python3.12/site-packages/pip/_internal/commands/__pycache__) by extensions ['colcon_pkg']
[3.064s] Level 1:colcon.colcon_core.package_identification:_identify(venv/lib/python3.12/site-packages/pip/_internal/commands/__pycache__) by extension 'colcon_pkg'
[3.064s] Level 1:colcon.colcon_core.package_identification:_identify(venv/lib/python3.12/site-packages/pip/_internal/commands/__pycache__) by extensions ['colcon_meta']
[3.064s] Level 1:colcon.colcon_core.package_identification:_identify(venv/lib/python3.12/site-packages/pip/_internal/commands/__pycache__) by extension 'colcon_meta'
[3.064s] Level 1:colcon.colcon_core.package_identification:_identify(venv/lib/python3.12/site-packages/pip/_internal/commands/__pycache__) by extensions ['ros']
[3.064s] Level 1:colcon.colcon_core.package_identification:_identify(venv/lib/python3.12/site-packages/pip/_internal/commands/__pycache__) by extension 'ros'
[3.065s] Level 1:colcon.colcon_core.package_identification:_identify(venv/lib/python3.12/site-packages/pip/_internal/commands/__pycache__) by extensions ['cmake', 'python']
[3.065s] Level 1:colcon.colcon_core.package_identification:_identify(venv/lib/python3.12/site-packages/pip/_internal/commands/__pycache__) by extension 'cmake'
[3.065s] Level 1:colcon.colcon_core.package_identification:_identify(venv/lib/python3.12/site-packages/pip/_internal/commands/__pycache__) by extension 'python'
[3.065s] Level 1:colcon.colcon_core.package_identification:_identify(venv/lib/python3.12/site-packages/pip/_internal/commands/__pycache__) by extensions ['python_setup_py']
[3.065s] Level 1:colcon.colcon_core.package_identification:_identify(venv/lib/python3.12/site-packages/pip/_internal/commands/__pycache__) by extension 'python_setup_py'
[3.065s] Level 1:colcon.colcon_core.package_identification:_identify(venv/lib/python3.12/site-packages/pip/_internal/distributions) by extensions ['ignore', 'ignore_ament_install']
[3.065s] Level 1:colcon.colcon_core.package_identification:_identify(venv/lib/python3.12/site-packages/pip/_internal/distributions) by extension 'ignore'
[3.065s] Level 1:colcon.colcon_core.package_identification:_identify(venv/lib/python3.12/site-packages/pip/_internal/distributions) by extension 'ignore_ament_install'
[3.065s] Level 1:colcon.colcon_core.package_identification:_identify(venv/lib/python3.12/site-packages/pip/_internal/distributions) by extensions ['colcon_pkg']
[3.065s] Level 1:colcon.colcon_core.package_identification:_identify(venv/lib/python3.12/site-packages/pip/_internal/distributions) by extension 'colcon_pkg'
[3.065s] Level 1:colcon.colcon_core.package_identification:_identify(venv/lib/python3.12/site-packages/pip/_internal/distributions) by extensions ['colcon_meta']
[3.065s] Level 1:colcon.colcon_core.package_identification:_identify(venv/lib/python3.12/site-packages/pip/_internal/distributions) by extension 'colcon_meta'
[3.065s] Level 1:colcon.colcon_core.package_identification:_identify(venv/lib/python3.12/site-packages/pip/_internal/distributions) by extensions ['ros']
[3.065s] Level 1:colcon.colcon_core.package_identification:_identify(venv/lib/python3.12/site-packages/pip/_internal/distributions) by extension 'ros'
[3.065s] Level 1:colcon.colcon_core.package_identification:_identify(venv/lib/python3.12/site-packages/pip/_internal/distributions) by extensions ['cmake', 'python']
[3.065s] Level 1:colcon.colcon_core.package_identification:_identify(venv/lib/python3.12/site-packages/pip/_internal/distributions) by extension 'cmake'
[3.066s] Level 1:colcon.colcon_core.package_identification:_identify(venv/lib/python3.12/site-packages/pip/_internal/distributions) by extension 'python'
[3.066s] Level 1:colcon.colcon_core.package_identification:_identify(venv/lib/python3.12/site-packages/pip/_internal/distributions) by extensions ['python_setup_py']
[3.066s] Level 1:colcon.colcon_core.package_identification:_identify(venv/lib/python3.12/site-packages/pip/_internal/distributions) by extension 'python_setup_py'
[3.066s] Level 1:colcon.colcon_core.package_identification:_identify(venv/lib/python3.12/site-packages/pip/_internal/distributions/__pycache__) by extensions ['ignore', 'ignore_ament_install']
[3.066s] Level 1:colcon.colcon_core.package_identification:_identify(venv/lib/python3.12/site-packages/pip/_internal/distributions/__pycache__) by extension 'ignore'
[3.066s] Level 1:colcon.colcon_core.package_identification:_identify(venv/lib/python3.12/site-packages/pip/_internal/distributions/__pycache__) by extension 'ignore_ament_install'
[3.066s] Level 1:colcon.colcon_core.package_identification:_identify(venv/lib/python3.12/site-packages/pip/_internal/distributions/__pycache__) by extensions ['colcon_pkg']
[3.066s] Level 1:colcon.colcon_core.package_identification:_identify(venv/lib/python3.12/site-packages/pip/_internal/distributions/__pycache__) by extension 'colcon_pkg'
[3.066s] Level 1:colcon.colcon_core.package_identification:_identify(venv/lib/python3.12/site-packages/pip/_internal/distributions/__pycache__) by extensions ['colcon_meta']
[3.066s] Level 1:colcon.colcon_core.package_identification:_identify(venv/lib/python3.12/site-packages/pip/_internal/distributions/__pycache__) by extension 'colcon_meta'
[3.066s] Level 1:colcon.colcon_core.package_identification:_identify(venv/lib/python3.12/site-packages/pip/_internal/distributions/__pycache__) by extensions ['ros']
[3.066s] Level 1:colcon.colcon_core.package_identification:_identify(venv/lib/python3.12/site-packages/pip/_internal/distributions/__pycache__) by extension 'ros'
[3.066s] Level 1:colcon.colcon_core.package_identification:_identify(venv/lib/python3.12/site-packages/pip/_internal/distributions/__pycache__) by extensions ['cmake', 'python']
[3.066s] Level 1:colcon.colcon_core.package_identification:_identify(venv/lib/python3.12/site-packages/pip/_internal/distributions/__pycache__) by extension 'cmake'
[3.066s] Level 1:colcon.colcon_core.package_identification:_identify(venv/lib/python3.12/site-packages/pip/_internal/distributions/__pycache__) by extension 'python'
[3.066s] Level 1:colcon.colcon_core.package_identification:_identify(venv/lib/python3.12/site-packages/pip/_internal/distributions/__pycache__) by extensions ['python_setup_py']
[3.066s] Level 1:colcon.colcon_core.package_identification:_identify(venv/lib/python3.12/site-packages/pip/_internal/distributions/__pycache__) by extension 'python_setup_py'
[3.067s] Level 1:colcon.colcon_core.package_identification:_identify(venv/lib/python3.12/site-packages/pip/_internal/index) by extensions ['ignore', 'ignore_ament_install']
[3.067s] Level 1:colcon.colcon_core.package_identification:_identify(venv/lib/python3.12/site-packages/pip/_internal/index) by extension 'ignore'
[3.067s] Level 1:colcon.colcon_core.package_identification:_identify(venv/lib/python3.12/site-packages/pip/_internal/index) by extension 'ignore_ament_install'
[3.067s] Level 1:colcon.colcon_core.package_identification:_identify(venv/lib/python3.12/site-packages/pip/_internal/index) by extensions ['colcon_pkg']
[3.067s] Level 1:colcon.colcon_core.package_identification:_identify(venv/lib/python3.12/site-packages/pip/_internal/index) by extension 'colcon_pkg'
[3.067s] Level 1:colcon.colcon_core.package_identification:_identify(venv/lib/python3.12/site-packages/pip/_internal/index) by extensions ['colcon_meta']
[3.067s] Level 1:colcon.colcon_core.package_identification:_identify(venv/lib/python3.12/site-packages/pip/_internal/index) by extension 'colcon_meta'
[3.067s] Level 1:colcon.colcon_core.package_identification:_identify(venv/lib/python3.12/site-packages/pip/_internal/index) by extensions ['ros']
[3.067s] Level 1:colcon.colcon_core.package_identification:_identify(venv/lib/python3.12/site-packages/pip/_internal/index) by extension 'ros'
[3.067s] Level 1:colcon.colcon_core.package_identification:_identify(venv/lib/python3.12/site-packages/pip/_internal/index) by extensions ['cmake', 'python']
[3.067s] Level 1:colcon.colcon_core.package_identification:_identify(venv/lib/python3.12/site-packages/pip/_internal/index) by extension 'cmake'
[3.067s] Level 1:colcon.colcon_core.package_identification:_identify(venv/lib/python3.12/site-packages/pip/_internal/index) by extension 'python'
[3.067s] Level 1:colcon.colcon_core.package_identification:_identify(venv/lib/python3.12/site-packages/pip/_internal/index) by extensions ['python_setup_py']
[3.067s] Level 1:colcon.colcon_core.package_identification:_identify(venv/lib/python3.12/site-packages/pip/_internal/index) by extension 'python_setup_py'
[3.068s] Level 1:colcon.colcon_core.package_identification:_identify(venv/lib/python3.12/site-packages/pip/_internal/index/__pycache__) by extensions ['ignore', 'ignore_ament_install']
[3.068s] Level 1:colcon.colcon_core.package_identification:_identify(venv/lib/python3.12/site-packages/pip/_internal/index/__pycache__) by extension 'ignore'
[3.068s] Level 1:colcon.colcon_core.package_identification:_identify(venv/lib/python3.12/site-packages/pip/_internal/index/__pycache__) by extension 'ignore_ament_install'
[3.068s] Level 1:colcon.colcon_core.package_identification:_identify(venv/lib/python3.12/site-packages/pip/_internal/index/__pycache__) by extensions ['colcon_pkg']
[3.068s] Level 1:colcon.colcon_core.package_identification:_identify(venv/lib/python3.12/site-packages/pip/_internal/index/__pycache__) by extension 'colcon_pkg'
[3.068s] Level 1:colcon.colcon_core.package_identification:_identify(venv/lib/python3.12/site-packages/pip/_internal/index/__pycache__) by extensions ['colcon_meta']
[3.068s] Level 1:colcon.colcon_core.package_identification:_identify(venv/lib/python3.12/site-packages/pip/_internal/index/__pycache__) by extension 'colcon_meta'
[3.068s] Level 1:colcon.colcon_core.package_identification:_identify(venv/lib/python3.12/site-packages/pip/_internal/index/__pycache__) by extensions ['ros']
[3.068s] Level 1:colcon.colcon_core.package_identification:_identify(venv/lib/python3.12/site-packages/pip/_internal/index/__pycache__) by extension 'ros'
[3.068s] Level 1:colcon.colcon_core.package_identification:_identify(venv/lib/python3.12/site-packages/pip/_internal/index/__pycache__) by extensions ['cmake', 'python']
[3.068s] Level 1:colcon.colcon_core.package_identification:_identify(venv/lib/python3.12/site-packages/pip/_internal/index/__pycache__) by extension 'cmake'
[3.068s] Level 1:colcon.colcon_core.package_identification:_identify(venv/lib/python3.12/site-packages/pip/_internal/index/__pycache__) by extension 'python'
[3.068s] Level 1:colcon.colcon_core.package_identification:_identify(venv/lib/python3.12/site-packages/pip/_internal/index/__pycache__) by extensions ['python_setup_py']
[3.068s] Level 1:colcon.colcon_core.package_identification:_identify(venv/lib/python3.12/site-packages/pip/_internal/index/__pycache__) by extension 'python_setup_py'
[3.068s] Level 1:colcon.colcon_core.package_identification:_identify(venv/lib/python3.12/site-packages/pip/_internal/locations) by extensions ['ignore', 'ignore_ament_install']
[3.068s] Level 1:colcon.colcon_core.package_identification:_identify(venv/lib/python3.12/site-packages/pip/_internal/locations) by extension 'ignore'
[3.069s] Level 1:colcon.colcon_core.package_identification:_identify(venv/lib/python3.12/site-packages/pip/_internal/locations) by extension 'ignore_ament_install'
[3.069s] Level 1:colcon.colcon_core.package_identification:_identify(venv/lib/python3.12/site-packages/pip/_internal/locations) by extensions ['colcon_pkg']
[3.069s] Level 1:colcon.colcon_core.package_identification:_identify(venv/lib/python3.12/site-packages/pip/_internal/locations) by extension 'colcon_pkg'
[3.069s] Level 1:colcon.colcon_core.package_identification:_identify(venv/lib/python3.12/site-packages/pip/_internal/locations) by extensions ['colcon_meta']
[3.069s] Level 1:colcon.colcon_core.package_identification:_identify(venv/lib/python3.12/site-packages/pip/_internal/locations) by extension 'colcon_meta'
[3.069s] Level 1:colcon.colcon_core.package_identification:_identify(venv/lib/python3.12/site-packages/pip/_internal/locations) by extensions ['ros']
[3.069s] Level 1:colcon.colcon_core.package_identification:_identify(venv/lib/python3.12/site-packages/pip/_internal/locations) by extension 'ros'
[3.069s] Level 1:colcon.colcon_core.package_identification:_identify(venv/lib/python3.12/site-packages/pip/_internal/locations) by extensions ['cmake', 'python']
[3.069s] Level 1:colcon.colcon_core.package_identification:_identify(venv/lib/python3.12/site-packages/pip/_internal/locations) by extension 'cmake'
[3.069s] Level 1:colcon.colcon_core.package_identification:_identify(venv/lib/python3.12/site-packages/pip/_internal/locations) by extension 'python'
[3.069s] Level 1:colcon.colcon_core.package_identification:_identify(venv/lib/python3.12/site-packages/pip/_internal/locations) by extensions ['python_setup_py']
[3.069s] Level 1:colcon.colcon_core.package_identification:_identify(venv/lib/python3.12/site-packages/pip/_internal/locations) by extension 'python_setup_py'
[3.069s] Level 1:colcon.colcon_core.package_identification:_identify(venv/lib/python3.12/site-packages/pip/_internal/locations/__pycache__) by extensions ['ignore', 'ignore_ament_install']
[3.069s] Level 1:colcon.colcon_core.package_identification:_identify(venv/lib/python3.12/site-packages/pip/_internal/locations/__pycache__) by extension 'ignore'
[3.069s] Level 1:colcon.colcon_core.package_identification:_identify(venv/lib/python3.12/site-packages/pip/_internal/locations/__pycache__) by extension 'ignore_ament_install'
[3.069s] Level 1:colcon.colcon_core.package_identification:_identify(venv/lib/python3.12/site-packages/pip/_internal/locations/__pycache__) by extensions ['colcon_pkg']
[3.070s] Level 1:colcon.colcon_core.package_identification:_identify(venv/lib/python3.12/site-packages/pip/_internal/locations/__pycache__) by extension 'colcon_pkg'
[3.070s] Level 1:colcon.colcon_core.package_identification:_identify(venv/lib/python3.12/site-packages/pip/_internal/locations/__pycache__) by extensions ['colcon_meta']
[3.070s] Level 1:colcon.colcon_core.package_identification:_identify(venv/lib/python3.12/site-packages/pip/_internal/locations/__pycache__) by extension 'colcon_meta'
[3.070s] Level 1:colcon.colcon_core.package_identification:_identify(venv/lib/python3.12/site-packages/pip/_internal/locations/__pycache__) by extensions ['ros']
[3.070s] Level 1:colcon.colcon_core.package_identification:_identify(venv/lib/python3.12/site-packages/pip/_internal/locations/__pycache__) by extension 'ros'
[3.070s] Level 1:colcon.colcon_core.package_identification:_identify(venv/lib/python3.12/site-packages/pip/_internal/locations/__pycache__) by extensions ['cmake', 'python']
[3.070s] Level 1:colcon.colcon_core.package_identification:_identify(venv/lib/python3.12/site-packages/pip/_internal/locations/__pycache__) by extension 'cmake'
[3.070s] Level 1:colcon.colcon_core.package_identification:_identify(venv/lib/python3.12/site-packages/pip/_internal/locations/__pycache__) by extension 'python'
[3.070s] Level 1:colcon.colcon_core.package_identification:_identify(venv/lib/python3.12/site-packages/pip/_internal/locations/__pycache__) by extensions ['python_setup_py']
[3.070s] Level 1:colcon.colcon_core.package_identification:_identify(venv/lib/python3.12/site-packages/pip/_internal/locations/__pycache__) by extension 'python_setup_py'
[3.070s] Level 1:colcon.colcon_core.package_identification:_identify(venv/lib/python3.12/site-packages/pip/_internal/metadata) by extensions ['ignore', 'ignore_ament_install']
[3.070s] Level 1:colcon.colcon_core.package_identification:_identify(venv/lib/python3.12/site-packages/pip/_internal/metadata) by extension 'ignore'
[3.070s] Level 1:colcon.colcon_core.package_identification:_identify(venv/lib/python3.12/site-packages/pip/_internal/metadata) by extension 'ignore_ament_install'
[3.070s] Level 1:colcon.colcon_core.package_identification:_identify(venv/lib/python3.12/site-packages/pip/_internal/metadata) by extensions ['colcon_pkg']
[3.070s] Level 1:colcon.colcon_core.package_identification:_identify(venv/lib/python3.12/site-packages/pip/_internal/metadata) by extension 'colcon_pkg'
[3.070s] Level 1:colcon.colcon_core.package_identification:_identify(venv/lib/python3.12/site-packages/pip/_internal/metadata) by extensions ['colcon_meta']
[3.070s] Level 1:colcon.colcon_core.package_identification:_identify(venv/lib/python3.12/site-packages/pip/_internal/metadata) by extension 'colcon_meta'
[3.071s] Level 1:colcon.colcon_core.package_identification:_identify(venv/lib/python3.12/site-packages/pip/_internal/metadata) by extensions ['ros']
[3.071s] Level 1:colcon.colcon_core.package_identification:_identify(venv/lib/python3.12/site-packages/pip/_internal/metadata) by extension 'ros'
[3.071s] Level 1:colcon.colcon_core.package_identification:_identify(venv/lib/python3.12/site-packages/pip/_internal/metadata) by extensions ['cmake', 'python']
[3.071s] Level 1:colcon.colcon_core.package_identification:_identify(venv/lib/python3.12/site-packages/pip/_internal/metadata) by extension 'cmake'
[3.071s] Level 1:colcon.colcon_core.package_identification:_identify(venv/lib/python3.12/site-packages/pip/_internal/metadata) by extension 'python'
[3.071s] Level 1:colcon.colcon_core.package_identification:_identify(venv/lib/python3.12/site-packages/pip/_internal/metadata) by extensions ['python_setup_py']
[3.071s] Level 1:colcon.colcon_core.package_identification:_identify(venv/lib/python3.12/site-packages/pip/_internal/metadata) by extension 'python_setup_py'
[3.071s] Level 1:colcon.colcon_core.package_identification:_identify(venv/lib/python3.12/site-packages/pip/_internal/metadata/__pycache__) by extensions ['ignore', 'ignore_ament_install']
[3.071s] Level 1:colcon.colcon_core.package_identification:_identify(venv/lib/python3.12/site-packages/pip/_internal/metadata/__pycache__) by extension 'ignore'
[3.071s] Level 1:colcon.colcon_core.package_identification:_identify(venv/lib/python3.12/site-packages/pip/_internal/metadata/__pycache__) by extension 'ignore_ament_install'
[3.071s] Level 1:colcon.colcon_core.package_identification:_identify(venv/lib/python3.12/site-packages/pip/_internal/metadata/__pycache__) by extensions ['colcon_pkg']
[3.071s] Level 1:colcon.colcon_core.package_identification:_identify(venv/lib/python3.12/site-packages/pip/_internal/metadata/__pycache__) by extension 'colcon_pkg'
[3.071s] Level 1:colcon.colcon_core.package_identification:_identify(venv/lib/python3.12/site-packages/pip/_internal/metadata/__pycache__) by extensions ['colcon_meta']
[3.071s] Level 1:colcon.colcon_core.package_identification:_identify(venv/lib/python3.12/site-packages/pip/_internal/metadata/__pycache__) by extension 'colcon_meta'
[3.071s] Level 1:colcon.colcon_core.package_identification:_identify(venv/lib/python3.12/site-packages/pip/_internal/metadata/__pycache__) by extensions ['ros']
[3.071s] Level 1:colcon.colcon_core.package_identification:_identify(venv/lib/python3.12/site-packages/pip/_internal/metadata/__pycache__) by extension 'ros'
[3.072s] Level 1:colcon.colcon_core.package_identification:_identify(venv/lib/python3.12/site-packages/pip/_internal/metadata/__pycache__) by extensions ['cmake', 'python']
[3.072s] Level 1:colcon.colcon_core.package_identification:_identify(venv/lib/python3.12/site-packages/pip/_internal/metadata/__pycache__) by extension 'cmake'
[3.072s] Level 1:colcon.colcon_core.package_identification:_identify(venv/lib/python3.12/site-packages/pip/_internal/metadata/__pycache__) by extension 'python'
[3.072s] Level 1:colcon.colcon_core.package_identification:_identify(venv/lib/python3.12/site-packages/pip/_internal/metadata/__pycache__) by extensions ['python_setup_py']
[3.072s] Level 1:colcon.colcon_core.package_identification:_identify(venv/lib/python3.12/site-packages/pip/_internal/metadata/__pycache__) by extension 'python_setup_py'
[3.072s] Level 1:colcon.colcon_core.package_identification:_identify(venv/lib/python3.12/site-packages/pip/_internal/metadata/importlib) by extensions ['ignore', 'ignore_ament_install']
[3.072s] Level 1:colcon.colcon_core.package_identification:_identify(venv/lib/python3.12/site-packages/pip/_internal/metadata/importlib) by extension 'ignore'
[3.072s] Level 1:colcon.colcon_core.package_identification:_identify(venv/lib/python3.12/site-packages/pip/_internal/metadata/importlib) by extension 'ignore_ament_install'
[3.072s] Level 1:colcon.colcon_core.package_identification:_identify(venv/lib/python3.12/site-packages/pip/_internal/metadata/importlib) by extensions ['colcon_pkg']
[3.072s] Level 1:colcon.colcon_core.package_identification:_identify(venv/lib/python3.12/site-packages/pip/_internal/metadata/importlib) by extension 'colcon_pkg'
[3.072s] Level 1:colcon.colcon_core.package_identification:_identify(venv/lib/python3.12/site-packages/pip/_internal/metadata/importlib) by extensions ['colcon_meta']
[3.072s] Level 1:colcon.colcon_core.package_identification:_identify(venv/lib/python3.12/site-packages/pip/_internal/metadata/importlib) by extension 'colcon_meta'
[3.072s] Level 1:colcon.colcon_core.package_identification:_identify(venv/lib/python3.12/site-packages/pip/_internal/metadata/importlib) by extensions ['ros']
[3.072s] Level 1:colcon.colcon_core.package_identification:_identify(venv/lib/python3.12/site-packages/pip/_internal/metadata/importlib) by extension 'ros'
[3.072s] Level 1:colcon.colcon_core.package_identification:_identify(venv/lib/python3.12/site-packages/pip/_internal/metadata/importlib) by extensions ['cmake', 'python']
[3.072s] Level 1:colcon.colcon_core.package_identification:_identify(venv/lib/python3.12/site-packages/pip/_internal/metadata/importlib) by extension 'cmake'
[3.072s] Level 1:colcon.colcon_core.package_identification:_identify(venv/lib/python3.12/site-packages/pip/_internal/metadata/importlib) by extension 'python'
[3.073s] Level 1:colcon.colcon_core.package_identification:_identify(venv/lib/python3.12/site-packages/pip/_internal/metadata/importlib) by extensions ['python_setup_py']
[3.073s] Level 1:colcon.colcon_core.package_identification:_identify(venv/lib/python3.12/site-packages/pip/_internal/metadata/importlib) by extension 'python_setup_py'
[3.073s] Level 1:colcon.colcon_core.package_identification:_identify(venv/lib/python3.12/site-packages/pip/_internal/metadata/importlib/__pycache__) by extensions ['ignore', 'ignore_ament_install']
[3.073s] Level 1:colcon.colcon_core.package_identification:_identify(venv/lib/python3.12/site-packages/pip/_internal/metadata/importlib/__pycache__) by extension 'ignore'
[3.073s] Level 1:colcon.colcon_core.package_identification:_identify(venv/lib/python3.12/site-packages/pip/_internal/metadata/importlib/__pycache__) by extension 'ignore_ament_install'
[3.073s] Level 1:colcon.colcon_core.package_identification:_identify(venv/lib/python3.12/site-packages/pip/_internal/metadata/importlib/__pycache__) by extensions ['colcon_pkg']
[3.073s] Level 1:colcon.colcon_core.package_identification:_identify(venv/lib/python3.12/site-packages/pip/_internal/metadata/importlib/__pycache__) by extension 'colcon_pkg'
[3.073s] Level 1:colcon.colcon_core.package_identification:_identify(venv/lib/python3.12/site-packages/pip/_internal/metadata/importlib/__pycache__) by extensions ['colcon_meta']
[3.073s] Level 1:colcon.colcon_core.package_identification:_identify(venv/lib/python3.12/site-packages/pip/_internal/metadata/importlib/__pycache__) by extension 'colcon_meta'
[3.073s] Level 1:colcon.colcon_core.package_identification:_identify(venv/lib/python3.12/site-packages/pip/_internal/metadata/importlib/__pycache__) by extensions ['ros']
[3.073s] Level 1:colcon.colcon_core.package_identification:_identify(venv/lib/python3.12/site-packages/pip/_internal/metadata/importlib/__pycache__) by extension 'ros'
[3.073s] Level 1:colcon.colcon_core.package_identification:_identify(venv/lib/python3.12/site-packages/pip/_internal/metadata/importlib/__pycache__) by extensions ['cmake', 'python']
[3.073s] Level 1:colcon.colcon_core.package_identification:_identify(venv/lib/python3.12/site-packages/pip/_internal/metadata/importlib/__pycache__) by extension 'cmake'
[3.073s] Level 1:colcon.colcon_core.package_identification:_identify(venv/lib/python3.12/site-packages/pip/_internal/metadata/importlib/__pycache__) by extension 'python'
[3.073s] Level 1:colcon.colcon_core.package_identification:_identify(venv/lib/python3.12/site-packages/pip/_internal/metadata/importlib/__pycache__) by extensions ['python_setup_py']
[3.074s] Level 1:colcon.colcon_core.package_identification:_identify(venv/lib/python3.12/site-packages/pip/_internal/metadata/importlib/__pycache__) by extension 'python_setup_py'
[3.074s] Level 1:colcon.colcon_core.package_identification:_identify(venv/lib/python3.12/site-packages/pip/_internal/models) by extensions ['ignore', 'ignore_ament_install']
[3.074s] Level 1:colcon.colcon_core.package_identification:_identify(venv/lib/python3.12/site-packages/pip/_internal/models) by extension 'ignore'
[3.074s] Level 1:colcon.colcon_core.package_identification:_identify(venv/lib/python3.12/site-packages/pip/_internal/models) by extension 'ignore_ament_install'
[3.074s] Level 1:colcon.colcon_core.package_identification:_identify(venv/lib/python3.12/site-packages/pip/_internal/models) by extensions ['colcon_pkg']
[3.074s] Level 1:colcon.colcon_core.package_identification:_identify(venv/lib/python3.12/site-packages/pip/_internal/models) by extension 'colcon_pkg'
[3.074s] Level 1:colcon.colcon_core.package_identification:_identify(venv/lib/python3.12/site-packages/pip/_internal/models) by extensions ['colcon_meta']
[3.074s] Level 1:colcon.colcon_core.package_identification:_identify(venv/lib/python3.12/site-packages/pip/_internal/models) by extension 'colcon_meta'
[3.074s] Level 1:colcon.colcon_core.package_identification:_identify(venv/lib/python3.12/site-packages/pip/_internal/models) by extensions ['ros']
[3.074s] Level 1:colcon.colcon_core.package_identification:_identify(venv/lib/python3.12/site-packages/pip/_internal/models) by extension 'ros'
[3.074s] Level 1:colcon.colcon_core.package_identification:_identify(venv/lib/python3.12/site-packages/pip/_internal/models) by extensions ['cmake', 'python']
[3.074s] Level 1:colcon.colcon_core.package_identification:_identify(venv/lib/python3.12/site-packages/pip/_internal/models) by extension 'cmake'
[3.074s] Level 1:colcon.colcon_core.package_identification:_identify(venv/lib/python3.12/site-packages/pip/_internal/models) by extension 'python'
[3.074s] Level 1:colcon.colcon_core.package_identification:_identify(venv/lib/python3.12/site-packages/pip/_internal/models) by extensions ['python_setup_py']
[3.074s] Level 1:colcon.colcon_core.package_identification:_identify(venv/lib/python3.12/site-packages/pip/_internal/models) by extension 'python_setup_py'
[3.075s] Level 1:colcon.colcon_core.package_identification:_identify(venv/lib/python3.12/site-packages/pip/_internal/models/__pycache__) by extensions ['ignore', 'ignore_ament_install']
[3.075s] Level 1:colcon.colcon_core.package_identification:_identify(venv/lib/python3.12/site-packages/pip/_internal/models/__pycache__) by extension 'ignore'
[3.075s] Level 1:colcon.colcon_core.package_identification:_identify(venv/lib/python3.12/site-packages/pip/_internal/models/__pycache__) by extension 'ignore_ament_install'
[3.075s] Level 1:colcon.colcon_core.package_identification:_identify(venv/lib/python3.12/site-packages/pip/_internal/models/__pycache__) by extensions ['colcon_pkg']
[3.075s] Level 1:colcon.colcon_core.package_identification:_identify(venv/lib/python3.12/site-packages/pip/_internal/models/__pycache__) by extension 'colcon_pkg'
[3.075s] Level 1:colcon.colcon_core.package_identification:_identify(venv/lib/python3.12/site-packages/pip/_internal/models/__pycache__) by extensions ['colcon_meta']
[3.075s] Level 1:colcon.colcon_core.package_identification:_identify(venv/lib/python3.12/site-packages/pip/_internal/models/__pycache__) by extension 'colcon_meta'
[3.075s] Level 1:colcon.colcon_core.package_identification:_identify(venv/lib/python3.12/site-packages/pip/_internal/models/__pycache__) by extensions ['ros']
[3.075s] Level 1:colcon.colcon_core.package_identification:_identify(venv/lib/python3.12/site-packages/pip/_internal/models/__pycache__) by extension 'ros'
[3.075s] Level 1:colcon.colcon_core.package_identification:_identify(venv/lib/python3.12/site-packages/pip/_internal/models/__pycache__) by extensions ['cmake', 'python']
[3.075s] Level 1:colcon.colcon_core.package_identification:_identify(venv/lib/python3.12/site-packages/pip/_internal/models/__pycache__) by extension 'cmake'
[3.075s] Level 1:colcon.colcon_core.package_identification:_identify(venv/lib/python3.12/site-packages/pip/_internal/models/__pycache__) by extension 'python'
[3.075s] Level 1:colcon.colcon_core.package_identification:_identify(venv/lib/python3.12/site-packages/pip/_internal/models/__pycache__) by extensions ['python_setup_py']
[3.075s] Level 1:colcon.colcon_core.package_identification:_identify(venv/lib/python3.12/site-packages/pip/_internal/models/__pycache__) by extension 'python_setup_py'
[3.075s] Level 1:colcon.colcon_core.package_identification:_identify(venv/lib/python3.12/site-packages/pip/_internal/network) by extensions ['ignore', 'ignore_ament_install']
[3.075s] Level 1:colcon.colcon_core.package_identification:_identify(venv/lib/python3.12/site-packages/pip/_internal/network) by extension 'ignore'
[3.076s] Level 1:colcon.colcon_core.package_identification:_identify(venv/lib/python3.12/site-packages/pip/_internal/network) by extension 'ignore_ament_install'
[3.076s] Level 1:colcon.colcon_core.package_identification:_identify(venv/lib/python3.12/site-packages/pip/_internal/network) by extensions ['colcon_pkg']
[3.076s] Level 1:colcon.colcon_core.package_identification:_identify(venv/lib/python3.12/site-packages/pip/_internal/network) by extension 'colcon_pkg'
[3.076s] Level 1:colcon.colcon_core.package_identification:_identify(venv/lib/python3.12/site-packages/pip/_internal/network) by extensions ['colcon_meta']
[3.076s] Level 1:colcon.colcon_core.package_identification:_identify(venv/lib/python3.12/site-packages/pip/_internal/network) by extension 'colcon_meta'
[3.076s] Level 1:colcon.colcon_core.package_identification:_identify(venv/lib/python3.12/site-packages/pip/_internal/network) by extensions ['ros']
[3.076s] Level 1:colcon.colcon_core.package_identification:_identify(venv/lib/python3.12/site-packages/pip/_internal/network) by extension 'ros'
[3.076s] Level 1:colcon.colcon_core.package_identification:_identify(venv/lib/python3.12/site-packages/pip/_internal/network) by extensions ['cmake', 'python']
[3.076s] Level 1:colcon.colcon_core.package_identification:_identify(venv/lib/python3.12/site-packages/pip/_internal/network) by extension 'cmake'
[3.076s] Level 1:colcon.colcon_core.package_identification:_identify(venv/lib/python3.12/site-packages/pip/_internal/network) by extension 'python'
[3.076s] Level 1:colcon.colcon_core.package_identification:_identify(venv/lib/python3.12/site-packages/pip/_internal/network) by extensions ['python_setup_py']
[3.076s] Level 1:colcon.colcon_core.package_identification:_identify(venv/lib/python3.12/site-packages/pip/_internal/network) by extension 'python_setup_py'
[3.076s] Level 1:colcon.colcon_core.package_identification:_identify(venv/lib/python3.12/site-packages/pip/_internal/network/__pycache__) by extensions ['ignore', 'ignore_ament_install']
[3.076s] Level 1:colcon.colcon_core.package_identification:_identify(venv/lib/python3.12/site-packages/pip/_internal/network/__pycache__) by extension 'ignore'
[3.076s] Level 1:colcon.colcon_core.package_identification:_identify(venv/lib/python3.12/site-packages/pip/_internal/network/__pycache__) by extension 'ignore_ament_install'
[3.076s] Level 1:colcon.colcon_core.package_identification:_identify(venv/lib/python3.12/site-packages/pip/_internal/network/__pycache__) by extensions ['colcon_pkg']
[3.076s] Level 1:colcon.colcon_core.package_identification:_identify(venv/lib/python3.12/site-packages/pip/_internal/network/__pycache__) by extension 'colcon_pkg'
[3.077s] Level 1:colcon.colcon_core.package_identification:_identify(venv/lib/python3.12/site-packages/pip/_internal/network/__pycache__) by extensions ['colcon_meta']
[3.077s] Level 1:colcon.colcon_core.package_identification:_identify(venv/lib/python3.12/site-packages/pip/_internal/network/__pycache__) by extension 'colcon_meta'
[3.077s] Level 1:colcon.colcon_core.package_identification:_identify(venv/lib/python3.12/site-packages/pip/_internal/network/__pycache__) by extensions ['ros']
[3.077s] Level 1:colcon.colcon_core.package_identification:_identify(venv/lib/python3.12/site-packages/pip/_internal/network/__pycache__) by extension 'ros'
[3.077s] Level 1:colcon.colcon_core.package_identification:_identify(venv/lib/python3.12/site-packages/pip/_internal/network/__pycache__) by extensions ['cmake', 'python']
[3.077s] Level 1:colcon.colcon_core.package_identification:_identify(venv/lib/python3.12/site-packages/pip/_internal/network/__pycache__) by extension 'cmake'
[3.077s] Level 1:colcon.colcon_core.package_identification:_identify(venv/lib/python3.12/site-packages/pip/_internal/network/__pycache__) by extension 'python'
[3.077s] Level 1:colcon.colcon_core.package_identification:_identify(venv/lib/python3.12/site-packages/pip/_internal/network/__pycache__) by extensions ['python_setup_py']
[3.077s] Level 1:colcon.colcon_core.package_identification:_identify(venv/lib/python3.12/site-packages/pip/_internal/network/__pycache__) by extension 'python_setup_py'
[3.077s] Level 1:colcon.colcon_core.package_identification:_identify(venv/lib/python3.12/site-packages/pip/_internal/operations) by extensions ['ignore', 'ignore_ament_install']
[3.077s] Level 1:colcon.colcon_core.package_identification:_identify(venv/lib/python3.12/site-packages/pip/_internal/operations) by extension 'ignore'
[3.077s] Level 1:colcon.colcon_core.package_identification:_identify(venv/lib/python3.12/site-packages/pip/_internal/operations) by extension 'ignore_ament_install'
[3.077s] Level 1:colcon.colcon_core.package_identification:_identify(venv/lib/python3.12/site-packages/pip/_internal/operations) by extensions ['colcon_pkg']
[3.077s] Level 1:colcon.colcon_core.package_identification:_identify(venv/lib/python3.12/site-packages/pip/_internal/operations) by extension 'colcon_pkg'
[3.077s] Level 1:colcon.colcon_core.package_identification:_identify(venv/lib/python3.12/site-packages/pip/_internal/operations) by extensions ['colcon_meta']
[3.077s] Level 1:colcon.colcon_core.package_identification:_identify(venv/lib/python3.12/site-packages/pip/_internal/operations) by extension 'colcon_meta'
[3.077s] Level 1:colcon.colcon_core.package_identification:_identify(venv/lib/python3.12/site-packages/pip/_internal/operations) by extensions ['ros']
[3.078s] Level 1:colcon.colcon_core.package_identification:_identify(venv/lib/python3.12/site-packages/pip/_internal/operations) by extension 'ros'
[3.078s] Level 1:colcon.colcon_core.package_identification:_identify(venv/lib/python3.12/site-packages/pip/_internal/operations) by extensions ['cmake', 'python']
[3.078s] Level 1:colcon.colcon_core.package_identification:_identify(venv/lib/python3.12/site-packages/pip/_internal/operations) by extension 'cmake'
[3.078s] Level 1:colcon.colcon_core.package_identification:_identify(venv/lib/python3.12/site-packages/pip/_internal/operations) by extension 'python'
[3.078s] Level 1:colcon.colcon_core.package_identification:_identify(venv/lib/python3.12/site-packages/pip/_internal/operations) by extensions ['python_setup_py']
[3.078s] Level 1:colcon.colcon_core.package_identification:_identify(venv/lib/python3.12/site-packages/pip/_internal/operations) by extension 'python_setup_py'
[3.078s] Level 1:colcon.colcon_core.package_identification:_identify(venv/lib/python3.12/site-packages/pip/_internal/operations/__pycache__) by extensions ['ignore', 'ignore_ament_install']
[3.078s] Level 1:colcon.colcon_core.package_identification:_identify(venv/lib/python3.12/site-packages/pip/_internal/operations/__pycache__) by extension 'ignore'
[3.078s] Level 1:colcon.colcon_core.package_identification:_identify(venv/lib/python3.12/site-packages/pip/_internal/operations/__pycache__) by extension 'ignore_ament_install'
[3.078s] Level 1:colcon.colcon_core.package_identification:_identify(venv/lib/python3.12/site-packages/pip/_internal/operations/__pycache__) by extensions ['colcon_pkg']
[3.078s] Level 1:colcon.colcon_core.package_identification:_identify(venv/lib/python3.12/site-packages/pip/_internal/operations/__pycache__) by extension 'colcon_pkg'
[3.078s] Level 1:colcon.colcon_core.package_identification:_identify(venv/lib/python3.12/site-packages/pip/_internal/operations/__pycache__) by extensions ['colcon_meta']
[3.078s] Level 1:colcon.colcon_core.package_identification:_identify(venv/lib/python3.12/site-packages/pip/_internal/operations/__pycache__) by extension 'colcon_meta'
[3.078s] Level 1:colcon.colcon_core.package_identification:_identify(venv/lib/python3.12/site-packages/pip/_internal/operations/__pycache__) by extensions ['ros']
[3.078s] Level 1:colcon.colcon_core.package_identification:_identify(venv/lib/python3.12/site-packages/pip/_internal/operations/__pycache__) by extension 'ros'
[3.079s] Level 1:colcon.colcon_core.package_identification:_identify(venv/lib/python3.12/site-packages/pip/_internal/operations/__pycache__) by extensions ['cmake', 'python']
[3.079s] Level 1:colcon.colcon_core.package_identification:_identify(venv/lib/python3.12/site-packages/pip/_internal/operations/__pycache__) by extension 'cmake'
[3.079s] Level 1:colcon.colcon_core.package_identification:_identify(venv/lib/python3.12/site-packages/pip/_internal/operations/__pycache__) by extension 'python'
[3.079s] Level 1:colcon.colcon_core.package_identification:_identify(venv/lib/python3.12/site-packages/pip/_internal/operations/__pycache__) by extensions ['python_setup_py']
[3.079s] Level 1:colcon.colcon_core.package_identification:_identify(venv/lib/python3.12/site-packages/pip/_internal/operations/__pycache__) by extension 'python_setup_py'
[3.079s] Level 1:colcon.colcon_core.package_identification:_identify(venv/lib/python3.12/site-packages/pip/_internal/operations/build) by extensions ['ignore', 'ignore_ament_install']
[3.079s] Level 1:colcon.colcon_core.package_identification:_identify(venv/lib/python3.12/site-packages/pip/_internal/operations/build) by extension 'ignore'
[3.079s] Level 1:colcon.colcon_core.package_identification:_identify(venv/lib/python3.12/site-packages/pip/_internal/operations/build) by extension 'ignore_ament_install'
[3.079s] Level 1:colcon.colcon_core.package_identification:_identify(venv/lib/python3.12/site-packages/pip/_internal/operations/build) by extensions ['colcon_pkg']
[3.079s] Level 1:colcon.colcon_core.package_identification:_identify(venv/lib/python3.12/site-packages/pip/_internal/operations/build) by extension 'colcon_pkg'
[3.079s] Level 1:colcon.colcon_core.package_identification:_identify(venv/lib/python3.12/site-packages/pip/_internal/operations/build) by extensions ['colcon_meta']
[3.079s] Level 1:colcon.colcon_core.package_identification:_identify(venv/lib/python3.12/site-packages/pip/_internal/operations/build) by extension 'colcon_meta'
[3.079s] Level 1:colcon.colcon_core.package_identification:_identify(venv/lib/python3.12/site-packages/pip/_internal/operations/build) by extensions ['ros']
[3.079s] Level 1:colcon.colcon_core.package_identification:_identify(venv/lib/python3.12/site-packages/pip/_internal/operations/build) by extension 'ros'
[3.080s] Level 1:colcon.colcon_core.package_identification:_identify(venv/lib/python3.12/site-packages/pip/_internal/operations/build) by extensions ['cmake', 'python']
[3.080s] Level 1:colcon.colcon_core.package_identification:_identify(venv/lib/python3.12/site-packages/pip/_internal/operations/build) by extension 'cmake'
[3.080s] Level 1:colcon.colcon_core.package_identification:_identify(venv/lib/python3.12/site-packages/pip/_internal/operations/build) by extension 'python'
[3.080s] Level 1:colcon.colcon_core.package_identification:_identify(venv/lib/python3.12/site-packages/pip/_internal/operations/build) by extensions ['python_setup_py']
[3.080s] Level 1:colcon.colcon_core.package_identification:_identify(venv/lib/python3.12/site-packages/pip/_internal/operations/build) by extension 'python_setup_py'
[3.080s] Level 1:colcon.colcon_core.package_identification:_identify(venv/lib/python3.12/site-packages/pip/_internal/operations/build/__pycache__) by extensions ['ignore', 'ignore_ament_install']
[3.080s] Level 1:colcon.colcon_core.package_identification:_identify(venv/lib/python3.12/site-packages/pip/_internal/operations/build/__pycache__) by extension 'ignore'
[3.080s] Level 1:colcon.colcon_core.package_identification:_identify(venv/lib/python3.12/site-packages/pip/_internal/operations/build/__pycache__) by extension 'ignore_ament_install'
[3.080s] Level 1:colcon.colcon_core.package_identification:_identify(venv/lib/python3.12/site-packages/pip/_internal/operations/build/__pycache__) by extensions ['colcon_pkg']
[3.080s] Level 1:colcon.colcon_core.package_identification:_identify(venv/lib/python3.12/site-packages/pip/_internal/operations/build/__pycache__) by extension 'colcon_pkg'
[3.080s] Level 1:colcon.colcon_core.package_identification:_identify(venv/lib/python3.12/site-packages/pip/_internal/operations/build/__pycache__) by extensions ['colcon_meta']
[3.080s] Level 1:colcon.colcon_core.package_identification:_identify(venv/lib/python3.12/site-packages/pip/_internal/operations/build/__pycache__) by extension 'colcon_meta'
[3.080s] Level 1:colcon.colcon_core.package_identification:_identify(venv/lib/python3.12/site-packages/pip/_internal/operations/build/__pycache__) by extensions ['ros']
[3.080s] Level 1:colcon.colcon_core.package_identification:_identify(venv/lib/python3.12/site-packages/pip/_internal/operations/build/__pycache__) by extension 'ros'
[3.081s] Level 1:colcon.colcon_core.package_identification:_identify(venv/lib/python3.12/site-packages/pip/_internal/operations/build/__pycache__) by extensions ['cmake', 'python']
[3.081s] Level 1:colcon.colcon_core.package_identification:_identify(venv/lib/python3.12/site-packages/pip/_internal/operations/build/__pycache__) by extension 'cmake'
[3.081s] Level 1:colcon.colcon_core.package_identification:_identify(venv/lib/python3.12/site-packages/pip/_internal/operations/build/__pycache__) by extension 'python'
[3.081s] Level 1:colcon.colcon_core.package_identification:_identify(venv/lib/python3.12/site-packages/pip/_internal/operations/build/__pycache__) by extensions ['python_setup_py']
[3.081s] Level 1:colcon.colcon_core.package_identification:_identify(venv/lib/python3.12/site-packages/pip/_internal/operations/build/__pycache__) by extension 'python_setup_py'
[3.081s] Level 1:colcon.colcon_core.package_identification:_identify(venv/lib/python3.12/site-packages/pip/_internal/operations/install) by extensions ['ignore', 'ignore_ament_install']
[3.081s] Level 1:colcon.colcon_core.package_identification:_identify(venv/lib/python3.12/site-packages/pip/_internal/operations/install) by extension 'ignore'
[3.081s] Level 1:colcon.colcon_core.package_identification:_identify(venv/lib/python3.12/site-packages/pip/_internal/operations/install) by extension 'ignore_ament_install'
[3.081s] Level 1:colcon.colcon_core.package_identification:_identify(venv/lib/python3.12/site-packages/pip/_internal/operations/install) by extensions ['colcon_pkg']
[3.081s] Level 1:colcon.colcon_core.package_identification:_identify(venv/lib/python3.12/site-packages/pip/_internal/operations/install) by extension 'colcon_pkg'
[3.081s] Level 1:colcon.colcon_core.package_identification:_identify(venv/lib/python3.12/site-packages/pip/_internal/operations/install) by extensions ['colcon_meta']
[3.081s] Level 1:colcon.colcon_core.package_identification:_identify(venv/lib/python3.12/site-packages/pip/_internal/operations/install) by extension 'colcon_meta'
[3.081s] Level 1:colcon.colcon_core.package_identification:_identify(venv/lib/python3.12/site-packages/pip/_internal/operations/install) by extensions ['ros']
[3.081s] Level 1:colcon.colcon_core.package_identification:_identify(venv/lib/python3.12/site-packages/pip/_internal/operations/install) by extension 'ros'
[3.081s] Level 1:colcon.colcon_core.package_identification:_identify(venv/lib/python3.12/site-packages/pip/_internal/operations/install) by extensions ['cmake', 'python']
[3.081s] Level 1:colcon.colcon_core.package_identification:_identify(venv/lib/python3.12/site-packages/pip/_internal/operations/install) by extension 'cmake'
[3.082s] Level 1:colcon.colcon_core.package_identification:_identify(venv/lib/python3.12/site-packages/pip/_internal/operations/install) by extension 'python'
[3.082s] Level 1:colcon.colcon_core.package_identification:_identify(venv/lib/python3.12/site-packages/pip/_internal/operations/install) by extensions ['python_setup_py']
[3.082s] Level 1:colcon.colcon_core.package_identification:_identify(venv/lib/python3.12/site-packages/pip/_internal/operations/install) by extension 'python_setup_py'
[3.082s] Level 1:colcon.colcon_core.package_identification:_identify(venv/lib/python3.12/site-packages/pip/_internal/operations/install/__pycache__) by extensions ['ignore', 'ignore_ament_install']
[3.082s] Level 1:colcon.colcon_core.package_identification:_identify(venv/lib/python3.12/site-packages/pip/_internal/operations/install/__pycache__) by extension 'ignore'
[3.082s] Level 1:colcon.colcon_core.package_identification:_identify(venv/lib/python3.12/site-packages/pip/_internal/operations/install/__pycache__) by extension 'ignore_ament_install'
[3.082s] Level 1:colcon.colcon_core.package_identification:_identify(venv/lib/python3.12/site-packages/pip/_internal/operations/install/__pycache__) by extensions ['colcon_pkg']
[3.082s] Level 1:colcon.colcon_core.package_identification:_identify(venv/lib/python3.12/site-packages/pip/_internal/operations/install/__pycache__) by extension 'colcon_pkg'
[3.082s] Level 1:colcon.colcon_core.package_identification:_identify(venv/lib/python3.12/site-packages/pip/_internal/operations/install/__pycache__) by extensions ['colcon_meta']
[3.082s] Level 1:colcon.colcon_core.package_identification:_identify(venv/lib/python3.12/site-packages/pip/_internal/operations/install/__pycache__) by extension 'colcon_meta'
[3.082s] Level 1:colcon.colcon_core.package_identification:_identify(venv/lib/python3.12/site-packages/pip/_internal/operations/install/__pycache__) by extensions ['ros']
[3.082s] Level 1:colcon.colcon_core.package_identification:_identify(venv/lib/python3.12/site-packages/pip/_internal/operations/install/__pycache__) by extension 'ros'
[3.082s] Level 1:colcon.colcon_core.package_identification:_identify(venv/lib/python3.12/site-packages/pip/_internal/operations/install/__pycache__) by extensions ['cmake', 'python']
[3.082s] Level 1:colcon.colcon_core.package_identification:_identify(venv/lib/python3.12/site-packages/pip/_internal/operations/install/__pycache__) by extension 'cmake'
[3.082s] Level 1:colcon.colcon_core.package_identification:_identify(venv/lib/python3.12/site-packages/pip/_internal/operations/install/__pycache__) by extension 'python'
[3.082s] Level 1:colcon.colcon_core.package_identification:_identify(venv/lib/python3.12/site-packages/pip/_internal/operations/install/__pycache__) by extensions ['python_setup_py']
[3.083s] Level 1:colcon.colcon_core.package_identification:_identify(venv/lib/python3.12/site-packages/pip/_internal/operations/install/__pycache__) by extension 'python_setup_py'
[3.083s] Level 1:colcon.colcon_core.package_identification:_identify(venv/lib/python3.12/site-packages/pip/_internal/req) by extensions ['ignore', 'ignore_ament_install']
[3.083s] Level 1:colcon.colcon_core.package_identification:_identify(venv/lib/python3.12/site-packages/pip/_internal/req) by extension 'ignore'
[3.083s] Level 1:colcon.colcon_core.package_identification:_identify(venv/lib/python3.12/site-packages/pip/_internal/req) by extension 'ignore_ament_install'
[3.083s] Level 1:colcon.colcon_core.package_identification:_identify(venv/lib/python3.12/site-packages/pip/_internal/req) by extensions ['colcon_pkg']
[3.083s] Level 1:colcon.colcon_core.package_identification:_identify(venv/lib/python3.12/site-packages/pip/_internal/req) by extension 'colcon_pkg'
[3.083s] Level 1:colcon.colcon_core.package_identification:_identify(venv/lib/python3.12/site-packages/pip/_internal/req) by extensions ['colcon_meta']
[3.083s] Level 1:colcon.colcon_core.package_identification:_identify(venv/lib/python3.12/site-packages/pip/_internal/req) by extension 'colcon_meta'
[3.083s] Level 1:colcon.colcon_core.package_identification:_identify(venv/lib/python3.12/site-packages/pip/_internal/req) by extensions ['ros']
[3.083s] Level 1:colcon.colcon_core.package_identification:_identify(venv/lib/python3.12/site-packages/pip/_internal/req) by extension 'ros'
[3.083s] Level 1:colcon.colcon_core.package_identification:_identify(venv/lib/python3.12/site-packages/pip/_internal/req) by extensions ['cmake', 'python']
[3.083s] Level 1:colcon.colcon_core.package_identification:_identify(venv/lib/python3.12/site-packages/pip/_internal/req) by extension 'cmake'
[3.083s] Level 1:colcon.colcon_core.package_identification:_identify(venv/lib/python3.12/site-packages/pip/_internal/req) by extension 'python'
[3.083s] Level 1:colcon.colcon_core.package_identification:_identify(venv/lib/python3.12/site-packages/pip/_internal/req) by extensions ['python_setup_py']
[3.083s] Level 1:colcon.colcon_core.package_identification:_identify(venv/lib/python3.12/site-packages/pip/_internal/req) by extension 'python_setup_py'
[3.083s] Level 1:colcon.colcon_core.package_identification:_identify(venv/lib/python3.12/site-packages/pip/_internal/req/__pycache__) by extensions ['ignore', 'ignore_ament_install']
[3.084s] Level 1:colcon.colcon_core.package_identification:_identify(venv/lib/python3.12/site-packages/pip/_internal/req/__pycache__) by extension 'ignore'
[3.084s] Level 1:colcon.colcon_core.package_identification:_identify(venv/lib/python3.12/site-packages/pip/_internal/req/__pycache__) by extension 'ignore_ament_install'
[3.084s] Level 1:colcon.colcon_core.package_identification:_identify(venv/lib/python3.12/site-packages/pip/_internal/req/__pycache__) by extensions ['colcon_pkg']
[3.084s] Level 1:colcon.colcon_core.package_identification:_identify(venv/lib/python3.12/site-packages/pip/_internal/req/__pycache__) by extension 'colcon_pkg'
[3.084s] Level 1:colcon.colcon_core.package_identification:_identify(venv/lib/python3.12/site-packages/pip/_internal/req/__pycache__) by extensions ['colcon_meta']
[3.084s] Level 1:colcon.colcon_core.package_identification:_identify(venv/lib/python3.12/site-packages/pip/_internal/req/__pycache__) by extension 'colcon_meta'
[3.084s] Level 1:colcon.colcon_core.package_identification:_identify(venv/lib/python3.12/site-packages/pip/_internal/req/__pycache__) by extensions ['ros']
[3.084s] Level 1:colcon.colcon_core.package_identification:_identify(venv/lib/python3.12/site-packages/pip/_internal/req/__pycache__) by extension 'ros'
[3.084s] Level 1:colcon.colcon_core.package_identification:_identify(venv/lib/python3.12/site-packages/pip/_internal/req/__pycache__) by extensions ['cmake', 'python']
[3.084s] Level 1:colcon.colcon_core.package_identification:_identify(venv/lib/python3.12/site-packages/pip/_internal/req/__pycache__) by extension 'cmake'
[3.084s] Level 1:colcon.colcon_core.package_identification:_identify(venv/lib/python3.12/site-packages/pip/_internal/req/__pycache__) by extension 'python'
[3.084s] Level 1:colcon.colcon_core.package_identification:_identify(venv/lib/python3.12/site-packages/pip/_internal/req/__pycache__) by extensions ['python_setup_py']
[3.084s] Level 1:colcon.colcon_core.package_identification:_identify(venv/lib/python3.12/site-packages/pip/_internal/req/__pycache__) by extension 'python_setup_py'
[3.084s] Level 1:colcon.colcon_core.package_identification:_identify(venv/lib/python3.12/site-packages/pip/_internal/resolution) by extensions ['ignore', 'ignore_ament_install']
[3.084s] Level 1:colcon.colcon_core.package_identification:_identify(venv/lib/python3.12/site-packages/pip/_internal/resolution) by extension 'ignore'
[3.085s] Level 1:colcon.colcon_core.package_identification:_identify(venv/lib/python3.12/site-packages/pip/_internal/resolution) by extension 'ignore_ament_install'
[3.085s] Level 1:colcon.colcon_core.package_identification:_identify(venv/lib/python3.12/site-packages/pip/_internal/resolution) by extensions ['colcon_pkg']
[3.085s] Level 1:colcon.colcon_core.package_identification:_identify(venv/lib/python3.12/site-packages/pip/_internal/resolution) by extension 'colcon_pkg'
[3.085s] Level 1:colcon.colcon_core.package_identification:_identify(venv/lib/python3.12/site-packages/pip/_internal/resolution) by extensions ['colcon_meta']
[3.085s] Level 1:colcon.colcon_core.package_identification:_identify(venv/lib/python3.12/site-packages/pip/_internal/resolution) by extension 'colcon_meta'
[3.085s] Level 1:colcon.colcon_core.package_identification:_identify(venv/lib/python3.12/site-packages/pip/_internal/resolution) by extensions ['ros']
[3.085s] Level 1:colcon.colcon_core.package_identification:_identify(venv/lib/python3.12/site-packages/pip/_internal/resolution) by extension 'ros'
[3.085s] Level 1:colcon.colcon_core.package_identification:_identify(venv/lib/python3.12/site-packages/pip/_internal/resolution) by extensions ['cmake', 'python']
[3.085s] Level 1:colcon.colcon_core.package_identification:_identify(venv/lib/python3.12/site-packages/pip/_internal/resolution) by extension 'cmake'
[3.085s] Level 1:colcon.colcon_core.package_identification:_identify(venv/lib/python3.12/site-packages/pip/_internal/resolution) by extension 'python'
[3.085s] Level 1:colcon.colcon_core.package_identification:_identify(venv/lib/python3.12/site-packages/pip/_internal/resolution) by extensions ['python_setup_py']
[3.085s] Level 1:colcon.colcon_core.package_identification:_identify(venv/lib/python3.12/site-packages/pip/_internal/resolution) by extension 'python_setup_py'
[3.085s] Level 1:colcon.colcon_core.package_identification:_identify(venv/lib/python3.12/site-packages/pip/_internal/resolution/__pycache__) by extensions ['ignore', 'ignore_ament_install']
[3.085s] Level 1:colcon.colcon_core.package_identification:_identify(venv/lib/python3.12/site-packages/pip/_internal/resolution/__pycache__) by extension 'ignore'
[3.085s] Level 1:colcon.colcon_core.package_identification:_identify(venv/lib/python3.12/site-packages/pip/_internal/resolution/__pycache__) by extension 'ignore_ament_install'
[3.086s] Level 1:colcon.colcon_core.package_identification:_identify(venv/lib/python3.12/site-packages/pip/_internal/resolution/__pycache__) by extensions ['colcon_pkg']
[3.086s] Level 1:colcon.colcon_core.package_identification:_identify(venv/lib/python3.12/site-packages/pip/_internal/resolution/__pycache__) by extension 'colcon_pkg'
[3.086s] Level 1:colcon.colcon_core.package_identification:_identify(venv/lib/python3.12/site-packages/pip/_internal/resolution/__pycache__) by extensions ['colcon_meta']
[3.086s] Level 1:colcon.colcon_core.package_identification:_identify(venv/lib/python3.12/site-packages/pip/_internal/resolution/__pycache__) by extension 'colcon_meta'
[3.086s] Level 1:colcon.colcon_core.package_identification:_identify(venv/lib/python3.12/site-packages/pip/_internal/resolution/__pycache__) by extensions ['ros']
[3.086s] Level 1:colcon.colcon_core.package_identification:_identify(venv/lib/python3.12/site-packages/pip/_internal/resolution/__pycache__) by extension 'ros'
[3.086s] Level 1:colcon.colcon_core.package_identification:_identify(venv/lib/python3.12/site-packages/pip/_internal/resolution/__pycache__) by extensions ['cmake', 'python']
[3.086s] Level 1:colcon.colcon_core.package_identification:_identify(venv/lib/python3.12/site-packages/pip/_internal/resolution/__pycache__) by extension 'cmake'
[3.086s] Level 1:colcon.colcon_core.package_identification:_identify(venv/lib/python3.12/site-packages/pip/_internal/resolution/__pycache__) by extension 'python'
[3.086s] Level 1:colcon.colcon_core.package_identification:_identify(venv/lib/python3.12/site-packages/pip/_internal/resolution/__pycache__) by extensions ['python_setup_py']
[3.086s] Level 1:colcon.colcon_core.package_identification:_identify(venv/lib/python3.12/site-packages/pip/_internal/resolution/__pycache__) by extension 'python_setup_py'
[3.086s] Level 1:colcon.colcon_core.package_identification:_identify(venv/lib/python3.12/site-packages/pip/_internal/resolution/legacy) by extensions ['ignore', 'ignore_ament_install']
[3.086s] Level 1:colcon.colcon_core.package_identification:_identify(venv/lib/python3.12/site-packages/pip/_internal/resolution/legacy) by extension 'ignore'
[3.086s] Level 1:colcon.colcon_core.package_identification:_identify(venv/lib/python3.12/site-packages/pip/_internal/resolution/legacy) by extension 'ignore_ament_install'
[3.086s] Level 1:colcon.colcon_core.package_identification:_identify(venv/lib/python3.12/site-packages/pip/_internal/resolution/legacy) by extensions ['colcon_pkg']
[3.086s] Level 1:colcon.colcon_core.package_identification:_identify(venv/lib/python3.12/site-packages/pip/_internal/resolution/legacy) by extension 'colcon_pkg'
[3.086s] Level 1:colcon.colcon_core.package_identification:_identify(venv/lib/python3.12/site-packages/pip/_internal/resolution/legacy) by extensions ['colcon_meta']
[3.087s] Level 1:colcon.colcon_core.package_identification:_identify(venv/lib/python3.12/site-packages/pip/_internal/resolution/legacy) by extension 'colcon_meta'
[3.087s] Level 1:colcon.colcon_core.package_identification:_identify(venv/lib/python3.12/site-packages/pip/_internal/resolution/legacy) by extensions ['ros']
[3.087s] Level 1:colcon.colcon_core.package_identification:_identify(venv/lib/python3.12/site-packages/pip/_internal/resolution/legacy) by extension 'ros'
[3.087s] Level 1:colcon.colcon_core.package_identification:_identify(venv/lib/python3.12/site-packages/pip/_internal/resolution/legacy) by extensions ['cmake', 'python']
[3.087s] Level 1:colcon.colcon_core.package_identification:_identify(venv/lib/python3.12/site-packages/pip/_internal/resolution/legacy) by extension 'cmake'
[3.087s] Level 1:colcon.colcon_core.package_identification:_identify(venv/lib/python3.12/site-packages/pip/_internal/resolution/legacy) by extension 'python'
[3.087s] Level 1:colcon.colcon_core.package_identification:_identify(venv/lib/python3.12/site-packages/pip/_internal/resolution/legacy) by extensions ['python_setup_py']
[3.087s] Level 1:colcon.colcon_core.package_identification:_identify(venv/lib/python3.12/site-packages/pip/_internal/resolution/legacy) by extension 'python_setup_py'
[3.087s] Level 1:colcon.colcon_core.package_identification:_identify(venv/lib/python3.12/site-packages/pip/_internal/resolution/legacy/__pycache__) by extensions ['ignore', 'ignore_ament_install']
[3.087s] Level 1:colcon.colcon_core.package_identification:_identify(venv/lib/python3.12/site-packages/pip/_internal/resolution/legacy/__pycache__) by extension 'ignore'
[3.087s] Level 1:colcon.colcon_core.package_identification:_identify(venv/lib/python3.12/site-packages/pip/_internal/resolution/legacy/__pycache__) by extension 'ignore_ament_install'
[3.087s] Level 1:colcon.colcon_core.package_identification:_identify(venv/lib/python3.12/site-packages/pip/_internal/resolution/legacy/__pycache__) by extensions ['colcon_pkg']
[3.087s] Level 1:colcon.colcon_core.package_identification:_identify(venv/lib/python3.12/site-packages/pip/_internal/resolution/legacy/__pycache__) by extension 'colcon_pkg'
[3.087s] Level 1:colcon.colcon_core.package_identification:_identify(venv/lib/python3.12/site-packages/pip/_internal/resolution/legacy/__pycache__) by extensions ['colcon_meta']
[3.087s] Level 1:colcon.colcon_core.package_identification:_identify(venv/lib/python3.12/site-packages/pip/_internal/resolution/legacy/__pycache__) by extension 'colcon_meta'
[3.087s] Level 1:colcon.colcon_core.package_identification:_identify(venv/lib/python3.12/site-packages/pip/_internal/resolution/legacy/__pycache__) by extensions ['ros']
[3.087s] Level 1:colcon.colcon_core.package_identification:_identify(venv/lib/python3.12/site-packages/pip/_internal/resolution/legacy/__pycache__) by extension 'ros'
[3.088s] Level 1:colcon.colcon_core.package_identification:_identify(venv/lib/python3.12/site-packages/pip/_internal/resolution/legacy/__pycache__) by extensions ['cmake', 'python']
[3.088s] Level 1:colcon.colcon_core.package_identification:_identify(venv/lib/python3.12/site-packages/pip/_internal/resolution/legacy/__pycache__) by extension 'cmake'
[3.088s] Level 1:colcon.colcon_core.package_identification:_identify(venv/lib/python3.12/site-packages/pip/_internal/resolution/legacy/__pycache__) by extension 'python'
[3.088s] Level 1:colcon.colcon_core.package_identification:_identify(venv/lib/python3.12/site-packages/pip/_internal/resolution/legacy/__pycache__) by extensions ['python_setup_py']
[3.088s] Level 1:colcon.colcon_core.package_identification:_identify(venv/lib/python3.12/site-packages/pip/_internal/resolution/legacy/__pycache__) by extension 'python_setup_py'
[3.088s] Level 1:colcon.colcon_core.package_identification:_identify(venv/lib/python3.12/site-packages/pip/_internal/resolution/resolvelib) by extensions ['ignore', 'ignore_ament_install']
[3.088s] Level 1:colcon.colcon_core.package_identification:_identify(venv/lib/python3.12/site-packages/pip/_internal/resolution/resolvelib) by extension 'ignore'
[3.088s] Level 1:colcon.colcon_core.package_identification:_identify(venv/lib/python3.12/site-packages/pip/_internal/resolution/resolvelib) by extension 'ignore_ament_install'
[3.088s] Level 1:colcon.colcon_core.package_identification:_identify(venv/lib/python3.12/site-packages/pip/_internal/resolution/resolvelib) by extensions ['colcon_pkg']
[3.088s] Level 1:colcon.colcon_core.package_identification:_identify(venv/lib/python3.12/site-packages/pip/_internal/resolution/resolvelib) by extension 'colcon_pkg'
[3.088s] Level 1:colcon.colcon_core.package_identification:_identify(venv/lib/python3.12/site-packages/pip/_internal/resolution/resolvelib) by extensions ['colcon_meta']
[3.088s] Level 1:colcon.colcon_core.package_identification:_identify(venv/lib/python3.12/site-packages/pip/_internal/resolution/resolvelib) by extension 'colcon_meta'
[3.088s] Level 1:colcon.colcon_core.package_identification:_identify(venv/lib/python3.12/site-packages/pip/_internal/resolution/resolvelib) by extensions ['ros']
[3.088s] Level 1:colcon.colcon_core.package_identification:_identify(venv/lib/python3.12/site-packages/pip/_internal/resolution/resolvelib) by extension 'ros'
[3.088s] Level 1:colcon.colcon_core.package_identification:_identify(venv/lib/python3.12/site-packages/pip/_internal/resolution/resolvelib) by extensions ['cmake', 'python']
[3.088s] Level 1:colcon.colcon_core.package_identification:_identify(venv/lib/python3.12/site-packages/pip/_internal/resolution/resolvelib) by extension 'cmake'
[3.089s] Level 1:colcon.colcon_core.package_identification:_identify(venv/lib/python3.12/site-packages/pip/_internal/resolution/resolvelib) by extension 'python'
[3.089s] Level 1:colcon.colcon_core.package_identification:_identify(venv/lib/python3.12/site-packages/pip/_internal/resolution/resolvelib) by extensions ['python_setup_py']
[3.089s] Level 1:colcon.colcon_core.package_identification:_identify(venv/lib/python3.12/site-packages/pip/_internal/resolution/resolvelib) by extension 'python_setup_py'
[3.089s] Level 1:colcon.colcon_core.package_identification:_identify(venv/lib/python3.12/site-packages/pip/_internal/resolution/resolvelib/__pycache__) by extensions ['ignore', 'ignore_ament_install']
[3.089s] Level 1:colcon.colcon_core.package_identification:_identify(venv/lib/python3.12/site-packages/pip/_internal/resolution/resolvelib/__pycache__) by extension 'ignore'
[3.089s] Level 1:colcon.colcon_core.package_identification:_identify(venv/lib/python3.12/site-packages/pip/_internal/resolution/resolvelib/__pycache__) by extension 'ignore_ament_install'
[3.089s] Level 1:colcon.colcon_core.package_identification:_identify(venv/lib/python3.12/site-packages/pip/_internal/resolution/resolvelib/__pycache__) by extensions ['colcon_pkg']
[3.089s] Level 1:colcon.colcon_core.package_identification:_identify(venv/lib/python3.12/site-packages/pip/_internal/resolution/resolvelib/__pycache__) by extension 'colcon_pkg'
[3.089s] Level 1:colcon.colcon_core.package_identification:_identify(venv/lib/python3.12/site-packages/pip/_internal/resolution/resolvelib/__pycache__) by extensions ['colcon_meta']
[3.089s] Level 1:colcon.colcon_core.package_identification:_identify(venv/lib/python3.12/site-packages/pip/_internal/resolution/resolvelib/__pycache__) by extension 'colcon_meta'
[3.089s] Level 1:colcon.colcon_core.package_identification:_identify(venv/lib/python3.12/site-packages/pip/_internal/resolution/resolvelib/__pycache__) by extensions ['ros']
[3.089s] Level 1:colcon.colcon_core.package_identification:_identify(venv/lib/python3.12/site-packages/pip/_internal/resolution/resolvelib/__pycache__) by extension 'ros'
[3.089s] Level 1:colcon.colcon_core.package_identification:_identify(venv/lib/python3.12/site-packages/pip/_internal/resolution/resolvelib/__pycache__) by extensions ['cmake', 'python']
[3.089s] Level 1:colcon.colcon_core.package_identification:_identify(venv/lib/python3.12/site-packages/pip/_internal/resolution/resolvelib/__pycache__) by extension 'cmake'
[3.089s] Level 1:colcon.colcon_core.package_identification:_identify(venv/lib/python3.12/site-packages/pip/_internal/resolution/resolvelib/__pycache__) by extension 'python'
[3.089s] Level 1:colcon.colcon_core.package_identification:_identify(venv/lib/python3.12/site-packages/pip/_internal/resolution/resolvelib/__pycache__) by extensions ['python_setup_py']
[3.090s] Level 1:colcon.colcon_core.package_identification:_identify(venv/lib/python3.12/site-packages/pip/_internal/resolution/resolvelib/__pycache__) by extension 'python_setup_py'
[3.090s] Level 1:colcon.colcon_core.package_identification:_identify(venv/lib/python3.12/site-packages/pip/_internal/utils) by extensions ['ignore', 'ignore_ament_install']
[3.090s] Level 1:colcon.colcon_core.package_identification:_identify(venv/lib/python3.12/site-packages/pip/_internal/utils) by extension 'ignore'
[3.090s] Level 1:colcon.colcon_core.package_identification:_identify(venv/lib/python3.12/site-packages/pip/_internal/utils) by extension 'ignore_ament_install'
[3.090s] Level 1:colcon.colcon_core.package_identification:_identify(venv/lib/python3.12/site-packages/pip/_internal/utils) by extensions ['colcon_pkg']
[3.090s] Level 1:colcon.colcon_core.package_identification:_identify(venv/lib/python3.12/site-packages/pip/_internal/utils) by extension 'colcon_pkg'
[3.090s] Level 1:colcon.colcon_core.package_identification:_identify(venv/lib/python3.12/site-packages/pip/_internal/utils) by extensions ['colcon_meta']
[3.090s] Level 1:colcon.colcon_core.package_identification:_identify(venv/lib/python3.12/site-packages/pip/_internal/utils) by extension 'colcon_meta'
[3.090s] Level 1:colcon.colcon_core.package_identification:_identify(venv/lib/python3.12/site-packages/pip/_internal/utils) by extensions ['ros']
[3.090s] Level 1:colcon.colcon_core.package_identification:_identify(venv/lib/python3.12/site-packages/pip/_internal/utils) by extension 'ros'
[3.090s] Level 1:colcon.colcon_core.package_identification:_identify(venv/lib/python3.12/site-packages/pip/_internal/utils) by extensions ['cmake', 'python']
[3.090s] Level 1:colcon.colcon_core.package_identification:_identify(venv/lib/python3.12/site-packages/pip/_internal/utils) by extension 'cmake'
[3.090s] Level 1:colcon.colcon_core.package_identification:_identify(venv/lib/python3.12/site-packages/pip/_internal/utils) by extension 'python'
[3.090s] Level 1:colcon.colcon_core.package_identification:_identify(venv/lib/python3.12/site-packages/pip/_internal/utils) by extensions ['python_setup_py']
[3.090s] Level 1:colcon.colcon_core.package_identification:_identify(venv/lib/python3.12/site-packages/pip/_internal/utils) by extension 'python_setup_py'
[3.091s] Level 1:colcon.colcon_core.package_identification:_identify(venv/lib/python3.12/site-packages/pip/_internal/utils/__pycache__) by extensions ['ignore', 'ignore_ament_install']
[3.091s] Level 1:colcon.colcon_core.package_identification:_identify(venv/lib/python3.12/site-packages/pip/_internal/utils/__pycache__) by extension 'ignore'
[3.091s] Level 1:colcon.colcon_core.package_identification:_identify(venv/lib/python3.12/site-packages/pip/_internal/utils/__pycache__) by extension 'ignore_ament_install'
[3.091s] Level 1:colcon.colcon_core.package_identification:_identify(venv/lib/python3.12/site-packages/pip/_internal/utils/__pycache__) by extensions ['colcon_pkg']
[3.091s] Level 1:colcon.colcon_core.package_identification:_identify(venv/lib/python3.12/site-packages/pip/_internal/utils/__pycache__) by extension 'colcon_pkg'
[3.091s] Level 1:colcon.colcon_core.package_identification:_identify(venv/lib/python3.12/site-packages/pip/_internal/utils/__pycache__) by extensions ['colcon_meta']
[3.091s] Level 1:colcon.colcon_core.package_identification:_identify(venv/lib/python3.12/site-packages/pip/_internal/utils/__pycache__) by extension 'colcon_meta'
[3.091s] Level 1:colcon.colcon_core.package_identification:_identify(venv/lib/python3.12/site-packages/pip/_internal/utils/__pycache__) by extensions ['ros']
[3.091s] Level 1:colcon.colcon_core.package_identification:_identify(venv/lib/python3.12/site-packages/pip/_internal/utils/__pycache__) by extension 'ros'
[3.091s] Level 1:colcon.colcon_core.package_identification:_identify(venv/lib/python3.12/site-packages/pip/_internal/utils/__pycache__) by extensions ['cmake', 'python']
[3.091s] Level 1:colcon.colcon_core.package_identification:_identify(venv/lib/python3.12/site-packages/pip/_internal/utils/__pycache__) by extension 'cmake'
[3.091s] Level 1:colcon.colcon_core.package_identification:_identify(venv/lib/python3.12/site-packages/pip/_internal/utils/__pycache__) by extension 'python'
[3.091s] Level 1:colcon.colcon_core.package_identification:_identify(venv/lib/python3.12/site-packages/pip/_internal/utils/__pycache__) by extensions ['python_setup_py']
[3.091s] Level 1:colcon.colcon_core.package_identification:_identify(venv/lib/python3.12/site-packages/pip/_internal/utils/__pycache__) by extension 'python_setup_py'
[3.092s] Level 1:colcon.colcon_core.package_identification:_identify(venv/lib/python3.12/site-packages/pip/_internal/vcs) by extensions ['ignore', 'ignore_ament_install']
[3.092s] Level 1:colcon.colcon_core.package_identification:_identify(venv/lib/python3.12/site-packages/pip/_internal/vcs) by extension 'ignore'
[3.092s] Level 1:colcon.colcon_core.package_identification:_identify(venv/lib/python3.12/site-packages/pip/_internal/vcs) by extension 'ignore_ament_install'
[3.092s] Level 1:colcon.colcon_core.package_identification:_identify(venv/lib/python3.12/site-packages/pip/_internal/vcs) by extensions ['colcon_pkg']
[3.092s] Level 1:colcon.colcon_core.package_identification:_identify(venv/lib/python3.12/site-packages/pip/_internal/vcs) by extension 'colcon_pkg'
[3.092s] Level 1:colcon.colcon_core.package_identification:_identify(venv/lib/python3.12/site-packages/pip/_internal/vcs) by extensions ['colcon_meta']
[3.092s] Level 1:colcon.colcon_core.package_identification:_identify(venv/lib/python3.12/site-packages/pip/_internal/vcs) by extension 'colcon_meta'
[3.092s] Level 1:colcon.colcon_core.package_identification:_identify(venv/lib/python3.12/site-packages/pip/_internal/vcs) by extensions ['ros']
[3.092s] Level 1:colcon.colcon_core.package_identification:_identify(venv/lib/python3.12/site-packages/pip/_internal/vcs) by extension 'ros'
[3.092s] Level 1:colcon.colcon_core.package_identification:_identify(venv/lib/python3.12/site-packages/pip/_internal/vcs) by extensions ['cmake', 'python']
[3.092s] Level 1:colcon.colcon_core.package_identification:_identify(venv/lib/python3.12/site-packages/pip/_internal/vcs) by extension 'cmake'
[3.092s] Level 1:colcon.colcon_core.package_identification:_identify(venv/lib/python3.12/site-packages/pip/_internal/vcs) by extension 'python'
[3.092s] Level 1:colcon.colcon_core.package_identification:_identify(venv/lib/python3.12/site-packages/pip/_internal/vcs) by extensions ['python_setup_py']
[3.092s] Level 1:colcon.colcon_core.package_identification:_identify(venv/lib/python3.12/site-packages/pip/_internal/vcs) by extension 'python_setup_py'
[3.092s] Level 1:colcon.colcon_core.package_identification:_identify(venv/lib/python3.12/site-packages/pip/_internal/vcs/__pycache__) by extensions ['ignore', 'ignore_ament_install']
[3.092s] Level 1:colcon.colcon_core.package_identification:_identify(venv/lib/python3.12/site-packages/pip/_internal/vcs/__pycache__) by extension 'ignore'
[3.092s] Level 1:colcon.colcon_core.package_identification:_identify(venv/lib/python3.12/site-packages/pip/_internal/vcs/__pycache__) by extension 'ignore_ament_install'
[3.093s] Level 1:colcon.colcon_core.package_identification:_identify(venv/lib/python3.12/site-packages/pip/_internal/vcs/__pycache__) by extensions ['colcon_pkg']
[3.093s] Level 1:colcon.colcon_core.package_identification:_identify(venv/lib/python3.12/site-packages/pip/_internal/vcs/__pycache__) by extension 'colcon_pkg'
[3.093s] Level 1:colcon.colcon_core.package_identification:_identify(venv/lib/python3.12/site-packages/pip/_internal/vcs/__pycache__) by extensions ['colcon_meta']
[3.093s] Level 1:colcon.colcon_core.package_identification:_identify(venv/lib/python3.12/site-packages/pip/_internal/vcs/__pycache__) by extension 'colcon_meta'
[3.093s] Level 1:colcon.colcon_core.package_identification:_identify(venv/lib/python3.12/site-packages/pip/_internal/vcs/__pycache__) by extensions ['ros']
[3.093s] Level 1:colcon.colcon_core.package_identification:_identify(venv/lib/python3.12/site-packages/pip/_internal/vcs/__pycache__) by extension 'ros'
[3.093s] Level 1:colcon.colcon_core.package_identification:_identify(venv/lib/python3.12/site-packages/pip/_internal/vcs/__pycache__) by extensions ['cmake', 'python']
[3.093s] Level 1:colcon.colcon_core.package_identification:_identify(venv/lib/python3.12/site-packages/pip/_internal/vcs/__pycache__) by extension 'cmake'
[3.093s] Level 1:colcon.colcon_core.package_identification:_identify(venv/lib/python3.12/site-packages/pip/_internal/vcs/__pycache__) by extension 'python'
[3.093s] Level 1:colcon.colcon_core.package_identification:_identify(venv/lib/python3.12/site-packages/pip/_internal/vcs/__pycache__) by extensions ['python_setup_py']
[3.093s] Level 1:colcon.colcon_core.package_identification:_identify(venv/lib/python3.12/site-packages/pip/_internal/vcs/__pycache__) by extension 'python_setup_py'
[3.093s] Level 1:colcon.colcon_core.package_identification:_identify(venv/lib/python3.12/site-packages/pip/_vendor) by extensions ['ignore', 'ignore_ament_install']
[3.093s] Level 1:colcon.colcon_core.package_identification:_identify(venv/lib/python3.12/site-packages/pip/_vendor) by extension 'ignore'
[3.093s] Level 1:colcon.colcon_core.package_identification:_identify(venv/lib/python3.12/site-packages/pip/_vendor) by extension 'ignore_ament_install'
[3.094s] Level 1:colcon.colcon_core.package_identification:_identify(venv/lib/python3.12/site-packages/pip/_vendor) by extensions ['colcon_pkg']
[3.094s] Level 1:colcon.colcon_core.package_identification:_identify(venv/lib/python3.12/site-packages/pip/_vendor) by extension 'colcon_pkg'
[3.094s] Level 1:colcon.colcon_core.package_identification:_identify(venv/lib/python3.12/site-packages/pip/_vendor) by extensions ['colcon_meta']
[3.094s] Level 1:colcon.colcon_core.package_identification:_identify(venv/lib/python3.12/site-packages/pip/_vendor) by extension 'colcon_meta'
[3.094s] Level 1:colcon.colcon_core.package_identification:_identify(venv/lib/python3.12/site-packages/pip/_vendor) by extensions ['ros']
[3.094s] Level 1:colcon.colcon_core.package_identification:_identify(venv/lib/python3.12/site-packages/pip/_vendor) by extension 'ros'
[3.094s] Level 1:colcon.colcon_core.package_identification:_identify(venv/lib/python3.12/site-packages/pip/_vendor) by extensions ['cmake', 'python']
[3.094s] Level 1:colcon.colcon_core.package_identification:_identify(venv/lib/python3.12/site-packages/pip/_vendor) by extension 'cmake'
[3.094s] Level 1:colcon.colcon_core.package_identification:_identify(venv/lib/python3.12/site-packages/pip/_vendor) by extension 'python'
[3.094s] Level 1:colcon.colcon_core.package_identification:_identify(venv/lib/python3.12/site-packages/pip/_vendor) by extensions ['python_setup_py']
[3.094s] Level 1:colcon.colcon_core.package_identification:_identify(venv/lib/python3.12/site-packages/pip/_vendor) by extension 'python_setup_py'
[3.094s] Level 1:colcon.colcon_core.package_identification:_identify(venv/lib/python3.12/site-packages/pip/_vendor/__pycache__) by extensions ['ignore', 'ignore_ament_install']
[3.094s] Level 1:colcon.colcon_core.package_identification:_identify(venv/lib/python3.12/site-packages/pip/_vendor/__pycache__) by extension 'ignore'
[3.094s] Level 1:colcon.colcon_core.package_identification:_identify(venv/lib/python3.12/site-packages/pip/_vendor/__pycache__) by extension 'ignore_ament_install'
[3.094s] Level 1:colcon.colcon_core.package_identification:_identify(venv/lib/python3.12/site-packages/pip/_vendor/__pycache__) by extensions ['colcon_pkg']
[3.094s] Level 1:colcon.colcon_core.package_identification:_identify(venv/lib/python3.12/site-packages/pip/_vendor/__pycache__) by extension 'colcon_pkg'
[3.094s] Level 1:colcon.colcon_core.package_identification:_identify(venv/lib/python3.12/site-packages/pip/_vendor/__pycache__) by extensions ['colcon_meta']
[3.095s] Level 1:colcon.colcon_core.package_identification:_identify(venv/lib/python3.12/site-packages/pip/_vendor/__pycache__) by extension 'colcon_meta'
[3.095s] Level 1:colcon.colcon_core.package_identification:_identify(venv/lib/python3.12/site-packages/pip/_vendor/__pycache__) by extensions ['ros']
[3.095s] Level 1:colcon.colcon_core.package_identification:_identify(venv/lib/python3.12/site-packages/pip/_vendor/__pycache__) by extension 'ros'
[3.095s] Level 1:colcon.colcon_core.package_identification:_identify(venv/lib/python3.12/site-packages/pip/_vendor/__pycache__) by extensions ['cmake', 'python']
[3.095s] Level 1:colcon.colcon_core.package_identification:_identify(venv/lib/python3.12/site-packages/pip/_vendor/__pycache__) by extension 'cmake'
[3.095s] Level 1:colcon.colcon_core.package_identification:_identify(venv/lib/python3.12/site-packages/pip/_vendor/__pycache__) by extension 'python'
[3.095s] Level 1:colcon.colcon_core.package_identification:_identify(venv/lib/python3.12/site-packages/pip/_vendor/__pycache__) by extensions ['python_setup_py']
[3.095s] Level 1:colcon.colcon_core.package_identification:_identify(venv/lib/python3.12/site-packages/pip/_vendor/__pycache__) by extension 'python_setup_py'
[3.095s] Level 1:colcon.colcon_core.package_identification:_identify(venv/lib/python3.12/site-packages/pip/_vendor/cachecontrol) by extensions ['ignore', 'ignore_ament_install']
[3.095s] Level 1:colcon.colcon_core.package_identification:_identify(venv/lib/python3.12/site-packages/pip/_vendor/cachecontrol) by extension 'ignore'
[3.095s] Level 1:colcon.colcon_core.package_identification:_identify(venv/lib/python3.12/site-packages/pip/_vendor/cachecontrol) by extension 'ignore_ament_install'
[3.095s] Level 1:colcon.colcon_core.package_identification:_identify(venv/lib/python3.12/site-packages/pip/_vendor/cachecontrol) by extensions ['colcon_pkg']
[3.095s] Level 1:colcon.colcon_core.package_identification:_identify(venv/lib/python3.12/site-packages/pip/_vendor/cachecontrol) by extension 'colcon_pkg'
[3.096s] Level 1:colcon.colcon_core.package_identification:_identify(venv/lib/python3.12/site-packages/pip/_vendor/cachecontrol) by extensions ['colcon_meta']
[3.096s] Level 1:colcon.colcon_core.package_identification:_identify(venv/lib/python3.12/site-packages/pip/_vendor/cachecontrol) by extension 'colcon_meta'
[3.096s] Level 1:colcon.colcon_core.package_identification:_identify(venv/lib/python3.12/site-packages/pip/_vendor/cachecontrol) by extensions ['ros']
[3.096s] Level 1:colcon.colcon_core.package_identification:_identify(venv/lib/python3.12/site-packages/pip/_vendor/cachecontrol) by extension 'ros'
[3.096s] Level 1:colcon.colcon_core.package_identification:_identify(venv/lib/python3.12/site-packages/pip/_vendor/cachecontrol) by extensions ['cmake', 'python']
[3.096s] Level 1:colcon.colcon_core.package_identification:_identify(venv/lib/python3.12/site-packages/pip/_vendor/cachecontrol) by extension 'cmake'
[3.096s] Level 1:colcon.colcon_core.package_identification:_identify(venv/lib/python3.12/site-packages/pip/_vendor/cachecontrol) by extension 'python'
[3.096s] Level 1:colcon.colcon_core.package_identification:_identify(venv/lib/python3.12/site-packages/pip/_vendor/cachecontrol) by extensions ['python_setup_py']
[3.096s] Level 1:colcon.colcon_core.package_identification:_identify(venv/lib/python3.12/site-packages/pip/_vendor/cachecontrol) by extension 'python_setup_py'
[3.096s] Level 1:colcon.colcon_core.package_identification:_identify(venv/lib/python3.12/site-packages/pip/_vendor/cachecontrol/__pycache__) by extensions ['ignore', 'ignore_ament_install']
[3.096s] Level 1:colcon.colcon_core.package_identification:_identify(venv/lib/python3.12/site-packages/pip/_vendor/cachecontrol/__pycache__) by extension 'ignore'
[3.096s] Level 1:colcon.colcon_core.package_identification:_identify(venv/lib/python3.12/site-packages/pip/_vendor/cachecontrol/__pycache__) by extension 'ignore_ament_install'
[3.096s] Level 1:colcon.colcon_core.package_identification:_identify(venv/lib/python3.12/site-packages/pip/_vendor/cachecontrol/__pycache__) by extensions ['colcon_pkg']
[3.096s] Level 1:colcon.colcon_core.package_identification:_identify(venv/lib/python3.12/site-packages/pip/_vendor/cachecontrol/__pycache__) by extension 'colcon_pkg'
[3.096s] Level 1:colcon.colcon_core.package_identification:_identify(venv/lib/python3.12/site-packages/pip/_vendor/cachecontrol/__pycache__) by extensions ['colcon_meta']
[3.097s] Level 1:colcon.colcon_core.package_identification:_identify(venv/lib/python3.12/site-packages/pip/_vendor/cachecontrol/__pycache__) by extension 'colcon_meta'
[3.097s] Level 1:colcon.colcon_core.package_identification:_identify(venv/lib/python3.12/site-packages/pip/_vendor/cachecontrol/__pycache__) by extensions ['ros']
[3.097s] Level 1:colcon.colcon_core.package_identification:_identify(venv/lib/python3.12/site-packages/pip/_vendor/cachecontrol/__pycache__) by extension 'ros'
[3.097s] Level 1:colcon.colcon_core.package_identification:_identify(venv/lib/python3.12/site-packages/pip/_vendor/cachecontrol/__pycache__) by extensions ['cmake', 'python']
[3.097s] Level 1:colcon.colcon_core.package_identification:_identify(venv/lib/python3.12/site-packages/pip/_vendor/cachecontrol/__pycache__) by extension 'cmake'
[3.097s] Level 1:colcon.colcon_core.package_identification:_identify(venv/lib/python3.12/site-packages/pip/_vendor/cachecontrol/__pycache__) by extension 'python'
[3.097s] Level 1:colcon.colcon_core.package_identification:_identify(venv/lib/python3.12/site-packages/pip/_vendor/cachecontrol/__pycache__) by extensions ['python_setup_py']
[3.097s] Level 1:colcon.colcon_core.package_identification:_identify(venv/lib/python3.12/site-packages/pip/_vendor/cachecontrol/__pycache__) by extension 'python_setup_py'
[3.097s] Level 1:colcon.colcon_core.package_identification:_identify(venv/lib/python3.12/site-packages/pip/_vendor/cachecontrol/caches) by extensions ['ignore', 'ignore_ament_install']
[3.097s] Level 1:colcon.colcon_core.package_identification:_identify(venv/lib/python3.12/site-packages/pip/_vendor/cachecontrol/caches) by extension 'ignore'
[3.097s] Level 1:colcon.colcon_core.package_identification:_identify(venv/lib/python3.12/site-packages/pip/_vendor/cachecontrol/caches) by extension 'ignore_ament_install'
[3.097s] Level 1:colcon.colcon_core.package_identification:_identify(venv/lib/python3.12/site-packages/pip/_vendor/cachecontrol/caches) by extensions ['colcon_pkg']
[3.097s] Level 1:colcon.colcon_core.package_identification:_identify(venv/lib/python3.12/site-packages/pip/_vendor/cachecontrol/caches) by extension 'colcon_pkg'
[3.097s] Level 1:colcon.colcon_core.package_identification:_identify(venv/lib/python3.12/site-packages/pip/_vendor/cachecontrol/caches) by extensions ['colcon_meta']
[3.097s] Level 1:colcon.colcon_core.package_identification:_identify(venv/lib/python3.12/site-packages/pip/_vendor/cachecontrol/caches) by extension 'colcon_meta'
[3.097s] Level 1:colcon.colcon_core.package_identification:_identify(venv/lib/python3.12/site-packages/pip/_vendor/cachecontrol/caches) by extensions ['ros']
[3.097s] Level 1:colcon.colcon_core.package_identification:_identify(venv/lib/python3.12/site-packages/pip/_vendor/cachecontrol/caches) by extension 'ros'
[3.098s] Level 1:colcon.colcon_core.package_identification:_identify(venv/lib/python3.12/site-packages/pip/_vendor/cachecontrol/caches) by extensions ['cmake', 'python']
[3.098s] Level 1:colcon.colcon_core.package_identification:_identify(venv/lib/python3.12/site-packages/pip/_vendor/cachecontrol/caches) by extension 'cmake'
[3.098s] Level 1:colcon.colcon_core.package_identification:_identify(venv/lib/python3.12/site-packages/pip/_vendor/cachecontrol/caches) by extension 'python'
[3.098s] Level 1:colcon.colcon_core.package_identification:_identify(venv/lib/python3.12/site-packages/pip/_vendor/cachecontrol/caches) by extensions ['python_setup_py']
[3.098s] Level 1:colcon.colcon_core.package_identification:_identify(venv/lib/python3.12/site-packages/pip/_vendor/cachecontrol/caches) by extension 'python_setup_py'
[3.098s] Level 1:colcon.colcon_core.package_identification:_identify(venv/lib/python3.12/site-packages/pip/_vendor/cachecontrol/caches/__pycache__) by extensions ['ignore', 'ignore_ament_install']
[3.098s] Level 1:colcon.colcon_core.package_identification:_identify(venv/lib/python3.12/site-packages/pip/_vendor/cachecontrol/caches/__pycache__) by extension 'ignore'
[3.098s] Level 1:colcon.colcon_core.package_identification:_identify(venv/lib/python3.12/site-packages/pip/_vendor/cachecontrol/caches/__pycache__) by extension 'ignore_ament_install'
[3.098s] Level 1:colcon.colcon_core.package_identification:_identify(venv/lib/python3.12/site-packages/pip/_vendor/cachecontrol/caches/__pycache__) by extensions ['colcon_pkg']
[3.098s] Level 1:colcon.colcon_core.package_identification:_identify(venv/lib/python3.12/site-packages/pip/_vendor/cachecontrol/caches/__pycache__) by extension 'colcon_pkg'
[3.098s] Level 1:colcon.colcon_core.package_identification:_identify(venv/lib/python3.12/site-packages/pip/_vendor/cachecontrol/caches/__pycache__) by extensions ['colcon_meta']
[3.098s] Level 1:colcon.colcon_core.package_identification:_identify(venv/lib/python3.12/site-packages/pip/_vendor/cachecontrol/caches/__pycache__) by extension 'colcon_meta'
[3.098s] Level 1:colcon.colcon_core.package_identification:_identify(venv/lib/python3.12/site-packages/pip/_vendor/cachecontrol/caches/__pycache__) by extensions ['ros']
[3.098s] Level 1:colcon.colcon_core.package_identification:_identify(venv/lib/python3.12/site-packages/pip/_vendor/cachecontrol/caches/__pycache__) by extension 'ros'
[3.099s] Level 1:colcon.colcon_core.package_identification:_identify(venv/lib/python3.12/site-packages/pip/_vendor/cachecontrol/caches/__pycache__) by extensions ['cmake', 'python']
[3.099s] Level 1:colcon.colcon_core.package_identification:_identify(venv/lib/python3.12/site-packages/pip/_vendor/cachecontrol/caches/__pycache__) by extension 'cmake'
[3.099s] Level 1:colcon.colcon_core.package_identification:_identify(venv/lib/python3.12/site-packages/pip/_vendor/cachecontrol/caches/__pycache__) by extension 'python'
[3.099s] Level 1:colcon.colcon_core.package_identification:_identify(venv/lib/python3.12/site-packages/pip/_vendor/cachecontrol/caches/__pycache__) by extensions ['python_setup_py']
[3.099s] Level 1:colcon.colcon_core.package_identification:_identify(venv/lib/python3.12/site-packages/pip/_vendor/cachecontrol/caches/__pycache__) by extension 'python_setup_py'
[3.099s] Level 1:colcon.colcon_core.package_identification:_identify(venv/lib/python3.12/site-packages/pip/_vendor/certifi) by extensions ['ignore', 'ignore_ament_install']
[3.099s] Level 1:colcon.colcon_core.package_identification:_identify(venv/lib/python3.12/site-packages/pip/_vendor/certifi) by extension 'ignore'
[3.099s] Level 1:colcon.colcon_core.package_identification:_identify(venv/lib/python3.12/site-packages/pip/_vendor/certifi) by extension 'ignore_ament_install'
[3.099s] Level 1:colcon.colcon_core.package_identification:_identify(venv/lib/python3.12/site-packages/pip/_vendor/certifi) by extensions ['colcon_pkg']
[3.099s] Level 1:colcon.colcon_core.package_identification:_identify(venv/lib/python3.12/site-packages/pip/_vendor/certifi) by extension 'colcon_pkg'
[3.099s] Level 1:colcon.colcon_core.package_identification:_identify(venv/lib/python3.12/site-packages/pip/_vendor/certifi) by extensions ['colcon_meta']
[3.099s] Level 1:colcon.colcon_core.package_identification:_identify(venv/lib/python3.12/site-packages/pip/_vendor/certifi) by extension 'colcon_meta'
[3.099s] Level 1:colcon.colcon_core.package_identification:_identify(venv/lib/python3.12/site-packages/pip/_vendor/certifi) by extensions ['ros']
[3.099s] Level 1:colcon.colcon_core.package_identification:_identify(venv/lib/python3.12/site-packages/pip/_vendor/certifi) by extension 'ros'
[3.099s] Level 1:colcon.colcon_core.package_identification:_identify(venv/lib/python3.12/site-packages/pip/_vendor/certifi) by extensions ['cmake', 'python']
[3.099s] Level 1:colcon.colcon_core.package_identification:_identify(venv/lib/python3.12/site-packages/pip/_vendor/certifi) by extension 'cmake'
[3.099s] Level 1:colcon.colcon_core.package_identification:_identify(venv/lib/python3.12/site-packages/pip/_vendor/certifi) by extension 'python'
[3.099s] Level 1:colcon.colcon_core.package_identification:_identify(venv/lib/python3.12/site-packages/pip/_vendor/certifi) by extensions ['python_setup_py']
[3.100s] Level 1:colcon.colcon_core.package_identification:_identify(venv/lib/python3.12/site-packages/pip/_vendor/certifi) by extension 'python_setup_py'
[3.100s] Level 1:colcon.colcon_core.package_identification:_identify(venv/lib/python3.12/site-packages/pip/_vendor/certifi/__pycache__) by extensions ['ignore', 'ignore_ament_install']
[3.100s] Level 1:colcon.colcon_core.package_identification:_identify(venv/lib/python3.12/site-packages/pip/_vendor/certifi/__pycache__) by extension 'ignore'
[3.100s] Level 1:colcon.colcon_core.package_identification:_identify(venv/lib/python3.12/site-packages/pip/_vendor/certifi/__pycache__) by extension 'ignore_ament_install'
[3.100s] Level 1:colcon.colcon_core.package_identification:_identify(venv/lib/python3.12/site-packages/pip/_vendor/certifi/__pycache__) by extensions ['colcon_pkg']
[3.100s] Level 1:colcon.colcon_core.package_identification:_identify(venv/lib/python3.12/site-packages/pip/_vendor/certifi/__pycache__) by extension 'colcon_pkg'
[3.100s] Level 1:colcon.colcon_core.package_identification:_identify(venv/lib/python3.12/site-packages/pip/_vendor/certifi/__pycache__) by extensions ['colcon_meta']
[3.100s] Level 1:colcon.colcon_core.package_identification:_identify(venv/lib/python3.12/site-packages/pip/_vendor/certifi/__pycache__) by extension 'colcon_meta'
[3.100s] Level 1:colcon.colcon_core.package_identification:_identify(venv/lib/python3.12/site-packages/pip/_vendor/certifi/__pycache__) by extensions ['ros']
[3.100s] Level 1:colcon.colcon_core.package_identification:_identify(venv/lib/python3.12/site-packages/pip/_vendor/certifi/__pycache__) by extension 'ros'
[3.100s] Level 1:colcon.colcon_core.package_identification:_identify(venv/lib/python3.12/site-packages/pip/_vendor/certifi/__pycache__) by extensions ['cmake', 'python']
[3.100s] Level 1:colcon.colcon_core.package_identification:_identify(venv/lib/python3.12/site-packages/pip/_vendor/certifi/__pycache__) by extension 'cmake'
[3.100s] Level 1:colcon.colcon_core.package_identification:_identify(venv/lib/python3.12/site-packages/pip/_vendor/certifi/__pycache__) by extension 'python'
[3.100s] Level 1:colcon.colcon_core.package_identification:_identify(venv/lib/python3.12/site-packages/pip/_vendor/certifi/__pycache__) by extensions ['python_setup_py']
[3.100s] Level 1:colcon.colcon_core.package_identification:_identify(venv/lib/python3.12/site-packages/pip/_vendor/certifi/__pycache__) by extension 'python_setup_py'
[3.100s] Level 1:colcon.colcon_core.package_identification:_identify(venv/lib/python3.12/site-packages/pip/_vendor/distlib) by extensions ['ignore', 'ignore_ament_install']
[3.101s] Level 1:colcon.colcon_core.package_identification:_identify(venv/lib/python3.12/site-packages/pip/_vendor/distlib) by extension 'ignore'
[3.101s] Level 1:colcon.colcon_core.package_identification:_identify(venv/lib/python3.12/site-packages/pip/_vendor/distlib) by extension 'ignore_ament_install'
[3.101s] Level 1:colcon.colcon_core.package_identification:_identify(venv/lib/python3.12/site-packages/pip/_vendor/distlib) by extensions ['colcon_pkg']
[3.101s] Level 1:colcon.colcon_core.package_identification:_identify(venv/lib/python3.12/site-packages/pip/_vendor/distlib) by extension 'colcon_pkg'
[3.101s] Level 1:colcon.colcon_core.package_identification:_identify(venv/lib/python3.12/site-packages/pip/_vendor/distlib) by extensions ['colcon_meta']
[3.101s] Level 1:colcon.colcon_core.package_identification:_identify(venv/lib/python3.12/site-packages/pip/_vendor/distlib) by extension 'colcon_meta'
[3.101s] Level 1:colcon.colcon_core.package_identification:_identify(venv/lib/python3.12/site-packages/pip/_vendor/distlib) by extensions ['ros']
[3.101s] Level 1:colcon.colcon_core.package_identification:_identify(venv/lib/python3.12/site-packages/pip/_vendor/distlib) by extension 'ros'
[3.101s] Level 1:colcon.colcon_core.package_identification:_identify(venv/lib/python3.12/site-packages/pip/_vendor/distlib) by extensions ['cmake', 'python']
[3.101s] Level 1:colcon.colcon_core.package_identification:_identify(venv/lib/python3.12/site-packages/pip/_vendor/distlib) by extension 'cmake'
[3.101s] Level 1:colcon.colcon_core.package_identification:_identify(venv/lib/python3.12/site-packages/pip/_vendor/distlib) by extension 'python'
[3.101s] Level 1:colcon.colcon_core.package_identification:_identify(venv/lib/python3.12/site-packages/pip/_vendor/distlib) by extensions ['python_setup_py']
[3.101s] Level 1:colcon.colcon_core.package_identification:_identify(venv/lib/python3.12/site-packages/pip/_vendor/distlib) by extension 'python_setup_py'
[3.102s] Level 1:colcon.colcon_core.package_identification:_identify(venv/lib/python3.12/site-packages/pip/_vendor/distlib/__pycache__) by extensions ['ignore', 'ignore_ament_install']
[3.102s] Level 1:colcon.colcon_core.package_identification:_identify(venv/lib/python3.12/site-packages/pip/_vendor/distlib/__pycache__) by extension 'ignore'
[3.102s] Level 1:colcon.colcon_core.package_identification:_identify(venv/lib/python3.12/site-packages/pip/_vendor/distlib/__pycache__) by extension 'ignore_ament_install'
[3.102s] Level 1:colcon.colcon_core.package_identification:_identify(venv/lib/python3.12/site-packages/pip/_vendor/distlib/__pycache__) by extensions ['colcon_pkg']
[3.102s] Level 1:colcon.colcon_core.package_identification:_identify(venv/lib/python3.12/site-packages/pip/_vendor/distlib/__pycache__) by extension 'colcon_pkg'
[3.102s] Level 1:colcon.colcon_core.package_identification:_identify(venv/lib/python3.12/site-packages/pip/_vendor/distlib/__pycache__) by extensions ['colcon_meta']
[3.102s] Level 1:colcon.colcon_core.package_identification:_identify(venv/lib/python3.12/site-packages/pip/_vendor/distlib/__pycache__) by extension 'colcon_meta'
[3.102s] Level 1:colcon.colcon_core.package_identification:_identify(venv/lib/python3.12/site-packages/pip/_vendor/distlib/__pycache__) by extensions ['ros']
[3.102s] Level 1:colcon.colcon_core.package_identification:_identify(venv/lib/python3.12/site-packages/pip/_vendor/distlib/__pycache__) by extension 'ros'
[3.102s] Level 1:colcon.colcon_core.package_identification:_identify(venv/lib/python3.12/site-packages/pip/_vendor/distlib/__pycache__) by extensions ['cmake', 'python']
[3.102s] Level 1:colcon.colcon_core.package_identification:_identify(venv/lib/python3.12/site-packages/pip/_vendor/distlib/__pycache__) by extension 'cmake'
[3.102s] Level 1:colcon.colcon_core.package_identification:_identify(venv/lib/python3.12/site-packages/pip/_vendor/distlib/__pycache__) by extension 'python'
[3.103s] Level 1:colcon.colcon_core.package_identification:_identify(venv/lib/python3.12/site-packages/pip/_vendor/distlib/__pycache__) by extensions ['python_setup_py']
[3.103s] Level 1:colcon.colcon_core.package_identification:_identify(venv/lib/python3.12/site-packages/pip/_vendor/distlib/__pycache__) by extension 'python_setup_py'
[3.103s] Level 1:colcon.colcon_core.package_identification:_identify(venv/lib/python3.12/site-packages/pip/_vendor/distro) by extensions ['ignore', 'ignore_ament_install']
[3.103s] Level 1:colcon.colcon_core.package_identification:_identify(venv/lib/python3.12/site-packages/pip/_vendor/distro) by extension 'ignore'
[3.103s] Level 1:colcon.colcon_core.package_identification:_identify(venv/lib/python3.12/site-packages/pip/_vendor/distro) by extension 'ignore_ament_install'
[3.103s] Level 1:colcon.colcon_core.package_identification:_identify(venv/lib/python3.12/site-packages/pip/_vendor/distro) by extensions ['colcon_pkg']
[3.103s] Level 1:colcon.colcon_core.package_identification:_identify(venv/lib/python3.12/site-packages/pip/_vendor/distro) by extension 'colcon_pkg'
[3.103s] Level 1:colcon.colcon_core.package_identification:_identify(venv/lib/python3.12/site-packages/pip/_vendor/distro) by extensions ['colcon_meta']
[3.103s] Level 1:colcon.colcon_core.package_identification:_identify(venv/lib/python3.12/site-packages/pip/_vendor/distro) by extension 'colcon_meta'
[3.103s] Level 1:colcon.colcon_core.package_identification:_identify(venv/lib/python3.12/site-packages/pip/_vendor/distro) by extensions ['ros']
[3.103s] Level 1:colcon.colcon_core.package_identification:_identify(venv/lib/python3.12/site-packages/pip/_vendor/distro) by extension 'ros'
[3.103s] Level 1:colcon.colcon_core.package_identification:_identify(venv/lib/python3.12/site-packages/pip/_vendor/distro) by extensions ['cmake', 'python']
[3.103s] Level 1:colcon.colcon_core.package_identification:_identify(venv/lib/python3.12/site-packages/pip/_vendor/distro) by extension 'cmake'
[3.103s] Level 1:colcon.colcon_core.package_identification:_identify(venv/lib/python3.12/site-packages/pip/_vendor/distro) by extension 'python'
[3.104s] Level 1:colcon.colcon_core.package_identification:_identify(venv/lib/python3.12/site-packages/pip/_vendor/distro) by extensions ['python_setup_py']
[3.104s] Level 1:colcon.colcon_core.package_identification:_identify(venv/lib/python3.12/site-packages/pip/_vendor/distro) by extension 'python_setup_py'
[3.104s] Level 1:colcon.colcon_core.package_identification:_identify(venv/lib/python3.12/site-packages/pip/_vendor/distro/__pycache__) by extensions ['ignore', 'ignore_ament_install']
[3.104s] Level 1:colcon.colcon_core.package_identification:_identify(venv/lib/python3.12/site-packages/pip/_vendor/distro/__pycache__) by extension 'ignore'
[3.104s] Level 1:colcon.colcon_core.package_identification:_identify(venv/lib/python3.12/site-packages/pip/_vendor/distro/__pycache__) by extension 'ignore_ament_install'
[3.104s] Level 1:colcon.colcon_core.package_identification:_identify(venv/lib/python3.12/site-packages/pip/_vendor/distro/__pycache__) by extensions ['colcon_pkg']
[3.104s] Level 1:colcon.colcon_core.package_identification:_identify(venv/lib/python3.12/site-packages/pip/_vendor/distro/__pycache__) by extension 'colcon_pkg'
[3.104s] Level 1:colcon.colcon_core.package_identification:_identify(venv/lib/python3.12/site-packages/pip/_vendor/distro/__pycache__) by extensions ['colcon_meta']
[3.104s] Level 1:colcon.colcon_core.package_identification:_identify(venv/lib/python3.12/site-packages/pip/_vendor/distro/__pycache__) by extension 'colcon_meta'
[3.104s] Level 1:colcon.colcon_core.package_identification:_identify(venv/lib/python3.12/site-packages/pip/_vendor/distro/__pycache__) by extensions ['ros']
[3.104s] Level 1:colcon.colcon_core.package_identification:_identify(venv/lib/python3.12/site-packages/pip/_vendor/distro/__pycache__) by extension 'ros'
[3.104s] Level 1:colcon.colcon_core.package_identification:_identify(venv/lib/python3.12/site-packages/pip/_vendor/distro/__pycache__) by extensions ['cmake', 'python']
[3.104s] Level 1:colcon.colcon_core.package_identification:_identify(venv/lib/python3.12/site-packages/pip/_vendor/distro/__pycache__) by extension 'cmake'
[3.104s] Level 1:colcon.colcon_core.package_identification:_identify(venv/lib/python3.12/site-packages/pip/_vendor/distro/__pycache__) by extension 'python'
[3.104s] Level 1:colcon.colcon_core.package_identification:_identify(venv/lib/python3.12/site-packages/pip/_vendor/distro/__pycache__) by extensions ['python_setup_py']
[3.104s] Level 1:colcon.colcon_core.package_identification:_identify(venv/lib/python3.12/site-packages/pip/_vendor/distro/__pycache__) by extension 'python_setup_py'
[3.105s] Level 1:colcon.colcon_core.package_identification:_identify(venv/lib/python3.12/site-packages/pip/_vendor/idna) by extensions ['ignore', 'ignore_ament_install']
[3.105s] Level 1:colcon.colcon_core.package_identification:_identify(venv/lib/python3.12/site-packages/pip/_vendor/idna) by extension 'ignore'
[3.105s] Level 1:colcon.colcon_core.package_identification:_identify(venv/lib/python3.12/site-packages/pip/_vendor/idna) by extension 'ignore_ament_install'
[3.105s] Level 1:colcon.colcon_core.package_identification:_identify(venv/lib/python3.12/site-packages/pip/_vendor/idna) by extensions ['colcon_pkg']
[3.105s] Level 1:colcon.colcon_core.package_identification:_identify(venv/lib/python3.12/site-packages/pip/_vendor/idna) by extension 'colcon_pkg'
[3.105s] Level 1:colcon.colcon_core.package_identification:_identify(venv/lib/python3.12/site-packages/pip/_vendor/idna) by extensions ['colcon_meta']
[3.105s] Level 1:colcon.colcon_core.package_identification:_identify(venv/lib/python3.12/site-packages/pip/_vendor/idna) by extension 'colcon_meta'
[3.105s] Level 1:colcon.colcon_core.package_identification:_identify(venv/lib/python3.12/site-packages/pip/_vendor/idna) by extensions ['ros']
[3.105s] Level 1:colcon.colcon_core.package_identification:_identify(venv/lib/python3.12/site-packages/pip/_vendor/idna) by extension 'ros'
[3.105s] Level 1:colcon.colcon_core.package_identification:_identify(venv/lib/python3.12/site-packages/pip/_vendor/idna) by extensions ['cmake', 'python']
[3.105s] Level 1:colcon.colcon_core.package_identification:_identify(venv/lib/python3.12/site-packages/pip/_vendor/idna) by extension 'cmake'
[3.105s] Level 1:colcon.colcon_core.package_identification:_identify(venv/lib/python3.12/site-packages/pip/_vendor/idna) by extension 'python'
[3.105s] Level 1:colcon.colcon_core.package_identification:_identify(venv/lib/python3.12/site-packages/pip/_vendor/idna) by extensions ['python_setup_py']
[3.105s] Level 1:colcon.colcon_core.package_identification:_identify(venv/lib/python3.12/site-packages/pip/_vendor/idna) by extension 'python_setup_py'
[3.105s] Level 1:colcon.colcon_core.package_identification:_identify(venv/lib/python3.12/site-packages/pip/_vendor/idna/__pycache__) by extensions ['ignore', 'ignore_ament_install']
[3.106s] Level 1:colcon.colcon_core.package_identification:_identify(venv/lib/python3.12/site-packages/pip/_vendor/idna/__pycache__) by extension 'ignore'
[3.106s] Level 1:colcon.colcon_core.package_identification:_identify(venv/lib/python3.12/site-packages/pip/_vendor/idna/__pycache__) by extension 'ignore_ament_install'
[3.106s] Level 1:colcon.colcon_core.package_identification:_identify(venv/lib/python3.12/site-packages/pip/_vendor/idna/__pycache__) by extensions ['colcon_pkg']
[3.106s] Level 1:colcon.colcon_core.package_identification:_identify(venv/lib/python3.12/site-packages/pip/_vendor/idna/__pycache__) by extension 'colcon_pkg'
[3.106s] Level 1:colcon.colcon_core.package_identification:_identify(venv/lib/python3.12/site-packages/pip/_vendor/idna/__pycache__) by extensions ['colcon_meta']
[3.106s] Level 1:colcon.colcon_core.package_identification:_identify(venv/lib/python3.12/site-packages/pip/_vendor/idna/__pycache__) by extension 'colcon_meta'
[3.106s] Level 1:colcon.colcon_core.package_identification:_identify(venv/lib/python3.12/site-packages/pip/_vendor/idna/__pycache__) by extensions ['ros']
[3.106s] Level 1:colcon.colcon_core.package_identification:_identify(venv/lib/python3.12/site-packages/pip/_vendor/idna/__pycache__) by extension 'ros'
[3.106s] Level 1:colcon.colcon_core.package_identification:_identify(venv/lib/python3.12/site-packages/pip/_vendor/idna/__pycache__) by extensions ['cmake', 'python']
[3.106s] Level 1:colcon.colcon_core.package_identification:_identify(venv/lib/python3.12/site-packages/pip/_vendor/idna/__pycache__) by extension 'cmake'
[3.106s] Level 1:colcon.colcon_core.package_identification:_identify(venv/lib/python3.12/site-packages/pip/_vendor/idna/__pycache__) by extension 'python'
[3.106s] Level 1:colcon.colcon_core.package_identification:_identify(venv/lib/python3.12/site-packages/pip/_vendor/idna/__pycache__) by extensions ['python_setup_py']
[3.106s] Level 1:colcon.colcon_core.package_identification:_identify(venv/lib/python3.12/site-packages/pip/_vendor/idna/__pycache__) by extension 'python_setup_py'
[3.106s] Level 1:colcon.colcon_core.package_identification:_identify(venv/lib/python3.12/site-packages/pip/_vendor/msgpack) by extensions ['ignore', 'ignore_ament_install']
[3.106s] Level 1:colcon.colcon_core.package_identification:_identify(venv/lib/python3.12/site-packages/pip/_vendor/msgpack) by extension 'ignore'
[3.106s] Level 1:colcon.colcon_core.package_identification:_identify(venv/lib/python3.12/site-packages/pip/_vendor/msgpack) by extension 'ignore_ament_install'
[3.107s] Level 1:colcon.colcon_core.package_identification:_identify(venv/lib/python3.12/site-packages/pip/_vendor/msgpack) by extensions ['colcon_pkg']
[3.107s] Level 1:colcon.colcon_core.package_identification:_identify(venv/lib/python3.12/site-packages/pip/_vendor/msgpack) by extension 'colcon_pkg'
[3.107s] Level 1:colcon.colcon_core.package_identification:_identify(venv/lib/python3.12/site-packages/pip/_vendor/msgpack) by extensions ['colcon_meta']
[3.107s] Level 1:colcon.colcon_core.package_identification:_identify(venv/lib/python3.12/site-packages/pip/_vendor/msgpack) by extension 'colcon_meta'
[3.107s] Level 1:colcon.colcon_core.package_identification:_identify(venv/lib/python3.12/site-packages/pip/_vendor/msgpack) by extensions ['ros']
[3.107s] Level 1:colcon.colcon_core.package_identification:_identify(venv/lib/python3.12/site-packages/pip/_vendor/msgpack) by extension 'ros'
[3.107s] Level 1:colcon.colcon_core.package_identification:_identify(venv/lib/python3.12/site-packages/pip/_vendor/msgpack) by extensions ['cmake', 'python']
[3.107s] Level 1:colcon.colcon_core.package_identification:_identify(venv/lib/python3.12/site-packages/pip/_vendor/msgpack) by extension 'cmake'
[3.107s] Level 1:colcon.colcon_core.package_identification:_identify(venv/lib/python3.12/site-packages/pip/_vendor/msgpack) by extension 'python'
[3.107s] Level 1:colcon.colcon_core.package_identification:_identify(venv/lib/python3.12/site-packages/pip/_vendor/msgpack) by extensions ['python_setup_py']
[3.107s] Level 1:colcon.colcon_core.package_identification:_identify(venv/lib/python3.12/site-packages/pip/_vendor/msgpack) by extension 'python_setup_py'
[3.107s] Level 1:colcon.colcon_core.package_identification:_identify(venv/lib/python3.12/site-packages/pip/_vendor/msgpack/__pycache__) by extensions ['ignore', 'ignore_ament_install']
[3.107s] Level 1:colcon.colcon_core.package_identification:_identify(venv/lib/python3.12/site-packages/pip/_vendor/msgpack/__pycache__) by extension 'ignore'
[3.107s] Level 1:colcon.colcon_core.package_identification:_identify(venv/lib/python3.12/site-packages/pip/_vendor/msgpack/__pycache__) by extension 'ignore_ament_install'
[3.107s] Level 1:colcon.colcon_core.package_identification:_identify(venv/lib/python3.12/site-packages/pip/_vendor/msgpack/__pycache__) by extensions ['colcon_pkg']
[3.108s] Level 1:colcon.colcon_core.package_identification:_identify(venv/lib/python3.12/site-packages/pip/_vendor/msgpack/__pycache__) by extension 'colcon_pkg'
[3.108s] Level 1:colcon.colcon_core.package_identification:_identify(venv/lib/python3.12/site-packages/pip/_vendor/msgpack/__pycache__) by extensions ['colcon_meta']
[3.108s] Level 1:colcon.colcon_core.package_identification:_identify(venv/lib/python3.12/site-packages/pip/_vendor/msgpack/__pycache__) by extension 'colcon_meta'
[3.108s] Level 1:colcon.colcon_core.package_identification:_identify(venv/lib/python3.12/site-packages/pip/_vendor/msgpack/__pycache__) by extensions ['ros']
[3.108s] Level 1:colcon.colcon_core.package_identification:_identify(venv/lib/python3.12/site-packages/pip/_vendor/msgpack/__pycache__) by extension 'ros'
[3.108s] Level 1:colcon.colcon_core.package_identification:_identify(venv/lib/python3.12/site-packages/pip/_vendor/msgpack/__pycache__) by extensions ['cmake', 'python']
[3.108s] Level 1:colcon.colcon_core.package_identification:_identify(venv/lib/python3.12/site-packages/pip/_vendor/msgpack/__pycache__) by extension 'cmake'
[3.108s] Level 1:colcon.colcon_core.package_identification:_identify(venv/lib/python3.12/site-packages/pip/_vendor/msgpack/__pycache__) by extension 'python'
[3.108s] Level 1:colcon.colcon_core.package_identification:_identify(venv/lib/python3.12/site-packages/pip/_vendor/msgpack/__pycache__) by extensions ['python_setup_py']
[3.108s] Level 1:colcon.colcon_core.package_identification:_identify(venv/lib/python3.12/site-packages/pip/_vendor/msgpack/__pycache__) by extension 'python_setup_py'
[3.108s] Level 1:colcon.colcon_core.package_identification:_identify(venv/lib/python3.12/site-packages/pip/_vendor/packaging) by extensions ['ignore', 'ignore_ament_install']
[3.108s] Level 1:colcon.colcon_core.package_identification:_identify(venv/lib/python3.12/site-packages/pip/_vendor/packaging) by extension 'ignore'
[3.108s] Level 1:colcon.colcon_core.package_identification:_identify(venv/lib/python3.12/site-packages/pip/_vendor/packaging) by extension 'ignore_ament_install'
[3.108s] Level 1:colcon.colcon_core.package_identification:_identify(venv/lib/python3.12/site-packages/pip/_vendor/packaging) by extensions ['colcon_pkg']
[3.108s] Level 1:colcon.colcon_core.package_identification:_identify(venv/lib/python3.12/site-packages/pip/_vendor/packaging) by extension 'colcon_pkg'
[3.108s] Level 1:colcon.colcon_core.package_identification:_identify(venv/lib/python3.12/site-packages/pip/_vendor/packaging) by extensions ['colcon_meta']
[3.108s] Level 1:colcon.colcon_core.package_identification:_identify(venv/lib/python3.12/site-packages/pip/_vendor/packaging) by extension 'colcon_meta'
[3.109s] Level 1:colcon.colcon_core.package_identification:_identify(venv/lib/python3.12/site-packages/pip/_vendor/packaging) by extensions ['ros']
[3.109s] Level 1:colcon.colcon_core.package_identification:_identify(venv/lib/python3.12/site-packages/pip/_vendor/packaging) by extension 'ros'
[3.109s] Level 1:colcon.colcon_core.package_identification:_identify(venv/lib/python3.12/site-packages/pip/_vendor/packaging) by extensions ['cmake', 'python']
[3.109s] Level 1:colcon.colcon_core.package_identification:_identify(venv/lib/python3.12/site-packages/pip/_vendor/packaging) by extension 'cmake'
[3.109s] Level 1:colcon.colcon_core.package_identification:_identify(venv/lib/python3.12/site-packages/pip/_vendor/packaging) by extension 'python'
[3.109s] Level 1:colcon.colcon_core.package_identification:_identify(venv/lib/python3.12/site-packages/pip/_vendor/packaging) by extensions ['python_setup_py']
[3.109s] Level 1:colcon.colcon_core.package_identification:_identify(venv/lib/python3.12/site-packages/pip/_vendor/packaging) by extension 'python_setup_py'
[3.109s] Level 1:colcon.colcon_core.package_identification:_identify(venv/lib/python3.12/site-packages/pip/_vendor/packaging/__pycache__) by extensions ['ignore', 'ignore_ament_install']
[3.109s] Level 1:colcon.colcon_core.package_identification:_identify(venv/lib/python3.12/site-packages/pip/_vendor/packaging/__pycache__) by extension 'ignore'
[3.109s] Level 1:colcon.colcon_core.package_identification:_identify(venv/lib/python3.12/site-packages/pip/_vendor/packaging/__pycache__) by extension 'ignore_ament_install'
[3.109s] Level 1:colcon.colcon_core.package_identification:_identify(venv/lib/python3.12/site-packages/pip/_vendor/packaging/__pycache__) by extensions ['colcon_pkg']
[3.109s] Level 1:colcon.colcon_core.package_identification:_identify(venv/lib/python3.12/site-packages/pip/_vendor/packaging/__pycache__) by extension 'colcon_pkg'
[3.109s] Level 1:colcon.colcon_core.package_identification:_identify(venv/lib/python3.12/site-packages/pip/_vendor/packaging/__pycache__) by extensions ['colcon_meta']
[3.109s] Level 1:colcon.colcon_core.package_identification:_identify(venv/lib/python3.12/site-packages/pip/_vendor/packaging/__pycache__) by extension 'colcon_meta'
[3.109s] Level 1:colcon.colcon_core.package_identification:_identify(venv/lib/python3.12/site-packages/pip/_vendor/packaging/__pycache__) by extensions ['ros']
[3.109s] Level 1:colcon.colcon_core.package_identification:_identify(venv/lib/python3.12/site-packages/pip/_vendor/packaging/__pycache__) by extension 'ros'
[3.110s] Level 1:colcon.colcon_core.package_identification:_identify(venv/lib/python3.12/site-packages/pip/_vendor/packaging/__pycache__) by extensions ['cmake', 'python']
[3.110s] Level 1:colcon.colcon_core.package_identification:_identify(venv/lib/python3.12/site-packages/pip/_vendor/packaging/__pycache__) by extension 'cmake'
[3.110s] Level 1:colcon.colcon_core.package_identification:_identify(venv/lib/python3.12/site-packages/pip/_vendor/packaging/__pycache__) by extension 'python'
[3.110s] Level 1:colcon.colcon_core.package_identification:_identify(venv/lib/python3.12/site-packages/pip/_vendor/packaging/__pycache__) by extensions ['python_setup_py']
[3.110s] Level 1:colcon.colcon_core.package_identification:_identify(venv/lib/python3.12/site-packages/pip/_vendor/packaging/__pycache__) by extension 'python_setup_py'
[3.110s] Level 1:colcon.colcon_core.package_identification:_identify(venv/lib/python3.12/site-packages/pip/_vendor/packaging/licenses) by extensions ['ignore', 'ignore_ament_install']
[3.110s] Level 1:colcon.colcon_core.package_identification:_identify(venv/lib/python3.12/site-packages/pip/_vendor/packaging/licenses) by extension 'ignore'
[3.110s] Level 1:colcon.colcon_core.package_identification:_identify(venv/lib/python3.12/site-packages/pip/_vendor/packaging/licenses) by extension 'ignore_ament_install'
[3.110s] Level 1:colcon.colcon_core.package_identification:_identify(venv/lib/python3.12/site-packages/pip/_vendor/packaging/licenses) by extensions ['colcon_pkg']
[3.110s] Level 1:colcon.colcon_core.package_identification:_identify(venv/lib/python3.12/site-packages/pip/_vendor/packaging/licenses) by extension 'colcon_pkg'
[3.110s] Level 1:colcon.colcon_core.package_identification:_identify(venv/lib/python3.12/site-packages/pip/_vendor/packaging/licenses) by extensions ['colcon_meta']
[3.110s] Level 1:colcon.colcon_core.package_identification:_identify(venv/lib/python3.12/site-packages/pip/_vendor/packaging/licenses) by extension 'colcon_meta'
[3.110s] Level 1:colcon.colcon_core.package_identification:_identify(venv/lib/python3.12/site-packages/pip/_vendor/packaging/licenses) by extensions ['ros']
[3.110s] Level 1:colcon.colcon_core.package_identification:_identify(venv/lib/python3.12/site-packages/pip/_vendor/packaging/licenses) by extension 'ros'
[3.110s] Level 1:colcon.colcon_core.package_identification:_identify(venv/lib/python3.12/site-packages/pip/_vendor/packaging/licenses) by extensions ['cmake', 'python']
[3.110s] Level 1:colcon.colcon_core.package_identification:_identify(venv/lib/python3.12/site-packages/pip/_vendor/packaging/licenses) by extension 'cmake'
[3.111s] Level 1:colcon.colcon_core.package_identification:_identify(venv/lib/python3.12/site-packages/pip/_vendor/packaging/licenses) by extension 'python'
[3.111s] Level 1:colcon.colcon_core.package_identification:_identify(venv/lib/python3.12/site-packages/pip/_vendor/packaging/licenses) by extensions ['python_setup_py']
[3.111s] Level 1:colcon.colcon_core.package_identification:_identify(venv/lib/python3.12/site-packages/pip/_vendor/packaging/licenses) by extension 'python_setup_py'
[3.111s] Level 1:colcon.colcon_core.package_identification:_identify(venv/lib/python3.12/site-packages/pip/_vendor/packaging/licenses/__pycache__) by extensions ['ignore', 'ignore_ament_install']
[3.111s] Level 1:colcon.colcon_core.package_identification:_identify(venv/lib/python3.12/site-packages/pip/_vendor/packaging/licenses/__pycache__) by extension 'ignore'
[3.111s] Level 1:colcon.colcon_core.package_identification:_identify(venv/lib/python3.12/site-packages/pip/_vendor/packaging/licenses/__pycache__) by extension 'ignore_ament_install'
[3.111s] Level 1:colcon.colcon_core.package_identification:_identify(venv/lib/python3.12/site-packages/pip/_vendor/packaging/licenses/__pycache__) by extensions ['colcon_pkg']
[3.111s] Level 1:colcon.colcon_core.package_identification:_identify(venv/lib/python3.12/site-packages/pip/_vendor/packaging/licenses/__pycache__) by extension 'colcon_pkg'
[3.111s] Level 1:colcon.colcon_core.package_identification:_identify(venv/lib/python3.12/site-packages/pip/_vendor/packaging/licenses/__pycache__) by extensions ['colcon_meta']
[3.111s] Level 1:colcon.colcon_core.package_identification:_identify(venv/lib/python3.12/site-packages/pip/_vendor/packaging/licenses/__pycache__) by extension 'colcon_meta'
[3.111s] Level 1:colcon.colcon_core.package_identification:_identify(venv/lib/python3.12/site-packages/pip/_vendor/packaging/licenses/__pycache__) by extensions ['ros']
[3.111s] Level 1:colcon.colcon_core.package_identification:_identify(venv/lib/python3.12/site-packages/pip/_vendor/packaging/licenses/__pycache__) by extension 'ros'
[3.111s] Level 1:colcon.colcon_core.package_identification:_identify(venv/lib/python3.12/site-packages/pip/_vendor/packaging/licenses/__pycache__) by extensions ['cmake', 'python']
[3.111s] Level 1:colcon.colcon_core.package_identification:_identify(venv/lib/python3.12/site-packages/pip/_vendor/packaging/licenses/__pycache__) by extension 'cmake'
[3.111s] Level 1:colcon.colcon_core.package_identification:_identify(venv/lib/python3.12/site-packages/pip/_vendor/packaging/licenses/__pycache__) by extension 'python'
[3.111s] Level 1:colcon.colcon_core.package_identification:_identify(venv/lib/python3.12/site-packages/pip/_vendor/packaging/licenses/__pycache__) by extensions ['python_setup_py']
[3.112s] Level 1:colcon.colcon_core.package_identification:_identify(venv/lib/python3.12/site-packages/pip/_vendor/packaging/licenses/__pycache__) by extension 'python_setup_py'
[3.112s] Level 1:colcon.colcon_core.package_identification:_identify(venv/lib/python3.12/site-packages/pip/_vendor/pkg_resources) by extensions ['ignore', 'ignore_ament_install']
[3.112s] Level 1:colcon.colcon_core.package_identification:_identify(venv/lib/python3.12/site-packages/pip/_vendor/pkg_resources) by extension 'ignore'
[3.112s] Level 1:colcon.colcon_core.package_identification:_identify(venv/lib/python3.12/site-packages/pip/_vendor/pkg_resources) by extension 'ignore_ament_install'
[3.112s] Level 1:colcon.colcon_core.package_identification:_identify(venv/lib/python3.12/site-packages/pip/_vendor/pkg_resources) by extensions ['colcon_pkg']
[3.112s] Level 1:colcon.colcon_core.package_identification:_identify(venv/lib/python3.12/site-packages/pip/_vendor/pkg_resources) by extension 'colcon_pkg'
[3.112s] Level 1:colcon.colcon_core.package_identification:_identify(venv/lib/python3.12/site-packages/pip/_vendor/pkg_resources) by extensions ['colcon_meta']
[3.112s] Level 1:colcon.colcon_core.package_identification:_identify(venv/lib/python3.12/site-packages/pip/_vendor/pkg_resources) by extension 'colcon_meta'
[3.112s] Level 1:colcon.colcon_core.package_identification:_identify(venv/lib/python3.12/site-packages/pip/_vendor/pkg_resources) by extensions ['ros']
[3.112s] Level 1:colcon.colcon_core.package_identification:_identify(venv/lib/python3.12/site-packages/pip/_vendor/pkg_resources) by extension 'ros'
[3.112s] Level 1:colcon.colcon_core.package_identification:_identify(venv/lib/python3.12/site-packages/pip/_vendor/pkg_resources) by extensions ['cmake', 'python']
[3.112s] Level 1:colcon.colcon_core.package_identification:_identify(venv/lib/python3.12/site-packages/pip/_vendor/pkg_resources) by extension 'cmake'
[3.112s] Level 1:colcon.colcon_core.package_identification:_identify(venv/lib/python3.12/site-packages/pip/_vendor/pkg_resources) by extension 'python'
[3.112s] Level 1:colcon.colcon_core.package_identification:_identify(venv/lib/python3.12/site-packages/pip/_vendor/pkg_resources) by extensions ['python_setup_py']
[3.112s] Level 1:colcon.colcon_core.package_identification:_identify(venv/lib/python3.12/site-packages/pip/_vendor/pkg_resources) by extension 'python_setup_py'
[3.112s] Level 1:colcon.colcon_core.package_identification:_identify(venv/lib/python3.12/site-packages/pip/_vendor/pkg_resources/__pycache__) by extensions ['ignore', 'ignore_ament_install']
[3.113s] Level 1:colcon.colcon_core.package_identification:_identify(venv/lib/python3.12/site-packages/pip/_vendor/pkg_resources/__pycache__) by extension 'ignore'
[3.113s] Level 1:colcon.colcon_core.package_identification:_identify(venv/lib/python3.12/site-packages/pip/_vendor/pkg_resources/__pycache__) by extension 'ignore_ament_install'
[3.113s] Level 1:colcon.colcon_core.package_identification:_identify(venv/lib/python3.12/site-packages/pip/_vendor/pkg_resources/__pycache__) by extensions ['colcon_pkg']
[3.113s] Level 1:colcon.colcon_core.package_identification:_identify(venv/lib/python3.12/site-packages/pip/_vendor/pkg_resources/__pycache__) by extension 'colcon_pkg'
[3.113s] Level 1:colcon.colcon_core.package_identification:_identify(venv/lib/python3.12/site-packages/pip/_vendor/pkg_resources/__pycache__) by extensions ['colcon_meta']
[3.113s] Level 1:colcon.colcon_core.package_identification:_identify(venv/lib/python3.12/site-packages/pip/_vendor/pkg_resources/__pycache__) by extension 'colcon_meta'
[3.113s] Level 1:colcon.colcon_core.package_identification:_identify(venv/lib/python3.12/site-packages/pip/_vendor/pkg_resources/__pycache__) by extensions ['ros']
[3.113s] Level 1:colcon.colcon_core.package_identification:_identify(venv/lib/python3.12/site-packages/pip/_vendor/pkg_resources/__pycache__) by extension 'ros'
[3.113s] Level 1:colcon.colcon_core.package_identification:_identify(venv/lib/python3.12/site-packages/pip/_vendor/pkg_resources/__pycache__) by extensions ['cmake', 'python']
[3.113s] Level 1:colcon.colcon_core.package_identification:_identify(venv/lib/python3.12/site-packages/pip/_vendor/pkg_resources/__pycache__) by extension 'cmake'
[3.113s] Level 1:colcon.colcon_core.package_identification:_identify(venv/lib/python3.12/site-packages/pip/_vendor/pkg_resources/__pycache__) by extension 'python'
[3.113s] Level 1:colcon.colcon_core.package_identification:_identify(venv/lib/python3.12/site-packages/pip/_vendor/pkg_resources/__pycache__) by extensions ['python_setup_py']
[3.113s] Level 1:colcon.colcon_core.package_identification:_identify(venv/lib/python3.12/site-packages/pip/_vendor/pkg_resources/__pycache__) by extension 'python_setup_py'
[3.113s] Level 1:colcon.colcon_core.package_identification:_identify(venv/lib/python3.12/site-packages/pip/_vendor/platformdirs) by extensions ['ignore', 'ignore_ament_install']
[3.113s] Level 1:colcon.colcon_core.package_identification:_identify(venv/lib/python3.12/site-packages/pip/_vendor/platformdirs) by extension 'ignore'
[3.114s] Level 1:colcon.colcon_core.package_identification:_identify(venv/lib/python3.12/site-packages/pip/_vendor/platformdirs) by extension 'ignore_ament_install'
[3.114s] Level 1:colcon.colcon_core.package_identification:_identify(venv/lib/python3.12/site-packages/pip/_vendor/platformdirs) by extensions ['colcon_pkg']
[3.114s] Level 1:colcon.colcon_core.package_identification:_identify(venv/lib/python3.12/site-packages/pip/_vendor/platformdirs) by extension 'colcon_pkg'
[3.114s] Level 1:colcon.colcon_core.package_identification:_identify(venv/lib/python3.12/site-packages/pip/_vendor/platformdirs) by extensions ['colcon_meta']
[3.114s] Level 1:colcon.colcon_core.package_identification:_identify(venv/lib/python3.12/site-packages/pip/_vendor/platformdirs) by extension 'colcon_meta'
[3.114s] Level 1:colcon.colcon_core.package_identification:_identify(venv/lib/python3.12/site-packages/pip/_vendor/platformdirs) by extensions ['ros']
[3.114s] Level 1:colcon.colcon_core.package_identification:_identify(venv/lib/python3.12/site-packages/pip/_vendor/platformdirs) by extension 'ros'
[3.114s] Level 1:colcon.colcon_core.package_identification:_identify(venv/lib/python3.12/site-packages/pip/_vendor/platformdirs) by extensions ['cmake', 'python']
[3.114s] Level 1:colcon.colcon_core.package_identification:_identify(venv/lib/python3.12/site-packages/pip/_vendor/platformdirs) by extension 'cmake'
[3.114s] Level 1:colcon.colcon_core.package_identification:_identify(venv/lib/python3.12/site-packages/pip/_vendor/platformdirs) by extension 'python'
[3.114s] Level 1:colcon.colcon_core.package_identification:_identify(venv/lib/python3.12/site-packages/pip/_vendor/platformdirs) by extensions ['python_setup_py']
[3.114s] Level 1:colcon.colcon_core.package_identification:_identify(venv/lib/python3.12/site-packages/pip/_vendor/platformdirs) by extension 'python_setup_py'
[3.114s] Level 1:colcon.colcon_core.package_identification:_identify(venv/lib/python3.12/site-packages/pip/_vendor/platformdirs/__pycache__) by extensions ['ignore', 'ignore_ament_install']
[3.114s] Level 1:colcon.colcon_core.package_identification:_identify(venv/lib/python3.12/site-packages/pip/_vendor/platformdirs/__pycache__) by extension 'ignore'
[3.114s] Level 1:colcon.colcon_core.package_identification:_identify(venv/lib/python3.12/site-packages/pip/_vendor/platformdirs/__pycache__) by extension 'ignore_ament_install'
[3.114s] Level 1:colcon.colcon_core.package_identification:_identify(venv/lib/python3.12/site-packages/pip/_vendor/platformdirs/__pycache__) by extensions ['colcon_pkg']
[3.114s] Level 1:colcon.colcon_core.package_identification:_identify(venv/lib/python3.12/site-packages/pip/_vendor/platformdirs/__pycache__) by extension 'colcon_pkg'
[3.115s] Level 1:colcon.colcon_core.package_identification:_identify(venv/lib/python3.12/site-packages/pip/_vendor/platformdirs/__pycache__) by extensions ['colcon_meta']
[3.115s] Level 1:colcon.colcon_core.package_identification:_identify(venv/lib/python3.12/site-packages/pip/_vendor/platformdirs/__pycache__) by extension 'colcon_meta'
[3.115s] Level 1:colcon.colcon_core.package_identification:_identify(venv/lib/python3.12/site-packages/pip/_vendor/platformdirs/__pycache__) by extensions ['ros']
[3.115s] Level 1:colcon.colcon_core.package_identification:_identify(venv/lib/python3.12/site-packages/pip/_vendor/platformdirs/__pycache__) by extension 'ros'
[3.115s] Level 1:colcon.colcon_core.package_identification:_identify(venv/lib/python3.12/site-packages/pip/_vendor/platformdirs/__pycache__) by extensions ['cmake', 'python']
[3.115s] Level 1:colcon.colcon_core.package_identification:_identify(venv/lib/python3.12/site-packages/pip/_vendor/platformdirs/__pycache__) by extension 'cmake'
[3.115s] Level 1:colcon.colcon_core.package_identification:_identify(venv/lib/python3.12/site-packages/pip/_vendor/platformdirs/__pycache__) by extension 'python'
[3.115s] Level 1:colcon.colcon_core.package_identification:_identify(venv/lib/python3.12/site-packages/pip/_vendor/platformdirs/__pycache__) by extensions ['python_setup_py']
[3.115s] Level 1:colcon.colcon_core.package_identification:_identify(venv/lib/python3.12/site-packages/pip/_vendor/platformdirs/__pycache__) by extension 'python_setup_py'
[3.115s] Level 1:colcon.colcon_core.package_identification:_identify(venv/lib/python3.12/site-packages/pip/_vendor/pygments) by extensions ['ignore', 'ignore_ament_install']
[3.115s] Level 1:colcon.colcon_core.package_identification:_identify(venv/lib/python3.12/site-packages/pip/_vendor/pygments) by extension 'ignore'
[3.115s] Level 1:colcon.colcon_core.package_identification:_identify(venv/lib/python3.12/site-packages/pip/_vendor/pygments) by extension 'ignore_ament_install'
[3.115s] Level 1:colcon.colcon_core.package_identification:_identify(venv/lib/python3.12/site-packages/pip/_vendor/pygments) by extensions ['colcon_pkg']
[3.115s] Level 1:colcon.colcon_core.package_identification:_identify(venv/lib/python3.12/site-packages/pip/_vendor/pygments) by extension 'colcon_pkg'
[3.115s] Level 1:colcon.colcon_core.package_identification:_identify(venv/lib/python3.12/site-packages/pip/_vendor/pygments) by extensions ['colcon_meta']
[3.115s] Level 1:colcon.colcon_core.package_identification:_identify(venv/lib/python3.12/site-packages/pip/_vendor/pygments) by extension 'colcon_meta'
[3.115s] Level 1:colcon.colcon_core.package_identification:_identify(venv/lib/python3.12/site-packages/pip/_vendor/pygments) by extensions ['ros']
[3.116s] Level 1:colcon.colcon_core.package_identification:_identify(venv/lib/python3.12/site-packages/pip/_vendor/pygments) by extension 'ros'
[3.116s] Level 1:colcon.colcon_core.package_identification:_identify(venv/lib/python3.12/site-packages/pip/_vendor/pygments) by extensions ['cmake', 'python']
[3.116s] Level 1:colcon.colcon_core.package_identification:_identify(venv/lib/python3.12/site-packages/pip/_vendor/pygments) by extension 'cmake'
[3.116s] Level 1:colcon.colcon_core.package_identification:_identify(venv/lib/python3.12/site-packages/pip/_vendor/pygments) by extension 'python'
[3.116s] Level 1:colcon.colcon_core.package_identification:_identify(venv/lib/python3.12/site-packages/pip/_vendor/pygments) by extensions ['python_setup_py']
[3.116s] Level 1:colcon.colcon_core.package_identification:_identify(venv/lib/python3.12/site-packages/pip/_vendor/pygments) by extension 'python_setup_py'
[3.116s] Level 1:colcon.colcon_core.package_identification:_identify(venv/lib/python3.12/site-packages/pip/_vendor/pygments/__pycache__) by extensions ['ignore', 'ignore_ament_install']
[3.116s] Level 1:colcon.colcon_core.package_identification:_identify(venv/lib/python3.12/site-packages/pip/_vendor/pygments/__pycache__) by extension 'ignore'
[3.116s] Level 1:colcon.colcon_core.package_identification:_identify(venv/lib/python3.12/site-packages/pip/_vendor/pygments/__pycache__) by extension 'ignore_ament_install'
[3.116s] Level 1:colcon.colcon_core.package_identification:_identify(venv/lib/python3.12/site-packages/pip/_vendor/pygments/__pycache__) by extensions ['colcon_pkg']
[3.116s] Level 1:colcon.colcon_core.package_identification:_identify(venv/lib/python3.12/site-packages/pip/_vendor/pygments/__pycache__) by extension 'colcon_pkg'
[3.116s] Level 1:colcon.colcon_core.package_identification:_identify(venv/lib/python3.12/site-packages/pip/_vendor/pygments/__pycache__) by extensions ['colcon_meta']
[3.116s] Level 1:colcon.colcon_core.package_identification:_identify(venv/lib/python3.12/site-packages/pip/_vendor/pygments/__pycache__) by extension 'colcon_meta'
[3.116s] Level 1:colcon.colcon_core.package_identification:_identify(venv/lib/python3.12/site-packages/pip/_vendor/pygments/__pycache__) by extensions ['ros']
[3.116s] Level 1:colcon.colcon_core.package_identification:_identify(venv/lib/python3.12/site-packages/pip/_vendor/pygments/__pycache__) by extension 'ros'
[3.116s] Level 1:colcon.colcon_core.package_identification:_identify(venv/lib/python3.12/site-packages/pip/_vendor/pygments/__pycache__) by extensions ['cmake', 'python']
[3.117s] Level 1:colcon.colcon_core.package_identification:_identify(venv/lib/python3.12/site-packages/pip/_vendor/pygments/__pycache__) by extension 'cmake'
[3.117s] Level 1:colcon.colcon_core.package_identification:_identify(venv/lib/python3.12/site-packages/pip/_vendor/pygments/__pycache__) by extension 'python'
[3.117s] Level 1:colcon.colcon_core.package_identification:_identify(venv/lib/python3.12/site-packages/pip/_vendor/pygments/__pycache__) by extensions ['python_setup_py']
[3.117s] Level 1:colcon.colcon_core.package_identification:_identify(venv/lib/python3.12/site-packages/pip/_vendor/pygments/__pycache__) by extension 'python_setup_py'
[3.117s] Level 1:colcon.colcon_core.package_identification:_identify(venv/lib/python3.12/site-packages/pip/_vendor/pygments/filters) by extensions ['ignore', 'ignore_ament_install']
[3.117s] Level 1:colcon.colcon_core.package_identification:_identify(venv/lib/python3.12/site-packages/pip/_vendor/pygments/filters) by extension 'ignore'
[3.117s] Level 1:colcon.colcon_core.package_identification:_identify(venv/lib/python3.12/site-packages/pip/_vendor/pygments/filters) by extension 'ignore_ament_install'
[3.117s] Level 1:colcon.colcon_core.package_identification:_identify(venv/lib/python3.12/site-packages/pip/_vendor/pygments/filters) by extensions ['colcon_pkg']
[3.117s] Level 1:colcon.colcon_core.package_identification:_identify(venv/lib/python3.12/site-packages/pip/_vendor/pygments/filters) by extension 'colcon_pkg'
[3.117s] Level 1:colcon.colcon_core.package_identification:_identify(venv/lib/python3.12/site-packages/pip/_vendor/pygments/filters) by extensions ['colcon_meta']
[3.117s] Level 1:colcon.colcon_core.package_identification:_identify(venv/lib/python3.12/site-packages/pip/_vendor/pygments/filters) by extension 'colcon_meta'
[3.118s] Level 1:colcon.colcon_core.package_identification:_identify(venv/lib/python3.12/site-packages/pip/_vendor/pygments/filters) by extensions ['ros']
[3.118s] Level 1:colcon.colcon_core.package_identification:_identify(venv/lib/python3.12/site-packages/pip/_vendor/pygments/filters) by extension 'ros'
[3.118s] Level 1:colcon.colcon_core.package_identification:_identify(venv/lib/python3.12/site-packages/pip/_vendor/pygments/filters) by extensions ['cmake', 'python']
[3.118s] Level 1:colcon.colcon_core.package_identification:_identify(venv/lib/python3.12/site-packages/pip/_vendor/pygments/filters) by extension 'cmake'
[3.118s] Level 1:colcon.colcon_core.package_identification:_identify(venv/lib/python3.12/site-packages/pip/_vendor/pygments/filters) by extension 'python'
[3.118s] Level 1:colcon.colcon_core.package_identification:_identify(venv/lib/python3.12/site-packages/pip/_vendor/pygments/filters) by extensions ['python_setup_py']
[3.118s] Level 1:colcon.colcon_core.package_identification:_identify(venv/lib/python3.12/site-packages/pip/_vendor/pygments/filters) by extension 'python_setup_py'
[3.118s] Level 1:colcon.colcon_core.package_identification:_identify(venv/lib/python3.12/site-packages/pip/_vendor/pygments/filters/__pycache__) by extensions ['ignore', 'ignore_ament_install']
[3.118s] Level 1:colcon.colcon_core.package_identification:_identify(venv/lib/python3.12/site-packages/pip/_vendor/pygments/filters/__pycache__) by extension 'ignore'
[3.118s] Level 1:colcon.colcon_core.package_identification:_identify(venv/lib/python3.12/site-packages/pip/_vendor/pygments/filters/__pycache__) by extension 'ignore_ament_install'
[3.118s] Level 1:colcon.colcon_core.package_identification:_identify(venv/lib/python3.12/site-packages/pip/_vendor/pygments/filters/__pycache__) by extensions ['colcon_pkg']
[3.119s] Level 1:colcon.colcon_core.package_identification:_identify(venv/lib/python3.12/site-packages/pip/_vendor/pygments/filters/__pycache__) by extension 'colcon_pkg'
[3.119s] Level 1:colcon.colcon_core.package_identification:_identify(venv/lib/python3.12/site-packages/pip/_vendor/pygments/filters/__pycache__) by extensions ['colcon_meta']
[3.119s] Level 1:colcon.colcon_core.package_identification:_identify(venv/lib/python3.12/site-packages/pip/_vendor/pygments/filters/__pycache__) by extension 'colcon_meta'
[3.119s] Level 1:colcon.colcon_core.package_identification:_identify(venv/lib/python3.12/site-packages/pip/_vendor/pygments/filters/__pycache__) by extensions ['ros']
[3.119s] Level 1:colcon.colcon_core.package_identification:_identify(venv/lib/python3.12/site-packages/pip/_vendor/pygments/filters/__pycache__) by extension 'ros'
[3.119s] Level 1:colcon.colcon_core.package_identification:_identify(venv/lib/python3.12/site-packages/pip/_vendor/pygments/filters/__pycache__) by extensions ['cmake', 'python']
[3.119s] Level 1:colcon.colcon_core.package_identification:_identify(venv/lib/python3.12/site-packages/pip/_vendor/pygments/filters/__pycache__) by extension 'cmake'
[3.119s] Level 1:colcon.colcon_core.package_identification:_identify(venv/lib/python3.12/site-packages/pip/_vendor/pygments/filters/__pycache__) by extension 'python'
[3.119s] Level 1:colcon.colcon_core.package_identification:_identify(venv/lib/python3.12/site-packages/pip/_vendor/pygments/filters/__pycache__) by extensions ['python_setup_py']
[3.119s] Level 1:colcon.colcon_core.package_identification:_identify(venv/lib/python3.12/site-packages/pip/_vendor/pygments/filters/__pycache__) by extension 'python_setup_py'
[3.119s] Level 1:colcon.colcon_core.package_identification:_identify(venv/lib/python3.12/site-packages/pip/_vendor/pygments/formatters) by extensions ['ignore', 'ignore_ament_install']
[3.119s] Level 1:colcon.colcon_core.package_identification:_identify(venv/lib/python3.12/site-packages/pip/_vendor/pygments/formatters) by extension 'ignore'
[3.119s] Level 1:colcon.colcon_core.package_identification:_identify(venv/lib/python3.12/site-packages/pip/_vendor/pygments/formatters) by extension 'ignore_ament_install'
[3.119s] Level 1:colcon.colcon_core.package_identification:_identify(venv/lib/python3.12/site-packages/pip/_vendor/pygments/formatters) by extensions ['colcon_pkg']
[3.119s] Level 1:colcon.colcon_core.package_identification:_identify(venv/lib/python3.12/site-packages/pip/_vendor/pygments/formatters) by extension 'colcon_pkg'
[3.120s] Level 1:colcon.colcon_core.package_identification:_identify(venv/lib/python3.12/site-packages/pip/_vendor/pygments/formatters) by extensions ['colcon_meta']
[3.120s] Level 1:colcon.colcon_core.package_identification:_identify(venv/lib/python3.12/site-packages/pip/_vendor/pygments/formatters) by extension 'colcon_meta'
[3.120s] Level 1:colcon.colcon_core.package_identification:_identify(venv/lib/python3.12/site-packages/pip/_vendor/pygments/formatters) by extensions ['ros']
[3.120s] Level 1:colcon.colcon_core.package_identification:_identify(venv/lib/python3.12/site-packages/pip/_vendor/pygments/formatters) by extension 'ros'
[3.120s] Level 1:colcon.colcon_core.package_identification:_identify(venv/lib/python3.12/site-packages/pip/_vendor/pygments/formatters) by extensions ['cmake', 'python']
[3.120s] Level 1:colcon.colcon_core.package_identification:_identify(venv/lib/python3.12/site-packages/pip/_vendor/pygments/formatters) by extension 'cmake'
[3.120s] Level 1:colcon.colcon_core.package_identification:_identify(venv/lib/python3.12/site-packages/pip/_vendor/pygments/formatters) by extension 'python'
[3.120s] Level 1:colcon.colcon_core.package_identification:_identify(venv/lib/python3.12/site-packages/pip/_vendor/pygments/formatters) by extensions ['python_setup_py']
[3.120s] Level 1:colcon.colcon_core.package_identification:_identify(venv/lib/python3.12/site-packages/pip/_vendor/pygments/formatters) by extension 'python_setup_py'
[3.120s] Level 1:colcon.colcon_core.package_identification:_identify(venv/lib/python3.12/site-packages/pip/_vendor/pygments/formatters/__pycache__) by extensions ['ignore', 'ignore_ament_install']
[3.120s] Level 1:colcon.colcon_core.package_identification:_identify(venv/lib/python3.12/site-packages/pip/_vendor/pygments/formatters/__pycache__) by extension 'ignore'
[3.120s] Level 1:colcon.colcon_core.package_identification:_identify(venv/lib/python3.12/site-packages/pip/_vendor/pygments/formatters/__pycache__) by extension 'ignore_ament_install'
[3.120s] Level 1:colcon.colcon_core.package_identification:_identify(venv/lib/python3.12/site-packages/pip/_vendor/pygments/formatters/__pycache__) by extensions ['colcon_pkg']
[3.120s] Level 1:colcon.colcon_core.package_identification:_identify(venv/lib/python3.12/site-packages/pip/_vendor/pygments/formatters/__pycache__) by extension 'colcon_pkg'
[3.120s] Level 1:colcon.colcon_core.package_identification:_identify(venv/lib/python3.12/site-packages/pip/_vendor/pygments/formatters/__pycache__) by extensions ['colcon_meta']
[3.120s] Level 1:colcon.colcon_core.package_identification:_identify(venv/lib/python3.12/site-packages/pip/_vendor/pygments/formatters/__pycache__) by extension 'colcon_meta'
[3.121s] Level 1:colcon.colcon_core.package_identification:_identify(venv/lib/python3.12/site-packages/pip/_vendor/pygments/formatters/__pycache__) by extensions ['ros']
[3.121s] Level 1:colcon.colcon_core.package_identification:_identify(venv/lib/python3.12/site-packages/pip/_vendor/pygments/formatters/__pycache__) by extension 'ros'
[3.121s] Level 1:colcon.colcon_core.package_identification:_identify(venv/lib/python3.12/site-packages/pip/_vendor/pygments/formatters/__pycache__) by extensions ['cmake', 'python']
[3.121s] Level 1:colcon.colcon_core.package_identification:_identify(venv/lib/python3.12/site-packages/pip/_vendor/pygments/formatters/__pycache__) by extension 'cmake'
[3.121s] Level 1:colcon.colcon_core.package_identification:_identify(venv/lib/python3.12/site-packages/pip/_vendor/pygments/formatters/__pycache__) by extension 'python'
[3.121s] Level 1:colcon.colcon_core.package_identification:_identify(venv/lib/python3.12/site-packages/pip/_vendor/pygments/formatters/__pycache__) by extensions ['python_setup_py']
[3.121s] Level 1:colcon.colcon_core.package_identification:_identify(venv/lib/python3.12/site-packages/pip/_vendor/pygments/formatters/__pycache__) by extension 'python_setup_py'
[3.121s] Level 1:colcon.colcon_core.package_identification:_identify(venv/lib/python3.12/site-packages/pip/_vendor/pygments/lexers) by extensions ['ignore', 'ignore_ament_install']
[3.121s] Level 1:colcon.colcon_core.package_identification:_identify(venv/lib/python3.12/site-packages/pip/_vendor/pygments/lexers) by extension 'ignore'
[3.121s] Level 1:colcon.colcon_core.package_identification:_identify(venv/lib/python3.12/site-packages/pip/_vendor/pygments/lexers) by extension 'ignore_ament_install'
[3.121s] Level 1:colcon.colcon_core.package_identification:_identify(venv/lib/python3.12/site-packages/pip/_vendor/pygments/lexers) by extensions ['colcon_pkg']
[3.121s] Level 1:colcon.colcon_core.package_identification:_identify(venv/lib/python3.12/site-packages/pip/_vendor/pygments/lexers) by extension 'colcon_pkg'
[3.121s] Level 1:colcon.colcon_core.package_identification:_identify(venv/lib/python3.12/site-packages/pip/_vendor/pygments/lexers) by extensions ['colcon_meta']
[3.121s] Level 1:colcon.colcon_core.package_identification:_identify(venv/lib/python3.12/site-packages/pip/_vendor/pygments/lexers) by extension 'colcon_meta'
[3.121s] Level 1:colcon.colcon_core.package_identification:_identify(venv/lib/python3.12/site-packages/pip/_vendor/pygments/lexers) by extensions ['ros']
[3.121s] Level 1:colcon.colcon_core.package_identification:_identify(venv/lib/python3.12/site-packages/pip/_vendor/pygments/lexers) by extension 'ros'
[3.122s] Level 1:colcon.colcon_core.package_identification:_identify(venv/lib/python3.12/site-packages/pip/_vendor/pygments/lexers) by extensions ['cmake', 'python']
[3.122s] Level 1:colcon.colcon_core.package_identification:_identify(venv/lib/python3.12/site-packages/pip/_vendor/pygments/lexers) by extension 'cmake'
[3.122s] Level 1:colcon.colcon_core.package_identification:_identify(venv/lib/python3.12/site-packages/pip/_vendor/pygments/lexers) by extension 'python'
[3.122s] Level 1:colcon.colcon_core.package_identification:_identify(venv/lib/python3.12/site-packages/pip/_vendor/pygments/lexers) by extensions ['python_setup_py']
[3.122s] Level 1:colcon.colcon_core.package_identification:_identify(venv/lib/python3.12/site-packages/pip/_vendor/pygments/lexers) by extension 'python_setup_py'
[3.122s] Level 1:colcon.colcon_core.package_identification:_identify(venv/lib/python3.12/site-packages/pip/_vendor/pygments/lexers/__pycache__) by extensions ['ignore', 'ignore_ament_install']
[3.122s] Level 1:colcon.colcon_core.package_identification:_identify(venv/lib/python3.12/site-packages/pip/_vendor/pygments/lexers/__pycache__) by extension 'ignore'
[3.122s] Level 1:colcon.colcon_core.package_identification:_identify(venv/lib/python3.12/site-packages/pip/_vendor/pygments/lexers/__pycache__) by extension 'ignore_ament_install'
[3.122s] Level 1:colcon.colcon_core.package_identification:_identify(venv/lib/python3.12/site-packages/pip/_vendor/pygments/lexers/__pycache__) by extensions ['colcon_pkg']
[3.122s] Level 1:colcon.colcon_core.package_identification:_identify(venv/lib/python3.12/site-packages/pip/_vendor/pygments/lexers/__pycache__) by extension 'colcon_pkg'
[3.122s] Level 1:colcon.colcon_core.package_identification:_identify(venv/lib/python3.12/site-packages/pip/_vendor/pygments/lexers/__pycache__) by extensions ['colcon_meta']
[3.122s] Level 1:colcon.colcon_core.package_identification:_identify(venv/lib/python3.12/site-packages/pip/_vendor/pygments/lexers/__pycache__) by extension 'colcon_meta'
[3.122s] Level 1:colcon.colcon_core.package_identification:_identify(venv/lib/python3.12/site-packages/pip/_vendor/pygments/lexers/__pycache__) by extensions ['ros']
[3.122s] Level 1:colcon.colcon_core.package_identification:_identify(venv/lib/python3.12/site-packages/pip/_vendor/pygments/lexers/__pycache__) by extension 'ros'
[3.122s] Level 1:colcon.colcon_core.package_identification:_identify(venv/lib/python3.12/site-packages/pip/_vendor/pygments/lexers/__pycache__) by extensions ['cmake', 'python']
[3.122s] Level 1:colcon.colcon_core.package_identification:_identify(venv/lib/python3.12/site-packages/pip/_vendor/pygments/lexers/__pycache__) by extension 'cmake'
[3.123s] Level 1:colcon.colcon_core.package_identification:_identify(venv/lib/python3.12/site-packages/pip/_vendor/pygments/lexers/__pycache__) by extension 'python'
[3.123s] Level 1:colcon.colcon_core.package_identification:_identify(venv/lib/python3.12/site-packages/pip/_vendor/pygments/lexers/__pycache__) by extensions ['python_setup_py']
[3.123s] Level 1:colcon.colcon_core.package_identification:_identify(venv/lib/python3.12/site-packages/pip/_vendor/pygments/lexers/__pycache__) by extension 'python_setup_py'
[3.123s] Level 1:colcon.colcon_core.package_identification:_identify(venv/lib/python3.12/site-packages/pip/_vendor/pygments/styles) by extensions ['ignore', 'ignore_ament_install']
[3.123s] Level 1:colcon.colcon_core.package_identification:_identify(venv/lib/python3.12/site-packages/pip/_vendor/pygments/styles) by extension 'ignore'
[3.123s] Level 1:colcon.colcon_core.package_identification:_identify(venv/lib/python3.12/site-packages/pip/_vendor/pygments/styles) by extension 'ignore_ament_install'
[3.123s] Level 1:colcon.colcon_core.package_identification:_identify(venv/lib/python3.12/site-packages/pip/_vendor/pygments/styles) by extensions ['colcon_pkg']
[3.123s] Level 1:colcon.colcon_core.package_identification:_identify(venv/lib/python3.12/site-packages/pip/_vendor/pygments/styles) by extension 'colcon_pkg'
[3.123s] Level 1:colcon.colcon_core.package_identification:_identify(venv/lib/python3.12/site-packages/pip/_vendor/pygments/styles) by extensions ['colcon_meta']
[3.123s] Level 1:colcon.colcon_core.package_identification:_identify(venv/lib/python3.12/site-packages/pip/_vendor/pygments/styles) by extension 'colcon_meta'
[3.123s] Level 1:colcon.colcon_core.package_identification:_identify(venv/lib/python3.12/site-packages/pip/_vendor/pygments/styles) by extensions ['ros']
[3.123s] Level 1:colcon.colcon_core.package_identification:_identify(venv/lib/python3.12/site-packages/pip/_vendor/pygments/styles) by extension 'ros'
[3.123s] Level 1:colcon.colcon_core.package_identification:_identify(venv/lib/python3.12/site-packages/pip/_vendor/pygments/styles) by extensions ['cmake', 'python']
[3.123s] Level 1:colcon.colcon_core.package_identification:_identify(venv/lib/python3.12/site-packages/pip/_vendor/pygments/styles) by extension 'cmake'
[3.123s] Level 1:colcon.colcon_core.package_identification:_identify(venv/lib/python3.12/site-packages/pip/_vendor/pygments/styles) by extension 'python'
[3.123s] Level 1:colcon.colcon_core.package_identification:_identify(venv/lib/python3.12/site-packages/pip/_vendor/pygments/styles) by extensions ['python_setup_py']
[3.124s] Level 1:colcon.colcon_core.package_identification:_identify(venv/lib/python3.12/site-packages/pip/_vendor/pygments/styles) by extension 'python_setup_py'
[3.124s] Level 1:colcon.colcon_core.package_identification:_identify(venv/lib/python3.12/site-packages/pip/_vendor/pygments/styles/__pycache__) by extensions ['ignore', 'ignore_ament_install']
[3.124s] Level 1:colcon.colcon_core.package_identification:_identify(venv/lib/python3.12/site-packages/pip/_vendor/pygments/styles/__pycache__) by extension 'ignore'
[3.124s] Level 1:colcon.colcon_core.package_identification:_identify(venv/lib/python3.12/site-packages/pip/_vendor/pygments/styles/__pycache__) by extension 'ignore_ament_install'
[3.124s] Level 1:colcon.colcon_core.package_identification:_identify(venv/lib/python3.12/site-packages/pip/_vendor/pygments/styles/__pycache__) by extensions ['colcon_pkg']
[3.124s] Level 1:colcon.colcon_core.package_identification:_identify(venv/lib/python3.12/site-packages/pip/_vendor/pygments/styles/__pycache__) by extension 'colcon_pkg'
[3.124s] Level 1:colcon.colcon_core.package_identification:_identify(venv/lib/python3.12/site-packages/pip/_vendor/pygments/styles/__pycache__) by extensions ['colcon_meta']
[3.124s] Level 1:colcon.colcon_core.package_identification:_identify(venv/lib/python3.12/site-packages/pip/_vendor/pygments/styles/__pycache__) by extension 'colcon_meta'
[3.124s] Level 1:colcon.colcon_core.package_identification:_identify(venv/lib/python3.12/site-packages/pip/_vendor/pygments/styles/__pycache__) by extensions ['ros']
[3.124s] Level 1:colcon.colcon_core.package_identification:_identify(venv/lib/python3.12/site-packages/pip/_vendor/pygments/styles/__pycache__) by extension 'ros'
[3.124s] Level 1:colcon.colcon_core.package_identification:_identify(venv/lib/python3.12/site-packages/pip/_vendor/pygments/styles/__pycache__) by extensions ['cmake', 'python']
[3.124s] Level 1:colcon.colcon_core.package_identification:_identify(venv/lib/python3.12/site-packages/pip/_vendor/pygments/styles/__pycache__) by extension 'cmake'
[3.124s] Level 1:colcon.colcon_core.package_identification:_identify(venv/lib/python3.12/site-packages/pip/_vendor/pygments/styles/__pycache__) by extension 'python'
[3.125s] Level 1:colcon.colcon_core.package_identification:_identify(venv/lib/python3.12/site-packages/pip/_vendor/pygments/styles/__pycache__) by extensions ['python_setup_py']
[3.125s] Level 1:colcon.colcon_core.package_identification:_identify(venv/lib/python3.12/site-packages/pip/_vendor/pygments/styles/__pycache__) by extension 'python_setup_py'
[3.125s] Level 1:colcon.colcon_core.package_identification:_identify(venv/lib/python3.12/site-packages/pip/_vendor/pyproject_hooks) by extensions ['ignore', 'ignore_ament_install']
[3.125s] Level 1:colcon.colcon_core.package_identification:_identify(venv/lib/python3.12/site-packages/pip/_vendor/pyproject_hooks) by extension 'ignore'
[3.125s] Level 1:colcon.colcon_core.package_identification:_identify(venv/lib/python3.12/site-packages/pip/_vendor/pyproject_hooks) by extension 'ignore_ament_install'
[3.125s] Level 1:colcon.colcon_core.package_identification:_identify(venv/lib/python3.12/site-packages/pip/_vendor/pyproject_hooks) by extensions ['colcon_pkg']
[3.125s] Level 1:colcon.colcon_core.package_identification:_identify(venv/lib/python3.12/site-packages/pip/_vendor/pyproject_hooks) by extension 'colcon_pkg'
[3.125s] Level 1:colcon.colcon_core.package_identification:_identify(venv/lib/python3.12/site-packages/pip/_vendor/pyproject_hooks) by extensions ['colcon_meta']
[3.125s] Level 1:colcon.colcon_core.package_identification:_identify(venv/lib/python3.12/site-packages/pip/_vendor/pyproject_hooks) by extension 'colcon_meta'
[3.125s] Level 1:colcon.colcon_core.package_identification:_identify(venv/lib/python3.12/site-packages/pip/_vendor/pyproject_hooks) by extensions ['ros']
[3.125s] Level 1:colcon.colcon_core.package_identification:_identify(venv/lib/python3.12/site-packages/pip/_vendor/pyproject_hooks) by extension 'ros'
[3.125s] Level 1:colcon.colcon_core.package_identification:_identify(venv/lib/python3.12/site-packages/pip/_vendor/pyproject_hooks) by extensions ['cmake', 'python']
[3.125s] Level 1:colcon.colcon_core.package_identification:_identify(venv/lib/python3.12/site-packages/pip/_vendor/pyproject_hooks) by extension 'cmake'
[3.125s] Level 1:colcon.colcon_core.package_identification:_identify(venv/lib/python3.12/site-packages/pip/_vendor/pyproject_hooks) by extension 'python'
[3.125s] Level 1:colcon.colcon_core.package_identification:_identify(venv/lib/python3.12/site-packages/pip/_vendor/pyproject_hooks) by extensions ['python_setup_py']
[3.126s] Level 1:colcon.colcon_core.package_identification:_identify(venv/lib/python3.12/site-packages/pip/_vendor/pyproject_hooks) by extension 'python_setup_py'
[3.126s] Level 1:colcon.colcon_core.package_identification:_identify(venv/lib/python3.12/site-packages/pip/_vendor/pyproject_hooks/__pycache__) by extensions ['ignore', 'ignore_ament_install']
[3.126s] Level 1:colcon.colcon_core.package_identification:_identify(venv/lib/python3.12/site-packages/pip/_vendor/pyproject_hooks/__pycache__) by extension 'ignore'
[3.126s] Level 1:colcon.colcon_core.package_identification:_identify(venv/lib/python3.12/site-packages/pip/_vendor/pyproject_hooks/__pycache__) by extension 'ignore_ament_install'
[3.126s] Level 1:colcon.colcon_core.package_identification:_identify(venv/lib/python3.12/site-packages/pip/_vendor/pyproject_hooks/__pycache__) by extensions ['colcon_pkg']
[3.126s] Level 1:colcon.colcon_core.package_identification:_identify(venv/lib/python3.12/site-packages/pip/_vendor/pyproject_hooks/__pycache__) by extension 'colcon_pkg'
[3.126s] Level 1:colcon.colcon_core.package_identification:_identify(venv/lib/python3.12/site-packages/pip/_vendor/pyproject_hooks/__pycache__) by extensions ['colcon_meta']
[3.126s] Level 1:colcon.colcon_core.package_identification:_identify(venv/lib/python3.12/site-packages/pip/_vendor/pyproject_hooks/__pycache__) by extension 'colcon_meta'
[3.126s] Level 1:colcon.colcon_core.package_identification:_identify(venv/lib/python3.12/site-packages/pip/_vendor/pyproject_hooks/__pycache__) by extensions ['ros']
[3.126s] Level 1:colcon.colcon_core.package_identification:_identify(venv/lib/python3.12/site-packages/pip/_vendor/pyproject_hooks/__pycache__) by extension 'ros'
[3.126s] Level 1:colcon.colcon_core.package_identification:_identify(venv/lib/python3.12/site-packages/pip/_vendor/pyproject_hooks/__pycache__) by extensions ['cmake', 'python']
[3.126s] Level 1:colcon.colcon_core.package_identification:_identify(venv/lib/python3.12/site-packages/pip/_vendor/pyproject_hooks/__pycache__) by extension 'cmake'
[3.126s] Level 1:colcon.colcon_core.package_identification:_identify(venv/lib/python3.12/site-packages/pip/_vendor/pyproject_hooks/__pycache__) by extension 'python'
[3.126s] Level 1:colcon.colcon_core.package_identification:_identify(venv/lib/python3.12/site-packages/pip/_vendor/pyproject_hooks/__pycache__) by extensions ['python_setup_py']
[3.126s] Level 1:colcon.colcon_core.package_identification:_identify(venv/lib/python3.12/site-packages/pip/_vendor/pyproject_hooks/__pycache__) by extension 'python_setup_py'
[3.127s] Level 1:colcon.colcon_core.package_identification:_identify(venv/lib/python3.12/site-packages/pip/_vendor/pyproject_hooks/_in_process) by extensions ['ignore', 'ignore_ament_install']
[3.127s] Level 1:colcon.colcon_core.package_identification:_identify(venv/lib/python3.12/site-packages/pip/_vendor/pyproject_hooks/_in_process) by extension 'ignore'
[3.127s] Level 1:colcon.colcon_core.package_identification:_identify(venv/lib/python3.12/site-packages/pip/_vendor/pyproject_hooks/_in_process) by extension 'ignore_ament_install'
[3.127s] Level 1:colcon.colcon_core.package_identification:_identify(venv/lib/python3.12/site-packages/pip/_vendor/pyproject_hooks/_in_process) by extensions ['colcon_pkg']
[3.127s] Level 1:colcon.colcon_core.package_identification:_identify(venv/lib/python3.12/site-packages/pip/_vendor/pyproject_hooks/_in_process) by extension 'colcon_pkg'
[3.127s] Level 1:colcon.colcon_core.package_identification:_identify(venv/lib/python3.12/site-packages/pip/_vendor/pyproject_hooks/_in_process) by extensions ['colcon_meta']
[3.127s] Level 1:colcon.colcon_core.package_identification:_identify(venv/lib/python3.12/site-packages/pip/_vendor/pyproject_hooks/_in_process) by extension 'colcon_meta'
[3.127s] Level 1:colcon.colcon_core.package_identification:_identify(venv/lib/python3.12/site-packages/pip/_vendor/pyproject_hooks/_in_process) by extensions ['ros']
[3.127s] Level 1:colcon.colcon_core.package_identification:_identify(venv/lib/python3.12/site-packages/pip/_vendor/pyproject_hooks/_in_process) by extension 'ros'
[3.127s] Level 1:colcon.colcon_core.package_identification:_identify(venv/lib/python3.12/site-packages/pip/_vendor/pyproject_hooks/_in_process) by extensions ['cmake', 'python']
[3.127s] Level 1:colcon.colcon_core.package_identification:_identify(venv/lib/python3.12/site-packages/pip/_vendor/pyproject_hooks/_in_process) by extension 'cmake'
[3.127s] Level 1:colcon.colcon_core.package_identification:_identify(venv/lib/python3.12/site-packages/pip/_vendor/pyproject_hooks/_in_process) by extension 'python'
[3.127s] Level 1:colcon.colcon_core.package_identification:_identify(venv/lib/python3.12/site-packages/pip/_vendor/pyproject_hooks/_in_process) by extensions ['python_setup_py']
[3.127s] Level 1:colcon.colcon_core.package_identification:_identify(venv/lib/python3.12/site-packages/pip/_vendor/pyproject_hooks/_in_process) by extension 'python_setup_py'
[3.128s] Level 1:colcon.colcon_core.package_identification:_identify(venv/lib/python3.12/site-packages/pip/_vendor/pyproject_hooks/_in_process/__pycache__) by extensions ['ignore', 'ignore_ament_install']
[3.128s] Level 1:colcon.colcon_core.package_identification:_identify(venv/lib/python3.12/site-packages/pip/_vendor/pyproject_hooks/_in_process/__pycache__) by extension 'ignore'
[3.128s] Level 1:colcon.colcon_core.package_identification:_identify(venv/lib/python3.12/site-packages/pip/_vendor/pyproject_hooks/_in_process/__pycache__) by extension 'ignore_ament_install'
[3.128s] Level 1:colcon.colcon_core.package_identification:_identify(venv/lib/python3.12/site-packages/pip/_vendor/pyproject_hooks/_in_process/__pycache__) by extensions ['colcon_pkg']
[3.128s] Level 1:colcon.colcon_core.package_identification:_identify(venv/lib/python3.12/site-packages/pip/_vendor/pyproject_hooks/_in_process/__pycache__) by extension 'colcon_pkg'
[3.128s] Level 1:colcon.colcon_core.package_identification:_identify(venv/lib/python3.12/site-packages/pip/_vendor/pyproject_hooks/_in_process/__pycache__) by extensions ['colcon_meta']
[3.128s] Level 1:colcon.colcon_core.package_identification:_identify(venv/lib/python3.12/site-packages/pip/_vendor/pyproject_hooks/_in_process/__pycache__) by extension 'colcon_meta'
[3.128s] Level 1:colcon.colcon_core.package_identification:_identify(venv/lib/python3.12/site-packages/pip/_vendor/pyproject_hooks/_in_process/__pycache__) by extensions ['ros']
[3.128s] Level 1:colcon.colcon_core.package_identification:_identify(venv/lib/python3.12/site-packages/pip/_vendor/pyproject_hooks/_in_process/__pycache__) by extension 'ros'
[3.128s] Level 1:colcon.colcon_core.package_identification:_identify(venv/lib/python3.12/site-packages/pip/_vendor/pyproject_hooks/_in_process/__pycache__) by extensions ['cmake', 'python']
[3.128s] Level 1:colcon.colcon_core.package_identification:_identify(venv/lib/python3.12/site-packages/pip/_vendor/pyproject_hooks/_in_process/__pycache__) by extension 'cmake'
[3.128s] Level 1:colcon.colcon_core.package_identification:_identify(venv/lib/python3.12/site-packages/pip/_vendor/pyproject_hooks/_in_process/__pycache__) by extension 'python'
[3.128s] Level 1:colcon.colcon_core.package_identification:_identify(venv/lib/python3.12/site-packages/pip/_vendor/pyproject_hooks/_in_process/__pycache__) by extensions ['python_setup_py']
[3.128s] Level 1:colcon.colcon_core.package_identification:_identify(venv/lib/python3.12/site-packages/pip/_vendor/pyproject_hooks/_in_process/__pycache__) by extension 'python_setup_py'
[3.129s] Level 1:colcon.colcon_core.package_identification:_identify(venv/lib/python3.12/site-packages/pip/_vendor/requests) by extensions ['ignore', 'ignore_ament_install']
[3.129s] Level 1:colcon.colcon_core.package_identification:_identify(venv/lib/python3.12/site-packages/pip/_vendor/requests) by extension 'ignore'
[3.129s] Level 1:colcon.colcon_core.package_identification:_identify(venv/lib/python3.12/site-packages/pip/_vendor/requests) by extension 'ignore_ament_install'
[3.129s] Level 1:colcon.colcon_core.package_identification:_identify(venv/lib/python3.12/site-packages/pip/_vendor/requests) by extensions ['colcon_pkg']
[3.129s] Level 1:colcon.colcon_core.package_identification:_identify(venv/lib/python3.12/site-packages/pip/_vendor/requests) by extension 'colcon_pkg'
[3.129s] Level 1:colcon.colcon_core.package_identification:_identify(venv/lib/python3.12/site-packages/pip/_vendor/requests) by extensions ['colcon_meta']
[3.129s] Level 1:colcon.colcon_core.package_identification:_identify(venv/lib/python3.12/site-packages/pip/_vendor/requests) by extension 'colcon_meta'
[3.129s] Level 1:colcon.colcon_core.package_identification:_identify(venv/lib/python3.12/site-packages/pip/_vendor/requests) by extensions ['ros']
[3.129s] Level 1:colcon.colcon_core.package_identification:_identify(venv/lib/python3.12/site-packages/pip/_vendor/requests) by extension 'ros'
[3.129s] Level 1:colcon.colcon_core.package_identification:_identify(venv/lib/python3.12/site-packages/pip/_vendor/requests) by extensions ['cmake', 'python']
[3.129s] Level 1:colcon.colcon_core.package_identification:_identify(venv/lib/python3.12/site-packages/pip/_vendor/requests) by extension 'cmake'
[3.129s] Level 1:colcon.colcon_core.package_identification:_identify(venv/lib/python3.12/site-packages/pip/_vendor/requests) by extension 'python'
[3.129s] Level 1:colcon.colcon_core.package_identification:_identify(venv/lib/python3.12/site-packages/pip/_vendor/requests) by extensions ['python_setup_py']
[3.129s] Level 1:colcon.colcon_core.package_identification:_identify(venv/lib/python3.12/site-packages/pip/_vendor/requests) by extension 'python_setup_py'
[3.129s] Level 1:colcon.colcon_core.package_identification:_identify(venv/lib/python3.12/site-packages/pip/_vendor/requests/__pycache__) by extensions ['ignore', 'ignore_ament_install']
[3.130s] Level 1:colcon.colcon_core.package_identification:_identify(venv/lib/python3.12/site-packages/pip/_vendor/requests/__pycache__) by extension 'ignore'
[3.130s] Level 1:colcon.colcon_core.package_identification:_identify(venv/lib/python3.12/site-packages/pip/_vendor/requests/__pycache__) by extension 'ignore_ament_install'
[3.130s] Level 1:colcon.colcon_core.package_identification:_identify(venv/lib/python3.12/site-packages/pip/_vendor/requests/__pycache__) by extensions ['colcon_pkg']
[3.130s] Level 1:colcon.colcon_core.package_identification:_identify(venv/lib/python3.12/site-packages/pip/_vendor/requests/__pycache__) by extension 'colcon_pkg'
[3.130s] Level 1:colcon.colcon_core.package_identification:_identify(venv/lib/python3.12/site-packages/pip/_vendor/requests/__pycache__) by extensions ['colcon_meta']
[3.130s] Level 1:colcon.colcon_core.package_identification:_identify(venv/lib/python3.12/site-packages/pip/_vendor/requests/__pycache__) by extension 'colcon_meta'
[3.130s] Level 1:colcon.colcon_core.package_identification:_identify(venv/lib/python3.12/site-packages/pip/_vendor/requests/__pycache__) by extensions ['ros']
[3.130s] Level 1:colcon.colcon_core.package_identification:_identify(venv/lib/python3.12/site-packages/pip/_vendor/requests/__pycache__) by extension 'ros'
[3.130s] Level 1:colcon.colcon_core.package_identification:_identify(venv/lib/python3.12/site-packages/pip/_vendor/requests/__pycache__) by extensions ['cmake', 'python']
[3.130s] Level 1:colcon.colcon_core.package_identification:_identify(venv/lib/python3.12/site-packages/pip/_vendor/requests/__pycache__) by extension 'cmake'
[3.130s] Level 1:colcon.colcon_core.package_identification:_identify(venv/lib/python3.12/site-packages/pip/_vendor/requests/__pycache__) by extension 'python'
[3.130s] Level 1:colcon.colcon_core.package_identification:_identify(venv/lib/python3.12/site-packages/pip/_vendor/requests/__pycache__) by extensions ['python_setup_py']
[3.130s] Level 1:colcon.colcon_core.package_identification:_identify(venv/lib/python3.12/site-packages/pip/_vendor/requests/__pycache__) by extension 'python_setup_py'
[3.130s] Level 1:colcon.colcon_core.package_identification:_identify(venv/lib/python3.12/site-packages/pip/_vendor/resolvelib) by extensions ['ignore', 'ignore_ament_install']
[3.130s] Level 1:colcon.colcon_core.package_identification:_identify(venv/lib/python3.12/site-packages/pip/_vendor/resolvelib) by extension 'ignore'
[3.131s] Level 1:colcon.colcon_core.package_identification:_identify(venv/lib/python3.12/site-packages/pip/_vendor/resolvelib) by extension 'ignore_ament_install'
[3.131s] Level 1:colcon.colcon_core.package_identification:_identify(venv/lib/python3.12/site-packages/pip/_vendor/resolvelib) by extensions ['colcon_pkg']
[3.131s] Level 1:colcon.colcon_core.package_identification:_identify(venv/lib/python3.12/site-packages/pip/_vendor/resolvelib) by extension 'colcon_pkg'
[3.131s] Level 1:colcon.colcon_core.package_identification:_identify(venv/lib/python3.12/site-packages/pip/_vendor/resolvelib) by extensions ['colcon_meta']
[3.131s] Level 1:colcon.colcon_core.package_identification:_identify(venv/lib/python3.12/site-packages/pip/_vendor/resolvelib) by extension 'colcon_meta'
[3.131s] Level 1:colcon.colcon_core.package_identification:_identify(venv/lib/python3.12/site-packages/pip/_vendor/resolvelib) by extensions ['ros']
[3.131s] Level 1:colcon.colcon_core.package_identification:_identify(venv/lib/python3.12/site-packages/pip/_vendor/resolvelib) by extension 'ros'
[3.131s] Level 1:colcon.colcon_core.package_identification:_identify(venv/lib/python3.12/site-packages/pip/_vendor/resolvelib) by extensions ['cmake', 'python']
[3.131s] Level 1:colcon.colcon_core.package_identification:_identify(venv/lib/python3.12/site-packages/pip/_vendor/resolvelib) by extension 'cmake'
[3.131s] Level 1:colcon.colcon_core.package_identification:_identify(venv/lib/python3.12/site-packages/pip/_vendor/resolvelib) by extension 'python'
[3.131s] Level 1:colcon.colcon_core.package_identification:_identify(venv/lib/python3.12/site-packages/pip/_vendor/resolvelib) by extensions ['python_setup_py']
[3.131s] Level 1:colcon.colcon_core.package_identification:_identify(venv/lib/python3.12/site-packages/pip/_vendor/resolvelib) by extension 'python_setup_py'
[3.131s] Level 1:colcon.colcon_core.package_identification:_identify(venv/lib/python3.12/site-packages/pip/_vendor/resolvelib/__pycache__) by extensions ['ignore', 'ignore_ament_install']
[3.131s] Level 1:colcon.colcon_core.package_identification:_identify(venv/lib/python3.12/site-packages/pip/_vendor/resolvelib/__pycache__) by extension 'ignore'
[3.131s] Level 1:colcon.colcon_core.package_identification:_identify(venv/lib/python3.12/site-packages/pip/_vendor/resolvelib/__pycache__) by extension 'ignore_ament_install'
[3.132s] Level 1:colcon.colcon_core.package_identification:_identify(venv/lib/python3.12/site-packages/pip/_vendor/resolvelib/__pycache__) by extensions ['colcon_pkg']
[3.132s] Level 1:colcon.colcon_core.package_identification:_identify(venv/lib/python3.12/site-packages/pip/_vendor/resolvelib/__pycache__) by extension 'colcon_pkg'
[3.132s] Level 1:colcon.colcon_core.package_identification:_identify(venv/lib/python3.12/site-packages/pip/_vendor/resolvelib/__pycache__) by extensions ['colcon_meta']
[3.132s] Level 1:colcon.colcon_core.package_identification:_identify(venv/lib/python3.12/site-packages/pip/_vendor/resolvelib/__pycache__) by extension 'colcon_meta'
[3.132s] Level 1:colcon.colcon_core.package_identification:_identify(venv/lib/python3.12/site-packages/pip/_vendor/resolvelib/__pycache__) by extensions ['ros']
[3.132s] Level 1:colcon.colcon_core.package_identification:_identify(venv/lib/python3.12/site-packages/pip/_vendor/resolvelib/__pycache__) by extension 'ros'
[3.132s] Level 1:colcon.colcon_core.package_identification:_identify(venv/lib/python3.12/site-packages/pip/_vendor/resolvelib/__pycache__) by extensions ['cmake', 'python']
[3.132s] Level 1:colcon.colcon_core.package_identification:_identify(venv/lib/python3.12/site-packages/pip/_vendor/resolvelib/__pycache__) by extension 'cmake'
[3.132s] Level 1:colcon.colcon_core.package_identification:_identify(venv/lib/python3.12/site-packages/pip/_vendor/resolvelib/__pycache__) by extension 'python'
[3.132s] Level 1:colcon.colcon_core.package_identification:_identify(venv/lib/python3.12/site-packages/pip/_vendor/resolvelib/__pycache__) by extensions ['python_setup_py']
[3.132s] Level 1:colcon.colcon_core.package_identification:_identify(venv/lib/python3.12/site-packages/pip/_vendor/resolvelib/__pycache__) by extension 'python_setup_py'
[3.132s] Level 1:colcon.colcon_core.package_identification:_identify(venv/lib/python3.12/site-packages/pip/_vendor/resolvelib/resolvers) by extensions ['ignore', 'ignore_ament_install']
[3.132s] Level 1:colcon.colcon_core.package_identification:_identify(venv/lib/python3.12/site-packages/pip/_vendor/resolvelib/resolvers) by extension 'ignore'
[3.132s] Level 1:colcon.colcon_core.package_identification:_identify(venv/lib/python3.12/site-packages/pip/_vendor/resolvelib/resolvers) by extension 'ignore_ament_install'
[3.132s] Level 1:colcon.colcon_core.package_identification:_identify(venv/lib/python3.12/site-packages/pip/_vendor/resolvelib/resolvers) by extensions ['colcon_pkg']
[3.132s] Level 1:colcon.colcon_core.package_identification:_identify(venv/lib/python3.12/site-packages/pip/_vendor/resolvelib/resolvers) by extension 'colcon_pkg'
[3.132s] Level 1:colcon.colcon_core.package_identification:_identify(venv/lib/python3.12/site-packages/pip/_vendor/resolvelib/resolvers) by extensions ['colcon_meta']
[3.132s] Level 1:colcon.colcon_core.package_identification:_identify(venv/lib/python3.12/site-packages/pip/_vendor/resolvelib/resolvers) by extension 'colcon_meta'
[3.133s] Level 1:colcon.colcon_core.package_identification:_identify(venv/lib/python3.12/site-packages/pip/_vendor/resolvelib/resolvers) by extensions ['ros']
[3.133s] Level 1:colcon.colcon_core.package_identification:_identify(venv/lib/python3.12/site-packages/pip/_vendor/resolvelib/resolvers) by extension 'ros'
[3.133s] Level 1:colcon.colcon_core.package_identification:_identify(venv/lib/python3.12/site-packages/pip/_vendor/resolvelib/resolvers) by extensions ['cmake', 'python']
[3.133s] Level 1:colcon.colcon_core.package_identification:_identify(venv/lib/python3.12/site-packages/pip/_vendor/resolvelib/resolvers) by extension 'cmake'
[3.133s] Level 1:colcon.colcon_core.package_identification:_identify(venv/lib/python3.12/site-packages/pip/_vendor/resolvelib/resolvers) by extension 'python'
[3.133s] Level 1:colcon.colcon_core.package_identification:_identify(venv/lib/python3.12/site-packages/pip/_vendor/resolvelib/resolvers) by extensions ['python_setup_py']
[3.133s] Level 1:colcon.colcon_core.package_identification:_identify(venv/lib/python3.12/site-packages/pip/_vendor/resolvelib/resolvers) by extension 'python_setup_py'
[3.133s] Level 1:colcon.colcon_core.package_identification:_identify(venv/lib/python3.12/site-packages/pip/_vendor/resolvelib/resolvers/__pycache__) by extensions ['ignore', 'ignore_ament_install']
[3.133s] Level 1:colcon.colcon_core.package_identification:_identify(venv/lib/python3.12/site-packages/pip/_vendor/resolvelib/resolvers/__pycache__) by extension 'ignore'
[3.133s] Level 1:colcon.colcon_core.package_identification:_identify(venv/lib/python3.12/site-packages/pip/_vendor/resolvelib/resolvers/__pycache__) by extension 'ignore_ament_install'
[3.133s] Level 1:colcon.colcon_core.package_identification:_identify(venv/lib/python3.12/site-packages/pip/_vendor/resolvelib/resolvers/__pycache__) by extensions ['colcon_pkg']
[3.133s] Level 1:colcon.colcon_core.package_identification:_identify(venv/lib/python3.12/site-packages/pip/_vendor/resolvelib/resolvers/__pycache__) by extension 'colcon_pkg'
[3.133s] Level 1:colcon.colcon_core.package_identification:_identify(venv/lib/python3.12/site-packages/pip/_vendor/resolvelib/resolvers/__pycache__) by extensions ['colcon_meta']
[3.133s] Level 1:colcon.colcon_core.package_identification:_identify(venv/lib/python3.12/site-packages/pip/_vendor/resolvelib/resolvers/__pycache__) by extension 'colcon_meta'
[3.133s] Level 1:colcon.colcon_core.package_identification:_identify(venv/lib/python3.12/site-packages/pip/_vendor/resolvelib/resolvers/__pycache__) by extensions ['ros']
[3.133s] Level 1:colcon.colcon_core.package_identification:_identify(venv/lib/python3.12/site-packages/pip/_vendor/resolvelib/resolvers/__pycache__) by extension 'ros'
[3.134s] Level 1:colcon.colcon_core.package_identification:_identify(venv/lib/python3.12/site-packages/pip/_vendor/resolvelib/resolvers/__pycache__) by extensions ['cmake', 'python']
[3.134s] Level 1:colcon.colcon_core.package_identification:_identify(venv/lib/python3.12/site-packages/pip/_vendor/resolvelib/resolvers/__pycache__) by extension 'cmake'
[3.134s] Level 1:colcon.colcon_core.package_identification:_identify(venv/lib/python3.12/site-packages/pip/_vendor/resolvelib/resolvers/__pycache__) by extension 'python'
[3.134s] Level 1:colcon.colcon_core.package_identification:_identify(venv/lib/python3.12/site-packages/pip/_vendor/resolvelib/resolvers/__pycache__) by extensions ['python_setup_py']
[3.134s] Level 1:colcon.colcon_core.package_identification:_identify(venv/lib/python3.12/site-packages/pip/_vendor/resolvelib/resolvers/__pycache__) by extension 'python_setup_py'
[3.134s] Level 1:colcon.colcon_core.package_identification:_identify(venv/lib/python3.12/site-packages/pip/_vendor/rich) by extensions ['ignore', 'ignore_ament_install']
[3.134s] Level 1:colcon.colcon_core.package_identification:_identify(venv/lib/python3.12/site-packages/pip/_vendor/rich) by extension 'ignore'
[3.134s] Level 1:colcon.colcon_core.package_identification:_identify(venv/lib/python3.12/site-packages/pip/_vendor/rich) by extension 'ignore_ament_install'
[3.134s] Level 1:colcon.colcon_core.package_identification:_identify(venv/lib/python3.12/site-packages/pip/_vendor/rich) by extensions ['colcon_pkg']
[3.134s] Level 1:colcon.colcon_core.package_identification:_identify(venv/lib/python3.12/site-packages/pip/_vendor/rich) by extension 'colcon_pkg'
[3.134s] Level 1:colcon.colcon_core.package_identification:_identify(venv/lib/python3.12/site-packages/pip/_vendor/rich) by extensions ['colcon_meta']
[3.134s] Level 1:colcon.colcon_core.package_identification:_identify(venv/lib/python3.12/site-packages/pip/_vendor/rich) by extension 'colcon_meta'
[3.134s] Level 1:colcon.colcon_core.package_identification:_identify(venv/lib/python3.12/site-packages/pip/_vendor/rich) by extensions ['ros']
[3.134s] Level 1:colcon.colcon_core.package_identification:_identify(venv/lib/python3.12/site-packages/pip/_vendor/rich) by extension 'ros'
[3.135s] Level 1:colcon.colcon_core.package_identification:_identify(venv/lib/python3.12/site-packages/pip/_vendor/rich) by extensions ['cmake', 'python']
[3.135s] Level 1:colcon.colcon_core.package_identification:_identify(venv/lib/python3.12/site-packages/pip/_vendor/rich) by extension 'cmake'
[3.135s] Level 1:colcon.colcon_core.package_identification:_identify(venv/lib/python3.12/site-packages/pip/_vendor/rich) by extension 'python'
[3.135s] Level 1:colcon.colcon_core.package_identification:_identify(venv/lib/python3.12/site-packages/pip/_vendor/rich) by extensions ['python_setup_py']
[3.135s] Level 1:colcon.colcon_core.package_identification:_identify(venv/lib/python3.12/site-packages/pip/_vendor/rich) by extension 'python_setup_py'
[3.135s] Level 1:colcon.colcon_core.package_identification:_identify(venv/lib/python3.12/site-packages/pip/_vendor/rich/__pycache__) by extensions ['ignore', 'ignore_ament_install']
[3.135s] Level 1:colcon.colcon_core.package_identification:_identify(venv/lib/python3.12/site-packages/pip/_vendor/rich/__pycache__) by extension 'ignore'
[3.135s] Level 1:colcon.colcon_core.package_identification:_identify(venv/lib/python3.12/site-packages/pip/_vendor/rich/__pycache__) by extension 'ignore_ament_install'
[3.135s] Level 1:colcon.colcon_core.package_identification:_identify(venv/lib/python3.12/site-packages/pip/_vendor/rich/__pycache__) by extensions ['colcon_pkg']
[3.135s] Level 1:colcon.colcon_core.package_identification:_identify(venv/lib/python3.12/site-packages/pip/_vendor/rich/__pycache__) by extension 'colcon_pkg'
[3.135s] Level 1:colcon.colcon_core.package_identification:_identify(venv/lib/python3.12/site-packages/pip/_vendor/rich/__pycache__) by extensions ['colcon_meta']
[3.135s] Level 1:colcon.colcon_core.package_identification:_identify(venv/lib/python3.12/site-packages/pip/_vendor/rich/__pycache__) by extension 'colcon_meta'
[3.135s] Level 1:colcon.colcon_core.package_identification:_identify(venv/lib/python3.12/site-packages/pip/_vendor/rich/__pycache__) by extensions ['ros']
[3.135s] Level 1:colcon.colcon_core.package_identification:_identify(venv/lib/python3.12/site-packages/pip/_vendor/rich/__pycache__) by extension 'ros'
[3.135s] Level 1:colcon.colcon_core.package_identification:_identify(venv/lib/python3.12/site-packages/pip/_vendor/rich/__pycache__) by extensions ['cmake', 'python']
[3.136s] Level 1:colcon.colcon_core.package_identification:_identify(venv/lib/python3.12/site-packages/pip/_vendor/rich/__pycache__) by extension 'cmake'
[3.136s] Level 1:colcon.colcon_core.package_identification:_identify(venv/lib/python3.12/site-packages/pip/_vendor/rich/__pycache__) by extension 'python'
[3.136s] Level 1:colcon.colcon_core.package_identification:_identify(venv/lib/python3.12/site-packages/pip/_vendor/rich/__pycache__) by extensions ['python_setup_py']
[3.136s] Level 1:colcon.colcon_core.package_identification:_identify(venv/lib/python3.12/site-packages/pip/_vendor/rich/__pycache__) by extension 'python_setup_py'
[3.136s] Level 1:colcon.colcon_core.package_identification:_identify(venv/lib/python3.12/site-packages/pip/_vendor/tomli) by extensions ['ignore', 'ignore_ament_install']
[3.136s] Level 1:colcon.colcon_core.package_identification:_identify(venv/lib/python3.12/site-packages/pip/_vendor/tomli) by extension 'ignore'
[3.136s] Level 1:colcon.colcon_core.package_identification:_identify(venv/lib/python3.12/site-packages/pip/_vendor/tomli) by extension 'ignore_ament_install'
[3.136s] Level 1:colcon.colcon_core.package_identification:_identify(venv/lib/python3.12/site-packages/pip/_vendor/tomli) by extensions ['colcon_pkg']
[3.136s] Level 1:colcon.colcon_core.package_identification:_identify(venv/lib/python3.12/site-packages/pip/_vendor/tomli) by extension 'colcon_pkg'
[3.136s] Level 1:colcon.colcon_core.package_identification:_identify(venv/lib/python3.12/site-packages/pip/_vendor/tomli) by extensions ['colcon_meta']
[3.136s] Level 1:colcon.colcon_core.package_identification:_identify(venv/lib/python3.12/site-packages/pip/_vendor/tomli) by extension 'colcon_meta'
[3.136s] Level 1:colcon.colcon_core.package_identification:_identify(venv/lib/python3.12/site-packages/pip/_vendor/tomli) by extensions ['ros']
[3.136s] Level 1:colcon.colcon_core.package_identification:_identify(venv/lib/python3.12/site-packages/pip/_vendor/tomli) by extension 'ros'
[3.136s] Level 1:colcon.colcon_core.package_identification:_identify(venv/lib/python3.12/site-packages/pip/_vendor/tomli) by extensions ['cmake', 'python']
[3.136s] Level 1:colcon.colcon_core.package_identification:_identify(venv/lib/python3.12/site-packages/pip/_vendor/tomli) by extension 'cmake'
[3.137s] Level 1:colcon.colcon_core.package_identification:_identify(venv/lib/python3.12/site-packages/pip/_vendor/tomli) by extension 'python'
[3.137s] Level 1:colcon.colcon_core.package_identification:_identify(venv/lib/python3.12/site-packages/pip/_vendor/tomli) by extensions ['python_setup_py']
[3.137s] Level 1:colcon.colcon_core.package_identification:_identify(venv/lib/python3.12/site-packages/pip/_vendor/tomli) by extension 'python_setup_py'
[3.137s] Level 1:colcon.colcon_core.package_identification:_identify(venv/lib/python3.12/site-packages/pip/_vendor/tomli/__pycache__) by extensions ['ignore', 'ignore_ament_install']
[3.137s] Level 1:colcon.colcon_core.package_identification:_identify(venv/lib/python3.12/site-packages/pip/_vendor/tomli/__pycache__) by extension 'ignore'
[3.137s] Level 1:colcon.colcon_core.package_identification:_identify(venv/lib/python3.12/site-packages/pip/_vendor/tomli/__pycache__) by extension 'ignore_ament_install'
[3.137s] Level 1:colcon.colcon_core.package_identification:_identify(venv/lib/python3.12/site-packages/pip/_vendor/tomli/__pycache__) by extensions ['colcon_pkg']
[3.137s] Level 1:colcon.colcon_core.package_identification:_identify(venv/lib/python3.12/site-packages/pip/_vendor/tomli/__pycache__) by extension 'colcon_pkg'
[3.137s] Level 1:colcon.colcon_core.package_identification:_identify(venv/lib/python3.12/site-packages/pip/_vendor/tomli/__pycache__) by extensions ['colcon_meta']
[3.137s] Level 1:colcon.colcon_core.package_identification:_identify(venv/lib/python3.12/site-packages/pip/_vendor/tomli/__pycache__) by extension 'colcon_meta'
[3.137s] Level 1:colcon.colcon_core.package_identification:_identify(venv/lib/python3.12/site-packages/pip/_vendor/tomli/__pycache__) by extensions ['ros']
[3.137s] Level 1:colcon.colcon_core.package_identification:_identify(venv/lib/python3.12/site-packages/pip/_vendor/tomli/__pycache__) by extension 'ros'
[3.137s] Level 1:colcon.colcon_core.package_identification:_identify(venv/lib/python3.12/site-packages/pip/_vendor/tomli/__pycache__) by extensions ['cmake', 'python']
[3.137s] Level 1:colcon.colcon_core.package_identification:_identify(venv/lib/python3.12/site-packages/pip/_vendor/tomli/__pycache__) by extension 'cmake'
[3.137s] Level 1:colcon.colcon_core.package_identification:_identify(venv/lib/python3.12/site-packages/pip/_vendor/tomli/__pycache__) by extension 'python'
[3.137s] Level 1:colcon.colcon_core.package_identification:_identify(venv/lib/python3.12/site-packages/pip/_vendor/tomli/__pycache__) by extensions ['python_setup_py']
[3.138s] Level 1:colcon.colcon_core.package_identification:_identify(venv/lib/python3.12/site-packages/pip/_vendor/tomli/__pycache__) by extension 'python_setup_py'
[3.138s] Level 1:colcon.colcon_core.package_identification:_identify(venv/lib/python3.12/site-packages/pip/_vendor/tomli_w) by extensions ['ignore', 'ignore_ament_install']
[3.138s] Level 1:colcon.colcon_core.package_identification:_identify(venv/lib/python3.12/site-packages/pip/_vendor/tomli_w) by extension 'ignore'
[3.138s] Level 1:colcon.colcon_core.package_identification:_identify(venv/lib/python3.12/site-packages/pip/_vendor/tomli_w) by extension 'ignore_ament_install'
[3.138s] Level 1:colcon.colcon_core.package_identification:_identify(venv/lib/python3.12/site-packages/pip/_vendor/tomli_w) by extensions ['colcon_pkg']
[3.138s] Level 1:colcon.colcon_core.package_identification:_identify(venv/lib/python3.12/site-packages/pip/_vendor/tomli_w) by extension 'colcon_pkg'
[3.138s] Level 1:colcon.colcon_core.package_identification:_identify(venv/lib/python3.12/site-packages/pip/_vendor/tomli_w) by extensions ['colcon_meta']
[3.138s] Level 1:colcon.colcon_core.package_identification:_identify(venv/lib/python3.12/site-packages/pip/_vendor/tomli_w) by extension 'colcon_meta'
[3.138s] Level 1:colcon.colcon_core.package_identification:_identify(venv/lib/python3.12/site-packages/pip/_vendor/tomli_w) by extensions ['ros']
[3.138s] Level 1:colcon.colcon_core.package_identification:_identify(venv/lib/python3.12/site-packages/pip/_vendor/tomli_w) by extension 'ros'
[3.138s] Level 1:colcon.colcon_core.package_identification:_identify(venv/lib/python3.12/site-packages/pip/_vendor/tomli_w) by extensions ['cmake', 'python']
[3.138s] Level 1:colcon.colcon_core.package_identification:_identify(venv/lib/python3.12/site-packages/pip/_vendor/tomli_w) by extension 'cmake'
[3.138s] Level 1:colcon.colcon_core.package_identification:_identify(venv/lib/python3.12/site-packages/pip/_vendor/tomli_w) by extension 'python'
[3.138s] Level 1:colcon.colcon_core.package_identification:_identify(venv/lib/python3.12/site-packages/pip/_vendor/tomli_w) by extensions ['python_setup_py']
[3.138s] Level 1:colcon.colcon_core.package_identification:_identify(venv/lib/python3.12/site-packages/pip/_vendor/tomli_w) by extension 'python_setup_py'
[3.138s] Level 1:colcon.colcon_core.package_identification:_identify(venv/lib/python3.12/site-packages/pip/_vendor/tomli_w/__pycache__) by extensions ['ignore', 'ignore_ament_install']
[3.139s] Level 1:colcon.colcon_core.package_identification:_identify(venv/lib/python3.12/site-packages/pip/_vendor/tomli_w/__pycache__) by extension 'ignore'
[3.139s] Level 1:colcon.colcon_core.package_identification:_identify(venv/lib/python3.12/site-packages/pip/_vendor/tomli_w/__pycache__) by extension 'ignore_ament_install'
[3.139s] Level 1:colcon.colcon_core.package_identification:_identify(venv/lib/python3.12/site-packages/pip/_vendor/tomli_w/__pycache__) by extensions ['colcon_pkg']
[3.139s] Level 1:colcon.colcon_core.package_identification:_identify(venv/lib/python3.12/site-packages/pip/_vendor/tomli_w/__pycache__) by extension 'colcon_pkg'
[3.139s] Level 1:colcon.colcon_core.package_identification:_identify(venv/lib/python3.12/site-packages/pip/_vendor/tomli_w/__pycache__) by extensions ['colcon_meta']
[3.139s] Level 1:colcon.colcon_core.package_identification:_identify(venv/lib/python3.12/site-packages/pip/_vendor/tomli_w/__pycache__) by extension 'colcon_meta'
[3.139s] Level 1:colcon.colcon_core.package_identification:_identify(venv/lib/python3.12/site-packages/pip/_vendor/tomli_w/__pycache__) by extensions ['ros']
[3.139s] Level 1:colcon.colcon_core.package_identification:_identify(venv/lib/python3.12/site-packages/pip/_vendor/tomli_w/__pycache__) by extension 'ros'
[3.139s] Level 1:colcon.colcon_core.package_identification:_identify(venv/lib/python3.12/site-packages/pip/_vendor/tomli_w/__pycache__) by extensions ['cmake', 'python']
[3.139s] Level 1:colcon.colcon_core.package_identification:_identify(venv/lib/python3.12/site-packages/pip/_vendor/tomli_w/__pycache__) by extension 'cmake'
[3.139s] Level 1:colcon.colcon_core.package_identification:_identify(venv/lib/python3.12/site-packages/pip/_vendor/tomli_w/__pycache__) by extension 'python'
[3.139s] Level 1:colcon.colcon_core.package_identification:_identify(venv/lib/python3.12/site-packages/pip/_vendor/tomli_w/__pycache__) by extensions ['python_setup_py']
[3.139s] Level 1:colcon.colcon_core.package_identification:_identify(venv/lib/python3.12/site-packages/pip/_vendor/tomli_w/__pycache__) by extension 'python_setup_py'
[3.139s] Level 1:colcon.colcon_core.package_identification:_identify(venv/lib/python3.12/site-packages/pip/_vendor/truststore) by extensions ['ignore', 'ignore_ament_install']
[3.139s] Level 1:colcon.colcon_core.package_identification:_identify(venv/lib/python3.12/site-packages/pip/_vendor/truststore) by extension 'ignore'
[3.140s] Level 1:colcon.colcon_core.package_identification:_identify(venv/lib/python3.12/site-packages/pip/_vendor/truststore) by extension 'ignore_ament_install'
[3.140s] Level 1:colcon.colcon_core.package_identification:_identify(venv/lib/python3.12/site-packages/pip/_vendor/truststore) by extensions ['colcon_pkg']
[3.140s] Level 1:colcon.colcon_core.package_identification:_identify(venv/lib/python3.12/site-packages/pip/_vendor/truststore) by extension 'colcon_pkg'
[3.140s] Level 1:colcon.colcon_core.package_identification:_identify(venv/lib/python3.12/site-packages/pip/_vendor/truststore) by extensions ['colcon_meta']
[3.140s] Level 1:colcon.colcon_core.package_identification:_identify(venv/lib/python3.12/site-packages/pip/_vendor/truststore) by extension 'colcon_meta'
[3.140s] Level 1:colcon.colcon_core.package_identification:_identify(venv/lib/python3.12/site-packages/pip/_vendor/truststore) by extensions ['ros']
[3.140s] Level 1:colcon.colcon_core.package_identification:_identify(venv/lib/python3.12/site-packages/pip/_vendor/truststore) by extension 'ros'
[3.140s] Level 1:colcon.colcon_core.package_identification:_identify(venv/lib/python3.12/site-packages/pip/_vendor/truststore) by extensions ['cmake', 'python']
[3.140s] Level 1:colcon.colcon_core.package_identification:_identify(venv/lib/python3.12/site-packages/pip/_vendor/truststore) by extension 'cmake'
[3.140s] Level 1:colcon.colcon_core.package_identification:_identify(venv/lib/python3.12/site-packages/pip/_vendor/truststore) by extension 'python'
[3.140s] Level 1:colcon.colcon_core.package_identification:_identify(venv/lib/python3.12/site-packages/pip/_vendor/truststore) by extensions ['python_setup_py']
[3.140s] Level 1:colcon.colcon_core.package_identification:_identify(venv/lib/python3.12/site-packages/pip/_vendor/truststore) by extension 'python_setup_py'
[3.140s] Level 1:colcon.colcon_core.package_identification:_identify(venv/lib/python3.12/site-packages/pip/_vendor/truststore/__pycache__) by extensions ['ignore', 'ignore_ament_install']
[3.140s] Level 1:colcon.colcon_core.package_identification:_identify(venv/lib/python3.12/site-packages/pip/_vendor/truststore/__pycache__) by extension 'ignore'
[3.140s] Level 1:colcon.colcon_core.package_identification:_identify(venv/lib/python3.12/site-packages/pip/_vendor/truststore/__pycache__) by extension 'ignore_ament_install'
[3.140s] Level 1:colcon.colcon_core.package_identification:_identify(venv/lib/python3.12/site-packages/pip/_vendor/truststore/__pycache__) by extensions ['colcon_pkg']
[3.140s] Level 1:colcon.colcon_core.package_identification:_identify(venv/lib/python3.12/site-packages/pip/_vendor/truststore/__pycache__) by extension 'colcon_pkg'
[3.141s] Level 1:colcon.colcon_core.package_identification:_identify(venv/lib/python3.12/site-packages/pip/_vendor/truststore/__pycache__) by extensions ['colcon_meta']
[3.141s] Level 1:colcon.colcon_core.package_identification:_identify(venv/lib/python3.12/site-packages/pip/_vendor/truststore/__pycache__) by extension 'colcon_meta'
[3.141s] Level 1:colcon.colcon_core.package_identification:_identify(venv/lib/python3.12/site-packages/pip/_vendor/truststore/__pycache__) by extensions ['ros']
[3.141s] Level 1:colcon.colcon_core.package_identification:_identify(venv/lib/python3.12/site-packages/pip/_vendor/truststore/__pycache__) by extension 'ros'
[3.141s] Level 1:colcon.colcon_core.package_identification:_identify(venv/lib/python3.12/site-packages/pip/_vendor/truststore/__pycache__) by extensions ['cmake', 'python']
[3.141s] Level 1:colcon.colcon_core.package_identification:_identify(venv/lib/python3.12/site-packages/pip/_vendor/truststore/__pycache__) by extension 'cmake'
[3.141s] Level 1:colcon.colcon_core.package_identification:_identify(venv/lib/python3.12/site-packages/pip/_vendor/truststore/__pycache__) by extension 'python'
[3.141s] Level 1:colcon.colcon_core.package_identification:_identify(venv/lib/python3.12/site-packages/pip/_vendor/truststore/__pycache__) by extensions ['python_setup_py']
[3.141s] Level 1:colcon.colcon_core.package_identification:_identify(venv/lib/python3.12/site-packages/pip/_vendor/truststore/__pycache__) by extension 'python_setup_py'
[3.141s] Level 1:colcon.colcon_core.package_identification:_identify(venv/lib/python3.12/site-packages/pip/_vendor/urllib3) by extensions ['ignore', 'ignore_ament_install']
[3.141s] Level 1:colcon.colcon_core.package_identification:_identify(venv/lib/python3.12/site-packages/pip/_vendor/urllib3) by extension 'ignore'
[3.141s] Level 1:colcon.colcon_core.package_identification:_identify(venv/lib/python3.12/site-packages/pip/_vendor/urllib3) by extension 'ignore_ament_install'
[3.141s] Level 1:colcon.colcon_core.package_identification:_identify(venv/lib/python3.12/site-packages/pip/_vendor/urllib3) by extensions ['colcon_pkg']
[3.141s] Level 1:colcon.colcon_core.package_identification:_identify(venv/lib/python3.12/site-packages/pip/_vendor/urllib3) by extension 'colcon_pkg'
[3.142s] Level 1:colcon.colcon_core.package_identification:_identify(venv/lib/python3.12/site-packages/pip/_vendor/urllib3) by extensions ['colcon_meta']
[3.142s] Level 1:colcon.colcon_core.package_identification:_identify(venv/lib/python3.12/site-packages/pip/_vendor/urllib3) by extension 'colcon_meta'
[3.142s] Level 1:colcon.colcon_core.package_identification:_identify(venv/lib/python3.12/site-packages/pip/_vendor/urllib3) by extensions ['ros']
[3.142s] Level 1:colcon.colcon_core.package_identification:_identify(venv/lib/python3.12/site-packages/pip/_vendor/urllib3) by extension 'ros'
[3.142s] Level 1:colcon.colcon_core.package_identification:_identify(venv/lib/python3.12/site-packages/pip/_vendor/urllib3) by extensions ['cmake', 'python']
[3.142s] Level 1:colcon.colcon_core.package_identification:_identify(venv/lib/python3.12/site-packages/pip/_vendor/urllib3) by extension 'cmake'
[3.142s] Level 1:colcon.colcon_core.package_identification:_identify(venv/lib/python3.12/site-packages/pip/_vendor/urllib3) by extension 'python'
[3.142s] Level 1:colcon.colcon_core.package_identification:_identify(venv/lib/python3.12/site-packages/pip/_vendor/urllib3) by extensions ['python_setup_py']
[3.142s] Level 1:colcon.colcon_core.package_identification:_identify(venv/lib/python3.12/site-packages/pip/_vendor/urllib3) by extension 'python_setup_py'
[3.142s] Level 1:colcon.colcon_core.package_identification:_identify(venv/lib/python3.12/site-packages/pip/_vendor/urllib3/__pycache__) by extensions ['ignore', 'ignore_ament_install']
[3.142s] Level 1:colcon.colcon_core.package_identification:_identify(venv/lib/python3.12/site-packages/pip/_vendor/urllib3/__pycache__) by extension 'ignore'
[3.142s] Level 1:colcon.colcon_core.package_identification:_identify(venv/lib/python3.12/site-packages/pip/_vendor/urllib3/__pycache__) by extension 'ignore_ament_install'
[3.142s] Level 1:colcon.colcon_core.package_identification:_identify(venv/lib/python3.12/site-packages/pip/_vendor/urllib3/__pycache__) by extensions ['colcon_pkg']
[3.142s] Level 1:colcon.colcon_core.package_identification:_identify(venv/lib/python3.12/site-packages/pip/_vendor/urllib3/__pycache__) by extension 'colcon_pkg'
[3.142s] Level 1:colcon.colcon_core.package_identification:_identify(venv/lib/python3.12/site-packages/pip/_vendor/urllib3/__pycache__) by extensions ['colcon_meta']
[3.142s] Level 1:colcon.colcon_core.package_identification:_identify(venv/lib/python3.12/site-packages/pip/_vendor/urllib3/__pycache__) by extension 'colcon_meta'
[3.142s] Level 1:colcon.colcon_core.package_identification:_identify(venv/lib/python3.12/site-packages/pip/_vendor/urllib3/__pycache__) by extensions ['ros']
[3.143s] Level 1:colcon.colcon_core.package_identification:_identify(venv/lib/python3.12/site-packages/pip/_vendor/urllib3/__pycache__) by extension 'ros'
[3.143s] Level 1:colcon.colcon_core.package_identification:_identify(venv/lib/python3.12/site-packages/pip/_vendor/urllib3/__pycache__) by extensions ['cmake', 'python']
[3.143s] Level 1:colcon.colcon_core.package_identification:_identify(venv/lib/python3.12/site-packages/pip/_vendor/urllib3/__pycache__) by extension 'cmake'
[3.143s] Level 1:colcon.colcon_core.package_identification:_identify(venv/lib/python3.12/site-packages/pip/_vendor/urllib3/__pycache__) by extension 'python'
[3.143s] Level 1:colcon.colcon_core.package_identification:_identify(venv/lib/python3.12/site-packages/pip/_vendor/urllib3/__pycache__) by extensions ['python_setup_py']
[3.143s] Level 1:colcon.colcon_core.package_identification:_identify(venv/lib/python3.12/site-packages/pip/_vendor/urllib3/__pycache__) by extension 'python_setup_py'
[3.143s] Level 1:colcon.colcon_core.package_identification:_identify(venv/lib/python3.12/site-packages/pip/_vendor/urllib3/contrib) by extensions ['ignore', 'ignore_ament_install']
[3.143s] Level 1:colcon.colcon_core.package_identification:_identify(venv/lib/python3.12/site-packages/pip/_vendor/urllib3/contrib) by extension 'ignore'
[3.143s] Level 1:colcon.colcon_core.package_identification:_identify(venv/lib/python3.12/site-packages/pip/_vendor/urllib3/contrib) by extension 'ignore_ament_install'
[3.143s] Level 1:colcon.colcon_core.package_identification:_identify(venv/lib/python3.12/site-packages/pip/_vendor/urllib3/contrib) by extensions ['colcon_pkg']
[3.143s] Level 1:colcon.colcon_core.package_identification:_identify(venv/lib/python3.12/site-packages/pip/_vendor/urllib3/contrib) by extension 'colcon_pkg'
[3.143s] Level 1:colcon.colcon_core.package_identification:_identify(venv/lib/python3.12/site-packages/pip/_vendor/urllib3/contrib) by extensions ['colcon_meta']
[3.143s] Level 1:colcon.colcon_core.package_identification:_identify(venv/lib/python3.12/site-packages/pip/_vendor/urllib3/contrib) by extension 'colcon_meta'
[3.143s] Level 1:colcon.colcon_core.package_identification:_identify(venv/lib/python3.12/site-packages/pip/_vendor/urllib3/contrib) by extensions ['ros']
[3.143s] Level 1:colcon.colcon_core.package_identification:_identify(venv/lib/python3.12/site-packages/pip/_vendor/urllib3/contrib) by extension 'ros'
[3.143s] Level 1:colcon.colcon_core.package_identification:_identify(venv/lib/python3.12/site-packages/pip/_vendor/urllib3/contrib) by extensions ['cmake', 'python']
[3.144s] Level 1:colcon.colcon_core.package_identification:_identify(venv/lib/python3.12/site-packages/pip/_vendor/urllib3/contrib) by extension 'cmake'
[3.144s] Level 1:colcon.colcon_core.package_identification:_identify(venv/lib/python3.12/site-packages/pip/_vendor/urllib3/contrib) by extension 'python'
[3.144s] Level 1:colcon.colcon_core.package_identification:_identify(venv/lib/python3.12/site-packages/pip/_vendor/urllib3/contrib) by extensions ['python_setup_py']
[3.144s] Level 1:colcon.colcon_core.package_identification:_identify(venv/lib/python3.12/site-packages/pip/_vendor/urllib3/contrib) by extension 'python_setup_py'
[3.144s] Level 1:colcon.colcon_core.package_identification:_identify(venv/lib/python3.12/site-packages/pip/_vendor/urllib3/contrib/__pycache__) by extensions ['ignore', 'ignore_ament_install']
[3.144s] Level 1:colcon.colcon_core.package_identification:_identify(venv/lib/python3.12/site-packages/pip/_vendor/urllib3/contrib/__pycache__) by extension 'ignore'
[3.144s] Level 1:colcon.colcon_core.package_identification:_identify(venv/lib/python3.12/site-packages/pip/_vendor/urllib3/contrib/__pycache__) by extension 'ignore_ament_install'
[3.144s] Level 1:colcon.colcon_core.package_identification:_identify(venv/lib/python3.12/site-packages/pip/_vendor/urllib3/contrib/__pycache__) by extensions ['colcon_pkg']
[3.144s] Level 1:colcon.colcon_core.package_identification:_identify(venv/lib/python3.12/site-packages/pip/_vendor/urllib3/contrib/__pycache__) by extension 'colcon_pkg'
[3.144s] Level 1:colcon.colcon_core.package_identification:_identify(venv/lib/python3.12/site-packages/pip/_vendor/urllib3/contrib/__pycache__) by extensions ['colcon_meta']
[3.144s] Level 1:colcon.colcon_core.package_identification:_identify(venv/lib/python3.12/site-packages/pip/_vendor/urllib3/contrib/__pycache__) by extension 'colcon_meta'
[3.144s] Level 1:colcon.colcon_core.package_identification:_identify(venv/lib/python3.12/site-packages/pip/_vendor/urllib3/contrib/__pycache__) by extensions ['ros']
[3.144s] Level 1:colcon.colcon_core.package_identification:_identify(venv/lib/python3.12/site-packages/pip/_vendor/urllib3/contrib/__pycache__) by extension 'ros'
[3.144s] Level 1:colcon.colcon_core.package_identification:_identify(venv/lib/python3.12/site-packages/pip/_vendor/urllib3/contrib/__pycache__) by extensions ['cmake', 'python']
[3.144s] Level 1:colcon.colcon_core.package_identification:_identify(venv/lib/python3.12/site-packages/pip/_vendor/urllib3/contrib/__pycache__) by extension 'cmake'
[3.144s] Level 1:colcon.colcon_core.package_identification:_identify(venv/lib/python3.12/site-packages/pip/_vendor/urllib3/contrib/__pycache__) by extension 'python'
[3.145s] Level 1:colcon.colcon_core.package_identification:_identify(venv/lib/python3.12/site-packages/pip/_vendor/urllib3/contrib/__pycache__) by extensions ['python_setup_py']
[3.145s] Level 1:colcon.colcon_core.package_identification:_identify(venv/lib/python3.12/site-packages/pip/_vendor/urllib3/contrib/__pycache__) by extension 'python_setup_py'
[3.145s] Level 1:colcon.colcon_core.package_identification:_identify(venv/lib/python3.12/site-packages/pip/_vendor/urllib3/contrib/emscripten) by extensions ['ignore', 'ignore_ament_install']
[3.145s] Level 1:colcon.colcon_core.package_identification:_identify(venv/lib/python3.12/site-packages/pip/_vendor/urllib3/contrib/emscripten) by extension 'ignore'
[3.145s] Level 1:colcon.colcon_core.package_identification:_identify(venv/lib/python3.12/site-packages/pip/_vendor/urllib3/contrib/emscripten) by extension 'ignore_ament_install'
[3.145s] Level 1:colcon.colcon_core.package_identification:_identify(venv/lib/python3.12/site-packages/pip/_vendor/urllib3/contrib/emscripten) by extensions ['colcon_pkg']
[3.145s] Level 1:colcon.colcon_core.package_identification:_identify(venv/lib/python3.12/site-packages/pip/_vendor/urllib3/contrib/emscripten) by extension 'colcon_pkg'
[3.145s] Level 1:colcon.colcon_core.package_identification:_identify(venv/lib/python3.12/site-packages/pip/_vendor/urllib3/contrib/emscripten) by extensions ['colcon_meta']
[3.145s] Level 1:colcon.colcon_core.package_identification:_identify(venv/lib/python3.12/site-packages/pip/_vendor/urllib3/contrib/emscripten) by extension 'colcon_meta'
[3.145s] Level 1:colcon.colcon_core.package_identification:_identify(venv/lib/python3.12/site-packages/pip/_vendor/urllib3/contrib/emscripten) by extensions ['ros']
[3.145s] Level 1:colcon.colcon_core.package_identification:_identify(venv/lib/python3.12/site-packages/pip/_vendor/urllib3/contrib/emscripten) by extension 'ros'
[3.145s] Level 1:colcon.colcon_core.package_identification:_identify(venv/lib/python3.12/site-packages/pip/_vendor/urllib3/contrib/emscripten) by extensions ['cmake', 'python']
[3.145s] Level 1:colcon.colcon_core.package_identification:_identify(venv/lib/python3.12/site-packages/pip/_vendor/urllib3/contrib/emscripten) by extension 'cmake'
[3.145s] Level 1:colcon.colcon_core.package_identification:_identify(venv/lib/python3.12/site-packages/pip/_vendor/urllib3/contrib/emscripten) by extension 'python'
[3.146s] Level 1:colcon.colcon_core.package_identification:_identify(venv/lib/python3.12/site-packages/pip/_vendor/urllib3/contrib/emscripten) by extensions ['python_setup_py']
[3.146s] Level 1:colcon.colcon_core.package_identification:_identify(venv/lib/python3.12/site-packages/pip/_vendor/urllib3/contrib/emscripten) by extension 'python_setup_py'
[3.146s] Level 1:colcon.colcon_core.package_identification:_identify(venv/lib/python3.12/site-packages/pip/_vendor/urllib3/contrib/emscripten/__pycache__) by extensions ['ignore', 'ignore_ament_install']
[3.146s] Level 1:colcon.colcon_core.package_identification:_identify(venv/lib/python3.12/site-packages/pip/_vendor/urllib3/contrib/emscripten/__pycache__) by extension 'ignore'
[3.146s] Level 1:colcon.colcon_core.package_identification:_identify(venv/lib/python3.12/site-packages/pip/_vendor/urllib3/contrib/emscripten/__pycache__) by extension 'ignore_ament_install'
[3.146s] Level 1:colcon.colcon_core.package_identification:_identify(venv/lib/python3.12/site-packages/pip/_vendor/urllib3/contrib/emscripten/__pycache__) by extensions ['colcon_pkg']
[3.146s] Level 1:colcon.colcon_core.package_identification:_identify(venv/lib/python3.12/site-packages/pip/_vendor/urllib3/contrib/emscripten/__pycache__) by extension 'colcon_pkg'
[3.146s] Level 1:colcon.colcon_core.package_identification:_identify(venv/lib/python3.12/site-packages/pip/_vendor/urllib3/contrib/emscripten/__pycache__) by extensions ['colcon_meta']
[3.146s] Level 1:colcon.colcon_core.package_identification:_identify(venv/lib/python3.12/site-packages/pip/_vendor/urllib3/contrib/emscripten/__pycache__) by extension 'colcon_meta'
[3.146s] Level 1:colcon.colcon_core.package_identification:_identify(venv/lib/python3.12/site-packages/pip/_vendor/urllib3/contrib/emscripten/__pycache__) by extensions ['ros']
[3.146s] Level 1:colcon.colcon_core.package_identification:_identify(venv/lib/python3.12/site-packages/pip/_vendor/urllib3/contrib/emscripten/__pycache__) by extension 'ros'
[3.146s] Level 1:colcon.colcon_core.package_identification:_identify(venv/lib/python3.12/site-packages/pip/_vendor/urllib3/contrib/emscripten/__pycache__) by extensions ['cmake', 'python']
[3.146s] Level 1:colcon.colcon_core.package_identification:_identify(venv/lib/python3.12/site-packages/pip/_vendor/urllib3/contrib/emscripten/__pycache__) by extension 'cmake'
[3.146s] Level 1:colcon.colcon_core.package_identification:_identify(venv/lib/python3.12/site-packages/pip/_vendor/urllib3/contrib/emscripten/__pycache__) by extension 'python'
[3.146s] Level 1:colcon.colcon_core.package_identification:_identify(venv/lib/python3.12/site-packages/pip/_vendor/urllib3/contrib/emscripten/__pycache__) by extensions ['python_setup_py']
[3.146s] Level 1:colcon.colcon_core.package_identification:_identify(venv/lib/python3.12/site-packages/pip/_vendor/urllib3/contrib/emscripten/__pycache__) by extension 'python_setup_py'
[3.147s] Level 1:colcon.colcon_core.package_identification:_identify(venv/lib/python3.12/site-packages/pip/_vendor/urllib3/http2) by extensions ['ignore', 'ignore_ament_install']
[3.147s] Level 1:colcon.colcon_core.package_identification:_identify(venv/lib/python3.12/site-packages/pip/_vendor/urllib3/http2) by extension 'ignore'
[3.147s] Level 1:colcon.colcon_core.package_identification:_identify(venv/lib/python3.12/site-packages/pip/_vendor/urllib3/http2) by extension 'ignore_ament_install'
[3.147s] Level 1:colcon.colcon_core.package_identification:_identify(venv/lib/python3.12/site-packages/pip/_vendor/urllib3/http2) by extensions ['colcon_pkg']
[3.147s] Level 1:colcon.colcon_core.package_identification:_identify(venv/lib/python3.12/site-packages/pip/_vendor/urllib3/http2) by extension 'colcon_pkg'
[3.147s] Level 1:colcon.colcon_core.package_identification:_identify(venv/lib/python3.12/site-packages/pip/_vendor/urllib3/http2) by extensions ['colcon_meta']
[3.147s] Level 1:colcon.colcon_core.package_identification:_identify(venv/lib/python3.12/site-packages/pip/_vendor/urllib3/http2) by extension 'colcon_meta'
[3.147s] Level 1:colcon.colcon_core.package_identification:_identify(venv/lib/python3.12/site-packages/pip/_vendor/urllib3/http2) by extensions ['ros']
[3.147s] Level 1:colcon.colcon_core.package_identification:_identify(venv/lib/python3.12/site-packages/pip/_vendor/urllib3/http2) by extension 'ros'
[3.147s] Level 1:colcon.colcon_core.package_identification:_identify(venv/lib/python3.12/site-packages/pip/_vendor/urllib3/http2) by extensions ['cmake', 'python']
[3.147s] Level 1:colcon.colcon_core.package_identification:_identify(venv/lib/python3.12/site-packages/pip/_vendor/urllib3/http2) by extension 'cmake'
[3.147s] Level 1:colcon.colcon_core.package_identification:_identify(venv/lib/python3.12/site-packages/pip/_vendor/urllib3/http2) by extension 'python'
[3.147s] Level 1:colcon.colcon_core.package_identification:_identify(venv/lib/python3.12/site-packages/pip/_vendor/urllib3/http2) by extensions ['python_setup_py']
[3.147s] Level 1:colcon.colcon_core.package_identification:_identify(venv/lib/python3.12/site-packages/pip/_vendor/urllib3/http2) by extension 'python_setup_py'
[3.147s] Level 1:colcon.colcon_core.package_identification:_identify(venv/lib/python3.12/site-packages/pip/_vendor/urllib3/http2/__pycache__) by extensions ['ignore', 'ignore_ament_install']
[3.148s] Level 1:colcon.colcon_core.package_identification:_identify(venv/lib/python3.12/site-packages/pip/_vendor/urllib3/http2/__pycache__) by extension 'ignore'
[3.148s] Level 1:colcon.colcon_core.package_identification:_identify(venv/lib/python3.12/site-packages/pip/_vendor/urllib3/http2/__pycache__) by extension 'ignore_ament_install'
[3.148s] Level 1:colcon.colcon_core.package_identification:_identify(venv/lib/python3.12/site-packages/pip/_vendor/urllib3/http2/__pycache__) by extensions ['colcon_pkg']
[3.148s] Level 1:colcon.colcon_core.package_identification:_identify(venv/lib/python3.12/site-packages/pip/_vendor/urllib3/http2/__pycache__) by extension 'colcon_pkg'
[3.148s] Level 1:colcon.colcon_core.package_identification:_identify(venv/lib/python3.12/site-packages/pip/_vendor/urllib3/http2/__pycache__) by extensions ['colcon_meta']
[3.148s] Level 1:colcon.colcon_core.package_identification:_identify(venv/lib/python3.12/site-packages/pip/_vendor/urllib3/http2/__pycache__) by extension 'colcon_meta'
[3.148s] Level 1:colcon.colcon_core.package_identification:_identify(venv/lib/python3.12/site-packages/pip/_vendor/urllib3/http2/__pycache__) by extensions ['ros']
[3.148s] Level 1:colcon.colcon_core.package_identification:_identify(venv/lib/python3.12/site-packages/pip/_vendor/urllib3/http2/__pycache__) by extension 'ros'
[3.148s] Level 1:colcon.colcon_core.package_identification:_identify(venv/lib/python3.12/site-packages/pip/_vendor/urllib3/http2/__pycache__) by extensions ['cmake', 'python']
[3.148s] Level 1:colcon.colcon_core.package_identification:_identify(venv/lib/python3.12/site-packages/pip/_vendor/urllib3/http2/__pycache__) by extension 'cmake'
[3.148s] Level 1:colcon.colcon_core.package_identification:_identify(venv/lib/python3.12/site-packages/pip/_vendor/urllib3/http2/__pycache__) by extension 'python'
[3.148s] Level 1:colcon.colcon_core.package_identification:_identify(venv/lib/python3.12/site-packages/pip/_vendor/urllib3/http2/__pycache__) by extensions ['python_setup_py']
[3.148s] Level 1:colcon.colcon_core.package_identification:_identify(venv/lib/python3.12/site-packages/pip/_vendor/urllib3/http2/__pycache__) by extension 'python_setup_py'
[3.148s] Level 1:colcon.colcon_core.package_identification:_identify(venv/lib/python3.12/site-packages/pip/_vendor/urllib3/util) by extensions ['ignore', 'ignore_ament_install']
[3.148s] Level 1:colcon.colcon_core.package_identification:_identify(venv/lib/python3.12/site-packages/pip/_vendor/urllib3/util) by extension 'ignore'
[3.149s] Level 1:colcon.colcon_core.package_identification:_identify(venv/lib/python3.12/site-packages/pip/_vendor/urllib3/util) by extension 'ignore_ament_install'
[3.149s] Level 1:colcon.colcon_core.package_identification:_identify(venv/lib/python3.12/site-packages/pip/_vendor/urllib3/util) by extensions ['colcon_pkg']
[3.149s] Level 1:colcon.colcon_core.package_identification:_identify(venv/lib/python3.12/site-packages/pip/_vendor/urllib3/util) by extension 'colcon_pkg'
[3.149s] Level 1:colcon.colcon_core.package_identification:_identify(venv/lib/python3.12/site-packages/pip/_vendor/urllib3/util) by extensions ['colcon_meta']
[3.149s] Level 1:colcon.colcon_core.package_identification:_identify(venv/lib/python3.12/site-packages/pip/_vendor/urllib3/util) by extension 'colcon_meta'
[3.149s] Level 1:colcon.colcon_core.package_identification:_identify(venv/lib/python3.12/site-packages/pip/_vendor/urllib3/util) by extensions ['ros']
[3.149s] Level 1:colcon.colcon_core.package_identification:_identify(venv/lib/python3.12/site-packages/pip/_vendor/urllib3/util) by extension 'ros'
[3.149s] Level 1:colcon.colcon_core.package_identification:_identify(venv/lib/python3.12/site-packages/pip/_vendor/urllib3/util) by extensions ['cmake', 'python']
[3.149s] Level 1:colcon.colcon_core.package_identification:_identify(venv/lib/python3.12/site-packages/pip/_vendor/urllib3/util) by extension 'cmake'
[3.149s] Level 1:colcon.colcon_core.package_identification:_identify(venv/lib/python3.12/site-packages/pip/_vendor/urllib3/util) by extension 'python'
[3.149s] Level 1:colcon.colcon_core.package_identification:_identify(venv/lib/python3.12/site-packages/pip/_vendor/urllib3/util) by extensions ['python_setup_py']
[3.149s] Level 1:colcon.colcon_core.package_identification:_identify(venv/lib/python3.12/site-packages/pip/_vendor/urllib3/util) by extension 'python_setup_py'
[3.149s] Level 1:colcon.colcon_core.package_identification:_identify(venv/lib/python3.12/site-packages/pip/_vendor/urllib3/util/__pycache__) by extensions ['ignore', 'ignore_ament_install']
[3.149s] Level 1:colcon.colcon_core.package_identification:_identify(venv/lib/python3.12/site-packages/pip/_vendor/urllib3/util/__pycache__) by extension 'ignore'
[3.150s] Level 1:colcon.colcon_core.package_identification:_identify(venv/lib/python3.12/site-packages/pip/_vendor/urllib3/util/__pycache__) by extension 'ignore_ament_install'
[3.150s] Level 1:colcon.colcon_core.package_identification:_identify(venv/lib/python3.12/site-packages/pip/_vendor/urllib3/util/__pycache__) by extensions ['colcon_pkg']
[3.150s] Level 1:colcon.colcon_core.package_identification:_identify(venv/lib/python3.12/site-packages/pip/_vendor/urllib3/util/__pycache__) by extension 'colcon_pkg'
[3.150s] Level 1:colcon.colcon_core.package_identification:_identify(venv/lib/python3.12/site-packages/pip/_vendor/urllib3/util/__pycache__) by extensions ['colcon_meta']
[3.150s] Level 1:colcon.colcon_core.package_identification:_identify(venv/lib/python3.12/site-packages/pip/_vendor/urllib3/util/__pycache__) by extension 'colcon_meta'
[3.150s] Level 1:colcon.colcon_core.package_identification:_identify(venv/lib/python3.12/site-packages/pip/_vendor/urllib3/util/__pycache__) by extensions ['ros']
[3.150s] Level 1:colcon.colcon_core.package_identification:_identify(venv/lib/python3.12/site-packages/pip/_vendor/urllib3/util/__pycache__) by extension 'ros'
[3.150s] Level 1:colcon.colcon_core.package_identification:_identify(venv/lib/python3.12/site-packages/pip/_vendor/urllib3/util/__pycache__) by extensions ['cmake', 'python']
[3.150s] Level 1:colcon.colcon_core.package_identification:_identify(venv/lib/python3.12/site-packages/pip/_vendor/urllib3/util/__pycache__) by extension 'cmake'
[3.150s] Level 1:colcon.colcon_core.package_identification:_identify(venv/lib/python3.12/site-packages/pip/_vendor/urllib3/util/__pycache__) by extension 'python'
[3.150s] Level 1:colcon.colcon_core.package_identification:_identify(venv/lib/python3.12/site-packages/pip/_vendor/urllib3/util/__pycache__) by extensions ['python_setup_py']
[3.150s] Level 1:colcon.colcon_core.package_identification:_identify(venv/lib/python3.12/site-packages/pip/_vendor/urllib3/util/__pycache__) by extension 'python_setup_py'
[3.150s] Level 1:colcon.colcon_core.package_identification:_identify(venv/lib/python3.12/site-packages/pip-26.1.1.dist-info) by extensions ['ignore', 'ignore_ament_install']
[3.150s] Level 1:colcon.colcon_core.package_identification:_identify(venv/lib/python3.12/site-packages/pip-26.1.1.dist-info) by extension 'ignore'
[3.150s] Level 1:colcon.colcon_core.package_identification:_identify(venv/lib/python3.12/site-packages/pip-26.1.1.dist-info) by extension 'ignore_ament_install'
[3.150s] Level 1:colcon.colcon_core.package_identification:_identify(venv/lib/python3.12/site-packages/pip-26.1.1.dist-info) by extensions ['colcon_pkg']
[3.150s] Level 1:colcon.colcon_core.package_identification:_identify(venv/lib/python3.12/site-packages/pip-26.1.1.dist-info) by extension 'colcon_pkg'
[3.151s] Level 1:colcon.colcon_core.package_identification:_identify(venv/lib/python3.12/site-packages/pip-26.1.1.dist-info) by extensions ['colcon_meta']
[3.151s] Level 1:colcon.colcon_core.package_identification:_identify(venv/lib/python3.12/site-packages/pip-26.1.1.dist-info) by extension 'colcon_meta'
[3.151s] Level 1:colcon.colcon_core.package_identification:_identify(venv/lib/python3.12/site-packages/pip-26.1.1.dist-info) by extensions ['ros']
[3.151s] Level 1:colcon.colcon_core.package_identification:_identify(venv/lib/python3.12/site-packages/pip-26.1.1.dist-info) by extension 'ros'
[3.151s] Level 1:colcon.colcon_core.package_identification:_identify(venv/lib/python3.12/site-packages/pip-26.1.1.dist-info) by extensions ['cmake', 'python']
[3.151s] Level 1:colcon.colcon_core.package_identification:_identify(venv/lib/python3.12/site-packages/pip-26.1.1.dist-info) by extension 'cmake'
[3.151s] Level 1:colcon.colcon_core.package_identification:_identify(venv/lib/python3.12/site-packages/pip-26.1.1.dist-info) by extension 'python'
[3.151s] Level 1:colcon.colcon_core.package_identification:_identify(venv/lib/python3.12/site-packages/pip-26.1.1.dist-info) by extensions ['python_setup_py']
[3.151s] Level 1:colcon.colcon_core.package_identification:_identify(venv/lib/python3.12/site-packages/pip-26.1.1.dist-info) by extension 'python_setup_py'
[3.151s] Level 1:colcon.colcon_core.package_identification:_identify(venv/lib/python3.12/site-packages/pip-26.1.1.dist-info/licenses) by extensions ['ignore', 'ignore_ament_install']
[3.151s] Level 1:colcon.colcon_core.package_identification:_identify(venv/lib/python3.12/site-packages/pip-26.1.1.dist-info/licenses) by extension 'ignore'
[3.151s] Level 1:colcon.colcon_core.package_identification:_identify(venv/lib/python3.12/site-packages/pip-26.1.1.dist-info/licenses) by extension 'ignore_ament_install'
[3.151s] Level 1:colcon.colcon_core.package_identification:_identify(venv/lib/python3.12/site-packages/pip-26.1.1.dist-info/licenses) by extensions ['colcon_pkg']
[3.151s] Level 1:colcon.colcon_core.package_identification:_identify(venv/lib/python3.12/site-packages/pip-26.1.1.dist-info/licenses) by extension 'colcon_pkg'
[3.151s] Level 1:colcon.colcon_core.package_identification:_identify(venv/lib/python3.12/site-packages/pip-26.1.1.dist-info/licenses) by extensions ['colcon_meta']
[3.151s] Level 1:colcon.colcon_core.package_identification:_identify(venv/lib/python3.12/site-packages/pip-26.1.1.dist-info/licenses) by extension 'colcon_meta'
[3.151s] Level 1:colcon.colcon_core.package_identification:_identify(venv/lib/python3.12/site-packages/pip-26.1.1.dist-info/licenses) by extensions ['ros']
[3.151s] Level 1:colcon.colcon_core.package_identification:_identify(venv/lib/python3.12/site-packages/pip-26.1.1.dist-info/licenses) by extension 'ros'
[3.152s] Level 1:colcon.colcon_core.package_identification:_identify(venv/lib/python3.12/site-packages/pip-26.1.1.dist-info/licenses) by extensions ['cmake', 'python']
[3.152s] Level 1:colcon.colcon_core.package_identification:_identify(venv/lib/python3.12/site-packages/pip-26.1.1.dist-info/licenses) by extension 'cmake'
[3.152s] Level 1:colcon.colcon_core.package_identification:_identify(venv/lib/python3.12/site-packages/pip-26.1.1.dist-info/licenses) by extension 'python'
[3.152s] Level 1:colcon.colcon_core.package_identification:_identify(venv/lib/python3.12/site-packages/pip-26.1.1.dist-info/licenses) by extensions ['python_setup_py']
[3.152s] Level 1:colcon.colcon_core.package_identification:_identify(venv/lib/python3.12/site-packages/pip-26.1.1.dist-info/licenses) by extension 'python_setup_py'
[3.152s] Level 1:colcon.colcon_core.package_identification:_identify(venv/lib/python3.12/site-packages/pip-26.1.1.dist-info/licenses/src) by extensions ['ignore', 'ignore_ament_install']
[3.152s] Level 1:colcon.colcon_core.package_identification:_identify(venv/lib/python3.12/site-packages/pip-26.1.1.dist-info/licenses/src) by extension 'ignore'
[3.152s] Level 1:colcon.colcon_core.package_identification:_identify(venv/lib/python3.12/site-packages/pip-26.1.1.dist-info/licenses/src) by extension 'ignore_ament_install'
[3.152s] Level 1:colcon.colcon_core.package_identification:_identify(venv/lib/python3.12/site-packages/pip-26.1.1.dist-info/licenses/src) by extensions ['colcon_pkg']
[3.152s] Level 1:colcon.colcon_core.package_identification:_identify(venv/lib/python3.12/site-packages/pip-26.1.1.dist-info/licenses/src) by extension 'colcon_pkg'
[3.152s] Level 1:colcon.colcon_core.package_identification:_identify(venv/lib/python3.12/site-packages/pip-26.1.1.dist-info/licenses/src) by extensions ['colcon_meta']
[3.152s] Level 1:colcon.colcon_core.package_identification:_identify(venv/lib/python3.12/site-packages/pip-26.1.1.dist-info/licenses/src) by extension 'colcon_meta'
[3.152s] Level 1:colcon.colcon_core.package_identification:_identify(venv/lib/python3.12/site-packages/pip-26.1.1.dist-info/licenses/src) by extensions ['ros']
[3.152s] Level 1:colcon.colcon_core.package_identification:_identify(venv/lib/python3.12/site-packages/pip-26.1.1.dist-info/licenses/src) by extension 'ros'
[3.152s] Level 1:colcon.colcon_core.package_identification:_identify(venv/lib/python3.12/site-packages/pip-26.1.1.dist-info/licenses/src) by extensions ['cmake', 'python']
[3.152s] Level 1:colcon.colcon_core.package_identification:_identify(venv/lib/python3.12/site-packages/pip-26.1.1.dist-info/licenses/src) by extension 'cmake'
[3.153s] Level 1:colcon.colcon_core.package_identification:_identify(venv/lib/python3.12/site-packages/pip-26.1.1.dist-info/licenses/src) by extension 'python'
[3.153s] Level 1:colcon.colcon_core.package_identification:_identify(venv/lib/python3.12/site-packages/pip-26.1.1.dist-info/licenses/src) by extensions ['python_setup_py']
[3.153s] Level 1:colcon.colcon_core.package_identification:_identify(venv/lib/python3.12/site-packages/pip-26.1.1.dist-info/licenses/src) by extension 'python_setup_py'
[3.153s] Level 1:colcon.colcon_core.package_identification:_identify(venv/lib/python3.12/site-packages/pip-26.1.1.dist-info/licenses/src/pip) by extensions ['ignore', 'ignore_ament_install']
[3.153s] Level 1:colcon.colcon_core.package_identification:_identify(venv/lib/python3.12/site-packages/pip-26.1.1.dist-info/licenses/src/pip) by extension 'ignore'
[3.153s] Level 1:colcon.colcon_core.package_identification:_identify(venv/lib/python3.12/site-packages/pip-26.1.1.dist-info/licenses/src/pip) by extension 'ignore_ament_install'
[3.153s] Level 1:colcon.colcon_core.package_identification:_identify(venv/lib/python3.12/site-packages/pip-26.1.1.dist-info/licenses/src/pip) by extensions ['colcon_pkg']
[3.153s] Level 1:colcon.colcon_core.package_identification:_identify(venv/lib/python3.12/site-packages/pip-26.1.1.dist-info/licenses/src/pip) by extension 'colcon_pkg'
[3.153s] Level 1:colcon.colcon_core.package_identification:_identify(venv/lib/python3.12/site-packages/pip-26.1.1.dist-info/licenses/src/pip) by extensions ['colcon_meta']
[3.153s] Level 1:colcon.colcon_core.package_identification:_identify(venv/lib/python3.12/site-packages/pip-26.1.1.dist-info/licenses/src/pip) by extension 'colcon_meta'
[3.153s] Level 1:colcon.colcon_core.package_identification:_identify(venv/lib/python3.12/site-packages/pip-26.1.1.dist-info/licenses/src/pip) by extensions ['ros']
[3.153s] Level 1:colcon.colcon_core.package_identification:_identify(venv/lib/python3.12/site-packages/pip-26.1.1.dist-info/licenses/src/pip) by extension 'ros'
[3.153s] Level 1:colcon.colcon_core.package_identification:_identify(venv/lib/python3.12/site-packages/pip-26.1.1.dist-info/licenses/src/pip) by extensions ['cmake', 'python']
[3.153s] Level 1:colcon.colcon_core.package_identification:_identify(venv/lib/python3.12/site-packages/pip-26.1.1.dist-info/licenses/src/pip) by extension 'cmake'
[3.153s] Level 1:colcon.colcon_core.package_identification:_identify(venv/lib/python3.12/site-packages/pip-26.1.1.dist-info/licenses/src/pip) by extension 'python'
[3.153s] Level 1:colcon.colcon_core.package_identification:_identify(venv/lib/python3.12/site-packages/pip-26.1.1.dist-info/licenses/src/pip) by extensions ['python_setup_py']
[3.153s] Level 1:colcon.colcon_core.package_identification:_identify(venv/lib/python3.12/site-packages/pip-26.1.1.dist-info/licenses/src/pip) by extension 'python_setup_py'
[3.154s] Level 1:colcon.colcon_core.package_identification:_identify(venv/lib/python3.12/site-packages/pip-26.1.1.dist-info/licenses/src/pip/_vendor) by extensions ['ignore', 'ignore_ament_install']
[3.154s] Level 1:colcon.colcon_core.package_identification:_identify(venv/lib/python3.12/site-packages/pip-26.1.1.dist-info/licenses/src/pip/_vendor) by extension 'ignore'
[3.154s] Level 1:colcon.colcon_core.package_identification:_identify(venv/lib/python3.12/site-packages/pip-26.1.1.dist-info/licenses/src/pip/_vendor) by extension 'ignore_ament_install'
[3.154s] Level 1:colcon.colcon_core.package_identification:_identify(venv/lib/python3.12/site-packages/pip-26.1.1.dist-info/licenses/src/pip/_vendor) by extensions ['colcon_pkg']
[3.154s] Level 1:colcon.colcon_core.package_identification:_identify(venv/lib/python3.12/site-packages/pip-26.1.1.dist-info/licenses/src/pip/_vendor) by extension 'colcon_pkg'
[3.154s] Level 1:colcon.colcon_core.package_identification:_identify(venv/lib/python3.12/site-packages/pip-26.1.1.dist-info/licenses/src/pip/_vendor) by extensions ['colcon_meta']
[3.154s] Level 1:colcon.colcon_core.package_identification:_identify(venv/lib/python3.12/site-packages/pip-26.1.1.dist-info/licenses/src/pip/_vendor) by extension 'colcon_meta'
[3.154s] Level 1:colcon.colcon_core.package_identification:_identify(venv/lib/python3.12/site-packages/pip-26.1.1.dist-info/licenses/src/pip/_vendor) by extensions ['ros']
[3.154s] Level 1:colcon.colcon_core.package_identification:_identify(venv/lib/python3.12/site-packages/pip-26.1.1.dist-info/licenses/src/pip/_vendor) by extension 'ros'
[3.154s] Level 1:colcon.colcon_core.package_identification:_identify(venv/lib/python3.12/site-packages/pip-26.1.1.dist-info/licenses/src/pip/_vendor) by extensions ['cmake', 'python']
[3.154s] Level 1:colcon.colcon_core.package_identification:_identify(venv/lib/python3.12/site-packages/pip-26.1.1.dist-info/licenses/src/pip/_vendor) by extension 'cmake'
[3.154s] Level 1:colcon.colcon_core.package_identification:_identify(venv/lib/python3.12/site-packages/pip-26.1.1.dist-info/licenses/src/pip/_vendor) by extension 'python'
[3.154s] Level 1:colcon.colcon_core.package_identification:_identify(venv/lib/python3.12/site-packages/pip-26.1.1.dist-info/licenses/src/pip/_vendor) by extensions ['python_setup_py']
[3.154s] Level 1:colcon.colcon_core.package_identification:_identify(venv/lib/python3.12/site-packages/pip-26.1.1.dist-info/licenses/src/pip/_vendor) by extension 'python_setup_py'
[3.155s] Level 1:colcon.colcon_core.package_identification:_identify(venv/lib/python3.12/site-packages/pip-26.1.1.dist-info/licenses/src/pip/_vendor/cachecontrol) by extensions ['ignore', 'ignore_ament_install']
[3.155s] Level 1:colcon.colcon_core.package_identification:_identify(venv/lib/python3.12/site-packages/pip-26.1.1.dist-info/licenses/src/pip/_vendor/cachecontrol) by extension 'ignore'
[3.155s] Level 1:colcon.colcon_core.package_identification:_identify(venv/lib/python3.12/site-packages/pip-26.1.1.dist-info/licenses/src/pip/_vendor/cachecontrol) by extension 'ignore_ament_install'
[3.155s] Level 1:colcon.colcon_core.package_identification:_identify(venv/lib/python3.12/site-packages/pip-26.1.1.dist-info/licenses/src/pip/_vendor/cachecontrol) by extensions ['colcon_pkg']
[3.155s] Level 1:colcon.colcon_core.package_identification:_identify(venv/lib/python3.12/site-packages/pip-26.1.1.dist-info/licenses/src/pip/_vendor/cachecontrol) by extension 'colcon_pkg'
[3.155s] Level 1:colcon.colcon_core.package_identification:_identify(venv/lib/python3.12/site-packages/pip-26.1.1.dist-info/licenses/src/pip/_vendor/cachecontrol) by extensions ['colcon_meta']
[3.155s] Level 1:colcon.colcon_core.package_identification:_identify(venv/lib/python3.12/site-packages/pip-26.1.1.dist-info/licenses/src/pip/_vendor/cachecontrol) by extension 'colcon_meta'
[3.155s] Level 1:colcon.colcon_core.package_identification:_identify(venv/lib/python3.12/site-packages/pip-26.1.1.dist-info/licenses/src/pip/_vendor/cachecontrol) by extensions ['ros']
[3.155s] Level 1:colcon.colcon_core.package_identification:_identify(venv/lib/python3.12/site-packages/pip-26.1.1.dist-info/licenses/src/pip/_vendor/cachecontrol) by extension 'ros'
[3.155s] Level 1:colcon.colcon_core.package_identification:_identify(venv/lib/python3.12/site-packages/pip-26.1.1.dist-info/licenses/src/pip/_vendor/cachecontrol) by extensions ['cmake', 'python']
[3.155s] Level 1:colcon.colcon_core.package_identification:_identify(venv/lib/python3.12/site-packages/pip-26.1.1.dist-info/licenses/src/pip/_vendor/cachecontrol) by extension 'cmake'
[3.155s] Level 1:colcon.colcon_core.package_identification:_identify(venv/lib/python3.12/site-packages/pip-26.1.1.dist-info/licenses/src/pip/_vendor/cachecontrol) by extension 'python'
[3.155s] Level 1:colcon.colcon_core.package_identification:_identify(venv/lib/python3.12/site-packages/pip-26.1.1.dist-info/licenses/src/pip/_vendor/cachecontrol) by extensions ['python_setup_py']
[3.155s] Level 1:colcon.colcon_core.package_identification:_identify(venv/lib/python3.12/site-packages/pip-26.1.1.dist-info/licenses/src/pip/_vendor/cachecontrol) by extension 'python_setup_py'
[3.156s] Level 1:colcon.colcon_core.package_identification:_identify(venv/lib/python3.12/site-packages/pip-26.1.1.dist-info/licenses/src/pip/_vendor/certifi) by extensions ['ignore', 'ignore_ament_install']
[3.156s] Level 1:colcon.colcon_core.package_identification:_identify(venv/lib/python3.12/site-packages/pip-26.1.1.dist-info/licenses/src/pip/_vendor/certifi) by extension 'ignore'
[3.156s] Level 1:colcon.colcon_core.package_identification:_identify(venv/lib/python3.12/site-packages/pip-26.1.1.dist-info/licenses/src/pip/_vendor/certifi) by extension 'ignore_ament_install'
[3.156s] Level 1:colcon.colcon_core.package_identification:_identify(venv/lib/python3.12/site-packages/pip-26.1.1.dist-info/licenses/src/pip/_vendor/certifi) by extensions ['colcon_pkg']
[3.156s] Level 1:colcon.colcon_core.package_identification:_identify(venv/lib/python3.12/site-packages/pip-26.1.1.dist-info/licenses/src/pip/_vendor/certifi) by extension 'colcon_pkg'
[3.156s] Level 1:colcon.colcon_core.package_identification:_identify(venv/lib/python3.12/site-packages/pip-26.1.1.dist-info/licenses/src/pip/_vendor/certifi) by extensions ['colcon_meta']
[3.156s] Level 1:colcon.colcon_core.package_identification:_identify(venv/lib/python3.12/site-packages/pip-26.1.1.dist-info/licenses/src/pip/_vendor/certifi) by extension 'colcon_meta'
[3.156s] Level 1:colcon.colcon_core.package_identification:_identify(venv/lib/python3.12/site-packages/pip-26.1.1.dist-info/licenses/src/pip/_vendor/certifi) by extensions ['ros']
[3.156s] Level 1:colcon.colcon_core.package_identification:_identify(venv/lib/python3.12/site-packages/pip-26.1.1.dist-info/licenses/src/pip/_vendor/certifi) by extension 'ros'
[3.156s] Level 1:colcon.colcon_core.package_identification:_identify(venv/lib/python3.12/site-packages/pip-26.1.1.dist-info/licenses/src/pip/_vendor/certifi) by extensions ['cmake', 'python']
[3.156s] Level 1:colcon.colcon_core.package_identification:_identify(venv/lib/python3.12/site-packages/pip-26.1.1.dist-info/licenses/src/pip/_vendor/certifi) by extension 'cmake'
[3.156s] Level 1:colcon.colcon_core.package_identification:_identify(venv/lib/python3.12/site-packages/pip-26.1.1.dist-info/licenses/src/pip/_vendor/certifi) by extension 'python'
[3.156s] Level 1:colcon.colcon_core.package_identification:_identify(venv/lib/python3.12/site-packages/pip-26.1.1.dist-info/licenses/src/pip/_vendor/certifi) by extensions ['python_setup_py']
[3.156s] Level 1:colcon.colcon_core.package_identification:_identify(venv/lib/python3.12/site-packages/pip-26.1.1.dist-info/licenses/src/pip/_vendor/certifi) by extension 'python_setup_py'
[3.156s] Level 1:colcon.colcon_core.package_identification:_identify(venv/lib/python3.12/site-packages/pip-26.1.1.dist-info/licenses/src/pip/_vendor/distlib) by extensions ['ignore', 'ignore_ament_install']
[3.157s] Level 1:colcon.colcon_core.package_identification:_identify(venv/lib/python3.12/site-packages/pip-26.1.1.dist-info/licenses/src/pip/_vendor/distlib) by extension 'ignore'
[3.157s] Level 1:colcon.colcon_core.package_identification:_identify(venv/lib/python3.12/site-packages/pip-26.1.1.dist-info/licenses/src/pip/_vendor/distlib) by extension 'ignore_ament_install'
[3.157s] Level 1:colcon.colcon_core.package_identification:_identify(venv/lib/python3.12/site-packages/pip-26.1.1.dist-info/licenses/src/pip/_vendor/distlib) by extensions ['colcon_pkg']
[3.157s] Level 1:colcon.colcon_core.package_identification:_identify(venv/lib/python3.12/site-packages/pip-26.1.1.dist-info/licenses/src/pip/_vendor/distlib) by extension 'colcon_pkg'
[3.157s] Level 1:colcon.colcon_core.package_identification:_identify(venv/lib/python3.12/site-packages/pip-26.1.1.dist-info/licenses/src/pip/_vendor/distlib) by extensions ['colcon_meta']
[3.157s] Level 1:colcon.colcon_core.package_identification:_identify(venv/lib/python3.12/site-packages/pip-26.1.1.dist-info/licenses/src/pip/_vendor/distlib) by extension 'colcon_meta'
[3.157s] Level 1:colcon.colcon_core.package_identification:_identify(venv/lib/python3.12/site-packages/pip-26.1.1.dist-info/licenses/src/pip/_vendor/distlib) by extensions ['ros']
[3.157s] Level 1:colcon.colcon_core.package_identification:_identify(venv/lib/python3.12/site-packages/pip-26.1.1.dist-info/licenses/src/pip/_vendor/distlib) by extension 'ros'
[3.157s] Level 1:colcon.colcon_core.package_identification:_identify(venv/lib/python3.12/site-packages/pip-26.1.1.dist-info/licenses/src/pip/_vendor/distlib) by extensions ['cmake', 'python']
[3.157s] Level 1:colcon.colcon_core.package_identification:_identify(venv/lib/python3.12/site-packages/pip-26.1.1.dist-info/licenses/src/pip/_vendor/distlib) by extension 'cmake'
[3.157s] Level 1:colcon.colcon_core.package_identification:_identify(venv/lib/python3.12/site-packages/pip-26.1.1.dist-info/licenses/src/pip/_vendor/distlib) by extension 'python'
[3.157s] Level 1:colcon.colcon_core.package_identification:_identify(venv/lib/python3.12/site-packages/pip-26.1.1.dist-info/licenses/src/pip/_vendor/distlib) by extensions ['python_setup_py']
[3.157s] Level 1:colcon.colcon_core.package_identification:_identify(venv/lib/python3.12/site-packages/pip-26.1.1.dist-info/licenses/src/pip/_vendor/distlib) by extension 'python_setup_py'
[3.157s] Level 1:colcon.colcon_core.package_identification:_identify(venv/lib/python3.12/site-packages/pip-26.1.1.dist-info/licenses/src/pip/_vendor/distro) by extensions ['ignore', 'ignore_ament_install']
[3.157s] Level 1:colcon.colcon_core.package_identification:_identify(venv/lib/python3.12/site-packages/pip-26.1.1.dist-info/licenses/src/pip/_vendor/distro) by extension 'ignore'
[3.158s] Level 1:colcon.colcon_core.package_identification:_identify(venv/lib/python3.12/site-packages/pip-26.1.1.dist-info/licenses/src/pip/_vendor/distro) by extension 'ignore_ament_install'
[3.158s] Level 1:colcon.colcon_core.package_identification:_identify(venv/lib/python3.12/site-packages/pip-26.1.1.dist-info/licenses/src/pip/_vendor/distro) by extensions ['colcon_pkg']
[3.158s] Level 1:colcon.colcon_core.package_identification:_identify(venv/lib/python3.12/site-packages/pip-26.1.1.dist-info/licenses/src/pip/_vendor/distro) by extension 'colcon_pkg'
[3.158s] Level 1:colcon.colcon_core.package_identification:_identify(venv/lib/python3.12/site-packages/pip-26.1.1.dist-info/licenses/src/pip/_vendor/distro) by extensions ['colcon_meta']
[3.158s] Level 1:colcon.colcon_core.package_identification:_identify(venv/lib/python3.12/site-packages/pip-26.1.1.dist-info/licenses/src/pip/_vendor/distro) by extension 'colcon_meta'
[3.158s] Level 1:colcon.colcon_core.package_identification:_identify(venv/lib/python3.12/site-packages/pip-26.1.1.dist-info/licenses/src/pip/_vendor/distro) by extensions ['ros']
[3.158s] Level 1:colcon.colcon_core.package_identification:_identify(venv/lib/python3.12/site-packages/pip-26.1.1.dist-info/licenses/src/pip/_vendor/distro) by extension 'ros'
[3.158s] Level 1:colcon.colcon_core.package_identification:_identify(venv/lib/python3.12/site-packages/pip-26.1.1.dist-info/licenses/src/pip/_vendor/distro) by extensions ['cmake', 'python']
[3.158s] Level 1:colcon.colcon_core.package_identification:_identify(venv/lib/python3.12/site-packages/pip-26.1.1.dist-info/licenses/src/pip/_vendor/distro) by extension 'cmake'
[3.158s] Level 1:colcon.colcon_core.package_identification:_identify(venv/lib/python3.12/site-packages/pip-26.1.1.dist-info/licenses/src/pip/_vendor/distro) by extension 'python'
[3.158s] Level 1:colcon.colcon_core.package_identification:_identify(venv/lib/python3.12/site-packages/pip-26.1.1.dist-info/licenses/src/pip/_vendor/distro) by extensions ['python_setup_py']
[3.158s] Level 1:colcon.colcon_core.package_identification:_identify(venv/lib/python3.12/site-packages/pip-26.1.1.dist-info/licenses/src/pip/_vendor/distro) by extension 'python_setup_py'
[3.158s] Level 1:colcon.colcon_core.package_identification:_identify(venv/lib/python3.12/site-packages/pip-26.1.1.dist-info/licenses/src/pip/_vendor/idna) by extensions ['ignore', 'ignore_ament_install']
[3.158s] Level 1:colcon.colcon_core.package_identification:_identify(venv/lib/python3.12/site-packages/pip-26.1.1.dist-info/licenses/src/pip/_vendor/idna) by extension 'ignore'
[3.158s] Level 1:colcon.colcon_core.package_identification:_identify(venv/lib/python3.12/site-packages/pip-26.1.1.dist-info/licenses/src/pip/_vendor/idna) by extension 'ignore_ament_install'
[3.159s] Level 1:colcon.colcon_core.package_identification:_identify(venv/lib/python3.12/site-packages/pip-26.1.1.dist-info/licenses/src/pip/_vendor/idna) by extensions ['colcon_pkg']
[3.159s] Level 1:colcon.colcon_core.package_identification:_identify(venv/lib/python3.12/site-packages/pip-26.1.1.dist-info/licenses/src/pip/_vendor/idna) by extension 'colcon_pkg'
[3.159s] Level 1:colcon.colcon_core.package_identification:_identify(venv/lib/python3.12/site-packages/pip-26.1.1.dist-info/licenses/src/pip/_vendor/idna) by extensions ['colcon_meta']
[3.159s] Level 1:colcon.colcon_core.package_identification:_identify(venv/lib/python3.12/site-packages/pip-26.1.1.dist-info/licenses/src/pip/_vendor/idna) by extension 'colcon_meta'
[3.159s] Level 1:colcon.colcon_core.package_identification:_identify(venv/lib/python3.12/site-packages/pip-26.1.1.dist-info/licenses/src/pip/_vendor/idna) by extensions ['ros']
[3.159s] Level 1:colcon.colcon_core.package_identification:_identify(venv/lib/python3.12/site-packages/pip-26.1.1.dist-info/licenses/src/pip/_vendor/idna) by extension 'ros'
[3.159s] Level 1:colcon.colcon_core.package_identification:_identify(venv/lib/python3.12/site-packages/pip-26.1.1.dist-info/licenses/src/pip/_vendor/idna) by extensions ['cmake', 'python']
[3.159s] Level 1:colcon.colcon_core.package_identification:_identify(venv/lib/python3.12/site-packages/pip-26.1.1.dist-info/licenses/src/pip/_vendor/idna) by extension 'cmake'
[3.159s] Level 1:colcon.colcon_core.package_identification:_identify(venv/lib/python3.12/site-packages/pip-26.1.1.dist-info/licenses/src/pip/_vendor/idna) by extension 'python'
[3.159s] Level 1:colcon.colcon_core.package_identification:_identify(venv/lib/python3.12/site-packages/pip-26.1.1.dist-info/licenses/src/pip/_vendor/idna) by extensions ['python_setup_py']
[3.159s] Level 1:colcon.colcon_core.package_identification:_identify(venv/lib/python3.12/site-packages/pip-26.1.1.dist-info/licenses/src/pip/_vendor/idna) by extension 'python_setup_py'
[3.159s] Level 1:colcon.colcon_core.package_identification:_identify(venv/lib/python3.12/site-packages/pip-26.1.1.dist-info/licenses/src/pip/_vendor/msgpack) by extensions ['ignore', 'ignore_ament_install']
[3.159s] Level 1:colcon.colcon_core.package_identification:_identify(venv/lib/python3.12/site-packages/pip-26.1.1.dist-info/licenses/src/pip/_vendor/msgpack) by extension 'ignore'
[3.159s] Level 1:colcon.colcon_core.package_identification:_identify(venv/lib/python3.12/site-packages/pip-26.1.1.dist-info/licenses/src/pip/_vendor/msgpack) by extension 'ignore_ament_install'
[3.159s] Level 1:colcon.colcon_core.package_identification:_identify(venv/lib/python3.12/site-packages/pip-26.1.1.dist-info/licenses/src/pip/_vendor/msgpack) by extensions ['colcon_pkg']
[3.159s] Level 1:colcon.colcon_core.package_identification:_identify(venv/lib/python3.12/site-packages/pip-26.1.1.dist-info/licenses/src/pip/_vendor/msgpack) by extension 'colcon_pkg'
[3.159s] Level 1:colcon.colcon_core.package_identification:_identify(venv/lib/python3.12/site-packages/pip-26.1.1.dist-info/licenses/src/pip/_vendor/msgpack) by extensions ['colcon_meta']
[3.160s] Level 1:colcon.colcon_core.package_identification:_identify(venv/lib/python3.12/site-packages/pip-26.1.1.dist-info/licenses/src/pip/_vendor/msgpack) by extension 'colcon_meta'
[3.160s] Level 1:colcon.colcon_core.package_identification:_identify(venv/lib/python3.12/site-packages/pip-26.1.1.dist-info/licenses/src/pip/_vendor/msgpack) by extensions ['ros']
[3.160s] Level 1:colcon.colcon_core.package_identification:_identify(venv/lib/python3.12/site-packages/pip-26.1.1.dist-info/licenses/src/pip/_vendor/msgpack) by extension 'ros'
[3.160s] Level 1:colcon.colcon_core.package_identification:_identify(venv/lib/python3.12/site-packages/pip-26.1.1.dist-info/licenses/src/pip/_vendor/msgpack) by extensions ['cmake', 'python']
[3.160s] Level 1:colcon.colcon_core.package_identification:_identify(venv/lib/python3.12/site-packages/pip-26.1.1.dist-info/licenses/src/pip/_vendor/msgpack) by extension 'cmake'
[3.160s] Level 1:colcon.colcon_core.package_identification:_identify(venv/lib/python3.12/site-packages/pip-26.1.1.dist-info/licenses/src/pip/_vendor/msgpack) by extension 'python'
[3.160s] Level 1:colcon.colcon_core.package_identification:_identify(venv/lib/python3.12/site-packages/pip-26.1.1.dist-info/licenses/src/pip/_vendor/msgpack) by extensions ['python_setup_py']
[3.160s] Level 1:colcon.colcon_core.package_identification:_identify(venv/lib/python3.12/site-packages/pip-26.1.1.dist-info/licenses/src/pip/_vendor/msgpack) by extension 'python_setup_py'
[3.160s] Level 1:colcon.colcon_core.package_identification:_identify(venv/lib/python3.12/site-packages/pip-26.1.1.dist-info/licenses/src/pip/_vendor/packaging) by extensions ['ignore', 'ignore_ament_install']
[3.160s] Level 1:colcon.colcon_core.package_identification:_identify(venv/lib/python3.12/site-packages/pip-26.1.1.dist-info/licenses/src/pip/_vendor/packaging) by extension 'ignore'
[3.160s] Level 1:colcon.colcon_core.package_identification:_identify(venv/lib/python3.12/site-packages/pip-26.1.1.dist-info/licenses/src/pip/_vendor/packaging) by extension 'ignore_ament_install'
[3.160s] Level 1:colcon.colcon_core.package_identification:_identify(venv/lib/python3.12/site-packages/pip-26.1.1.dist-info/licenses/src/pip/_vendor/packaging) by extensions ['colcon_pkg']
[3.160s] Level 1:colcon.colcon_core.package_identification:_identify(venv/lib/python3.12/site-packages/pip-26.1.1.dist-info/licenses/src/pip/_vendor/packaging) by extension 'colcon_pkg'
[3.160s] Level 1:colcon.colcon_core.package_identification:_identify(venv/lib/python3.12/site-packages/pip-26.1.1.dist-info/licenses/src/pip/_vendor/packaging) by extensions ['colcon_meta']
[3.160s] Level 1:colcon.colcon_core.package_identification:_identify(venv/lib/python3.12/site-packages/pip-26.1.1.dist-info/licenses/src/pip/_vendor/packaging) by extension 'colcon_meta'
[3.160s] Level 1:colcon.colcon_core.package_identification:_identify(venv/lib/python3.12/site-packages/pip-26.1.1.dist-info/licenses/src/pip/_vendor/packaging) by extensions ['ros']
[3.161s] Level 1:colcon.colcon_core.package_identification:_identify(venv/lib/python3.12/site-packages/pip-26.1.1.dist-info/licenses/src/pip/_vendor/packaging) by extension 'ros'
[3.161s] Level 1:colcon.colcon_core.package_identification:_identify(venv/lib/python3.12/site-packages/pip-26.1.1.dist-info/licenses/src/pip/_vendor/packaging) by extensions ['cmake', 'python']
[3.161s] Level 1:colcon.colcon_core.package_identification:_identify(venv/lib/python3.12/site-packages/pip-26.1.1.dist-info/licenses/src/pip/_vendor/packaging) by extension 'cmake'
[3.161s] Level 1:colcon.colcon_core.package_identification:_identify(venv/lib/python3.12/site-packages/pip-26.1.1.dist-info/licenses/src/pip/_vendor/packaging) by extension 'python'
[3.161s] Level 1:colcon.colcon_core.package_identification:_identify(venv/lib/python3.12/site-packages/pip-26.1.1.dist-info/licenses/src/pip/_vendor/packaging) by extensions ['python_setup_py']
[3.161s] Level 1:colcon.colcon_core.package_identification:_identify(venv/lib/python3.12/site-packages/pip-26.1.1.dist-info/licenses/src/pip/_vendor/packaging) by extension 'python_setup_py'
[3.161s] Level 1:colcon.colcon_core.package_identification:_identify(venv/lib/python3.12/site-packages/pip-26.1.1.dist-info/licenses/src/pip/_vendor/pkg_resources) by extensions ['ignore', 'ignore_ament_install']
[3.161s] Level 1:colcon.colcon_core.package_identification:_identify(venv/lib/python3.12/site-packages/pip-26.1.1.dist-info/licenses/src/pip/_vendor/pkg_resources) by extension 'ignore'
[3.161s] Level 1:colcon.colcon_core.package_identification:_identify(venv/lib/python3.12/site-packages/pip-26.1.1.dist-info/licenses/src/pip/_vendor/pkg_resources) by extension 'ignore_ament_install'
[3.161s] Level 1:colcon.colcon_core.package_identification:_identify(venv/lib/python3.12/site-packages/pip-26.1.1.dist-info/licenses/src/pip/_vendor/pkg_resources) by extensions ['colcon_pkg']
[3.161s] Level 1:colcon.colcon_core.package_identification:_identify(venv/lib/python3.12/site-packages/pip-26.1.1.dist-info/licenses/src/pip/_vendor/pkg_resources) by extension 'colcon_pkg'
[3.161s] Level 1:colcon.colcon_core.package_identification:_identify(venv/lib/python3.12/site-packages/pip-26.1.1.dist-info/licenses/src/pip/_vendor/pkg_resources) by extensions ['colcon_meta']
[3.161s] Level 1:colcon.colcon_core.package_identification:_identify(venv/lib/python3.12/site-packages/pip-26.1.1.dist-info/licenses/src/pip/_vendor/pkg_resources) by extension 'colcon_meta'
[3.161s] Level 1:colcon.colcon_core.package_identification:_identify(venv/lib/python3.12/site-packages/pip-26.1.1.dist-info/licenses/src/pip/_vendor/pkg_resources) by extensions ['ros']
[3.162s] Level 1:colcon.colcon_core.package_identification:_identify(venv/lib/python3.12/site-packages/pip-26.1.1.dist-info/licenses/src/pip/_vendor/pkg_resources) by extension 'ros'
[3.162s] Level 1:colcon.colcon_core.package_identification:_identify(venv/lib/python3.12/site-packages/pip-26.1.1.dist-info/licenses/src/pip/_vendor/pkg_resources) by extensions ['cmake', 'python']
[3.162s] Level 1:colcon.colcon_core.package_identification:_identify(venv/lib/python3.12/site-packages/pip-26.1.1.dist-info/licenses/src/pip/_vendor/pkg_resources) by extension 'cmake'
[3.162s] Level 1:colcon.colcon_core.package_identification:_identify(venv/lib/python3.12/site-packages/pip-26.1.1.dist-info/licenses/src/pip/_vendor/pkg_resources) by extension 'python'
[3.162s] Level 1:colcon.colcon_core.package_identification:_identify(venv/lib/python3.12/site-packages/pip-26.1.1.dist-info/licenses/src/pip/_vendor/pkg_resources) by extensions ['python_setup_py']
[3.162s] Level 1:colcon.colcon_core.package_identification:_identify(venv/lib/python3.12/site-packages/pip-26.1.1.dist-info/licenses/src/pip/_vendor/pkg_resources) by extension 'python_setup_py'
[3.162s] Level 1:colcon.colcon_core.package_identification:_identify(venv/lib/python3.12/site-packages/pip-26.1.1.dist-info/licenses/src/pip/_vendor/platformdirs) by extensions ['ignore', 'ignore_ament_install']
[3.162s] Level 1:colcon.colcon_core.package_identification:_identify(venv/lib/python3.12/site-packages/pip-26.1.1.dist-info/licenses/src/pip/_vendor/platformdirs) by extension 'ignore'
[3.162s] Level 1:colcon.colcon_core.package_identification:_identify(venv/lib/python3.12/site-packages/pip-26.1.1.dist-info/licenses/src/pip/_vendor/platformdirs) by extension 'ignore_ament_install'
[3.162s] Level 1:colcon.colcon_core.package_identification:_identify(venv/lib/python3.12/site-packages/pip-26.1.1.dist-info/licenses/src/pip/_vendor/platformdirs) by extensions ['colcon_pkg']
[3.162s] Level 1:colcon.colcon_core.package_identification:_identify(venv/lib/python3.12/site-packages/pip-26.1.1.dist-info/licenses/src/pip/_vendor/platformdirs) by extension 'colcon_pkg'
[3.162s] Level 1:colcon.colcon_core.package_identification:_identify(venv/lib/python3.12/site-packages/pip-26.1.1.dist-info/licenses/src/pip/_vendor/platformdirs) by extensions ['colcon_meta']
[3.162s] Level 1:colcon.colcon_core.package_identification:_identify(venv/lib/python3.12/site-packages/pip-26.1.1.dist-info/licenses/src/pip/_vendor/platformdirs) by extension 'colcon_meta'
[3.162s] Level 1:colcon.colcon_core.package_identification:_identify(venv/lib/python3.12/site-packages/pip-26.1.1.dist-info/licenses/src/pip/_vendor/platformdirs) by extensions ['ros']
[3.162s] Level 1:colcon.colcon_core.package_identification:_identify(venv/lib/python3.12/site-packages/pip-26.1.1.dist-info/licenses/src/pip/_vendor/platformdirs) by extension 'ros'
[3.163s] Level 1:colcon.colcon_core.package_identification:_identify(venv/lib/python3.12/site-packages/pip-26.1.1.dist-info/licenses/src/pip/_vendor/platformdirs) by extensions ['cmake', 'python']
[3.163s] Level 1:colcon.colcon_core.package_identification:_identify(venv/lib/python3.12/site-packages/pip-26.1.1.dist-info/licenses/src/pip/_vendor/platformdirs) by extension 'cmake'
[3.163s] Level 1:colcon.colcon_core.package_identification:_identify(venv/lib/python3.12/site-packages/pip-26.1.1.dist-info/licenses/src/pip/_vendor/platformdirs) by extension 'python'
[3.163s] Level 1:colcon.colcon_core.package_identification:_identify(venv/lib/python3.12/site-packages/pip-26.1.1.dist-info/licenses/src/pip/_vendor/platformdirs) by extensions ['python_setup_py']
[3.163s] Level 1:colcon.colcon_core.package_identification:_identify(venv/lib/python3.12/site-packages/pip-26.1.1.dist-info/licenses/src/pip/_vendor/platformdirs) by extension 'python_setup_py'
[3.163s] Level 1:colcon.colcon_core.package_identification:_identify(venv/lib/python3.12/site-packages/pip-26.1.1.dist-info/licenses/src/pip/_vendor/pygments) by extensions ['ignore', 'ignore_ament_install']
[3.163s] Level 1:colcon.colcon_core.package_identification:_identify(venv/lib/python3.12/site-packages/pip-26.1.1.dist-info/licenses/src/pip/_vendor/pygments) by extension 'ignore'
[3.163s] Level 1:colcon.colcon_core.package_identification:_identify(venv/lib/python3.12/site-packages/pip-26.1.1.dist-info/licenses/src/pip/_vendor/pygments) by extension 'ignore_ament_install'
[3.163s] Level 1:colcon.colcon_core.package_identification:_identify(venv/lib/python3.12/site-packages/pip-26.1.1.dist-info/licenses/src/pip/_vendor/pygments) by extensions ['colcon_pkg']
[3.163s] Level 1:colcon.colcon_core.package_identification:_identify(venv/lib/python3.12/site-packages/pip-26.1.1.dist-info/licenses/src/pip/_vendor/pygments) by extension 'colcon_pkg'
[3.163s] Level 1:colcon.colcon_core.package_identification:_identify(venv/lib/python3.12/site-packages/pip-26.1.1.dist-info/licenses/src/pip/_vendor/pygments) by extensions ['colcon_meta']
[3.163s] Level 1:colcon.colcon_core.package_identification:_identify(venv/lib/python3.12/site-packages/pip-26.1.1.dist-info/licenses/src/pip/_vendor/pygments) by extension 'colcon_meta'
[3.163s] Level 1:colcon.colcon_core.package_identification:_identify(venv/lib/python3.12/site-packages/pip-26.1.1.dist-info/licenses/src/pip/_vendor/pygments) by extensions ['ros']
[3.163s] Level 1:colcon.colcon_core.package_identification:_identify(venv/lib/python3.12/site-packages/pip-26.1.1.dist-info/licenses/src/pip/_vendor/pygments) by extension 'ros'
[3.163s] Level 1:colcon.colcon_core.package_identification:_identify(venv/lib/python3.12/site-packages/pip-26.1.1.dist-info/licenses/src/pip/_vendor/pygments) by extensions ['cmake', 'python']
[3.163s] Level 1:colcon.colcon_core.package_identification:_identify(venv/lib/python3.12/site-packages/pip-26.1.1.dist-info/licenses/src/pip/_vendor/pygments) by extension 'cmake'
[3.164s] Level 1:colcon.colcon_core.package_identification:_identify(venv/lib/python3.12/site-packages/pip-26.1.1.dist-info/licenses/src/pip/_vendor/pygments) by extension 'python'
[3.164s] Level 1:colcon.colcon_core.package_identification:_identify(venv/lib/python3.12/site-packages/pip-26.1.1.dist-info/licenses/src/pip/_vendor/pygments) by extensions ['python_setup_py']
[3.164s] Level 1:colcon.colcon_core.package_identification:_identify(venv/lib/python3.12/site-packages/pip-26.1.1.dist-info/licenses/src/pip/_vendor/pygments) by extension 'python_setup_py'
[3.164s] Level 1:colcon.colcon_core.package_identification:_identify(venv/lib/python3.12/site-packages/pip-26.1.1.dist-info/licenses/src/pip/_vendor/pyproject_hooks) by extensions ['ignore', 'ignore_ament_install']
[3.164s] Level 1:colcon.colcon_core.package_identification:_identify(venv/lib/python3.12/site-packages/pip-26.1.1.dist-info/licenses/src/pip/_vendor/pyproject_hooks) by extension 'ignore'
[3.164s] Level 1:colcon.colcon_core.package_identification:_identify(venv/lib/python3.12/site-packages/pip-26.1.1.dist-info/licenses/src/pip/_vendor/pyproject_hooks) by extension 'ignore_ament_install'
[3.164s] Level 1:colcon.colcon_core.package_identification:_identify(venv/lib/python3.12/site-packages/pip-26.1.1.dist-info/licenses/src/pip/_vendor/pyproject_hooks) by extensions ['colcon_pkg']
[3.164s] Level 1:colcon.colcon_core.package_identification:_identify(venv/lib/python3.12/site-packages/pip-26.1.1.dist-info/licenses/src/pip/_vendor/pyproject_hooks) by extension 'colcon_pkg'
[3.164s] Level 1:colcon.colcon_core.package_identification:_identify(venv/lib/python3.12/site-packages/pip-26.1.1.dist-info/licenses/src/pip/_vendor/pyproject_hooks) by extensions ['colcon_meta']
[3.164s] Level 1:colcon.colcon_core.package_identification:_identify(venv/lib/python3.12/site-packages/pip-26.1.1.dist-info/licenses/src/pip/_vendor/pyproject_hooks) by extension 'colcon_meta'
[3.164s] Level 1:colcon.colcon_core.package_identification:_identify(venv/lib/python3.12/site-packages/pip-26.1.1.dist-info/licenses/src/pip/_vendor/pyproject_hooks) by extensions ['ros']
[3.164s] Level 1:colcon.colcon_core.package_identification:_identify(venv/lib/python3.12/site-packages/pip-26.1.1.dist-info/licenses/src/pip/_vendor/pyproject_hooks) by extension 'ros'
[3.164s] Level 1:colcon.colcon_core.package_identification:_identify(venv/lib/python3.12/site-packages/pip-26.1.1.dist-info/licenses/src/pip/_vendor/pyproject_hooks) by extensions ['cmake', 'python']
[3.164s] Level 1:colcon.colcon_core.package_identification:_identify(venv/lib/python3.12/site-packages/pip-26.1.1.dist-info/licenses/src/pip/_vendor/pyproject_hooks) by extension 'cmake'
[3.164s] Level 1:colcon.colcon_core.package_identification:_identify(venv/lib/python3.12/site-packages/pip-26.1.1.dist-info/licenses/src/pip/_vendor/pyproject_hooks) by extension 'python'
[3.164s] Level 1:colcon.colcon_core.package_identification:_identify(venv/lib/python3.12/site-packages/pip-26.1.1.dist-info/licenses/src/pip/_vendor/pyproject_hooks) by extensions ['python_setup_py']
[3.165s] Level 1:colcon.colcon_core.package_identification:_identify(venv/lib/python3.12/site-packages/pip-26.1.1.dist-info/licenses/src/pip/_vendor/pyproject_hooks) by extension 'python_setup_py'
[3.165s] Level 1:colcon.colcon_core.package_identification:_identify(venv/lib/python3.12/site-packages/pip-26.1.1.dist-info/licenses/src/pip/_vendor/requests) by extensions ['ignore', 'ignore_ament_install']
[3.165s] Level 1:colcon.colcon_core.package_identification:_identify(venv/lib/python3.12/site-packages/pip-26.1.1.dist-info/licenses/src/pip/_vendor/requests) by extension 'ignore'
[3.165s] Level 1:colcon.colcon_core.package_identification:_identify(venv/lib/python3.12/site-packages/pip-26.1.1.dist-info/licenses/src/pip/_vendor/requests) by extension 'ignore_ament_install'
[3.165s] Level 1:colcon.colcon_core.package_identification:_identify(venv/lib/python3.12/site-packages/pip-26.1.1.dist-info/licenses/src/pip/_vendor/requests) by extensions ['colcon_pkg']
[3.165s] Level 1:colcon.colcon_core.package_identification:_identify(venv/lib/python3.12/site-packages/pip-26.1.1.dist-info/licenses/src/pip/_vendor/requests) by extension 'colcon_pkg'
[3.165s] Level 1:colcon.colcon_core.package_identification:_identify(venv/lib/python3.12/site-packages/pip-26.1.1.dist-info/licenses/src/pip/_vendor/requests) by extensions ['colcon_meta']
[3.165s] Level 1:colcon.colcon_core.package_identification:_identify(venv/lib/python3.12/site-packages/pip-26.1.1.dist-info/licenses/src/pip/_vendor/requests) by extension 'colcon_meta'
[3.165s] Level 1:colcon.colcon_core.package_identification:_identify(venv/lib/python3.12/site-packages/pip-26.1.1.dist-info/licenses/src/pip/_vendor/requests) by extensions ['ros']
[3.165s] Level 1:colcon.colcon_core.package_identification:_identify(venv/lib/python3.12/site-packages/pip-26.1.1.dist-info/licenses/src/pip/_vendor/requests) by extension 'ros'
[3.165s] Level 1:colcon.colcon_core.package_identification:_identify(venv/lib/python3.12/site-packages/pip-26.1.1.dist-info/licenses/src/pip/_vendor/requests) by extensions ['cmake', 'python']
[3.165s] Level 1:colcon.colcon_core.package_identification:_identify(venv/lib/python3.12/site-packages/pip-26.1.1.dist-info/licenses/src/pip/_vendor/requests) by extension 'cmake'
[3.165s] Level 1:colcon.colcon_core.package_identification:_identify(venv/lib/python3.12/site-packages/pip-26.1.1.dist-info/licenses/src/pip/_vendor/requests) by extension 'python'
[3.165s] Level 1:colcon.colcon_core.package_identification:_identify(venv/lib/python3.12/site-packages/pip-26.1.1.dist-info/licenses/src/pip/_vendor/requests) by extensions ['python_setup_py']
[3.165s] Level 1:colcon.colcon_core.package_identification:_identify(venv/lib/python3.12/site-packages/pip-26.1.1.dist-info/licenses/src/pip/_vendor/requests) by extension 'python_setup_py'
[3.166s] Level 1:colcon.colcon_core.package_identification:_identify(venv/lib/python3.12/site-packages/pip-26.1.1.dist-info/licenses/src/pip/_vendor/resolvelib) by extensions ['ignore', 'ignore_ament_install']
[3.166s] Level 1:colcon.colcon_core.package_identification:_identify(venv/lib/python3.12/site-packages/pip-26.1.1.dist-info/licenses/src/pip/_vendor/resolvelib) by extension 'ignore'
[3.166s] Level 1:colcon.colcon_core.package_identification:_identify(venv/lib/python3.12/site-packages/pip-26.1.1.dist-info/licenses/src/pip/_vendor/resolvelib) by extension 'ignore_ament_install'
[3.166s] Level 1:colcon.colcon_core.package_identification:_identify(venv/lib/python3.12/site-packages/pip-26.1.1.dist-info/licenses/src/pip/_vendor/resolvelib) by extensions ['colcon_pkg']
[3.166s] Level 1:colcon.colcon_core.package_identification:_identify(venv/lib/python3.12/site-packages/pip-26.1.1.dist-info/licenses/src/pip/_vendor/resolvelib) by extension 'colcon_pkg'
[3.166s] Level 1:colcon.colcon_core.package_identification:_identify(venv/lib/python3.12/site-packages/pip-26.1.1.dist-info/licenses/src/pip/_vendor/resolvelib) by extensions ['colcon_meta']
[3.166s] Level 1:colcon.colcon_core.package_identification:_identify(venv/lib/python3.12/site-packages/pip-26.1.1.dist-info/licenses/src/pip/_vendor/resolvelib) by extension 'colcon_meta'
[3.166s] Level 1:colcon.colcon_core.package_identification:_identify(venv/lib/python3.12/site-packages/pip-26.1.1.dist-info/licenses/src/pip/_vendor/resolvelib) by extensions ['ros']
[3.166s] Level 1:colcon.colcon_core.package_identification:_identify(venv/lib/python3.12/site-packages/pip-26.1.1.dist-info/licenses/src/pip/_vendor/resolvelib) by extension 'ros'
[3.166s] Level 1:colcon.colcon_core.package_identification:_identify(venv/lib/python3.12/site-packages/pip-26.1.1.dist-info/licenses/src/pip/_vendor/resolvelib) by extensions ['cmake', 'python']
[3.166s] Level 1:colcon.colcon_core.package_identification:_identify(venv/lib/python3.12/site-packages/pip-26.1.1.dist-info/licenses/src/pip/_vendor/resolvelib) by extension 'cmake'
[3.166s] Level 1:colcon.colcon_core.package_identification:_identify(venv/lib/python3.12/site-packages/pip-26.1.1.dist-info/licenses/src/pip/_vendor/resolvelib) by extension 'python'
[3.166s] Level 1:colcon.colcon_core.package_identification:_identify(venv/lib/python3.12/site-packages/pip-26.1.1.dist-info/licenses/src/pip/_vendor/resolvelib) by extensions ['python_setup_py']
[3.166s] Level 1:colcon.colcon_core.package_identification:_identify(venv/lib/python3.12/site-packages/pip-26.1.1.dist-info/licenses/src/pip/_vendor/resolvelib) by extension 'python_setup_py'
[3.166s] Level 1:colcon.colcon_core.package_identification:_identify(venv/lib/python3.12/site-packages/pip-26.1.1.dist-info/licenses/src/pip/_vendor/rich) by extensions ['ignore', 'ignore_ament_install']
[3.167s] Level 1:colcon.colcon_core.package_identification:_identify(venv/lib/python3.12/site-packages/pip-26.1.1.dist-info/licenses/src/pip/_vendor/rich) by extension 'ignore'
[3.167s] Level 1:colcon.colcon_core.package_identification:_identify(venv/lib/python3.12/site-packages/pip-26.1.1.dist-info/licenses/src/pip/_vendor/rich) by extension 'ignore_ament_install'
[3.167s] Level 1:colcon.colcon_core.package_identification:_identify(venv/lib/python3.12/site-packages/pip-26.1.1.dist-info/licenses/src/pip/_vendor/rich) by extensions ['colcon_pkg']
[3.167s] Level 1:colcon.colcon_core.package_identification:_identify(venv/lib/python3.12/site-packages/pip-26.1.1.dist-info/licenses/src/pip/_vendor/rich) by extension 'colcon_pkg'
[3.167s] Level 1:colcon.colcon_core.package_identification:_identify(venv/lib/python3.12/site-packages/pip-26.1.1.dist-info/licenses/src/pip/_vendor/rich) by extensions ['colcon_meta']
[3.167s] Level 1:colcon.colcon_core.package_identification:_identify(venv/lib/python3.12/site-packages/pip-26.1.1.dist-info/licenses/src/pip/_vendor/rich) by extension 'colcon_meta'
[3.167s] Level 1:colcon.colcon_core.package_identification:_identify(venv/lib/python3.12/site-packages/pip-26.1.1.dist-info/licenses/src/pip/_vendor/rich) by extensions ['ros']
[3.167s] Level 1:colcon.colcon_core.package_identification:_identify(venv/lib/python3.12/site-packages/pip-26.1.1.dist-info/licenses/src/pip/_vendor/rich) by extension 'ros'
[3.167s] Level 1:colcon.colcon_core.package_identification:_identify(venv/lib/python3.12/site-packages/pip-26.1.1.dist-info/licenses/src/pip/_vendor/rich) by extensions ['cmake', 'python']
[3.167s] Level 1:colcon.colcon_core.package_identification:_identify(venv/lib/python3.12/site-packages/pip-26.1.1.dist-info/licenses/src/pip/_vendor/rich) by extension 'cmake'
[3.167s] Level 1:colcon.colcon_core.package_identification:_identify(venv/lib/python3.12/site-packages/pip-26.1.1.dist-info/licenses/src/pip/_vendor/rich) by extension 'python'
[3.167s] Level 1:colcon.colcon_core.package_identification:_identify(venv/lib/python3.12/site-packages/pip-26.1.1.dist-info/licenses/src/pip/_vendor/rich) by extensions ['python_setup_py']
[3.167s] Level 1:colcon.colcon_core.package_identification:_identify(venv/lib/python3.12/site-packages/pip-26.1.1.dist-info/licenses/src/pip/_vendor/rich) by extension 'python_setup_py'
[3.167s] Level 1:colcon.colcon_core.package_identification:_identify(venv/lib/python3.12/site-packages/pip-26.1.1.dist-info/licenses/src/pip/_vendor/tomli) by extensions ['ignore', 'ignore_ament_install']
[3.167s] Level 1:colcon.colcon_core.package_identification:_identify(venv/lib/python3.12/site-packages/pip-26.1.1.dist-info/licenses/src/pip/_vendor/tomli) by extension 'ignore'
[3.168s] Level 1:colcon.colcon_core.package_identification:_identify(venv/lib/python3.12/site-packages/pip-26.1.1.dist-info/licenses/src/pip/_vendor/tomli) by extension 'ignore_ament_install'
[3.168s] Level 1:colcon.colcon_core.package_identification:_identify(venv/lib/python3.12/site-packages/pip-26.1.1.dist-info/licenses/src/pip/_vendor/tomli) by extensions ['colcon_pkg']
[3.168s] Level 1:colcon.colcon_core.package_identification:_identify(venv/lib/python3.12/site-packages/pip-26.1.1.dist-info/licenses/src/pip/_vendor/tomli) by extension 'colcon_pkg'
[3.168s] Level 1:colcon.colcon_core.package_identification:_identify(venv/lib/python3.12/site-packages/pip-26.1.1.dist-info/licenses/src/pip/_vendor/tomli) by extensions ['colcon_meta']
[3.168s] Level 1:colcon.colcon_core.package_identification:_identify(venv/lib/python3.12/site-packages/pip-26.1.1.dist-info/licenses/src/pip/_vendor/tomli) by extension 'colcon_meta'
[3.168s] Level 1:colcon.colcon_core.package_identification:_identify(venv/lib/python3.12/site-packages/pip-26.1.1.dist-info/licenses/src/pip/_vendor/tomli) by extensions ['ros']
[3.168s] Level 1:colcon.colcon_core.package_identification:_identify(venv/lib/python3.12/site-packages/pip-26.1.1.dist-info/licenses/src/pip/_vendor/tomli) by extension 'ros'
[3.168s] Level 1:colcon.colcon_core.package_identification:_identify(venv/lib/python3.12/site-packages/pip-26.1.1.dist-info/licenses/src/pip/_vendor/tomli) by extensions ['cmake', 'python']
[3.168s] Level 1:colcon.colcon_core.package_identification:_identify(venv/lib/python3.12/site-packages/pip-26.1.1.dist-info/licenses/src/pip/_vendor/tomli) by extension 'cmake'
[3.168s] Level 1:colcon.colcon_core.package_identification:_identify(venv/lib/python3.12/site-packages/pip-26.1.1.dist-info/licenses/src/pip/_vendor/tomli) by extension 'python'
[3.168s] Level 1:colcon.colcon_core.package_identification:_identify(venv/lib/python3.12/site-packages/pip-26.1.1.dist-info/licenses/src/pip/_vendor/tomli) by extensions ['python_setup_py']
[3.168s] Level 1:colcon.colcon_core.package_identification:_identify(venv/lib/python3.12/site-packages/pip-26.1.1.dist-info/licenses/src/pip/_vendor/tomli) by extension 'python_setup_py'
[3.168s] Level 1:colcon.colcon_core.package_identification:_identify(venv/lib/python3.12/site-packages/pip-26.1.1.dist-info/licenses/src/pip/_vendor/tomli_w) by extensions ['ignore', 'ignore_ament_install']
[3.169s] Level 1:colcon.colcon_core.package_identification:_identify(venv/lib/python3.12/site-packages/pip-26.1.1.dist-info/licenses/src/pip/_vendor/tomli_w) by extension 'ignore'
[3.169s] Level 1:colcon.colcon_core.package_identification:_identify(venv/lib/python3.12/site-packages/pip-26.1.1.dist-info/licenses/src/pip/_vendor/tomli_w) by extension 'ignore_ament_install'
[3.169s] Level 1:colcon.colcon_core.package_identification:_identify(venv/lib/python3.12/site-packages/pip-26.1.1.dist-info/licenses/src/pip/_vendor/tomli_w) by extensions ['colcon_pkg']
[3.169s] Level 1:colcon.colcon_core.package_identification:_identify(venv/lib/python3.12/site-packages/pip-26.1.1.dist-info/licenses/src/pip/_vendor/tomli_w) by extension 'colcon_pkg'
[3.169s] Level 1:colcon.colcon_core.package_identification:_identify(venv/lib/python3.12/site-packages/pip-26.1.1.dist-info/licenses/src/pip/_vendor/tomli_w) by extensions ['colcon_meta']
[3.169s] Level 1:colcon.colcon_core.package_identification:_identify(venv/lib/python3.12/site-packages/pip-26.1.1.dist-info/licenses/src/pip/_vendor/tomli_w) by extension 'colcon_meta'
[3.169s] Level 1:colcon.colcon_core.package_identification:_identify(venv/lib/python3.12/site-packages/pip-26.1.1.dist-info/licenses/src/pip/_vendor/tomli_w) by extensions ['ros']
[3.169s] Level 1:colcon.colcon_core.package_identification:_identify(venv/lib/python3.12/site-packages/pip-26.1.1.dist-info/licenses/src/pip/_vendor/tomli_w) by extension 'ros'
[3.169s] Level 1:colcon.colcon_core.package_identification:_identify(venv/lib/python3.12/site-packages/pip-26.1.1.dist-info/licenses/src/pip/_vendor/tomli_w) by extensions ['cmake', 'python']
[3.169s] Level 1:colcon.colcon_core.package_identification:_identify(venv/lib/python3.12/site-packages/pip-26.1.1.dist-info/licenses/src/pip/_vendor/tomli_w) by extension 'cmake'
[3.169s] Level 1:colcon.colcon_core.package_identification:_identify(venv/lib/python3.12/site-packages/pip-26.1.1.dist-info/licenses/src/pip/_vendor/tomli_w) by extension 'python'
[3.169s] Level 1:colcon.colcon_core.package_identification:_identify(venv/lib/python3.12/site-packages/pip-26.1.1.dist-info/licenses/src/pip/_vendor/tomli_w) by extensions ['python_setup_py']
[3.169s] Level 1:colcon.colcon_core.package_identification:_identify(venv/lib/python3.12/site-packages/pip-26.1.1.dist-info/licenses/src/pip/_vendor/tomli_w) by extension 'python_setup_py'
[3.169s] Level 1:colcon.colcon_core.package_identification:_identify(venv/lib/python3.12/site-packages/pip-26.1.1.dist-info/licenses/src/pip/_vendor/truststore) by extensions ['ignore', 'ignore_ament_install']
[3.169s] Level 1:colcon.colcon_core.package_identification:_identify(venv/lib/python3.12/site-packages/pip-26.1.1.dist-info/licenses/src/pip/_vendor/truststore) by extension 'ignore'
[3.170s] Level 1:colcon.colcon_core.package_identification:_identify(venv/lib/python3.12/site-packages/pip-26.1.1.dist-info/licenses/src/pip/_vendor/truststore) by extension 'ignore_ament_install'
[3.170s] Level 1:colcon.colcon_core.package_identification:_identify(venv/lib/python3.12/site-packages/pip-26.1.1.dist-info/licenses/src/pip/_vendor/truststore) by extensions ['colcon_pkg']
[3.170s] Level 1:colcon.colcon_core.package_identification:_identify(venv/lib/python3.12/site-packages/pip-26.1.1.dist-info/licenses/src/pip/_vendor/truststore) by extension 'colcon_pkg'
[3.170s] Level 1:colcon.colcon_core.package_identification:_identify(venv/lib/python3.12/site-packages/pip-26.1.1.dist-info/licenses/src/pip/_vendor/truststore) by extensions ['colcon_meta']
[3.170s] Level 1:colcon.colcon_core.package_identification:_identify(venv/lib/python3.12/site-packages/pip-26.1.1.dist-info/licenses/src/pip/_vendor/truststore) by extension 'colcon_meta'
[3.170s] Level 1:colcon.colcon_core.package_identification:_identify(venv/lib/python3.12/site-packages/pip-26.1.1.dist-info/licenses/src/pip/_vendor/truststore) by extensions ['ros']
[3.170s] Level 1:colcon.colcon_core.package_identification:_identify(venv/lib/python3.12/site-packages/pip-26.1.1.dist-info/licenses/src/pip/_vendor/truststore) by extension 'ros'
[3.170s] Level 1:colcon.colcon_core.package_identification:_identify(venv/lib/python3.12/site-packages/pip-26.1.1.dist-info/licenses/src/pip/_vendor/truststore) by extensions ['cmake', 'python']
[3.170s] Level 1:colcon.colcon_core.package_identification:_identify(venv/lib/python3.12/site-packages/pip-26.1.1.dist-info/licenses/src/pip/_vendor/truststore) by extension 'cmake'
[3.170s] Level 1:colcon.colcon_core.package_identification:_identify(venv/lib/python3.12/site-packages/pip-26.1.1.dist-info/licenses/src/pip/_vendor/truststore) by extension 'python'
[3.170s] Level 1:colcon.colcon_core.package_identification:_identify(venv/lib/python3.12/site-packages/pip-26.1.1.dist-info/licenses/src/pip/_vendor/truststore) by extensions ['python_setup_py']
[3.170s] Level 1:colcon.colcon_core.package_identification:_identify(venv/lib/python3.12/site-packages/pip-26.1.1.dist-info/licenses/src/pip/_vendor/truststore) by extension 'python_setup_py'
[3.170s] Level 1:colcon.colcon_core.package_identification:_identify(venv/lib/python3.12/site-packages/pip-26.1.1.dist-info/licenses/src/pip/_vendor/urllib3) by extensions ['ignore', 'ignore_ament_install']
[3.170s] Level 1:colcon.colcon_core.package_identification:_identify(venv/lib/python3.12/site-packages/pip-26.1.1.dist-info/licenses/src/pip/_vendor/urllib3) by extension 'ignore'
[3.170s] Level 1:colcon.colcon_core.package_identification:_identify(venv/lib/python3.12/site-packages/pip-26.1.1.dist-info/licenses/src/pip/_vendor/urllib3) by extension 'ignore_ament_install'
[3.171s] Level 1:colcon.colcon_core.package_identification:_identify(venv/lib/python3.12/site-packages/pip-26.1.1.dist-info/licenses/src/pip/_vendor/urllib3) by extensions ['colcon_pkg']
[3.171s] Level 1:colcon.colcon_core.package_identification:_identify(venv/lib/python3.12/site-packages/pip-26.1.1.dist-info/licenses/src/pip/_vendor/urllib3) by extension 'colcon_pkg'
[3.171s] Level 1:colcon.colcon_core.package_identification:_identify(venv/lib/python3.12/site-packages/pip-26.1.1.dist-info/licenses/src/pip/_vendor/urllib3) by extensions ['colcon_meta']
[3.171s] Level 1:colcon.colcon_core.package_identification:_identify(venv/lib/python3.12/site-packages/pip-26.1.1.dist-info/licenses/src/pip/_vendor/urllib3) by extension 'colcon_meta'
[3.171s] Level 1:colcon.colcon_core.package_identification:_identify(venv/lib/python3.12/site-packages/pip-26.1.1.dist-info/licenses/src/pip/_vendor/urllib3) by extensions ['ros']
[3.171s] Level 1:colcon.colcon_core.package_identification:_identify(venv/lib/python3.12/site-packages/pip-26.1.1.dist-info/licenses/src/pip/_vendor/urllib3) by extension 'ros'
[3.171s] Level 1:colcon.colcon_core.package_identification:_identify(venv/lib/python3.12/site-packages/pip-26.1.1.dist-info/licenses/src/pip/_vendor/urllib3) by extensions ['cmake', 'python']
[3.171s] Level 1:colcon.colcon_core.package_identification:_identify(venv/lib/python3.12/site-packages/pip-26.1.1.dist-info/licenses/src/pip/_vendor/urllib3) by extension 'cmake'
[3.171s] Level 1:colcon.colcon_core.package_identification:_identify(venv/lib/python3.12/site-packages/pip-26.1.1.dist-info/licenses/src/pip/_vendor/urllib3) by extension 'python'
[3.171s] Level 1:colcon.colcon_core.package_identification:_identify(venv/lib/python3.12/site-packages/pip-26.1.1.dist-info/licenses/src/pip/_vendor/urllib3) by extensions ['python_setup_py']
[3.171s] Level 1:colcon.colcon_core.package_identification:_identify(venv/lib/python3.12/site-packages/pip-26.1.1.dist-info/licenses/src/pip/_vendor/urllib3) by extension 'python_setup_py'
[3.171s] Level 1:colcon.colcon_core.package_identification:_identify(venv/lib/python3.12/site-packages/setuptools) by extensions ['ignore', 'ignore_ament_install']
[3.171s] Level 1:colcon.colcon_core.package_identification:_identify(venv/lib/python3.12/site-packages/setuptools) by extension 'ignore'
[3.171s] Level 1:colcon.colcon_core.package_identification:_identify(venv/lib/python3.12/site-packages/setuptools) by extension 'ignore_ament_install'
[3.171s] Level 1:colcon.colcon_core.package_identification:_identify(venv/lib/python3.12/site-packages/setuptools) by extensions ['colcon_pkg']
[3.171s] Level 1:colcon.colcon_core.package_identification:_identify(venv/lib/python3.12/site-packages/setuptools) by extension 'colcon_pkg'
[3.172s] Level 1:colcon.colcon_core.package_identification:_identify(venv/lib/python3.12/site-packages/setuptools) by extensions ['colcon_meta']
[3.172s] Level 1:colcon.colcon_core.package_identification:_identify(venv/lib/python3.12/site-packages/setuptools) by extension 'colcon_meta'
[3.172s] Level 1:colcon.colcon_core.package_identification:_identify(venv/lib/python3.12/site-packages/setuptools) by extensions ['ros']
[3.172s] Level 1:colcon.colcon_core.package_identification:_identify(venv/lib/python3.12/site-packages/setuptools) by extension 'ros'
[3.172s] Level 1:colcon.colcon_core.package_identification:_identify(venv/lib/python3.12/site-packages/setuptools) by extensions ['cmake', 'python']
[3.172s] Level 1:colcon.colcon_core.package_identification:_identify(venv/lib/python3.12/site-packages/setuptools) by extension 'cmake'
[3.172s] Level 1:colcon.colcon_core.package_identification:_identify(venv/lib/python3.12/site-packages/setuptools) by extension 'python'
[3.172s] Level 1:colcon.colcon_core.package_identification:_identify(venv/lib/python3.12/site-packages/setuptools) by extensions ['python_setup_py']
[3.172s] Level 1:colcon.colcon_core.package_identification:_identify(venv/lib/python3.12/site-packages/setuptools) by extension 'python_setup_py'
[3.172s] Level 1:colcon.colcon_core.package_identification:_identify(venv/lib/python3.12/site-packages/setuptools/__pycache__) by extensions ['ignore', 'ignore_ament_install']
[3.172s] Level 1:colcon.colcon_core.package_identification:_identify(venv/lib/python3.12/site-packages/setuptools/__pycache__) by extension 'ignore'
[3.172s] Level 1:colcon.colcon_core.package_identification:_identify(venv/lib/python3.12/site-packages/setuptools/__pycache__) by extension 'ignore_ament_install'
[3.172s] Level 1:colcon.colcon_core.package_identification:_identify(venv/lib/python3.12/site-packages/setuptools/__pycache__) by extensions ['colcon_pkg']
[3.172s] Level 1:colcon.colcon_core.package_identification:_identify(venv/lib/python3.12/site-packages/setuptools/__pycache__) by extension 'colcon_pkg'
[3.172s] Level 1:colcon.colcon_core.package_identification:_identify(venv/lib/python3.12/site-packages/setuptools/__pycache__) by extensions ['colcon_meta']
[3.172s] Level 1:colcon.colcon_core.package_identification:_identify(venv/lib/python3.12/site-packages/setuptools/__pycache__) by extension 'colcon_meta'
[3.172s] Level 1:colcon.colcon_core.package_identification:_identify(venv/lib/python3.12/site-packages/setuptools/__pycache__) by extensions ['ros']
[3.173s] Level 1:colcon.colcon_core.package_identification:_identify(venv/lib/python3.12/site-packages/setuptools/__pycache__) by extension 'ros'
[3.173s] Level 1:colcon.colcon_core.package_identification:_identify(venv/lib/python3.12/site-packages/setuptools/__pycache__) by extensions ['cmake', 'python']
[3.173s] Level 1:colcon.colcon_core.package_identification:_identify(venv/lib/python3.12/site-packages/setuptools/__pycache__) by extension 'cmake'
[3.173s] Level 1:colcon.colcon_core.package_identification:_identify(venv/lib/python3.12/site-packages/setuptools/__pycache__) by extension 'python'
[3.173s] Level 1:colcon.colcon_core.package_identification:_identify(venv/lib/python3.12/site-packages/setuptools/__pycache__) by extensions ['python_setup_py']
[3.173s] Level 1:colcon.colcon_core.package_identification:_identify(venv/lib/python3.12/site-packages/setuptools/__pycache__) by extension 'python_setup_py'
[3.173s] Level 1:colcon.colcon_core.package_identification:_identify(venv/lib/python3.12/site-packages/setuptools/_distutils) by extensions ['ignore', 'ignore_ament_install']
[3.173s] Level 1:colcon.colcon_core.package_identification:_identify(venv/lib/python3.12/site-packages/setuptools/_distutils) by extension 'ignore'
[3.173s] Level 1:colcon.colcon_core.package_identification:_identify(venv/lib/python3.12/site-packages/setuptools/_distutils) by extension 'ignore_ament_install'
[3.173s] Level 1:colcon.colcon_core.package_identification:_identify(venv/lib/python3.12/site-packages/setuptools/_distutils) by extensions ['colcon_pkg']
[3.173s] Level 1:colcon.colcon_core.package_identification:_identify(venv/lib/python3.12/site-packages/setuptools/_distutils) by extension 'colcon_pkg'
[3.173s] Level 1:colcon.colcon_core.package_identification:_identify(venv/lib/python3.12/site-packages/setuptools/_distutils) by extensions ['colcon_meta']
[3.173s] Level 1:colcon.colcon_core.package_identification:_identify(venv/lib/python3.12/site-packages/setuptools/_distutils) by extension 'colcon_meta'
[3.173s] Level 1:colcon.colcon_core.package_identification:_identify(venv/lib/python3.12/site-packages/setuptools/_distutils) by extensions ['ros']
[3.173s] Level 1:colcon.colcon_core.package_identification:_identify(venv/lib/python3.12/site-packages/setuptools/_distutils) by extension 'ros'
[3.173s] Level 1:colcon.colcon_core.package_identification:_identify(venv/lib/python3.12/site-packages/setuptools/_distutils) by extensions ['cmake', 'python']
[3.173s] Level 1:colcon.colcon_core.package_identification:_identify(venv/lib/python3.12/site-packages/setuptools/_distutils) by extension 'cmake'
[3.174s] Level 1:colcon.colcon_core.package_identification:_identify(venv/lib/python3.12/site-packages/setuptools/_distutils) by extension 'python'
[3.174s] Level 1:colcon.colcon_core.package_identification:_identify(venv/lib/python3.12/site-packages/setuptools/_distutils) by extensions ['python_setup_py']
[3.174s] Level 1:colcon.colcon_core.package_identification:_identify(venv/lib/python3.12/site-packages/setuptools/_distutils) by extension 'python_setup_py'
[3.174s] Level 1:colcon.colcon_core.package_identification:_identify(venv/lib/python3.12/site-packages/setuptools/_distutils/__pycache__) by extensions ['ignore', 'ignore_ament_install']
[3.174s] Level 1:colcon.colcon_core.package_identification:_identify(venv/lib/python3.12/site-packages/setuptools/_distutils/__pycache__) by extension 'ignore'
[3.174s] Level 1:colcon.colcon_core.package_identification:_identify(venv/lib/python3.12/site-packages/setuptools/_distutils/__pycache__) by extension 'ignore_ament_install'
[3.174s] Level 1:colcon.colcon_core.package_identification:_identify(venv/lib/python3.12/site-packages/setuptools/_distutils/__pycache__) by extensions ['colcon_pkg']
[3.174s] Level 1:colcon.colcon_core.package_identification:_identify(venv/lib/python3.12/site-packages/setuptools/_distutils/__pycache__) by extension 'colcon_pkg'
[3.174s] Level 1:colcon.colcon_core.package_identification:_identify(venv/lib/python3.12/site-packages/setuptools/_distutils/__pycache__) by extensions ['colcon_meta']
[3.174s] Level 1:colcon.colcon_core.package_identification:_identify(venv/lib/python3.12/site-packages/setuptools/_distutils/__pycache__) by extension 'colcon_meta'
[3.174s] Level 1:colcon.colcon_core.package_identification:_identify(venv/lib/python3.12/site-packages/setuptools/_distutils/__pycache__) by extensions ['ros']
[3.174s] Level 1:colcon.colcon_core.package_identification:_identify(venv/lib/python3.12/site-packages/setuptools/_distutils/__pycache__) by extension 'ros'
[3.174s] Level 1:colcon.colcon_core.package_identification:_identify(venv/lib/python3.12/site-packages/setuptools/_distutils/__pycache__) by extensions ['cmake', 'python']
[3.174s] Level 1:colcon.colcon_core.package_identification:_identify(venv/lib/python3.12/site-packages/setuptools/_distutils/__pycache__) by extension 'cmake'
[3.174s] Level 1:colcon.colcon_core.package_identification:_identify(venv/lib/python3.12/site-packages/setuptools/_distutils/__pycache__) by extension 'python'
[3.174s] Level 1:colcon.colcon_core.package_identification:_identify(venv/lib/python3.12/site-packages/setuptools/_distutils/__pycache__) by extensions ['python_setup_py']
[3.175s] Level 1:colcon.colcon_core.package_identification:_identify(venv/lib/python3.12/site-packages/setuptools/_distutils/__pycache__) by extension 'python_setup_py'
[3.175s] Level 1:colcon.colcon_core.package_identification:_identify(venv/lib/python3.12/site-packages/setuptools/_distutils/command) by extensions ['ignore', 'ignore_ament_install']
[3.175s] Level 1:colcon.colcon_core.package_identification:_identify(venv/lib/python3.12/site-packages/setuptools/_distutils/command) by extension 'ignore'
[3.175s] Level 1:colcon.colcon_core.package_identification:_identify(venv/lib/python3.12/site-packages/setuptools/_distutils/command) by extension 'ignore_ament_install'
[3.175s] Level 1:colcon.colcon_core.package_identification:_identify(venv/lib/python3.12/site-packages/setuptools/_distutils/command) by extensions ['colcon_pkg']
[3.175s] Level 1:colcon.colcon_core.package_identification:_identify(venv/lib/python3.12/site-packages/setuptools/_distutils/command) by extension 'colcon_pkg'
[3.175s] Level 1:colcon.colcon_core.package_identification:_identify(venv/lib/python3.12/site-packages/setuptools/_distutils/command) by extensions ['colcon_meta']
[3.175s] Level 1:colcon.colcon_core.package_identification:_identify(venv/lib/python3.12/site-packages/setuptools/_distutils/command) by extension 'colcon_meta'
[3.175s] Level 1:colcon.colcon_core.package_identification:_identify(venv/lib/python3.12/site-packages/setuptools/_distutils/command) by extensions ['ros']
[3.175s] Level 1:colcon.colcon_core.package_identification:_identify(venv/lib/python3.12/site-packages/setuptools/_distutils/command) by extension 'ros'
[3.175s] Level 1:colcon.colcon_core.package_identification:_identify(venv/lib/python3.12/site-packages/setuptools/_distutils/command) by extensions ['cmake', 'python']
[3.175s] Level 1:colcon.colcon_core.package_identification:_identify(venv/lib/python3.12/site-packages/setuptools/_distutils/command) by extension 'cmake'
[3.175s] Level 1:colcon.colcon_core.package_identification:_identify(venv/lib/python3.12/site-packages/setuptools/_distutils/command) by extension 'python'
[3.175s] Level 1:colcon.colcon_core.package_identification:_identify(venv/lib/python3.12/site-packages/setuptools/_distutils/command) by extensions ['python_setup_py']
[3.175s] Level 1:colcon.colcon_core.package_identification:_identify(venv/lib/python3.12/site-packages/setuptools/_distutils/command) by extension 'python_setup_py'
[3.176s] Level 1:colcon.colcon_core.package_identification:_identify(venv/lib/python3.12/site-packages/setuptools/_distutils/command/__pycache__) by extensions ['ignore', 'ignore_ament_install']
[3.176s] Level 1:colcon.colcon_core.package_identification:_identify(venv/lib/python3.12/site-packages/setuptools/_distutils/command/__pycache__) by extension 'ignore'
[3.176s] Level 1:colcon.colcon_core.package_identification:_identify(venv/lib/python3.12/site-packages/setuptools/_distutils/command/__pycache__) by extension 'ignore_ament_install'
[3.176s] Level 1:colcon.colcon_core.package_identification:_identify(venv/lib/python3.12/site-packages/setuptools/_distutils/command/__pycache__) by extensions ['colcon_pkg']
[3.176s] Level 1:colcon.colcon_core.package_identification:_identify(venv/lib/python3.12/site-packages/setuptools/_distutils/command/__pycache__) by extension 'colcon_pkg'
[3.176s] Level 1:colcon.colcon_core.package_identification:_identify(venv/lib/python3.12/site-packages/setuptools/_distutils/command/__pycache__) by extensions ['colcon_meta']
[3.176s] Level 1:colcon.colcon_core.package_identification:_identify(venv/lib/python3.12/site-packages/setuptools/_distutils/command/__pycache__) by extension 'colcon_meta'
[3.176s] Level 1:colcon.colcon_core.package_identification:_identify(venv/lib/python3.12/site-packages/setuptools/_distutils/command/__pycache__) by extensions ['ros']
[3.176s] Level 1:colcon.colcon_core.package_identification:_identify(venv/lib/python3.12/site-packages/setuptools/_distutils/command/__pycache__) by extension 'ros'
[3.176s] Level 1:colcon.colcon_core.package_identification:_identify(venv/lib/python3.12/site-packages/setuptools/_distutils/command/__pycache__) by extensions ['cmake', 'python']
[3.176s] Level 1:colcon.colcon_core.package_identification:_identify(venv/lib/python3.12/site-packages/setuptools/_distutils/command/__pycache__) by extension 'cmake'
[3.176s] Level 1:colcon.colcon_core.package_identification:_identify(venv/lib/python3.12/site-packages/setuptools/_distutils/command/__pycache__) by extension 'python'
[3.176s] Level 1:colcon.colcon_core.package_identification:_identify(venv/lib/python3.12/site-packages/setuptools/_distutils/command/__pycache__) by extensions ['python_setup_py']
[3.176s] Level 1:colcon.colcon_core.package_identification:_identify(venv/lib/python3.12/site-packages/setuptools/_distutils/command/__pycache__) by extension 'python_setup_py'
[3.177s] Level 1:colcon.colcon_core.package_identification:_identify(venv/lib/python3.12/site-packages/setuptools/_distutils/compat) by extensions ['ignore', 'ignore_ament_install']
[3.177s] Level 1:colcon.colcon_core.package_identification:_identify(venv/lib/python3.12/site-packages/setuptools/_distutils/compat) by extension 'ignore'
[3.177s] Level 1:colcon.colcon_core.package_identification:_identify(venv/lib/python3.12/site-packages/setuptools/_distutils/compat) by extension 'ignore_ament_install'
[3.177s] Level 1:colcon.colcon_core.package_identification:_identify(venv/lib/python3.12/site-packages/setuptools/_distutils/compat) by extensions ['colcon_pkg']
[3.177s] Level 1:colcon.colcon_core.package_identification:_identify(venv/lib/python3.12/site-packages/setuptools/_distutils/compat) by extension 'colcon_pkg'
[3.177s] Level 1:colcon.colcon_core.package_identification:_identify(venv/lib/python3.12/site-packages/setuptools/_distutils/compat) by extensions ['colcon_meta']
[3.177s] Level 1:colcon.colcon_core.package_identification:_identify(venv/lib/python3.12/site-packages/setuptools/_distutils/compat) by extension 'colcon_meta'
[3.177s] Level 1:colcon.colcon_core.package_identification:_identify(venv/lib/python3.12/site-packages/setuptools/_distutils/compat) by extensions ['ros']
[3.177s] Level 1:colcon.colcon_core.package_identification:_identify(venv/lib/python3.12/site-packages/setuptools/_distutils/compat) by extension 'ros'
[3.177s] Level 1:colcon.colcon_core.package_identification:_identify(venv/lib/python3.12/site-packages/setuptools/_distutils/compat) by extensions ['cmake', 'python']
[3.177s] Level 1:colcon.colcon_core.package_identification:_identify(venv/lib/python3.12/site-packages/setuptools/_distutils/compat) by extension 'cmake'
[3.177s] Level 1:colcon.colcon_core.package_identification:_identify(venv/lib/python3.12/site-packages/setuptools/_distutils/compat) by extension 'python'
[3.177s] Level 1:colcon.colcon_core.package_identification:_identify(venv/lib/python3.12/site-packages/setuptools/_distutils/compat) by extensions ['python_setup_py']
[3.177s] Level 1:colcon.colcon_core.package_identification:_identify(venv/lib/python3.12/site-packages/setuptools/_distutils/compat) by extension 'python_setup_py'
[3.177s] Level 1:colcon.colcon_core.package_identification:_identify(venv/lib/python3.12/site-packages/setuptools/_distutils/compat/__pycache__) by extensions ['ignore', 'ignore_ament_install']
[3.177s] Level 1:colcon.colcon_core.package_identification:_identify(venv/lib/python3.12/site-packages/setuptools/_distutils/compat/__pycache__) by extension 'ignore'
[3.178s] Level 1:colcon.colcon_core.package_identification:_identify(venv/lib/python3.12/site-packages/setuptools/_distutils/compat/__pycache__) by extension 'ignore_ament_install'
[3.178s] Level 1:colcon.colcon_core.package_identification:_identify(venv/lib/python3.12/site-packages/setuptools/_distutils/compat/__pycache__) by extensions ['colcon_pkg']
[3.178s] Level 1:colcon.colcon_core.package_identification:_identify(venv/lib/python3.12/site-packages/setuptools/_distutils/compat/__pycache__) by extension 'colcon_pkg'
[3.178s] Level 1:colcon.colcon_core.package_identification:_identify(venv/lib/python3.12/site-packages/setuptools/_distutils/compat/__pycache__) by extensions ['colcon_meta']
[3.178s] Level 1:colcon.colcon_core.package_identification:_identify(venv/lib/python3.12/site-packages/setuptools/_distutils/compat/__pycache__) by extension 'colcon_meta'
[3.178s] Level 1:colcon.colcon_core.package_identification:_identify(venv/lib/python3.12/site-packages/setuptools/_distutils/compat/__pycache__) by extensions ['ros']
[3.178s] Level 1:colcon.colcon_core.package_identification:_identify(venv/lib/python3.12/site-packages/setuptools/_distutils/compat/__pycache__) by extension 'ros'
[3.178s] Level 1:colcon.colcon_core.package_identification:_identify(venv/lib/python3.12/site-packages/setuptools/_distutils/compat/__pycache__) by extensions ['cmake', 'python']
[3.178s] Level 1:colcon.colcon_core.package_identification:_identify(venv/lib/python3.12/site-packages/setuptools/_distutils/compat/__pycache__) by extension 'cmake'
[3.178s] Level 1:colcon.colcon_core.package_identification:_identify(venv/lib/python3.12/site-packages/setuptools/_distutils/compat/__pycache__) by extension 'python'
[3.178s] Level 1:colcon.colcon_core.package_identification:_identify(venv/lib/python3.12/site-packages/setuptools/_distutils/compat/__pycache__) by extensions ['python_setup_py']
[3.178s] Level 1:colcon.colcon_core.package_identification:_identify(venv/lib/python3.12/site-packages/setuptools/_distutils/compat/__pycache__) by extension 'python_setup_py'
[3.178s] Level 1:colcon.colcon_core.package_identification:_identify(venv/lib/python3.12/site-packages/setuptools/_distutils/compilers) by extensions ['ignore', 'ignore_ament_install']
[3.178s] Level 1:colcon.colcon_core.package_identification:_identify(venv/lib/python3.12/site-packages/setuptools/_distutils/compilers) by extension 'ignore'
[3.178s] Level 1:colcon.colcon_core.package_identification:_identify(venv/lib/python3.12/site-packages/setuptools/_distutils/compilers) by extension 'ignore_ament_install'
[3.179s] Level 1:colcon.colcon_core.package_identification:_identify(venv/lib/python3.12/site-packages/setuptools/_distutils/compilers) by extensions ['colcon_pkg']
[3.179s] Level 1:colcon.colcon_core.package_identification:_identify(venv/lib/python3.12/site-packages/setuptools/_distutils/compilers) by extension 'colcon_pkg'
[3.179s] Level 1:colcon.colcon_core.package_identification:_identify(venv/lib/python3.12/site-packages/setuptools/_distutils/compilers) by extensions ['colcon_meta']
[3.179s] Level 1:colcon.colcon_core.package_identification:_identify(venv/lib/python3.12/site-packages/setuptools/_distutils/compilers) by extension 'colcon_meta'
[3.179s] Level 1:colcon.colcon_core.package_identification:_identify(venv/lib/python3.12/site-packages/setuptools/_distutils/compilers) by extensions ['ros']
[3.179s] Level 1:colcon.colcon_core.package_identification:_identify(venv/lib/python3.12/site-packages/setuptools/_distutils/compilers) by extension 'ros'
[3.179s] Level 1:colcon.colcon_core.package_identification:_identify(venv/lib/python3.12/site-packages/setuptools/_distutils/compilers) by extensions ['cmake', 'python']
[3.179s] Level 1:colcon.colcon_core.package_identification:_identify(venv/lib/python3.12/site-packages/setuptools/_distutils/compilers) by extension 'cmake'
[3.179s] Level 1:colcon.colcon_core.package_identification:_identify(venv/lib/python3.12/site-packages/setuptools/_distutils/compilers) by extension 'python'
[3.179s] Level 1:colcon.colcon_core.package_identification:_identify(venv/lib/python3.12/site-packages/setuptools/_distutils/compilers) by extensions ['python_setup_py']
[3.179s] Level 1:colcon.colcon_core.package_identification:_identify(venv/lib/python3.12/site-packages/setuptools/_distutils/compilers) by extension 'python_setup_py'
[3.179s] Level 1:colcon.colcon_core.package_identification:_identify(venv/lib/python3.12/site-packages/setuptools/_distutils/compilers/C) by extensions ['ignore', 'ignore_ament_install']
[3.179s] Level 1:colcon.colcon_core.package_identification:_identify(venv/lib/python3.12/site-packages/setuptools/_distutils/compilers/C) by extension 'ignore'
[3.179s] Level 1:colcon.colcon_core.package_identification:_identify(venv/lib/python3.12/site-packages/setuptools/_distutils/compilers/C) by extension 'ignore_ament_install'
[3.179s] Level 1:colcon.colcon_core.package_identification:_identify(venv/lib/python3.12/site-packages/setuptools/_distutils/compilers/C) by extensions ['colcon_pkg']
[3.179s] Level 1:colcon.colcon_core.package_identification:_identify(venv/lib/python3.12/site-packages/setuptools/_distutils/compilers/C) by extension 'colcon_pkg'
[3.180s] Level 1:colcon.colcon_core.package_identification:_identify(venv/lib/python3.12/site-packages/setuptools/_distutils/compilers/C) by extensions ['colcon_meta']
[3.180s] Level 1:colcon.colcon_core.package_identification:_identify(venv/lib/python3.12/site-packages/setuptools/_distutils/compilers/C) by extension 'colcon_meta'
[3.180s] Level 1:colcon.colcon_core.package_identification:_identify(venv/lib/python3.12/site-packages/setuptools/_distutils/compilers/C) by extensions ['ros']
[3.180s] Level 1:colcon.colcon_core.package_identification:_identify(venv/lib/python3.12/site-packages/setuptools/_distutils/compilers/C) by extension 'ros'
[3.180s] Level 1:colcon.colcon_core.package_identification:_identify(venv/lib/python3.12/site-packages/setuptools/_distutils/compilers/C) by extensions ['cmake', 'python']
[3.180s] Level 1:colcon.colcon_core.package_identification:_identify(venv/lib/python3.12/site-packages/setuptools/_distutils/compilers/C) by extension 'cmake'
[3.180s] Level 1:colcon.colcon_core.package_identification:_identify(venv/lib/python3.12/site-packages/setuptools/_distutils/compilers/C) by extension 'python'
[3.180s] Level 1:colcon.colcon_core.package_identification:_identify(venv/lib/python3.12/site-packages/setuptools/_distutils/compilers/C) by extensions ['python_setup_py']
[3.180s] Level 1:colcon.colcon_core.package_identification:_identify(venv/lib/python3.12/site-packages/setuptools/_distutils/compilers/C) by extension 'python_setup_py'
[3.180s] Level 1:colcon.colcon_core.package_identification:_identify(venv/lib/python3.12/site-packages/setuptools/_distutils/compilers/C/__pycache__) by extensions ['ignore', 'ignore_ament_install']
[3.180s] Level 1:colcon.colcon_core.package_identification:_identify(venv/lib/python3.12/site-packages/setuptools/_distutils/compilers/C/__pycache__) by extension 'ignore'
[3.180s] Level 1:colcon.colcon_core.package_identification:_identify(venv/lib/python3.12/site-packages/setuptools/_distutils/compilers/C/__pycache__) by extension 'ignore_ament_install'
[3.180s] Level 1:colcon.colcon_core.package_identification:_identify(venv/lib/python3.12/site-packages/setuptools/_distutils/compilers/C/__pycache__) by extensions ['colcon_pkg']
[3.180s] Level 1:colcon.colcon_core.package_identification:_identify(venv/lib/python3.12/site-packages/setuptools/_distutils/compilers/C/__pycache__) by extension 'colcon_pkg'
[3.180s] Level 1:colcon.colcon_core.package_identification:_identify(venv/lib/python3.12/site-packages/setuptools/_distutils/compilers/C/__pycache__) by extensions ['colcon_meta']
[3.180s] Level 1:colcon.colcon_core.package_identification:_identify(venv/lib/python3.12/site-packages/setuptools/_distutils/compilers/C/__pycache__) by extension 'colcon_meta'
[3.181s] Level 1:colcon.colcon_core.package_identification:_identify(venv/lib/python3.12/site-packages/setuptools/_distutils/compilers/C/__pycache__) by extensions ['ros']
[3.181s] Level 1:colcon.colcon_core.package_identification:_identify(venv/lib/python3.12/site-packages/setuptools/_distutils/compilers/C/__pycache__) by extension 'ros'
[3.181s] Level 1:colcon.colcon_core.package_identification:_identify(venv/lib/python3.12/site-packages/setuptools/_distutils/compilers/C/__pycache__) by extensions ['cmake', 'python']
[3.181s] Level 1:colcon.colcon_core.package_identification:_identify(venv/lib/python3.12/site-packages/setuptools/_distutils/compilers/C/__pycache__) by extension 'cmake'
[3.181s] Level 1:colcon.colcon_core.package_identification:_identify(venv/lib/python3.12/site-packages/setuptools/_distutils/compilers/C/__pycache__) by extension 'python'
[3.181s] Level 1:colcon.colcon_core.package_identification:_identify(venv/lib/python3.12/site-packages/setuptools/_distutils/compilers/C/__pycache__) by extensions ['python_setup_py']
[3.181s] Level 1:colcon.colcon_core.package_identification:_identify(venv/lib/python3.12/site-packages/setuptools/_distutils/compilers/C/__pycache__) by extension 'python_setup_py'
[3.181s] Level 1:colcon.colcon_core.package_identification:_identify(venv/lib/python3.12/site-packages/setuptools/_distutils/compilers/C/tests) by extensions ['ignore', 'ignore_ament_install']
[3.181s] Level 1:colcon.colcon_core.package_identification:_identify(venv/lib/python3.12/site-packages/setuptools/_distutils/compilers/C/tests) by extension 'ignore'
[3.181s] Level 1:colcon.colcon_core.package_identification:_identify(venv/lib/python3.12/site-packages/setuptools/_distutils/compilers/C/tests) by extension 'ignore_ament_install'
[3.181s] Level 1:colcon.colcon_core.package_identification:_identify(venv/lib/python3.12/site-packages/setuptools/_distutils/compilers/C/tests) by extensions ['colcon_pkg']
[3.181s] Level 1:colcon.colcon_core.package_identification:_identify(venv/lib/python3.12/site-packages/setuptools/_distutils/compilers/C/tests) by extension 'colcon_pkg'
[3.181s] Level 1:colcon.colcon_core.package_identification:_identify(venv/lib/python3.12/site-packages/setuptools/_distutils/compilers/C/tests) by extensions ['colcon_meta']
[3.181s] Level 1:colcon.colcon_core.package_identification:_identify(venv/lib/python3.12/site-packages/setuptools/_distutils/compilers/C/tests) by extension 'colcon_meta'
[3.181s] Level 1:colcon.colcon_core.package_identification:_identify(venv/lib/python3.12/site-packages/setuptools/_distutils/compilers/C/tests) by extensions ['ros']
[3.181s] Level 1:colcon.colcon_core.package_identification:_identify(venv/lib/python3.12/site-packages/setuptools/_distutils/compilers/C/tests) by extension 'ros'
[3.182s] Level 1:colcon.colcon_core.package_identification:_identify(venv/lib/python3.12/site-packages/setuptools/_distutils/compilers/C/tests) by extensions ['cmake', 'python']
[3.182s] Level 1:colcon.colcon_core.package_identification:_identify(venv/lib/python3.12/site-packages/setuptools/_distutils/compilers/C/tests) by extension 'cmake'
[3.182s] Level 1:colcon.colcon_core.package_identification:_identify(venv/lib/python3.12/site-packages/setuptools/_distutils/compilers/C/tests) by extension 'python'
[3.182s] Level 1:colcon.colcon_core.package_identification:_identify(venv/lib/python3.12/site-packages/setuptools/_distutils/compilers/C/tests) by extensions ['python_setup_py']
[3.182s] Level 1:colcon.colcon_core.package_identification:_identify(venv/lib/python3.12/site-packages/setuptools/_distutils/compilers/C/tests) by extension 'python_setup_py'
[3.182s] Level 1:colcon.colcon_core.package_identification:_identify(venv/lib/python3.12/site-packages/setuptools/_distutils/compilers/C/tests/__pycache__) by extensions ['ignore', 'ignore_ament_install']
[3.182s] Level 1:colcon.colcon_core.package_identification:_identify(venv/lib/python3.12/site-packages/setuptools/_distutils/compilers/C/tests/__pycache__) by extension 'ignore'
[3.182s] Level 1:colcon.colcon_core.package_identification:_identify(venv/lib/python3.12/site-packages/setuptools/_distutils/compilers/C/tests/__pycache__) by extension 'ignore_ament_install'
[3.182s] Level 1:colcon.colcon_core.package_identification:_identify(venv/lib/python3.12/site-packages/setuptools/_distutils/compilers/C/tests/__pycache__) by extensions ['colcon_pkg']
[3.182s] Level 1:colcon.colcon_core.package_identification:_identify(venv/lib/python3.12/site-packages/setuptools/_distutils/compilers/C/tests/__pycache__) by extension 'colcon_pkg'
[3.182s] Level 1:colcon.colcon_core.package_identification:_identify(venv/lib/python3.12/site-packages/setuptools/_distutils/compilers/C/tests/__pycache__) by extensions ['colcon_meta']
[3.182s] Level 1:colcon.colcon_core.package_identification:_identify(venv/lib/python3.12/site-packages/setuptools/_distutils/compilers/C/tests/__pycache__) by extension 'colcon_meta'
[3.182s] Level 1:colcon.colcon_core.package_identification:_identify(venv/lib/python3.12/site-packages/setuptools/_distutils/compilers/C/tests/__pycache__) by extensions ['ros']
[3.182s] Level 1:colcon.colcon_core.package_identification:_identify(venv/lib/python3.12/site-packages/setuptools/_distutils/compilers/C/tests/__pycache__) by extension 'ros'
[3.183s] Level 1:colcon.colcon_core.package_identification:_identify(venv/lib/python3.12/site-packages/setuptools/_distutils/compilers/C/tests/__pycache__) by extensions ['cmake', 'python']
[3.183s] Level 1:colcon.colcon_core.package_identification:_identify(venv/lib/python3.12/site-packages/setuptools/_distutils/compilers/C/tests/__pycache__) by extension 'cmake'
[3.183s] Level 1:colcon.colcon_core.package_identification:_identify(venv/lib/python3.12/site-packages/setuptools/_distutils/compilers/C/tests/__pycache__) by extension 'python'
[3.183s] Level 1:colcon.colcon_core.package_identification:_identify(venv/lib/python3.12/site-packages/setuptools/_distutils/compilers/C/tests/__pycache__) by extensions ['python_setup_py']
[3.183s] Level 1:colcon.colcon_core.package_identification:_identify(venv/lib/python3.12/site-packages/setuptools/_distutils/compilers/C/tests/__pycache__) by extension 'python_setup_py'
[3.183s] Level 1:colcon.colcon_core.package_identification:_identify(venv/lib/python3.12/site-packages/setuptools/_distutils/tests) by extensions ['ignore', 'ignore_ament_install']
[3.183s] Level 1:colcon.colcon_core.package_identification:_identify(venv/lib/python3.12/site-packages/setuptools/_distutils/tests) by extension 'ignore'
[3.183s] Level 1:colcon.colcon_core.package_identification:_identify(venv/lib/python3.12/site-packages/setuptools/_distutils/tests) by extension 'ignore_ament_install'
[3.183s] Level 1:colcon.colcon_core.package_identification:_identify(venv/lib/python3.12/site-packages/setuptools/_distutils/tests) by extensions ['colcon_pkg']
[3.183s] Level 1:colcon.colcon_core.package_identification:_identify(venv/lib/python3.12/site-packages/setuptools/_distutils/tests) by extension 'colcon_pkg'
[3.183s] Level 1:colcon.colcon_core.package_identification:_identify(venv/lib/python3.12/site-packages/setuptools/_distutils/tests) by extensions ['colcon_meta']
[3.183s] Level 1:colcon.colcon_core.package_identification:_identify(venv/lib/python3.12/site-packages/setuptools/_distutils/tests) by extension 'colcon_meta'
[3.183s] Level 1:colcon.colcon_core.package_identification:_identify(venv/lib/python3.12/site-packages/setuptools/_distutils/tests) by extensions ['ros']
[3.183s] Level 1:colcon.colcon_core.package_identification:_identify(venv/lib/python3.12/site-packages/setuptools/_distutils/tests) by extension 'ros'
[3.184s] Level 1:colcon.colcon_core.package_identification:_identify(venv/lib/python3.12/site-packages/setuptools/_distutils/tests) by extensions ['cmake', 'python']
[3.184s] Level 1:colcon.colcon_core.package_identification:_identify(venv/lib/python3.12/site-packages/setuptools/_distutils/tests) by extension 'cmake'
[3.184s] Level 1:colcon.colcon_core.package_identification:_identify(venv/lib/python3.12/site-packages/setuptools/_distutils/tests) by extension 'python'
[3.184s] Level 1:colcon.colcon_core.package_identification:_identify(venv/lib/python3.12/site-packages/setuptools/_distutils/tests) by extensions ['python_setup_py']
[3.184s] Level 1:colcon.colcon_core.package_identification:_identify(venv/lib/python3.12/site-packages/setuptools/_distutils/tests) by extension 'python_setup_py'
[3.184s] Level 1:colcon.colcon_core.package_identification:_identify(venv/lib/python3.12/site-packages/setuptools/_distutils/tests/__pycache__) by extensions ['ignore', 'ignore_ament_install']
[3.184s] Level 1:colcon.colcon_core.package_identification:_identify(venv/lib/python3.12/site-packages/setuptools/_distutils/tests/__pycache__) by extension 'ignore'
[3.184s] Level 1:colcon.colcon_core.package_identification:_identify(venv/lib/python3.12/site-packages/setuptools/_distutils/tests/__pycache__) by extension 'ignore_ament_install'
[3.184s] Level 1:colcon.colcon_core.package_identification:_identify(venv/lib/python3.12/site-packages/setuptools/_distutils/tests/__pycache__) by extensions ['colcon_pkg']
[3.184s] Level 1:colcon.colcon_core.package_identification:_identify(venv/lib/python3.12/site-packages/setuptools/_distutils/tests/__pycache__) by extension 'colcon_pkg'
[3.184s] Level 1:colcon.colcon_core.package_identification:_identify(venv/lib/python3.12/site-packages/setuptools/_distutils/tests/__pycache__) by extensions ['colcon_meta']
[3.184s] Level 1:colcon.colcon_core.package_identification:_identify(venv/lib/python3.12/site-packages/setuptools/_distutils/tests/__pycache__) by extension 'colcon_meta'
[3.184s] Level 1:colcon.colcon_core.package_identification:_identify(venv/lib/python3.12/site-packages/setuptools/_distutils/tests/__pycache__) by extensions ['ros']
[3.184s] Level 1:colcon.colcon_core.package_identification:_identify(venv/lib/python3.12/site-packages/setuptools/_distutils/tests/__pycache__) by extension 'ros'
[3.184s] Level 1:colcon.colcon_core.package_identification:_identify(venv/lib/python3.12/site-packages/setuptools/_distutils/tests/__pycache__) by extensions ['cmake', 'python']
[3.184s] Level 1:colcon.colcon_core.package_identification:_identify(venv/lib/python3.12/site-packages/setuptools/_distutils/tests/__pycache__) by extension 'cmake'
[3.185s] Level 1:colcon.colcon_core.package_identification:_identify(venv/lib/python3.12/site-packages/setuptools/_distutils/tests/__pycache__) by extension 'python'
[3.185s] Level 1:colcon.colcon_core.package_identification:_identify(venv/lib/python3.12/site-packages/setuptools/_distutils/tests/__pycache__) by extensions ['python_setup_py']
[3.185s] Level 1:colcon.colcon_core.package_identification:_identify(venv/lib/python3.12/site-packages/setuptools/_distutils/tests/__pycache__) by extension 'python_setup_py'
[3.185s] Level 1:colcon.colcon_core.package_identification:_identify(venv/lib/python3.12/site-packages/setuptools/_distutils/tests/compat) by extensions ['ignore', 'ignore_ament_install']
[3.185s] Level 1:colcon.colcon_core.package_identification:_identify(venv/lib/python3.12/site-packages/setuptools/_distutils/tests/compat) by extension 'ignore'
[3.185s] Level 1:colcon.colcon_core.package_identification:_identify(venv/lib/python3.12/site-packages/setuptools/_distutils/tests/compat) by extension 'ignore_ament_install'
[3.185s] Level 1:colcon.colcon_core.package_identification:_identify(venv/lib/python3.12/site-packages/setuptools/_distutils/tests/compat) by extensions ['colcon_pkg']
[3.185s] Level 1:colcon.colcon_core.package_identification:_identify(venv/lib/python3.12/site-packages/setuptools/_distutils/tests/compat) by extension 'colcon_pkg'
[3.185s] Level 1:colcon.colcon_core.package_identification:_identify(venv/lib/python3.12/site-packages/setuptools/_distutils/tests/compat) by extensions ['colcon_meta']
[3.185s] Level 1:colcon.colcon_core.package_identification:_identify(venv/lib/python3.12/site-packages/setuptools/_distutils/tests/compat) by extension 'colcon_meta'
[3.185s] Level 1:colcon.colcon_core.package_identification:_identify(venv/lib/python3.12/site-packages/setuptools/_distutils/tests/compat) by extensions ['ros']
[3.185s] Level 1:colcon.colcon_core.package_identification:_identify(venv/lib/python3.12/site-packages/setuptools/_distutils/tests/compat) by extension 'ros'
[3.185s] Level 1:colcon.colcon_core.package_identification:_identify(venv/lib/python3.12/site-packages/setuptools/_distutils/tests/compat) by extensions ['cmake', 'python']
[3.185s] Level 1:colcon.colcon_core.package_identification:_identify(venv/lib/python3.12/site-packages/setuptools/_distutils/tests/compat) by extension 'cmake'
[3.185s] Level 1:colcon.colcon_core.package_identification:_identify(venv/lib/python3.12/site-packages/setuptools/_distutils/tests/compat) by extension 'python'
[3.185s] Level 1:colcon.colcon_core.package_identification:_identify(venv/lib/python3.12/site-packages/setuptools/_distutils/tests/compat) by extensions ['python_setup_py']
[3.185s] Level 1:colcon.colcon_core.package_identification:_identify(venv/lib/python3.12/site-packages/setuptools/_distutils/tests/compat) by extension 'python_setup_py'
[3.186s] Level 1:colcon.colcon_core.package_identification:_identify(venv/lib/python3.12/site-packages/setuptools/_distutils/tests/compat/__pycache__) by extensions ['ignore', 'ignore_ament_install']
[3.186s] Level 1:colcon.colcon_core.package_identification:_identify(venv/lib/python3.12/site-packages/setuptools/_distutils/tests/compat/__pycache__) by extension 'ignore'
[3.186s] Level 1:colcon.colcon_core.package_identification:_identify(venv/lib/python3.12/site-packages/setuptools/_distutils/tests/compat/__pycache__) by extension 'ignore_ament_install'
[3.186s] Level 1:colcon.colcon_core.package_identification:_identify(venv/lib/python3.12/site-packages/setuptools/_distutils/tests/compat/__pycache__) by extensions ['colcon_pkg']
[3.186s] Level 1:colcon.colcon_core.package_identification:_identify(venv/lib/python3.12/site-packages/setuptools/_distutils/tests/compat/__pycache__) by extension 'colcon_pkg'
[3.186s] Level 1:colcon.colcon_core.package_identification:_identify(venv/lib/python3.12/site-packages/setuptools/_distutils/tests/compat/__pycache__) by extensions ['colcon_meta']
[3.186s] Level 1:colcon.colcon_core.package_identification:_identify(venv/lib/python3.12/site-packages/setuptools/_distutils/tests/compat/__pycache__) by extension 'colcon_meta'
[3.186s] Level 1:colcon.colcon_core.package_identification:_identify(venv/lib/python3.12/site-packages/setuptools/_distutils/tests/compat/__pycache__) by extensions ['ros']
[3.186s] Level 1:colcon.colcon_core.package_identification:_identify(venv/lib/python3.12/site-packages/setuptools/_distutils/tests/compat/__pycache__) by extension 'ros'
[3.186s] Level 1:colcon.colcon_core.package_identification:_identify(venv/lib/python3.12/site-packages/setuptools/_distutils/tests/compat/__pycache__) by extensions ['cmake', 'python']
[3.186s] Level 1:colcon.colcon_core.package_identification:_identify(venv/lib/python3.12/site-packages/setuptools/_distutils/tests/compat/__pycache__) by extension 'cmake'
[3.186s] Level 1:colcon.colcon_core.package_identification:_identify(venv/lib/python3.12/site-packages/setuptools/_distutils/tests/compat/__pycache__) by extension 'python'
[3.186s] Level 1:colcon.colcon_core.package_identification:_identify(venv/lib/python3.12/site-packages/setuptools/_distutils/tests/compat/__pycache__) by extensions ['python_setup_py']
[3.186s] Level 1:colcon.colcon_core.package_identification:_identify(venv/lib/python3.12/site-packages/setuptools/_distutils/tests/compat/__pycache__) by extension 'python_setup_py'
[3.186s] Level 1:colcon.colcon_core.package_identification:_identify(venv/lib/python3.12/site-packages/setuptools/_vendor) by extensions ['ignore', 'ignore_ament_install']
[3.187s] Level 1:colcon.colcon_core.package_identification:_identify(venv/lib/python3.12/site-packages/setuptools/_vendor) by extension 'ignore'
[3.187s] Level 1:colcon.colcon_core.package_identification:_identify(venv/lib/python3.12/site-packages/setuptools/_vendor) by extension 'ignore_ament_install'
[3.187s] Level 1:colcon.colcon_core.package_identification:_identify(venv/lib/python3.12/site-packages/setuptools/_vendor) by extensions ['colcon_pkg']
[3.187s] Level 1:colcon.colcon_core.package_identification:_identify(venv/lib/python3.12/site-packages/setuptools/_vendor) by extension 'colcon_pkg'
[3.187s] Level 1:colcon.colcon_core.package_identification:_identify(venv/lib/python3.12/site-packages/setuptools/_vendor) by extensions ['colcon_meta']
[3.187s] Level 1:colcon.colcon_core.package_identification:_identify(venv/lib/python3.12/site-packages/setuptools/_vendor) by extension 'colcon_meta'
[3.187s] Level 1:colcon.colcon_core.package_identification:_identify(venv/lib/python3.12/site-packages/setuptools/_vendor) by extensions ['ros']
[3.187s] Level 1:colcon.colcon_core.package_identification:_identify(venv/lib/python3.12/site-packages/setuptools/_vendor) by extension 'ros'
[3.187s] Level 1:colcon.colcon_core.package_identification:_identify(venv/lib/python3.12/site-packages/setuptools/_vendor) by extensions ['cmake', 'python']
[3.187s] Level 1:colcon.colcon_core.package_identification:_identify(venv/lib/python3.12/site-packages/setuptools/_vendor) by extension 'cmake'
[3.187s] Level 1:colcon.colcon_core.package_identification:_identify(venv/lib/python3.12/site-packages/setuptools/_vendor) by extension 'python'
[3.187s] Level 1:colcon.colcon_core.package_identification:_identify(venv/lib/python3.12/site-packages/setuptools/_vendor) by extensions ['python_setup_py']
[3.187s] Level 1:colcon.colcon_core.package_identification:_identify(venv/lib/python3.12/site-packages/setuptools/_vendor) by extension 'python_setup_py'
[3.187s] Level 1:colcon.colcon_core.package_identification:_identify(venv/lib/python3.12/site-packages/setuptools/_vendor/autocommand) by extensions ['ignore', 'ignore_ament_install']
[3.187s] Level 1:colcon.colcon_core.package_identification:_identify(venv/lib/python3.12/site-packages/setuptools/_vendor/autocommand) by extension 'ignore'
[3.187s] Level 1:colcon.colcon_core.package_identification:_identify(venv/lib/python3.12/site-packages/setuptools/_vendor/autocommand) by extension 'ignore_ament_install'
[3.188s] Level 1:colcon.colcon_core.package_identification:_identify(venv/lib/python3.12/site-packages/setuptools/_vendor/autocommand) by extensions ['colcon_pkg']
[3.188s] Level 1:colcon.colcon_core.package_identification:_identify(venv/lib/python3.12/site-packages/setuptools/_vendor/autocommand) by extension 'colcon_pkg'
[3.188s] Level 1:colcon.colcon_core.package_identification:_identify(venv/lib/python3.12/site-packages/setuptools/_vendor/autocommand) by extensions ['colcon_meta']
[3.188s] Level 1:colcon.colcon_core.package_identification:_identify(venv/lib/python3.12/site-packages/setuptools/_vendor/autocommand) by extension 'colcon_meta'
[3.188s] Level 1:colcon.colcon_core.package_identification:_identify(venv/lib/python3.12/site-packages/setuptools/_vendor/autocommand) by extensions ['ros']
[3.188s] Level 1:colcon.colcon_core.package_identification:_identify(venv/lib/python3.12/site-packages/setuptools/_vendor/autocommand) by extension 'ros'
[3.188s] Level 1:colcon.colcon_core.package_identification:_identify(venv/lib/python3.12/site-packages/setuptools/_vendor/autocommand) by extensions ['cmake', 'python']
[3.188s] Level 1:colcon.colcon_core.package_identification:_identify(venv/lib/python3.12/site-packages/setuptools/_vendor/autocommand) by extension 'cmake'
[3.188s] Level 1:colcon.colcon_core.package_identification:_identify(venv/lib/python3.12/site-packages/setuptools/_vendor/autocommand) by extension 'python'
[3.188s] Level 1:colcon.colcon_core.package_identification:_identify(venv/lib/python3.12/site-packages/setuptools/_vendor/autocommand) by extensions ['python_setup_py']
[3.188s] Level 1:colcon.colcon_core.package_identification:_identify(venv/lib/python3.12/site-packages/setuptools/_vendor/autocommand) by extension 'python_setup_py'
[3.188s] Level 1:colcon.colcon_core.package_identification:_identify(venv/lib/python3.12/site-packages/setuptools/_vendor/autocommand/__pycache__) by extensions ['ignore', 'ignore_ament_install']
[3.188s] Level 1:colcon.colcon_core.package_identification:_identify(venv/lib/python3.12/site-packages/setuptools/_vendor/autocommand/__pycache__) by extension 'ignore'
[3.188s] Level 1:colcon.colcon_core.package_identification:_identify(venv/lib/python3.12/site-packages/setuptools/_vendor/autocommand/__pycache__) by extension 'ignore_ament_install'
[3.188s] Level 1:colcon.colcon_core.package_identification:_identify(venv/lib/python3.12/site-packages/setuptools/_vendor/autocommand/__pycache__) by extensions ['colcon_pkg']
[3.188s] Level 1:colcon.colcon_core.package_identification:_identify(venv/lib/python3.12/site-packages/setuptools/_vendor/autocommand/__pycache__) by extension 'colcon_pkg'
[3.188s] Level 1:colcon.colcon_core.package_identification:_identify(venv/lib/python3.12/site-packages/setuptools/_vendor/autocommand/__pycache__) by extensions ['colcon_meta']
[3.189s] Level 1:colcon.colcon_core.package_identification:_identify(venv/lib/python3.12/site-packages/setuptools/_vendor/autocommand/__pycache__) by extension 'colcon_meta'
[3.189s] Level 1:colcon.colcon_core.package_identification:_identify(venv/lib/python3.12/site-packages/setuptools/_vendor/autocommand/__pycache__) by extensions ['ros']
[3.189s] Level 1:colcon.colcon_core.package_identification:_identify(venv/lib/python3.12/site-packages/setuptools/_vendor/autocommand/__pycache__) by extension 'ros'
[3.189s] Level 1:colcon.colcon_core.package_identification:_identify(venv/lib/python3.12/site-packages/setuptools/_vendor/autocommand/__pycache__) by extensions ['cmake', 'python']
[3.189s] Level 1:colcon.colcon_core.package_identification:_identify(venv/lib/python3.12/site-packages/setuptools/_vendor/autocommand/__pycache__) by extension 'cmake'
[3.189s] Level 1:colcon.colcon_core.package_identification:_identify(venv/lib/python3.12/site-packages/setuptools/_vendor/autocommand/__pycache__) by extension 'python'
[3.189s] Level 1:colcon.colcon_core.package_identification:_identify(venv/lib/python3.12/site-packages/setuptools/_vendor/autocommand/__pycache__) by extensions ['python_setup_py']
[3.189s] Level 1:colcon.colcon_core.package_identification:_identify(venv/lib/python3.12/site-packages/setuptools/_vendor/autocommand/__pycache__) by extension 'python_setup_py'
[3.189s] Level 1:colcon.colcon_core.package_identification:_identify(venv/lib/python3.12/site-packages/setuptools/_vendor/autocommand-2.2.2.dist-info) by extensions ['ignore', 'ignore_ament_install']
[3.189s] Level 1:colcon.colcon_core.package_identification:_identify(venv/lib/python3.12/site-packages/setuptools/_vendor/autocommand-2.2.2.dist-info) by extension 'ignore'
[3.189s] Level 1:colcon.colcon_core.package_identification:_identify(venv/lib/python3.12/site-packages/setuptools/_vendor/autocommand-2.2.2.dist-info) by extension 'ignore_ament_install'
[3.189s] Level 1:colcon.colcon_core.package_identification:_identify(venv/lib/python3.12/site-packages/setuptools/_vendor/autocommand-2.2.2.dist-info) by extensions ['colcon_pkg']
[3.189s] Level 1:colcon.colcon_core.package_identification:_identify(venv/lib/python3.12/site-packages/setuptools/_vendor/autocommand-2.2.2.dist-info) by extension 'colcon_pkg'
[3.189s] Level 1:colcon.colcon_core.package_identification:_identify(venv/lib/python3.12/site-packages/setuptools/_vendor/autocommand-2.2.2.dist-info) by extensions ['colcon_meta']
[3.189s] Level 1:colcon.colcon_core.package_identification:_identify(venv/lib/python3.12/site-packages/setuptools/_vendor/autocommand-2.2.2.dist-info) by extension 'colcon_meta'
[3.189s] Level 1:colcon.colcon_core.package_identification:_identify(venv/lib/python3.12/site-packages/setuptools/_vendor/autocommand-2.2.2.dist-info) by extensions ['ros']
[3.189s] Level 1:colcon.colcon_core.package_identification:_identify(venv/lib/python3.12/site-packages/setuptools/_vendor/autocommand-2.2.2.dist-info) by extension 'ros'
[3.190s] Level 1:colcon.colcon_core.package_identification:_identify(venv/lib/python3.12/site-packages/setuptools/_vendor/autocommand-2.2.2.dist-info) by extensions ['cmake', 'python']
[3.190s] Level 1:colcon.colcon_core.package_identification:_identify(venv/lib/python3.12/site-packages/setuptools/_vendor/autocommand-2.2.2.dist-info) by extension 'cmake'
[3.190s] Level 1:colcon.colcon_core.package_identification:_identify(venv/lib/python3.12/site-packages/setuptools/_vendor/autocommand-2.2.2.dist-info) by extension 'python'
[3.190s] Level 1:colcon.colcon_core.package_identification:_identify(venv/lib/python3.12/site-packages/setuptools/_vendor/autocommand-2.2.2.dist-info) by extensions ['python_setup_py']
[3.190s] Level 1:colcon.colcon_core.package_identification:_identify(venv/lib/python3.12/site-packages/setuptools/_vendor/autocommand-2.2.2.dist-info) by extension 'python_setup_py'
[3.190s] Level 1:colcon.colcon_core.package_identification:_identify(venv/lib/python3.12/site-packages/setuptools/_vendor/backports) by extensions ['ignore', 'ignore_ament_install']
[3.190s] Level 1:colcon.colcon_core.package_identification:_identify(venv/lib/python3.12/site-packages/setuptools/_vendor/backports) by extension 'ignore'
[3.190s] Level 1:colcon.colcon_core.package_identification:_identify(venv/lib/python3.12/site-packages/setuptools/_vendor/backports) by extension 'ignore_ament_install'
[3.190s] Level 1:colcon.colcon_core.package_identification:_identify(venv/lib/python3.12/site-packages/setuptools/_vendor/backports) by extensions ['colcon_pkg']
[3.190s] Level 1:colcon.colcon_core.package_identification:_identify(venv/lib/python3.12/site-packages/setuptools/_vendor/backports) by extension 'colcon_pkg'
[3.190s] Level 1:colcon.colcon_core.package_identification:_identify(venv/lib/python3.12/site-packages/setuptools/_vendor/backports) by extensions ['colcon_meta']
[3.190s] Level 1:colcon.colcon_core.package_identification:_identify(venv/lib/python3.12/site-packages/setuptools/_vendor/backports) by extension 'colcon_meta'
[3.190s] Level 1:colcon.colcon_core.package_identification:_identify(venv/lib/python3.12/site-packages/setuptools/_vendor/backports) by extensions ['ros']
[3.190s] Level 1:colcon.colcon_core.package_identification:_identify(venv/lib/python3.12/site-packages/setuptools/_vendor/backports) by extension 'ros'
[3.191s] Level 1:colcon.colcon_core.package_identification:_identify(venv/lib/python3.12/site-packages/setuptools/_vendor/backports) by extensions ['cmake', 'python']
[3.191s] Level 1:colcon.colcon_core.package_identification:_identify(venv/lib/python3.12/site-packages/setuptools/_vendor/backports) by extension 'cmake'
[3.191s] Level 1:colcon.colcon_core.package_identification:_identify(venv/lib/python3.12/site-packages/setuptools/_vendor/backports) by extension 'python'
[3.191s] Level 1:colcon.colcon_core.package_identification:_identify(venv/lib/python3.12/site-packages/setuptools/_vendor/backports) by extensions ['python_setup_py']
[3.191s] Level 1:colcon.colcon_core.package_identification:_identify(venv/lib/python3.12/site-packages/setuptools/_vendor/backports) by extension 'python_setup_py'
[3.191s] Level 1:colcon.colcon_core.package_identification:_identify(venv/lib/python3.12/site-packages/setuptools/_vendor/backports/__pycache__) by extensions ['ignore', 'ignore_ament_install']
[3.191s] Level 1:colcon.colcon_core.package_identification:_identify(venv/lib/python3.12/site-packages/setuptools/_vendor/backports/__pycache__) by extension 'ignore'
[3.191s] Level 1:colcon.colcon_core.package_identification:_identify(venv/lib/python3.12/site-packages/setuptools/_vendor/backports/__pycache__) by extension 'ignore_ament_install'
[3.191s] Level 1:colcon.colcon_core.package_identification:_identify(venv/lib/python3.12/site-packages/setuptools/_vendor/backports/__pycache__) by extensions ['colcon_pkg']
[3.191s] Level 1:colcon.colcon_core.package_identification:_identify(venv/lib/python3.12/site-packages/setuptools/_vendor/backports/__pycache__) by extension 'colcon_pkg'
[3.191s] Level 1:colcon.colcon_core.package_identification:_identify(venv/lib/python3.12/site-packages/setuptools/_vendor/backports/__pycache__) by extensions ['colcon_meta']
[3.191s] Level 1:colcon.colcon_core.package_identification:_identify(venv/lib/python3.12/site-packages/setuptools/_vendor/backports/__pycache__) by extension 'colcon_meta'
[3.191s] Level 1:colcon.colcon_core.package_identification:_identify(venv/lib/python3.12/site-packages/setuptools/_vendor/backports/__pycache__) by extensions ['ros']
[3.191s] Level 1:colcon.colcon_core.package_identification:_identify(venv/lib/python3.12/site-packages/setuptools/_vendor/backports/__pycache__) by extension 'ros'
[3.191s] Level 1:colcon.colcon_core.package_identification:_identify(venv/lib/python3.12/site-packages/setuptools/_vendor/backports/__pycache__) by extensions ['cmake', 'python']
[3.191s] Level 1:colcon.colcon_core.package_identification:_identify(venv/lib/python3.12/site-packages/setuptools/_vendor/backports/__pycache__) by extension 'cmake'
[3.192s] Level 1:colcon.colcon_core.package_identification:_identify(venv/lib/python3.12/site-packages/setuptools/_vendor/backports/__pycache__) by extension 'python'
[3.192s] Level 1:colcon.colcon_core.package_identification:_identify(venv/lib/python3.12/site-packages/setuptools/_vendor/backports/__pycache__) by extensions ['python_setup_py']
[3.192s] Level 1:colcon.colcon_core.package_identification:_identify(venv/lib/python3.12/site-packages/setuptools/_vendor/backports/__pycache__) by extension 'python_setup_py'
[3.192s] Level 1:colcon.colcon_core.package_identification:_identify(venv/lib/python3.12/site-packages/setuptools/_vendor/backports/tarfile) by extensions ['ignore', 'ignore_ament_install']
[3.192s] Level 1:colcon.colcon_core.package_identification:_identify(venv/lib/python3.12/site-packages/setuptools/_vendor/backports/tarfile) by extension 'ignore'
[3.192s] Level 1:colcon.colcon_core.package_identification:_identify(venv/lib/python3.12/site-packages/setuptools/_vendor/backports/tarfile) by extension 'ignore_ament_install'
[3.192s] Level 1:colcon.colcon_core.package_identification:_identify(venv/lib/python3.12/site-packages/setuptools/_vendor/backports/tarfile) by extensions ['colcon_pkg']
[3.192s] Level 1:colcon.colcon_core.package_identification:_identify(venv/lib/python3.12/site-packages/setuptools/_vendor/backports/tarfile) by extension 'colcon_pkg'
[3.192s] Level 1:colcon.colcon_core.package_identification:_identify(venv/lib/python3.12/site-packages/setuptools/_vendor/backports/tarfile) by extensions ['colcon_meta']
[3.192s] Level 1:colcon.colcon_core.package_identification:_identify(venv/lib/python3.12/site-packages/setuptools/_vendor/backports/tarfile) by extension 'colcon_meta'
[3.192s] Level 1:colcon.colcon_core.package_identification:_identify(venv/lib/python3.12/site-packages/setuptools/_vendor/backports/tarfile) by extensions ['ros']
[3.192s] Level 1:colcon.colcon_core.package_identification:_identify(venv/lib/python3.12/site-packages/setuptools/_vendor/backports/tarfile) by extension 'ros'
[3.192s] Level 1:colcon.colcon_core.package_identification:_identify(venv/lib/python3.12/site-packages/setuptools/_vendor/backports/tarfile) by extensions ['cmake', 'python']
[3.192s] Level 1:colcon.colcon_core.package_identification:_identify(venv/lib/python3.12/site-packages/setuptools/_vendor/backports/tarfile) by extension 'cmake'
[3.192s] Level 1:colcon.colcon_core.package_identification:_identify(venv/lib/python3.12/site-packages/setuptools/_vendor/backports/tarfile) by extension 'python'
[3.192s] Level 1:colcon.colcon_core.package_identification:_identify(venv/lib/python3.12/site-packages/setuptools/_vendor/backports/tarfile) by extensions ['python_setup_py']
[3.192s] Level 1:colcon.colcon_core.package_identification:_identify(venv/lib/python3.12/site-packages/setuptools/_vendor/backports/tarfile) by extension 'python_setup_py'
[3.193s] Level 1:colcon.colcon_core.package_identification:_identify(venv/lib/python3.12/site-packages/setuptools/_vendor/backports/tarfile/__pycache__) by extensions ['ignore', 'ignore_ament_install']
[3.193s] Level 1:colcon.colcon_core.package_identification:_identify(venv/lib/python3.12/site-packages/setuptools/_vendor/backports/tarfile/__pycache__) by extension 'ignore'
[3.193s] Level 1:colcon.colcon_core.package_identification:_identify(venv/lib/python3.12/site-packages/setuptools/_vendor/backports/tarfile/__pycache__) by extension 'ignore_ament_install'
[3.193s] Level 1:colcon.colcon_core.package_identification:_identify(venv/lib/python3.12/site-packages/setuptools/_vendor/backports/tarfile/__pycache__) by extensions ['colcon_pkg']
[3.193s] Level 1:colcon.colcon_core.package_identification:_identify(venv/lib/python3.12/site-packages/setuptools/_vendor/backports/tarfile/__pycache__) by extension 'colcon_pkg'
[3.193s] Level 1:colcon.colcon_core.package_identification:_identify(venv/lib/python3.12/site-packages/setuptools/_vendor/backports/tarfile/__pycache__) by extensions ['colcon_meta']
[3.193s] Level 1:colcon.colcon_core.package_identification:_identify(venv/lib/python3.12/site-packages/setuptools/_vendor/backports/tarfile/__pycache__) by extension 'colcon_meta'
[3.193s] Level 1:colcon.colcon_core.package_identification:_identify(venv/lib/python3.12/site-packages/setuptools/_vendor/backports/tarfile/__pycache__) by extensions ['ros']
[3.193s] Level 1:colcon.colcon_core.package_identification:_identify(venv/lib/python3.12/site-packages/setuptools/_vendor/backports/tarfile/__pycache__) by extension 'ros'
[3.193s] Level 1:colcon.colcon_core.package_identification:_identify(venv/lib/python3.12/site-packages/setuptools/_vendor/backports/tarfile/__pycache__) by extensions ['cmake', 'python']
[3.193s] Level 1:colcon.colcon_core.package_identification:_identify(venv/lib/python3.12/site-packages/setuptools/_vendor/backports/tarfile/__pycache__) by extension 'cmake'
[3.193s] Level 1:colcon.colcon_core.package_identification:_identify(venv/lib/python3.12/site-packages/setuptools/_vendor/backports/tarfile/__pycache__) by extension 'python'
[3.193s] Level 1:colcon.colcon_core.package_identification:_identify(venv/lib/python3.12/site-packages/setuptools/_vendor/backports/tarfile/__pycache__) by extensions ['python_setup_py']
[3.193s] Level 1:colcon.colcon_core.package_identification:_identify(venv/lib/python3.12/site-packages/setuptools/_vendor/backports/tarfile/__pycache__) by extension 'python_setup_py'
[3.193s] Level 1:colcon.colcon_core.package_identification:_identify(venv/lib/python3.12/site-packages/setuptools/_vendor/backports/tarfile/compat) by extensions ['ignore', 'ignore_ament_install']
[3.194s] Level 1:colcon.colcon_core.package_identification:_identify(venv/lib/python3.12/site-packages/setuptools/_vendor/backports/tarfile/compat) by extension 'ignore'
[3.194s] Level 1:colcon.colcon_core.package_identification:_identify(venv/lib/python3.12/site-packages/setuptools/_vendor/backports/tarfile/compat) by extension 'ignore_ament_install'
[3.194s] Level 1:colcon.colcon_core.package_identification:_identify(venv/lib/python3.12/site-packages/setuptools/_vendor/backports/tarfile/compat) by extensions ['colcon_pkg']
[3.194s] Level 1:colcon.colcon_core.package_identification:_identify(venv/lib/python3.12/site-packages/setuptools/_vendor/backports/tarfile/compat) by extension 'colcon_pkg'
[3.194s] Level 1:colcon.colcon_core.package_identification:_identify(venv/lib/python3.12/site-packages/setuptools/_vendor/backports/tarfile/compat) by extensions ['colcon_meta']
[3.194s] Level 1:colcon.colcon_core.package_identification:_identify(venv/lib/python3.12/site-packages/setuptools/_vendor/backports/tarfile/compat) by extension 'colcon_meta'
[3.194s] Level 1:colcon.colcon_core.package_identification:_identify(venv/lib/python3.12/site-packages/setuptools/_vendor/backports/tarfile/compat) by extensions ['ros']
[3.194s] Level 1:colcon.colcon_core.package_identification:_identify(venv/lib/python3.12/site-packages/setuptools/_vendor/backports/tarfile/compat) by extension 'ros'
[3.194s] Level 1:colcon.colcon_core.package_identification:_identify(venv/lib/python3.12/site-packages/setuptools/_vendor/backports/tarfile/compat) by extensions ['cmake', 'python']
[3.194s] Level 1:colcon.colcon_core.package_identification:_identify(venv/lib/python3.12/site-packages/setuptools/_vendor/backports/tarfile/compat) by extension 'cmake'
[3.194s] Level 1:colcon.colcon_core.package_identification:_identify(venv/lib/python3.12/site-packages/setuptools/_vendor/backports/tarfile/compat) by extension 'python'
[3.194s] Level 1:colcon.colcon_core.package_identification:_identify(venv/lib/python3.12/site-packages/setuptools/_vendor/backports/tarfile/compat) by extensions ['python_setup_py']
[3.194s] Level 1:colcon.colcon_core.package_identification:_identify(venv/lib/python3.12/site-packages/setuptools/_vendor/backports/tarfile/compat) by extension 'python_setup_py'
[3.194s] Level 1:colcon.colcon_core.package_identification:_identify(venv/lib/python3.12/site-packages/setuptools/_vendor/backports/tarfile/compat/__pycache__) by extensions ['ignore', 'ignore_ament_install']
[3.194s] Level 1:colcon.colcon_core.package_identification:_identify(venv/lib/python3.12/site-packages/setuptools/_vendor/backports/tarfile/compat/__pycache__) by extension 'ignore'
[3.194s] Level 1:colcon.colcon_core.package_identification:_identify(venv/lib/python3.12/site-packages/setuptools/_vendor/backports/tarfile/compat/__pycache__) by extension 'ignore_ament_install'
[3.195s] Level 1:colcon.colcon_core.package_identification:_identify(venv/lib/python3.12/site-packages/setuptools/_vendor/backports/tarfile/compat/__pycache__) by extensions ['colcon_pkg']
[3.195s] Level 1:colcon.colcon_core.package_identification:_identify(venv/lib/python3.12/site-packages/setuptools/_vendor/backports/tarfile/compat/__pycache__) by extension 'colcon_pkg'
[3.195s] Level 1:colcon.colcon_core.package_identification:_identify(venv/lib/python3.12/site-packages/setuptools/_vendor/backports/tarfile/compat/__pycache__) by extensions ['colcon_meta']
[3.195s] Level 1:colcon.colcon_core.package_identification:_identify(venv/lib/python3.12/site-packages/setuptools/_vendor/backports/tarfile/compat/__pycache__) by extension 'colcon_meta'
[3.195s] Level 1:colcon.colcon_core.package_identification:_identify(venv/lib/python3.12/site-packages/setuptools/_vendor/backports/tarfile/compat/__pycache__) by extensions ['ros']
[3.195s] Level 1:colcon.colcon_core.package_identification:_identify(venv/lib/python3.12/site-packages/setuptools/_vendor/backports/tarfile/compat/__pycache__) by extension 'ros'
[3.195s] Level 1:colcon.colcon_core.package_identification:_identify(venv/lib/python3.12/site-packages/setuptools/_vendor/backports/tarfile/compat/__pycache__) by extensions ['cmake', 'python']
[3.195s] Level 1:colcon.colcon_core.package_identification:_identify(venv/lib/python3.12/site-packages/setuptools/_vendor/backports/tarfile/compat/__pycache__) by extension 'cmake'
[3.195s] Level 1:colcon.colcon_core.package_identification:_identify(venv/lib/python3.12/site-packages/setuptools/_vendor/backports/tarfile/compat/__pycache__) by extension 'python'
[3.195s] Level 1:colcon.colcon_core.package_identification:_identify(venv/lib/python3.12/site-packages/setuptools/_vendor/backports/tarfile/compat/__pycache__) by extensions ['python_setup_py']
[3.195s] Level 1:colcon.colcon_core.package_identification:_identify(venv/lib/python3.12/site-packages/setuptools/_vendor/backports/tarfile/compat/__pycache__) by extension 'python_setup_py'
[3.195s] Level 1:colcon.colcon_core.package_identification:_identify(venv/lib/python3.12/site-packages/setuptools/_vendor/backports.tarfile-1.2.0.dist-info) by extensions ['ignore', 'ignore_ament_install']
[3.195s] Level 1:colcon.colcon_core.package_identification:_identify(venv/lib/python3.12/site-packages/setuptools/_vendor/backports.tarfile-1.2.0.dist-info) by extension 'ignore'
[3.195s] Level 1:colcon.colcon_core.package_identification:_identify(venv/lib/python3.12/site-packages/setuptools/_vendor/backports.tarfile-1.2.0.dist-info) by extension 'ignore_ament_install'
[3.195s] Level 1:colcon.colcon_core.package_identification:_identify(venv/lib/python3.12/site-packages/setuptools/_vendor/backports.tarfile-1.2.0.dist-info) by extensions ['colcon_pkg']
[3.196s] Level 1:colcon.colcon_core.package_identification:_identify(venv/lib/python3.12/site-packages/setuptools/_vendor/backports.tarfile-1.2.0.dist-info) by extension 'colcon_pkg'
[3.196s] Level 1:colcon.colcon_core.package_identification:_identify(venv/lib/python3.12/site-packages/setuptools/_vendor/backports.tarfile-1.2.0.dist-info) by extensions ['colcon_meta']
[3.196s] Level 1:colcon.colcon_core.package_identification:_identify(venv/lib/python3.12/site-packages/setuptools/_vendor/backports.tarfile-1.2.0.dist-info) by extension 'colcon_meta'
[3.196s] Level 1:colcon.colcon_core.package_identification:_identify(venv/lib/python3.12/site-packages/setuptools/_vendor/backports.tarfile-1.2.0.dist-info) by extensions ['ros']
[3.196s] Level 1:colcon.colcon_core.package_identification:_identify(venv/lib/python3.12/site-packages/setuptools/_vendor/backports.tarfile-1.2.0.dist-info) by extension 'ros'
[3.196s] Level 1:colcon.colcon_core.package_identification:_identify(venv/lib/python3.12/site-packages/setuptools/_vendor/backports.tarfile-1.2.0.dist-info) by extensions ['cmake', 'python']
[3.196s] Level 1:colcon.colcon_core.package_identification:_identify(venv/lib/python3.12/site-packages/setuptools/_vendor/backports.tarfile-1.2.0.dist-info) by extension 'cmake'
[3.196s] Level 1:colcon.colcon_core.package_identification:_identify(venv/lib/python3.12/site-packages/setuptools/_vendor/backports.tarfile-1.2.0.dist-info) by extension 'python'
[3.196s] Level 1:colcon.colcon_core.package_identification:_identify(venv/lib/python3.12/site-packages/setuptools/_vendor/backports.tarfile-1.2.0.dist-info) by extensions ['python_setup_py']
[3.196s] Level 1:colcon.colcon_core.package_identification:_identify(venv/lib/python3.12/site-packages/setuptools/_vendor/backports.tarfile-1.2.0.dist-info) by extension 'python_setup_py'
[3.196s] Level 1:colcon.colcon_core.package_identification:_identify(venv/lib/python3.12/site-packages/setuptools/_vendor/importlib_metadata) by extensions ['ignore', 'ignore_ament_install']
[3.196s] Level 1:colcon.colcon_core.package_identification:_identify(venv/lib/python3.12/site-packages/setuptools/_vendor/importlib_metadata) by extension 'ignore'
[3.196s] Level 1:colcon.colcon_core.package_identification:_identify(venv/lib/python3.12/site-packages/setuptools/_vendor/importlib_metadata) by extension 'ignore_ament_install'
[3.196s] Level 1:colcon.colcon_core.package_identification:_identify(venv/lib/python3.12/site-packages/setuptools/_vendor/importlib_metadata) by extensions ['colcon_pkg']
[3.196s] Level 1:colcon.colcon_core.package_identification:_identify(venv/lib/python3.12/site-packages/setuptools/_vendor/importlib_metadata) by extension 'colcon_pkg'
[3.196s] Level 1:colcon.colcon_core.package_identification:_identify(venv/lib/python3.12/site-packages/setuptools/_vendor/importlib_metadata) by extensions ['colcon_meta']
[3.196s] Level 1:colcon.colcon_core.package_identification:_identify(venv/lib/python3.12/site-packages/setuptools/_vendor/importlib_metadata) by extension 'colcon_meta'
[3.196s] Level 1:colcon.colcon_core.package_identification:_identify(venv/lib/python3.12/site-packages/setuptools/_vendor/importlib_metadata) by extensions ['ros']
[3.197s] Level 1:colcon.colcon_core.package_identification:_identify(venv/lib/python3.12/site-packages/setuptools/_vendor/importlib_metadata) by extension 'ros'
[3.197s] Level 1:colcon.colcon_core.package_identification:_identify(venv/lib/python3.12/site-packages/setuptools/_vendor/importlib_metadata) by extensions ['cmake', 'python']
[3.197s] Level 1:colcon.colcon_core.package_identification:_identify(venv/lib/python3.12/site-packages/setuptools/_vendor/importlib_metadata) by extension 'cmake'
[3.197s] Level 1:colcon.colcon_core.package_identification:_identify(venv/lib/python3.12/site-packages/setuptools/_vendor/importlib_metadata) by extension 'python'
[3.197s] Level 1:colcon.colcon_core.package_identification:_identify(venv/lib/python3.12/site-packages/setuptools/_vendor/importlib_metadata) by extensions ['python_setup_py']
[3.197s] Level 1:colcon.colcon_core.package_identification:_identify(venv/lib/python3.12/site-packages/setuptools/_vendor/importlib_metadata) by extension 'python_setup_py'
[3.197s] Level 1:colcon.colcon_core.package_identification:_identify(venv/lib/python3.12/site-packages/setuptools/_vendor/importlib_metadata/__pycache__) by extensions ['ignore', 'ignore_ament_install']
[3.197s] Level 1:colcon.colcon_core.package_identification:_identify(venv/lib/python3.12/site-packages/setuptools/_vendor/importlib_metadata/__pycache__) by extension 'ignore'
[3.197s] Level 1:colcon.colcon_core.package_identification:_identify(venv/lib/python3.12/site-packages/setuptools/_vendor/importlib_metadata/__pycache__) by extension 'ignore_ament_install'
[3.197s] Level 1:colcon.colcon_core.package_identification:_identify(venv/lib/python3.12/site-packages/setuptools/_vendor/importlib_metadata/__pycache__) by extensions ['colcon_pkg']
[3.197s] Level 1:colcon.colcon_core.package_identification:_identify(venv/lib/python3.12/site-packages/setuptools/_vendor/importlib_metadata/__pycache__) by extension 'colcon_pkg'
[3.197s] Level 1:colcon.colcon_core.package_identification:_identify(venv/lib/python3.12/site-packages/setuptools/_vendor/importlib_metadata/__pycache__) by extensions ['colcon_meta']
[3.197s] Level 1:colcon.colcon_core.package_identification:_identify(venv/lib/python3.12/site-packages/setuptools/_vendor/importlib_metadata/__pycache__) by extension 'colcon_meta'
[3.197s] Level 1:colcon.colcon_core.package_identification:_identify(venv/lib/python3.12/site-packages/setuptools/_vendor/importlib_metadata/__pycache__) by extensions ['ros']
[3.197s] Level 1:colcon.colcon_core.package_identification:_identify(venv/lib/python3.12/site-packages/setuptools/_vendor/importlib_metadata/__pycache__) by extension 'ros'
[3.198s] Level 1:colcon.colcon_core.package_identification:_identify(venv/lib/python3.12/site-packages/setuptools/_vendor/importlib_metadata/__pycache__) by extensions ['cmake', 'python']
[3.198s] Level 1:colcon.colcon_core.package_identification:_identify(venv/lib/python3.12/site-packages/setuptools/_vendor/importlib_metadata/__pycache__) by extension 'cmake'
[3.198s] Level 1:colcon.colcon_core.package_identification:_identify(venv/lib/python3.12/site-packages/setuptools/_vendor/importlib_metadata/__pycache__) by extension 'python'
[3.198s] Level 1:colcon.colcon_core.package_identification:_identify(venv/lib/python3.12/site-packages/setuptools/_vendor/importlib_metadata/__pycache__) by extensions ['python_setup_py']
[3.198s] Level 1:colcon.colcon_core.package_identification:_identify(venv/lib/python3.12/site-packages/setuptools/_vendor/importlib_metadata/__pycache__) by extension 'python_setup_py'
[3.198s] Level 1:colcon.colcon_core.package_identification:_identify(venv/lib/python3.12/site-packages/setuptools/_vendor/importlib_metadata/compat) by extensions ['ignore', 'ignore_ament_install']
[3.198s] Level 1:colcon.colcon_core.package_identification:_identify(venv/lib/python3.12/site-packages/setuptools/_vendor/importlib_metadata/compat) by extension 'ignore'
[3.198s] Level 1:colcon.colcon_core.package_identification:_identify(venv/lib/python3.12/site-packages/setuptools/_vendor/importlib_metadata/compat) by extension 'ignore_ament_install'
[3.198s] Level 1:colcon.colcon_core.package_identification:_identify(venv/lib/python3.12/site-packages/setuptools/_vendor/importlib_metadata/compat) by extensions ['colcon_pkg']
[3.198s] Level 1:colcon.colcon_core.package_identification:_identify(venv/lib/python3.12/site-packages/setuptools/_vendor/importlib_metadata/compat) by extension 'colcon_pkg'
[3.198s] Level 1:colcon.colcon_core.package_identification:_identify(venv/lib/python3.12/site-packages/setuptools/_vendor/importlib_metadata/compat) by extensions ['colcon_meta']
[3.198s] Level 1:colcon.colcon_core.package_identification:_identify(venv/lib/python3.12/site-packages/setuptools/_vendor/importlib_metadata/compat) by extension 'colcon_meta'
[3.198s] Level 1:colcon.colcon_core.package_identification:_identify(venv/lib/python3.12/site-packages/setuptools/_vendor/importlib_metadata/compat) by extensions ['ros']
[3.198s] Level 1:colcon.colcon_core.package_identification:_identify(venv/lib/python3.12/site-packages/setuptools/_vendor/importlib_metadata/compat) by extension 'ros'
[3.198s] Level 1:colcon.colcon_core.package_identification:_identify(venv/lib/python3.12/site-packages/setuptools/_vendor/importlib_metadata/compat) by extensions ['cmake', 'python']
[3.199s] Level 1:colcon.colcon_core.package_identification:_identify(venv/lib/python3.12/site-packages/setuptools/_vendor/importlib_metadata/compat) by extension 'cmake'
[3.199s] Level 1:colcon.colcon_core.package_identification:_identify(venv/lib/python3.12/site-packages/setuptools/_vendor/importlib_metadata/compat) by extension 'python'
[3.199s] Level 1:colcon.colcon_core.package_identification:_identify(venv/lib/python3.12/site-packages/setuptools/_vendor/importlib_metadata/compat) by extensions ['python_setup_py']
[3.199s] Level 1:colcon.colcon_core.package_identification:_identify(venv/lib/python3.12/site-packages/setuptools/_vendor/importlib_metadata/compat) by extension 'python_setup_py'
[3.199s] Level 1:colcon.colcon_core.package_identification:_identify(venv/lib/python3.12/site-packages/setuptools/_vendor/importlib_metadata/compat/__pycache__) by extensions ['ignore', 'ignore_ament_install']
[3.199s] Level 1:colcon.colcon_core.package_identification:_identify(venv/lib/python3.12/site-packages/setuptools/_vendor/importlib_metadata/compat/__pycache__) by extension 'ignore'
[3.199s] Level 1:colcon.colcon_core.package_identification:_identify(venv/lib/python3.12/site-packages/setuptools/_vendor/importlib_metadata/compat/__pycache__) by extension 'ignore_ament_install'
[3.199s] Level 1:colcon.colcon_core.package_identification:_identify(venv/lib/python3.12/site-packages/setuptools/_vendor/importlib_metadata/compat/__pycache__) by extensions ['colcon_pkg']
[3.199s] Level 1:colcon.colcon_core.package_identification:_identify(venv/lib/python3.12/site-packages/setuptools/_vendor/importlib_metadata/compat/__pycache__) by extension 'colcon_pkg'
[3.199s] Level 1:colcon.colcon_core.package_identification:_identify(venv/lib/python3.12/site-packages/setuptools/_vendor/importlib_metadata/compat/__pycache__) by extensions ['colcon_meta']
[3.199s] Level 1:colcon.colcon_core.package_identification:_identify(venv/lib/python3.12/site-packages/setuptools/_vendor/importlib_metadata/compat/__pycache__) by extension 'colcon_meta'
[3.199s] Level 1:colcon.colcon_core.package_identification:_identify(venv/lib/python3.12/site-packages/setuptools/_vendor/importlib_metadata/compat/__pycache__) by extensions ['ros']
[3.199s] Level 1:colcon.colcon_core.package_identification:_identify(venv/lib/python3.12/site-packages/setuptools/_vendor/importlib_metadata/compat/__pycache__) by extension 'ros'
[3.200s] Level 1:colcon.colcon_core.package_identification:_identify(venv/lib/python3.12/site-packages/setuptools/_vendor/importlib_metadata/compat/__pycache__) by extensions ['cmake', 'python']
[3.200s] Level 1:colcon.colcon_core.package_identification:_identify(venv/lib/python3.12/site-packages/setuptools/_vendor/importlib_metadata/compat/__pycache__) by extension 'cmake'
[3.200s] Level 1:colcon.colcon_core.package_identification:_identify(venv/lib/python3.12/site-packages/setuptools/_vendor/importlib_metadata/compat/__pycache__) by extension 'python'
[3.200s] Level 1:colcon.colcon_core.package_identification:_identify(venv/lib/python3.12/site-packages/setuptools/_vendor/importlib_metadata/compat/__pycache__) by extensions ['python_setup_py']
[3.200s] Level 1:colcon.colcon_core.package_identification:_identify(venv/lib/python3.12/site-packages/setuptools/_vendor/importlib_metadata/compat/__pycache__) by extension 'python_setup_py'
[3.200s] Level 1:colcon.colcon_core.package_identification:_identify(venv/lib/python3.12/site-packages/setuptools/_vendor/importlib_metadata-8.7.1.dist-info) by extensions ['ignore', 'ignore_ament_install']
[3.200s] Level 1:colcon.colcon_core.package_identification:_identify(venv/lib/python3.12/site-packages/setuptools/_vendor/importlib_metadata-8.7.1.dist-info) by extension 'ignore'
[3.200s] Level 1:colcon.colcon_core.package_identification:_identify(venv/lib/python3.12/site-packages/setuptools/_vendor/importlib_metadata-8.7.1.dist-info) by extension 'ignore_ament_install'
[3.200s] Level 1:colcon.colcon_core.package_identification:_identify(venv/lib/python3.12/site-packages/setuptools/_vendor/importlib_metadata-8.7.1.dist-info) by extensions ['colcon_pkg']
[3.200s] Level 1:colcon.colcon_core.package_identification:_identify(venv/lib/python3.12/site-packages/setuptools/_vendor/importlib_metadata-8.7.1.dist-info) by extension 'colcon_pkg'
[3.200s] Level 1:colcon.colcon_core.package_identification:_identify(venv/lib/python3.12/site-packages/setuptools/_vendor/importlib_metadata-8.7.1.dist-info) by extensions ['colcon_meta']
[3.200s] Level 1:colcon.colcon_core.package_identification:_identify(venv/lib/python3.12/site-packages/setuptools/_vendor/importlib_metadata-8.7.1.dist-info) by extension 'colcon_meta'
[3.200s] Level 1:colcon.colcon_core.package_identification:_identify(venv/lib/python3.12/site-packages/setuptools/_vendor/importlib_metadata-8.7.1.dist-info) by extensions ['ros']
[3.200s] Level 1:colcon.colcon_core.package_identification:_identify(venv/lib/python3.12/site-packages/setuptools/_vendor/importlib_metadata-8.7.1.dist-info) by extension 'ros'
[3.200s] Level 1:colcon.colcon_core.package_identification:_identify(venv/lib/python3.12/site-packages/setuptools/_vendor/importlib_metadata-8.7.1.dist-info) by extensions ['cmake', 'python']
[3.200s] Level 1:colcon.colcon_core.package_identification:_identify(venv/lib/python3.12/site-packages/setuptools/_vendor/importlib_metadata-8.7.1.dist-info) by extension 'cmake'
[3.201s] Level 1:colcon.colcon_core.package_identification:_identify(venv/lib/python3.12/site-packages/setuptools/_vendor/importlib_metadata-8.7.1.dist-info) by extension 'python'
[3.201s] Level 1:colcon.colcon_core.package_identification:_identify(venv/lib/python3.12/site-packages/setuptools/_vendor/importlib_metadata-8.7.1.dist-info) by extensions ['python_setup_py']
[3.201s] Level 1:colcon.colcon_core.package_identification:_identify(venv/lib/python3.12/site-packages/setuptools/_vendor/importlib_metadata-8.7.1.dist-info) by extension 'python_setup_py'
[3.201s] Level 1:colcon.colcon_core.package_identification:_identify(venv/lib/python3.12/site-packages/setuptools/_vendor/importlib_metadata-8.7.1.dist-info/licenses) by extensions ['ignore', 'ignore_ament_install']
[3.201s] Level 1:colcon.colcon_core.package_identification:_identify(venv/lib/python3.12/site-packages/setuptools/_vendor/importlib_metadata-8.7.1.dist-info/licenses) by extension 'ignore'
[3.201s] Level 1:colcon.colcon_core.package_identification:_identify(venv/lib/python3.12/site-packages/setuptools/_vendor/importlib_metadata-8.7.1.dist-info/licenses) by extension 'ignore_ament_install'
[3.201s] Level 1:colcon.colcon_core.package_identification:_identify(venv/lib/python3.12/site-packages/setuptools/_vendor/importlib_metadata-8.7.1.dist-info/licenses) by extensions ['colcon_pkg']
[3.201s] Level 1:colcon.colcon_core.package_identification:_identify(venv/lib/python3.12/site-packages/setuptools/_vendor/importlib_metadata-8.7.1.dist-info/licenses) by extension 'colcon_pkg'
[3.201s] Level 1:colcon.colcon_core.package_identification:_identify(venv/lib/python3.12/site-packages/setuptools/_vendor/importlib_metadata-8.7.1.dist-info/licenses) by extensions ['colcon_meta']
[3.201s] Level 1:colcon.colcon_core.package_identification:_identify(venv/lib/python3.12/site-packages/setuptools/_vendor/importlib_metadata-8.7.1.dist-info/licenses) by extension 'colcon_meta'
[3.201s] Level 1:colcon.colcon_core.package_identification:_identify(venv/lib/python3.12/site-packages/setuptools/_vendor/importlib_metadata-8.7.1.dist-info/licenses) by extensions ['ros']
[3.201s] Level 1:colcon.colcon_core.package_identification:_identify(venv/lib/python3.12/site-packages/setuptools/_vendor/importlib_metadata-8.7.1.dist-info/licenses) by extension 'ros'
[3.201s] Level 1:colcon.colcon_core.package_identification:_identify(venv/lib/python3.12/site-packages/setuptools/_vendor/importlib_metadata-8.7.1.dist-info/licenses) by extensions ['cmake', 'python']
[3.201s] Level 1:colcon.colcon_core.package_identification:_identify(venv/lib/python3.12/site-packages/setuptools/_vendor/importlib_metadata-8.7.1.dist-info/licenses) by extension 'cmake'
[3.201s] Level 1:colcon.colcon_core.package_identification:_identify(venv/lib/python3.12/site-packages/setuptools/_vendor/importlib_metadata-8.7.1.dist-info/licenses) by extension 'python'
[3.201s] Level 1:colcon.colcon_core.package_identification:_identify(venv/lib/python3.12/site-packages/setuptools/_vendor/importlib_metadata-8.7.1.dist-info/licenses) by extensions ['python_setup_py']
[3.201s] Level 1:colcon.colcon_core.package_identification:_identify(venv/lib/python3.12/site-packages/setuptools/_vendor/importlib_metadata-8.7.1.dist-info/licenses) by extension 'python_setup_py'
[3.202s] Level 1:colcon.colcon_core.package_identification:_identify(venv/lib/python3.12/site-packages/setuptools/_vendor/jaraco) by extensions ['ignore', 'ignore_ament_install']
[3.202s] Level 1:colcon.colcon_core.package_identification:_identify(venv/lib/python3.12/site-packages/setuptools/_vendor/jaraco) by extension 'ignore'
[3.202s] Level 1:colcon.colcon_core.package_identification:_identify(venv/lib/python3.12/site-packages/setuptools/_vendor/jaraco) by extension 'ignore_ament_install'
[3.202s] Level 1:colcon.colcon_core.package_identification:_identify(venv/lib/python3.12/site-packages/setuptools/_vendor/jaraco) by extensions ['colcon_pkg']
[3.202s] Level 1:colcon.colcon_core.package_identification:_identify(venv/lib/python3.12/site-packages/setuptools/_vendor/jaraco) by extension 'colcon_pkg'
[3.202s] Level 1:colcon.colcon_core.package_identification:_identify(venv/lib/python3.12/site-packages/setuptools/_vendor/jaraco) by extensions ['colcon_meta']
[3.202s] Level 1:colcon.colcon_core.package_identification:_identify(venv/lib/python3.12/site-packages/setuptools/_vendor/jaraco) by extension 'colcon_meta'
[3.202s] Level 1:colcon.colcon_core.package_identification:_identify(venv/lib/python3.12/site-packages/setuptools/_vendor/jaraco) by extensions ['ros']
[3.202s] Level 1:colcon.colcon_core.package_identification:_identify(venv/lib/python3.12/site-packages/setuptools/_vendor/jaraco) by extension 'ros'
[3.202s] Level 1:colcon.colcon_core.package_identification:_identify(venv/lib/python3.12/site-packages/setuptools/_vendor/jaraco) by extensions ['cmake', 'python']
[3.202s] Level 1:colcon.colcon_core.package_identification:_identify(venv/lib/python3.12/site-packages/setuptools/_vendor/jaraco) by extension 'cmake'
[3.202s] Level 1:colcon.colcon_core.package_identification:_identify(venv/lib/python3.12/site-packages/setuptools/_vendor/jaraco) by extension 'python'
[3.202s] Level 1:colcon.colcon_core.package_identification:_identify(venv/lib/python3.12/site-packages/setuptools/_vendor/jaraco) by extensions ['python_setup_py']
[3.202s] Level 1:colcon.colcon_core.package_identification:_identify(venv/lib/python3.12/site-packages/setuptools/_vendor/jaraco) by extension 'python_setup_py'
[3.202s] Level 1:colcon.colcon_core.package_identification:_identify(venv/lib/python3.12/site-packages/setuptools/_vendor/jaraco/context) by extensions ['ignore', 'ignore_ament_install']
[3.203s] Level 1:colcon.colcon_core.package_identification:_identify(venv/lib/python3.12/site-packages/setuptools/_vendor/jaraco/context) by extension 'ignore'
[3.203s] Level 1:colcon.colcon_core.package_identification:_identify(venv/lib/python3.12/site-packages/setuptools/_vendor/jaraco/context) by extension 'ignore_ament_install'
[3.203s] Level 1:colcon.colcon_core.package_identification:_identify(venv/lib/python3.12/site-packages/setuptools/_vendor/jaraco/context) by extensions ['colcon_pkg']
[3.203s] Level 1:colcon.colcon_core.package_identification:_identify(venv/lib/python3.12/site-packages/setuptools/_vendor/jaraco/context) by extension 'colcon_pkg'
[3.203s] Level 1:colcon.colcon_core.package_identification:_identify(venv/lib/python3.12/site-packages/setuptools/_vendor/jaraco/context) by extensions ['colcon_meta']
[3.203s] Level 1:colcon.colcon_core.package_identification:_identify(venv/lib/python3.12/site-packages/setuptools/_vendor/jaraco/context) by extension 'colcon_meta'
[3.203s] Level 1:colcon.colcon_core.package_identification:_identify(venv/lib/python3.12/site-packages/setuptools/_vendor/jaraco/context) by extensions ['ros']
[3.203s] Level 1:colcon.colcon_core.package_identification:_identify(venv/lib/python3.12/site-packages/setuptools/_vendor/jaraco/context) by extension 'ros'
[3.203s] Level 1:colcon.colcon_core.package_identification:_identify(venv/lib/python3.12/site-packages/setuptools/_vendor/jaraco/context) by extensions ['cmake', 'python']
[3.203s] Level 1:colcon.colcon_core.package_identification:_identify(venv/lib/python3.12/site-packages/setuptools/_vendor/jaraco/context) by extension 'cmake'
[3.203s] Level 1:colcon.colcon_core.package_identification:_identify(venv/lib/python3.12/site-packages/setuptools/_vendor/jaraco/context) by extension 'python'
[3.203s] Level 1:colcon.colcon_core.package_identification:_identify(venv/lib/python3.12/site-packages/setuptools/_vendor/jaraco/context) by extensions ['python_setup_py']
[3.203s] Level 1:colcon.colcon_core.package_identification:_identify(venv/lib/python3.12/site-packages/setuptools/_vendor/jaraco/context) by extension 'python_setup_py'
[3.203s] Level 1:colcon.colcon_core.package_identification:_identify(venv/lib/python3.12/site-packages/setuptools/_vendor/jaraco/context/__pycache__) by extensions ['ignore', 'ignore_ament_install']
[3.203s] Level 1:colcon.colcon_core.package_identification:_identify(venv/lib/python3.12/site-packages/setuptools/_vendor/jaraco/context/__pycache__) by extension 'ignore'
[3.203s] Level 1:colcon.colcon_core.package_identification:_identify(venv/lib/python3.12/site-packages/setuptools/_vendor/jaraco/context/__pycache__) by extension 'ignore_ament_install'
[3.204s] Level 1:colcon.colcon_core.package_identification:_identify(venv/lib/python3.12/site-packages/setuptools/_vendor/jaraco/context/__pycache__) by extensions ['colcon_pkg']
[3.204s] Level 1:colcon.colcon_core.package_identification:_identify(venv/lib/python3.12/site-packages/setuptools/_vendor/jaraco/context/__pycache__) by extension 'colcon_pkg'
[3.204s] Level 1:colcon.colcon_core.package_identification:_identify(venv/lib/python3.12/site-packages/setuptools/_vendor/jaraco/context/__pycache__) by extensions ['colcon_meta']
[3.204s] Level 1:colcon.colcon_core.package_identification:_identify(venv/lib/python3.12/site-packages/setuptools/_vendor/jaraco/context/__pycache__) by extension 'colcon_meta'
[3.204s] Level 1:colcon.colcon_core.package_identification:_identify(venv/lib/python3.12/site-packages/setuptools/_vendor/jaraco/context/__pycache__) by extensions ['ros']
[3.204s] Level 1:colcon.colcon_core.package_identification:_identify(venv/lib/python3.12/site-packages/setuptools/_vendor/jaraco/context/__pycache__) by extension 'ros'
[3.204s] Level 1:colcon.colcon_core.package_identification:_identify(venv/lib/python3.12/site-packages/setuptools/_vendor/jaraco/context/__pycache__) by extensions ['cmake', 'python']
[3.204s] Level 1:colcon.colcon_core.package_identification:_identify(venv/lib/python3.12/site-packages/setuptools/_vendor/jaraco/context/__pycache__) by extension 'cmake'
[3.204s] Level 1:colcon.colcon_core.package_identification:_identify(venv/lib/python3.12/site-packages/setuptools/_vendor/jaraco/context/__pycache__) by extension 'python'
[3.204s] Level 1:colcon.colcon_core.package_identification:_identify(venv/lib/python3.12/site-packages/setuptools/_vendor/jaraco/context/__pycache__) by extensions ['python_setup_py']
[3.204s] Level 1:colcon.colcon_core.package_identification:_identify(venv/lib/python3.12/site-packages/setuptools/_vendor/jaraco/context/__pycache__) by extension 'python_setup_py'
[3.204s] Level 1:colcon.colcon_core.package_identification:_identify(venv/lib/python3.12/site-packages/setuptools/_vendor/jaraco/functools) by extensions ['ignore', 'ignore_ament_install']
[3.204s] Level 1:colcon.colcon_core.package_identification:_identify(venv/lib/python3.12/site-packages/setuptools/_vendor/jaraco/functools) by extension 'ignore'
[3.204s] Level 1:colcon.colcon_core.package_identification:_identify(venv/lib/python3.12/site-packages/setuptools/_vendor/jaraco/functools) by extension 'ignore_ament_install'
[3.205s] Level 1:colcon.colcon_core.package_identification:_identify(venv/lib/python3.12/site-packages/setuptools/_vendor/jaraco/functools) by extensions ['colcon_pkg']
[3.205s] Level 1:colcon.colcon_core.package_identification:_identify(venv/lib/python3.12/site-packages/setuptools/_vendor/jaraco/functools) by extension 'colcon_pkg'
[3.205s] Level 1:colcon.colcon_core.package_identification:_identify(venv/lib/python3.12/site-packages/setuptools/_vendor/jaraco/functools) by extensions ['colcon_meta']
[3.205s] Level 1:colcon.colcon_core.package_identification:_identify(venv/lib/python3.12/site-packages/setuptools/_vendor/jaraco/functools) by extension 'colcon_meta'
[3.205s] Level 1:colcon.colcon_core.package_identification:_identify(venv/lib/python3.12/site-packages/setuptools/_vendor/jaraco/functools) by extensions ['ros']
[3.205s] Level 1:colcon.colcon_core.package_identification:_identify(venv/lib/python3.12/site-packages/setuptools/_vendor/jaraco/functools) by extension 'ros'
[3.205s] Level 1:colcon.colcon_core.package_identification:_identify(venv/lib/python3.12/site-packages/setuptools/_vendor/jaraco/functools) by extensions ['cmake', 'python']
[3.205s] Level 1:colcon.colcon_core.package_identification:_identify(venv/lib/python3.12/site-packages/setuptools/_vendor/jaraco/functools) by extension 'cmake'
[3.205s] Level 1:colcon.colcon_core.package_identification:_identify(venv/lib/python3.12/site-packages/setuptools/_vendor/jaraco/functools) by extension 'python'
[3.205s] Level 1:colcon.colcon_core.package_identification:_identify(venv/lib/python3.12/site-packages/setuptools/_vendor/jaraco/functools) by extensions ['python_setup_py']
[3.205s] Level 1:colcon.colcon_core.package_identification:_identify(venv/lib/python3.12/site-packages/setuptools/_vendor/jaraco/functools) by extension 'python_setup_py'
[3.205s] Level 1:colcon.colcon_core.package_identification:_identify(venv/lib/python3.12/site-packages/setuptools/_vendor/jaraco/functools/__pycache__) by extensions ['ignore', 'ignore_ament_install']
[3.205s] Level 1:colcon.colcon_core.package_identification:_identify(venv/lib/python3.12/site-packages/setuptools/_vendor/jaraco/functools/__pycache__) by extension 'ignore'
[3.205s] Level 1:colcon.colcon_core.package_identification:_identify(venv/lib/python3.12/site-packages/setuptools/_vendor/jaraco/functools/__pycache__) by extension 'ignore_ament_install'
[3.205s] Level 1:colcon.colcon_core.package_identification:_identify(venv/lib/python3.12/site-packages/setuptools/_vendor/jaraco/functools/__pycache__) by extensions ['colcon_pkg']
[3.205s] Level 1:colcon.colcon_core.package_identification:_identify(venv/lib/python3.12/site-packages/setuptools/_vendor/jaraco/functools/__pycache__) by extension 'colcon_pkg'
[3.206s] Level 1:colcon.colcon_core.package_identification:_identify(venv/lib/python3.12/site-packages/setuptools/_vendor/jaraco/functools/__pycache__) by extensions ['colcon_meta']
[3.206s] Level 1:colcon.colcon_core.package_identification:_identify(venv/lib/python3.12/site-packages/setuptools/_vendor/jaraco/functools/__pycache__) by extension 'colcon_meta'
[3.206s] Level 1:colcon.colcon_core.package_identification:_identify(venv/lib/python3.12/site-packages/setuptools/_vendor/jaraco/functools/__pycache__) by extensions ['ros']
[3.206s] Level 1:colcon.colcon_core.package_identification:_identify(venv/lib/python3.12/site-packages/setuptools/_vendor/jaraco/functools/__pycache__) by extension 'ros'
[3.206s] Level 1:colcon.colcon_core.package_identification:_identify(venv/lib/python3.12/site-packages/setuptools/_vendor/jaraco/functools/__pycache__) by extensions ['cmake', 'python']
[3.206s] Level 1:colcon.colcon_core.package_identification:_identify(venv/lib/python3.12/site-packages/setuptools/_vendor/jaraco/functools/__pycache__) by extension 'cmake'
[3.206s] Level 1:colcon.colcon_core.package_identification:_identify(venv/lib/python3.12/site-packages/setuptools/_vendor/jaraco/functools/__pycache__) by extension 'python'
[3.206s] Level 1:colcon.colcon_core.package_identification:_identify(venv/lib/python3.12/site-packages/setuptools/_vendor/jaraco/functools/__pycache__) by extensions ['python_setup_py']
[3.206s] Level 1:colcon.colcon_core.package_identification:_identify(venv/lib/python3.12/site-packages/setuptools/_vendor/jaraco/functools/__pycache__) by extension 'python_setup_py'
[3.206s] Level 1:colcon.colcon_core.package_identification:_identify(venv/lib/python3.12/site-packages/setuptools/_vendor/jaraco/text) by extensions ['ignore', 'ignore_ament_install']
[3.206s] Level 1:colcon.colcon_core.package_identification:_identify(venv/lib/python3.12/site-packages/setuptools/_vendor/jaraco/text) by extension 'ignore'
[3.206s] Level 1:colcon.colcon_core.package_identification:_identify(venv/lib/python3.12/site-packages/setuptools/_vendor/jaraco/text) by extension 'ignore_ament_install'
[3.206s] Level 1:colcon.colcon_core.package_identification:_identify(venv/lib/python3.12/site-packages/setuptools/_vendor/jaraco/text) by extensions ['colcon_pkg']
[3.206s] Level 1:colcon.colcon_core.package_identification:_identify(venv/lib/python3.12/site-packages/setuptools/_vendor/jaraco/text) by extension 'colcon_pkg'
[3.206s] Level 1:colcon.colcon_core.package_identification:_identify(venv/lib/python3.12/site-packages/setuptools/_vendor/jaraco/text) by extensions ['colcon_meta']
[3.206s] Level 1:colcon.colcon_core.package_identification:_identify(venv/lib/python3.12/site-packages/setuptools/_vendor/jaraco/text) by extension 'colcon_meta'
[3.206s] Level 1:colcon.colcon_core.package_identification:_identify(venv/lib/python3.12/site-packages/setuptools/_vendor/jaraco/text) by extensions ['ros']
[3.207s] Level 1:colcon.colcon_core.package_identification:_identify(venv/lib/python3.12/site-packages/setuptools/_vendor/jaraco/text) by extension 'ros'
[3.207s] Level 1:colcon.colcon_core.package_identification:_identify(venv/lib/python3.12/site-packages/setuptools/_vendor/jaraco/text) by extensions ['cmake', 'python']
[3.207s] Level 1:colcon.colcon_core.package_identification:_identify(venv/lib/python3.12/site-packages/setuptools/_vendor/jaraco/text) by extension 'cmake'
[3.207s] Level 1:colcon.colcon_core.package_identification:_identify(venv/lib/python3.12/site-packages/setuptools/_vendor/jaraco/text) by extension 'python'
[3.207s] Level 1:colcon.colcon_core.package_identification:_identify(venv/lib/python3.12/site-packages/setuptools/_vendor/jaraco/text) by extensions ['python_setup_py']
[3.207s] Level 1:colcon.colcon_core.package_identification:_identify(venv/lib/python3.12/site-packages/setuptools/_vendor/jaraco/text) by extension 'python_setup_py'
[3.207s] Level 1:colcon.colcon_core.package_identification:_identify(venv/lib/python3.12/site-packages/setuptools/_vendor/jaraco/text/__pycache__) by extensions ['ignore', 'ignore_ament_install']
[3.207s] Level 1:colcon.colcon_core.package_identification:_identify(venv/lib/python3.12/site-packages/setuptools/_vendor/jaraco/text/__pycache__) by extension 'ignore'
[3.207s] Level 1:colcon.colcon_core.package_identification:_identify(venv/lib/python3.12/site-packages/setuptools/_vendor/jaraco/text/__pycache__) by extension 'ignore_ament_install'
[3.207s] Level 1:colcon.colcon_core.package_identification:_identify(venv/lib/python3.12/site-packages/setuptools/_vendor/jaraco/text/__pycache__) by extensions ['colcon_pkg']
[3.207s] Level 1:colcon.colcon_core.package_identification:_identify(venv/lib/python3.12/site-packages/setuptools/_vendor/jaraco/text/__pycache__) by extension 'colcon_pkg'
[3.207s] Level 1:colcon.colcon_core.package_identification:_identify(venv/lib/python3.12/site-packages/setuptools/_vendor/jaraco/text/__pycache__) by extensions ['colcon_meta']
[3.207s] Level 1:colcon.colcon_core.package_identification:_identify(venv/lib/python3.12/site-packages/setuptools/_vendor/jaraco/text/__pycache__) by extension 'colcon_meta'
[3.207s] Level 1:colcon.colcon_core.package_identification:_identify(venv/lib/python3.12/site-packages/setuptools/_vendor/jaraco/text/__pycache__) by extensions ['ros']
[3.207s] Level 1:colcon.colcon_core.package_identification:_identify(venv/lib/python3.12/site-packages/setuptools/_vendor/jaraco/text/__pycache__) by extension 'ros'
[3.208s] Level 1:colcon.colcon_core.package_identification:_identify(venv/lib/python3.12/site-packages/setuptools/_vendor/jaraco/text/__pycache__) by extensions ['cmake', 'python']
[3.208s] Level 1:colcon.colcon_core.package_identification:_identify(venv/lib/python3.12/site-packages/setuptools/_vendor/jaraco/text/__pycache__) by extension 'cmake'
[3.208s] Level 1:colcon.colcon_core.package_identification:_identify(venv/lib/python3.12/site-packages/setuptools/_vendor/jaraco/text/__pycache__) by extension 'python'
[3.208s] Level 1:colcon.colcon_core.package_identification:_identify(venv/lib/python3.12/site-packages/setuptools/_vendor/jaraco/text/__pycache__) by extensions ['python_setup_py']
[3.208s] Level 1:colcon.colcon_core.package_identification:_identify(venv/lib/python3.12/site-packages/setuptools/_vendor/jaraco/text/__pycache__) by extension 'python_setup_py'
[3.208s] Level 1:colcon.colcon_core.package_identification:_identify(venv/lib/python3.12/site-packages/setuptools/_vendor/jaraco.text-4.0.0.dist-info) by extensions ['ignore', 'ignore_ament_install']
[3.208s] Level 1:colcon.colcon_core.package_identification:_identify(venv/lib/python3.12/site-packages/setuptools/_vendor/jaraco.text-4.0.0.dist-info) by extension 'ignore'
[3.208s] Level 1:colcon.colcon_core.package_identification:_identify(venv/lib/python3.12/site-packages/setuptools/_vendor/jaraco.text-4.0.0.dist-info) by extension 'ignore_ament_install'
[3.208s] Level 1:colcon.colcon_core.package_identification:_identify(venv/lib/python3.12/site-packages/setuptools/_vendor/jaraco.text-4.0.0.dist-info) by extensions ['colcon_pkg']
[3.208s] Level 1:colcon.colcon_core.package_identification:_identify(venv/lib/python3.12/site-packages/setuptools/_vendor/jaraco.text-4.0.0.dist-info) by extension 'colcon_pkg'
[3.208s] Level 1:colcon.colcon_core.package_identification:_identify(venv/lib/python3.12/site-packages/setuptools/_vendor/jaraco.text-4.0.0.dist-info) by extensions ['colcon_meta']
[3.208s] Level 1:colcon.colcon_core.package_identification:_identify(venv/lib/python3.12/site-packages/setuptools/_vendor/jaraco.text-4.0.0.dist-info) by extension 'colcon_meta'
[3.208s] Level 1:colcon.colcon_core.package_identification:_identify(venv/lib/python3.12/site-packages/setuptools/_vendor/jaraco.text-4.0.0.dist-info) by extensions ['ros']
[3.208s] Level 1:colcon.colcon_core.package_identification:_identify(venv/lib/python3.12/site-packages/setuptools/_vendor/jaraco.text-4.0.0.dist-info) by extension 'ros'
[3.208s] Level 1:colcon.colcon_core.package_identification:_identify(venv/lib/python3.12/site-packages/setuptools/_vendor/jaraco.text-4.0.0.dist-info) by extensions ['cmake', 'python']
[3.208s] Level 1:colcon.colcon_core.package_identification:_identify(venv/lib/python3.12/site-packages/setuptools/_vendor/jaraco.text-4.0.0.dist-info) by extension 'cmake'
[3.208s] Level 1:colcon.colcon_core.package_identification:_identify(venv/lib/python3.12/site-packages/setuptools/_vendor/jaraco.text-4.0.0.dist-info) by extension 'python'
[3.208s] Level 1:colcon.colcon_core.package_identification:_identify(venv/lib/python3.12/site-packages/setuptools/_vendor/jaraco.text-4.0.0.dist-info) by extensions ['python_setup_py']
[3.209s] Level 1:colcon.colcon_core.package_identification:_identify(venv/lib/python3.12/site-packages/setuptools/_vendor/jaraco.text-4.0.0.dist-info) by extension 'python_setup_py'
[3.209s] Level 1:colcon.colcon_core.package_identification:_identify(venv/lib/python3.12/site-packages/setuptools/_vendor/jaraco_context-6.1.0.dist-info) by extensions ['ignore', 'ignore_ament_install']
[3.209s] Level 1:colcon.colcon_core.package_identification:_identify(venv/lib/python3.12/site-packages/setuptools/_vendor/jaraco_context-6.1.0.dist-info) by extension 'ignore'
[3.209s] Level 1:colcon.colcon_core.package_identification:_identify(venv/lib/python3.12/site-packages/setuptools/_vendor/jaraco_context-6.1.0.dist-info) by extension 'ignore_ament_install'
[3.209s] Level 1:colcon.colcon_core.package_identification:_identify(venv/lib/python3.12/site-packages/setuptools/_vendor/jaraco_context-6.1.0.dist-info) by extensions ['colcon_pkg']
[3.209s] Level 1:colcon.colcon_core.package_identification:_identify(venv/lib/python3.12/site-packages/setuptools/_vendor/jaraco_context-6.1.0.dist-info) by extension 'colcon_pkg'
[3.209s] Level 1:colcon.colcon_core.package_identification:_identify(venv/lib/python3.12/site-packages/setuptools/_vendor/jaraco_context-6.1.0.dist-info) by extensions ['colcon_meta']
[3.209s] Level 1:colcon.colcon_core.package_identification:_identify(venv/lib/python3.12/site-packages/setuptools/_vendor/jaraco_context-6.1.0.dist-info) by extension 'colcon_meta'
[3.209s] Level 1:colcon.colcon_core.package_identification:_identify(venv/lib/python3.12/site-packages/setuptools/_vendor/jaraco_context-6.1.0.dist-info) by extensions ['ros']
[3.209s] Level 1:colcon.colcon_core.package_identification:_identify(venv/lib/python3.12/site-packages/setuptools/_vendor/jaraco_context-6.1.0.dist-info) by extension 'ros'
[3.209s] Level 1:colcon.colcon_core.package_identification:_identify(venv/lib/python3.12/site-packages/setuptools/_vendor/jaraco_context-6.1.0.dist-info) by extensions ['cmake', 'python']
[3.209s] Level 1:colcon.colcon_core.package_identification:_identify(venv/lib/python3.12/site-packages/setuptools/_vendor/jaraco_context-6.1.0.dist-info) by extension 'cmake'
[3.209s] Level 1:colcon.colcon_core.package_identification:_identify(venv/lib/python3.12/site-packages/setuptools/_vendor/jaraco_context-6.1.0.dist-info) by extension 'python'
[3.209s] Level 1:colcon.colcon_core.package_identification:_identify(venv/lib/python3.12/site-packages/setuptools/_vendor/jaraco_context-6.1.0.dist-info) by extensions ['python_setup_py']
[3.209s] Level 1:colcon.colcon_core.package_identification:_identify(venv/lib/python3.12/site-packages/setuptools/_vendor/jaraco_context-6.1.0.dist-info) by extension 'python_setup_py'
[3.209s] Level 1:colcon.colcon_core.package_identification:_identify(venv/lib/python3.12/site-packages/setuptools/_vendor/jaraco_context-6.1.0.dist-info/licenses) by extensions ['ignore', 'ignore_ament_install']
[3.210s] Level 1:colcon.colcon_core.package_identification:_identify(venv/lib/python3.12/site-packages/setuptools/_vendor/jaraco_context-6.1.0.dist-info/licenses) by extension 'ignore'
[3.210s] Level 1:colcon.colcon_core.package_identification:_identify(venv/lib/python3.12/site-packages/setuptools/_vendor/jaraco_context-6.1.0.dist-info/licenses) by extension 'ignore_ament_install'
[3.210s] Level 1:colcon.colcon_core.package_identification:_identify(venv/lib/python3.12/site-packages/setuptools/_vendor/jaraco_context-6.1.0.dist-info/licenses) by extensions ['colcon_pkg']
[3.210s] Level 1:colcon.colcon_core.package_identification:_identify(venv/lib/python3.12/site-packages/setuptools/_vendor/jaraco_context-6.1.0.dist-info/licenses) by extension 'colcon_pkg'
[3.210s] Level 1:colcon.colcon_core.package_identification:_identify(venv/lib/python3.12/site-packages/setuptools/_vendor/jaraco_context-6.1.0.dist-info/licenses) by extensions ['colcon_meta']
[3.210s] Level 1:colcon.colcon_core.package_identification:_identify(venv/lib/python3.12/site-packages/setuptools/_vendor/jaraco_context-6.1.0.dist-info/licenses) by extension 'colcon_meta'
[3.210s] Level 1:colcon.colcon_core.package_identification:_identify(venv/lib/python3.12/site-packages/setuptools/_vendor/jaraco_context-6.1.0.dist-info/licenses) by extensions ['ros']
[3.210s] Level 1:colcon.colcon_core.package_identification:_identify(venv/lib/python3.12/site-packages/setuptools/_vendor/jaraco_context-6.1.0.dist-info/licenses) by extension 'ros'
[3.210s] Level 1:colcon.colcon_core.package_identification:_identify(venv/lib/python3.12/site-packages/setuptools/_vendor/jaraco_context-6.1.0.dist-info/licenses) by extensions ['cmake', 'python']
[3.210s] Level 1:colcon.colcon_core.package_identification:_identify(venv/lib/python3.12/site-packages/setuptools/_vendor/jaraco_context-6.1.0.dist-info/licenses) by extension 'cmake'
[3.210s] Level 1:colcon.colcon_core.package_identification:_identify(venv/lib/python3.12/site-packages/setuptools/_vendor/jaraco_context-6.1.0.dist-info/licenses) by extension 'python'
[3.210s] Level 1:colcon.colcon_core.package_identification:_identify(venv/lib/python3.12/site-packages/setuptools/_vendor/jaraco_context-6.1.0.dist-info/licenses) by extensions ['python_setup_py']
[3.210s] Level 1:colcon.colcon_core.package_identification:_identify(venv/lib/python3.12/site-packages/setuptools/_vendor/jaraco_context-6.1.0.dist-info/licenses) by extension 'python_setup_py'
[3.210s] Level 1:colcon.colcon_core.package_identification:_identify(venv/lib/python3.12/site-packages/setuptools/_vendor/jaraco_functools-4.4.0.dist-info) by extensions ['ignore', 'ignore_ament_install']
[3.210s] Level 1:colcon.colcon_core.package_identification:_identify(venv/lib/python3.12/site-packages/setuptools/_vendor/jaraco_functools-4.4.0.dist-info) by extension 'ignore'
[3.210s] Level 1:colcon.colcon_core.package_identification:_identify(venv/lib/python3.12/site-packages/setuptools/_vendor/jaraco_functools-4.4.0.dist-info) by extension 'ignore_ament_install'
[3.211s] Level 1:colcon.colcon_core.package_identification:_identify(venv/lib/python3.12/site-packages/setuptools/_vendor/jaraco_functools-4.4.0.dist-info) by extensions ['colcon_pkg']
[3.211s] Level 1:colcon.colcon_core.package_identification:_identify(venv/lib/python3.12/site-packages/setuptools/_vendor/jaraco_functools-4.4.0.dist-info) by extension 'colcon_pkg'
[3.211s] Level 1:colcon.colcon_core.package_identification:_identify(venv/lib/python3.12/site-packages/setuptools/_vendor/jaraco_functools-4.4.0.dist-info) by extensions ['colcon_meta']
[3.211s] Level 1:colcon.colcon_core.package_identification:_identify(venv/lib/python3.12/site-packages/setuptools/_vendor/jaraco_functools-4.4.0.dist-info) by extension 'colcon_meta'
[3.211s] Level 1:colcon.colcon_core.package_identification:_identify(venv/lib/python3.12/site-packages/setuptools/_vendor/jaraco_functools-4.4.0.dist-info) by extensions ['ros']
[3.211s] Level 1:colcon.colcon_core.package_identification:_identify(venv/lib/python3.12/site-packages/setuptools/_vendor/jaraco_functools-4.4.0.dist-info) by extension 'ros'
[3.211s] Level 1:colcon.colcon_core.package_identification:_identify(venv/lib/python3.12/site-packages/setuptools/_vendor/jaraco_functools-4.4.0.dist-info) by extensions ['cmake', 'python']
[3.211s] Level 1:colcon.colcon_core.package_identification:_identify(venv/lib/python3.12/site-packages/setuptools/_vendor/jaraco_functools-4.4.0.dist-info) by extension 'cmake'
[3.211s] Level 1:colcon.colcon_core.package_identification:_identify(venv/lib/python3.12/site-packages/setuptools/_vendor/jaraco_functools-4.4.0.dist-info) by extension 'python'
[3.211s] Level 1:colcon.colcon_core.package_identification:_identify(venv/lib/python3.12/site-packages/setuptools/_vendor/jaraco_functools-4.4.0.dist-info) by extensions ['python_setup_py']
[3.211s] Level 1:colcon.colcon_core.package_identification:_identify(venv/lib/python3.12/site-packages/setuptools/_vendor/jaraco_functools-4.4.0.dist-info) by extension 'python_setup_py'
[3.211s] Level 1:colcon.colcon_core.package_identification:_identify(venv/lib/python3.12/site-packages/setuptools/_vendor/jaraco_functools-4.4.0.dist-info/licenses) by extensions ['ignore', 'ignore_ament_install']
[3.211s] Level 1:colcon.colcon_core.package_identification:_identify(venv/lib/python3.12/site-packages/setuptools/_vendor/jaraco_functools-4.4.0.dist-info/licenses) by extension 'ignore'
[3.211s] Level 1:colcon.colcon_core.package_identification:_identify(venv/lib/python3.12/site-packages/setuptools/_vendor/jaraco_functools-4.4.0.dist-info/licenses) by extension 'ignore_ament_install'
[3.211s] Level 1:colcon.colcon_core.package_identification:_identify(venv/lib/python3.12/site-packages/setuptools/_vendor/jaraco_functools-4.4.0.dist-info/licenses) by extensions ['colcon_pkg']
[3.211s] Level 1:colcon.colcon_core.package_identification:_identify(venv/lib/python3.12/site-packages/setuptools/_vendor/jaraco_functools-4.4.0.dist-info/licenses) by extension 'colcon_pkg'
[3.212s] Level 1:colcon.colcon_core.package_identification:_identify(venv/lib/python3.12/site-packages/setuptools/_vendor/jaraco_functools-4.4.0.dist-info/licenses) by extensions ['colcon_meta']
[3.212s] Level 1:colcon.colcon_core.package_identification:_identify(venv/lib/python3.12/site-packages/setuptools/_vendor/jaraco_functools-4.4.0.dist-info/licenses) by extension 'colcon_meta'
[3.212s] Level 1:colcon.colcon_core.package_identification:_identify(venv/lib/python3.12/site-packages/setuptools/_vendor/jaraco_functools-4.4.0.dist-info/licenses) by extensions ['ros']
[3.212s] Level 1:colcon.colcon_core.package_identification:_identify(venv/lib/python3.12/site-packages/setuptools/_vendor/jaraco_functools-4.4.0.dist-info/licenses) by extension 'ros'
[3.212s] Level 1:colcon.colcon_core.package_identification:_identify(venv/lib/python3.12/site-packages/setuptools/_vendor/jaraco_functools-4.4.0.dist-info/licenses) by extensions ['cmake', 'python']
[3.212s] Level 1:colcon.colcon_core.package_identification:_identify(venv/lib/python3.12/site-packages/setuptools/_vendor/jaraco_functools-4.4.0.dist-info/licenses) by extension 'cmake'
[3.212s] Level 1:colcon.colcon_core.package_identification:_identify(venv/lib/python3.12/site-packages/setuptools/_vendor/jaraco_functools-4.4.0.dist-info/licenses) by extension 'python'
[3.212s] Level 1:colcon.colcon_core.package_identification:_identify(venv/lib/python3.12/site-packages/setuptools/_vendor/jaraco_functools-4.4.0.dist-info/licenses) by extensions ['python_setup_py']
[3.212s] Level 1:colcon.colcon_core.package_identification:_identify(venv/lib/python3.12/site-packages/setuptools/_vendor/jaraco_functools-4.4.0.dist-info/licenses) by extension 'python_setup_py'
[3.212s] Level 1:colcon.colcon_core.package_identification:_identify(venv/lib/python3.12/site-packages/setuptools/_vendor/more_itertools) by extensions ['ignore', 'ignore_ament_install']
[3.212s] Level 1:colcon.colcon_core.package_identification:_identify(venv/lib/python3.12/site-packages/setuptools/_vendor/more_itertools) by extension 'ignore'
[3.212s] Level 1:colcon.colcon_core.package_identification:_identify(venv/lib/python3.12/site-packages/setuptools/_vendor/more_itertools) by extension 'ignore_ament_install'
[3.212s] Level 1:colcon.colcon_core.package_identification:_identify(venv/lib/python3.12/site-packages/setuptools/_vendor/more_itertools) by extensions ['colcon_pkg']
[3.212s] Level 1:colcon.colcon_core.package_identification:_identify(venv/lib/python3.12/site-packages/setuptools/_vendor/more_itertools) by extension 'colcon_pkg'
[3.212s] Level 1:colcon.colcon_core.package_identification:_identify(venv/lib/python3.12/site-packages/setuptools/_vendor/more_itertools) by extensions ['colcon_meta']
[3.212s] Level 1:colcon.colcon_core.package_identification:_identify(venv/lib/python3.12/site-packages/setuptools/_vendor/more_itertools) by extension 'colcon_meta'
[3.212s] Level 1:colcon.colcon_core.package_identification:_identify(venv/lib/python3.12/site-packages/setuptools/_vendor/more_itertools) by extensions ['ros']
[3.212s] Level 1:colcon.colcon_core.package_identification:_identify(venv/lib/python3.12/site-packages/setuptools/_vendor/more_itertools) by extension 'ros'
[3.213s] Level 1:colcon.colcon_core.package_identification:_identify(venv/lib/python3.12/site-packages/setuptools/_vendor/more_itertools) by extensions ['cmake', 'python']
[3.213s] Level 1:colcon.colcon_core.package_identification:_identify(venv/lib/python3.12/site-packages/setuptools/_vendor/more_itertools) by extension 'cmake'
[3.213s] Level 1:colcon.colcon_core.package_identification:_identify(venv/lib/python3.12/site-packages/setuptools/_vendor/more_itertools) by extension 'python'
[3.213s] Level 1:colcon.colcon_core.package_identification:_identify(venv/lib/python3.12/site-packages/setuptools/_vendor/more_itertools) by extensions ['python_setup_py']
[3.213s] Level 1:colcon.colcon_core.package_identification:_identify(venv/lib/python3.12/site-packages/setuptools/_vendor/more_itertools) by extension 'python_setup_py'
[3.213s] Level 1:colcon.colcon_core.package_identification:_identify(venv/lib/python3.12/site-packages/setuptools/_vendor/more_itertools/__pycache__) by extensions ['ignore', 'ignore_ament_install']
[3.213s] Level 1:colcon.colcon_core.package_identification:_identify(venv/lib/python3.12/site-packages/setuptools/_vendor/more_itertools/__pycache__) by extension 'ignore'
[3.213s] Level 1:colcon.colcon_core.package_identification:_identify(venv/lib/python3.12/site-packages/setuptools/_vendor/more_itertools/__pycache__) by extension 'ignore_ament_install'
[3.213s] Level 1:colcon.colcon_core.package_identification:_identify(venv/lib/python3.12/site-packages/setuptools/_vendor/more_itertools/__pycache__) by extensions ['colcon_pkg']
[3.213s] Level 1:colcon.colcon_core.package_identification:_identify(venv/lib/python3.12/site-packages/setuptools/_vendor/more_itertools/__pycache__) by extension 'colcon_pkg'
[3.213s] Level 1:colcon.colcon_core.package_identification:_identify(venv/lib/python3.12/site-packages/setuptools/_vendor/more_itertools/__pycache__) by extensions ['colcon_meta']
[3.213s] Level 1:colcon.colcon_core.package_identification:_identify(venv/lib/python3.12/site-packages/setuptools/_vendor/more_itertools/__pycache__) by extension 'colcon_meta'
[3.213s] Level 1:colcon.colcon_core.package_identification:_identify(venv/lib/python3.12/site-packages/setuptools/_vendor/more_itertools/__pycache__) by extensions ['ros']
[3.213s] Level 1:colcon.colcon_core.package_identification:_identify(venv/lib/python3.12/site-packages/setuptools/_vendor/more_itertools/__pycache__) by extension 'ros'
[3.213s] Level 1:colcon.colcon_core.package_identification:_identify(venv/lib/python3.12/site-packages/setuptools/_vendor/more_itertools/__pycache__) by extensions ['cmake', 'python']
[3.214s] Level 1:colcon.colcon_core.package_identification:_identify(venv/lib/python3.12/site-packages/setuptools/_vendor/more_itertools/__pycache__) by extension 'cmake'
[3.214s] Level 1:colcon.colcon_core.package_identification:_identify(venv/lib/python3.12/site-packages/setuptools/_vendor/more_itertools/__pycache__) by extension 'python'
[3.214s] Level 1:colcon.colcon_core.package_identification:_identify(venv/lib/python3.12/site-packages/setuptools/_vendor/more_itertools/__pycache__) by extensions ['python_setup_py']
[3.214s] Level 1:colcon.colcon_core.package_identification:_identify(venv/lib/python3.12/site-packages/setuptools/_vendor/more_itertools/__pycache__) by extension 'python_setup_py'
[3.214s] Level 1:colcon.colcon_core.package_identification:_identify(venv/lib/python3.12/site-packages/setuptools/_vendor/more_itertools-10.8.0.dist-info) by extensions ['ignore', 'ignore_ament_install']
[3.214s] Level 1:colcon.colcon_core.package_identification:_identify(venv/lib/python3.12/site-packages/setuptools/_vendor/more_itertools-10.8.0.dist-info) by extension 'ignore'
[3.214s] Level 1:colcon.colcon_core.package_identification:_identify(venv/lib/python3.12/site-packages/setuptools/_vendor/more_itertools-10.8.0.dist-info) by extension 'ignore_ament_install'
[3.214s] Level 1:colcon.colcon_core.package_identification:_identify(venv/lib/python3.12/site-packages/setuptools/_vendor/more_itertools-10.8.0.dist-info) by extensions ['colcon_pkg']
[3.214s] Level 1:colcon.colcon_core.package_identification:_identify(venv/lib/python3.12/site-packages/setuptools/_vendor/more_itertools-10.8.0.dist-info) by extension 'colcon_pkg'
[3.214s] Level 1:colcon.colcon_core.package_identification:_identify(venv/lib/python3.12/site-packages/setuptools/_vendor/more_itertools-10.8.0.dist-info) by extensions ['colcon_meta']
[3.214s] Level 1:colcon.colcon_core.package_identification:_identify(venv/lib/python3.12/site-packages/setuptools/_vendor/more_itertools-10.8.0.dist-info) by extension 'colcon_meta'
[3.214s] Level 1:colcon.colcon_core.package_identification:_identify(venv/lib/python3.12/site-packages/setuptools/_vendor/more_itertools-10.8.0.dist-info) by extensions ['ros']
[3.214s] Level 1:colcon.colcon_core.package_identification:_identify(venv/lib/python3.12/site-packages/setuptools/_vendor/more_itertools-10.8.0.dist-info) by extension 'ros'
[3.214s] Level 1:colcon.colcon_core.package_identification:_identify(venv/lib/python3.12/site-packages/setuptools/_vendor/more_itertools-10.8.0.dist-info) by extensions ['cmake', 'python']
[3.214s] Level 1:colcon.colcon_core.package_identification:_identify(venv/lib/python3.12/site-packages/setuptools/_vendor/more_itertools-10.8.0.dist-info) by extension 'cmake'
[3.215s] Level 1:colcon.colcon_core.package_identification:_identify(venv/lib/python3.12/site-packages/setuptools/_vendor/more_itertools-10.8.0.dist-info) by extension 'python'
[3.215s] Level 1:colcon.colcon_core.package_identification:_identify(venv/lib/python3.12/site-packages/setuptools/_vendor/more_itertools-10.8.0.dist-info) by extensions ['python_setup_py']
[3.215s] Level 1:colcon.colcon_core.package_identification:_identify(venv/lib/python3.12/site-packages/setuptools/_vendor/more_itertools-10.8.0.dist-info) by extension 'python_setup_py'
[3.215s] Level 1:colcon.colcon_core.package_identification:_identify(venv/lib/python3.12/site-packages/setuptools/_vendor/more_itertools-10.8.0.dist-info/licenses) by extensions ['ignore', 'ignore_ament_install']
[3.215s] Level 1:colcon.colcon_core.package_identification:_identify(venv/lib/python3.12/site-packages/setuptools/_vendor/more_itertools-10.8.0.dist-info/licenses) by extension 'ignore'
[3.215s] Level 1:colcon.colcon_core.package_identification:_identify(venv/lib/python3.12/site-packages/setuptools/_vendor/more_itertools-10.8.0.dist-info/licenses) by extension 'ignore_ament_install'
[3.215s] Level 1:colcon.colcon_core.package_identification:_identify(venv/lib/python3.12/site-packages/setuptools/_vendor/more_itertools-10.8.0.dist-info/licenses) by extensions ['colcon_pkg']
[3.215s] Level 1:colcon.colcon_core.package_identification:_identify(venv/lib/python3.12/site-packages/setuptools/_vendor/more_itertools-10.8.0.dist-info/licenses) by extension 'colcon_pkg'
[3.215s] Level 1:colcon.colcon_core.package_identification:_identify(venv/lib/python3.12/site-packages/setuptools/_vendor/more_itertools-10.8.0.dist-info/licenses) by extensions ['colcon_meta']
[3.215s] Level 1:colcon.colcon_core.package_identification:_identify(venv/lib/python3.12/site-packages/setuptools/_vendor/more_itertools-10.8.0.dist-info/licenses) by extension 'colcon_meta'
[3.215s] Level 1:colcon.colcon_core.package_identification:_identify(venv/lib/python3.12/site-packages/setuptools/_vendor/more_itertools-10.8.0.dist-info/licenses) by extensions ['ros']
[3.215s] Level 1:colcon.colcon_core.package_identification:_identify(venv/lib/python3.12/site-packages/setuptools/_vendor/more_itertools-10.8.0.dist-info/licenses) by extension 'ros'
[3.215s] Level 1:colcon.colcon_core.package_identification:_identify(venv/lib/python3.12/site-packages/setuptools/_vendor/more_itertools-10.8.0.dist-info/licenses) by extensions ['cmake', 'python']
[3.215s] Level 1:colcon.colcon_core.package_identification:_identify(venv/lib/python3.12/site-packages/setuptools/_vendor/more_itertools-10.8.0.dist-info/licenses) by extension 'cmake'
[3.215s] Level 1:colcon.colcon_core.package_identification:_identify(venv/lib/python3.12/site-packages/setuptools/_vendor/more_itertools-10.8.0.dist-info/licenses) by extension 'python'
[3.215s] Level 1:colcon.colcon_core.package_identification:_identify(venv/lib/python3.12/site-packages/setuptools/_vendor/more_itertools-10.8.0.dist-info/licenses) by extensions ['python_setup_py']
[3.216s] Level 1:colcon.colcon_core.package_identification:_identify(venv/lib/python3.12/site-packages/setuptools/_vendor/more_itertools-10.8.0.dist-info/licenses) by extension 'python_setup_py'
[3.216s] Level 1:colcon.colcon_core.package_identification:_identify(venv/lib/python3.12/site-packages/setuptools/_vendor/packaging) by extensions ['ignore', 'ignore_ament_install']
[3.216s] Level 1:colcon.colcon_core.package_identification:_identify(venv/lib/python3.12/site-packages/setuptools/_vendor/packaging) by extension 'ignore'
[3.216s] Level 1:colcon.colcon_core.package_identification:_identify(venv/lib/python3.12/site-packages/setuptools/_vendor/packaging) by extension 'ignore_ament_install'
[3.216s] Level 1:colcon.colcon_core.package_identification:_identify(venv/lib/python3.12/site-packages/setuptools/_vendor/packaging) by extensions ['colcon_pkg']
[3.216s] Level 1:colcon.colcon_core.package_identification:_identify(venv/lib/python3.12/site-packages/setuptools/_vendor/packaging) by extension 'colcon_pkg'
[3.216s] Level 1:colcon.colcon_core.package_identification:_identify(venv/lib/python3.12/site-packages/setuptools/_vendor/packaging) by extensions ['colcon_meta']
[3.216s] Level 1:colcon.colcon_core.package_identification:_identify(venv/lib/python3.12/site-packages/setuptools/_vendor/packaging) by extension 'colcon_meta'
[3.216s] Level 1:colcon.colcon_core.package_identification:_identify(venv/lib/python3.12/site-packages/setuptools/_vendor/packaging) by extensions ['ros']
[3.216s] Level 1:colcon.colcon_core.package_identification:_identify(venv/lib/python3.12/site-packages/setuptools/_vendor/packaging) by extension 'ros'
[3.216s] Level 1:colcon.colcon_core.package_identification:_identify(venv/lib/python3.12/site-packages/setuptools/_vendor/packaging) by extensions ['cmake', 'python']
[3.216s] Level 1:colcon.colcon_core.package_identification:_identify(venv/lib/python3.12/site-packages/setuptools/_vendor/packaging) by extension 'cmake'
[3.216s] Level 1:colcon.colcon_core.package_identification:_identify(venv/lib/python3.12/site-packages/setuptools/_vendor/packaging) by extension 'python'
[3.216s] Level 1:colcon.colcon_core.package_identification:_identify(venv/lib/python3.12/site-packages/setuptools/_vendor/packaging) by extensions ['python_setup_py']
[3.216s] Level 1:colcon.colcon_core.package_identification:_identify(venv/lib/python3.12/site-packages/setuptools/_vendor/packaging) by extension 'python_setup_py'
[3.217s] Level 1:colcon.colcon_core.package_identification:_identify(venv/lib/python3.12/site-packages/setuptools/_vendor/packaging/__pycache__) by extensions ['ignore', 'ignore_ament_install']
[3.217s] Level 1:colcon.colcon_core.package_identification:_identify(venv/lib/python3.12/site-packages/setuptools/_vendor/packaging/__pycache__) by extension 'ignore'
[3.217s] Level 1:colcon.colcon_core.package_identification:_identify(venv/lib/python3.12/site-packages/setuptools/_vendor/packaging/__pycache__) by extension 'ignore_ament_install'
[3.217s] Level 1:colcon.colcon_core.package_identification:_identify(venv/lib/python3.12/site-packages/setuptools/_vendor/packaging/__pycache__) by extensions ['colcon_pkg']
[3.217s] Level 1:colcon.colcon_core.package_identification:_identify(venv/lib/python3.12/site-packages/setuptools/_vendor/packaging/__pycache__) by extension 'colcon_pkg'
[3.217s] Level 1:colcon.colcon_core.package_identification:_identify(venv/lib/python3.12/site-packages/setuptools/_vendor/packaging/__pycache__) by extensions ['colcon_meta']
[3.217s] Level 1:colcon.colcon_core.package_identification:_identify(venv/lib/python3.12/site-packages/setuptools/_vendor/packaging/__pycache__) by extension 'colcon_meta'
[3.217s] Level 1:colcon.colcon_core.package_identification:_identify(venv/lib/python3.12/site-packages/setuptools/_vendor/packaging/__pycache__) by extensions ['ros']
[3.217s] Level 1:colcon.colcon_core.package_identification:_identify(venv/lib/python3.12/site-packages/setuptools/_vendor/packaging/__pycache__) by extension 'ros'
[3.217s] Level 1:colcon.colcon_core.package_identification:_identify(venv/lib/python3.12/site-packages/setuptools/_vendor/packaging/__pycache__) by extensions ['cmake', 'python']
[3.217s] Level 1:colcon.colcon_core.package_identification:_identify(venv/lib/python3.12/site-packages/setuptools/_vendor/packaging/__pycache__) by extension 'cmake'
[3.217s] Level 1:colcon.colcon_core.package_identification:_identify(venv/lib/python3.12/site-packages/setuptools/_vendor/packaging/__pycache__) by extension 'python'
[3.217s] Level 1:colcon.colcon_core.package_identification:_identify(venv/lib/python3.12/site-packages/setuptools/_vendor/packaging/__pycache__) by extensions ['python_setup_py']
[3.217s] Level 1:colcon.colcon_core.package_identification:_identify(venv/lib/python3.12/site-packages/setuptools/_vendor/packaging/__pycache__) by extension 'python_setup_py'
[3.217s] Level 1:colcon.colcon_core.package_identification:_identify(venv/lib/python3.12/site-packages/setuptools/_vendor/packaging/licenses) by extensions ['ignore', 'ignore_ament_install']
[3.217s] Level 1:colcon.colcon_core.package_identification:_identify(venv/lib/python3.12/site-packages/setuptools/_vendor/packaging/licenses) by extension 'ignore'
[3.218s] Level 1:colcon.colcon_core.package_identification:_identify(venv/lib/python3.12/site-packages/setuptools/_vendor/packaging/licenses) by extension 'ignore_ament_install'
[3.218s] Level 1:colcon.colcon_core.package_identification:_identify(venv/lib/python3.12/site-packages/setuptools/_vendor/packaging/licenses) by extensions ['colcon_pkg']
[3.218s] Level 1:colcon.colcon_core.package_identification:_identify(venv/lib/python3.12/site-packages/setuptools/_vendor/packaging/licenses) by extension 'colcon_pkg'
[3.218s] Level 1:colcon.colcon_core.package_identification:_identify(venv/lib/python3.12/site-packages/setuptools/_vendor/packaging/licenses) by extensions ['colcon_meta']
[3.218s] Level 1:colcon.colcon_core.package_identification:_identify(venv/lib/python3.12/site-packages/setuptools/_vendor/packaging/licenses) by extension 'colcon_meta'
[3.218s] Level 1:colcon.colcon_core.package_identification:_identify(venv/lib/python3.12/site-packages/setuptools/_vendor/packaging/licenses) by extensions ['ros']
[3.218s] Level 1:colcon.colcon_core.package_identification:_identify(venv/lib/python3.12/site-packages/setuptools/_vendor/packaging/licenses) by extension 'ros'
[3.218s] Level 1:colcon.colcon_core.package_identification:_identify(venv/lib/python3.12/site-packages/setuptools/_vendor/packaging/licenses) by extensions ['cmake', 'python']
[3.218s] Level 1:colcon.colcon_core.package_identification:_identify(venv/lib/python3.12/site-packages/setuptools/_vendor/packaging/licenses) by extension 'cmake'
[3.218s] Level 1:colcon.colcon_core.package_identification:_identify(venv/lib/python3.12/site-packages/setuptools/_vendor/packaging/licenses) by extension 'python'
[3.218s] Level 1:colcon.colcon_core.package_identification:_identify(venv/lib/python3.12/site-packages/setuptools/_vendor/packaging/licenses) by extensions ['python_setup_py']
[3.218s] Level 1:colcon.colcon_core.package_identification:_identify(venv/lib/python3.12/site-packages/setuptools/_vendor/packaging/licenses) by extension 'python_setup_py'
[3.218s] Level 1:colcon.colcon_core.package_identification:_identify(venv/lib/python3.12/site-packages/setuptools/_vendor/packaging/licenses/__pycache__) by extensions ['ignore', 'ignore_ament_install']
[3.218s] Level 1:colcon.colcon_core.package_identification:_identify(venv/lib/python3.12/site-packages/setuptools/_vendor/packaging/licenses/__pycache__) by extension 'ignore'
[3.218s] Level 1:colcon.colcon_core.package_identification:_identify(venv/lib/python3.12/site-packages/setuptools/_vendor/packaging/licenses/__pycache__) by extension 'ignore_ament_install'
[3.218s] Level 1:colcon.colcon_core.package_identification:_identify(venv/lib/python3.12/site-packages/setuptools/_vendor/packaging/licenses/__pycache__) by extensions ['colcon_pkg']
[3.219s] Level 1:colcon.colcon_core.package_identification:_identify(venv/lib/python3.12/site-packages/setuptools/_vendor/packaging/licenses/__pycache__) by extension 'colcon_pkg'
[3.219s] Level 1:colcon.colcon_core.package_identification:_identify(venv/lib/python3.12/site-packages/setuptools/_vendor/packaging/licenses/__pycache__) by extensions ['colcon_meta']
[3.219s] Level 1:colcon.colcon_core.package_identification:_identify(venv/lib/python3.12/site-packages/setuptools/_vendor/packaging/licenses/__pycache__) by extension 'colcon_meta'
[3.219s] Level 1:colcon.colcon_core.package_identification:_identify(venv/lib/python3.12/site-packages/setuptools/_vendor/packaging/licenses/__pycache__) by extensions ['ros']
[3.219s] Level 1:colcon.colcon_core.package_identification:_identify(venv/lib/python3.12/site-packages/setuptools/_vendor/packaging/licenses/__pycache__) by extension 'ros'
[3.219s] Level 1:colcon.colcon_core.package_identification:_identify(venv/lib/python3.12/site-packages/setuptools/_vendor/packaging/licenses/__pycache__) by extensions ['cmake', 'python']
[3.219s] Level 1:colcon.colcon_core.package_identification:_identify(venv/lib/python3.12/site-packages/setuptools/_vendor/packaging/licenses/__pycache__) by extension 'cmake'
[3.219s] Level 1:colcon.colcon_core.package_identification:_identify(venv/lib/python3.12/site-packages/setuptools/_vendor/packaging/licenses/__pycache__) by extension 'python'
[3.219s] Level 1:colcon.colcon_core.package_identification:_identify(venv/lib/python3.12/site-packages/setuptools/_vendor/packaging/licenses/__pycache__) by extensions ['python_setup_py']
[3.219s] Level 1:colcon.colcon_core.package_identification:_identify(venv/lib/python3.12/site-packages/setuptools/_vendor/packaging/licenses/__pycache__) by extension 'python_setup_py'
[3.219s] Level 1:colcon.colcon_core.package_identification:_identify(venv/lib/python3.12/site-packages/setuptools/_vendor/packaging-26.0.dist-info) by extensions ['ignore', 'ignore_ament_install']
[3.219s] Level 1:colcon.colcon_core.package_identification:_identify(venv/lib/python3.12/site-packages/setuptools/_vendor/packaging-26.0.dist-info) by extension 'ignore'
[3.219s] Level 1:colcon.colcon_core.package_identification:_identify(venv/lib/python3.12/site-packages/setuptools/_vendor/packaging-26.0.dist-info) by extension 'ignore_ament_install'
[3.219s] Level 1:colcon.colcon_core.package_identification:_identify(venv/lib/python3.12/site-packages/setuptools/_vendor/packaging-26.0.dist-info) by extensions ['colcon_pkg']
[3.219s] Level 1:colcon.colcon_core.package_identification:_identify(venv/lib/python3.12/site-packages/setuptools/_vendor/packaging-26.0.dist-info) by extension 'colcon_pkg'
[3.219s] Level 1:colcon.colcon_core.package_identification:_identify(venv/lib/python3.12/site-packages/setuptools/_vendor/packaging-26.0.dist-info) by extensions ['colcon_meta']
[3.219s] Level 1:colcon.colcon_core.package_identification:_identify(venv/lib/python3.12/site-packages/setuptools/_vendor/packaging-26.0.dist-info) by extension 'colcon_meta'
[3.220s] Level 1:colcon.colcon_core.package_identification:_identify(venv/lib/python3.12/site-packages/setuptools/_vendor/packaging-26.0.dist-info) by extensions ['ros']
[3.220s] Level 1:colcon.colcon_core.package_identification:_identify(venv/lib/python3.12/site-packages/setuptools/_vendor/packaging-26.0.dist-info) by extension 'ros'
[3.220s] Level 1:colcon.colcon_core.package_identification:_identify(venv/lib/python3.12/site-packages/setuptools/_vendor/packaging-26.0.dist-info) by extensions ['cmake', 'python']
[3.220s] Level 1:colcon.colcon_core.package_identification:_identify(venv/lib/python3.12/site-packages/setuptools/_vendor/packaging-26.0.dist-info) by extension 'cmake'
[3.220s] Level 1:colcon.colcon_core.package_identification:_identify(venv/lib/python3.12/site-packages/setuptools/_vendor/packaging-26.0.dist-info) by extension 'python'
[3.220s] Level 1:colcon.colcon_core.package_identification:_identify(venv/lib/python3.12/site-packages/setuptools/_vendor/packaging-26.0.dist-info) by extensions ['python_setup_py']
[3.220s] Level 1:colcon.colcon_core.package_identification:_identify(venv/lib/python3.12/site-packages/setuptools/_vendor/packaging-26.0.dist-info) by extension 'python_setup_py'
[3.220s] Level 1:colcon.colcon_core.package_identification:_identify(venv/lib/python3.12/site-packages/setuptools/_vendor/packaging-26.0.dist-info/licenses) by extensions ['ignore', 'ignore_ament_install']
[3.220s] Level 1:colcon.colcon_core.package_identification:_identify(venv/lib/python3.12/site-packages/setuptools/_vendor/packaging-26.0.dist-info/licenses) by extension 'ignore'
[3.220s] Level 1:colcon.colcon_core.package_identification:_identify(venv/lib/python3.12/site-packages/setuptools/_vendor/packaging-26.0.dist-info/licenses) by extension 'ignore_ament_install'
[3.220s] Level 1:colcon.colcon_core.package_identification:_identify(venv/lib/python3.12/site-packages/setuptools/_vendor/packaging-26.0.dist-info/licenses) by extensions ['colcon_pkg']
[3.220s] Level 1:colcon.colcon_core.package_identification:_identify(venv/lib/python3.12/site-packages/setuptools/_vendor/packaging-26.0.dist-info/licenses) by extension 'colcon_pkg'
[3.220s] Level 1:colcon.colcon_core.package_identification:_identify(venv/lib/python3.12/site-packages/setuptools/_vendor/packaging-26.0.dist-info/licenses) by extensions ['colcon_meta']
[3.220s] Level 1:colcon.colcon_core.package_identification:_identify(venv/lib/python3.12/site-packages/setuptools/_vendor/packaging-26.0.dist-info/licenses) by extension 'colcon_meta'
[3.220s] Level 1:colcon.colcon_core.package_identification:_identify(venv/lib/python3.12/site-packages/setuptools/_vendor/packaging-26.0.dist-info/licenses) by extensions ['ros']
[3.220s] Level 1:colcon.colcon_core.package_identification:_identify(venv/lib/python3.12/site-packages/setuptools/_vendor/packaging-26.0.dist-info/licenses) by extension 'ros'
[3.220s] Level 1:colcon.colcon_core.package_identification:_identify(venv/lib/python3.12/site-packages/setuptools/_vendor/packaging-26.0.dist-info/licenses) by extensions ['cmake', 'python']
[3.221s] Level 1:colcon.colcon_core.package_identification:_identify(venv/lib/python3.12/site-packages/setuptools/_vendor/packaging-26.0.dist-info/licenses) by extension 'cmake'
[3.221s] Level 1:colcon.colcon_core.package_identification:_identify(venv/lib/python3.12/site-packages/setuptools/_vendor/packaging-26.0.dist-info/licenses) by extension 'python'
[3.221s] Level 1:colcon.colcon_core.package_identification:_identify(venv/lib/python3.12/site-packages/setuptools/_vendor/packaging-26.0.dist-info/licenses) by extensions ['python_setup_py']
[3.221s] Level 1:colcon.colcon_core.package_identification:_identify(venv/lib/python3.12/site-packages/setuptools/_vendor/packaging-26.0.dist-info/licenses) by extension 'python_setup_py'
[3.221s] Level 1:colcon.colcon_core.package_identification:_identify(venv/lib/python3.12/site-packages/setuptools/_vendor/platformdirs) by extensions ['ignore', 'ignore_ament_install']
[3.221s] Level 1:colcon.colcon_core.package_identification:_identify(venv/lib/python3.12/site-packages/setuptools/_vendor/platformdirs) by extension 'ignore'
[3.221s] Level 1:colcon.colcon_core.package_identification:_identify(venv/lib/python3.12/site-packages/setuptools/_vendor/platformdirs) by extension 'ignore_ament_install'
[3.221s] Level 1:colcon.colcon_core.package_identification:_identify(venv/lib/python3.12/site-packages/setuptools/_vendor/platformdirs) by extensions ['colcon_pkg']
[3.221s] Level 1:colcon.colcon_core.package_identification:_identify(venv/lib/python3.12/site-packages/setuptools/_vendor/platformdirs) by extension 'colcon_pkg'
[3.221s] Level 1:colcon.colcon_core.package_identification:_identify(venv/lib/python3.12/site-packages/setuptools/_vendor/platformdirs) by extensions ['colcon_meta']
[3.221s] Level 1:colcon.colcon_core.package_identification:_identify(venv/lib/python3.12/site-packages/setuptools/_vendor/platformdirs) by extension 'colcon_meta'
[3.221s] Level 1:colcon.colcon_core.package_identification:_identify(venv/lib/python3.12/site-packages/setuptools/_vendor/platformdirs) by extensions ['ros']
[3.221s] Level 1:colcon.colcon_core.package_identification:_identify(venv/lib/python3.12/site-packages/setuptools/_vendor/platformdirs) by extension 'ros'
[3.221s] Level 1:colcon.colcon_core.package_identification:_identify(venv/lib/python3.12/site-packages/setuptools/_vendor/platformdirs) by extensions ['cmake', 'python']
[3.221s] Level 1:colcon.colcon_core.package_identification:_identify(venv/lib/python3.12/site-packages/setuptools/_vendor/platformdirs) by extension 'cmake'
[3.221s] Level 1:colcon.colcon_core.package_identification:_identify(venv/lib/python3.12/site-packages/setuptools/_vendor/platformdirs) by extension 'python'
[3.221s] Level 1:colcon.colcon_core.package_identification:_identify(venv/lib/python3.12/site-packages/setuptools/_vendor/platformdirs) by extensions ['python_setup_py']
[3.222s] Level 1:colcon.colcon_core.package_identification:_identify(venv/lib/python3.12/site-packages/setuptools/_vendor/platformdirs) by extension 'python_setup_py'
[3.222s] Level 1:colcon.colcon_core.package_identification:_identify(venv/lib/python3.12/site-packages/setuptools/_vendor/platformdirs/__pycache__) by extensions ['ignore', 'ignore_ament_install']
[3.222s] Level 1:colcon.colcon_core.package_identification:_identify(venv/lib/python3.12/site-packages/setuptools/_vendor/platformdirs/__pycache__) by extension 'ignore'
[3.222s] Level 1:colcon.colcon_core.package_identification:_identify(venv/lib/python3.12/site-packages/setuptools/_vendor/platformdirs/__pycache__) by extension 'ignore_ament_install'
[3.222s] Level 1:colcon.colcon_core.package_identification:_identify(venv/lib/python3.12/site-packages/setuptools/_vendor/platformdirs/__pycache__) by extensions ['colcon_pkg']
[3.222s] Level 1:colcon.colcon_core.package_identification:_identify(venv/lib/python3.12/site-packages/setuptools/_vendor/platformdirs/__pycache__) by extension 'colcon_pkg'
[3.222s] Level 1:colcon.colcon_core.package_identification:_identify(venv/lib/python3.12/site-packages/setuptools/_vendor/platformdirs/__pycache__) by extensions ['colcon_meta']
[3.222s] Level 1:colcon.colcon_core.package_identification:_identify(venv/lib/python3.12/site-packages/setuptools/_vendor/platformdirs/__pycache__) by extension 'colcon_meta'
[3.222s] Level 1:colcon.colcon_core.package_identification:_identify(venv/lib/python3.12/site-packages/setuptools/_vendor/platformdirs/__pycache__) by extensions ['ros']
[3.222s] Level 1:colcon.colcon_core.package_identification:_identify(venv/lib/python3.12/site-packages/setuptools/_vendor/platformdirs/__pycache__) by extension 'ros'
[3.222s] Level 1:colcon.colcon_core.package_identification:_identify(venv/lib/python3.12/site-packages/setuptools/_vendor/platformdirs/__pycache__) by extensions ['cmake', 'python']
[3.222s] Level 1:colcon.colcon_core.package_identification:_identify(venv/lib/python3.12/site-packages/setuptools/_vendor/platformdirs/__pycache__) by extension 'cmake'
[3.222s] Level 1:colcon.colcon_core.package_identification:_identify(venv/lib/python3.12/site-packages/setuptools/_vendor/platformdirs/__pycache__) by extension 'python'
[3.222s] Level 1:colcon.colcon_core.package_identification:_identify(venv/lib/python3.12/site-packages/setuptools/_vendor/platformdirs/__pycache__) by extensions ['python_setup_py']
[3.222s] Level 1:colcon.colcon_core.package_identification:_identify(venv/lib/python3.12/site-packages/setuptools/_vendor/platformdirs/__pycache__) by extension 'python_setup_py'
[3.222s] Level 1:colcon.colcon_core.package_identification:_identify(venv/lib/python3.12/site-packages/setuptools/_vendor/platformdirs-4.4.0.dist-info) by extensions ['ignore', 'ignore_ament_install']
[3.223s] Level 1:colcon.colcon_core.package_identification:_identify(venv/lib/python3.12/site-packages/setuptools/_vendor/platformdirs-4.4.0.dist-info) by extension 'ignore'
[3.223s] Level 1:colcon.colcon_core.package_identification:_identify(venv/lib/python3.12/site-packages/setuptools/_vendor/platformdirs-4.4.0.dist-info) by extension 'ignore_ament_install'
[3.223s] Level 1:colcon.colcon_core.package_identification:_identify(venv/lib/python3.12/site-packages/setuptools/_vendor/platformdirs-4.4.0.dist-info) by extensions ['colcon_pkg']
[3.223s] Level 1:colcon.colcon_core.package_identification:_identify(venv/lib/python3.12/site-packages/setuptools/_vendor/platformdirs-4.4.0.dist-info) by extension 'colcon_pkg'
[3.223s] Level 1:colcon.colcon_core.package_identification:_identify(venv/lib/python3.12/site-packages/setuptools/_vendor/platformdirs-4.4.0.dist-info) by extensions ['colcon_meta']
[3.223s] Level 1:colcon.colcon_core.package_identification:_identify(venv/lib/python3.12/site-packages/setuptools/_vendor/platformdirs-4.4.0.dist-info) by extension 'colcon_meta'
[3.223s] Level 1:colcon.colcon_core.package_identification:_identify(venv/lib/python3.12/site-packages/setuptools/_vendor/platformdirs-4.4.0.dist-info) by extensions ['ros']
[3.223s] Level 1:colcon.colcon_core.package_identification:_identify(venv/lib/python3.12/site-packages/setuptools/_vendor/platformdirs-4.4.0.dist-info) by extension 'ros'
[3.223s] Level 1:colcon.colcon_core.package_identification:_identify(venv/lib/python3.12/site-packages/setuptools/_vendor/platformdirs-4.4.0.dist-info) by extensions ['cmake', 'python']
[3.223s] Level 1:colcon.colcon_core.package_identification:_identify(venv/lib/python3.12/site-packages/setuptools/_vendor/platformdirs-4.4.0.dist-info) by extension 'cmake'
[3.223s] Level 1:colcon.colcon_core.package_identification:_identify(venv/lib/python3.12/site-packages/setuptools/_vendor/platformdirs-4.4.0.dist-info) by extension 'python'
[3.223s] Level 1:colcon.colcon_core.package_identification:_identify(venv/lib/python3.12/site-packages/setuptools/_vendor/platformdirs-4.4.0.dist-info) by extensions ['python_setup_py']
[3.223s] Level 1:colcon.colcon_core.package_identification:_identify(venv/lib/python3.12/site-packages/setuptools/_vendor/platformdirs-4.4.0.dist-info) by extension 'python_setup_py'
[3.223s] Level 1:colcon.colcon_core.package_identification:_identify(venv/lib/python3.12/site-packages/setuptools/_vendor/platformdirs-4.4.0.dist-info/licenses) by extensions ['ignore', 'ignore_ament_install']
[3.223s] Level 1:colcon.colcon_core.package_identification:_identify(venv/lib/python3.12/site-packages/setuptools/_vendor/platformdirs-4.4.0.dist-info/licenses) by extension 'ignore'
[3.223s] Level 1:colcon.colcon_core.package_identification:_identify(venv/lib/python3.12/site-packages/setuptools/_vendor/platformdirs-4.4.0.dist-info/licenses) by extension 'ignore_ament_install'
[3.224s] Level 1:colcon.colcon_core.package_identification:_identify(venv/lib/python3.12/site-packages/setuptools/_vendor/platformdirs-4.4.0.dist-info/licenses) by extensions ['colcon_pkg']
[3.224s] Level 1:colcon.colcon_core.package_identification:_identify(venv/lib/python3.12/site-packages/setuptools/_vendor/platformdirs-4.4.0.dist-info/licenses) by extension 'colcon_pkg'
[3.224s] Level 1:colcon.colcon_core.package_identification:_identify(venv/lib/python3.12/site-packages/setuptools/_vendor/platformdirs-4.4.0.dist-info/licenses) by extensions ['colcon_meta']
[3.224s] Level 1:colcon.colcon_core.package_identification:_identify(venv/lib/python3.12/site-packages/setuptools/_vendor/platformdirs-4.4.0.dist-info/licenses) by extension 'colcon_meta'
[3.224s] Level 1:colcon.colcon_core.package_identification:_identify(venv/lib/python3.12/site-packages/setuptools/_vendor/platformdirs-4.4.0.dist-info/licenses) by extensions ['ros']
[3.224s] Level 1:colcon.colcon_core.package_identification:_identify(venv/lib/python3.12/site-packages/setuptools/_vendor/platformdirs-4.4.0.dist-info/licenses) by extension 'ros'
[3.224s] Level 1:colcon.colcon_core.package_identification:_identify(venv/lib/python3.12/site-packages/setuptools/_vendor/platformdirs-4.4.0.dist-info/licenses) by extensions ['cmake', 'python']
[3.224s] Level 1:colcon.colcon_core.package_identification:_identify(venv/lib/python3.12/site-packages/setuptools/_vendor/platformdirs-4.4.0.dist-info/licenses) by extension 'cmake'
[3.224s] Level 1:colcon.colcon_core.package_identification:_identify(venv/lib/python3.12/site-packages/setuptools/_vendor/platformdirs-4.4.0.dist-info/licenses) by extension 'python'
[3.224s] Level 1:colcon.colcon_core.package_identification:_identify(venv/lib/python3.12/site-packages/setuptools/_vendor/platformdirs-4.4.0.dist-info/licenses) by extensions ['python_setup_py']
[3.224s] Level 1:colcon.colcon_core.package_identification:_identify(venv/lib/python3.12/site-packages/setuptools/_vendor/platformdirs-4.4.0.dist-info/licenses) by extension 'python_setup_py'
[3.224s] Level 1:colcon.colcon_core.package_identification:_identify(venv/lib/python3.12/site-packages/setuptools/_vendor/tomli) by extensions ['ignore', 'ignore_ament_install']
[3.224s] Level 1:colcon.colcon_core.package_identification:_identify(venv/lib/python3.12/site-packages/setuptools/_vendor/tomli) by extension 'ignore'
[3.224s] Level 1:colcon.colcon_core.package_identification:_identify(venv/lib/python3.12/site-packages/setuptools/_vendor/tomli) by extension 'ignore_ament_install'
[3.225s] Level 1:colcon.colcon_core.package_identification:_identify(venv/lib/python3.12/site-packages/setuptools/_vendor/tomli) by extensions ['colcon_pkg']
[3.225s] Level 1:colcon.colcon_core.package_identification:_identify(venv/lib/python3.12/site-packages/setuptools/_vendor/tomli) by extension 'colcon_pkg'
[3.225s] Level 1:colcon.colcon_core.package_identification:_identify(venv/lib/python3.12/site-packages/setuptools/_vendor/tomli) by extensions ['colcon_meta']
[3.225s] Level 1:colcon.colcon_core.package_identification:_identify(venv/lib/python3.12/site-packages/setuptools/_vendor/tomli) by extension 'colcon_meta'
[3.225s] Level 1:colcon.colcon_core.package_identification:_identify(venv/lib/python3.12/site-packages/setuptools/_vendor/tomli) by extensions ['ros']
[3.225s] Level 1:colcon.colcon_core.package_identification:_identify(venv/lib/python3.12/site-packages/setuptools/_vendor/tomli) by extension 'ros'
[3.225s] Level 1:colcon.colcon_core.package_identification:_identify(venv/lib/python3.12/site-packages/setuptools/_vendor/tomli) by extensions ['cmake', 'python']
[3.225s] Level 1:colcon.colcon_core.package_identification:_identify(venv/lib/python3.12/site-packages/setuptools/_vendor/tomli) by extension 'cmake'
[3.225s] Level 1:colcon.colcon_core.package_identification:_identify(venv/lib/python3.12/site-packages/setuptools/_vendor/tomli) by extension 'python'
[3.225s] Level 1:colcon.colcon_core.package_identification:_identify(venv/lib/python3.12/site-packages/setuptools/_vendor/tomli) by extensions ['python_setup_py']
[3.225s] Level 1:colcon.colcon_core.package_identification:_identify(venv/lib/python3.12/site-packages/setuptools/_vendor/tomli) by extension 'python_setup_py'
[3.225s] Level 1:colcon.colcon_core.package_identification:_identify(venv/lib/python3.12/site-packages/setuptools/_vendor/tomli/__pycache__) by extensions ['ignore', 'ignore_ament_install']
[3.225s] Level 1:colcon.colcon_core.package_identification:_identify(venv/lib/python3.12/site-packages/setuptools/_vendor/tomli/__pycache__) by extension 'ignore'
[3.225s] Level 1:colcon.colcon_core.package_identification:_identify(venv/lib/python3.12/site-packages/setuptools/_vendor/tomli/__pycache__) by extension 'ignore_ament_install'
[3.225s] Level 1:colcon.colcon_core.package_identification:_identify(venv/lib/python3.12/site-packages/setuptools/_vendor/tomli/__pycache__) by extensions ['colcon_pkg']
[3.225s] Level 1:colcon.colcon_core.package_identification:_identify(venv/lib/python3.12/site-packages/setuptools/_vendor/tomli/__pycache__) by extension 'colcon_pkg'
[3.225s] Level 1:colcon.colcon_core.package_identification:_identify(venv/lib/python3.12/site-packages/setuptools/_vendor/tomli/__pycache__) by extensions ['colcon_meta']
[3.226s] Level 1:colcon.colcon_core.package_identification:_identify(venv/lib/python3.12/site-packages/setuptools/_vendor/tomli/__pycache__) by extension 'colcon_meta'
[3.226s] Level 1:colcon.colcon_core.package_identification:_identify(venv/lib/python3.12/site-packages/setuptools/_vendor/tomli/__pycache__) by extensions ['ros']
[3.226s] Level 1:colcon.colcon_core.package_identification:_identify(venv/lib/python3.12/site-packages/setuptools/_vendor/tomli/__pycache__) by extension 'ros'
[3.226s] Level 1:colcon.colcon_core.package_identification:_identify(venv/lib/python3.12/site-packages/setuptools/_vendor/tomli/__pycache__) by extensions ['cmake', 'python']
[3.226s] Level 1:colcon.colcon_core.package_identification:_identify(venv/lib/python3.12/site-packages/setuptools/_vendor/tomli/__pycache__) by extension 'cmake'
[3.226s] Level 1:colcon.colcon_core.package_identification:_identify(venv/lib/python3.12/site-packages/setuptools/_vendor/tomli/__pycache__) by extension 'python'
[3.226s] Level 1:colcon.colcon_core.package_identification:_identify(venv/lib/python3.12/site-packages/setuptools/_vendor/tomli/__pycache__) by extensions ['python_setup_py']
[3.226s] Level 1:colcon.colcon_core.package_identification:_identify(venv/lib/python3.12/site-packages/setuptools/_vendor/tomli/__pycache__) by extension 'python_setup_py'
[3.226s] Level 1:colcon.colcon_core.package_identification:_identify(venv/lib/python3.12/site-packages/setuptools/_vendor/tomli-2.4.0.dist-info) by extensions ['ignore', 'ignore_ament_install']
[3.226s] Level 1:colcon.colcon_core.package_identification:_identify(venv/lib/python3.12/site-packages/setuptools/_vendor/tomli-2.4.0.dist-info) by extension 'ignore'
[3.226s] Level 1:colcon.colcon_core.package_identification:_identify(venv/lib/python3.12/site-packages/setuptools/_vendor/tomli-2.4.0.dist-info) by extension 'ignore_ament_install'
[3.226s] Level 1:colcon.colcon_core.package_identification:_identify(venv/lib/python3.12/site-packages/setuptools/_vendor/tomli-2.4.0.dist-info) by extensions ['colcon_pkg']
[3.226s] Level 1:colcon.colcon_core.package_identification:_identify(venv/lib/python3.12/site-packages/setuptools/_vendor/tomli-2.4.0.dist-info) by extension 'colcon_pkg'
[3.226s] Level 1:colcon.colcon_core.package_identification:_identify(venv/lib/python3.12/site-packages/setuptools/_vendor/tomli-2.4.0.dist-info) by extensions ['colcon_meta']
[3.226s] Level 1:colcon.colcon_core.package_identification:_identify(venv/lib/python3.12/site-packages/setuptools/_vendor/tomli-2.4.0.dist-info) by extension 'colcon_meta'
[3.226s] Level 1:colcon.colcon_core.package_identification:_identify(venv/lib/python3.12/site-packages/setuptools/_vendor/tomli-2.4.0.dist-info) by extensions ['ros']
[3.226s] Level 1:colcon.colcon_core.package_identification:_identify(venv/lib/python3.12/site-packages/setuptools/_vendor/tomli-2.4.0.dist-info) by extension 'ros'
[3.227s] Level 1:colcon.colcon_core.package_identification:_identify(venv/lib/python3.12/site-packages/setuptools/_vendor/tomli-2.4.0.dist-info) by extensions ['cmake', 'python']
[3.227s] Level 1:colcon.colcon_core.package_identification:_identify(venv/lib/python3.12/site-packages/setuptools/_vendor/tomli-2.4.0.dist-info) by extension 'cmake'
[3.227s] Level 1:colcon.colcon_core.package_identification:_identify(venv/lib/python3.12/site-packages/setuptools/_vendor/tomli-2.4.0.dist-info) by extension 'python'
[3.227s] Level 1:colcon.colcon_core.package_identification:_identify(venv/lib/python3.12/site-packages/setuptools/_vendor/tomli-2.4.0.dist-info) by extensions ['python_setup_py']
[3.227s] Level 1:colcon.colcon_core.package_identification:_identify(venv/lib/python3.12/site-packages/setuptools/_vendor/tomli-2.4.0.dist-info) by extension 'python_setup_py'
[3.227s] Level 1:colcon.colcon_core.package_identification:_identify(venv/lib/python3.12/site-packages/setuptools/_vendor/tomli-2.4.0.dist-info/licenses) by extensions ['ignore', 'ignore_ament_install']
[3.227s] Level 1:colcon.colcon_core.package_identification:_identify(venv/lib/python3.12/site-packages/setuptools/_vendor/tomli-2.4.0.dist-info/licenses) by extension 'ignore'
[3.227s] Level 1:colcon.colcon_core.package_identification:_identify(venv/lib/python3.12/site-packages/setuptools/_vendor/tomli-2.4.0.dist-info/licenses) by extension 'ignore_ament_install'
[3.227s] Level 1:colcon.colcon_core.package_identification:_identify(venv/lib/python3.12/site-packages/setuptools/_vendor/tomli-2.4.0.dist-info/licenses) by extensions ['colcon_pkg']
[3.227s] Level 1:colcon.colcon_core.package_identification:_identify(venv/lib/python3.12/site-packages/setuptools/_vendor/tomli-2.4.0.dist-info/licenses) by extension 'colcon_pkg'
[3.227s] Level 1:colcon.colcon_core.package_identification:_identify(venv/lib/python3.12/site-packages/setuptools/_vendor/tomli-2.4.0.dist-info/licenses) by extensions ['colcon_meta']
[3.227s] Level 1:colcon.colcon_core.package_identification:_identify(venv/lib/python3.12/site-packages/setuptools/_vendor/tomli-2.4.0.dist-info/licenses) by extension 'colcon_meta'
[3.227s] Level 1:colcon.colcon_core.package_identification:_identify(venv/lib/python3.12/site-packages/setuptools/_vendor/tomli-2.4.0.dist-info/licenses) by extensions ['ros']
[3.227s] Level 1:colcon.colcon_core.package_identification:_identify(venv/lib/python3.12/site-packages/setuptools/_vendor/tomli-2.4.0.dist-info/licenses) by extension 'ros'
[3.227s] Level 1:colcon.colcon_core.package_identification:_identify(venv/lib/python3.12/site-packages/setuptools/_vendor/tomli-2.4.0.dist-info/licenses) by extensions ['cmake', 'python']
[3.227s] Level 1:colcon.colcon_core.package_identification:_identify(venv/lib/python3.12/site-packages/setuptools/_vendor/tomli-2.4.0.dist-info/licenses) by extension 'cmake'
[3.228s] Level 1:colcon.colcon_core.package_identification:_identify(venv/lib/python3.12/site-packages/setuptools/_vendor/tomli-2.4.0.dist-info/licenses) by extension 'python'
[3.228s] Level 1:colcon.colcon_core.package_identification:_identify(venv/lib/python3.12/site-packages/setuptools/_vendor/tomli-2.4.0.dist-info/licenses) by extensions ['python_setup_py']
[3.228s] Level 1:colcon.colcon_core.package_identification:_identify(venv/lib/python3.12/site-packages/setuptools/_vendor/tomli-2.4.0.dist-info/licenses) by extension 'python_setup_py'
[3.228s] Level 1:colcon.colcon_core.package_identification:_identify(venv/lib/python3.12/site-packages/setuptools/_vendor/wheel) by extensions ['ignore', 'ignore_ament_install']
[3.228s] Level 1:colcon.colcon_core.package_identification:_identify(venv/lib/python3.12/site-packages/setuptools/_vendor/wheel) by extension 'ignore'
[3.228s] Level 1:colcon.colcon_core.package_identification:_identify(venv/lib/python3.12/site-packages/setuptools/_vendor/wheel) by extension 'ignore_ament_install'
[3.228s] Level 1:colcon.colcon_core.package_identification:_identify(venv/lib/python3.12/site-packages/setuptools/_vendor/wheel) by extensions ['colcon_pkg']
[3.228s] Level 1:colcon.colcon_core.package_identification:_identify(venv/lib/python3.12/site-packages/setuptools/_vendor/wheel) by extension 'colcon_pkg'
[3.228s] Level 1:colcon.colcon_core.package_identification:_identify(venv/lib/python3.12/site-packages/setuptools/_vendor/wheel) by extensions ['colcon_meta']
[3.228s] Level 1:colcon.colcon_core.package_identification:_identify(venv/lib/python3.12/site-packages/setuptools/_vendor/wheel) by extension 'colcon_meta'
[3.228s] Level 1:colcon.colcon_core.package_identification:_identify(venv/lib/python3.12/site-packages/setuptools/_vendor/wheel) by extensions ['ros']
[3.228s] Level 1:colcon.colcon_core.package_identification:_identify(venv/lib/python3.12/site-packages/setuptools/_vendor/wheel) by extension 'ros'
[3.228s] Level 1:colcon.colcon_core.package_identification:_identify(venv/lib/python3.12/site-packages/setuptools/_vendor/wheel) by extensions ['cmake', 'python']
[3.228s] Level 1:colcon.colcon_core.package_identification:_identify(venv/lib/python3.12/site-packages/setuptools/_vendor/wheel) by extension 'cmake'
[3.228s] Level 1:colcon.colcon_core.package_identification:_identify(venv/lib/python3.12/site-packages/setuptools/_vendor/wheel) by extension 'python'
[3.228s] Level 1:colcon.colcon_core.package_identification:_identify(venv/lib/python3.12/site-packages/setuptools/_vendor/wheel) by extensions ['python_setup_py']
[3.228s] Level 1:colcon.colcon_core.package_identification:_identify(venv/lib/python3.12/site-packages/setuptools/_vendor/wheel) by extension 'python_setup_py'
[3.229s] Level 1:colcon.colcon_core.package_identification:_identify(venv/lib/python3.12/site-packages/setuptools/_vendor/wheel/__pycache__) by extensions ['ignore', 'ignore_ament_install']
[3.229s] Level 1:colcon.colcon_core.package_identification:_identify(venv/lib/python3.12/site-packages/setuptools/_vendor/wheel/__pycache__) by extension 'ignore'
[3.229s] Level 1:colcon.colcon_core.package_identification:_identify(venv/lib/python3.12/site-packages/setuptools/_vendor/wheel/__pycache__) by extension 'ignore_ament_install'
[3.229s] Level 1:colcon.colcon_core.package_identification:_identify(venv/lib/python3.12/site-packages/setuptools/_vendor/wheel/__pycache__) by extensions ['colcon_pkg']
[3.229s] Level 1:colcon.colcon_core.package_identification:_identify(venv/lib/python3.12/site-packages/setuptools/_vendor/wheel/__pycache__) by extension 'colcon_pkg'
[3.229s] Level 1:colcon.colcon_core.package_identification:_identify(venv/lib/python3.12/site-packages/setuptools/_vendor/wheel/__pycache__) by extensions ['colcon_meta']
[3.229s] Level 1:colcon.colcon_core.package_identification:_identify(venv/lib/python3.12/site-packages/setuptools/_vendor/wheel/__pycache__) by extension 'colcon_meta'
[3.229s] Level 1:colcon.colcon_core.package_identification:_identify(venv/lib/python3.12/site-packages/setuptools/_vendor/wheel/__pycache__) by extensions ['ros']
[3.229s] Level 1:colcon.colcon_core.package_identification:_identify(venv/lib/python3.12/site-packages/setuptools/_vendor/wheel/__pycache__) by extension 'ros'
[3.229s] Level 1:colcon.colcon_core.package_identification:_identify(venv/lib/python3.12/site-packages/setuptools/_vendor/wheel/__pycache__) by extensions ['cmake', 'python']
[3.229s] Level 1:colcon.colcon_core.package_identification:_identify(venv/lib/python3.12/site-packages/setuptools/_vendor/wheel/__pycache__) by extension 'cmake'
[3.229s] Level 1:colcon.colcon_core.package_identification:_identify(venv/lib/python3.12/site-packages/setuptools/_vendor/wheel/__pycache__) by extension 'python'
[3.229s] Level 1:colcon.colcon_core.package_identification:_identify(venv/lib/python3.12/site-packages/setuptools/_vendor/wheel/__pycache__) by extensions ['python_setup_py']
[3.229s] Level 1:colcon.colcon_core.package_identification:_identify(venv/lib/python3.12/site-packages/setuptools/_vendor/wheel/__pycache__) by extension 'python_setup_py'
[3.229s] Level 1:colcon.colcon_core.package_identification:_identify(venv/lib/python3.12/site-packages/setuptools/_vendor/wheel/_commands) by extensions ['ignore', 'ignore_ament_install']
[3.230s] Level 1:colcon.colcon_core.package_identification:_identify(venv/lib/python3.12/site-packages/setuptools/_vendor/wheel/_commands) by extension 'ignore'
[3.230s] Level 1:colcon.colcon_core.package_identification:_identify(venv/lib/python3.12/site-packages/setuptools/_vendor/wheel/_commands) by extension 'ignore_ament_install'
[3.230s] Level 1:colcon.colcon_core.package_identification:_identify(venv/lib/python3.12/site-packages/setuptools/_vendor/wheel/_commands) by extensions ['colcon_pkg']
[3.230s] Level 1:colcon.colcon_core.package_identification:_identify(venv/lib/python3.12/site-packages/setuptools/_vendor/wheel/_commands) by extension 'colcon_pkg'
[3.230s] Level 1:colcon.colcon_core.package_identification:_identify(venv/lib/python3.12/site-packages/setuptools/_vendor/wheel/_commands) by extensions ['colcon_meta']
[3.230s] Level 1:colcon.colcon_core.package_identification:_identify(venv/lib/python3.12/site-packages/setuptools/_vendor/wheel/_commands) by extension 'colcon_meta'
[3.230s] Level 1:colcon.colcon_core.package_identification:_identify(venv/lib/python3.12/site-packages/setuptools/_vendor/wheel/_commands) by extensions ['ros']
[3.230s] Level 1:colcon.colcon_core.package_identification:_identify(venv/lib/python3.12/site-packages/setuptools/_vendor/wheel/_commands) by extension 'ros'
[3.230s] Level 1:colcon.colcon_core.package_identification:_identify(venv/lib/python3.12/site-packages/setuptools/_vendor/wheel/_commands) by extensions ['cmake', 'python']
[3.230s] Level 1:colcon.colcon_core.package_identification:_identify(venv/lib/python3.12/site-packages/setuptools/_vendor/wheel/_commands) by extension 'cmake'
[3.230s] Level 1:colcon.colcon_core.package_identification:_identify(venv/lib/python3.12/site-packages/setuptools/_vendor/wheel/_commands) by extension 'python'
[3.230s] Level 1:colcon.colcon_core.package_identification:_identify(venv/lib/python3.12/site-packages/setuptools/_vendor/wheel/_commands) by extensions ['python_setup_py']
[3.230s] Level 1:colcon.colcon_core.package_identification:_identify(venv/lib/python3.12/site-packages/setuptools/_vendor/wheel/_commands) by extension 'python_setup_py'
[3.230s] Level 1:colcon.colcon_core.package_identification:_identify(venv/lib/python3.12/site-packages/setuptools/_vendor/wheel/_commands/__pycache__) by extensions ['ignore', 'ignore_ament_install']
[3.230s] Level 1:colcon.colcon_core.package_identification:_identify(venv/lib/python3.12/site-packages/setuptools/_vendor/wheel/_commands/__pycache__) by extension 'ignore'
[3.230s] Level 1:colcon.colcon_core.package_identification:_identify(venv/lib/python3.12/site-packages/setuptools/_vendor/wheel/_commands/__pycache__) by extension 'ignore_ament_install'
[3.231s] Level 1:colcon.colcon_core.package_identification:_identify(venv/lib/python3.12/site-packages/setuptools/_vendor/wheel/_commands/__pycache__) by extensions ['colcon_pkg']
[3.231s] Level 1:colcon.colcon_core.package_identification:_identify(venv/lib/python3.12/site-packages/setuptools/_vendor/wheel/_commands/__pycache__) by extension 'colcon_pkg'
[3.231s] Level 1:colcon.colcon_core.package_identification:_identify(venv/lib/python3.12/site-packages/setuptools/_vendor/wheel/_commands/__pycache__) by extensions ['colcon_meta']
[3.231s] Level 1:colcon.colcon_core.package_identification:_identify(venv/lib/python3.12/site-packages/setuptools/_vendor/wheel/_commands/__pycache__) by extension 'colcon_meta'
[3.231s] Level 1:colcon.colcon_core.package_identification:_identify(venv/lib/python3.12/site-packages/setuptools/_vendor/wheel/_commands/__pycache__) by extensions ['ros']
[3.231s] Level 1:colcon.colcon_core.package_identification:_identify(venv/lib/python3.12/site-packages/setuptools/_vendor/wheel/_commands/__pycache__) by extension 'ros'
[3.231s] Level 1:colcon.colcon_core.package_identification:_identify(venv/lib/python3.12/site-packages/setuptools/_vendor/wheel/_commands/__pycache__) by extensions ['cmake', 'python']
[3.231s] Level 1:colcon.colcon_core.package_identification:_identify(venv/lib/python3.12/site-packages/setuptools/_vendor/wheel/_commands/__pycache__) by extension 'cmake'
[3.231s] Level 1:colcon.colcon_core.package_identification:_identify(venv/lib/python3.12/site-packages/setuptools/_vendor/wheel/_commands/__pycache__) by extension 'python'
[3.231s] Level 1:colcon.colcon_core.package_identification:_identify(venv/lib/python3.12/site-packages/setuptools/_vendor/wheel/_commands/__pycache__) by extensions ['python_setup_py']
[3.231s] Level 1:colcon.colcon_core.package_identification:_identify(venv/lib/python3.12/site-packages/setuptools/_vendor/wheel/_commands/__pycache__) by extension 'python_setup_py'
[3.231s] Level 1:colcon.colcon_core.package_identification:_identify(venv/lib/python3.12/site-packages/setuptools/_vendor/wheel-0.46.3.dist-info) by extensions ['ignore', 'ignore_ament_install']
[3.231s] Level 1:colcon.colcon_core.package_identification:_identify(venv/lib/python3.12/site-packages/setuptools/_vendor/wheel-0.46.3.dist-info) by extension 'ignore'
[3.231s] Level 1:colcon.colcon_core.package_identification:_identify(venv/lib/python3.12/site-packages/setuptools/_vendor/wheel-0.46.3.dist-info) by extension 'ignore_ament_install'
[3.231s] Level 1:colcon.colcon_core.package_identification:_identify(venv/lib/python3.12/site-packages/setuptools/_vendor/wheel-0.46.3.dist-info) by extensions ['colcon_pkg']
[3.231s] Level 1:colcon.colcon_core.package_identification:_identify(venv/lib/python3.12/site-packages/setuptools/_vendor/wheel-0.46.3.dist-info) by extension 'colcon_pkg'
[3.232s] Level 1:colcon.colcon_core.package_identification:_identify(venv/lib/python3.12/site-packages/setuptools/_vendor/wheel-0.46.3.dist-info) by extensions ['colcon_meta']
[3.232s] Level 1:colcon.colcon_core.package_identification:_identify(venv/lib/python3.12/site-packages/setuptools/_vendor/wheel-0.46.3.dist-info) by extension 'colcon_meta'
[3.232s] Level 1:colcon.colcon_core.package_identification:_identify(venv/lib/python3.12/site-packages/setuptools/_vendor/wheel-0.46.3.dist-info) by extensions ['ros']
[3.232s] Level 1:colcon.colcon_core.package_identification:_identify(venv/lib/python3.12/site-packages/setuptools/_vendor/wheel-0.46.3.dist-info) by extension 'ros'
[3.232s] Level 1:colcon.colcon_core.package_identification:_identify(venv/lib/python3.12/site-packages/setuptools/_vendor/wheel-0.46.3.dist-info) by extensions ['cmake', 'python']
[3.232s] Level 1:colcon.colcon_core.package_identification:_identify(venv/lib/python3.12/site-packages/setuptools/_vendor/wheel-0.46.3.dist-info) by extension 'cmake'
[3.232s] Level 1:colcon.colcon_core.package_identification:_identify(venv/lib/python3.12/site-packages/setuptools/_vendor/wheel-0.46.3.dist-info) by extension 'python'
[3.232s] Level 1:colcon.colcon_core.package_identification:_identify(venv/lib/python3.12/site-packages/setuptools/_vendor/wheel-0.46.3.dist-info) by extensions ['python_setup_py']
[3.232s] Level 1:colcon.colcon_core.package_identification:_identify(venv/lib/python3.12/site-packages/setuptools/_vendor/wheel-0.46.3.dist-info) by extension 'python_setup_py'
[3.232s] Level 1:colcon.colcon_core.package_identification:_identify(venv/lib/python3.12/site-packages/setuptools/_vendor/wheel-0.46.3.dist-info/licenses) by extensions ['ignore', 'ignore_ament_install']
[3.232s] Level 1:colcon.colcon_core.package_identification:_identify(venv/lib/python3.12/site-packages/setuptools/_vendor/wheel-0.46.3.dist-info/licenses) by extension 'ignore'
[3.232s] Level 1:colcon.colcon_core.package_identification:_identify(venv/lib/python3.12/site-packages/setuptools/_vendor/wheel-0.46.3.dist-info/licenses) by extension 'ignore_ament_install'
[3.232s] Level 1:colcon.colcon_core.package_identification:_identify(venv/lib/python3.12/site-packages/setuptools/_vendor/wheel-0.46.3.dist-info/licenses) by extensions ['colcon_pkg']
[3.232s] Level 1:colcon.colcon_core.package_identification:_identify(venv/lib/python3.12/site-packages/setuptools/_vendor/wheel-0.46.3.dist-info/licenses) by extension 'colcon_pkg'
[3.232s] Level 1:colcon.colcon_core.package_identification:_identify(venv/lib/python3.12/site-packages/setuptools/_vendor/wheel-0.46.3.dist-info/licenses) by extensions ['colcon_meta']
[3.232s] Level 1:colcon.colcon_core.package_identification:_identify(venv/lib/python3.12/site-packages/setuptools/_vendor/wheel-0.46.3.dist-info/licenses) by extension 'colcon_meta'
[3.232s] Level 1:colcon.colcon_core.package_identification:_identify(venv/lib/python3.12/site-packages/setuptools/_vendor/wheel-0.46.3.dist-info/licenses) by extensions ['ros']
[3.232s] Level 1:colcon.colcon_core.package_identification:_identify(venv/lib/python3.12/site-packages/setuptools/_vendor/wheel-0.46.3.dist-info/licenses) by extension 'ros'
[3.233s] Level 1:colcon.colcon_core.package_identification:_identify(venv/lib/python3.12/site-packages/setuptools/_vendor/wheel-0.46.3.dist-info/licenses) by extensions ['cmake', 'python']
[3.233s] Level 1:colcon.colcon_core.package_identification:_identify(venv/lib/python3.12/site-packages/setuptools/_vendor/wheel-0.46.3.dist-info/licenses) by extension 'cmake'
[3.233s] Level 1:colcon.colcon_core.package_identification:_identify(venv/lib/python3.12/site-packages/setuptools/_vendor/wheel-0.46.3.dist-info/licenses) by extension 'python'
[3.233s] Level 1:colcon.colcon_core.package_identification:_identify(venv/lib/python3.12/site-packages/setuptools/_vendor/wheel-0.46.3.dist-info/licenses) by extensions ['python_setup_py']
[3.233s] Level 1:colcon.colcon_core.package_identification:_identify(venv/lib/python3.12/site-packages/setuptools/_vendor/wheel-0.46.3.dist-info/licenses) by extension 'python_setup_py'
[3.233s] Level 1:colcon.colcon_core.package_identification:_identify(venv/lib/python3.12/site-packages/setuptools/_vendor/zipp) by extensions ['ignore', 'ignore_ament_install']
[3.233s] Level 1:colcon.colcon_core.package_identification:_identify(venv/lib/python3.12/site-packages/setuptools/_vendor/zipp) by extension 'ignore'
[3.233s] Level 1:colcon.colcon_core.package_identification:_identify(venv/lib/python3.12/site-packages/setuptools/_vendor/zipp) by extension 'ignore_ament_install'
[3.233s] Level 1:colcon.colcon_core.package_identification:_identify(venv/lib/python3.12/site-packages/setuptools/_vendor/zipp) by extensions ['colcon_pkg']
[3.233s] Level 1:colcon.colcon_core.package_identification:_identify(venv/lib/python3.12/site-packages/setuptools/_vendor/zipp) by extension 'colcon_pkg'
[3.233s] Level 1:colcon.colcon_core.package_identification:_identify(venv/lib/python3.12/site-packages/setuptools/_vendor/zipp) by extensions ['colcon_meta']
[3.233s] Level 1:colcon.colcon_core.package_identification:_identify(venv/lib/python3.12/site-packages/setuptools/_vendor/zipp) by extension 'colcon_meta'
[3.233s] Level 1:colcon.colcon_core.package_identification:_identify(venv/lib/python3.12/site-packages/setuptools/_vendor/zipp) by extensions ['ros']
[3.233s] Level 1:colcon.colcon_core.package_identification:_identify(venv/lib/python3.12/site-packages/setuptools/_vendor/zipp) by extension 'ros'
[3.233s] Level 1:colcon.colcon_core.package_identification:_identify(venv/lib/python3.12/site-packages/setuptools/_vendor/zipp) by extensions ['cmake', 'python']
[3.233s] Level 1:colcon.colcon_core.package_identification:_identify(venv/lib/python3.12/site-packages/setuptools/_vendor/zipp) by extension 'cmake'
[3.234s] Level 1:colcon.colcon_core.package_identification:_identify(venv/lib/python3.12/site-packages/setuptools/_vendor/zipp) by extension 'python'
[3.234s] Level 1:colcon.colcon_core.package_identification:_identify(venv/lib/python3.12/site-packages/setuptools/_vendor/zipp) by extensions ['python_setup_py']
[3.234s] Level 1:colcon.colcon_core.package_identification:_identify(venv/lib/python3.12/site-packages/setuptools/_vendor/zipp) by extension 'python_setup_py'
[3.234s] Level 1:colcon.colcon_core.package_identification:_identify(venv/lib/python3.12/site-packages/setuptools/_vendor/zipp/__pycache__) by extensions ['ignore', 'ignore_ament_install']
[3.234s] Level 1:colcon.colcon_core.package_identification:_identify(venv/lib/python3.12/site-packages/setuptools/_vendor/zipp/__pycache__) by extension 'ignore'
[3.234s] Level 1:colcon.colcon_core.package_identification:_identify(venv/lib/python3.12/site-packages/setuptools/_vendor/zipp/__pycache__) by extension 'ignore_ament_install'
[3.234s] Level 1:colcon.colcon_core.package_identification:_identify(venv/lib/python3.12/site-packages/setuptools/_vendor/zipp/__pycache__) by extensions ['colcon_pkg']
[3.234s] Level 1:colcon.colcon_core.package_identification:_identify(venv/lib/python3.12/site-packages/setuptools/_vendor/zipp/__pycache__) by extension 'colcon_pkg'
[3.234s] Level 1:colcon.colcon_core.package_identification:_identify(venv/lib/python3.12/site-packages/setuptools/_vendor/zipp/__pycache__) by extensions ['colcon_meta']
[3.234s] Level 1:colcon.colcon_core.package_identification:_identify(venv/lib/python3.12/site-packages/setuptools/_vendor/zipp/__pycache__) by extension 'colcon_meta'
[3.234s] Level 1:colcon.colcon_core.package_identification:_identify(venv/lib/python3.12/site-packages/setuptools/_vendor/zipp/__pycache__) by extensions ['ros']
[3.234s] Level 1:colcon.colcon_core.package_identification:_identify(venv/lib/python3.12/site-packages/setuptools/_vendor/zipp/__pycache__) by extension 'ros'
[3.234s] Level 1:colcon.colcon_core.package_identification:_identify(venv/lib/python3.12/site-packages/setuptools/_vendor/zipp/__pycache__) by extensions ['cmake', 'python']
[3.234s] Level 1:colcon.colcon_core.package_identification:_identify(venv/lib/python3.12/site-packages/setuptools/_vendor/zipp/__pycache__) by extension 'cmake'
[3.234s] Level 1:colcon.colcon_core.package_identification:_identify(venv/lib/python3.12/site-packages/setuptools/_vendor/zipp/__pycache__) by extension 'python'
[3.234s] Level 1:colcon.colcon_core.package_identification:_identify(venv/lib/python3.12/site-packages/setuptools/_vendor/zipp/__pycache__) by extensions ['python_setup_py']
[3.234s] Level 1:colcon.colcon_core.package_identification:_identify(venv/lib/python3.12/site-packages/setuptools/_vendor/zipp/__pycache__) by extension 'python_setup_py'
[3.235s] Level 1:colcon.colcon_core.package_identification:_identify(venv/lib/python3.12/site-packages/setuptools/_vendor/zipp/compat) by extensions ['ignore', 'ignore_ament_install']
[3.235s] Level 1:colcon.colcon_core.package_identification:_identify(venv/lib/python3.12/site-packages/setuptools/_vendor/zipp/compat) by extension 'ignore'
[3.235s] Level 1:colcon.colcon_core.package_identification:_identify(venv/lib/python3.12/site-packages/setuptools/_vendor/zipp/compat) by extension 'ignore_ament_install'
[3.235s] Level 1:colcon.colcon_core.package_identification:_identify(venv/lib/python3.12/site-packages/setuptools/_vendor/zipp/compat) by extensions ['colcon_pkg']
[3.235s] Level 1:colcon.colcon_core.package_identification:_identify(venv/lib/python3.12/site-packages/setuptools/_vendor/zipp/compat) by extension 'colcon_pkg'
[3.235s] Level 1:colcon.colcon_core.package_identification:_identify(venv/lib/python3.12/site-packages/setuptools/_vendor/zipp/compat) by extensions ['colcon_meta']
[3.235s] Level 1:colcon.colcon_core.package_identification:_identify(venv/lib/python3.12/site-packages/setuptools/_vendor/zipp/compat) by extension 'colcon_meta'
[3.235s] Level 1:colcon.colcon_core.package_identification:_identify(venv/lib/python3.12/site-packages/setuptools/_vendor/zipp/compat) by extensions ['ros']
[3.235s] Level 1:colcon.colcon_core.package_identification:_identify(venv/lib/python3.12/site-packages/setuptools/_vendor/zipp/compat) by extension 'ros'
[3.235s] Level 1:colcon.colcon_core.package_identification:_identify(venv/lib/python3.12/site-packages/setuptools/_vendor/zipp/compat) by extensions ['cmake', 'python']
[3.235s] Level 1:colcon.colcon_core.package_identification:_identify(venv/lib/python3.12/site-packages/setuptools/_vendor/zipp/compat) by extension 'cmake'
[3.235s] Level 1:colcon.colcon_core.package_identification:_identify(venv/lib/python3.12/site-packages/setuptools/_vendor/zipp/compat) by extension 'python'
[3.235s] Level 1:colcon.colcon_core.package_identification:_identify(venv/lib/python3.12/site-packages/setuptools/_vendor/zipp/compat) by extensions ['python_setup_py']
[3.235s] Level 1:colcon.colcon_core.package_identification:_identify(venv/lib/python3.12/site-packages/setuptools/_vendor/zipp/compat) by extension 'python_setup_py'
[3.236s] Level 1:colcon.colcon_core.package_identification:_identify(venv/lib/python3.12/site-packages/setuptools/_vendor/zipp/compat/__pycache__) by extensions ['ignore', 'ignore_ament_install']
[3.236s] Level 1:colcon.colcon_core.package_identification:_identify(venv/lib/python3.12/site-packages/setuptools/_vendor/zipp/compat/__pycache__) by extension 'ignore'
[3.236s] Level 1:colcon.colcon_core.package_identification:_identify(venv/lib/python3.12/site-packages/setuptools/_vendor/zipp/compat/__pycache__) by extension 'ignore_ament_install'
[3.236s] Level 1:colcon.colcon_core.package_identification:_identify(venv/lib/python3.12/site-packages/setuptools/_vendor/zipp/compat/__pycache__) by extensions ['colcon_pkg']
[3.236s] Level 1:colcon.colcon_core.package_identification:_identify(venv/lib/python3.12/site-packages/setuptools/_vendor/zipp/compat/__pycache__) by extension 'colcon_pkg'
[3.236s] Level 1:colcon.colcon_core.package_identification:_identify(venv/lib/python3.12/site-packages/setuptools/_vendor/zipp/compat/__pycache__) by extensions ['colcon_meta']
[3.236s] Level 1:colcon.colcon_core.package_identification:_identify(venv/lib/python3.12/site-packages/setuptools/_vendor/zipp/compat/__pycache__) by extension 'colcon_meta'
[3.236s] Level 1:colcon.colcon_core.package_identification:_identify(venv/lib/python3.12/site-packages/setuptools/_vendor/zipp/compat/__pycache__) by extensions ['ros']
[3.236s] Level 1:colcon.colcon_core.package_identification:_identify(venv/lib/python3.12/site-packages/setuptools/_vendor/zipp/compat/__pycache__) by extension 'ros'
[3.236s] Level 1:colcon.colcon_core.package_identification:_identify(venv/lib/python3.12/site-packages/setuptools/_vendor/zipp/compat/__pycache__) by extensions ['cmake', 'python']
[3.236s] Level 1:colcon.colcon_core.package_identification:_identify(venv/lib/python3.12/site-packages/setuptools/_vendor/zipp/compat/__pycache__) by extension 'cmake'
[3.236s] Level 1:colcon.colcon_core.package_identification:_identify(venv/lib/python3.12/site-packages/setuptools/_vendor/zipp/compat/__pycache__) by extension 'python'
[3.236s] Level 1:colcon.colcon_core.package_identification:_identify(venv/lib/python3.12/site-packages/setuptools/_vendor/zipp/compat/__pycache__) by extensions ['python_setup_py']
[3.236s] Level 1:colcon.colcon_core.package_identification:_identify(venv/lib/python3.12/site-packages/setuptools/_vendor/zipp/compat/__pycache__) by extension 'python_setup_py'
[3.236s] Level 1:colcon.colcon_core.package_identification:_identify(venv/lib/python3.12/site-packages/setuptools/_vendor/zipp-3.23.0.dist-info) by extensions ['ignore', 'ignore_ament_install']
[3.237s] Level 1:colcon.colcon_core.package_identification:_identify(venv/lib/python3.12/site-packages/setuptools/_vendor/zipp-3.23.0.dist-info) by extension 'ignore'
[3.237s] Level 1:colcon.colcon_core.package_identification:_identify(venv/lib/python3.12/site-packages/setuptools/_vendor/zipp-3.23.0.dist-info) by extension 'ignore_ament_install'
[3.237s] Level 1:colcon.colcon_core.package_identification:_identify(venv/lib/python3.12/site-packages/setuptools/_vendor/zipp-3.23.0.dist-info) by extensions ['colcon_pkg']
[3.237s] Level 1:colcon.colcon_core.package_identification:_identify(venv/lib/python3.12/site-packages/setuptools/_vendor/zipp-3.23.0.dist-info) by extension 'colcon_pkg'
[3.237s] Level 1:colcon.colcon_core.package_identification:_identify(venv/lib/python3.12/site-packages/setuptools/_vendor/zipp-3.23.0.dist-info) by extensions ['colcon_meta']
[3.237s] Level 1:colcon.colcon_core.package_identification:_identify(venv/lib/python3.12/site-packages/setuptools/_vendor/zipp-3.23.0.dist-info) by extension 'colcon_meta'
[3.237s] Level 1:colcon.colcon_core.package_identification:_identify(venv/lib/python3.12/site-packages/setuptools/_vendor/zipp-3.23.0.dist-info) by extensions ['ros']
[3.237s] Level 1:colcon.colcon_core.package_identification:_identify(venv/lib/python3.12/site-packages/setuptools/_vendor/zipp-3.23.0.dist-info) by extension 'ros'
[3.237s] Level 1:colcon.colcon_core.package_identification:_identify(venv/lib/python3.12/site-packages/setuptools/_vendor/zipp-3.23.0.dist-info) by extensions ['cmake', 'python']
[3.237s] Level 1:colcon.colcon_core.package_identification:_identify(venv/lib/python3.12/site-packages/setuptools/_vendor/zipp-3.23.0.dist-info) by extension 'cmake'
[3.237s] Level 1:colcon.colcon_core.package_identification:_identify(venv/lib/python3.12/site-packages/setuptools/_vendor/zipp-3.23.0.dist-info) by extension 'python'
[3.237s] Level 1:colcon.colcon_core.package_identification:_identify(venv/lib/python3.12/site-packages/setuptools/_vendor/zipp-3.23.0.dist-info) by extensions ['python_setup_py']
[3.237s] Level 1:colcon.colcon_core.package_identification:_identify(venv/lib/python3.12/site-packages/setuptools/_vendor/zipp-3.23.0.dist-info) by extension 'python_setup_py'
[3.237s] Level 1:colcon.colcon_core.package_identification:_identify(venv/lib/python3.12/site-packages/setuptools/_vendor/zipp-3.23.0.dist-info/licenses) by extensions ['ignore', 'ignore_ament_install']
[3.237s] Level 1:colcon.colcon_core.package_identification:_identify(venv/lib/python3.12/site-packages/setuptools/_vendor/zipp-3.23.0.dist-info/licenses) by extension 'ignore'
[3.237s] Level 1:colcon.colcon_core.package_identification:_identify(venv/lib/python3.12/site-packages/setuptools/_vendor/zipp-3.23.0.dist-info/licenses) by extension 'ignore_ament_install'
[3.238s] Level 1:colcon.colcon_core.package_identification:_identify(venv/lib/python3.12/site-packages/setuptools/_vendor/zipp-3.23.0.dist-info/licenses) by extensions ['colcon_pkg']
[3.238s] Level 1:colcon.colcon_core.package_identification:_identify(venv/lib/python3.12/site-packages/setuptools/_vendor/zipp-3.23.0.dist-info/licenses) by extension 'colcon_pkg'
[3.238s] Level 1:colcon.colcon_core.package_identification:_identify(venv/lib/python3.12/site-packages/setuptools/_vendor/zipp-3.23.0.dist-info/licenses) by extensions ['colcon_meta']
[3.238s] Level 1:colcon.colcon_core.package_identification:_identify(venv/lib/python3.12/site-packages/setuptools/_vendor/zipp-3.23.0.dist-info/licenses) by extension 'colcon_meta'
[3.238s] Level 1:colcon.colcon_core.package_identification:_identify(venv/lib/python3.12/site-packages/setuptools/_vendor/zipp-3.23.0.dist-info/licenses) by extensions ['ros']
[3.238s] Level 1:colcon.colcon_core.package_identification:_identify(venv/lib/python3.12/site-packages/setuptools/_vendor/zipp-3.23.0.dist-info/licenses) by extension 'ros'
[3.238s] Level 1:colcon.colcon_core.package_identification:_identify(venv/lib/python3.12/site-packages/setuptools/_vendor/zipp-3.23.0.dist-info/licenses) by extensions ['cmake', 'python']
[3.238s] Level 1:colcon.colcon_core.package_identification:_identify(venv/lib/python3.12/site-packages/setuptools/_vendor/zipp-3.23.0.dist-info/licenses) by extension 'cmake'
[3.238s] Level 1:colcon.colcon_core.package_identification:_identify(venv/lib/python3.12/site-packages/setuptools/_vendor/zipp-3.23.0.dist-info/licenses) by extension 'python'
[3.238s] Level 1:colcon.colcon_core.package_identification:_identify(venv/lib/python3.12/site-packages/setuptools/_vendor/zipp-3.23.0.dist-info/licenses) by extensions ['python_setup_py']
[3.238s] Level 1:colcon.colcon_core.package_identification:_identify(venv/lib/python3.12/site-packages/setuptools/_vendor/zipp-3.23.0.dist-info/licenses) by extension 'python_setup_py'
[3.238s] Level 1:colcon.colcon_core.package_identification:_identify(venv/lib/python3.12/site-packages/setuptools/command) by extensions ['ignore', 'ignore_ament_install']
[3.238s] Level 1:colcon.colcon_core.package_identification:_identify(venv/lib/python3.12/site-packages/setuptools/command) by extension 'ignore'
[3.238s] Level 1:colcon.colcon_core.package_identification:_identify(venv/lib/python3.12/site-packages/setuptools/command) by extension 'ignore_ament_install'
[3.238s] Level 1:colcon.colcon_core.package_identification:_identify(venv/lib/python3.12/site-packages/setuptools/command) by extensions ['colcon_pkg']
[3.238s] Level 1:colcon.colcon_core.package_identification:_identify(venv/lib/python3.12/site-packages/setuptools/command) by extension 'colcon_pkg'
[3.238s] Level 1:colcon.colcon_core.package_identification:_identify(venv/lib/python3.12/site-packages/setuptools/command) by extensions ['colcon_meta']
[3.239s] Level 1:colcon.colcon_core.package_identification:_identify(venv/lib/python3.12/site-packages/setuptools/command) by extension 'colcon_meta'
[3.239s] Level 1:colcon.colcon_core.package_identification:_identify(venv/lib/python3.12/site-packages/setuptools/command) by extensions ['ros']
[3.239s] Level 1:colcon.colcon_core.package_identification:_identify(venv/lib/python3.12/site-packages/setuptools/command) by extension 'ros'
[3.239s] Level 1:colcon.colcon_core.package_identification:_identify(venv/lib/python3.12/site-packages/setuptools/command) by extensions ['cmake', 'python']
[3.239s] Level 1:colcon.colcon_core.package_identification:_identify(venv/lib/python3.12/site-packages/setuptools/command) by extension 'cmake'
[3.239s] Level 1:colcon.colcon_core.package_identification:_identify(venv/lib/python3.12/site-packages/setuptools/command) by extension 'python'
[3.239s] Level 1:colcon.colcon_core.package_identification:_identify(venv/lib/python3.12/site-packages/setuptools/command) by extensions ['python_setup_py']
[3.239s] Level 1:colcon.colcon_core.package_identification:_identify(venv/lib/python3.12/site-packages/setuptools/command) by extension 'python_setup_py'
[3.239s] Level 1:colcon.colcon_core.package_identification:_identify(venv/lib/python3.12/site-packages/setuptools/command/__pycache__) by extensions ['ignore', 'ignore_ament_install']
[3.239s] Level 1:colcon.colcon_core.package_identification:_identify(venv/lib/python3.12/site-packages/setuptools/command/__pycache__) by extension 'ignore'
[3.239s] Level 1:colcon.colcon_core.package_identification:_identify(venv/lib/python3.12/site-packages/setuptools/command/__pycache__) by extension 'ignore_ament_install'
[3.239s] Level 1:colcon.colcon_core.package_identification:_identify(venv/lib/python3.12/site-packages/setuptools/command/__pycache__) by extensions ['colcon_pkg']
[3.239s] Level 1:colcon.colcon_core.package_identification:_identify(venv/lib/python3.12/site-packages/setuptools/command/__pycache__) by extension 'colcon_pkg'
[3.239s] Level 1:colcon.colcon_core.package_identification:_identify(venv/lib/python3.12/site-packages/setuptools/command/__pycache__) by extensions ['colcon_meta']
[3.239s] Level 1:colcon.colcon_core.package_identification:_identify(venv/lib/python3.12/site-packages/setuptools/command/__pycache__) by extension 'colcon_meta'
[3.239s] Level 1:colcon.colcon_core.package_identification:_identify(venv/lib/python3.12/site-packages/setuptools/command/__pycache__) by extensions ['ros']
[3.239s] Level 1:colcon.colcon_core.package_identification:_identify(venv/lib/python3.12/site-packages/setuptools/command/__pycache__) by extension 'ros'
[3.240s] Level 1:colcon.colcon_core.package_identification:_identify(venv/lib/python3.12/site-packages/setuptools/command/__pycache__) by extensions ['cmake', 'python']
[3.240s] Level 1:colcon.colcon_core.package_identification:_identify(venv/lib/python3.12/site-packages/setuptools/command/__pycache__) by extension 'cmake'
[3.240s] Level 1:colcon.colcon_core.package_identification:_identify(venv/lib/python3.12/site-packages/setuptools/command/__pycache__) by extension 'python'
[3.240s] Level 1:colcon.colcon_core.package_identification:_identify(venv/lib/python3.12/site-packages/setuptools/command/__pycache__) by extensions ['python_setup_py']
[3.240s] Level 1:colcon.colcon_core.package_identification:_identify(venv/lib/python3.12/site-packages/setuptools/command/__pycache__) by extension 'python_setup_py'
[3.240s] Level 1:colcon.colcon_core.package_identification:_identify(venv/lib/python3.12/site-packages/setuptools/compat) by extensions ['ignore', 'ignore_ament_install']
[3.240s] Level 1:colcon.colcon_core.package_identification:_identify(venv/lib/python3.12/site-packages/setuptools/compat) by extension 'ignore'
[3.240s] Level 1:colcon.colcon_core.package_identification:_identify(venv/lib/python3.12/site-packages/setuptools/compat) by extension 'ignore_ament_install'
[3.240s] Level 1:colcon.colcon_core.package_identification:_identify(venv/lib/python3.12/site-packages/setuptools/compat) by extensions ['colcon_pkg']
[3.240s] Level 1:colcon.colcon_core.package_identification:_identify(venv/lib/python3.12/site-packages/setuptools/compat) by extension 'colcon_pkg'
[3.240s] Level 1:colcon.colcon_core.package_identification:_identify(venv/lib/python3.12/site-packages/setuptools/compat) by extensions ['colcon_meta']
[3.240s] Level 1:colcon.colcon_core.package_identification:_identify(venv/lib/python3.12/site-packages/setuptools/compat) by extension 'colcon_meta'
[3.240s] Level 1:colcon.colcon_core.package_identification:_identify(venv/lib/python3.12/site-packages/setuptools/compat) by extensions ['ros']
[3.240s] Level 1:colcon.colcon_core.package_identification:_identify(venv/lib/python3.12/site-packages/setuptools/compat) by extension 'ros'
[3.240s] Level 1:colcon.colcon_core.package_identification:_identify(venv/lib/python3.12/site-packages/setuptools/compat) by extensions ['cmake', 'python']
[3.240s] Level 1:colcon.colcon_core.package_identification:_identify(venv/lib/python3.12/site-packages/setuptools/compat) by extension 'cmake'
[3.240s] Level 1:colcon.colcon_core.package_identification:_identify(venv/lib/python3.12/site-packages/setuptools/compat) by extension 'python'
[3.241s] Level 1:colcon.colcon_core.package_identification:_identify(venv/lib/python3.12/site-packages/setuptools/compat) by extensions ['python_setup_py']
[3.241s] Level 1:colcon.colcon_core.package_identification:_identify(venv/lib/python3.12/site-packages/setuptools/compat) by extension 'python_setup_py'
[3.241s] Level 1:colcon.colcon_core.package_identification:_identify(venv/lib/python3.12/site-packages/setuptools/compat/__pycache__) by extensions ['ignore', 'ignore_ament_install']
[3.241s] Level 1:colcon.colcon_core.package_identification:_identify(venv/lib/python3.12/site-packages/setuptools/compat/__pycache__) by extension 'ignore'
[3.241s] Level 1:colcon.colcon_core.package_identification:_identify(venv/lib/python3.12/site-packages/setuptools/compat/__pycache__) by extension 'ignore_ament_install'
[3.241s] Level 1:colcon.colcon_core.package_identification:_identify(venv/lib/python3.12/site-packages/setuptools/compat/__pycache__) by extensions ['colcon_pkg']
[3.241s] Level 1:colcon.colcon_core.package_identification:_identify(venv/lib/python3.12/site-packages/setuptools/compat/__pycache__) by extension 'colcon_pkg'
[3.241s] Level 1:colcon.colcon_core.package_identification:_identify(venv/lib/python3.12/site-packages/setuptools/compat/__pycache__) by extensions ['colcon_meta']
[3.241s] Level 1:colcon.colcon_core.package_identification:_identify(venv/lib/python3.12/site-packages/setuptools/compat/__pycache__) by extension 'colcon_meta'
[3.241s] Level 1:colcon.colcon_core.package_identification:_identify(venv/lib/python3.12/site-packages/setuptools/compat/__pycache__) by extensions ['ros']
[3.241s] Level 1:colcon.colcon_core.package_identification:_identify(venv/lib/python3.12/site-packages/setuptools/compat/__pycache__) by extension 'ros'
[3.241s] Level 1:colcon.colcon_core.package_identification:_identify(venv/lib/python3.12/site-packages/setuptools/compat/__pycache__) by extensions ['cmake', 'python']
[3.241s] Level 1:colcon.colcon_core.package_identification:_identify(venv/lib/python3.12/site-packages/setuptools/compat/__pycache__) by extension 'cmake'
[3.241s] Level 1:colcon.colcon_core.package_identification:_identify(venv/lib/python3.12/site-packages/setuptools/compat/__pycache__) by extension 'python'
[3.241s] Level 1:colcon.colcon_core.package_identification:_identify(venv/lib/python3.12/site-packages/setuptools/compat/__pycache__) by extensions ['python_setup_py']
[3.241s] Level 1:colcon.colcon_core.package_identification:_identify(venv/lib/python3.12/site-packages/setuptools/compat/__pycache__) by extension 'python_setup_py'
[3.242s] Level 1:colcon.colcon_core.package_identification:_identify(venv/lib/python3.12/site-packages/setuptools/config) by extensions ['ignore', 'ignore_ament_install']
[3.242s] Level 1:colcon.colcon_core.package_identification:_identify(venv/lib/python3.12/site-packages/setuptools/config) by extension 'ignore'
[3.242s] Level 1:colcon.colcon_core.package_identification:_identify(venv/lib/python3.12/site-packages/setuptools/config) by extension 'ignore_ament_install'
[3.242s] Level 1:colcon.colcon_core.package_identification:_identify(venv/lib/python3.12/site-packages/setuptools/config) by extensions ['colcon_pkg']
[3.242s] Level 1:colcon.colcon_core.package_identification:_identify(venv/lib/python3.12/site-packages/setuptools/config) by extension 'colcon_pkg'
[3.242s] Level 1:colcon.colcon_core.package_identification:_identify(venv/lib/python3.12/site-packages/setuptools/config) by extensions ['colcon_meta']
[3.242s] Level 1:colcon.colcon_core.package_identification:_identify(venv/lib/python3.12/site-packages/setuptools/config) by extension 'colcon_meta'
[3.242s] Level 1:colcon.colcon_core.package_identification:_identify(venv/lib/python3.12/site-packages/setuptools/config) by extensions ['ros']
[3.242s] Level 1:colcon.colcon_core.package_identification:_identify(venv/lib/python3.12/site-packages/setuptools/config) by extension 'ros'
[3.242s] Level 1:colcon.colcon_core.package_identification:_identify(venv/lib/python3.12/site-packages/setuptools/config) by extensions ['cmake', 'python']
[3.242s] Level 1:colcon.colcon_core.package_identification:_identify(venv/lib/python3.12/site-packages/setuptools/config) by extension 'cmake'
[3.242s] Level 1:colcon.colcon_core.package_identification:_identify(venv/lib/python3.12/site-packages/setuptools/config) by extension 'python'
[3.242s] Level 1:colcon.colcon_core.package_identification:_identify(venv/lib/python3.12/site-packages/setuptools/config) by extensions ['python_setup_py']
[3.242s] Level 1:colcon.colcon_core.package_identification:_identify(venv/lib/python3.12/site-packages/setuptools/config) by extension 'python_setup_py'
[3.242s] Level 1:colcon.colcon_core.package_identification:_identify(venv/lib/python3.12/site-packages/setuptools/config/__pycache__) by extensions ['ignore', 'ignore_ament_install']
[3.242s] Level 1:colcon.colcon_core.package_identification:_identify(venv/lib/python3.12/site-packages/setuptools/config/__pycache__) by extension 'ignore'
[3.242s] Level 1:colcon.colcon_core.package_identification:_identify(venv/lib/python3.12/site-packages/setuptools/config/__pycache__) by extension 'ignore_ament_install'
[3.243s] Level 1:colcon.colcon_core.package_identification:_identify(venv/lib/python3.12/site-packages/setuptools/config/__pycache__) by extensions ['colcon_pkg']
[3.243s] Level 1:colcon.colcon_core.package_identification:_identify(venv/lib/python3.12/site-packages/setuptools/config/__pycache__) by extension 'colcon_pkg'
[3.243s] Level 1:colcon.colcon_core.package_identification:_identify(venv/lib/python3.12/site-packages/setuptools/config/__pycache__) by extensions ['colcon_meta']
[3.243s] Level 1:colcon.colcon_core.package_identification:_identify(venv/lib/python3.12/site-packages/setuptools/config/__pycache__) by extension 'colcon_meta'
[3.243s] Level 1:colcon.colcon_core.package_identification:_identify(venv/lib/python3.12/site-packages/setuptools/config/__pycache__) by extensions ['ros']
[3.243s] Level 1:colcon.colcon_core.package_identification:_identify(venv/lib/python3.12/site-packages/setuptools/config/__pycache__) by extension 'ros'
[3.243s] Level 1:colcon.colcon_core.package_identification:_identify(venv/lib/python3.12/site-packages/setuptools/config/__pycache__) by extensions ['cmake', 'python']
[3.243s] Level 1:colcon.colcon_core.package_identification:_identify(venv/lib/python3.12/site-packages/setuptools/config/__pycache__) by extension 'cmake'
[3.243s] Level 1:colcon.colcon_core.package_identification:_identify(venv/lib/python3.12/site-packages/setuptools/config/__pycache__) by extension 'python'
[3.243s] Level 1:colcon.colcon_core.package_identification:_identify(venv/lib/python3.12/site-packages/setuptools/config/__pycache__) by extensions ['python_setup_py']
[3.243s] Level 1:colcon.colcon_core.package_identification:_identify(venv/lib/python3.12/site-packages/setuptools/config/__pycache__) by extension 'python_setup_py'
[3.243s] Level 1:colcon.colcon_core.package_identification:_identify(venv/lib/python3.12/site-packages/setuptools/config/_validate_pyproject) by extensions ['ignore', 'ignore_ament_install']
[3.243s] Level 1:colcon.colcon_core.package_identification:_identify(venv/lib/python3.12/site-packages/setuptools/config/_validate_pyproject) by extension 'ignore'
[3.243s] Level 1:colcon.colcon_core.package_identification:_identify(venv/lib/python3.12/site-packages/setuptools/config/_validate_pyproject) by extension 'ignore_ament_install'
[3.243s] Level 1:colcon.colcon_core.package_identification:_identify(venv/lib/python3.12/site-packages/setuptools/config/_validate_pyproject) by extensions ['colcon_pkg']
[3.243s] Level 1:colcon.colcon_core.package_identification:_identify(venv/lib/python3.12/site-packages/setuptools/config/_validate_pyproject) by extension 'colcon_pkg'
[3.243s] Level 1:colcon.colcon_core.package_identification:_identify(venv/lib/python3.12/site-packages/setuptools/config/_validate_pyproject) by extensions ['colcon_meta']
[3.244s] Level 1:colcon.colcon_core.package_identification:_identify(venv/lib/python3.12/site-packages/setuptools/config/_validate_pyproject) by extension 'colcon_meta'
[3.244s] Level 1:colcon.colcon_core.package_identification:_identify(venv/lib/python3.12/site-packages/setuptools/config/_validate_pyproject) by extensions ['ros']
[3.244s] Level 1:colcon.colcon_core.package_identification:_identify(venv/lib/python3.12/site-packages/setuptools/config/_validate_pyproject) by extension 'ros'
[3.244s] Level 1:colcon.colcon_core.package_identification:_identify(venv/lib/python3.12/site-packages/setuptools/config/_validate_pyproject) by extensions ['cmake', 'python']
[3.244s] Level 1:colcon.colcon_core.package_identification:_identify(venv/lib/python3.12/site-packages/setuptools/config/_validate_pyproject) by extension 'cmake'
[3.244s] Level 1:colcon.colcon_core.package_identification:_identify(venv/lib/python3.12/site-packages/setuptools/config/_validate_pyproject) by extension 'python'
[3.244s] Level 1:colcon.colcon_core.package_identification:_identify(venv/lib/python3.12/site-packages/setuptools/config/_validate_pyproject) by extensions ['python_setup_py']
[3.244s] Level 1:colcon.colcon_core.package_identification:_identify(venv/lib/python3.12/site-packages/setuptools/config/_validate_pyproject) by extension 'python_setup_py'
[3.244s] Level 1:colcon.colcon_core.package_identification:_identify(venv/lib/python3.12/site-packages/setuptools/config/_validate_pyproject/__pycache__) by extensions ['ignore', 'ignore_ament_install']
[3.244s] Level 1:colcon.colcon_core.package_identification:_identify(venv/lib/python3.12/site-packages/setuptools/config/_validate_pyproject/__pycache__) by extension 'ignore'
[3.244s] Level 1:colcon.colcon_core.package_identification:_identify(venv/lib/python3.12/site-packages/setuptools/config/_validate_pyproject/__pycache__) by extension 'ignore_ament_install'
[3.244s] Level 1:colcon.colcon_core.package_identification:_identify(venv/lib/python3.12/site-packages/setuptools/config/_validate_pyproject/__pycache__) by extensions ['colcon_pkg']
[3.244s] Level 1:colcon.colcon_core.package_identification:_identify(venv/lib/python3.12/site-packages/setuptools/config/_validate_pyproject/__pycache__) by extension 'colcon_pkg'
[3.244s] Level 1:colcon.colcon_core.package_identification:_identify(venv/lib/python3.12/site-packages/setuptools/config/_validate_pyproject/__pycache__) by extensions ['colcon_meta']
[3.244s] Level 1:colcon.colcon_core.package_identification:_identify(venv/lib/python3.12/site-packages/setuptools/config/_validate_pyproject/__pycache__) by extension 'colcon_meta'
[3.244s] Level 1:colcon.colcon_core.package_identification:_identify(venv/lib/python3.12/site-packages/setuptools/config/_validate_pyproject/__pycache__) by extensions ['ros']
[3.244s] Level 1:colcon.colcon_core.package_identification:_identify(venv/lib/python3.12/site-packages/setuptools/config/_validate_pyproject/__pycache__) by extension 'ros'
[3.245s] Level 1:colcon.colcon_core.package_identification:_identify(venv/lib/python3.12/site-packages/setuptools/config/_validate_pyproject/__pycache__) by extensions ['cmake', 'python']
[3.245s] Level 1:colcon.colcon_core.package_identification:_identify(venv/lib/python3.12/site-packages/setuptools/config/_validate_pyproject/__pycache__) by extension 'cmake'
[3.245s] Level 1:colcon.colcon_core.package_identification:_identify(venv/lib/python3.12/site-packages/setuptools/config/_validate_pyproject/__pycache__) by extension 'python'
[3.245s] Level 1:colcon.colcon_core.package_identification:_identify(venv/lib/python3.12/site-packages/setuptools/config/_validate_pyproject/__pycache__) by extensions ['python_setup_py']
[3.245s] Level 1:colcon.colcon_core.package_identification:_identify(venv/lib/python3.12/site-packages/setuptools/config/_validate_pyproject/__pycache__) by extension 'python_setup_py'
[3.245s] Level 1:colcon.colcon_core.package_identification:_identify(venv/lib/python3.12/site-packages/setuptools/tests) by extensions ['ignore', 'ignore_ament_install']
[3.245s] Level 1:colcon.colcon_core.package_identification:_identify(venv/lib/python3.12/site-packages/setuptools/tests) by extension 'ignore'
[3.245s] Level 1:colcon.colcon_core.package_identification:_identify(venv/lib/python3.12/site-packages/setuptools/tests) by extension 'ignore_ament_install'
[3.245s] Level 1:colcon.colcon_core.package_identification:_identify(venv/lib/python3.12/site-packages/setuptools/tests) by extensions ['colcon_pkg']
[3.245s] Level 1:colcon.colcon_core.package_identification:_identify(venv/lib/python3.12/site-packages/setuptools/tests) by extension 'colcon_pkg'
[3.245s] Level 1:colcon.colcon_core.package_identification:_identify(venv/lib/python3.12/site-packages/setuptools/tests) by extensions ['colcon_meta']
[3.245s] Level 1:colcon.colcon_core.package_identification:_identify(venv/lib/python3.12/site-packages/setuptools/tests) by extension 'colcon_meta'
[3.245s] Level 1:colcon.colcon_core.package_identification:_identify(venv/lib/python3.12/site-packages/setuptools/tests) by extensions ['ros']
[3.245s] Level 1:colcon.colcon_core.package_identification:_identify(venv/lib/python3.12/site-packages/setuptools/tests) by extension 'ros'
[3.245s] Level 1:colcon.colcon_core.package_identification:_identify(venv/lib/python3.12/site-packages/setuptools/tests) by extensions ['cmake', 'python']
[3.245s] Level 1:colcon.colcon_core.package_identification:_identify(venv/lib/python3.12/site-packages/setuptools/tests) by extension 'cmake'
[3.246s] Level 1:colcon.colcon_core.package_identification:_identify(venv/lib/python3.12/site-packages/setuptools/tests) by extension 'python'
[3.246s] Level 1:colcon.colcon_core.package_identification:_identify(venv/lib/python3.12/site-packages/setuptools/tests) by extensions ['python_setup_py']
[3.246s] Level 1:colcon.colcon_core.package_identification:_identify(venv/lib/python3.12/site-packages/setuptools/tests) by extension 'python_setup_py'
[3.246s] Level 1:colcon.colcon_core.package_identification:_identify(venv/lib/python3.12/site-packages/setuptools/tests/__pycache__) by extensions ['ignore', 'ignore_ament_install']
[3.246s] Level 1:colcon.colcon_core.package_identification:_identify(venv/lib/python3.12/site-packages/setuptools/tests/__pycache__) by extension 'ignore'
[3.246s] Level 1:colcon.colcon_core.package_identification:_identify(venv/lib/python3.12/site-packages/setuptools/tests/__pycache__) by extension 'ignore_ament_install'
[3.246s] Level 1:colcon.colcon_core.package_identification:_identify(venv/lib/python3.12/site-packages/setuptools/tests/__pycache__) by extensions ['colcon_pkg']
[3.246s] Level 1:colcon.colcon_core.package_identification:_identify(venv/lib/python3.12/site-packages/setuptools/tests/__pycache__) by extension 'colcon_pkg'
[3.246s] Level 1:colcon.colcon_core.package_identification:_identify(venv/lib/python3.12/site-packages/setuptools/tests/__pycache__) by extensions ['colcon_meta']
[3.246s] Level 1:colcon.colcon_core.package_identification:_identify(venv/lib/python3.12/site-packages/setuptools/tests/__pycache__) by extension 'colcon_meta'
[3.246s] Level 1:colcon.colcon_core.package_identification:_identify(venv/lib/python3.12/site-packages/setuptools/tests/__pycache__) by extensions ['ros']
[3.246s] Level 1:colcon.colcon_core.package_identification:_identify(venv/lib/python3.12/site-packages/setuptools/tests/__pycache__) by extension 'ros'
[3.246s] Level 1:colcon.colcon_core.package_identification:_identify(venv/lib/python3.12/site-packages/setuptools/tests/__pycache__) by extensions ['cmake', 'python']
[3.246s] Level 1:colcon.colcon_core.package_identification:_identify(venv/lib/python3.12/site-packages/setuptools/tests/__pycache__) by extension 'cmake'
[3.246s] Level 1:colcon.colcon_core.package_identification:_identify(venv/lib/python3.12/site-packages/setuptools/tests/__pycache__) by extension 'python'
[3.246s] Level 1:colcon.colcon_core.package_identification:_identify(venv/lib/python3.12/site-packages/setuptools/tests/__pycache__) by extensions ['python_setup_py']
[3.246s] Level 1:colcon.colcon_core.package_identification:_identify(venv/lib/python3.12/site-packages/setuptools/tests/__pycache__) by extension 'python_setup_py'
[3.247s] Level 1:colcon.colcon_core.package_identification:_identify(venv/lib/python3.12/site-packages/setuptools/tests/compat) by extensions ['ignore', 'ignore_ament_install']
[3.247s] Level 1:colcon.colcon_core.package_identification:_identify(venv/lib/python3.12/site-packages/setuptools/tests/compat) by extension 'ignore'
[3.247s] Level 1:colcon.colcon_core.package_identification:_identify(venv/lib/python3.12/site-packages/setuptools/tests/compat) by extension 'ignore_ament_install'
[3.247s] Level 1:colcon.colcon_core.package_identification:_identify(venv/lib/python3.12/site-packages/setuptools/tests/compat) by extensions ['colcon_pkg']
[3.247s] Level 1:colcon.colcon_core.package_identification:_identify(venv/lib/python3.12/site-packages/setuptools/tests/compat) by extension 'colcon_pkg'
[3.247s] Level 1:colcon.colcon_core.package_identification:_identify(venv/lib/python3.12/site-packages/setuptools/tests/compat) by extensions ['colcon_meta']
[3.247s] Level 1:colcon.colcon_core.package_identification:_identify(venv/lib/python3.12/site-packages/setuptools/tests/compat) by extension 'colcon_meta'
[3.247s] Level 1:colcon.colcon_core.package_identification:_identify(venv/lib/python3.12/site-packages/setuptools/tests/compat) by extensions ['ros']
[3.247s] Level 1:colcon.colcon_core.package_identification:_identify(venv/lib/python3.12/site-packages/setuptools/tests/compat) by extension 'ros'
[3.247s] Level 1:colcon.colcon_core.package_identification:_identify(venv/lib/python3.12/site-packages/setuptools/tests/compat) by extensions ['cmake', 'python']
[3.247s] Level 1:colcon.colcon_core.package_identification:_identify(venv/lib/python3.12/site-packages/setuptools/tests/compat) by extension 'cmake'
[3.247s] Level 1:colcon.colcon_core.package_identification:_identify(venv/lib/python3.12/site-packages/setuptools/tests/compat) by extension 'python'
[3.247s] Level 1:colcon.colcon_core.package_identification:_identify(venv/lib/python3.12/site-packages/setuptools/tests/compat) by extensions ['python_setup_py']
[3.247s] Level 1:colcon.colcon_core.package_identification:_identify(venv/lib/python3.12/site-packages/setuptools/tests/compat) by extension 'python_setup_py'
[3.247s] Level 1:colcon.colcon_core.package_identification:_identify(venv/lib/python3.12/site-packages/setuptools/tests/compat/__pycache__) by extensions ['ignore', 'ignore_ament_install']
[3.248s] Level 1:colcon.colcon_core.package_identification:_identify(venv/lib/python3.12/site-packages/setuptools/tests/compat/__pycache__) by extension 'ignore'
[3.248s] Level 1:colcon.colcon_core.package_identification:_identify(venv/lib/python3.12/site-packages/setuptools/tests/compat/__pycache__) by extension 'ignore_ament_install'
[3.248s] Level 1:colcon.colcon_core.package_identification:_identify(venv/lib/python3.12/site-packages/setuptools/tests/compat/__pycache__) by extensions ['colcon_pkg']
[3.248s] Level 1:colcon.colcon_core.package_identification:_identify(venv/lib/python3.12/site-packages/setuptools/tests/compat/__pycache__) by extension 'colcon_pkg'
[3.248s] Level 1:colcon.colcon_core.package_identification:_identify(venv/lib/python3.12/site-packages/setuptools/tests/compat/__pycache__) by extensions ['colcon_meta']
[3.248s] Level 1:colcon.colcon_core.package_identification:_identify(venv/lib/python3.12/site-packages/setuptools/tests/compat/__pycache__) by extension 'colcon_meta'
[3.248s] Level 1:colcon.colcon_core.package_identification:_identify(venv/lib/python3.12/site-packages/setuptools/tests/compat/__pycache__) by extensions ['ros']
[3.248s] Level 1:colcon.colcon_core.package_identification:_identify(venv/lib/python3.12/site-packages/setuptools/tests/compat/__pycache__) by extension 'ros'
[3.248s] Level 1:colcon.colcon_core.package_identification:_identify(venv/lib/python3.12/site-packages/setuptools/tests/compat/__pycache__) by extensions ['cmake', 'python']
[3.248s] Level 1:colcon.colcon_core.package_identification:_identify(venv/lib/python3.12/site-packages/setuptools/tests/compat/__pycache__) by extension 'cmake'
[3.248s] Level 1:colcon.colcon_core.package_identification:_identify(venv/lib/python3.12/site-packages/setuptools/tests/compat/__pycache__) by extension 'python'
[3.248s] Level 1:colcon.colcon_core.package_identification:_identify(venv/lib/python3.12/site-packages/setuptools/tests/compat/__pycache__) by extensions ['python_setup_py']
[3.248s] Level 1:colcon.colcon_core.package_identification:_identify(venv/lib/python3.12/site-packages/setuptools/tests/compat/__pycache__) by extension 'python_setup_py'
[3.248s] Level 1:colcon.colcon_core.package_identification:_identify(venv/lib/python3.12/site-packages/setuptools/tests/config) by extensions ['ignore', 'ignore_ament_install']
[3.248s] Level 1:colcon.colcon_core.package_identification:_identify(venv/lib/python3.12/site-packages/setuptools/tests/config) by extension 'ignore'
[3.248s] Level 1:colcon.colcon_core.package_identification:_identify(venv/lib/python3.12/site-packages/setuptools/tests/config) by extension 'ignore_ament_install'
[3.249s] Level 1:colcon.colcon_core.package_identification:_identify(venv/lib/python3.12/site-packages/setuptools/tests/config) by extensions ['colcon_pkg']
[3.249s] Level 1:colcon.colcon_core.package_identification:_identify(venv/lib/python3.12/site-packages/setuptools/tests/config) by extension 'colcon_pkg'
[3.249s] Level 1:colcon.colcon_core.package_identification:_identify(venv/lib/python3.12/site-packages/setuptools/tests/config) by extensions ['colcon_meta']
[3.249s] Level 1:colcon.colcon_core.package_identification:_identify(venv/lib/python3.12/site-packages/setuptools/tests/config) by extension 'colcon_meta'
[3.249s] Level 1:colcon.colcon_core.package_identification:_identify(venv/lib/python3.12/site-packages/setuptools/tests/config) by extensions ['ros']
[3.249s] Level 1:colcon.colcon_core.package_identification:_identify(venv/lib/python3.12/site-packages/setuptools/tests/config) by extension 'ros'
[3.249s] Level 1:colcon.colcon_core.package_identification:_identify(venv/lib/python3.12/site-packages/setuptools/tests/config) by extensions ['cmake', 'python']
[3.249s] Level 1:colcon.colcon_core.package_identification:_identify(venv/lib/python3.12/site-packages/setuptools/tests/config) by extension 'cmake'
[3.249s] Level 1:colcon.colcon_core.package_identification:_identify(venv/lib/python3.12/site-packages/setuptools/tests/config) by extension 'python'
[3.249s] Level 1:colcon.colcon_core.package_identification:_identify(venv/lib/python3.12/site-packages/setuptools/tests/config) by extensions ['python_setup_py']
[3.249s] Level 1:colcon.colcon_core.package_identification:_identify(venv/lib/python3.12/site-packages/setuptools/tests/config) by extension 'python_setup_py'
[3.249s] Level 1:colcon.colcon_core.package_identification:_identify(venv/lib/python3.12/site-packages/setuptools/tests/config/__pycache__) by extensions ['ignore', 'ignore_ament_install']
[3.249s] Level 1:colcon.colcon_core.package_identification:_identify(venv/lib/python3.12/site-packages/setuptools/tests/config/__pycache__) by extension 'ignore'
[3.249s] Level 1:colcon.colcon_core.package_identification:_identify(venv/lib/python3.12/site-packages/setuptools/tests/config/__pycache__) by extension 'ignore_ament_install'
[3.249s] Level 1:colcon.colcon_core.package_identification:_identify(venv/lib/python3.12/site-packages/setuptools/tests/config/__pycache__) by extensions ['colcon_pkg']
[3.249s] Level 1:colcon.colcon_core.package_identification:_identify(venv/lib/python3.12/site-packages/setuptools/tests/config/__pycache__) by extension 'colcon_pkg'
[3.249s] Level 1:colcon.colcon_core.package_identification:_identify(venv/lib/python3.12/site-packages/setuptools/tests/config/__pycache__) by extensions ['colcon_meta']
[3.250s] Level 1:colcon.colcon_core.package_identification:_identify(venv/lib/python3.12/site-packages/setuptools/tests/config/__pycache__) by extension 'colcon_meta'
[3.250s] Level 1:colcon.colcon_core.package_identification:_identify(venv/lib/python3.12/site-packages/setuptools/tests/config/__pycache__) by extensions ['ros']
[3.250s] Level 1:colcon.colcon_core.package_identification:_identify(venv/lib/python3.12/site-packages/setuptools/tests/config/__pycache__) by extension 'ros'
[3.250s] Level 1:colcon.colcon_core.package_identification:_identify(venv/lib/python3.12/site-packages/setuptools/tests/config/__pycache__) by extensions ['cmake', 'python']
[3.250s] Level 1:colcon.colcon_core.package_identification:_identify(venv/lib/python3.12/site-packages/setuptools/tests/config/__pycache__) by extension 'cmake'
[3.250s] Level 1:colcon.colcon_core.package_identification:_identify(venv/lib/python3.12/site-packages/setuptools/tests/config/__pycache__) by extension 'python'
[3.250s] Level 1:colcon.colcon_core.package_identification:_identify(venv/lib/python3.12/site-packages/setuptools/tests/config/__pycache__) by extensions ['python_setup_py']
[3.250s] Level 1:colcon.colcon_core.package_identification:_identify(venv/lib/python3.12/site-packages/setuptools/tests/config/__pycache__) by extension 'python_setup_py'
[3.250s] Level 1:colcon.colcon_core.package_identification:_identify(venv/lib/python3.12/site-packages/setuptools/tests/config/downloads) by extensions ['ignore', 'ignore_ament_install']
[3.250s] Level 1:colcon.colcon_core.package_identification:_identify(venv/lib/python3.12/site-packages/setuptools/tests/config/downloads) by extension 'ignore'
[3.250s] Level 1:colcon.colcon_core.package_identification:_identify(venv/lib/python3.12/site-packages/setuptools/tests/config/downloads) by extension 'ignore_ament_install'
[3.250s] Level 1:colcon.colcon_core.package_identification:_identify(venv/lib/python3.12/site-packages/setuptools/tests/config/downloads) by extensions ['colcon_pkg']
[3.250s] Level 1:colcon.colcon_core.package_identification:_identify(venv/lib/python3.12/site-packages/setuptools/tests/config/downloads) by extension 'colcon_pkg'
[3.250s] Level 1:colcon.colcon_core.package_identification:_identify(venv/lib/python3.12/site-packages/setuptools/tests/config/downloads) by extensions ['colcon_meta']
[3.250s] Level 1:colcon.colcon_core.package_identification:_identify(venv/lib/python3.12/site-packages/setuptools/tests/config/downloads) by extension 'colcon_meta'
[3.250s] Level 1:colcon.colcon_core.package_identification:_identify(venv/lib/python3.12/site-packages/setuptools/tests/config/downloads) by extensions ['ros']
[3.250s] Level 1:colcon.colcon_core.package_identification:_identify(venv/lib/python3.12/site-packages/setuptools/tests/config/downloads) by extension 'ros'
[3.251s] Level 1:colcon.colcon_core.package_identification:_identify(venv/lib/python3.12/site-packages/setuptools/tests/config/downloads) by extensions ['cmake', 'python']
[3.251s] Level 1:colcon.colcon_core.package_identification:_identify(venv/lib/python3.12/site-packages/setuptools/tests/config/downloads) by extension 'cmake'
[3.251s] Level 1:colcon.colcon_core.package_identification:_identify(venv/lib/python3.12/site-packages/setuptools/tests/config/downloads) by extension 'python'
[3.251s] Level 1:colcon.colcon_core.package_identification:_identify(venv/lib/python3.12/site-packages/setuptools/tests/config/downloads) by extensions ['python_setup_py']
[3.251s] Level 1:colcon.colcon_core.package_identification:_identify(venv/lib/python3.12/site-packages/setuptools/tests/config/downloads) by extension 'python_setup_py'
[3.251s] Level 1:colcon.colcon_core.package_identification:_identify(venv/lib/python3.12/site-packages/setuptools/tests/config/downloads/__pycache__) by extensions ['ignore', 'ignore_ament_install']
[3.251s] Level 1:colcon.colcon_core.package_identification:_identify(venv/lib/python3.12/site-packages/setuptools/tests/config/downloads/__pycache__) by extension 'ignore'
[3.251s] Level 1:colcon.colcon_core.package_identification:_identify(venv/lib/python3.12/site-packages/setuptools/tests/config/downloads/__pycache__) by extension 'ignore_ament_install'
[3.251s] Level 1:colcon.colcon_core.package_identification:_identify(venv/lib/python3.12/site-packages/setuptools/tests/config/downloads/__pycache__) by extensions ['colcon_pkg']
[3.251s] Level 1:colcon.colcon_core.package_identification:_identify(venv/lib/python3.12/site-packages/setuptools/tests/config/downloads/__pycache__) by extension 'colcon_pkg'
[3.251s] Level 1:colcon.colcon_core.package_identification:_identify(venv/lib/python3.12/site-packages/setuptools/tests/config/downloads/__pycache__) by extensions ['colcon_meta']
[3.251s] Level 1:colcon.colcon_core.package_identification:_identify(venv/lib/python3.12/site-packages/setuptools/tests/config/downloads/__pycache__) by extension 'colcon_meta'
[3.251s] Level 1:colcon.colcon_core.package_identification:_identify(venv/lib/python3.12/site-packages/setuptools/tests/config/downloads/__pycache__) by extensions ['ros']
[3.251s] Level 1:colcon.colcon_core.package_identification:_identify(venv/lib/python3.12/site-packages/setuptools/tests/config/downloads/__pycache__) by extension 'ros'
[3.251s] Level 1:colcon.colcon_core.package_identification:_identify(venv/lib/python3.12/site-packages/setuptools/tests/config/downloads/__pycache__) by extensions ['cmake', 'python']
[3.252s] Level 1:colcon.colcon_core.package_identification:_identify(venv/lib/python3.12/site-packages/setuptools/tests/config/downloads/__pycache__) by extension 'cmake'
[3.252s] Level 1:colcon.colcon_core.package_identification:_identify(venv/lib/python3.12/site-packages/setuptools/tests/config/downloads/__pycache__) by extension 'python'
[3.252s] Level 1:colcon.colcon_core.package_identification:_identify(venv/lib/python3.12/site-packages/setuptools/tests/config/downloads/__pycache__) by extensions ['python_setup_py']
[3.252s] Level 1:colcon.colcon_core.package_identification:_identify(venv/lib/python3.12/site-packages/setuptools/tests/config/downloads/__pycache__) by extension 'python_setup_py'
[3.252s] Level 1:colcon.colcon_core.package_identification:_identify(venv/lib/python3.12/site-packages/setuptools/tests/indexes) by extensions ['ignore', 'ignore_ament_install']
[3.252s] Level 1:colcon.colcon_core.package_identification:_identify(venv/lib/python3.12/site-packages/setuptools/tests/indexes) by extension 'ignore'
[3.252s] Level 1:colcon.colcon_core.package_identification:_identify(venv/lib/python3.12/site-packages/setuptools/tests/indexes) by extension 'ignore_ament_install'
[3.252s] Level 1:colcon.colcon_core.package_identification:_identify(venv/lib/python3.12/site-packages/setuptools/tests/indexes) by extensions ['colcon_pkg']
[3.252s] Level 1:colcon.colcon_core.package_identification:_identify(venv/lib/python3.12/site-packages/setuptools/tests/indexes) by extension 'colcon_pkg'
[3.252s] Level 1:colcon.colcon_core.package_identification:_identify(venv/lib/python3.12/site-packages/setuptools/tests/indexes) by extensions ['colcon_meta']
[3.252s] Level 1:colcon.colcon_core.package_identification:_identify(venv/lib/python3.12/site-packages/setuptools/tests/indexes) by extension 'colcon_meta'
[3.252s] Level 1:colcon.colcon_core.package_identification:_identify(venv/lib/python3.12/site-packages/setuptools/tests/indexes) by extensions ['ros']
[3.252s] Level 1:colcon.colcon_core.package_identification:_identify(venv/lib/python3.12/site-packages/setuptools/tests/indexes) by extension 'ros'
[3.252s] Level 1:colcon.colcon_core.package_identification:_identify(venv/lib/python3.12/site-packages/setuptools/tests/indexes) by extensions ['cmake', 'python']
[3.252s] Level 1:colcon.colcon_core.package_identification:_identify(venv/lib/python3.12/site-packages/setuptools/tests/indexes) by extension 'cmake'
[3.252s] Level 1:colcon.colcon_core.package_identification:_identify(venv/lib/python3.12/site-packages/setuptools/tests/indexes) by extension 'python'
[3.252s] Level 1:colcon.colcon_core.package_identification:_identify(venv/lib/python3.12/site-packages/setuptools/tests/indexes) by extensions ['python_setup_py']
[3.252s] Level 1:colcon.colcon_core.package_identification:_identify(venv/lib/python3.12/site-packages/setuptools/tests/indexes) by extension 'python_setup_py'
[3.253s] Level 1:colcon.colcon_core.package_identification:_identify(venv/lib/python3.12/site-packages/setuptools/tests/indexes/test_links_priority) by extensions ['ignore', 'ignore_ament_install']
[3.253s] Level 1:colcon.colcon_core.package_identification:_identify(venv/lib/python3.12/site-packages/setuptools/tests/indexes/test_links_priority) by extension 'ignore'
[3.253s] Level 1:colcon.colcon_core.package_identification:_identify(venv/lib/python3.12/site-packages/setuptools/tests/indexes/test_links_priority) by extension 'ignore_ament_install'
[3.253s] Level 1:colcon.colcon_core.package_identification:_identify(venv/lib/python3.12/site-packages/setuptools/tests/indexes/test_links_priority) by extensions ['colcon_pkg']
[3.253s] Level 1:colcon.colcon_core.package_identification:_identify(venv/lib/python3.12/site-packages/setuptools/tests/indexes/test_links_priority) by extension 'colcon_pkg'
[3.253s] Level 1:colcon.colcon_core.package_identification:_identify(venv/lib/python3.12/site-packages/setuptools/tests/indexes/test_links_priority) by extensions ['colcon_meta']
[3.253s] Level 1:colcon.colcon_core.package_identification:_identify(venv/lib/python3.12/site-packages/setuptools/tests/indexes/test_links_priority) by extension 'colcon_meta'
[3.253s] Level 1:colcon.colcon_core.package_identification:_identify(venv/lib/python3.12/site-packages/setuptools/tests/indexes/test_links_priority) by extensions ['ros']
[3.253s] Level 1:colcon.colcon_core.package_identification:_identify(venv/lib/python3.12/site-packages/setuptools/tests/indexes/test_links_priority) by extension 'ros'
[3.253s] Level 1:colcon.colcon_core.package_identification:_identify(venv/lib/python3.12/site-packages/setuptools/tests/indexes/test_links_priority) by extensions ['cmake', 'python']
[3.253s] Level 1:colcon.colcon_core.package_identification:_identify(venv/lib/python3.12/site-packages/setuptools/tests/indexes/test_links_priority) by extension 'cmake'
[3.253s] Level 1:colcon.colcon_core.package_identification:_identify(venv/lib/python3.12/site-packages/setuptools/tests/indexes/test_links_priority) by extension 'python'
[3.253s] Level 1:colcon.colcon_core.package_identification:_identify(venv/lib/python3.12/site-packages/setuptools/tests/indexes/test_links_priority) by extensions ['python_setup_py']
[3.253s] Level 1:colcon.colcon_core.package_identification:_identify(venv/lib/python3.12/site-packages/setuptools/tests/indexes/test_links_priority) by extension 'python_setup_py'
[3.253s] Level 1:colcon.colcon_core.package_identification:_identify(venv/lib/python3.12/site-packages/setuptools/tests/indexes/test_links_priority/simple) by extensions ['ignore', 'ignore_ament_install']
[3.254s] Level 1:colcon.colcon_core.package_identification:_identify(venv/lib/python3.12/site-packages/setuptools/tests/indexes/test_links_priority/simple) by extension 'ignore'
[3.254s] Level 1:colcon.colcon_core.package_identification:_identify(venv/lib/python3.12/site-packages/setuptools/tests/indexes/test_links_priority/simple) by extension 'ignore_ament_install'
[3.254s] Level 1:colcon.colcon_core.package_identification:_identify(venv/lib/python3.12/site-packages/setuptools/tests/indexes/test_links_priority/simple) by extensions ['colcon_pkg']
[3.254s] Level 1:colcon.colcon_core.package_identification:_identify(venv/lib/python3.12/site-packages/setuptools/tests/indexes/test_links_priority/simple) by extension 'colcon_pkg'
[3.254s] Level 1:colcon.colcon_core.package_identification:_identify(venv/lib/python3.12/site-packages/setuptools/tests/indexes/test_links_priority/simple) by extensions ['colcon_meta']
[3.254s] Level 1:colcon.colcon_core.package_identification:_identify(venv/lib/python3.12/site-packages/setuptools/tests/indexes/test_links_priority/simple) by extension 'colcon_meta'
[3.254s] Level 1:colcon.colcon_core.package_identification:_identify(venv/lib/python3.12/site-packages/setuptools/tests/indexes/test_links_priority/simple) by extensions ['ros']
[3.254s] Level 1:colcon.colcon_core.package_identification:_identify(venv/lib/python3.12/site-packages/setuptools/tests/indexes/test_links_priority/simple) by extension 'ros'
[3.254s] Level 1:colcon.colcon_core.package_identification:_identify(venv/lib/python3.12/site-packages/setuptools/tests/indexes/test_links_priority/simple) by extensions ['cmake', 'python']
[3.254s] Level 1:colcon.colcon_core.package_identification:_identify(venv/lib/python3.12/site-packages/setuptools/tests/indexes/test_links_priority/simple) by extension 'cmake'
[3.254s] Level 1:colcon.colcon_core.package_identification:_identify(venv/lib/python3.12/site-packages/setuptools/tests/indexes/test_links_priority/simple) by extension 'python'
[3.254s] Level 1:colcon.colcon_core.package_identification:_identify(venv/lib/python3.12/site-packages/setuptools/tests/indexes/test_links_priority/simple) by extensions ['python_setup_py']
[3.254s] Level 1:colcon.colcon_core.package_identification:_identify(venv/lib/python3.12/site-packages/setuptools/tests/indexes/test_links_priority/simple) by extension 'python_setup_py'
[3.254s] Level 1:colcon.colcon_core.package_identification:_identify(venv/lib/python3.12/site-packages/setuptools/tests/indexes/test_links_priority/simple/foobar) by extensions ['ignore', 'ignore_ament_install']
[3.255s] Level 1:colcon.colcon_core.package_identification:_identify(venv/lib/python3.12/site-packages/setuptools/tests/indexes/test_links_priority/simple/foobar) by extension 'ignore'
[3.255s] Level 1:colcon.colcon_core.package_identification:_identify(venv/lib/python3.12/site-packages/setuptools/tests/indexes/test_links_priority/simple/foobar) by extension 'ignore_ament_install'
[3.255s] Level 1:colcon.colcon_core.package_identification:_identify(venv/lib/python3.12/site-packages/setuptools/tests/indexes/test_links_priority/simple/foobar) by extensions ['colcon_pkg']
[3.255s] Level 1:colcon.colcon_core.package_identification:_identify(venv/lib/python3.12/site-packages/setuptools/tests/indexes/test_links_priority/simple/foobar) by extension 'colcon_pkg'
[3.255s] Level 1:colcon.colcon_core.package_identification:_identify(venv/lib/python3.12/site-packages/setuptools/tests/indexes/test_links_priority/simple/foobar) by extensions ['colcon_meta']
[3.255s] Level 1:colcon.colcon_core.package_identification:_identify(venv/lib/python3.12/site-packages/setuptools/tests/indexes/test_links_priority/simple/foobar) by extension 'colcon_meta'
[3.255s] Level 1:colcon.colcon_core.package_identification:_identify(venv/lib/python3.12/site-packages/setuptools/tests/indexes/test_links_priority/simple/foobar) by extensions ['ros']
[3.255s] Level 1:colcon.colcon_core.package_identification:_identify(venv/lib/python3.12/site-packages/setuptools/tests/indexes/test_links_priority/simple/foobar) by extension 'ros'
[3.255s] Level 1:colcon.colcon_core.package_identification:_identify(venv/lib/python3.12/site-packages/setuptools/tests/indexes/test_links_priority/simple/foobar) by extensions ['cmake', 'python']
[3.255s] Level 1:colcon.colcon_core.package_identification:_identify(venv/lib/python3.12/site-packages/setuptools/tests/indexes/test_links_priority/simple/foobar) by extension 'cmake'
[3.255s] Level 1:colcon.colcon_core.package_identification:_identify(venv/lib/python3.12/site-packages/setuptools/tests/indexes/test_links_priority/simple/foobar) by extension 'python'
[3.255s] Level 1:colcon.colcon_core.package_identification:_identify(venv/lib/python3.12/site-packages/setuptools/tests/indexes/test_links_priority/simple/foobar) by extensions ['python_setup_py']
[3.255s] Level 1:colcon.colcon_core.package_identification:_identify(venv/lib/python3.12/site-packages/setuptools/tests/indexes/test_links_priority/simple/foobar) by extension 'python_setup_py'
[3.255s] Level 1:colcon.colcon_core.package_identification:_identify(venv/lib/python3.12/site-packages/setuptools/tests/integration) by extensions ['ignore', 'ignore_ament_install']
[3.255s] Level 1:colcon.colcon_core.package_identification:_identify(venv/lib/python3.12/site-packages/setuptools/tests/integration) by extension 'ignore'
[3.256s] Level 1:colcon.colcon_core.package_identification:_identify(venv/lib/python3.12/site-packages/setuptools/tests/integration) by extension 'ignore_ament_install'
[3.256s] Level 1:colcon.colcon_core.package_identification:_identify(venv/lib/python3.12/site-packages/setuptools/tests/integration) by extensions ['colcon_pkg']
[3.256s] Level 1:colcon.colcon_core.package_identification:_identify(venv/lib/python3.12/site-packages/setuptools/tests/integration) by extension 'colcon_pkg'
[3.256s] Level 1:colcon.colcon_core.package_identification:_identify(venv/lib/python3.12/site-packages/setuptools/tests/integration) by extensions ['colcon_meta']
[3.256s] Level 1:colcon.colcon_core.package_identification:_identify(venv/lib/python3.12/site-packages/setuptools/tests/integration) by extension 'colcon_meta'
[3.256s] Level 1:colcon.colcon_core.package_identification:_identify(venv/lib/python3.12/site-packages/setuptools/tests/integration) by extensions ['ros']
[3.256s] Level 1:colcon.colcon_core.package_identification:_identify(venv/lib/python3.12/site-packages/setuptools/tests/integration) by extension 'ros'
[3.256s] Level 1:colcon.colcon_core.package_identification:_identify(venv/lib/python3.12/site-packages/setuptools/tests/integration) by extensions ['cmake', 'python']
[3.256s] Level 1:colcon.colcon_core.package_identification:_identify(venv/lib/python3.12/site-packages/setuptools/tests/integration) by extension 'cmake'
[3.256s] Level 1:colcon.colcon_core.package_identification:_identify(venv/lib/python3.12/site-packages/setuptools/tests/integration) by extension 'python'
[3.256s] Level 1:colcon.colcon_core.package_identification:_identify(venv/lib/python3.12/site-packages/setuptools/tests/integration) by extensions ['python_setup_py']
[3.256s] Level 1:colcon.colcon_core.package_identification:_identify(venv/lib/python3.12/site-packages/setuptools/tests/integration) by extension 'python_setup_py'
[3.256s] Level 1:colcon.colcon_core.package_identification:_identify(venv/lib/python3.12/site-packages/setuptools/tests/integration/__pycache__) by extensions ['ignore', 'ignore_ament_install']
[3.256s] Level 1:colcon.colcon_core.package_identification:_identify(venv/lib/python3.12/site-packages/setuptools/tests/integration/__pycache__) by extension 'ignore'
[3.256s] Level 1:colcon.colcon_core.package_identification:_identify(venv/lib/python3.12/site-packages/setuptools/tests/integration/__pycache__) by extension 'ignore_ament_install'
[3.256s] Level 1:colcon.colcon_core.package_identification:_identify(venv/lib/python3.12/site-packages/setuptools/tests/integration/__pycache__) by extensions ['colcon_pkg']
[3.256s] Level 1:colcon.colcon_core.package_identification:_identify(venv/lib/python3.12/site-packages/setuptools/tests/integration/__pycache__) by extension 'colcon_pkg'
[3.257s] Level 1:colcon.colcon_core.package_identification:_identify(venv/lib/python3.12/site-packages/setuptools/tests/integration/__pycache__) by extensions ['colcon_meta']
[3.257s] Level 1:colcon.colcon_core.package_identification:_identify(venv/lib/python3.12/site-packages/setuptools/tests/integration/__pycache__) by extension 'colcon_meta'
[3.257s] Level 1:colcon.colcon_core.package_identification:_identify(venv/lib/python3.12/site-packages/setuptools/tests/integration/__pycache__) by extensions ['ros']
[3.257s] Level 1:colcon.colcon_core.package_identification:_identify(venv/lib/python3.12/site-packages/setuptools/tests/integration/__pycache__) by extension 'ros'
[3.257s] Level 1:colcon.colcon_core.package_identification:_identify(venv/lib/python3.12/site-packages/setuptools/tests/integration/__pycache__) by extensions ['cmake', 'python']
[3.257s] Level 1:colcon.colcon_core.package_identification:_identify(venv/lib/python3.12/site-packages/setuptools/tests/integration/__pycache__) by extension 'cmake'
[3.257s] Level 1:colcon.colcon_core.package_identification:_identify(venv/lib/python3.12/site-packages/setuptools/tests/integration/__pycache__) by extension 'python'
[3.257s] Level 1:colcon.colcon_core.package_identification:_identify(venv/lib/python3.12/site-packages/setuptools/tests/integration/__pycache__) by extensions ['python_setup_py']
[3.257s] Level 1:colcon.colcon_core.package_identification:_identify(venv/lib/python3.12/site-packages/setuptools/tests/integration/__pycache__) by extension 'python_setup_py'
[3.257s] Level 1:colcon.colcon_core.package_identification:_identify(venv/lib/python3.12/site-packages/setuptools-82.0.1.dist-info) by extensions ['ignore', 'ignore_ament_install']
[3.257s] Level 1:colcon.colcon_core.package_identification:_identify(venv/lib/python3.12/site-packages/setuptools-82.0.1.dist-info) by extension 'ignore'
[3.257s] Level 1:colcon.colcon_core.package_identification:_identify(venv/lib/python3.12/site-packages/setuptools-82.0.1.dist-info) by extension 'ignore_ament_install'
[3.257s] Level 1:colcon.colcon_core.package_identification:_identify(venv/lib/python3.12/site-packages/setuptools-82.0.1.dist-info) by extensions ['colcon_pkg']
[3.257s] Level 1:colcon.colcon_core.package_identification:_identify(venv/lib/python3.12/site-packages/setuptools-82.0.1.dist-info) by extension 'colcon_pkg'
[3.257s] Level 1:colcon.colcon_core.package_identification:_identify(venv/lib/python3.12/site-packages/setuptools-82.0.1.dist-info) by extensions ['colcon_meta']
[3.257s] Level 1:colcon.colcon_core.package_identification:_identify(venv/lib/python3.12/site-packages/setuptools-82.0.1.dist-info) by extension 'colcon_meta'
[3.257s] Level 1:colcon.colcon_core.package_identification:_identify(venv/lib/python3.12/site-packages/setuptools-82.0.1.dist-info) by extensions ['ros']
[3.257s] Level 1:colcon.colcon_core.package_identification:_identify(venv/lib/python3.12/site-packages/setuptools-82.0.1.dist-info) by extension 'ros'
[3.258s] Level 1:colcon.colcon_core.package_identification:_identify(venv/lib/python3.12/site-packages/setuptools-82.0.1.dist-info) by extensions ['cmake', 'python']
[3.258s] Level 1:colcon.colcon_core.package_identification:_identify(venv/lib/python3.12/site-packages/setuptools-82.0.1.dist-info) by extension 'cmake'
[3.258s] Level 1:colcon.colcon_core.package_identification:_identify(venv/lib/python3.12/site-packages/setuptools-82.0.1.dist-info) by extension 'python'
[3.258s] Level 1:colcon.colcon_core.package_identification:_identify(venv/lib/python3.12/site-packages/setuptools-82.0.1.dist-info) by extensions ['python_setup_py']
[3.258s] Level 1:colcon.colcon_core.package_identification:_identify(venv/lib/python3.12/site-packages/setuptools-82.0.1.dist-info) by extension 'python_setup_py'
[3.258s] Level 1:colcon.colcon_core.package_identification:_identify(venv/lib/python3.12/site-packages/setuptools-82.0.1.dist-info/licenses) by extensions ['ignore', 'ignore_ament_install']
[3.258s] Level 1:colcon.colcon_core.package_identification:_identify(venv/lib/python3.12/site-packages/setuptools-82.0.1.dist-info/licenses) by extension 'ignore'
[3.258s] Level 1:colcon.colcon_core.package_identification:_identify(venv/lib/python3.12/site-packages/setuptools-82.0.1.dist-info/licenses) by extension 'ignore_ament_install'
[3.258s] Level 1:colcon.colcon_core.package_identification:_identify(venv/lib/python3.12/site-packages/setuptools-82.0.1.dist-info/licenses) by extensions ['colcon_pkg']
[3.258s] Level 1:colcon.colcon_core.package_identification:_identify(venv/lib/python3.12/site-packages/setuptools-82.0.1.dist-info/licenses) by extension 'colcon_pkg'
[3.258s] Level 1:colcon.colcon_core.package_identification:_identify(venv/lib/python3.12/site-packages/setuptools-82.0.1.dist-info/licenses) by extensions ['colcon_meta']
[3.258s] Level 1:colcon.colcon_core.package_identification:_identify(venv/lib/python3.12/site-packages/setuptools-82.0.1.dist-info/licenses) by extension 'colcon_meta'
[3.258s] Level 1:colcon.colcon_core.package_identification:_identify(venv/lib/python3.12/site-packages/setuptools-82.0.1.dist-info/licenses) by extensions ['ros']
[3.258s] Level 1:colcon.colcon_core.package_identification:_identify(venv/lib/python3.12/site-packages/setuptools-82.0.1.dist-info/licenses) by extension 'ros'
[3.258s] Level 1:colcon.colcon_core.package_identification:_identify(venv/lib/python3.12/site-packages/setuptools-82.0.1.dist-info/licenses) by extensions ['cmake', 'python']
[3.258s] Level 1:colcon.colcon_core.package_identification:_identify(venv/lib/python3.12/site-packages/setuptools-82.0.1.dist-info/licenses) by extension 'cmake'
[3.259s] Level 1:colcon.colcon_core.package_identification:_identify(venv/lib/python3.12/site-packages/setuptools-82.0.1.dist-info/licenses) by extension 'python'
[3.259s] Level 1:colcon.colcon_core.package_identification:_identify(venv/lib/python3.12/site-packages/setuptools-82.0.1.dist-info/licenses) by extensions ['python_setup_py']
[3.259s] Level 1:colcon.colcon_core.package_identification:_identify(venv/lib/python3.12/site-packages/setuptools-82.0.1.dist-info/licenses) by extension 'python_setup_py'
[3.259s] Level 1:colcon.colcon_core.package_identification:_identify(venv/lib/python3.12/site-packages/smbus2) by extensions ['ignore', 'ignore_ament_install']
[3.259s] Level 1:colcon.colcon_core.package_identification:_identify(venv/lib/python3.12/site-packages/smbus2) by extension 'ignore'
[3.259s] Level 1:colcon.colcon_core.package_identification:_identify(venv/lib/python3.12/site-packages/smbus2) by extension 'ignore_ament_install'
[3.259s] Level 1:colcon.colcon_core.package_identification:_identify(venv/lib/python3.12/site-packages/smbus2) by extensions ['colcon_pkg']
[3.259s] Level 1:colcon.colcon_core.package_identification:_identify(venv/lib/python3.12/site-packages/smbus2) by extension 'colcon_pkg'
[3.259s] Level 1:colcon.colcon_core.package_identification:_identify(venv/lib/python3.12/site-packages/smbus2) by extensions ['colcon_meta']
[3.259s] Level 1:colcon.colcon_core.package_identification:_identify(venv/lib/python3.12/site-packages/smbus2) by extension 'colcon_meta'
[3.259s] Level 1:colcon.colcon_core.package_identification:_identify(venv/lib/python3.12/site-packages/smbus2) by extensions ['ros']
[3.259s] Level 1:colcon.colcon_core.package_identification:_identify(venv/lib/python3.12/site-packages/smbus2) by extension 'ros'
[3.259s] Level 1:colcon.colcon_core.package_identification:_identify(venv/lib/python3.12/site-packages/smbus2) by extensions ['cmake', 'python']
[3.259s] Level 1:colcon.colcon_core.package_identification:_identify(venv/lib/python3.12/site-packages/smbus2) by extension 'cmake'
[3.259s] Level 1:colcon.colcon_core.package_identification:_identify(venv/lib/python3.12/site-packages/smbus2) by extension 'python'
[3.259s] Level 1:colcon.colcon_core.package_identification:_identify(venv/lib/python3.12/site-packages/smbus2) by extensions ['python_setup_py']
[3.259s] Level 1:colcon.colcon_core.package_identification:_identify(venv/lib/python3.12/site-packages/smbus2) by extension 'python_setup_py'
[3.259s] Level 1:colcon.colcon_core.package_identification:_identify(venv/lib/python3.12/site-packages/smbus2/__pycache__) by extensions ['ignore', 'ignore_ament_install']
[3.260s] Level 1:colcon.colcon_core.package_identification:_identify(venv/lib/python3.12/site-packages/smbus2/__pycache__) by extension 'ignore'
[3.260s] Level 1:colcon.colcon_core.package_identification:_identify(venv/lib/python3.12/site-packages/smbus2/__pycache__) by extension 'ignore_ament_install'
[3.260s] Level 1:colcon.colcon_core.package_identification:_identify(venv/lib/python3.12/site-packages/smbus2/__pycache__) by extensions ['colcon_pkg']
[3.260s] Level 1:colcon.colcon_core.package_identification:_identify(venv/lib/python3.12/site-packages/smbus2/__pycache__) by extension 'colcon_pkg'
[3.260s] Level 1:colcon.colcon_core.package_identification:_identify(venv/lib/python3.12/site-packages/smbus2/__pycache__) by extensions ['colcon_meta']
[3.260s] Level 1:colcon.colcon_core.package_identification:_identify(venv/lib/python3.12/site-packages/smbus2/__pycache__) by extension 'colcon_meta'
[3.260s] Level 1:colcon.colcon_core.package_identification:_identify(venv/lib/python3.12/site-packages/smbus2/__pycache__) by extensions ['ros']
[3.260s] Level 1:colcon.colcon_core.package_identification:_identify(venv/lib/python3.12/site-packages/smbus2/__pycache__) by extension 'ros'
[3.260s] Level 1:colcon.colcon_core.package_identification:_identify(venv/lib/python3.12/site-packages/smbus2/__pycache__) by extensions ['cmake', 'python']
[3.260s] Level 1:colcon.colcon_core.package_identification:_identify(venv/lib/python3.12/site-packages/smbus2/__pycache__) by extension 'cmake'
[3.260s] Level 1:colcon.colcon_core.package_identification:_identify(venv/lib/python3.12/site-packages/smbus2/__pycache__) by extension 'python'
[3.260s] Level 1:colcon.colcon_core.package_identification:_identify(venv/lib/python3.12/site-packages/smbus2/__pycache__) by extensions ['python_setup_py']
[3.260s] Level 1:colcon.colcon_core.package_identification:_identify(venv/lib/python3.12/site-packages/smbus2/__pycache__) by extension 'python_setup_py'
[3.260s] Level 1:colcon.colcon_core.package_identification:_identify(venv/lib/python3.12/site-packages/smbus2-0.6.1.dist-info) by extensions ['ignore', 'ignore_ament_install']
[3.260s] Level 1:colcon.colcon_core.package_identification:_identify(venv/lib/python3.12/site-packages/smbus2-0.6.1.dist-info) by extension 'ignore'
[3.260s] Level 1:colcon.colcon_core.package_identification:_identify(venv/lib/python3.12/site-packages/smbus2-0.6.1.dist-info) by extension 'ignore_ament_install'
[3.261s] Level 1:colcon.colcon_core.package_identification:_identify(venv/lib/python3.12/site-packages/smbus2-0.6.1.dist-info) by extensions ['colcon_pkg']
[3.261s] Level 1:colcon.colcon_core.package_identification:_identify(venv/lib/python3.12/site-packages/smbus2-0.6.1.dist-info) by extension 'colcon_pkg'
[3.261s] Level 1:colcon.colcon_core.package_identification:_identify(venv/lib/python3.12/site-packages/smbus2-0.6.1.dist-info) by extensions ['colcon_meta']
[3.261s] Level 1:colcon.colcon_core.package_identification:_identify(venv/lib/python3.12/site-packages/smbus2-0.6.1.dist-info) by extension 'colcon_meta'
[3.261s] Level 1:colcon.colcon_core.package_identification:_identify(venv/lib/python3.12/site-packages/smbus2-0.6.1.dist-info) by extensions ['ros']
[3.261s] Level 1:colcon.colcon_core.package_identification:_identify(venv/lib/python3.12/site-packages/smbus2-0.6.1.dist-info) by extension 'ros'
[3.261s] Level 1:colcon.colcon_core.package_identification:_identify(venv/lib/python3.12/site-packages/smbus2-0.6.1.dist-info) by extensions ['cmake', 'python']
[3.261s] Level 1:colcon.colcon_core.package_identification:_identify(venv/lib/python3.12/site-packages/smbus2-0.6.1.dist-info) by extension 'cmake'
[3.261s] Level 1:colcon.colcon_core.package_identification:_identify(venv/lib/python3.12/site-packages/smbus2-0.6.1.dist-info) by extension 'python'
[3.261s] Level 1:colcon.colcon_core.package_identification:_identify(venv/lib/python3.12/site-packages/smbus2-0.6.1.dist-info) by extensions ['python_setup_py']
[3.261s] Level 1:colcon.colcon_core.package_identification:_identify(venv/lib/python3.12/site-packages/smbus2-0.6.1.dist-info) by extension 'python_setup_py'
[3.261s] Level 1:colcon.colcon_core.package_identification:_identify(venv/lib/python3.12/site-packages/smbus2-0.6.1.dist-info/licenses) by extensions ['ignore', 'ignore_ament_install']
[3.261s] Level 1:colcon.colcon_core.package_identification:_identify(venv/lib/python3.12/site-packages/smbus2-0.6.1.dist-info/licenses) by extension 'ignore'
[3.261s] Level 1:colcon.colcon_core.package_identification:_identify(venv/lib/python3.12/site-packages/smbus2-0.6.1.dist-info/licenses) by extension 'ignore_ament_install'
[3.261s] Level 1:colcon.colcon_core.package_identification:_identify(venv/lib/python3.12/site-packages/smbus2-0.6.1.dist-info/licenses) by extensions ['colcon_pkg']
[3.261s] Level 1:colcon.colcon_core.package_identification:_identify(venv/lib/python3.12/site-packages/smbus2-0.6.1.dist-info/licenses) by extension 'colcon_pkg'
[3.261s] Level 1:colcon.colcon_core.package_identification:_identify(venv/lib/python3.12/site-packages/smbus2-0.6.1.dist-info/licenses) by extensions ['colcon_meta']
[3.262s] Level 1:colcon.colcon_core.package_identification:_identify(venv/lib/python3.12/site-packages/smbus2-0.6.1.dist-info/licenses) by extension 'colcon_meta'
[3.262s] Level 1:colcon.colcon_core.package_identification:_identify(venv/lib/python3.12/site-packages/smbus2-0.6.1.dist-info/licenses) by extensions ['ros']
[3.262s] Level 1:colcon.colcon_core.package_identification:_identify(venv/lib/python3.12/site-packages/smbus2-0.6.1.dist-info/licenses) by extension 'ros'
[3.262s] Level 1:colcon.colcon_core.package_identification:_identify(venv/lib/python3.12/site-packages/smbus2-0.6.1.dist-info/licenses) by extensions ['cmake', 'python']
[3.262s] Level 1:colcon.colcon_core.package_identification:_identify(venv/lib/python3.12/site-packages/smbus2-0.6.1.dist-info/licenses) by extension 'cmake'
[3.262s] Level 1:colcon.colcon_core.package_identification:_identify(venv/lib/python3.12/site-packages/smbus2-0.6.1.dist-info/licenses) by extension 'python'
[3.262s] Level 1:colcon.colcon_core.package_identification:_identify(venv/lib/python3.12/site-packages/smbus2-0.6.1.dist-info/licenses) by extensions ['python_setup_py']
[3.262s] Level 1:colcon.colcon_core.package_identification:_identify(venv/lib/python3.12/site-packages/smbus2-0.6.1.dist-info/licenses) by extension 'python_setup_py'
[3.262s] Level 1:colcon.colcon_core.package_identification:_identify(venv/lib/python3.12/site-packages/wheel) by extensions ['ignore', 'ignore_ament_install']
[3.262s] Level 1:colcon.colcon_core.package_identification:_identify(venv/lib/python3.12/site-packages/wheel) by extension 'ignore'
[3.262s] Level 1:colcon.colcon_core.package_identification:_identify(venv/lib/python3.12/site-packages/wheel) by extension 'ignore_ament_install'
[3.262s] Level 1:colcon.colcon_core.package_identification:_identify(venv/lib/python3.12/site-packages/wheel) by extensions ['colcon_pkg']
[3.262s] Level 1:colcon.colcon_core.package_identification:_identify(venv/lib/python3.12/site-packages/wheel) by extension 'colcon_pkg'
[3.262s] Level 1:colcon.colcon_core.package_identification:_identify(venv/lib/python3.12/site-packages/wheel) by extensions ['colcon_meta']
[3.262s] Level 1:colcon.colcon_core.package_identification:_identify(venv/lib/python3.12/site-packages/wheel) by extension 'colcon_meta'
[3.262s] Level 1:colcon.colcon_core.package_identification:_identify(venv/lib/python3.12/site-packages/wheel) by extensions ['ros']
[3.262s] Level 1:colcon.colcon_core.package_identification:_identify(venv/lib/python3.12/site-packages/wheel) by extension 'ros'
[3.263s] Level 1:colcon.colcon_core.package_identification:_identify(venv/lib/python3.12/site-packages/wheel) by extensions ['cmake', 'python']
[3.263s] Level 1:colcon.colcon_core.package_identification:_identify(venv/lib/python3.12/site-packages/wheel) by extension 'cmake'
[3.263s] Level 1:colcon.colcon_core.package_identification:_identify(venv/lib/python3.12/site-packages/wheel) by extension 'python'
[3.263s] Level 1:colcon.colcon_core.package_identification:_identify(venv/lib/python3.12/site-packages/wheel) by extensions ['python_setup_py']
[3.263s] Level 1:colcon.colcon_core.package_identification:_identify(venv/lib/python3.12/site-packages/wheel) by extension 'python_setup_py'
[3.263s] Level 1:colcon.colcon_core.package_identification:_identify(venv/lib/python3.12/site-packages/wheel/__pycache__) by extensions ['ignore', 'ignore_ament_install']
[3.263s] Level 1:colcon.colcon_core.package_identification:_identify(venv/lib/python3.12/site-packages/wheel/__pycache__) by extension 'ignore'
[3.263s] Level 1:colcon.colcon_core.package_identification:_identify(venv/lib/python3.12/site-packages/wheel/__pycache__) by extension 'ignore_ament_install'
[3.263s] Level 1:colcon.colcon_core.package_identification:_identify(venv/lib/python3.12/site-packages/wheel/__pycache__) by extensions ['colcon_pkg']
[3.263s] Level 1:colcon.colcon_core.package_identification:_identify(venv/lib/python3.12/site-packages/wheel/__pycache__) by extension 'colcon_pkg'
[3.263s] Level 1:colcon.colcon_core.package_identification:_identify(venv/lib/python3.12/site-packages/wheel/__pycache__) by extensions ['colcon_meta']
[3.263s] Level 1:colcon.colcon_core.package_identification:_identify(venv/lib/python3.12/site-packages/wheel/__pycache__) by extension 'colcon_meta'
[3.263s] Level 1:colcon.colcon_core.package_identification:_identify(venv/lib/python3.12/site-packages/wheel/__pycache__) by extensions ['ros']
[3.263s] Level 1:colcon.colcon_core.package_identification:_identify(venv/lib/python3.12/site-packages/wheel/__pycache__) by extension 'ros'
[3.263s] Level 1:colcon.colcon_core.package_identification:_identify(venv/lib/python3.12/site-packages/wheel/__pycache__) by extensions ['cmake', 'python']
[3.263s] Level 1:colcon.colcon_core.package_identification:_identify(venv/lib/python3.12/site-packages/wheel/__pycache__) by extension 'cmake'
[3.263s] Level 1:colcon.colcon_core.package_identification:_identify(venv/lib/python3.12/site-packages/wheel/__pycache__) by extension 'python'
[3.263s] Level 1:colcon.colcon_core.package_identification:_identify(venv/lib/python3.12/site-packages/wheel/__pycache__) by extensions ['python_setup_py']
[3.264s] Level 1:colcon.colcon_core.package_identification:_identify(venv/lib/python3.12/site-packages/wheel/__pycache__) by extension 'python_setup_py'
[3.264s] Level 1:colcon.colcon_core.package_identification:_identify(venv/lib/python3.12/site-packages/wheel/_commands) by extensions ['ignore', 'ignore_ament_install']
[3.264s] Level 1:colcon.colcon_core.package_identification:_identify(venv/lib/python3.12/site-packages/wheel/_commands) by extension 'ignore'
[3.264s] Level 1:colcon.colcon_core.package_identification:_identify(venv/lib/python3.12/site-packages/wheel/_commands) by extension 'ignore_ament_install'
[3.264s] Level 1:colcon.colcon_core.package_identification:_identify(venv/lib/python3.12/site-packages/wheel/_commands) by extensions ['colcon_pkg']
[3.264s] Level 1:colcon.colcon_core.package_identification:_identify(venv/lib/python3.12/site-packages/wheel/_commands) by extension 'colcon_pkg'
[3.264s] Level 1:colcon.colcon_core.package_identification:_identify(venv/lib/python3.12/site-packages/wheel/_commands) by extensions ['colcon_meta']
[3.264s] Level 1:colcon.colcon_core.package_identification:_identify(venv/lib/python3.12/site-packages/wheel/_commands) by extension 'colcon_meta'
[3.264s] Level 1:colcon.colcon_core.package_identification:_identify(venv/lib/python3.12/site-packages/wheel/_commands) by extensions ['ros']
[3.264s] Level 1:colcon.colcon_core.package_identification:_identify(venv/lib/python3.12/site-packages/wheel/_commands) by extension 'ros'
[3.264s] Level 1:colcon.colcon_core.package_identification:_identify(venv/lib/python3.12/site-packages/wheel/_commands) by extensions ['cmake', 'python']
[3.264s] Level 1:colcon.colcon_core.package_identification:_identify(venv/lib/python3.12/site-packages/wheel/_commands) by extension 'cmake'
[3.264s] Level 1:colcon.colcon_core.package_identification:_identify(venv/lib/python3.12/site-packages/wheel/_commands) by extension 'python'
[3.264s] Level 1:colcon.colcon_core.package_identification:_identify(venv/lib/python3.12/site-packages/wheel/_commands) by extensions ['python_setup_py']
[3.264s] Level 1:colcon.colcon_core.package_identification:_identify(venv/lib/python3.12/site-packages/wheel/_commands) by extension 'python_setup_py'
[3.264s] Level 1:colcon.colcon_core.package_identification:_identify(venv/lib/python3.12/site-packages/wheel/_commands/__pycache__) by extensions ['ignore', 'ignore_ament_install']
[3.265s] Level 1:colcon.colcon_core.package_identification:_identify(venv/lib/python3.12/site-packages/wheel/_commands/__pycache__) by extension 'ignore'
[3.265s] Level 1:colcon.colcon_core.package_identification:_identify(venv/lib/python3.12/site-packages/wheel/_commands/__pycache__) by extension 'ignore_ament_install'
[3.265s] Level 1:colcon.colcon_core.package_identification:_identify(venv/lib/python3.12/site-packages/wheel/_commands/__pycache__) by extensions ['colcon_pkg']
[3.265s] Level 1:colcon.colcon_core.package_identification:_identify(venv/lib/python3.12/site-packages/wheel/_commands/__pycache__) by extension 'colcon_pkg'
[3.265s] Level 1:colcon.colcon_core.package_identification:_identify(venv/lib/python3.12/site-packages/wheel/_commands/__pycache__) by extensions ['colcon_meta']
[3.265s] Level 1:colcon.colcon_core.package_identification:_identify(venv/lib/python3.12/site-packages/wheel/_commands/__pycache__) by extension 'colcon_meta'
[3.265s] Level 1:colcon.colcon_core.package_identification:_identify(venv/lib/python3.12/site-packages/wheel/_commands/__pycache__) by extensions ['ros']
[3.265s] Level 1:colcon.colcon_core.package_identification:_identify(venv/lib/python3.12/site-packages/wheel/_commands/__pycache__) by extension 'ros'
[3.265s] Level 1:colcon.colcon_core.package_identification:_identify(venv/lib/python3.12/site-packages/wheel/_commands/__pycache__) by extensions ['cmake', 'python']
[3.265s] Level 1:colcon.colcon_core.package_identification:_identify(venv/lib/python3.12/site-packages/wheel/_commands/__pycache__) by extension 'cmake'
[3.265s] Level 1:colcon.colcon_core.package_identification:_identify(venv/lib/python3.12/site-packages/wheel/_commands/__pycache__) by extension 'python'
[3.265s] Level 1:colcon.colcon_core.package_identification:_identify(venv/lib/python3.12/site-packages/wheel/_commands/__pycache__) by extensions ['python_setup_py']
[3.265s] Level 1:colcon.colcon_core.package_identification:_identify(venv/lib/python3.12/site-packages/wheel/_commands/__pycache__) by extension 'python_setup_py'
[3.265s] Level 1:colcon.colcon_core.package_identification:_identify(venv/lib/python3.12/site-packages/wheel-0.47.0.dist-info) by extensions ['ignore', 'ignore_ament_install']
[3.265s] Level 1:colcon.colcon_core.package_identification:_identify(venv/lib/python3.12/site-packages/wheel-0.47.0.dist-info) by extension 'ignore'
[3.265s] Level 1:colcon.colcon_core.package_identification:_identify(venv/lib/python3.12/site-packages/wheel-0.47.0.dist-info) by extension 'ignore_ament_install'
[3.265s] Level 1:colcon.colcon_core.package_identification:_identify(venv/lib/python3.12/site-packages/wheel-0.47.0.dist-info) by extensions ['colcon_pkg']
[3.266s] Level 1:colcon.colcon_core.package_identification:_identify(venv/lib/python3.12/site-packages/wheel-0.47.0.dist-info) by extension 'colcon_pkg'
[3.266s] Level 1:colcon.colcon_core.package_identification:_identify(venv/lib/python3.12/site-packages/wheel-0.47.0.dist-info) by extensions ['colcon_meta']
[3.266s] Level 1:colcon.colcon_core.package_identification:_identify(venv/lib/python3.12/site-packages/wheel-0.47.0.dist-info) by extension 'colcon_meta'
[3.266s] Level 1:colcon.colcon_core.package_identification:_identify(venv/lib/python3.12/site-packages/wheel-0.47.0.dist-info) by extensions ['ros']
[3.266s] Level 1:colcon.colcon_core.package_identification:_identify(venv/lib/python3.12/site-packages/wheel-0.47.0.dist-info) by extension 'ros'
[3.266s] Level 1:colcon.colcon_core.package_identification:_identify(venv/lib/python3.12/site-packages/wheel-0.47.0.dist-info) by extensions ['cmake', 'python']
[3.266s] Level 1:colcon.colcon_core.package_identification:_identify(venv/lib/python3.12/site-packages/wheel-0.47.0.dist-info) by extension 'cmake'
[3.266s] Level 1:colcon.colcon_core.package_identification:_identify(venv/lib/python3.12/site-packages/wheel-0.47.0.dist-info) by extension 'python'
[3.266s] Level 1:colcon.colcon_core.package_identification:_identify(venv/lib/python3.12/site-packages/wheel-0.47.0.dist-info) by extensions ['python_setup_py']
[3.266s] Level 1:colcon.colcon_core.package_identification:_identify(venv/lib/python3.12/site-packages/wheel-0.47.0.dist-info) by extension 'python_setup_py'
[3.266s] Level 1:colcon.colcon_core.package_identification:_identify(venv/lib/python3.12/site-packages/wheel-0.47.0.dist-info/licenses) by extensions ['ignore', 'ignore_ament_install']
[3.266s] Level 1:colcon.colcon_core.package_identification:_identify(venv/lib/python3.12/site-packages/wheel-0.47.0.dist-info/licenses) by extension 'ignore'
[3.266s] Level 1:colcon.colcon_core.package_identification:_identify(venv/lib/python3.12/site-packages/wheel-0.47.0.dist-info/licenses) by extension 'ignore_ament_install'
[3.266s] Level 1:colcon.colcon_core.package_identification:_identify(venv/lib/python3.12/site-packages/wheel-0.47.0.dist-info/licenses) by extensions ['colcon_pkg']
[3.266s] Level 1:colcon.colcon_core.package_identification:_identify(venv/lib/python3.12/site-packages/wheel-0.47.0.dist-info/licenses) by extension 'colcon_pkg'
[3.266s] Level 1:colcon.colcon_core.package_identification:_identify(venv/lib/python3.12/site-packages/wheel-0.47.0.dist-info/licenses) by extensions ['colcon_meta']
[3.266s] Level 1:colcon.colcon_core.package_identification:_identify(venv/lib/python3.12/site-packages/wheel-0.47.0.dist-info/licenses) by extension 'colcon_meta'
[3.266s] Level 1:colcon.colcon_core.package_identification:_identify(venv/lib/python3.12/site-packages/wheel-0.47.0.dist-info/licenses) by extensions ['ros']
[3.266s] Level 1:colcon.colcon_core.package_identification:_identify(venv/lib/python3.12/site-packages/wheel-0.47.0.dist-info/licenses) by extension 'ros'
[3.267s] Level 1:colcon.colcon_core.package_identification:_identify(venv/lib/python3.12/site-packages/wheel-0.47.0.dist-info/licenses) by extensions ['cmake', 'python']
[3.267s] Level 1:colcon.colcon_core.package_identification:_identify(venv/lib/python3.12/site-packages/wheel-0.47.0.dist-info/licenses) by extension 'cmake'
[3.267s] Level 1:colcon.colcon_core.package_identification:_identify(venv/lib/python3.12/site-packages/wheel-0.47.0.dist-info/licenses) by extension 'python'
[3.267s] Level 1:colcon.colcon_core.package_identification:_identify(venv/lib/python3.12/site-packages/wheel-0.47.0.dist-info/licenses) by extensions ['python_setup_py']
[3.267s] Level 1:colcon.colcon_core.package_identification:_identify(venv/lib/python3.12/site-packages/wheel-0.47.0.dist-info/licenses) by extension 'python_setup_py'
[3.267s] Level 1:colcon.colcon_core.package_discovery:discover_packages(recursive) using defaults
[3.267s] Level 1:colcon.colcon_core.package_discovery:discover_packages(ignore) discover
[3.267s] Level 1:colcon.colcon_core.package_discovery:discover_packages(ignore) using defaults
[3.267s] Level 1:colcon.colcon_core.package_discovery:discover_packages(path) discover
[3.267s] Level 1:colcon.colcon_core.package_discovery:discover_packages(path) using defaults
[3.824s] INFO:colcon.colcon_core.package_selection:Skipping not selected package 'agrobot_detect' in 'src/agrobot_detect'
[3.824s] INFO:colcon.colcon_core.package_selection:Skipping not selected package 'agrobot_interfaces' in 'src/agrobot_interfaces'
[3.824s] INFO:colcon.colcon_core.package_selection:Skipping not selected package 'basicmicro_ros2' in 'src/basicmicro_ros2'
[3.824s] INFO:colcon.colcon_core.package_selection:Skipping not selected package 'examples_rclcpp_async_client' in 'src/examples/rclcpp/services/async_client'
[3.825s] INFO:colcon.colcon_core.package_selection:Skipping not selected package 'examples_rclcpp_cbg_executor' in 'src/examples/rclcpp/executors/cbg_executor'
[3.825s] INFO:colcon.colcon_core.package_selection:Skipping not selected package 'examples_rclcpp_minimal_action_client' in 'src/examples/rclcpp/actions/minimal_action_client'
[3.825s] INFO:colcon.colcon_core.package_selection:Skipping not selected package 'examples_rclcpp_minimal_action_server' in 'src/examples/rclcpp/actions/minimal_action_server'
[3.825s] INFO:colcon.colcon_core.package_selection:Skipping not selected package 'examples_rclcpp_minimal_client' in 'src/examples/rclcpp/services/minimal_client'
[3.825s] INFO:colcon.colcon_core.package_selection:Skipping not selected package 'examples_rclcpp_minimal_composition' in 'src/examples/rclcpp/composition/minimal_composition'
[3.825s] INFO:colcon.colcon_core.package_selection:Skipping not selected package 'examples_rclcpp_minimal_publisher' in 'src/examples/rclcpp/topics/minimal_publisher'
[3.825s] INFO:colcon.colcon_core.package_selection:Skipping not selected package 'examples_rclcpp_minimal_service' in 'src/examples/rclcpp/services/minimal_service'
[3.825s] INFO:colcon.colcon_core.package_selection:Skipping not selected package 'examples_rclcpp_minimal_subscriber' in 'src/examples/rclcpp/topics/minimal_subscriber'
[3.825s] INFO:colcon.colcon_core.package_selection:Skipping not selected package 'examples_rclcpp_minimal_timer' in 'src/examples/rclcpp/timers/minimal_timer'
[3.825s] INFO:colcon.colcon_core.package_selection:Skipping not selected package 'examples_rclcpp_multithreaded_executor' in 'src/examples/rclcpp/executors/multithreaded_executor'
[3.825s] INFO:colcon.colcon_core.package_selection:Skipping not selected package 'examples_rclcpp_wait_set' in 'src/examples/rclcpp/wait_set'
[3.825s] INFO:colcon.colcon_core.package_selection:Skipping not selected package 'examples_rclpy_executors' in 'src/examples/rclpy/executors'
[3.825s] INFO:colcon.colcon_core.package_selection:Skipping not selected package 'examples_rclpy_guard_conditions' in 'src/examples/rclpy/guard_conditions'
[3.825s] INFO:colcon.colcon_core.package_selection:Skipping not selected package 'examples_rclpy_minimal_action_client' in 'src/examples/rclpy/actions/minimal_action_client'
[3.825s] INFO:colcon.colcon_core.package_selection:Skipping not selected package 'examples_rclpy_minimal_action_server' in 'src/examples/rclpy/actions/minimal_action_server'
[3.825s] INFO:colcon.colcon_core.package_selection:Skipping not selected package 'examples_rclpy_minimal_client' in 'src/examples/rclpy/services/minimal_client'
[3.825s] INFO:colcon.colcon_core.package_selection:Skipping not selected package 'examples_rclpy_minimal_publisher' in 'src/examples/rclpy/topics/minimal_publisher'
[3.825s] INFO:colcon.colcon_core.package_selection:Skipping not selected package 'examples_rclpy_minimal_service' in 'src/examples/rclpy/services/minimal_service'
[3.825s] INFO:colcon.colcon_core.package_selection:Skipping not selected package 'examples_rclpy_minimal_subscriber' in 'src/examples/rclpy/topics/minimal_subscriber'
[3.825s] INFO:colcon.colcon_core.package_selection:Skipping not selected package 'examples_rclpy_pointcloud_publisher' in 'src/examples/rclpy/topics/pointcloud_publisher'
[3.825s] INFO:colcon.colcon_core.package_selection:Skipping not selected package 'launch_testing_examples' in 'src/examples/launch_testing/launch_testing_examples'
[3.825s] INFO:colcon.colcon_core.package_selection:Skipping not selected package 'tutorial_interfaces' in 'src/tutorial_interfaces'
[3.825s] INFO:colcon.colcon_core.package_selection:Skipping not selected package 'agrobot_actuation' in 'src/agrobot_actuation'
[3.830s] Level 1:colcon.colcon_core.package_discovery:discover_packages(prefix_path) check parameters
[3.830s] Level 1:colcon.colcon_core.package_discovery:discover_packages(prefix_path) discover
[3.894s] DEBUG:colcon.colcon_installed_package_information.package_discovery:Found 254 installed packages in /opt/ros/kilted
[3.896s] Level 1:colcon.colcon_core.package_discovery:discover_packages(prefix_path) using defaults
[4.002s] Level 5:colcon.colcon_core.verb:set package 'agrobot_nav' build argument 'cmake_args' from command line to 'None'
[4.002s] Level 5:colcon.colcon_core.verb:set package 'agrobot_nav' build argument 'cmake_target' from command line to 'None'
[4.002s] Level 5:colcon.colcon_core.verb:set package 'agrobot_nav' build argument 'cmake_target_skip_unavailable' from command line to 'False'
[4.002s] Level 5:colcon.colcon_core.verb:set package 'agrobot_nav' build argument 'cmake_clean_cache' from command line to 'False'
[4.002s] Level 5:colcon.colcon_core.verb:set package 'agrobot_nav' build argument 'cmake_clean_first' from command line to 'False'
[4.002s] Level 5:colcon.colcon_core.verb:set package 'agrobot_nav' build argument 'cmake_force_configure' from command line to 'False'
[4.002s] Level 5:colcon.colcon_core.verb:set package 'agrobot_nav' build argument 'ament_cmake_args' from command line to 'None'
[4.002s] Level 5:colcon.colcon_core.verb:set package 'agrobot_nav' build argument 'catkin_cmake_args' from command line to 'None'
[4.002s] Level 5:colcon.colcon_core.verb:set package 'agrobot_nav' build argument 'catkin_skip_building_tests' from command line to 'False'
[4.002s] DEBUG:colcon.colcon_core.verb:Building package 'agrobot_nav' with the following arguments: {'ament_cmake_args': None, 'build_base': '/home/agrobot/ros2_ws/build/agrobot_nav', 'catkin_cmake_args': None, 'catkin_skip_building_tests': False, 'cmake_args': None, 'cmake_clean_cache': False, 'cmake_clean_first': False, 'cmake_force_configure': False, 'cmake_target': None, 'cmake_target_skip_unavailable': False, 'install_base': '/home/agrobot/ros2_ws/install/agrobot_nav', 'merge_install': False, 'path': '/home/agrobot/ros2_ws/src/agrobot_nav', 'symlink_install': False, 'test_result_base': None}
[4.002s] INFO:colcon.colcon_core.executor:Executing jobs using 'parallel' executor
[4.004s] DEBUG:colcon.colcon_parallel_executor.executor.parallel:run_until_complete
[4.004s] INFO:colcon.colcon_ros.task.ament_python.build:Building ROS package in '/home/agrobot/ros2_ws/src/agrobot_nav' with build type 'ament_python'
[4.004s] Level 1:colcon.colcon_core.shell:create_environment_hook('agrobot_nav', 'ament_prefix_path')
[4.171s] INFO:colcon.colcon_core.plugin_system:Skipping extension 'colcon_core.shell.bat': Not used on non-Windows systems
[4.172s] INFO:colcon.colcon_core.shell:Creating environment hook '/home/agrobot/ros2_ws/install/agrobot_nav/share/agrobot_nav/hook/ament_prefix_path.ps1'
[4.256s] INFO:colcon.colcon_core.shell:Creating environment descriptor '/home/agrobot/ros2_ws/install/agrobot_nav/share/agrobot_nav/hook/ament_prefix_path.dsv'
[4.307s] INFO:colcon.colcon_core.shell:Creating environment hook '/home/agrobot/ros2_ws/install/agrobot_nav/share/agrobot_nav/hook/ament_prefix_path.sh'
[4.348s] INFO:colcon.colcon_core.shell:Skip shell extension 'powershell' for command environment: Not usable outside of PowerShell
[4.348s] DEBUG:colcon.colcon_core.shell:Skip shell extension 'dsv' for command environment
[4.899s] INFO:colcon.colcon_core.task.python.build:Building Python package in '/home/agrobot/ros2_ws/src/agrobot_nav'
[4.899s] INFO:colcon.colcon_core.shell:Skip shell extension 'powershell' for command environment: Not usable outside of PowerShell
[4.899s] DEBUG:colcon.colcon_core.shell:Skip shell extension 'dsv' for command environment
[6.197s] DEBUG:colcon.colcon_core.event_handler.log_command:Invoking command in '/home/agrobot/ros2_ws/src/agrobot_nav': AMENT_PREFIX_PATH=/home/agrobot/ros2_ws/install/tutorial_interfaces:${AMENT_PREFIX_PATH} CMAKE_PREFIX_PATH=/home/agrobot/ros2_ws/install/tutorial_interfaces:${CMAKE_PREFIX_PATH} LD_LIBRARY_PATH=/home/agrobot/ros2_ws/install/tutorial_interfaces/lib:${LD_LIBRARY_PATH} PYTHONPATH=/home/agrobot/ros2_ws/build/agrobot_nav/prefix_override:/usr/lib/python3/dist-packages/colcon_core/task/python/colcon_distutils_commands:/home/agrobot/ros2_ws/install/agrobot_nav/lib/python3.12/site-packages:/home/agrobot/ros2_ws/install/tutorial_interfaces/lib/python3.12/site-packages:${PYTHONPATH} /usr/bin/python3 -W ignore:setup.py install is deprecated -W ignore:easy_install command is deprecated setup.py egg_info --egg-base ../../build/agrobot_nav build --build-base /home/agrobot/ros2_ws/build/agrobot_nav/build install --record /home/agrobot/ros2_ws/build/agrobot_nav/install.log --single-version-externally-managed install_data
[7.018s] DEBUG:colcon.colcon_core.event_handler.log_command:Invoked command in '/home/agrobot/ros2_ws/src/agrobot_nav' returned '0': AMENT_PREFIX_PATH=/home/agrobot/ros2_ws/install/tutorial_interfaces:${AMENT_PREFIX_PATH} CMAKE_PREFIX_PATH=/home/agrobot/ros2_ws/install/tutorial_interfaces:${CMAKE_PREFIX_PATH} LD_LIBRARY_PATH=/home/agrobot/ros2_ws/install/tutorial_interfaces/lib:${LD_LIBRARY_PATH} PYTHONPATH=/home/agrobot/ros2_ws/build/agrobot_nav/prefix_override:/usr/lib/python3/dist-packages/colcon_core/task/python/colcon_distutils_commands:/home/agrobot/ros2_ws/install/agrobot_nav/lib/python3.12/site-packages:/home/agrobot/ros2_ws/install/tutorial_interfaces/lib/python3.12/site-packages:${PYTHONPATH} /usr/bin/python3 -W ignore:setup.py install is deprecated -W ignore:easy_install command is deprecated setup.py egg_info --egg-base ../../build/agrobot_nav build --build-base /home/agrobot/ros2_ws/build/agrobot_nav/build install --record /home/agrobot/ros2_ws/build/agrobot_nav/install.log --single-version-externally-managed install_data
[7.030s] Level 1:colcon.colcon_core.environment:checking '/home/agrobot/ros2_ws/install/agrobot_nav' for CMake module files
[7.031s] Level 1:colcon.colcon_core.environment:checking '/home/agrobot/ros2_ws/install/agrobot_nav' for CMake config files
[7.032s] Level 1:colcon.colcon_core.environment:checking '/home/agrobot/ros2_ws/install/agrobot_nav/lib'
[7.032s] Level 1:colcon.colcon_core.environment:checking '/home/agrobot/ros2_ws/install/agrobot_nav/bin'
[7.032s] Level 1:colcon.colcon_core.environment:checking '/home/agrobot/ros2_ws/install/agrobot_nav/lib/pkgconfig/agrobot_nav.pc'
[7.032s] Level 1:colcon.colcon_core.environment:checking '/home/agrobot/ros2_ws/install/agrobot_nav/lib/python3.12/site-packages'
[7.032s] Level 1:colcon.colcon_core.shell:create_environment_hook('agrobot_nav', 'pythonpath')
[7.033s] INFO:colcon.colcon_core.shell:Creating environment hook '/home/agrobot/ros2_ws/install/agrobot_nav/share/agrobot_nav/hook/pythonpath.ps1'
[7.033s] INFO:colcon.colcon_core.shell:Creating environment descriptor '/home/agrobot/ros2_ws/install/agrobot_nav/share/agrobot_nav/hook/pythonpath.dsv'
[7.034s] INFO:colcon.colcon_core.shell:Creating environment hook '/home/agrobot/ros2_ws/install/agrobot_nav/share/agrobot_nav/hook/pythonpath.sh'
[7.035s] Level 1:colcon.colcon_core.environment:checking '/home/agrobot/ros2_ws/install/agrobot_nav/bin'
[7.035s] Level 1:colcon.colcon_core.environment:create_environment_scripts_only(agrobot_nav)
[7.036s] INFO:colcon.colcon_core.shell:Creating package script '/home/agrobot/ros2_ws/install/agrobot_nav/share/agrobot_nav/package.ps1'
[7.037s] INFO:colcon.colcon_core.shell:Creating package descriptor '/home/agrobot/ros2_ws/install/agrobot_nav/share/agrobot_nav/package.dsv'
[7.041s] INFO:colcon.colcon_core.shell:Creating package script '/home/agrobot/ros2_ws/install/agrobot_nav/share/agrobot_nav/package.sh'
[7.043s] INFO:colcon.colcon_core.shell:Creating package script '/home/agrobot/ros2_ws/install/agrobot_nav/share/agrobot_nav/package.bash'
[7.046s] INFO:colcon.colcon_core.shell:Creating package script '/home/agrobot/ros2_ws/install/agrobot_nav/share/agrobot_nav/package.zsh'
[7.049s] Level 1:colcon.colcon_core.environment:create_file_with_runtime_dependencies(/home/agrobot/ros2_ws/install/agrobot_nav/share/colcon-core/packages/agrobot_nav)
[7.051s] DEBUG:colcon.colcon_parallel_executor.executor.parallel:closing loop
[7.051s] DEBUG:colcon.colcon_parallel_executor.executor.parallel:loop closed
[7.051s] DEBUG:colcon.colcon_parallel_executor.executor.parallel:run_until_complete finished with '0'
[7.051s] DEBUG:colcon.colcon_core.event_reactor:joining thread
[7.062s] INFO:colcon.colcon_core.plugin_system:Skipping extension 'colcon_notification.desktop_notification.notify_send': Could not find 'notify-send'
[7.062s] INFO:colcon.colcon_core.plugin_system:Skipping extension 'colcon_notification.desktop_notification.terminal_notifier': Not used on non-Darwin systems
[7.063s] INFO:colcon.colcon_core.plugin_system:Skipping extension 'colcon_notification.desktop_notification.win32': Not used on non-Windows systems
[7.063s] INFO:colcon.colcon_notification.desktop_notification:Sending desktop notification using 'notify2'
[7.082s] DEBUG:colcon.colcon_notification.desktop_notification.notify2:Failed to initialize notify2: org.freedesktop.DBus.Error.ServiceUnknown: The name org.freedesktop.Notifications was not provided by any .service files
[7.083s] DEBUG:colcon.colcon_core.event_reactor:joined thread
[7.083s] INFO:colcon.colcon_core.shell:Creating prefix script '/home/agrobot/ros2_ws/install/local_setup.ps1'
[7.085s] INFO:colcon.colcon_core.shell:Creating prefix util module '/home/agrobot/ros2_ws/install/_local_setup_util_ps1.py'
[7.088s] INFO:colcon.colcon_core.shell:Creating prefix chain script '/home/agrobot/ros2_ws/install/setup.ps1'
[7.090s] INFO:colcon.colcon_core.shell:Creating prefix script '/home/agrobot/ros2_ws/install/local_setup.sh'
[7.092s] INFO:colcon.colcon_core.shell:Creating prefix util module '/home/agrobot/ros2_ws/install/_local_setup_util_sh.py'
[7.093s] INFO:colcon.colcon_core.shell:Creating prefix chain script '/home/agrobot/ros2_ws/install/setup.sh'
[7.096s] INFO:colcon.colcon_core.shell:Creating prefix script '/home/agrobot/ros2_ws/install/local_setup.bash'
[7.098s] INFO:colcon.colcon_core.shell:Creating prefix chain script '/home/agrobot/ros2_ws/install/setup.bash'
[7.100s] INFO:colcon.colcon_core.shell:Creating prefix script '/home/agrobot/ros2_ws/install/local_setup.zsh'
[7.103s] INFO:colcon.colcon_core.shell:Creating prefix chain script '/home/agrobot/ros2_ws/install/setup.zsh'
