[1.272s] DEBUG:colcon:Command line arguments: ['/usr/bin/colcon', 'build', '--packages-select', 'agrobot_nav']
[1.272s] DEBUG:colcon:Parsed command line arguments: Namespace(log_base=None, log_level=None, verb_name='build', build_base='build', install_base='install', merge_install=False, symlink_install=False, test_result_base=None, continue_on_error=False, executor='parallel', parallel_workers=4, event_handlers=None, ignore_user_meta=False, metas=['./colcon.meta'], base_paths=['.'], packages_ignore=None, packages_ignore_regex=None, paths=None, packages_up_to=None, packages_up_to_regex=None, packages_above=None, packages_above_and_dependencies=None, packages_above_depth=None, packages_select_by_dep=None, packages_skip_by_dep=None, packages_skip_up_to=None, packages_select_build_failed=False, packages_skip_build_finished=False, packages_select_test_failures=False, packages_skip_test_passed=False, packages_select=['agrobot_nav'], packages_skip=None, packages_select_regex=None, packages_skip_regex=None, packages_start=None, packages_end=None, allow_overriding=[], cmake_args=None, cmake_target=None, cmake_target_skip_unavailable=False, cmake_clean_cache=False, cmake_clean_first=False, cmake_force_configure=False, ament_cmake_args=None, catkin_cmake_args=None, catkin_skip_building_tests=False, verb_parser=<colcon_defaults.argument_parser.defaults.DefaultArgumentsDecorator object at 0xffffbdbf1640>, verb_extension=<colcon_core.verb.build.BuildVerb object at 0xffffbdedfcb0>, main=<bound method BuildVerb.main of <colcon_core.verb.build.BuildVerb object at 0xffffbdedfcb0>>)
[1.503s] Level 1:colcon.colcon_core.package_discovery:discover_packages(colcon_meta) check parameters
[1.504s] Level 1:colcon.colcon_core.package_discovery:discover_packages(recursive) check parameters
[1.504s] Level 1:colcon.colcon_core.package_discovery:discover_packages(ignore) check parameters
[1.504s] Level 1:colcon.colcon_core.package_discovery:discover_packages(path) check parameters
[1.504s] Level 1:colcon.colcon_core.package_discovery:discover_packages(colcon_meta) discover
[1.504s] Level 1:colcon.colcon_core.package_discovery:discover_packages(recursive) discover
[1.504s] INFO:colcon.colcon_core.package_discovery:Crawling recursively for packages in '/home/agrobot/ros2_ws'
[1.504s] Level 1:colcon.colcon_core.package_identification:_identify(.) by extensions ['ignore', 'ignore_ament_install']
[1.504s] Level 1:colcon.colcon_core.package_identification:_identify(.) by extension 'ignore'
[1.504s] Level 1:colcon.colcon_core.package_identification:_identify(.) by extension 'ignore_ament_install'
[1.505s] Level 1:colcon.colcon_core.package_identification:_identify(.) by extensions ['colcon_pkg']
[1.505s] Level 1:colcon.colcon_core.package_identification:_identify(.) by extension 'colcon_pkg'
[1.505s] Level 1:colcon.colcon_core.package_identification:_identify(.) by extensions ['colcon_meta']
[1.505s] Level 1:colcon.colcon_core.package_identification:_identify(.) by extension 'colcon_meta'
[1.505s] Level 1:colcon.colcon_core.package_identification:_identify(.) by extensions ['ros']
[1.505s] Level 1:colcon.colcon_core.package_identification:_identify(.) by extension 'ros'
[1.583s] Level 1:colcon.colcon_core.package_identification:_identify(.) by extensions ['cmake', 'python']
[1.583s] Level 1:colcon.colcon_core.package_identification:_identify(.) by extension 'cmake'
[1.583s] Level 1:colcon.colcon_core.package_identification:_identify(.) by extension 'python'
[1.583s] Level 1:colcon.colcon_core.package_identification:_identify(.) by extensions ['python_setup_py']
[1.583s] Level 1:colcon.colcon_core.package_identification:_identify(.) by extension 'python_setup_py'
[1.584s] Level 1:colcon.colcon_core.package_identification:_identify(build) by extensions ['ignore', 'ignore_ament_install']
[1.584s] Level 1:colcon.colcon_core.package_identification:_identify(build) by extension 'ignore'
[1.584s] Level 1:colcon.colcon_core.package_identification:_identify(build) ignored
[1.584s] Level 1:colcon.colcon_core.package_identification:_identify(install) by extensions ['ignore', 'ignore_ament_install']
[1.584s] Level 1:colcon.colcon_core.package_identification:_identify(install) by extension 'ignore'
[1.584s] Level 1:colcon.colcon_core.package_identification:_identify(install) ignored
[1.585s] Level 1:colcon.colcon_core.package_identification:_identify(lib) by extensions ['ignore', 'ignore_ament_install']
[1.585s] Level 1:colcon.colcon_core.package_identification:_identify(lib) by extension 'ignore'
[1.585s] Level 1:colcon.colcon_core.package_identification:_identify(lib) by extension 'ignore_ament_install'
[1.585s] Level 1:colcon.colcon_core.package_identification:_identify(lib) by extensions ['colcon_pkg']
[1.585s] Level 1:colcon.colcon_core.package_identification:_identify(lib) by extension 'colcon_pkg'
[1.585s] Level 1:colcon.colcon_core.package_identification:_identify(lib) by extensions ['colcon_meta']
[1.585s] Level 1:colcon.colcon_core.package_identification:_identify(lib) by extension 'colcon_meta'
[1.585s] Level 1:colcon.colcon_core.package_identification:_identify(lib) by extensions ['ros']
[1.585s] Level 1:colcon.colcon_core.package_identification:_identify(lib) by extension 'ros'
[1.585s] Level 1:colcon.colcon_core.package_identification:_identify(lib) by extensions ['cmake', 'python']
[1.585s] Level 1:colcon.colcon_core.package_identification:_identify(lib) by extension 'cmake'
[1.585s] Level 1:colcon.colcon_core.package_identification:_identify(lib) by extension 'python'
[1.586s] Level 1:colcon.colcon_core.package_identification:_identify(lib) by extensions ['python_setup_py']
[1.586s] Level 1:colcon.colcon_core.package_identification:_identify(lib) by extension 'python_setup_py'
[1.586s] Level 1:colcon.colcon_core.package_identification:_identify(lib/__pycache__) by extensions ['ignore', 'ignore_ament_install']
[1.586s] Level 1:colcon.colcon_core.package_identification:_identify(lib/__pycache__) by extension 'ignore'
[1.586s] Level 1:colcon.colcon_core.package_identification:_identify(lib/__pycache__) by extension 'ignore_ament_install'
[1.586s] Level 1:colcon.colcon_core.package_identification:_identify(lib/__pycache__) by extensions ['colcon_pkg']
[1.586s] Level 1:colcon.colcon_core.package_identification:_identify(lib/__pycache__) by extension 'colcon_pkg'
[1.586s] Level 1:colcon.colcon_core.package_identification:_identify(lib/__pycache__) by extensions ['colcon_meta']
[1.586s] Level 1:colcon.colcon_core.package_identification:_identify(lib/__pycache__) by extension 'colcon_meta'
[1.586s] Level 1:colcon.colcon_core.package_identification:_identify(lib/__pycache__) by extensions ['ros']
[1.587s] Level 1:colcon.colcon_core.package_identification:_identify(lib/__pycache__) by extension 'ros'
[1.587s] Level 1:colcon.colcon_core.package_identification:_identify(lib/__pycache__) by extensions ['cmake', 'python']
[1.587s] Level 1:colcon.colcon_core.package_identification:_identify(lib/__pycache__) by extension 'cmake'
[1.587s] Level 1:colcon.colcon_core.package_identification:_identify(lib/__pycache__) by extension 'python'
[1.587s] Level 1:colcon.colcon_core.package_identification:_identify(lib/__pycache__) by extensions ['python_setup_py']
[1.587s] Level 1:colcon.colcon_core.package_identification:_identify(lib/__pycache__) by extension 'python_setup_py'
[1.587s] Level 1:colcon.colcon_core.package_identification:_identify(log) by extensions ['ignore', 'ignore_ament_install']
[1.588s] Level 1:colcon.colcon_core.package_identification:_identify(log) by extension 'ignore'
[1.588s] Level 1:colcon.colcon_core.package_identification:_identify(log) ignored
[1.588s] Level 1:colcon.colcon_core.package_identification:_identify(src) by extensions ['ignore', 'ignore_ament_install']
[1.588s] Level 1:colcon.colcon_core.package_identification:_identify(src) by extension 'ignore'
[1.588s] Level 1:colcon.colcon_core.package_identification:_identify(src) by extension 'ignore_ament_install'
[1.588s] Level 1:colcon.colcon_core.package_identification:_identify(src) by extensions ['colcon_pkg']
[1.588s] Level 1:colcon.colcon_core.package_identification:_identify(src) by extension 'colcon_pkg'
[1.588s] Level 1:colcon.colcon_core.package_identification:_identify(src) by extensions ['colcon_meta']
[1.588s] Level 1:colcon.colcon_core.package_identification:_identify(src) by extension 'colcon_meta'
[1.588s] Level 1:colcon.colcon_core.package_identification:_identify(src) by extensions ['ros']
[1.588s] Level 1:colcon.colcon_core.package_identification:_identify(src) by extension 'ros'
[1.589s] Level 1:colcon.colcon_core.package_identification:_identify(src) by extensions ['cmake', 'python']
[1.589s] Level 1:colcon.colcon_core.package_identification:_identify(src) by extension 'cmake'
[1.589s] Level 1:colcon.colcon_core.package_identification:_identify(src) by extension 'python'
[1.589s] Level 1:colcon.colcon_core.package_identification:_identify(src) by extensions ['python_setup_py']
[1.589s] Level 1:colcon.colcon_core.package_identification:_identify(src) by extension 'python_setup_py'
[1.589s] Level 1:colcon.colcon_core.package_identification:_identify(src/agrobot_actuation) by extensions ['ignore', 'ignore_ament_install']
[1.589s] Level 1:colcon.colcon_core.package_identification:_identify(src/agrobot_actuation) by extension 'ignore'
[1.589s] Level 1:colcon.colcon_core.package_identification:_identify(src/agrobot_actuation) by extension 'ignore_ament_install'
[1.589s] Level 1:colcon.colcon_core.package_identification:_identify(src/agrobot_actuation) by extensions ['colcon_pkg']
[1.590s] Level 1:colcon.colcon_core.package_identification:_identify(src/agrobot_actuation) by extension 'colcon_pkg'
[1.590s] Level 1:colcon.colcon_core.package_identification:_identify(src/agrobot_actuation) by extensions ['colcon_meta']
[1.590s] Level 1:colcon.colcon_core.package_identification:_identify(src/agrobot_actuation) by extension 'colcon_meta'
[1.590s] Level 1:colcon.colcon_core.package_identification:_identify(src/agrobot_actuation) by extensions ['ros']
[1.590s] Level 1:colcon.colcon_core.package_identification:_identify(src/agrobot_actuation) by extension 'ros'
[1.603s] DEBUG:colcon.colcon_core.package_identification:Package 'src/agrobot_actuation' with type 'ros.ament_python' and name 'agrobot_actuation'
[1.603s] Level 1:colcon.colcon_core.package_identification:_identify(src/agrobot_detect) by extensions ['ignore', 'ignore_ament_install']
[1.603s] Level 1:colcon.colcon_core.package_identification:_identify(src/agrobot_detect) by extension 'ignore'
[1.603s] Level 1:colcon.colcon_core.package_identification:_identify(src/agrobot_detect) by extension 'ignore_ament_install'
[1.603s] Level 1:colcon.colcon_core.package_identification:_identify(src/agrobot_detect) by extensions ['colcon_pkg']
[1.604s] Level 1:colcon.colcon_core.package_identification:_identify(src/agrobot_detect) by extension 'colcon_pkg'
[1.604s] Level 1:colcon.colcon_core.package_identification:_identify(src/agrobot_detect) by extensions ['colcon_meta']
[1.604s] Level 1:colcon.colcon_core.package_identification:_identify(src/agrobot_detect) by extension 'colcon_meta'
[1.604s] Level 1:colcon.colcon_core.package_identification:_identify(src/agrobot_detect) by extensions ['ros']
[1.604s] Level 1:colcon.colcon_core.package_identification:_identify(src/agrobot_detect) by extension 'ros'
[1.606s] DEBUG:colcon.colcon_core.package_identification:Package 'src/agrobot_detect' with type 'ros.ament_python' and name 'agrobot_detect'
[1.606s] Level 1:colcon.colcon_core.package_identification:_identify(src/agrobot_interfaces) by extensions ['ignore', 'ignore_ament_install']
[1.606s] Level 1:colcon.colcon_core.package_identification:_identify(src/agrobot_interfaces) by extension 'ignore'
[1.606s] Level 1:colcon.colcon_core.package_identification:_identify(src/agrobot_interfaces) by extension 'ignore_ament_install'
[1.606s] Level 1:colcon.colcon_core.package_identification:_identify(src/agrobot_interfaces) by extensions ['colcon_pkg']
[1.606s] Level 1:colcon.colcon_core.package_identification:_identify(src/agrobot_interfaces) by extension 'colcon_pkg'
[1.606s] Level 1:colcon.colcon_core.package_identification:_identify(src/agrobot_interfaces) by extensions ['colcon_meta']
[1.606s] Level 1:colcon.colcon_core.package_identification:_identify(src/agrobot_interfaces) by extension 'colcon_meta'
[1.606s] Level 1:colcon.colcon_core.package_identification:_identify(src/agrobot_interfaces) by extensions ['ros']
[1.606s] Level 1:colcon.colcon_core.package_identification:_identify(src/agrobot_interfaces) by extension 'ros'
[1.608s] DEBUG:colcon.colcon_core.package_identification:Package 'src/agrobot_interfaces' with type 'ros.ament_cmake' and name 'agrobot_interfaces'
[1.608s] Level 1:colcon.colcon_core.package_identification:_identify(src/agrobot_nav) by extensions ['ignore', 'ignore_ament_install']
[1.608s] Level 1:colcon.colcon_core.package_identification:_identify(src/agrobot_nav) by extension 'ignore'
[1.608s] Level 1:colcon.colcon_core.package_identification:_identify(src/agrobot_nav) by extension 'ignore_ament_install'
[1.608s] Level 1:colcon.colcon_core.package_identification:_identify(src/agrobot_nav) by extensions ['colcon_pkg']
[1.608s] Level 1:colcon.colcon_core.package_identification:_identify(src/agrobot_nav) by extension 'colcon_pkg'
[1.608s] Level 1:colcon.colcon_core.package_identification:_identify(src/agrobot_nav) by extensions ['colcon_meta']
[1.608s] Level 1:colcon.colcon_core.package_identification:_identify(src/agrobot_nav) by extension 'colcon_meta'
[1.608s] Level 1:colcon.colcon_core.package_identification:_identify(src/agrobot_nav) by extensions ['ros']
[1.609s] Level 1:colcon.colcon_core.package_identification:_identify(src/agrobot_nav) by extension 'ros'
[1.610s] DEBUG:colcon.colcon_core.package_identification:Package 'src/agrobot_nav' with type 'ros.ament_python' and name 'agrobot_nav'
[1.611s] Level 1:colcon.colcon_core.package_identification:_identify(src/basicmicro_ros2) by extensions ['ignore', 'ignore_ament_install']
[1.611s] Level 1:colcon.colcon_core.package_identification:_identify(src/basicmicro_ros2) by extension 'ignore'
[1.611s] Level 1:colcon.colcon_core.package_identification:_identify(src/basicmicro_ros2) by extension 'ignore_ament_install'
[1.611s] Level 1:colcon.colcon_core.package_identification:_identify(src/basicmicro_ros2) by extensions ['colcon_pkg']
[1.611s] Level 1:colcon.colcon_core.package_identification:_identify(src/basicmicro_ros2) by extension 'colcon_pkg'
[1.611s] Level 1:colcon.colcon_core.package_identification:_identify(src/basicmicro_ros2) by extensions ['colcon_meta']
[1.611s] Level 1:colcon.colcon_core.package_identification:_identify(src/basicmicro_ros2) by extension 'colcon_meta'
[1.611s] Level 1:colcon.colcon_core.package_identification:_identify(src/basicmicro_ros2) by extensions ['ros']
[1.611s] Level 1:colcon.colcon_core.package_identification:_identify(src/basicmicro_ros2) by extension 'ros'
[1.615s] DEBUG:colcon.colcon_core.package_identification:Package 'src/basicmicro_ros2' with type 'ros.ament_cmake' and name 'basicmicro_ros2'
[1.615s] Level 1:colcon.colcon_core.package_identification:_identify(src/examples) by extensions ['ignore', 'ignore_ament_install']
[1.615s] Level 1:colcon.colcon_core.package_identification:_identify(src/examples) by extension 'ignore'
[1.615s] Level 1:colcon.colcon_core.package_identification:_identify(src/examples) by extension 'ignore_ament_install'
[1.615s] Level 1:colcon.colcon_core.package_identification:_identify(src/examples) by extensions ['colcon_pkg']
[1.616s] Level 1:colcon.colcon_core.package_identification:_identify(src/examples) by extension 'colcon_pkg'
[1.616s] Level 1:colcon.colcon_core.package_identification:_identify(src/examples) by extensions ['colcon_meta']
[1.616s] Level 1:colcon.colcon_core.package_identification:_identify(src/examples) by extension 'colcon_meta'
[1.616s] Level 1:colcon.colcon_core.package_identification:_identify(src/examples) by extensions ['ros']
[1.616s] Level 1:colcon.colcon_core.package_identification:_identify(src/examples) by extension 'ros'
[1.616s] Level 1:colcon.colcon_core.package_identification:_identify(src/examples) by extensions ['cmake', 'python']
[1.616s] Level 1:colcon.colcon_core.package_identification:_identify(src/examples) by extension 'cmake'
[1.616s] Level 1:colcon.colcon_core.package_identification:_identify(src/examples) by extension 'python'
[1.616s] Level 1:colcon.colcon_core.package_identification:_identify(src/examples) by extensions ['python_setup_py']
[1.616s] Level 1:colcon.colcon_core.package_identification:_identify(src/examples) by extension 'python_setup_py'
[1.616s] Level 1:colcon.colcon_core.package_identification:_identify(src/examples/launch_testing) by extensions ['ignore', 'ignore_ament_install']
[1.616s] Level 1:colcon.colcon_core.package_identification:_identify(src/examples/launch_testing) by extension 'ignore'
[1.616s] Level 1:colcon.colcon_core.package_identification:_identify(src/examples/launch_testing) by extension 'ignore_ament_install'
[1.616s] Level 1:colcon.colcon_core.package_identification:_identify(src/examples/launch_testing) by extensions ['colcon_pkg']
[1.617s] Level 1:colcon.colcon_core.package_identification:_identify(src/examples/launch_testing) by extension 'colcon_pkg'
[1.617s] Level 1:colcon.colcon_core.package_identification:_identify(src/examples/launch_testing) by extensions ['colcon_meta']
[1.617s] Level 1:colcon.colcon_core.package_identification:_identify(src/examples/launch_testing) by extension 'colcon_meta'
[1.617s] Level 1:colcon.colcon_core.package_identification:_identify(src/examples/launch_testing) by extensions ['ros']
[1.617s] Level 1:colcon.colcon_core.package_identification:_identify(src/examples/launch_testing) by extension 'ros'
[1.617s] Level 1:colcon.colcon_core.package_identification:_identify(src/examples/launch_testing) by extensions ['cmake', 'python']
[1.617s] Level 1:colcon.colcon_core.package_identification:_identify(src/examples/launch_testing) by extension 'cmake'
[1.617s] Level 1:colcon.colcon_core.package_identification:_identify(src/examples/launch_testing) by extension 'python'
[1.617s] Level 1:colcon.colcon_core.package_identification:_identify(src/examples/launch_testing) by extensions ['python_setup_py']
[1.617s] Level 1:colcon.colcon_core.package_identification:_identify(src/examples/launch_testing) by extension 'python_setup_py'
[1.617s] Level 1:colcon.colcon_core.package_identification:_identify(src/examples/launch_testing/launch_testing_examples) by extensions ['ignore', 'ignore_ament_install']
[1.617s] Level 1:colcon.colcon_core.package_identification:_identify(src/examples/launch_testing/launch_testing_examples) by extension 'ignore'
[1.617s] Level 1:colcon.colcon_core.package_identification:_identify(src/examples/launch_testing/launch_testing_examples) by extension 'ignore_ament_install'
[1.617s] Level 1:colcon.colcon_core.package_identification:_identify(src/examples/launch_testing/launch_testing_examples) by extensions ['colcon_pkg']
[1.617s] Level 1:colcon.colcon_core.package_identification:_identify(src/examples/launch_testing/launch_testing_examples) by extension 'colcon_pkg'
[1.618s] Level 1:colcon.colcon_core.package_identification:_identify(src/examples/launch_testing/launch_testing_examples) by extensions ['colcon_meta']
[1.618s] Level 1:colcon.colcon_core.package_identification:_identify(src/examples/launch_testing/launch_testing_examples) by extension 'colcon_meta'
[1.618s] Level 1:colcon.colcon_core.package_identification:_identify(src/examples/launch_testing/launch_testing_examples) by extensions ['ros']
[1.618s] Level 1:colcon.colcon_core.package_identification:_identify(src/examples/launch_testing/launch_testing_examples) by extension 'ros'
[1.619s] DEBUG:colcon.colcon_core.package_identification:Package 'src/examples/launch_testing/launch_testing_examples' with type 'ros.ament_python' and name 'launch_testing_examples'
[1.619s] Level 1:colcon.colcon_core.package_identification:_identify(src/examples/rclcpp) by extensions ['ignore', 'ignore_ament_install']
[1.619s] Level 1:colcon.colcon_core.package_identification:_identify(src/examples/rclcpp) by extension 'ignore'
[1.619s] Level 1:colcon.colcon_core.package_identification:_identify(src/examples/rclcpp) by extension 'ignore_ament_install'
[1.619s] Level 1:colcon.colcon_core.package_identification:_identify(src/examples/rclcpp) by extensions ['colcon_pkg']
[1.619s] Level 1:colcon.colcon_core.package_identification:_identify(src/examples/rclcpp) by extension 'colcon_pkg'
[1.619s] Level 1:colcon.colcon_core.package_identification:_identify(src/examples/rclcpp) by extensions ['colcon_meta']
[1.619s] Level 1:colcon.colcon_core.package_identification:_identify(src/examples/rclcpp) by extension 'colcon_meta'
[1.619s] Level 1:colcon.colcon_core.package_identification:_identify(src/examples/rclcpp) by extensions ['ros']
[1.619s] Level 1:colcon.colcon_core.package_identification:_identify(src/examples/rclcpp) by extension 'ros'
[1.620s] Level 1:colcon.colcon_core.package_identification:_identify(src/examples/rclcpp) by extensions ['cmake', 'python']
[1.620s] Level 1:colcon.colcon_core.package_identification:_identify(src/examples/rclcpp) by extension 'cmake'
[1.620s] Level 1:colcon.colcon_core.package_identification:_identify(src/examples/rclcpp) by extension 'python'
[1.620s] Level 1:colcon.colcon_core.package_identification:_identify(src/examples/rclcpp) by extensions ['python_setup_py']
[1.620s] Level 1:colcon.colcon_core.package_identification:_identify(src/examples/rclcpp) by extension 'python_setup_py'
[1.620s] Level 1:colcon.colcon_core.package_identification:_identify(src/examples/rclcpp/actions) by extensions ['ignore', 'ignore_ament_install']
[1.620s] Level 1:colcon.colcon_core.package_identification:_identify(src/examples/rclcpp/actions) by extension 'ignore'
[1.620s] Level 1:colcon.colcon_core.package_identification:_identify(src/examples/rclcpp/actions) by extension 'ignore_ament_install'
[1.620s] Level 1:colcon.colcon_core.package_identification:_identify(src/examples/rclcpp/actions) by extensions ['colcon_pkg']
[1.620s] Level 1:colcon.colcon_core.package_identification:_identify(src/examples/rclcpp/actions) by extension 'colcon_pkg'
[1.620s] Level 1:colcon.colcon_core.package_identification:_identify(src/examples/rclcpp/actions) by extensions ['colcon_meta']
[1.620s] Level 1:colcon.colcon_core.package_identification:_identify(src/examples/rclcpp/actions) by extension 'colcon_meta'
[1.620s] Level 1:colcon.colcon_core.package_identification:_identify(src/examples/rclcpp/actions) by extensions ['ros']
[1.620s] Level 1:colcon.colcon_core.package_identification:_identify(src/examples/rclcpp/actions) by extension 'ros'
[1.621s] Level 1:colcon.colcon_core.package_identification:_identify(src/examples/rclcpp/actions) by extensions ['cmake', 'python']
[1.621s] Level 1:colcon.colcon_core.package_identification:_identify(src/examples/rclcpp/actions) by extension 'cmake'
[1.621s] Level 1:colcon.colcon_core.package_identification:_identify(src/examples/rclcpp/actions) by extension 'python'
[1.621s] Level 1:colcon.colcon_core.package_identification:_identify(src/examples/rclcpp/actions) by extensions ['python_setup_py']
[1.621s] Level 1:colcon.colcon_core.package_identification:_identify(src/examples/rclcpp/actions) by extension 'python_setup_py'
[1.621s] Level 1:colcon.colcon_core.package_identification:_identify(src/examples/rclcpp/actions/minimal_action_client) by extensions ['ignore', 'ignore_ament_install']
[1.621s] Level 1:colcon.colcon_core.package_identification:_identify(src/examples/rclcpp/actions/minimal_action_client) by extension 'ignore'
[1.621s] Level 1:colcon.colcon_core.package_identification:_identify(src/examples/rclcpp/actions/minimal_action_client) by extension 'ignore_ament_install'
[1.621s] Level 1:colcon.colcon_core.package_identification:_identify(src/examples/rclcpp/actions/minimal_action_client) by extensions ['colcon_pkg']
[1.621s] Level 1:colcon.colcon_core.package_identification:_identify(src/examples/rclcpp/actions/minimal_action_client) by extension 'colcon_pkg'
[1.621s] Level 1:colcon.colcon_core.package_identification:_identify(src/examples/rclcpp/actions/minimal_action_client) by extensions ['colcon_meta']
[1.621s] Level 1:colcon.colcon_core.package_identification:_identify(src/examples/rclcpp/actions/minimal_action_client) by extension 'colcon_meta'
[1.621s] Level 1:colcon.colcon_core.package_identification:_identify(src/examples/rclcpp/actions/minimal_action_client) by extensions ['ros']
[1.621s] Level 1:colcon.colcon_core.package_identification:_identify(src/examples/rclcpp/actions/minimal_action_client) by extension 'ros'
[1.624s] DEBUG:colcon.colcon_core.package_identification:Package 'src/examples/rclcpp/actions/minimal_action_client' with type 'ros.ament_cmake' and name 'examples_rclcpp_minimal_action_client'
[1.624s] Level 1:colcon.colcon_core.package_identification:_identify(src/examples/rclcpp/actions/minimal_action_server) by extensions ['ignore', 'ignore_ament_install']
[1.624s] Level 1:colcon.colcon_core.package_identification:_identify(src/examples/rclcpp/actions/minimal_action_server) by extension 'ignore'
[1.624s] Level 1:colcon.colcon_core.package_identification:_identify(src/examples/rclcpp/actions/minimal_action_server) by extension 'ignore_ament_install'
[1.624s] Level 1:colcon.colcon_core.package_identification:_identify(src/examples/rclcpp/actions/minimal_action_server) by extensions ['colcon_pkg']
[1.624s] Level 1:colcon.colcon_core.package_identification:_identify(src/examples/rclcpp/actions/minimal_action_server) by extension 'colcon_pkg'
[1.624s] Level 1:colcon.colcon_core.package_identification:_identify(src/examples/rclcpp/actions/minimal_action_server) by extensions ['colcon_meta']
[1.624s] Level 1:colcon.colcon_core.package_identification:_identify(src/examples/rclcpp/actions/minimal_action_server) by extension 'colcon_meta'
[1.624s] Level 1:colcon.colcon_core.package_identification:_identify(src/examples/rclcpp/actions/minimal_action_server) by extensions ['ros']
[1.624s] Level 1:colcon.colcon_core.package_identification:_identify(src/examples/rclcpp/actions/minimal_action_server) by extension 'ros'
[1.627s] DEBUG:colcon.colcon_core.package_identification:Package 'src/examples/rclcpp/actions/minimal_action_server' with type 'ros.ament_cmake' and name 'examples_rclcpp_minimal_action_server'
[1.628s] Level 1:colcon.colcon_core.package_identification:_identify(src/examples/rclcpp/composition) by extensions ['ignore', 'ignore_ament_install']
[1.628s] Level 1:colcon.colcon_core.package_identification:_identify(src/examples/rclcpp/composition) by extension 'ignore'
[1.628s] Level 1:colcon.colcon_core.package_identification:_identify(src/examples/rclcpp/composition) by extension 'ignore_ament_install'
[1.628s] Level 1:colcon.colcon_core.package_identification:_identify(src/examples/rclcpp/composition) by extensions ['colcon_pkg']
[1.628s] Level 1:colcon.colcon_core.package_identification:_identify(src/examples/rclcpp/composition) by extension 'colcon_pkg'
[1.628s] Level 1:colcon.colcon_core.package_identification:_identify(src/examples/rclcpp/composition) by extensions ['colcon_meta']
[1.628s] Level 1:colcon.colcon_core.package_identification:_identify(src/examples/rclcpp/composition) by extension 'colcon_meta'
[1.628s] Level 1:colcon.colcon_core.package_identification:_identify(src/examples/rclcpp/composition) by extensions ['ros']
[1.628s] Level 1:colcon.colcon_core.package_identification:_identify(src/examples/rclcpp/composition) by extension 'ros'
[1.628s] Level 1:colcon.colcon_core.package_identification:_identify(src/examples/rclcpp/composition) by extensions ['cmake', 'python']
[1.628s] Level 1:colcon.colcon_core.package_identification:_identify(src/examples/rclcpp/composition) by extension 'cmake'
[1.628s] Level 1:colcon.colcon_core.package_identification:_identify(src/examples/rclcpp/composition) by extension 'python'
[1.628s] Level 1:colcon.colcon_core.package_identification:_identify(src/examples/rclcpp/composition) by extensions ['python_setup_py']
[1.628s] Level 1:colcon.colcon_core.package_identification:_identify(src/examples/rclcpp/composition) by extension 'python_setup_py'
[1.629s] Level 1:colcon.colcon_core.package_identification:_identify(src/examples/rclcpp/composition/minimal_composition) by extensions ['ignore', 'ignore_ament_install']
[1.629s] Level 1:colcon.colcon_core.package_identification:_identify(src/examples/rclcpp/composition/minimal_composition) by extension 'ignore'
[1.629s] Level 1:colcon.colcon_core.package_identification:_identify(src/examples/rclcpp/composition/minimal_composition) by extension 'ignore_ament_install'
[1.629s] Level 1:colcon.colcon_core.package_identification:_identify(src/examples/rclcpp/composition/minimal_composition) by extensions ['colcon_pkg']
[1.629s] Level 1:colcon.colcon_core.package_identification:_identify(src/examples/rclcpp/composition/minimal_composition) by extension 'colcon_pkg'
[1.629s] Level 1:colcon.colcon_core.package_identification:_identify(src/examples/rclcpp/composition/minimal_composition) by extensions ['colcon_meta']
[1.629s] Level 1:colcon.colcon_core.package_identification:_identify(src/examples/rclcpp/composition/minimal_composition) by extension 'colcon_meta'
[1.629s] Level 1:colcon.colcon_core.package_identification:_identify(src/examples/rclcpp/composition/minimal_composition) by extensions ['ros']
[1.629s] Level 1:colcon.colcon_core.package_identification:_identify(src/examples/rclcpp/composition/minimal_composition) by extension 'ros'
[1.631s] DEBUG:colcon.colcon_core.package_identification:Package 'src/examples/rclcpp/composition/minimal_composition' with type 'ros.ament_cmake' and name 'examples_rclcpp_minimal_composition'
[1.631s] Level 1:colcon.colcon_core.package_identification:_identify(src/examples/rclcpp/executors) by extensions ['ignore', 'ignore_ament_install']
[1.631s] Level 1:colcon.colcon_core.package_identification:_identify(src/examples/rclcpp/executors) by extension 'ignore'
[1.632s] Level 1:colcon.colcon_core.package_identification:_identify(src/examples/rclcpp/executors) by extension 'ignore_ament_install'
[1.632s] Level 1:colcon.colcon_core.package_identification:_identify(src/examples/rclcpp/executors) by extensions ['colcon_pkg']
[1.632s] Level 1:colcon.colcon_core.package_identification:_identify(src/examples/rclcpp/executors) by extension 'colcon_pkg'
[1.632s] Level 1:colcon.colcon_core.package_identification:_identify(src/examples/rclcpp/executors) by extensions ['colcon_meta']
[1.632s] Level 1:colcon.colcon_core.package_identification:_identify(src/examples/rclcpp/executors) by extension 'colcon_meta'
[1.632s] Level 1:colcon.colcon_core.package_identification:_identify(src/examples/rclcpp/executors) by extensions ['ros']
[1.632s] Level 1:colcon.colcon_core.package_identification:_identify(src/examples/rclcpp/executors) by extension 'ros'
[1.632s] Level 1:colcon.colcon_core.package_identification:_identify(src/examples/rclcpp/executors) by extensions ['cmake', 'python']
[1.632s] Level 1:colcon.colcon_core.package_identification:_identify(src/examples/rclcpp/executors) by extension 'cmake'
[1.632s] Level 1:colcon.colcon_core.package_identification:_identify(src/examples/rclcpp/executors) by extension 'python'
[1.632s] Level 1:colcon.colcon_core.package_identification:_identify(src/examples/rclcpp/executors) by extensions ['python_setup_py']
[1.632s] Level 1:colcon.colcon_core.package_identification:_identify(src/examples/rclcpp/executors) by extension 'python_setup_py'
[1.632s] Level 1:colcon.colcon_core.package_identification:_identify(src/examples/rclcpp/executors/cbg_executor) by extensions ['ignore', 'ignore_ament_install']
[1.632s] Level 1:colcon.colcon_core.package_identification:_identify(src/examples/rclcpp/executors/cbg_executor) by extension 'ignore'
[1.633s] Level 1:colcon.colcon_core.package_identification:_identify(src/examples/rclcpp/executors/cbg_executor) by extension 'ignore_ament_install'
[1.633s] Level 1:colcon.colcon_core.package_identification:_identify(src/examples/rclcpp/executors/cbg_executor) by extensions ['colcon_pkg']
[1.633s] Level 1:colcon.colcon_core.package_identification:_identify(src/examples/rclcpp/executors/cbg_executor) by extension 'colcon_pkg'
[1.633s] Level 1:colcon.colcon_core.package_identification:_identify(src/examples/rclcpp/executors/cbg_executor) by extensions ['colcon_meta']
[1.633s] Level 1:colcon.colcon_core.package_identification:_identify(src/examples/rclcpp/executors/cbg_executor) by extension 'colcon_meta'
[1.633s] Level 1:colcon.colcon_core.package_identification:_identify(src/examples/rclcpp/executors/cbg_executor) by extensions ['ros']
[1.633s] Level 1:colcon.colcon_core.package_identification:_identify(src/examples/rclcpp/executors/cbg_executor) by extension 'ros'
[1.634s] DEBUG:colcon.colcon_core.package_identification:Package 'src/examples/rclcpp/executors/cbg_executor' with type 'ros.ament_cmake' and name 'examples_rclcpp_cbg_executor'
[1.634s] Level 1:colcon.colcon_core.package_identification:_identify(src/examples/rclcpp/executors/multithreaded_executor) by extensions ['ignore', 'ignore_ament_install']
[1.635s] Level 1:colcon.colcon_core.package_identification:_identify(src/examples/rclcpp/executors/multithreaded_executor) by extension 'ignore'
[1.635s] Level 1:colcon.colcon_core.package_identification:_identify(src/examples/rclcpp/executors/multithreaded_executor) by extension 'ignore_ament_install'
[1.635s] Level 1:colcon.colcon_core.package_identification:_identify(src/examples/rclcpp/executors/multithreaded_executor) by extensions ['colcon_pkg']
[1.635s] Level 1:colcon.colcon_core.package_identification:_identify(src/examples/rclcpp/executors/multithreaded_executor) by extension 'colcon_pkg'
[1.635s] Level 1:colcon.colcon_core.package_identification:_identify(src/examples/rclcpp/executors/multithreaded_executor) by extensions ['colcon_meta']
[1.635s] Level 1:colcon.colcon_core.package_identification:_identify(src/examples/rclcpp/executors/multithreaded_executor) by extension 'colcon_meta'
[1.635s] Level 1:colcon.colcon_core.package_identification:_identify(src/examples/rclcpp/executors/multithreaded_executor) by extensions ['ros']
[1.635s] Level 1:colcon.colcon_core.package_identification:_identify(src/examples/rclcpp/executors/multithreaded_executor) by extension 'ros'
[1.637s] DEBUG:colcon.colcon_core.package_identification:Package 'src/examples/rclcpp/executors/multithreaded_executor' with type 'ros.ament_cmake' and name 'examples_rclcpp_multithreaded_executor'
[1.637s] Level 1:colcon.colcon_core.package_identification:_identify(src/examples/rclcpp/services) by extensions ['ignore', 'ignore_ament_install']
[1.637s] Level 1:colcon.colcon_core.package_identification:_identify(src/examples/rclcpp/services) by extension 'ignore'
[1.637s] Level 1:colcon.colcon_core.package_identification:_identify(src/examples/rclcpp/services) by extension 'ignore_ament_install'
[1.637s] Level 1:colcon.colcon_core.package_identification:_identify(src/examples/rclcpp/services) by extensions ['colcon_pkg']
[1.637s] Level 1:colcon.colcon_core.package_identification:_identify(src/examples/rclcpp/services) by extension 'colcon_pkg'
[1.637s] Level 1:colcon.colcon_core.package_identification:_identify(src/examples/rclcpp/services) by extensions ['colcon_meta']
[1.637s] Level 1:colcon.colcon_core.package_identification:_identify(src/examples/rclcpp/services) by extension 'colcon_meta'
[1.637s] Level 1:colcon.colcon_core.package_identification:_identify(src/examples/rclcpp/services) by extensions ['ros']
[1.637s] Level 1:colcon.colcon_core.package_identification:_identify(src/examples/rclcpp/services) by extension 'ros'
[1.637s] Level 1:colcon.colcon_core.package_identification:_identify(src/examples/rclcpp/services) by extensions ['cmake', 'python']
[1.637s] Level 1:colcon.colcon_core.package_identification:_identify(src/examples/rclcpp/services) by extension 'cmake'
[1.638s] Level 1:colcon.colcon_core.package_identification:_identify(src/examples/rclcpp/services) by extension 'python'
[1.638s] Level 1:colcon.colcon_core.package_identification:_identify(src/examples/rclcpp/services) by extensions ['python_setup_py']
[1.638s] Level 1:colcon.colcon_core.package_identification:_identify(src/examples/rclcpp/services) by extension 'python_setup_py'
[1.638s] Level 1:colcon.colcon_core.package_identification:_identify(src/examples/rclcpp/services/async_client) by extensions ['ignore', 'ignore_ament_install']
[1.638s] Level 1:colcon.colcon_core.package_identification:_identify(src/examples/rclcpp/services/async_client) by extension 'ignore'
[1.638s] Level 1:colcon.colcon_core.package_identification:_identify(src/examples/rclcpp/services/async_client) by extension 'ignore_ament_install'
[1.638s] Level 1:colcon.colcon_core.package_identification:_identify(src/examples/rclcpp/services/async_client) by extensions ['colcon_pkg']
[1.638s] Level 1:colcon.colcon_core.package_identification:_identify(src/examples/rclcpp/services/async_client) by extension 'colcon_pkg'
[1.638s] Level 1:colcon.colcon_core.package_identification:_identify(src/examples/rclcpp/services/async_client) by extensions ['colcon_meta']
[1.638s] Level 1:colcon.colcon_core.package_identification:_identify(src/examples/rclcpp/services/async_client) by extension 'colcon_meta'
[1.638s] Level 1:colcon.colcon_core.package_identification:_identify(src/examples/rclcpp/services/async_client) by extensions ['ros']
[1.638s] Level 1:colcon.colcon_core.package_identification:_identify(src/examples/rclcpp/services/async_client) by extension 'ros'
[1.641s] DEBUG:colcon.colcon_core.package_identification:Package 'src/examples/rclcpp/services/async_client' with type 'ros.ament_cmake' and name 'examples_rclcpp_async_client'
[1.641s] Level 1:colcon.colcon_core.package_identification:_identify(src/examples/rclcpp/services/minimal_client) by extensions ['ignore', 'ignore_ament_install']
[1.642s] Level 1:colcon.colcon_core.package_identification:_identify(src/examples/rclcpp/services/minimal_client) by extension 'ignore'
[1.642s] Level 1:colcon.colcon_core.package_identification:_identify(src/examples/rclcpp/services/minimal_client) by extension 'ignore_ament_install'
[1.642s] Level 1:colcon.colcon_core.package_identification:_identify(src/examples/rclcpp/services/minimal_client) by extensions ['colcon_pkg']
[1.642s] Level 1:colcon.colcon_core.package_identification:_identify(src/examples/rclcpp/services/minimal_client) by extension 'colcon_pkg'
[1.642s] Level 1:colcon.colcon_core.package_identification:_identify(src/examples/rclcpp/services/minimal_client) by extensions ['colcon_meta']
[1.642s] Level 1:colcon.colcon_core.package_identification:_identify(src/examples/rclcpp/services/minimal_client) by extension 'colcon_meta'
[1.642s] Level 1:colcon.colcon_core.package_identification:_identify(src/examples/rclcpp/services/minimal_client) by extensions ['ros']
[1.642s] Level 1:colcon.colcon_core.package_identification:_identify(src/examples/rclcpp/services/minimal_client) by extension 'ros'
[1.645s] DEBUG:colcon.colcon_core.package_identification:Package 'src/examples/rclcpp/services/minimal_client' with type 'ros.ament_cmake' and name 'examples_rclcpp_minimal_client'
[1.646s] Level 1:colcon.colcon_core.package_identification:_identify(src/examples/rclcpp/services/minimal_service) by extensions ['ignore', 'ignore_ament_install']
[1.646s] Level 1:colcon.colcon_core.package_identification:_identify(src/examples/rclcpp/services/minimal_service) by extension 'ignore'
[1.646s] Level 1:colcon.colcon_core.package_identification:_identify(src/examples/rclcpp/services/minimal_service) by extension 'ignore_ament_install'
[1.646s] Level 1:colcon.colcon_core.package_identification:_identify(src/examples/rclcpp/services/minimal_service) by extensions ['colcon_pkg']
[1.646s] Level 1:colcon.colcon_core.package_identification:_identify(src/examples/rclcpp/services/minimal_service) by extension 'colcon_pkg'
[1.646s] Level 1:colcon.colcon_core.package_identification:_identify(src/examples/rclcpp/services/minimal_service) by extensions ['colcon_meta']
[1.646s] Level 1:colcon.colcon_core.package_identification:_identify(src/examples/rclcpp/services/minimal_service) by extension 'colcon_meta'
[1.646s] Level 1:colcon.colcon_core.package_identification:_identify(src/examples/rclcpp/services/minimal_service) by extensions ['ros']
[1.646s] Level 1:colcon.colcon_core.package_identification:_identify(src/examples/rclcpp/services/minimal_service) by extension 'ros'
[1.647s] DEBUG:colcon.colcon_core.package_identification:Package 'src/examples/rclcpp/services/minimal_service' with type 'ros.ament_cmake' and name 'examples_rclcpp_minimal_service'
[1.648s] Level 1:colcon.colcon_core.package_identification:_identify(src/examples/rclcpp/timers) by extensions ['ignore', 'ignore_ament_install']
[1.648s] Level 1:colcon.colcon_core.package_identification:_identify(src/examples/rclcpp/timers) by extension 'ignore'
[1.648s] Level 1:colcon.colcon_core.package_identification:_identify(src/examples/rclcpp/timers) by extension 'ignore_ament_install'
[1.648s] Level 1:colcon.colcon_core.package_identification:_identify(src/examples/rclcpp/timers) by extensions ['colcon_pkg']
[1.648s] Level 1:colcon.colcon_core.package_identification:_identify(src/examples/rclcpp/timers) by extension 'colcon_pkg'
[1.648s] Level 1:colcon.colcon_core.package_identification:_identify(src/examples/rclcpp/timers) by extensions ['colcon_meta']
[1.648s] Level 1:colcon.colcon_core.package_identification:_identify(src/examples/rclcpp/timers) by extension 'colcon_meta'
[1.648s] Level 1:colcon.colcon_core.package_identification:_identify(src/examples/rclcpp/timers) by extensions ['ros']
[1.648s] Level 1:colcon.colcon_core.package_identification:_identify(src/examples/rclcpp/timers) by extension 'ros'
[1.648s] Level 1:colcon.colcon_core.package_identification:_identify(src/examples/rclcpp/timers) by extensions ['cmake', 'python']
[1.649s] Level 1:colcon.colcon_core.package_identification:_identify(src/examples/rclcpp/timers) by extension 'cmake'
[1.649s] Level 1:colcon.colcon_core.package_identification:_identify(src/examples/rclcpp/timers) by extension 'python'
[1.649s] Level 1:colcon.colcon_core.package_identification:_identify(src/examples/rclcpp/timers) by extensions ['python_setup_py']
[1.649s] Level 1:colcon.colcon_core.package_identification:_identify(src/examples/rclcpp/timers) by extension 'python_setup_py'
[1.649s] Level 1:colcon.colcon_core.package_identification:_identify(src/examples/rclcpp/timers/minimal_timer) by extensions ['ignore', 'ignore_ament_install']
[1.649s] Level 1:colcon.colcon_core.package_identification:_identify(src/examples/rclcpp/timers/minimal_timer) by extension 'ignore'
[1.649s] Level 1:colcon.colcon_core.package_identification:_identify(src/examples/rclcpp/timers/minimal_timer) by extension 'ignore_ament_install'
[1.649s] Level 1:colcon.colcon_core.package_identification:_identify(src/examples/rclcpp/timers/minimal_timer) by extensions ['colcon_pkg']
[1.649s] Level 1:colcon.colcon_core.package_identification:_identify(src/examples/rclcpp/timers/minimal_timer) by extension 'colcon_pkg'
[1.649s] Level 1:colcon.colcon_core.package_identification:_identify(src/examples/rclcpp/timers/minimal_timer) by extensions ['colcon_meta']
[1.649s] Level 1:colcon.colcon_core.package_identification:_identify(src/examples/rclcpp/timers/minimal_timer) by extension 'colcon_meta'
[1.649s] Level 1:colcon.colcon_core.package_identification:_identify(src/examples/rclcpp/timers/minimal_timer) by extensions ['ros']
[1.649s] Level 1:colcon.colcon_core.package_identification:_identify(src/examples/rclcpp/timers/minimal_timer) by extension 'ros'
[1.651s] DEBUG:colcon.colcon_core.package_identification:Package 'src/examples/rclcpp/timers/minimal_timer' with type 'ros.ament_cmake' and name 'examples_rclcpp_minimal_timer'
[1.651s] Level 1:colcon.colcon_core.package_identification:_identify(src/examples/rclcpp/topics) by extensions ['ignore', 'ignore_ament_install']
[1.651s] Level 1:colcon.colcon_core.package_identification:_identify(src/examples/rclcpp/topics) by extension 'ignore'
[1.651s] Level 1:colcon.colcon_core.package_identification:_identify(src/examples/rclcpp/topics) by extension 'ignore_ament_install'
[1.651s] Level 1:colcon.colcon_core.package_identification:_identify(src/examples/rclcpp/topics) by extensions ['colcon_pkg']
[1.651s] Level 1:colcon.colcon_core.package_identification:_identify(src/examples/rclcpp/topics) by extension 'colcon_pkg'
[1.651s] Level 1:colcon.colcon_core.package_identification:_identify(src/examples/rclcpp/topics) by extensions ['colcon_meta']
[1.651s] Level 1:colcon.colcon_core.package_identification:_identify(src/examples/rclcpp/topics) by extension 'colcon_meta'
[1.651s] Level 1:colcon.colcon_core.package_identification:_identify(src/examples/rclcpp/topics) by extensions ['ros']
[1.651s] Level 1:colcon.colcon_core.package_identification:_identify(src/examples/rclcpp/topics) by extension 'ros'
[1.652s] Level 1:colcon.colcon_core.package_identification:_identify(src/examples/rclcpp/topics) by extensions ['cmake', 'python']
[1.652s] Level 1:colcon.colcon_core.package_identification:_identify(src/examples/rclcpp/topics) by extension 'cmake'
[1.652s] Level 1:colcon.colcon_core.package_identification:_identify(src/examples/rclcpp/topics) by extension 'python'
[1.652s] Level 1:colcon.colcon_core.package_identification:_identify(src/examples/rclcpp/topics) by extensions ['python_setup_py']
[1.652s] Level 1:colcon.colcon_core.package_identification:_identify(src/examples/rclcpp/topics) by extension 'python_setup_py'
[1.652s] Level 1:colcon.colcon_core.package_identification:_identify(src/examples/rclcpp/topics/minimal_publisher) by extensions ['ignore', 'ignore_ament_install']
[1.652s] Level 1:colcon.colcon_core.package_identification:_identify(src/examples/rclcpp/topics/minimal_publisher) by extension 'ignore'
[1.652s] Level 1:colcon.colcon_core.package_identification:_identify(src/examples/rclcpp/topics/minimal_publisher) by extension 'ignore_ament_install'
[1.652s] Level 1:colcon.colcon_core.package_identification:_identify(src/examples/rclcpp/topics/minimal_publisher) by extensions ['colcon_pkg']
[1.652s] Level 1:colcon.colcon_core.package_identification:_identify(src/examples/rclcpp/topics/minimal_publisher) by extension 'colcon_pkg'
[1.652s] Level 1:colcon.colcon_core.package_identification:_identify(src/examples/rclcpp/topics/minimal_publisher) by extensions ['colcon_meta']
[1.652s] Level 1:colcon.colcon_core.package_identification:_identify(src/examples/rclcpp/topics/minimal_publisher) by extension 'colcon_meta'
[1.652s] Level 1:colcon.colcon_core.package_identification:_identify(src/examples/rclcpp/topics/minimal_publisher) by extensions ['ros']
[1.652s] Level 1:colcon.colcon_core.package_identification:_identify(src/examples/rclcpp/topics/minimal_publisher) by extension 'ros'
[1.654s] DEBUG:colcon.colcon_core.package_identification:Package 'src/examples/rclcpp/topics/minimal_publisher' with type 'ros.ament_cmake' and name 'examples_rclcpp_minimal_publisher'
[1.654s] Level 1:colcon.colcon_core.package_identification:_identify(src/examples/rclcpp/topics/minimal_subscriber) by extensions ['ignore', 'ignore_ament_install']
[1.654s] Level 1:colcon.colcon_core.package_identification:_identify(src/examples/rclcpp/topics/minimal_subscriber) by extension 'ignore'
[1.654s] Level 1:colcon.colcon_core.package_identification:_identify(src/examples/rclcpp/topics/minimal_subscriber) by extension 'ignore_ament_install'
[1.654s] Level 1:colcon.colcon_core.package_identification:_identify(src/examples/rclcpp/topics/minimal_subscriber) by extensions ['colcon_pkg']
[1.655s] Level 1:colcon.colcon_core.package_identification:_identify(src/examples/rclcpp/topics/minimal_subscriber) by extension 'colcon_pkg'
[1.655s] Level 1:colcon.colcon_core.package_identification:_identify(src/examples/rclcpp/topics/minimal_subscriber) by extensions ['colcon_meta']
[1.655s] Level 1:colcon.colcon_core.package_identification:_identify(src/examples/rclcpp/topics/minimal_subscriber) by extension 'colcon_meta'
[1.655s] Level 1:colcon.colcon_core.package_identification:_identify(src/examples/rclcpp/topics/minimal_subscriber) by extensions ['ros']
[1.655s] Level 1:colcon.colcon_core.package_identification:_identify(src/examples/rclcpp/topics/minimal_subscriber) by extension 'ros'
[1.657s] DEBUG:colcon.colcon_core.package_identification:Package 'src/examples/rclcpp/topics/minimal_subscriber' with type 'ros.ament_cmake' and name 'examples_rclcpp_minimal_subscriber'
[1.657s] Level 1:colcon.colcon_core.package_identification:_identify(src/examples/rclcpp/wait_set) by extensions ['ignore', 'ignore_ament_install']
[1.657s] Level 1:colcon.colcon_core.package_identification:_identify(src/examples/rclcpp/wait_set) by extension 'ignore'
[1.657s] Level 1:colcon.colcon_core.package_identification:_identify(src/examples/rclcpp/wait_set) by extension 'ignore_ament_install'
[1.657s] Level 1:colcon.colcon_core.package_identification:_identify(src/examples/rclcpp/wait_set) by extensions ['colcon_pkg']
[1.657s] Level 1:colcon.colcon_core.package_identification:_identify(src/examples/rclcpp/wait_set) by extension 'colcon_pkg'
[1.657s] Level 1:colcon.colcon_core.package_identification:_identify(src/examples/rclcpp/wait_set) by extensions ['colcon_meta']
[1.657s] Level 1:colcon.colcon_core.package_identification:_identify(src/examples/rclcpp/wait_set) by extension 'colcon_meta'
[1.657s] Level 1:colcon.colcon_core.package_identification:_identify(src/examples/rclcpp/wait_set) by extensions ['ros']
[1.657s] Level 1:colcon.colcon_core.package_identification:_identify(src/examples/rclcpp/wait_set) by extension 'ros'
[1.660s] DEBUG:colcon.colcon_core.package_identification:Package 'src/examples/rclcpp/wait_set' with type 'ros.ament_cmake' and name 'examples_rclcpp_wait_set'
[1.660s] Level 1:colcon.colcon_core.package_identification:_identify(src/examples/rclpy) by extensions ['ignore', 'ignore_ament_install']
[1.660s] Level 1:colcon.colcon_core.package_identification:_identify(src/examples/rclpy) by extension 'ignore'
[1.660s] Level 1:colcon.colcon_core.package_identification:_identify(src/examples/rclpy) by extension 'ignore_ament_install'
[1.660s] Level 1:colcon.colcon_core.package_identification:_identify(src/examples/rclpy) by extensions ['colcon_pkg']
[1.660s] Level 1:colcon.colcon_core.package_identification:_identify(src/examples/rclpy) by extension 'colcon_pkg'
[1.660s] Level 1:colcon.colcon_core.package_identification:_identify(src/examples/rclpy) by extensions ['colcon_meta']
[1.660s] Level 1:colcon.colcon_core.package_identification:_identify(src/examples/rclpy) by extension 'colcon_meta'
[1.660s] Level 1:colcon.colcon_core.package_identification:_identify(src/examples/rclpy) by extensions ['ros']
[1.660s] Level 1:colcon.colcon_core.package_identification:_identify(src/examples/rclpy) by extension 'ros'
[1.660s] Level 1:colcon.colcon_core.package_identification:_identify(src/examples/rclpy) by extensions ['cmake', 'python']
[1.660s] Level 1:colcon.colcon_core.package_identification:_identify(src/examples/rclpy) by extension 'cmake'
[1.660s] Level 1:colcon.colcon_core.package_identification:_identify(src/examples/rclpy) by extension 'python'
[1.660s] Level 1:colcon.colcon_core.package_identification:_identify(src/examples/rclpy) by extensions ['python_setup_py']
[1.660s] Level 1:colcon.colcon_core.package_identification:_identify(src/examples/rclpy) by extension 'python_setup_py'
[1.661s] Level 1:colcon.colcon_core.package_identification:_identify(src/examples/rclpy/actions) by extensions ['ignore', 'ignore_ament_install']
[1.661s] Level 1:colcon.colcon_core.package_identification:_identify(src/examples/rclpy/actions) by extension 'ignore'
[1.661s] Level 1:colcon.colcon_core.package_identification:_identify(src/examples/rclpy/actions) by extension 'ignore_ament_install'
[1.661s] Level 1:colcon.colcon_core.package_identification:_identify(src/examples/rclpy/actions) by extensions ['colcon_pkg']
[1.661s] Level 1:colcon.colcon_core.package_identification:_identify(src/examples/rclpy/actions) by extension 'colcon_pkg'
[1.661s] Level 1:colcon.colcon_core.package_identification:_identify(src/examples/rclpy/actions) by extensions ['colcon_meta']
[1.661s] Level 1:colcon.colcon_core.package_identification:_identify(src/examples/rclpy/actions) by extension 'colcon_meta'
[1.661s] Level 1:colcon.colcon_core.package_identification:_identify(src/examples/rclpy/actions) by extensions ['ros']
[1.661s] Level 1:colcon.colcon_core.package_identification:_identify(src/examples/rclpy/actions) by extension 'ros'
[1.661s] Level 1:colcon.colcon_core.package_identification:_identify(src/examples/rclpy/actions) by extensions ['cmake', 'python']
[1.661s] Level 1:colcon.colcon_core.package_identification:_identify(src/examples/rclpy/actions) by extension 'cmake'
[1.661s] Level 1:colcon.colcon_core.package_identification:_identify(src/examples/rclpy/actions) by extension 'python'
[1.661s] Level 1:colcon.colcon_core.package_identification:_identify(src/examples/rclpy/actions) by extensions ['python_setup_py']
[1.661s] Level 1:colcon.colcon_core.package_identification:_identify(src/examples/rclpy/actions) by extension 'python_setup_py'
[1.662s] Level 1:colcon.colcon_core.package_identification:_identify(src/examples/rclpy/actions/minimal_action_client) by extensions ['ignore', 'ignore_ament_install']
[1.662s] Level 1:colcon.colcon_core.package_identification:_identify(src/examples/rclpy/actions/minimal_action_client) by extension 'ignore'
[1.662s] Level 1:colcon.colcon_core.package_identification:_identify(src/examples/rclpy/actions/minimal_action_client) by extension 'ignore_ament_install'
[1.662s] Level 1:colcon.colcon_core.package_identification:_identify(src/examples/rclpy/actions/minimal_action_client) by extensions ['colcon_pkg']
[1.662s] Level 1:colcon.colcon_core.package_identification:_identify(src/examples/rclpy/actions/minimal_action_client) by extension 'colcon_pkg'
[1.662s] Level 1:colcon.colcon_core.package_identification:_identify(src/examples/rclpy/actions/minimal_action_client) by extensions ['colcon_meta']
[1.662s] Level 1:colcon.colcon_core.package_identification:_identify(src/examples/rclpy/actions/minimal_action_client) by extension 'colcon_meta'
[1.662s] Level 1:colcon.colcon_core.package_identification:_identify(src/examples/rclpy/actions/minimal_action_client) by extensions ['ros']
[1.662s] Level 1:colcon.colcon_core.package_identification:_identify(src/examples/rclpy/actions/minimal_action_client) by extension 'ros'
[1.663s] DEBUG:colcon.colcon_core.package_identification:Package 'src/examples/rclpy/actions/minimal_action_client' with type 'ros.ament_python' and name 'examples_rclpy_minimal_action_client'
[1.664s] Level 1:colcon.colcon_core.package_identification:_identify(src/examples/rclpy/actions/minimal_action_server) by extensions ['ignore', 'ignore_ament_install']
[1.664s] Level 1:colcon.colcon_core.package_identification:_identify(src/examples/rclpy/actions/minimal_action_server) by extension 'ignore'
[1.664s] Level 1:colcon.colcon_core.package_identification:_identify(src/examples/rclpy/actions/minimal_action_server) by extension 'ignore_ament_install'
[1.664s] Level 1:colcon.colcon_core.package_identification:_identify(src/examples/rclpy/actions/minimal_action_server) by extensions ['colcon_pkg']
[1.664s] Level 1:colcon.colcon_core.package_identification:_identify(src/examples/rclpy/actions/minimal_action_server) by extension 'colcon_pkg'
[1.664s] Level 1:colcon.colcon_core.package_identification:_identify(src/examples/rclpy/actions/minimal_action_server) by extensions ['colcon_meta']
[1.664s] Level 1:colcon.colcon_core.package_identification:_identify(src/examples/rclpy/actions/minimal_action_server) by extension 'colcon_meta'
[1.664s] Level 1:colcon.colcon_core.package_identification:_identify(src/examples/rclpy/actions/minimal_action_server) by extensions ['ros']
[1.664s] Level 1:colcon.colcon_core.package_identification:_identify(src/examples/rclpy/actions/minimal_action_server) by extension 'ros'
[1.665s] DEBUG:colcon.colcon_core.package_identification:Package 'src/examples/rclpy/actions/minimal_action_server' with type 'ros.ament_python' and name 'examples_rclpy_minimal_action_server'
[1.665s] Level 1:colcon.colcon_core.package_identification:_identify(src/examples/rclpy/executors) by extensions ['ignore', 'ignore_ament_install']
[1.665s] Level 1:colcon.colcon_core.package_identification:_identify(src/examples/rclpy/executors) by extension 'ignore'
[1.665s] Level 1:colcon.colcon_core.package_identification:_identify(src/examples/rclpy/executors) by extension 'ignore_ament_install'
[1.666s] Level 1:colcon.colcon_core.package_identification:_identify(src/examples/rclpy/executors) by extensions ['colcon_pkg']
[1.666s] Level 1:colcon.colcon_core.package_identification:_identify(src/examples/rclpy/executors) by extension 'colcon_pkg'
[1.666s] Level 1:colcon.colcon_core.package_identification:_identify(src/examples/rclpy/executors) by extensions ['colcon_meta']
[1.666s] Level 1:colcon.colcon_core.package_identification:_identify(src/examples/rclpy/executors) by extension 'colcon_meta'
[1.666s] Level 1:colcon.colcon_core.package_identification:_identify(src/examples/rclpy/executors) by extensions ['ros']
[1.666s] Level 1:colcon.colcon_core.package_identification:_identify(src/examples/rclpy/executors) by extension 'ros'
[1.667s] DEBUG:colcon.colcon_core.package_identification:Package 'src/examples/rclpy/executors' with type 'ros.ament_python' and name 'examples_rclpy_executors'
[1.667s] Level 1:colcon.colcon_core.package_identification:_identify(src/examples/rclpy/guard_conditions) by extensions ['ignore', 'ignore_ament_install']
[1.667s] Level 1:colcon.colcon_core.package_identification:_identify(src/examples/rclpy/guard_conditions) by extension 'ignore'
[1.667s] Level 1:colcon.colcon_core.package_identification:_identify(src/examples/rclpy/guard_conditions) by extension 'ignore_ament_install'
[1.667s] Level 1:colcon.colcon_core.package_identification:_identify(src/examples/rclpy/guard_conditions) by extensions ['colcon_pkg']
[1.667s] Level 1:colcon.colcon_core.package_identification:_identify(src/examples/rclpy/guard_conditions) by extension 'colcon_pkg'
[1.667s] Level 1:colcon.colcon_core.package_identification:_identify(src/examples/rclpy/guard_conditions) by extensions ['colcon_meta']
[1.667s] Level 1:colcon.colcon_core.package_identification:_identify(src/examples/rclpy/guard_conditions) by extension 'colcon_meta'
[1.668s] Level 1:colcon.colcon_core.package_identification:_identify(src/examples/rclpy/guard_conditions) by extensions ['ros']
[1.668s] Level 1:colcon.colcon_core.package_identification:_identify(src/examples/rclpy/guard_conditions) by extension 'ros'
[1.670s] DEBUG:colcon.colcon_core.package_identification:Package 'src/examples/rclpy/guard_conditions' with type 'ros.ament_python' and name 'examples_rclpy_guard_conditions'
[1.670s] Level 1:colcon.colcon_core.package_identification:_identify(src/examples/rclpy/services) by extensions ['ignore', 'ignore_ament_install']
[1.670s] Level 1:colcon.colcon_core.package_identification:_identify(src/examples/rclpy/services) by extension 'ignore'
[1.670s] Level 1:colcon.colcon_core.package_identification:_identify(src/examples/rclpy/services) by extension 'ignore_ament_install'
[1.670s] Level 1:colcon.colcon_core.package_identification:_identify(src/examples/rclpy/services) by extensions ['colcon_pkg']
[1.670s] Level 1:colcon.colcon_core.package_identification:_identify(src/examples/rclpy/services) by extension 'colcon_pkg'
[1.670s] Level 1:colcon.colcon_core.package_identification:_identify(src/examples/rclpy/services) by extensions ['colcon_meta']
[1.670s] Level 1:colcon.colcon_core.package_identification:_identify(src/examples/rclpy/services) by extension 'colcon_meta'
[1.670s] Level 1:colcon.colcon_core.package_identification:_identify(src/examples/rclpy/services) by extensions ['ros']
[1.671s] Level 1:colcon.colcon_core.package_identification:_identify(src/examples/rclpy/services) by extension 'ros'
[1.671s] Level 1:colcon.colcon_core.package_identification:_identify(src/examples/rclpy/services) by extensions ['cmake', 'python']
[1.671s] Level 1:colcon.colcon_core.package_identification:_identify(src/examples/rclpy/services) by extension 'cmake'
[1.671s] Level 1:colcon.colcon_core.package_identification:_identify(src/examples/rclpy/services) by extension 'python'
[1.671s] Level 1:colcon.colcon_core.package_identification:_identify(src/examples/rclpy/services) by extensions ['python_setup_py']
[1.671s] Level 1:colcon.colcon_core.package_identification:_identify(src/examples/rclpy/services) by extension 'python_setup_py'
[1.671s] Level 1:colcon.colcon_core.package_identification:_identify(src/examples/rclpy/services/minimal_client) by extensions ['ignore', 'ignore_ament_install']
[1.671s] Level 1:colcon.colcon_core.package_identification:_identify(src/examples/rclpy/services/minimal_client) by extension 'ignore'
[1.671s] Level 1:colcon.colcon_core.package_identification:_identify(src/examples/rclpy/services/minimal_client) by extension 'ignore_ament_install'
[1.671s] Level 1:colcon.colcon_core.package_identification:_identify(src/examples/rclpy/services/minimal_client) by extensions ['colcon_pkg']
[1.671s] Level 1:colcon.colcon_core.package_identification:_identify(src/examples/rclpy/services/minimal_client) by extension 'colcon_pkg'
[1.671s] Level 1:colcon.colcon_core.package_identification:_identify(src/examples/rclpy/services/minimal_client) by extensions ['colcon_meta']
[1.671s] Level 1:colcon.colcon_core.package_identification:_identify(src/examples/rclpy/services/minimal_client) by extension 'colcon_meta'
[1.671s] Level 1:colcon.colcon_core.package_identification:_identify(src/examples/rclpy/services/minimal_client) by extensions ['ros']
[1.671s] Level 1:colcon.colcon_core.package_identification:_identify(src/examples/rclpy/services/minimal_client) by extension 'ros'
[1.673s] DEBUG:colcon.colcon_core.package_identification:Package 'src/examples/rclpy/services/minimal_client' with type 'ros.ament_python' and name 'examples_rclpy_minimal_client'
[1.673s] Level 1:colcon.colcon_core.package_identification:_identify(src/examples/rclpy/services/minimal_service) by extensions ['ignore', 'ignore_ament_install']
[1.673s] Level 1:colcon.colcon_core.package_identification:_identify(src/examples/rclpy/services/minimal_service) by extension 'ignore'
[1.673s] Level 1:colcon.colcon_core.package_identification:_identify(src/examples/rclpy/services/minimal_service) by extension 'ignore_ament_install'
[1.673s] Level 1:colcon.colcon_core.package_identification:_identify(src/examples/rclpy/services/minimal_service) by extensions ['colcon_pkg']
[1.673s] Level 1:colcon.colcon_core.package_identification:_identify(src/examples/rclpy/services/minimal_service) by extension 'colcon_pkg'
[1.673s] Level 1:colcon.colcon_core.package_identification:_identify(src/examples/rclpy/services/minimal_service) by extensions ['colcon_meta']
[1.674s] Level 1:colcon.colcon_core.package_identification:_identify(src/examples/rclpy/services/minimal_service) by extension 'colcon_meta'
[1.674s] Level 1:colcon.colcon_core.package_identification:_identify(src/examples/rclpy/services/minimal_service) by extensions ['ros']
[1.674s] Level 1:colcon.colcon_core.package_identification:_identify(src/examples/rclpy/services/minimal_service) by extension 'ros'
[1.675s] DEBUG:colcon.colcon_core.package_identification:Package 'src/examples/rclpy/services/minimal_service' with type 'ros.ament_python' and name 'examples_rclpy_minimal_service'
[1.675s] Level 1:colcon.colcon_core.package_identification:_identify(src/examples/rclpy/topics) by extensions ['ignore', 'ignore_ament_install']
[1.675s] Level 1:colcon.colcon_core.package_identification:_identify(src/examples/rclpy/topics) by extension 'ignore'
[1.675s] Level 1:colcon.colcon_core.package_identification:_identify(src/examples/rclpy/topics) by extension 'ignore_ament_install'
[1.675s] Level 1:colcon.colcon_core.package_identification:_identify(src/examples/rclpy/topics) by extensions ['colcon_pkg']
[1.675s] Level 1:colcon.colcon_core.package_identification:_identify(src/examples/rclpy/topics) by extension 'colcon_pkg'
[1.676s] Level 1:colcon.colcon_core.package_identification:_identify(src/examples/rclpy/topics) by extensions ['colcon_meta']
[1.676s] Level 1:colcon.colcon_core.package_identification:_identify(src/examples/rclpy/topics) by extension 'colcon_meta'
[1.676s] Level 1:colcon.colcon_core.package_identification:_identify(src/examples/rclpy/topics) by extensions ['ros']
[1.676s] Level 1:colcon.colcon_core.package_identification:_identify(src/examples/rclpy/topics) by extension 'ros'
[1.676s] Level 1:colcon.colcon_core.package_identification:_identify(src/examples/rclpy/topics) by extensions ['cmake', 'python']
[1.676s] Level 1:colcon.colcon_core.package_identification:_identify(src/examples/rclpy/topics) by extension 'cmake'
[1.676s] Level 1:colcon.colcon_core.package_identification:_identify(src/examples/rclpy/topics) by extension 'python'
[1.676s] Level 1:colcon.colcon_core.package_identification:_identify(src/examples/rclpy/topics) by extensions ['python_setup_py']
[1.676s] Level 1:colcon.colcon_core.package_identification:_identify(src/examples/rclpy/topics) by extension 'python_setup_py'
[1.676s] Level 1:colcon.colcon_core.package_identification:_identify(src/examples/rclpy/topics/minimal_publisher) by extensions ['ignore', 'ignore_ament_install']
[1.676s] Level 1:colcon.colcon_core.package_identification:_identify(src/examples/rclpy/topics/minimal_publisher) by extension 'ignore'
[1.676s] Level 1:colcon.colcon_core.package_identification:_identify(src/examples/rclpy/topics/minimal_publisher) by extension 'ignore_ament_install'
[1.676s] Level 1:colcon.colcon_core.package_identification:_identify(src/examples/rclpy/topics/minimal_publisher) by extensions ['colcon_pkg']
[1.676s] Level 1:colcon.colcon_core.package_identification:_identify(src/examples/rclpy/topics/minimal_publisher) by extension 'colcon_pkg'
[1.676s] Level 1:colcon.colcon_core.package_identification:_identify(src/examples/rclpy/topics/minimal_publisher) by extensions ['colcon_meta']
[1.676s] Level 1:colcon.colcon_core.package_identification:_identify(src/examples/rclpy/topics/minimal_publisher) by extension 'colcon_meta'
[1.677s] Level 1:colcon.colcon_core.package_identification:_identify(src/examples/rclpy/topics/minimal_publisher) by extensions ['ros']
[1.677s] Level 1:colcon.colcon_core.package_identification:_identify(src/examples/rclpy/topics/minimal_publisher) by extension 'ros'
[1.679s] DEBUG:colcon.colcon_core.package_identification:Package 'src/examples/rclpy/topics/minimal_publisher' with type 'ros.ament_python' and name 'examples_rclpy_minimal_publisher'
[1.680s] Level 1:colcon.colcon_core.package_identification:_identify(src/examples/rclpy/topics/minimal_subscriber) by extensions ['ignore', 'ignore_ament_install']
[1.680s] Level 1:colcon.colcon_core.package_identification:_identify(src/examples/rclpy/topics/minimal_subscriber) by extension 'ignore'
[1.680s] Level 1:colcon.colcon_core.package_identification:_identify(src/examples/rclpy/topics/minimal_subscriber) by extension 'ignore_ament_install'
[1.680s] Level 1:colcon.colcon_core.package_identification:_identify(src/examples/rclpy/topics/minimal_subscriber) by extensions ['colcon_pkg']
[1.680s] Level 1:colcon.colcon_core.package_identification:_identify(src/examples/rclpy/topics/minimal_subscriber) by extension 'colcon_pkg'
[1.680s] Level 1:colcon.colcon_core.package_identification:_identify(src/examples/rclpy/topics/minimal_subscriber) by extensions ['colcon_meta']
[1.680s] Level 1:colcon.colcon_core.package_identification:_identify(src/examples/rclpy/topics/minimal_subscriber) by extension 'colcon_meta'
[1.680s] Level 1:colcon.colcon_core.package_identification:_identify(src/examples/rclpy/topics/minimal_subscriber) by extensions ['ros']
[1.680s] Level 1:colcon.colcon_core.package_identification:_identify(src/examples/rclpy/topics/minimal_subscriber) by extension 'ros'
[1.682s] DEBUG:colcon.colcon_core.package_identification:Package 'src/examples/rclpy/topics/minimal_subscriber' with type 'ros.ament_python' and name 'examples_rclpy_minimal_subscriber'
[1.682s] Level 1:colcon.colcon_core.package_identification:_identify(src/examples/rclpy/topics/pointcloud_publisher) by extensions ['ignore', 'ignore_ament_install']
[1.682s] Level 1:colcon.colcon_core.package_identification:_identify(src/examples/rclpy/topics/pointcloud_publisher) by extension 'ignore'
[1.682s] Level 1:colcon.colcon_core.package_identification:_identify(src/examples/rclpy/topics/pointcloud_publisher) by extension 'ignore_ament_install'
[1.682s] Level 1:colcon.colcon_core.package_identification:_identify(src/examples/rclpy/topics/pointcloud_publisher) by extensions ['colcon_pkg']
[1.682s] Level 1:colcon.colcon_core.package_identification:_identify(src/examples/rclpy/topics/pointcloud_publisher) by extension 'colcon_pkg'
[1.682s] Level 1:colcon.colcon_core.package_identification:_identify(src/examples/rclpy/topics/pointcloud_publisher) by extensions ['colcon_meta']
[1.682s] Level 1:colcon.colcon_core.package_identification:_identify(src/examples/rclpy/topics/pointcloud_publisher) by extension 'colcon_meta'
[1.682s] Level 1:colcon.colcon_core.package_identification:_identify(src/examples/rclpy/topics/pointcloud_publisher) by extensions ['ros']
[1.682s] Level 1:colcon.colcon_core.package_identification:_identify(src/examples/rclpy/topics/pointcloud_publisher) by extension 'ros'
[1.684s] DEBUG:colcon.colcon_core.package_identification:Package 'src/examples/rclpy/topics/pointcloud_publisher' with type 'ros.ament_python' and name 'examples_rclpy_pointcloud_publisher'
[1.684s] Level 1:colcon.colcon_core.package_identification:_identify(src/tutorial_interfaces) by extensions ['ignore', 'ignore_ament_install']
[1.684s] Level 1:colcon.colcon_core.package_identification:_identify(src/tutorial_interfaces) by extension 'ignore'
[1.684s] Level 1:colcon.colcon_core.package_identification:_identify(src/tutorial_interfaces) by extension 'ignore_ament_install'
[1.684s] Level 1:colcon.colcon_core.package_identification:_identify(src/tutorial_interfaces) by extensions ['colcon_pkg']
[1.684s] Level 1:colcon.colcon_core.package_identification:_identify(src/tutorial_interfaces) by extension 'colcon_pkg'
[1.684s] Level 1:colcon.colcon_core.package_identification:_identify(src/tutorial_interfaces) by extensions ['colcon_meta']
[1.684s] Level 1:colcon.colcon_core.package_identification:_identify(src/tutorial_interfaces) by extension 'colcon_meta'
[1.684s] Level 1:colcon.colcon_core.package_identification:_identify(src/tutorial_interfaces) by extensions ['ros']
[1.684s] Level 1:colcon.colcon_core.package_identification:_identify(src/tutorial_interfaces) by extension 'ros'
[1.686s] DEBUG:colcon.colcon_core.package_identification:Package 'src/tutorial_interfaces' with type 'ros.ament_cmake' and name 'tutorial_interfaces'
[1.686s] Level 1:colcon.colcon_core.package_identification:_identify(venv) by extensions ['ignore', 'ignore_ament_install']
[1.686s] Level 1:colcon.colcon_core.package_identification:_identify(venv) by extension 'ignore'
[1.686s] Level 1:colcon.colcon_core.package_identification:_identify(venv) by extension 'ignore_ament_install'
[1.686s] Level 1:colcon.colcon_core.package_identification:_identify(venv) by extensions ['colcon_pkg']
[1.686s] Level 1:colcon.colcon_core.package_identification:_identify(venv) by extension 'colcon_pkg'
[1.686s] Level 1:colcon.colcon_core.package_identification:_identify(venv) by extensions ['colcon_meta']
[1.686s] Level 1:colcon.colcon_core.package_identification:_identify(venv) by extension 'colcon_meta'
[1.686s] Level 1:colcon.colcon_core.package_identification:_identify(venv) by extensions ['ros']
[1.686s] Level 1:colcon.colcon_core.package_identification:_identify(venv) by extension 'ros'
[1.687s] Level 1:colcon.colcon_core.package_identification:_identify(venv) by extensions ['cmake', 'python']
[1.687s] Level 1:colcon.colcon_core.package_identification:_identify(venv) by extension 'cmake'
[1.687s] Level 1:colcon.colcon_core.package_identification:_identify(venv) by extension 'python'
[1.687s] Level 1:colcon.colcon_core.package_identification:_identify(venv) by extensions ['python_setup_py']
[1.687s] Level 1:colcon.colcon_core.package_identification:_identify(venv) by extension 'python_setup_py'
[1.687s] Level 1:colcon.colcon_core.package_identification:_identify(venv/bin) by extensions ['ignore', 'ignore_ament_install']
[1.687s] Level 1:colcon.colcon_core.package_identification:_identify(venv/bin) by extension 'ignore'
[1.687s] Level 1:colcon.colcon_core.package_identification:_identify(venv/bin) by extension 'ignore_ament_install'
[1.687s] Level 1:colcon.colcon_core.package_identification:_identify(venv/bin) by extensions ['colcon_pkg']
[1.687s] Level 1:colcon.colcon_core.package_identification:_identify(venv/bin) by extension 'colcon_pkg'
[1.687s] Level 1:colcon.colcon_core.package_identification:_identify(venv/bin) by extensions ['colcon_meta']
[1.687s] Level 1:colcon.colcon_core.package_identification:_identify(venv/bin) by extension 'colcon_meta'
[1.687s] Level 1:colcon.colcon_core.package_identification:_identify(venv/bin) by extensions ['ros']
[1.687s] Level 1:colcon.colcon_core.package_identification:_identify(venv/bin) by extension 'ros'
[1.687s] Level 1:colcon.colcon_core.package_identification:_identify(venv/bin) by extensions ['cmake', 'python']
[1.687s] Level 1:colcon.colcon_core.package_identification:_identify(venv/bin) by extension 'cmake'
[1.688s] Level 1:colcon.colcon_core.package_identification:_identify(venv/bin) by extension 'python'
[1.688s] Level 1:colcon.colcon_core.package_identification:_identify(venv/bin) by extensions ['python_setup_py']
[1.688s] Level 1:colcon.colcon_core.package_identification:_identify(venv/bin) by extension 'python_setup_py'
[1.688s] Level 1:colcon.colcon_core.package_identification:_identify(venv/include) by extensions ['ignore', 'ignore_ament_install']
[1.688s] Level 1:colcon.colcon_core.package_identification:_identify(venv/include) by extension 'ignore'
[1.688s] Level 1:colcon.colcon_core.package_identification:_identify(venv/include) by extension 'ignore_ament_install'
[1.688s] Level 1:colcon.colcon_core.package_identification:_identify(venv/include) by extensions ['colcon_pkg']
[1.688s] Level 1:colcon.colcon_core.package_identification:_identify(venv/include) by extension 'colcon_pkg'
[1.688s] Level 1:colcon.colcon_core.package_identification:_identify(venv/include) by extensions ['colcon_meta']
[1.688s] Level 1:colcon.colcon_core.package_identification:_identify(venv/include) by extension 'colcon_meta'
[1.688s] Level 1:colcon.colcon_core.package_identification:_identify(venv/include) by extensions ['ros']
[1.688s] Level 1:colcon.colcon_core.package_identification:_identify(venv/include) by extension 'ros'
[1.688s] Level 1:colcon.colcon_core.package_identification:_identify(venv/include) by extensions ['cmake', 'python']
[1.688s] Level 1:colcon.colcon_core.package_identification:_identify(venv/include) by extension 'cmake'
[1.688s] Level 1:colcon.colcon_core.package_identification:_identify(venv/include) by extension 'python'
[1.688s] Level 1:colcon.colcon_core.package_identification:_identify(venv/include) by extensions ['python_setup_py']
[1.688s] Level 1:colcon.colcon_core.package_identification:_identify(venv/include) by extension 'python_setup_py'
[1.689s] Level 1:colcon.colcon_core.package_identification:_identify(venv/include/python3.12) by extensions ['ignore', 'ignore_ament_install']
[1.689s] Level 1:colcon.colcon_core.package_identification:_identify(venv/include/python3.12) by extension 'ignore'
[1.689s] Level 1:colcon.colcon_core.package_identification:_identify(venv/include/python3.12) by extension 'ignore_ament_install'
[1.689s] Level 1:colcon.colcon_core.package_identification:_identify(venv/include/python3.12) by extensions ['colcon_pkg']
[1.689s] Level 1:colcon.colcon_core.package_identification:_identify(venv/include/python3.12) by extension 'colcon_pkg'
[1.689s] Level 1:colcon.colcon_core.package_identification:_identify(venv/include/python3.12) by extensions ['colcon_meta']
[1.689s] Level 1:colcon.colcon_core.package_identification:_identify(venv/include/python3.12) by extension 'colcon_meta'
[1.689s] Level 1:colcon.colcon_core.package_identification:_identify(venv/include/python3.12) by extensions ['ros']
[1.689s] Level 1:colcon.colcon_core.package_identification:_identify(venv/include/python3.12) by extension 'ros'
[1.689s] Level 1:colcon.colcon_core.package_identification:_identify(venv/include/python3.12) by extensions ['cmake', 'python']
[1.689s] Level 1:colcon.colcon_core.package_identification:_identify(venv/include/python3.12) by extension 'cmake'
[1.689s] Level 1:colcon.colcon_core.package_identification:_identify(venv/include/python3.12) by extension 'python'
[1.689s] Level 1:colcon.colcon_core.package_identification:_identify(venv/include/python3.12) by extensions ['python_setup_py']
[1.689s] Level 1:colcon.colcon_core.package_identification:_identify(venv/include/python3.12) by extension 'python_setup_py'
[1.689s] Level 1:colcon.colcon_core.package_identification:_identify(venv/lib) by extensions ['ignore', 'ignore_ament_install']
[1.690s] Level 1:colcon.colcon_core.package_identification:_identify(venv/lib) by extension 'ignore'
[1.690s] Level 1:colcon.colcon_core.package_identification:_identify(venv/lib) by extension 'ignore_ament_install'
[1.690s] Level 1:colcon.colcon_core.package_identification:_identify(venv/lib) by extensions ['colcon_pkg']
[1.690s] Level 1:colcon.colcon_core.package_identification:_identify(venv/lib) by extension 'colcon_pkg'
[1.690s] Level 1:colcon.colcon_core.package_identification:_identify(venv/lib) by extensions ['colcon_meta']
[1.690s] Level 1:colcon.colcon_core.package_identification:_identify(venv/lib) by extension 'colcon_meta'
[1.690s] Level 1:colcon.colcon_core.package_identification:_identify(venv/lib) by extensions ['ros']
[1.690s] Level 1:colcon.colcon_core.package_identification:_identify(venv/lib) by extension 'ros'
[1.690s] Level 1:colcon.colcon_core.package_identification:_identify(venv/lib) by extensions ['cmake', 'python']
[1.690s] Level 1:colcon.colcon_core.package_identification:_identify(venv/lib) by extension 'cmake'
[1.690s] Level 1:colcon.colcon_core.package_identification:_identify(venv/lib) by extension 'python'
[1.690s] Level 1:colcon.colcon_core.package_identification:_identify(venv/lib) by extensions ['python_setup_py']
[1.690s] Level 1:colcon.colcon_core.package_identification:_identify(venv/lib) by extension 'python_setup_py'
[1.690s] Level 1:colcon.colcon_core.package_identification:_identify(venv/lib/python3.12) by extensions ['ignore', 'ignore_ament_install']
[1.690s] Level 1:colcon.colcon_core.package_identification:_identify(venv/lib/python3.12) by extension 'ignore'
[1.690s] Level 1:colcon.colcon_core.package_identification:_identify(venv/lib/python3.12) by extension 'ignore_ament_install'
[1.691s] Level 1:colcon.colcon_core.package_identification:_identify(venv/lib/python3.12) by extensions ['colcon_pkg']
[1.691s] Level 1:colcon.colcon_core.package_identification:_identify(venv/lib/python3.12) by extension 'colcon_pkg'
[1.691s] Level 1:colcon.colcon_core.package_identification:_identify(venv/lib/python3.12) by extensions ['colcon_meta']
[1.691s] Level 1:colcon.colcon_core.package_identification:_identify(venv/lib/python3.12) by extension 'colcon_meta'
[1.691s] Level 1:colcon.colcon_core.package_identification:_identify(venv/lib/python3.12) by extensions ['ros']
[1.691s] Level 1:colcon.colcon_core.package_identification:_identify(venv/lib/python3.12) by extension 'ros'
[1.691s] Level 1:colcon.colcon_core.package_identification:_identify(venv/lib/python3.12) by extensions ['cmake', 'python']
[1.691s] Level 1:colcon.colcon_core.package_identification:_identify(venv/lib/python3.12) by extension 'cmake'
[1.691s] Level 1:colcon.colcon_core.package_identification:_identify(venv/lib/python3.12) by extension 'python'
[1.691s] Level 1:colcon.colcon_core.package_identification:_identify(venv/lib/python3.12) by extensions ['python_setup_py']
[1.691s] Level 1:colcon.colcon_core.package_identification:_identify(venv/lib/python3.12) by extension 'python_setup_py'
[1.691s] Level 1:colcon.colcon_core.package_identification:_identify(venv/lib/python3.12/site-packages) by extensions ['ignore', 'ignore_ament_install']
[1.691s] Level 1:colcon.colcon_core.package_identification:_identify(venv/lib/python3.12/site-packages) by extension 'ignore'
[1.691s] Level 1:colcon.colcon_core.package_identification:_identify(venv/lib/python3.12/site-packages) by extension 'ignore_ament_install'
[1.691s] Level 1:colcon.colcon_core.package_identification:_identify(venv/lib/python3.12/site-packages) by extensions ['colcon_pkg']
[1.691s] Level 1:colcon.colcon_core.package_identification:_identify(venv/lib/python3.12/site-packages) by extension 'colcon_pkg'
[1.692s] Level 1:colcon.colcon_core.package_identification:_identify(venv/lib/python3.12/site-packages) by extensions ['colcon_meta']
[1.692s] Level 1:colcon.colcon_core.package_identification:_identify(venv/lib/python3.12/site-packages) by extension 'colcon_meta'
[1.692s] Level 1:colcon.colcon_core.package_identification:_identify(venv/lib/python3.12/site-packages) by extensions ['ros']
[1.692s] Level 1:colcon.colcon_core.package_identification:_identify(venv/lib/python3.12/site-packages) by extension 'ros'
[1.692s] Level 1:colcon.colcon_core.package_identification:_identify(venv/lib/python3.12/site-packages) by extensions ['cmake', 'python']
[1.692s] Level 1:colcon.colcon_core.package_identification:_identify(venv/lib/python3.12/site-packages) by extension 'cmake'
[1.692s] Level 1:colcon.colcon_core.package_identification:_identify(venv/lib/python3.12/site-packages) by extension 'python'
[1.692s] Level 1:colcon.colcon_core.package_identification:_identify(venv/lib/python3.12/site-packages) by extensions ['python_setup_py']
[1.692s] Level 1:colcon.colcon_core.package_identification:_identify(venv/lib/python3.12/site-packages) by extension 'python_setup_py'
[1.692s] Level 1:colcon.colcon_core.package_identification:_identify(venv/lib/python3.12/site-packages/_distutils_hack) by extensions ['ignore', 'ignore_ament_install']
[1.692s] Level 1:colcon.colcon_core.package_identification:_identify(venv/lib/python3.12/site-packages/_distutils_hack) by extension 'ignore'
[1.692s] Level 1:colcon.colcon_core.package_identification:_identify(venv/lib/python3.12/site-packages/_distutils_hack) by extension 'ignore_ament_install'
[1.692s] Level 1:colcon.colcon_core.package_identification:_identify(venv/lib/python3.12/site-packages/_distutils_hack) by extensions ['colcon_pkg']
[1.692s] Level 1:colcon.colcon_core.package_identification:_identify(venv/lib/python3.12/site-packages/_distutils_hack) by extension 'colcon_pkg'
[1.692s] Level 1:colcon.colcon_core.package_identification:_identify(venv/lib/python3.12/site-packages/_distutils_hack) by extensions ['colcon_meta']
[1.693s] Level 1:colcon.colcon_core.package_identification:_identify(venv/lib/python3.12/site-packages/_distutils_hack) by extension 'colcon_meta'
[1.693s] Level 1:colcon.colcon_core.package_identification:_identify(venv/lib/python3.12/site-packages/_distutils_hack) by extensions ['ros']
[1.693s] Level 1:colcon.colcon_core.package_identification:_identify(venv/lib/python3.12/site-packages/_distutils_hack) by extension 'ros'
[1.693s] Level 1:colcon.colcon_core.package_identification:_identify(venv/lib/python3.12/site-packages/_distutils_hack) by extensions ['cmake', 'python']
[1.693s] Level 1:colcon.colcon_core.package_identification:_identify(venv/lib/python3.12/site-packages/_distutils_hack) by extension 'cmake'
[1.693s] Level 1:colcon.colcon_core.package_identification:_identify(venv/lib/python3.12/site-packages/_distutils_hack) by extension 'python'
[1.693s] Level 1:colcon.colcon_core.package_identification:_identify(venv/lib/python3.12/site-packages/_distutils_hack) by extensions ['python_setup_py']
[1.693s] Level 1:colcon.colcon_core.package_identification:_identify(venv/lib/python3.12/site-packages/_distutils_hack) by extension 'python_setup_py'
[1.693s] Level 1:colcon.colcon_core.package_identification:_identify(venv/lib/python3.12/site-packages/_distutils_hack/__pycache__) by extensions ['ignore', 'ignore_ament_install']
[1.693s] Level 1:colcon.colcon_core.package_identification:_identify(venv/lib/python3.12/site-packages/_distutils_hack/__pycache__) by extension 'ignore'
[1.693s] Level 1:colcon.colcon_core.package_identification:_identify(venv/lib/python3.12/site-packages/_distutils_hack/__pycache__) by extension 'ignore_ament_install'
[1.693s] Level 1:colcon.colcon_core.package_identification:_identify(venv/lib/python3.12/site-packages/_distutils_hack/__pycache__) by extensions ['colcon_pkg']
[1.693s] Level 1:colcon.colcon_core.package_identification:_identify(venv/lib/python3.12/site-packages/_distutils_hack/__pycache__) by extension 'colcon_pkg'
[1.693s] Level 1:colcon.colcon_core.package_identification:_identify(venv/lib/python3.12/site-packages/_distutils_hack/__pycache__) by extensions ['colcon_meta']
[1.693s] Level 1:colcon.colcon_core.package_identification:_identify(venv/lib/python3.12/site-packages/_distutils_hack/__pycache__) by extension 'colcon_meta'
[1.693s] Level 1:colcon.colcon_core.package_identification:_identify(venv/lib/python3.12/site-packages/_distutils_hack/__pycache__) by extensions ['ros']
[1.693s] Level 1:colcon.colcon_core.package_identification:_identify(venv/lib/python3.12/site-packages/_distutils_hack/__pycache__) by extension 'ros'
[1.694s] Level 1:colcon.colcon_core.package_identification:_identify(venv/lib/python3.12/site-packages/_distutils_hack/__pycache__) by extensions ['cmake', 'python']
[1.694s] Level 1:colcon.colcon_core.package_identification:_identify(venv/lib/python3.12/site-packages/_distutils_hack/__pycache__) by extension 'cmake'
[1.694s] Level 1:colcon.colcon_core.package_identification:_identify(venv/lib/python3.12/site-packages/_distutils_hack/__pycache__) by extension 'python'
[1.694s] Level 1:colcon.colcon_core.package_identification:_identify(venv/lib/python3.12/site-packages/_distutils_hack/__pycache__) by extensions ['python_setup_py']
[1.694s] Level 1:colcon.colcon_core.package_identification:_identify(venv/lib/python3.12/site-packages/_distutils_hack/__pycache__) by extension 'python_setup_py'
[1.694s] Level 1:colcon.colcon_core.package_identification:_identify(venv/lib/python3.12/site-packages/basicmicro) by extensions ['ignore', 'ignore_ament_install']
[1.694s] Level 1:colcon.colcon_core.package_identification:_identify(venv/lib/python3.12/site-packages/basicmicro) by extension 'ignore'
[1.694s] Level 1:colcon.colcon_core.package_identification:_identify(venv/lib/python3.12/site-packages/basicmicro) by extension 'ignore_ament_install'
[1.694s] Level 1:colcon.colcon_core.package_identification:_identify(venv/lib/python3.12/site-packages/basicmicro) by extensions ['colcon_pkg']
[1.694s] Level 1:colcon.colcon_core.package_identification:_identify(venv/lib/python3.12/site-packages/basicmicro) by extension 'colcon_pkg'
[1.694s] Level 1:colcon.colcon_core.package_identification:_identify(venv/lib/python3.12/site-packages/basicmicro) by extensions ['colcon_meta']
[1.694s] Level 1:colcon.colcon_core.package_identification:_identify(venv/lib/python3.12/site-packages/basicmicro) by extension 'colcon_meta'
[1.694s] Level 1:colcon.colcon_core.package_identification:_identify(venv/lib/python3.12/site-packages/basicmicro) by extensions ['ros']
[1.694s] Level 1:colcon.colcon_core.package_identification:_identify(venv/lib/python3.12/site-packages/basicmicro) by extension 'ros'
[1.695s] Level 1:colcon.colcon_core.package_identification:_identify(venv/lib/python3.12/site-packages/basicmicro) by extensions ['cmake', 'python']
[1.695s] Level 1:colcon.colcon_core.package_identification:_identify(venv/lib/python3.12/site-packages/basicmicro) by extension 'cmake'
[1.695s] Level 1:colcon.colcon_core.package_identification:_identify(venv/lib/python3.12/site-packages/basicmicro) by extension 'python'
[1.695s] Level 1:colcon.colcon_core.package_identification:_identify(venv/lib/python3.12/site-packages/basicmicro) by extensions ['python_setup_py']
[1.695s] Level 1:colcon.colcon_core.package_identification:_identify(venv/lib/python3.12/site-packages/basicmicro) by extension 'python_setup_py'
[1.695s] Level 1:colcon.colcon_core.package_identification:_identify(venv/lib/python3.12/site-packages/basicmicro/__pycache__) by extensions ['ignore', 'ignore_ament_install']
[1.695s] Level 1:colcon.colcon_core.package_identification:_identify(venv/lib/python3.12/site-packages/basicmicro/__pycache__) by extension 'ignore'
[1.695s] Level 1:colcon.colcon_core.package_identification:_identify(venv/lib/python3.12/site-packages/basicmicro/__pycache__) by extension 'ignore_ament_install'
[1.695s] Level 1:colcon.colcon_core.package_identification:_identify(venv/lib/python3.12/site-packages/basicmicro/__pycache__) by extensions ['colcon_pkg']
[1.695s] Level 1:colcon.colcon_core.package_identification:_identify(venv/lib/python3.12/site-packages/basicmicro/__pycache__) by extension 'colcon_pkg'
[1.695s] Level 1:colcon.colcon_core.package_identification:_identify(venv/lib/python3.12/site-packages/basicmicro/__pycache__) by extensions ['colcon_meta']
[1.695s] Level 1:colcon.colcon_core.package_identification:_identify(venv/lib/python3.12/site-packages/basicmicro/__pycache__) by extension 'colcon_meta'
[1.695s] Level 1:colcon.colcon_core.package_identification:_identify(venv/lib/python3.12/site-packages/basicmicro/__pycache__) by extensions ['ros']
[1.695s] Level 1:colcon.colcon_core.package_identification:_identify(venv/lib/python3.12/site-packages/basicmicro/__pycache__) by extension 'ros'
[1.695s] Level 1:colcon.colcon_core.package_identification:_identify(venv/lib/python3.12/site-packages/basicmicro/__pycache__) by extensions ['cmake', 'python']
[1.695s] Level 1:colcon.colcon_core.package_identification:_identify(venv/lib/python3.12/site-packages/basicmicro/__pycache__) by extension 'cmake'
[1.696s] Level 1:colcon.colcon_core.package_identification:_identify(venv/lib/python3.12/site-packages/basicmicro/__pycache__) by extension 'python'
[1.696s] Level 1:colcon.colcon_core.package_identification:_identify(venv/lib/python3.12/site-packages/basicmicro/__pycache__) by extensions ['python_setup_py']
[1.696s] Level 1:colcon.colcon_core.package_identification:_identify(venv/lib/python3.12/site-packages/basicmicro/__pycache__) by extension 'python_setup_py'
[1.696s] Level 1:colcon.colcon_core.package_identification:_identify(venv/lib/python3.12/site-packages/basicmicro-2.0.10.dist-info) by extensions ['ignore', 'ignore_ament_install']
[1.696s] Level 1:colcon.colcon_core.package_identification:_identify(venv/lib/python3.12/site-packages/basicmicro-2.0.10.dist-info) by extension 'ignore'
[1.696s] Level 1:colcon.colcon_core.package_identification:_identify(venv/lib/python3.12/site-packages/basicmicro-2.0.10.dist-info) by extension 'ignore_ament_install'
[1.696s] Level 1:colcon.colcon_core.package_identification:_identify(venv/lib/python3.12/site-packages/basicmicro-2.0.10.dist-info) by extensions ['colcon_pkg']
[1.696s] Level 1:colcon.colcon_core.package_identification:_identify(venv/lib/python3.12/site-packages/basicmicro-2.0.10.dist-info) by extension 'colcon_pkg'
[1.696s] Level 1:colcon.colcon_core.package_identification:_identify(venv/lib/python3.12/site-packages/basicmicro-2.0.10.dist-info) by extensions ['colcon_meta']
[1.696s] Level 1:colcon.colcon_core.package_identification:_identify(venv/lib/python3.12/site-packages/basicmicro-2.0.10.dist-info) by extension 'colcon_meta'
[1.696s] Level 1:colcon.colcon_core.package_identification:_identify(venv/lib/python3.12/site-packages/basicmicro-2.0.10.dist-info) by extensions ['ros']
[1.696s] Level 1:colcon.colcon_core.package_identification:_identify(venv/lib/python3.12/site-packages/basicmicro-2.0.10.dist-info) by extension 'ros'
[1.696s] Level 1:colcon.colcon_core.package_identification:_identify(venv/lib/python3.12/site-packages/basicmicro-2.0.10.dist-info) by extensions ['cmake', 'python']
[1.696s] Level 1:colcon.colcon_core.package_identification:_identify(venv/lib/python3.12/site-packages/basicmicro-2.0.10.dist-info) by extension 'cmake'
[1.696s] Level 1:colcon.colcon_core.package_identification:_identify(venv/lib/python3.12/site-packages/basicmicro-2.0.10.dist-info) by extension 'python'
[1.696s] Level 1:colcon.colcon_core.package_identification:_identify(venv/lib/python3.12/site-packages/basicmicro-2.0.10.dist-info) by extensions ['python_setup_py']
[1.696s] Level 1:colcon.colcon_core.package_identification:_identify(venv/lib/python3.12/site-packages/basicmicro-2.0.10.dist-info) by extension 'python_setup_py'
[1.697s] Level 1:colcon.colcon_core.package_identification:_identify(venv/lib/python3.12/site-packages/basicmicro-2.0.10.dist-info/licenses) by extensions ['ignore', 'ignore_ament_install']
[1.697s] Level 1:colcon.colcon_core.package_identification:_identify(venv/lib/python3.12/site-packages/basicmicro-2.0.10.dist-info/licenses) by extension 'ignore'
[1.697s] Level 1:colcon.colcon_core.package_identification:_identify(venv/lib/python3.12/site-packages/basicmicro-2.0.10.dist-info/licenses) by extension 'ignore_ament_install'
[1.697s] Level 1:colcon.colcon_core.package_identification:_identify(venv/lib/python3.12/site-packages/basicmicro-2.0.10.dist-info/licenses) by extensions ['colcon_pkg']
[1.697s] Level 1:colcon.colcon_core.package_identification:_identify(venv/lib/python3.12/site-packages/basicmicro-2.0.10.dist-info/licenses) by extension 'colcon_pkg'
[1.697s] Level 1:colcon.colcon_core.package_identification:_identify(venv/lib/python3.12/site-packages/basicmicro-2.0.10.dist-info/licenses) by extensions ['colcon_meta']
[1.697s] Level 1:colcon.colcon_core.package_identification:_identify(venv/lib/python3.12/site-packages/basicmicro-2.0.10.dist-info/licenses) by extension 'colcon_meta'
[1.697s] Level 1:colcon.colcon_core.package_identification:_identify(venv/lib/python3.12/site-packages/basicmicro-2.0.10.dist-info/licenses) by extensions ['ros']
[1.697s] Level 1:colcon.colcon_core.package_identification:_identify(venv/lib/python3.12/site-packages/basicmicro-2.0.10.dist-info/licenses) by extension 'ros'
[1.697s] Level 1:colcon.colcon_core.package_identification:_identify(venv/lib/python3.12/site-packages/basicmicro-2.0.10.dist-info/licenses) by extensions ['cmake', 'python']
[1.697s] Level 1:colcon.colcon_core.package_identification:_identify(venv/lib/python3.12/site-packages/basicmicro-2.0.10.dist-info/licenses) by extension 'cmake'
[1.697s] Level 1:colcon.colcon_core.package_identification:_identify(venv/lib/python3.12/site-packages/basicmicro-2.0.10.dist-info/licenses) by extension 'python'
[1.697s] Level 1:colcon.colcon_core.package_identification:_identify(venv/lib/python3.12/site-packages/basicmicro-2.0.10.dist-info/licenses) by extensions ['python_setup_py']
[1.697s] Level 1:colcon.colcon_core.package_identification:_identify(venv/lib/python3.12/site-packages/basicmicro-2.0.10.dist-info/licenses) by extension 'python_setup_py'
[1.698s] Level 1:colcon.colcon_core.package_identification:_identify(venv/lib/python3.12/site-packages/catkin_pkg) by extensions ['ignore', 'ignore_ament_install']
[1.698s] Level 1:colcon.colcon_core.package_identification:_identify(venv/lib/python3.12/site-packages/catkin_pkg) by extension 'ignore'
[1.698s] Level 1:colcon.colcon_core.package_identification:_identify(venv/lib/python3.12/site-packages/catkin_pkg) by extension 'ignore_ament_install'
[1.698s] Level 1:colcon.colcon_core.package_identification:_identify(venv/lib/python3.12/site-packages/catkin_pkg) by extensions ['colcon_pkg']
[1.698s] Level 1:colcon.colcon_core.package_identification:_identify(venv/lib/python3.12/site-packages/catkin_pkg) by extension 'colcon_pkg'
[1.698s] Level 1:colcon.colcon_core.package_identification:_identify(venv/lib/python3.12/site-packages/catkin_pkg) by extensions ['colcon_meta']
[1.698s] Level 1:colcon.colcon_core.package_identification:_identify(venv/lib/python3.12/site-packages/catkin_pkg) by extension 'colcon_meta'
[1.698s] Level 1:colcon.colcon_core.package_identification:_identify(venv/lib/python3.12/site-packages/catkin_pkg) by extensions ['ros']
[1.698s] Level 1:colcon.colcon_core.package_identification:_identify(venv/lib/python3.12/site-packages/catkin_pkg) by extension 'ros'
[1.698s] Level 1:colcon.colcon_core.package_identification:_identify(venv/lib/python3.12/site-packages/catkin_pkg) by extensions ['cmake', 'python']
[1.698s] Level 1:colcon.colcon_core.package_identification:_identify(venv/lib/python3.12/site-packages/catkin_pkg) by extension 'cmake'
[1.698s] Level 1:colcon.colcon_core.package_identification:_identify(venv/lib/python3.12/site-packages/catkin_pkg) by extension 'python'
[1.698s] Level 1:colcon.colcon_core.package_identification:_identify(venv/lib/python3.12/site-packages/catkin_pkg) by extensions ['python_setup_py']
[1.698s] Level 1:colcon.colcon_core.package_identification:_identify(venv/lib/python3.12/site-packages/catkin_pkg) by extension 'python_setup_py'
[1.698s] Level 1:colcon.colcon_core.package_identification:_identify(venv/lib/python3.12/site-packages/catkin_pkg/__pycache__) by extensions ['ignore', 'ignore_ament_install']
[1.699s] Level 1:colcon.colcon_core.package_identification:_identify(venv/lib/python3.12/site-packages/catkin_pkg/__pycache__) by extension 'ignore'
[1.699s] Level 1:colcon.colcon_core.package_identification:_identify(venv/lib/python3.12/site-packages/catkin_pkg/__pycache__) by extension 'ignore_ament_install'
[1.699s] Level 1:colcon.colcon_core.package_identification:_identify(venv/lib/python3.12/site-packages/catkin_pkg/__pycache__) by extensions ['colcon_pkg']
[1.699s] Level 1:colcon.colcon_core.package_identification:_identify(venv/lib/python3.12/site-packages/catkin_pkg/__pycache__) by extension 'colcon_pkg'
[1.699s] Level 1:colcon.colcon_core.package_identification:_identify(venv/lib/python3.12/site-packages/catkin_pkg/__pycache__) by extensions ['colcon_meta']
[1.699s] Level 1:colcon.colcon_core.package_identification:_identify(venv/lib/python3.12/site-packages/catkin_pkg/__pycache__) by extension 'colcon_meta'
[1.699s] Level 1:colcon.colcon_core.package_identification:_identify(venv/lib/python3.12/site-packages/catkin_pkg/__pycache__) by extensions ['ros']
[1.699s] Level 1:colcon.colcon_core.package_identification:_identify(venv/lib/python3.12/site-packages/catkin_pkg/__pycache__) by extension 'ros'
[1.699s] Level 1:colcon.colcon_core.package_identification:_identify(venv/lib/python3.12/site-packages/catkin_pkg/__pycache__) by extensions ['cmake', 'python']
[1.699s] Level 1:colcon.colcon_core.package_identification:_identify(venv/lib/python3.12/site-packages/catkin_pkg/__pycache__) by extension 'cmake'
[1.699s] Level 1:colcon.colcon_core.package_identification:_identify(venv/lib/python3.12/site-packages/catkin_pkg/__pycache__) by extension 'python'
[1.699s] Level 1:colcon.colcon_core.package_identification:_identify(venv/lib/python3.12/site-packages/catkin_pkg/__pycache__) by extensions ['python_setup_py']
[1.699s] Level 1:colcon.colcon_core.package_identification:_identify(venv/lib/python3.12/site-packages/catkin_pkg/__pycache__) by extension 'python_setup_py'
[1.699s] Level 1:colcon.colcon_core.package_identification:_identify(venv/lib/python3.12/site-packages/catkin_pkg/cli) by extensions ['ignore', 'ignore_ament_install']
[1.699s] Level 1:colcon.colcon_core.package_identification:_identify(venv/lib/python3.12/site-packages/catkin_pkg/cli) by extension 'ignore'
[1.699s] Level 1:colcon.colcon_core.package_identification:_identify(venv/lib/python3.12/site-packages/catkin_pkg/cli) by extension 'ignore_ament_install'
[1.700s] Level 1:colcon.colcon_core.package_identification:_identify(venv/lib/python3.12/site-packages/catkin_pkg/cli) by extensions ['colcon_pkg']
[1.700s] Level 1:colcon.colcon_core.package_identification:_identify(venv/lib/python3.12/site-packages/catkin_pkg/cli) by extension 'colcon_pkg'
[1.700s] Level 1:colcon.colcon_core.package_identification:_identify(venv/lib/python3.12/site-packages/catkin_pkg/cli) by extensions ['colcon_meta']
[1.700s] Level 1:colcon.colcon_core.package_identification:_identify(venv/lib/python3.12/site-packages/catkin_pkg/cli) by extension 'colcon_meta'
[1.700s] Level 1:colcon.colcon_core.package_identification:_identify(venv/lib/python3.12/site-packages/catkin_pkg/cli) by extensions ['ros']
[1.700s] Level 1:colcon.colcon_core.package_identification:_identify(venv/lib/python3.12/site-packages/catkin_pkg/cli) by extension 'ros'
[1.700s] Level 1:colcon.colcon_core.package_identification:_identify(venv/lib/python3.12/site-packages/catkin_pkg/cli) by extensions ['cmake', 'python']
[1.700s] Level 1:colcon.colcon_core.package_identification:_identify(venv/lib/python3.12/site-packages/catkin_pkg/cli) by extension 'cmake'
[1.700s] Level 1:colcon.colcon_core.package_identification:_identify(venv/lib/python3.12/site-packages/catkin_pkg/cli) by extension 'python'
[1.700s] Level 1:colcon.colcon_core.package_identification:_identify(venv/lib/python3.12/site-packages/catkin_pkg/cli) by extensions ['python_setup_py']
[1.700s] Level 1:colcon.colcon_core.package_identification:_identify(venv/lib/python3.12/site-packages/catkin_pkg/cli) by extension 'python_setup_py'
[1.700s] Level 1:colcon.colcon_core.package_identification:_identify(venv/lib/python3.12/site-packages/catkin_pkg/cli/__pycache__) by extensions ['ignore', 'ignore_ament_install']
[1.700s] Level 1:colcon.colcon_core.package_identification:_identify(venv/lib/python3.12/site-packages/catkin_pkg/cli/__pycache__) by extension 'ignore'
[1.700s] Level 1:colcon.colcon_core.package_identification:_identify(venv/lib/python3.12/site-packages/catkin_pkg/cli/__pycache__) by extension 'ignore_ament_install'
[1.701s] Level 1:colcon.colcon_core.package_identification:_identify(venv/lib/python3.12/site-packages/catkin_pkg/cli/__pycache__) by extensions ['colcon_pkg']
[1.701s] Level 1:colcon.colcon_core.package_identification:_identify(venv/lib/python3.12/site-packages/catkin_pkg/cli/__pycache__) by extension 'colcon_pkg'
[1.701s] Level 1:colcon.colcon_core.package_identification:_identify(venv/lib/python3.12/site-packages/catkin_pkg/cli/__pycache__) by extensions ['colcon_meta']
[1.701s] Level 1:colcon.colcon_core.package_identification:_identify(venv/lib/python3.12/site-packages/catkin_pkg/cli/__pycache__) by extension 'colcon_meta'
[1.701s] Level 1:colcon.colcon_core.package_identification:_identify(venv/lib/python3.12/site-packages/catkin_pkg/cli/__pycache__) by extensions ['ros']
[1.701s] Level 1:colcon.colcon_core.package_identification:_identify(venv/lib/python3.12/site-packages/catkin_pkg/cli/__pycache__) by extension 'ros'
[1.701s] Level 1:colcon.colcon_core.package_identification:_identify(venv/lib/python3.12/site-packages/catkin_pkg/cli/__pycache__) by extensions ['cmake', 'python']
[1.701s] Level 1:colcon.colcon_core.package_identification:_identify(venv/lib/python3.12/site-packages/catkin_pkg/cli/__pycache__) by extension 'cmake'
[1.701s] Level 1:colcon.colcon_core.package_identification:_identify(venv/lib/python3.12/site-packages/catkin_pkg/cli/__pycache__) by extension 'python'
[1.701s] Level 1:colcon.colcon_core.package_identification:_identify(venv/lib/python3.12/site-packages/catkin_pkg/cli/__pycache__) by extensions ['python_setup_py']
[1.701s] Level 1:colcon.colcon_core.package_identification:_identify(venv/lib/python3.12/site-packages/catkin_pkg/cli/__pycache__) by extension 'python_setup_py'
[1.701s] Level 1:colcon.colcon_core.package_identification:_identify(venv/lib/python3.12/site-packages/catkin_pkg/templates) by extensions ['ignore', 'ignore_ament_install']
[1.701s] Level 1:colcon.colcon_core.package_identification:_identify(venv/lib/python3.12/site-packages/catkin_pkg/templates) by extension 'ignore'
[1.701s] Level 1:colcon.colcon_core.package_identification:_identify(venv/lib/python3.12/site-packages/catkin_pkg/templates) by extension 'ignore_ament_install'
[1.701s] Level 1:colcon.colcon_core.package_identification:_identify(venv/lib/python3.12/site-packages/catkin_pkg/templates) by extensions ['colcon_pkg']
[1.702s] Level 1:colcon.colcon_core.package_identification:_identify(venv/lib/python3.12/site-packages/catkin_pkg/templates) by extension 'colcon_pkg'
[1.702s] Level 1:colcon.colcon_core.package_identification:_identify(venv/lib/python3.12/site-packages/catkin_pkg/templates) by extensions ['colcon_meta']
[1.702s] Level 1:colcon.colcon_core.package_identification:_identify(venv/lib/python3.12/site-packages/catkin_pkg/templates) by extension 'colcon_meta'
[1.702s] Level 1:colcon.colcon_core.package_identification:_identify(venv/lib/python3.12/site-packages/catkin_pkg/templates) by extensions ['ros']
[1.702s] Level 1:colcon.colcon_core.package_identification:_identify(venv/lib/python3.12/site-packages/catkin_pkg/templates) by extension 'ros'
[1.702s] Level 1:colcon.colcon_core.package_identification:_identify(venv/lib/python3.12/site-packages/catkin_pkg/templates) by extensions ['cmake', 'python']
[1.702s] Level 1:colcon.colcon_core.package_identification:_identify(venv/lib/python3.12/site-packages/catkin_pkg/templates) by extension 'cmake'
[1.702s] Level 1:colcon.colcon_core.package_identification:_identify(venv/lib/python3.12/site-packages/catkin_pkg/templates) by extension 'python'
[1.702s] Level 1:colcon.colcon_core.package_identification:_identify(venv/lib/python3.12/site-packages/catkin_pkg/templates) by extensions ['python_setup_py']
[1.702s] Level 1:colcon.colcon_core.package_identification:_identify(venv/lib/python3.12/site-packages/catkin_pkg/templates) by extension 'python_setup_py'
[1.702s] Level 1:colcon.colcon_core.package_identification:_identify(venv/lib/python3.12/site-packages/catkin_pkg-1.1.0.dist-info) by extensions ['ignore', 'ignore_ament_install']
[1.702s] Level 1:colcon.colcon_core.package_identification:_identify(venv/lib/python3.12/site-packages/catkin_pkg-1.1.0.dist-info) by extension 'ignore'
[1.702s] Level 1:colcon.colcon_core.package_identification:_identify(venv/lib/python3.12/site-packages/catkin_pkg-1.1.0.dist-info) by extension 'ignore_ament_install'
[1.702s] Level 1:colcon.colcon_core.package_identification:_identify(venv/lib/python3.12/site-packages/catkin_pkg-1.1.0.dist-info) by extensions ['colcon_pkg']
[1.702s] Level 1:colcon.colcon_core.package_identification:_identify(venv/lib/python3.12/site-packages/catkin_pkg-1.1.0.dist-info) by extension 'colcon_pkg'
[1.702s] Level 1:colcon.colcon_core.package_identification:_identify(venv/lib/python3.12/site-packages/catkin_pkg-1.1.0.dist-info) by extensions ['colcon_meta']
[1.702s] Level 1:colcon.colcon_core.package_identification:_identify(venv/lib/python3.12/site-packages/catkin_pkg-1.1.0.dist-info) by extension 'colcon_meta'
[1.703s] Level 1:colcon.colcon_core.package_identification:_identify(venv/lib/python3.12/site-packages/catkin_pkg-1.1.0.dist-info) by extensions ['ros']
[1.703s] Level 1:colcon.colcon_core.package_identification:_identify(venv/lib/python3.12/site-packages/catkin_pkg-1.1.0.dist-info) by extension 'ros'
[1.703s] Level 1:colcon.colcon_core.package_identification:_identify(venv/lib/python3.12/site-packages/catkin_pkg-1.1.0.dist-info) by extensions ['cmake', 'python']
[1.703s] Level 1:colcon.colcon_core.package_identification:_identify(venv/lib/python3.12/site-packages/catkin_pkg-1.1.0.dist-info) by extension 'cmake'
[1.703s] Level 1:colcon.colcon_core.package_identification:_identify(venv/lib/python3.12/site-packages/catkin_pkg-1.1.0.dist-info) by extension 'python'
[1.703s] Level 1:colcon.colcon_core.package_identification:_identify(venv/lib/python3.12/site-packages/catkin_pkg-1.1.0.dist-info) by extensions ['python_setup_py']
[1.703s] Level 1:colcon.colcon_core.package_identification:_identify(venv/lib/python3.12/site-packages/catkin_pkg-1.1.0.dist-info) by extension 'python_setup_py'
[1.703s] Level 1:colcon.colcon_core.package_identification:_identify(venv/lib/python3.12/site-packages/lark) by extensions ['ignore', 'ignore_ament_install']
[1.703s] Level 1:colcon.colcon_core.package_identification:_identify(venv/lib/python3.12/site-packages/lark) by extension 'ignore'
[1.703s] Level 1:colcon.colcon_core.package_identification:_identify(venv/lib/python3.12/site-packages/lark) by extension 'ignore_ament_install'
[1.703s] Level 1:colcon.colcon_core.package_identification:_identify(venv/lib/python3.12/site-packages/lark) by extensions ['colcon_pkg']
[1.703s] Level 1:colcon.colcon_core.package_identification:_identify(venv/lib/python3.12/site-packages/lark) by extension 'colcon_pkg'
[1.703s] Level 1:colcon.colcon_core.package_identification:_identify(venv/lib/python3.12/site-packages/lark) by extensions ['colcon_meta']
[1.703s] Level 1:colcon.colcon_core.package_identification:_identify(venv/lib/python3.12/site-packages/lark) by extension 'colcon_meta'
[1.703s] Level 1:colcon.colcon_core.package_identification:_identify(venv/lib/python3.12/site-packages/lark) by extensions ['ros']
[1.703s] Level 1:colcon.colcon_core.package_identification:_identify(venv/lib/python3.12/site-packages/lark) by extension 'ros'
[1.704s] Level 1:colcon.colcon_core.package_identification:_identify(venv/lib/python3.12/site-packages/lark) by extensions ['cmake', 'python']
[1.704s] Level 1:colcon.colcon_core.package_identification:_identify(venv/lib/python3.12/site-packages/lark) by extension 'cmake'
[1.704s] Level 1:colcon.colcon_core.package_identification:_identify(venv/lib/python3.12/site-packages/lark) by extension 'python'
[1.704s] Level 1:colcon.colcon_core.package_identification:_identify(venv/lib/python3.12/site-packages/lark) by extensions ['python_setup_py']
[1.704s] Level 1:colcon.colcon_core.package_identification:_identify(venv/lib/python3.12/site-packages/lark) by extension 'python_setup_py'
[1.704s] Level 1:colcon.colcon_core.package_identification:_identify(venv/lib/python3.12/site-packages/lark/__pycache__) by extensions ['ignore', 'ignore_ament_install']
[1.704s] Level 1:colcon.colcon_core.package_identification:_identify(venv/lib/python3.12/site-packages/lark/__pycache__) by extension 'ignore'
[1.704s] Level 1:colcon.colcon_core.package_identification:_identify(venv/lib/python3.12/site-packages/lark/__pycache__) by extension 'ignore_ament_install'
[1.704s] Level 1:colcon.colcon_core.package_identification:_identify(venv/lib/python3.12/site-packages/lark/__pycache__) by extensions ['colcon_pkg']
[1.704s] Level 1:colcon.colcon_core.package_identification:_identify(venv/lib/python3.12/site-packages/lark/__pycache__) by extension 'colcon_pkg'
[1.704s] Level 1:colcon.colcon_core.package_identification:_identify(venv/lib/python3.12/site-packages/lark/__pycache__) by extensions ['colcon_meta']
[1.704s] Level 1:colcon.colcon_core.package_identification:_identify(venv/lib/python3.12/site-packages/lark/__pycache__) by extension 'colcon_meta'
[1.704s] Level 1:colcon.colcon_core.package_identification:_identify(venv/lib/python3.12/site-packages/lark/__pycache__) by extensions ['ros']
[1.704s] Level 1:colcon.colcon_core.package_identification:_identify(venv/lib/python3.12/site-packages/lark/__pycache__) by extension 'ros'
[1.704s] Level 1:colcon.colcon_core.package_identification:_identify(venv/lib/python3.12/site-packages/lark/__pycache__) by extensions ['cmake', 'python']
[1.704s] Level 1:colcon.colcon_core.package_identification:_identify(venv/lib/python3.12/site-packages/lark/__pycache__) by extension 'cmake'
[1.705s] Level 1:colcon.colcon_core.package_identification:_identify(venv/lib/python3.12/site-packages/lark/__pycache__) by extension 'python'
[1.705s] Level 1:colcon.colcon_core.package_identification:_identify(venv/lib/python3.12/site-packages/lark/__pycache__) by extensions ['python_setup_py']
[1.705s] Level 1:colcon.colcon_core.package_identification:_identify(venv/lib/python3.12/site-packages/lark/__pycache__) by extension 'python_setup_py'
[1.705s] Level 1:colcon.colcon_core.package_identification:_identify(venv/lib/python3.12/site-packages/lark/__pyinstaller) by extensions ['ignore', 'ignore_ament_install']
[1.705s] Level 1:colcon.colcon_core.package_identification:_identify(venv/lib/python3.12/site-packages/lark/__pyinstaller) by extension 'ignore'
[1.705s] Level 1:colcon.colcon_core.package_identification:_identify(venv/lib/python3.12/site-packages/lark/__pyinstaller) by extension 'ignore_ament_install'
[1.705s] Level 1:colcon.colcon_core.package_identification:_identify(venv/lib/python3.12/site-packages/lark/__pyinstaller) by extensions ['colcon_pkg']
[1.705s] Level 1:colcon.colcon_core.package_identification:_identify(venv/lib/python3.12/site-packages/lark/__pyinstaller) by extension 'colcon_pkg'
[1.705s] Level 1:colcon.colcon_core.package_identification:_identify(venv/lib/python3.12/site-packages/lark/__pyinstaller) by extensions ['colcon_meta']
[1.705s] Level 1:colcon.colcon_core.package_identification:_identify(venv/lib/python3.12/site-packages/lark/__pyinstaller) by extension 'colcon_meta'
[1.705s] Level 1:colcon.colcon_core.package_identification:_identify(venv/lib/python3.12/site-packages/lark/__pyinstaller) by extensions ['ros']
[1.705s] Level 1:colcon.colcon_core.package_identification:_identify(venv/lib/python3.12/site-packages/lark/__pyinstaller) by extension 'ros'
[1.705s] Level 1:colcon.colcon_core.package_identification:_identify(venv/lib/python3.12/site-packages/lark/__pyinstaller) by extensions ['cmake', 'python']
[1.705s] Level 1:colcon.colcon_core.package_identification:_identify(venv/lib/python3.12/site-packages/lark/__pyinstaller) by extension 'cmake'
[1.705s] Level 1:colcon.colcon_core.package_identification:_identify(venv/lib/python3.12/site-packages/lark/__pyinstaller) by extension 'python'
[1.705s] Level 1:colcon.colcon_core.package_identification:_identify(venv/lib/python3.12/site-packages/lark/__pyinstaller) by extensions ['python_setup_py']
[1.705s] Level 1:colcon.colcon_core.package_identification:_identify(venv/lib/python3.12/site-packages/lark/__pyinstaller) by extension 'python_setup_py'
[1.706s] Level 1:colcon.colcon_core.package_identification:_identify(venv/lib/python3.12/site-packages/lark/__pyinstaller/__pycache__) by extensions ['ignore', 'ignore_ament_install']
[1.706s] Level 1:colcon.colcon_core.package_identification:_identify(venv/lib/python3.12/site-packages/lark/__pyinstaller/__pycache__) by extension 'ignore'
[1.706s] Level 1:colcon.colcon_core.package_identification:_identify(venv/lib/python3.12/site-packages/lark/__pyinstaller/__pycache__) by extension 'ignore_ament_install'
[1.706s] Level 1:colcon.colcon_core.package_identification:_identify(venv/lib/python3.12/site-packages/lark/__pyinstaller/__pycache__) by extensions ['colcon_pkg']
[1.706s] Level 1:colcon.colcon_core.package_identification:_identify(venv/lib/python3.12/site-packages/lark/__pyinstaller/__pycache__) by extension 'colcon_pkg'
[1.706s] Level 1:colcon.colcon_core.package_identification:_identify(venv/lib/python3.12/site-packages/lark/__pyinstaller/__pycache__) by extensions ['colcon_meta']
[1.706s] Level 1:colcon.colcon_core.package_identification:_identify(venv/lib/python3.12/site-packages/lark/__pyinstaller/__pycache__) by extension 'colcon_meta'
[1.706s] Level 1:colcon.colcon_core.package_identification:_identify(venv/lib/python3.12/site-packages/lark/__pyinstaller/__pycache__) by extensions ['ros']
[1.706s] Level 1:colcon.colcon_core.package_identification:_identify(venv/lib/python3.12/site-packages/lark/__pyinstaller/__pycache__) by extension 'ros'
[1.706s] Level 1:colcon.colcon_core.package_identification:_identify(venv/lib/python3.12/site-packages/lark/__pyinstaller/__pycache__) by extensions ['cmake', 'python']
[1.706s] Level 1:colcon.colcon_core.package_identification:_identify(venv/lib/python3.12/site-packages/lark/__pyinstaller/__pycache__) by extension 'cmake'
[1.706s] Level 1:colcon.colcon_core.package_identification:_identify(venv/lib/python3.12/site-packages/lark/__pyinstaller/__pycache__) by extension 'python'
[1.706s] Level 1:colcon.colcon_core.package_identification:_identify(venv/lib/python3.12/site-packages/lark/__pyinstaller/__pycache__) by extensions ['python_setup_py']
[1.706s] Level 1:colcon.colcon_core.package_identification:_identify(venv/lib/python3.12/site-packages/lark/__pyinstaller/__pycache__) by extension 'python_setup_py'
[1.706s] Level 1:colcon.colcon_core.package_identification:_identify(venv/lib/python3.12/site-packages/lark/grammars) by extensions ['ignore', 'ignore_ament_install']
[1.706s] Level 1:colcon.colcon_core.package_identification:_identify(venv/lib/python3.12/site-packages/lark/grammars) by extension 'ignore'
[1.707s] Level 1:colcon.colcon_core.package_identification:_identify(venv/lib/python3.12/site-packages/lark/grammars) by extension 'ignore_ament_install'
[1.707s] Level 1:colcon.colcon_core.package_identification:_identify(venv/lib/python3.12/site-packages/lark/grammars) by extensions ['colcon_pkg']
[1.707s] Level 1:colcon.colcon_core.package_identification:_identify(venv/lib/python3.12/site-packages/lark/grammars) by extension 'colcon_pkg'
[1.707s] Level 1:colcon.colcon_core.package_identification:_identify(venv/lib/python3.12/site-packages/lark/grammars) by extensions ['colcon_meta']
[1.707s] Level 1:colcon.colcon_core.package_identification:_identify(venv/lib/python3.12/site-packages/lark/grammars) by extension 'colcon_meta'
[1.707s] Level 1:colcon.colcon_core.package_identification:_identify(venv/lib/python3.12/site-packages/lark/grammars) by extensions ['ros']
[1.707s] Level 1:colcon.colcon_core.package_identification:_identify(venv/lib/python3.12/site-packages/lark/grammars) by extension 'ros'
[1.707s] Level 1:colcon.colcon_core.package_identification:_identify(venv/lib/python3.12/site-packages/lark/grammars) by extensions ['cmake', 'python']
[1.707s] Level 1:colcon.colcon_core.package_identification:_identify(venv/lib/python3.12/site-packages/lark/grammars) by extension 'cmake'
[1.707s] Level 1:colcon.colcon_core.package_identification:_identify(venv/lib/python3.12/site-packages/lark/grammars) by extension 'python'
[1.707s] Level 1:colcon.colcon_core.package_identification:_identify(venv/lib/python3.12/site-packages/lark/grammars) by extensions ['python_setup_py']
[1.707s] Level 1:colcon.colcon_core.package_identification:_identify(venv/lib/python3.12/site-packages/lark/grammars) by extension 'python_setup_py'
[1.707s] Level 1:colcon.colcon_core.package_identification:_identify(venv/lib/python3.12/site-packages/lark/parsers) by extensions ['ignore', 'ignore_ament_install']
[1.707s] Level 1:colcon.colcon_core.package_identification:_identify(venv/lib/python3.12/site-packages/lark/parsers) by extension 'ignore'
[1.707s] Level 1:colcon.colcon_core.package_identification:_identify(venv/lib/python3.12/site-packages/lark/parsers) by extension 'ignore_ament_install'
[1.707s] Level 1:colcon.colcon_core.package_identification:_identify(venv/lib/python3.12/site-packages/lark/parsers) by extensions ['colcon_pkg']
[1.707s] Level 1:colcon.colcon_core.package_identification:_identify(venv/lib/python3.12/site-packages/lark/parsers) by extension 'colcon_pkg'
[1.708s] Level 1:colcon.colcon_core.package_identification:_identify(venv/lib/python3.12/site-packages/lark/parsers) by extensions ['colcon_meta']
[1.708s] Level 1:colcon.colcon_core.package_identification:_identify(venv/lib/python3.12/site-packages/lark/parsers) by extension 'colcon_meta'
[1.708s] Level 1:colcon.colcon_core.package_identification:_identify(venv/lib/python3.12/site-packages/lark/parsers) by extensions ['ros']
[1.708s] Level 1:colcon.colcon_core.package_identification:_identify(venv/lib/python3.12/site-packages/lark/parsers) by extension 'ros'
[1.708s] Level 1:colcon.colcon_core.package_identification:_identify(venv/lib/python3.12/site-packages/lark/parsers) by extensions ['cmake', 'python']
[1.708s] Level 1:colcon.colcon_core.package_identification:_identify(venv/lib/python3.12/site-packages/lark/parsers) by extension 'cmake'
[1.708s] Level 1:colcon.colcon_core.package_identification:_identify(venv/lib/python3.12/site-packages/lark/parsers) by extension 'python'
[1.708s] Level 1:colcon.colcon_core.package_identification:_identify(venv/lib/python3.12/site-packages/lark/parsers) by extensions ['python_setup_py']
[1.708s] Level 1:colcon.colcon_core.package_identification:_identify(venv/lib/python3.12/site-packages/lark/parsers) by extension 'python_setup_py'
[1.708s] Level 1:colcon.colcon_core.package_identification:_identify(venv/lib/python3.12/site-packages/lark/parsers/__pycache__) by extensions ['ignore', 'ignore_ament_install']
[1.708s] Level 1:colcon.colcon_core.package_identification:_identify(venv/lib/python3.12/site-packages/lark/parsers/__pycache__) by extension 'ignore'
[1.708s] Level 1:colcon.colcon_core.package_identification:_identify(venv/lib/python3.12/site-packages/lark/parsers/__pycache__) by extension 'ignore_ament_install'
[1.708s] Level 1:colcon.colcon_core.package_identification:_identify(venv/lib/python3.12/site-packages/lark/parsers/__pycache__) by extensions ['colcon_pkg']
[1.708s] Level 1:colcon.colcon_core.package_identification:_identify(venv/lib/python3.12/site-packages/lark/parsers/__pycache__) by extension 'colcon_pkg'
[1.708s] Level 1:colcon.colcon_core.package_identification:_identify(venv/lib/python3.12/site-packages/lark/parsers/__pycache__) by extensions ['colcon_meta']
[1.708s] Level 1:colcon.colcon_core.package_identification:_identify(venv/lib/python3.12/site-packages/lark/parsers/__pycache__) by extension 'colcon_meta'
[1.708s] Level 1:colcon.colcon_core.package_identification:_identify(venv/lib/python3.12/site-packages/lark/parsers/__pycache__) by extensions ['ros']
[1.708s] Level 1:colcon.colcon_core.package_identification:_identify(venv/lib/python3.12/site-packages/lark/parsers/__pycache__) by extension 'ros'
[1.709s] Level 1:colcon.colcon_core.package_identification:_identify(venv/lib/python3.12/site-packages/lark/parsers/__pycache__) by extensions ['cmake', 'python']
[1.709s] Level 1:colcon.colcon_core.package_identification:_identify(venv/lib/python3.12/site-packages/lark/parsers/__pycache__) by extension 'cmake'
[1.709s] Level 1:colcon.colcon_core.package_identification:_identify(venv/lib/python3.12/site-packages/lark/parsers/__pycache__) by extension 'python'
[1.709s] Level 1:colcon.colcon_core.package_identification:_identify(venv/lib/python3.12/site-packages/lark/parsers/__pycache__) by extensions ['python_setup_py']
[1.709s] Level 1:colcon.colcon_core.package_identification:_identify(venv/lib/python3.12/site-packages/lark/parsers/__pycache__) by extension 'python_setup_py'
[1.709s] Level 1:colcon.colcon_core.package_identification:_identify(venv/lib/python3.12/site-packages/lark/tools) by extensions ['ignore', 'ignore_ament_install']
[1.709s] Level 1:colcon.colcon_core.package_identification:_identify(venv/lib/python3.12/site-packages/lark/tools) by extension 'ignore'
[1.709s] Level 1:colcon.colcon_core.package_identification:_identify(venv/lib/python3.12/site-packages/lark/tools) by extension 'ignore_ament_install'
[1.709s] Level 1:colcon.colcon_core.package_identification:_identify(venv/lib/python3.12/site-packages/lark/tools) by extensions ['colcon_pkg']
[1.709s] Level 1:colcon.colcon_core.package_identification:_identify(venv/lib/python3.12/site-packages/lark/tools) by extension 'colcon_pkg'
[1.709s] Level 1:colcon.colcon_core.package_identification:_identify(venv/lib/python3.12/site-packages/lark/tools) by extensions ['colcon_meta']
[1.709s] Level 1:colcon.colcon_core.package_identification:_identify(venv/lib/python3.12/site-packages/lark/tools) by extension 'colcon_meta'
[1.709s] Level 1:colcon.colcon_core.package_identification:_identify(venv/lib/python3.12/site-packages/lark/tools) by extensions ['ros']
[1.709s] Level 1:colcon.colcon_core.package_identification:_identify(venv/lib/python3.12/site-packages/lark/tools) by extension 'ros'
[1.709s] Level 1:colcon.colcon_core.package_identification:_identify(venv/lib/python3.12/site-packages/lark/tools) by extensions ['cmake', 'python']
[1.709s] Level 1:colcon.colcon_core.package_identification:_identify(venv/lib/python3.12/site-packages/lark/tools) by extension 'cmake'
[1.710s] Level 1:colcon.colcon_core.package_identification:_identify(venv/lib/python3.12/site-packages/lark/tools) by extension 'python'
[1.710s] Level 1:colcon.colcon_core.package_identification:_identify(venv/lib/python3.12/site-packages/lark/tools) by extensions ['python_setup_py']
[1.710s] Level 1:colcon.colcon_core.package_identification:_identify(venv/lib/python3.12/site-packages/lark/tools) by extension 'python_setup_py'
[1.710s] Level 1:colcon.colcon_core.package_identification:_identify(venv/lib/python3.12/site-packages/lark/tools/__pycache__) by extensions ['ignore', 'ignore_ament_install']
[1.710s] Level 1:colcon.colcon_core.package_identification:_identify(venv/lib/python3.12/site-packages/lark/tools/__pycache__) by extension 'ignore'
[1.710s] Level 1:colcon.colcon_core.package_identification:_identify(venv/lib/python3.12/site-packages/lark/tools/__pycache__) by extension 'ignore_ament_install'
[1.710s] Level 1:colcon.colcon_core.package_identification:_identify(venv/lib/python3.12/site-packages/lark/tools/__pycache__) by extensions ['colcon_pkg']
[1.710s] Level 1:colcon.colcon_core.package_identification:_identify(venv/lib/python3.12/site-packages/lark/tools/__pycache__) by extension 'colcon_pkg'
[1.710s] Level 1:colcon.colcon_core.package_identification:_identify(venv/lib/python3.12/site-packages/lark/tools/__pycache__) by extensions ['colcon_meta']
[1.710s] Level 1:colcon.colcon_core.package_identification:_identify(venv/lib/python3.12/site-packages/lark/tools/__pycache__) by extension 'colcon_meta'
[1.710s] Level 1:colcon.colcon_core.package_identification:_identify(venv/lib/python3.12/site-packages/lark/tools/__pycache__) by extensions ['ros']
[1.710s] Level 1:colcon.colcon_core.package_identification:_identify(venv/lib/python3.12/site-packages/lark/tools/__pycache__) by extension 'ros'
[1.710s] Level 1:colcon.colcon_core.package_identification:_identify(venv/lib/python3.12/site-packages/lark/tools/__pycache__) by extensions ['cmake', 'python']
[1.710s] Level 1:colcon.colcon_core.package_identification:_identify(venv/lib/python3.12/site-packages/lark/tools/__pycache__) by extension 'cmake'
[1.710s] Level 1:colcon.colcon_core.package_identification:_identify(venv/lib/python3.12/site-packages/lark/tools/__pycache__) by extension 'python'
[1.710s] Level 1:colcon.colcon_core.package_identification:_identify(venv/lib/python3.12/site-packages/lark/tools/__pycache__) by extensions ['python_setup_py']
[1.710s] Level 1:colcon.colcon_core.package_identification:_identify(venv/lib/python3.12/site-packages/lark/tools/__pycache__) by extension 'python_setup_py'
[1.711s] Level 1:colcon.colcon_core.package_identification:_identify(venv/lib/python3.12/site-packages/lark-stubs) by extensions ['ignore', 'ignore_ament_install']
[1.711s] Level 1:colcon.colcon_core.package_identification:_identify(venv/lib/python3.12/site-packages/lark-stubs) by extension 'ignore'
[1.711s] Level 1:colcon.colcon_core.package_identification:_identify(venv/lib/python3.12/site-packages/lark-stubs) by extension 'ignore_ament_install'
[1.711s] Level 1:colcon.colcon_core.package_identification:_identify(venv/lib/python3.12/site-packages/lark-stubs) by extensions ['colcon_pkg']
[1.711s] Level 1:colcon.colcon_core.package_identification:_identify(venv/lib/python3.12/site-packages/lark-stubs) by extension 'colcon_pkg'
[1.711s] Level 1:colcon.colcon_core.package_identification:_identify(venv/lib/python3.12/site-packages/lark-stubs) by extensions ['colcon_meta']
[1.711s] Level 1:colcon.colcon_core.package_identification:_identify(venv/lib/python3.12/site-packages/lark-stubs) by extension 'colcon_meta'
[1.711s] Level 1:colcon.colcon_core.package_identification:_identify(venv/lib/python3.12/site-packages/lark-stubs) by extensions ['ros']
[1.711s] Level 1:colcon.colcon_core.package_identification:_identify(venv/lib/python3.12/site-packages/lark-stubs) by extension 'ros'
[1.711s] Level 1:colcon.colcon_core.package_identification:_identify(venv/lib/python3.12/site-packages/lark-stubs) by extensions ['cmake', 'python']
[1.711s] Level 1:colcon.colcon_core.package_identification:_identify(venv/lib/python3.12/site-packages/lark-stubs) by extension 'cmake'
[1.711s] Level 1:colcon.colcon_core.package_identification:_identify(venv/lib/python3.12/site-packages/lark-stubs) by extension 'python'
[1.711s] Level 1:colcon.colcon_core.package_identification:_identify(venv/lib/python3.12/site-packages/lark-stubs) by extensions ['python_setup_py']
[1.711s] Level 1:colcon.colcon_core.package_identification:_identify(venv/lib/python3.12/site-packages/lark-stubs) by extension 'python_setup_py'
[1.711s] Level 1:colcon.colcon_core.package_identification:_identify(venv/lib/python3.12/site-packages/lark_parser-0.12.0.dist-info) by extensions ['ignore', 'ignore_ament_install']
[1.712s] Level 1:colcon.colcon_core.package_identification:_identify(venv/lib/python3.12/site-packages/lark_parser-0.12.0.dist-info) by extension 'ignore'
[1.712s] Level 1:colcon.colcon_core.package_identification:_identify(venv/lib/python3.12/site-packages/lark_parser-0.12.0.dist-info) by extension 'ignore_ament_install'
[1.712s] Level 1:colcon.colcon_core.package_identification:_identify(venv/lib/python3.12/site-packages/lark_parser-0.12.0.dist-info) by extensions ['colcon_pkg']
[1.712s] Level 1:colcon.colcon_core.package_identification:_identify(venv/lib/python3.12/site-packages/lark_parser-0.12.0.dist-info) by extension 'colcon_pkg'
[1.712s] Level 1:colcon.colcon_core.package_identification:_identify(venv/lib/python3.12/site-packages/lark_parser-0.12.0.dist-info) by extensions ['colcon_meta']
[1.712s] Level 1:colcon.colcon_core.package_identification:_identify(venv/lib/python3.12/site-packages/lark_parser-0.12.0.dist-info) by extension 'colcon_meta'
[1.712s] Level 1:colcon.colcon_core.package_identification:_identify(venv/lib/python3.12/site-packages/lark_parser-0.12.0.dist-info) by extensions ['ros']
[1.712s] Level 1:colcon.colcon_core.package_identification:_identify(venv/lib/python3.12/site-packages/lark_parser-0.12.0.dist-info) by extension 'ros'
[1.712s] Level 1:colcon.colcon_core.package_identification:_identify(venv/lib/python3.12/site-packages/lark_parser-0.12.0.dist-info) by extensions ['cmake', 'python']
[1.712s] Level 1:colcon.colcon_core.package_identification:_identify(venv/lib/python3.12/site-packages/lark_parser-0.12.0.dist-info) by extension 'cmake'
[1.712s] Level 1:colcon.colcon_core.package_identification:_identify(venv/lib/python3.12/site-packages/lark_parser-0.12.0.dist-info) by extension 'python'
[1.712s] Level 1:colcon.colcon_core.package_identification:_identify(venv/lib/python3.12/site-packages/lark_parser-0.12.0.dist-info) by extensions ['python_setup_py']
[1.712s] Level 1:colcon.colcon_core.package_identification:_identify(venv/lib/python3.12/site-packages/lark_parser-0.12.0.dist-info) by extension 'python_setup_py'
[1.712s] Level 1:colcon.colcon_core.package_identification:_identify(venv/lib/python3.12/site-packages/pip) by extensions ['ignore', 'ignore_ament_install']
[1.712s] Level 1:colcon.colcon_core.package_identification:_identify(venv/lib/python3.12/site-packages/pip) by extension 'ignore'
[1.713s] Level 1:colcon.colcon_core.package_identification:_identify(venv/lib/python3.12/site-packages/pip) by extension 'ignore_ament_install'
[1.713s] Level 1:colcon.colcon_core.package_identification:_identify(venv/lib/python3.12/site-packages/pip) by extensions ['colcon_pkg']
[1.713s] Level 1:colcon.colcon_core.package_identification:_identify(venv/lib/python3.12/site-packages/pip) by extension 'colcon_pkg'
[1.713s] Level 1:colcon.colcon_core.package_identification:_identify(venv/lib/python3.12/site-packages/pip) by extensions ['colcon_meta']
[1.713s] Level 1:colcon.colcon_core.package_identification:_identify(venv/lib/python3.12/site-packages/pip) by extension 'colcon_meta'
[1.713s] Level 1:colcon.colcon_core.package_identification:_identify(venv/lib/python3.12/site-packages/pip) by extensions ['ros']
[1.713s] Level 1:colcon.colcon_core.package_identification:_identify(venv/lib/python3.12/site-packages/pip) by extension 'ros'
[1.713s] Level 1:colcon.colcon_core.package_identification:_identify(venv/lib/python3.12/site-packages/pip) by extensions ['cmake', 'python']
[1.713s] Level 1:colcon.colcon_core.package_identification:_identify(venv/lib/python3.12/site-packages/pip) by extension 'cmake'
[1.713s] Level 1:colcon.colcon_core.package_identification:_identify(venv/lib/python3.12/site-packages/pip) by extension 'python'
[1.713s] Level 1:colcon.colcon_core.package_identification:_identify(venv/lib/python3.12/site-packages/pip) by extensions ['python_setup_py']
[1.713s] Level 1:colcon.colcon_core.package_identification:_identify(venv/lib/python3.12/site-packages/pip) by extension 'python_setup_py'
[1.713s] Level 1:colcon.colcon_core.package_identification:_identify(venv/lib/python3.12/site-packages/pip/__pycache__) by extensions ['ignore', 'ignore_ament_install']
[1.713s] Level 1:colcon.colcon_core.package_identification:_identify(venv/lib/python3.12/site-packages/pip/__pycache__) by extension 'ignore'
[1.713s] Level 1:colcon.colcon_core.package_identification:_identify(venv/lib/python3.12/site-packages/pip/__pycache__) by extension 'ignore_ament_install'
[1.713s] Level 1:colcon.colcon_core.package_identification:_identify(venv/lib/python3.12/site-packages/pip/__pycache__) by extensions ['colcon_pkg']
[1.713s] Level 1:colcon.colcon_core.package_identification:_identify(venv/lib/python3.12/site-packages/pip/__pycache__) by extension 'colcon_pkg'
[1.714s] Level 1:colcon.colcon_core.package_identification:_identify(venv/lib/python3.12/site-packages/pip/__pycache__) by extensions ['colcon_meta']
[1.714s] Level 1:colcon.colcon_core.package_identification:_identify(venv/lib/python3.12/site-packages/pip/__pycache__) by extension 'colcon_meta'
[1.714s] Level 1:colcon.colcon_core.package_identification:_identify(venv/lib/python3.12/site-packages/pip/__pycache__) by extensions ['ros']
[1.714s] Level 1:colcon.colcon_core.package_identification:_identify(venv/lib/python3.12/site-packages/pip/__pycache__) by extension 'ros'
[1.714s] Level 1:colcon.colcon_core.package_identification:_identify(venv/lib/python3.12/site-packages/pip/__pycache__) by extensions ['cmake', 'python']
[1.714s] Level 1:colcon.colcon_core.package_identification:_identify(venv/lib/python3.12/site-packages/pip/__pycache__) by extension 'cmake'
[1.714s] Level 1:colcon.colcon_core.package_identification:_identify(venv/lib/python3.12/site-packages/pip/__pycache__) by extension 'python'
[1.714s] Level 1:colcon.colcon_core.package_identification:_identify(venv/lib/python3.12/site-packages/pip/__pycache__) by extensions ['python_setup_py']
[1.714s] Level 1:colcon.colcon_core.package_identification:_identify(venv/lib/python3.12/site-packages/pip/__pycache__) by extension 'python_setup_py'
[1.714s] Level 1:colcon.colcon_core.package_identification:_identify(venv/lib/python3.12/site-packages/pip/_internal) by extensions ['ignore', 'ignore_ament_install']
[1.714s] Level 1:colcon.colcon_core.package_identification:_identify(venv/lib/python3.12/site-packages/pip/_internal) by extension 'ignore'
[1.714s] Level 1:colcon.colcon_core.package_identification:_identify(venv/lib/python3.12/site-packages/pip/_internal) by extension 'ignore_ament_install'
[1.714s] Level 1:colcon.colcon_core.package_identification:_identify(venv/lib/python3.12/site-packages/pip/_internal) by extensions ['colcon_pkg']
[1.714s] Level 1:colcon.colcon_core.package_identification:_identify(venv/lib/python3.12/site-packages/pip/_internal) by extension 'colcon_pkg'
[1.714s] Level 1:colcon.colcon_core.package_identification:_identify(venv/lib/python3.12/site-packages/pip/_internal) by extensions ['colcon_meta']
[1.714s] Level 1:colcon.colcon_core.package_identification:_identify(venv/lib/python3.12/site-packages/pip/_internal) by extension 'colcon_meta'
[1.714s] Level 1:colcon.colcon_core.package_identification:_identify(venv/lib/python3.12/site-packages/pip/_internal) by extensions ['ros']
[1.714s] Level 1:colcon.colcon_core.package_identification:_identify(venv/lib/python3.12/site-packages/pip/_internal) by extension 'ros'
[1.715s] Level 1:colcon.colcon_core.package_identification:_identify(venv/lib/python3.12/site-packages/pip/_internal) by extensions ['cmake', 'python']
[1.715s] Level 1:colcon.colcon_core.package_identification:_identify(venv/lib/python3.12/site-packages/pip/_internal) by extension 'cmake'
[1.715s] Level 1:colcon.colcon_core.package_identification:_identify(venv/lib/python3.12/site-packages/pip/_internal) by extension 'python'
[1.715s] Level 1:colcon.colcon_core.package_identification:_identify(venv/lib/python3.12/site-packages/pip/_internal) by extensions ['python_setup_py']
[1.715s] Level 1:colcon.colcon_core.package_identification:_identify(venv/lib/python3.12/site-packages/pip/_internal) by extension 'python_setup_py'
[1.715s] Level 1:colcon.colcon_core.package_identification:_identify(venv/lib/python3.12/site-packages/pip/_internal/__pycache__) by extensions ['ignore', 'ignore_ament_install']
[1.715s] Level 1:colcon.colcon_core.package_identification:_identify(venv/lib/python3.12/site-packages/pip/_internal/__pycache__) by extension 'ignore'
[1.715s] Level 1:colcon.colcon_core.package_identification:_identify(venv/lib/python3.12/site-packages/pip/_internal/__pycache__) by extension 'ignore_ament_install'
[1.715s] Level 1:colcon.colcon_core.package_identification:_identify(venv/lib/python3.12/site-packages/pip/_internal/__pycache__) by extensions ['colcon_pkg']
[1.715s] Level 1:colcon.colcon_core.package_identification:_identify(venv/lib/python3.12/site-packages/pip/_internal/__pycache__) by extension 'colcon_pkg'
[1.715s] Level 1:colcon.colcon_core.package_identification:_identify(venv/lib/python3.12/site-packages/pip/_internal/__pycache__) by extensions ['colcon_meta']
[1.715s] Level 1:colcon.colcon_core.package_identification:_identify(venv/lib/python3.12/site-packages/pip/_internal/__pycache__) by extension 'colcon_meta'
[1.715s] Level 1:colcon.colcon_core.package_identification:_identify(venv/lib/python3.12/site-packages/pip/_internal/__pycache__) by extensions ['ros']
[1.715s] Level 1:colcon.colcon_core.package_identification:_identify(venv/lib/python3.12/site-packages/pip/_internal/__pycache__) by extension 'ros'
[1.715s] Level 1:colcon.colcon_core.package_identification:_identify(venv/lib/python3.12/site-packages/pip/_internal/__pycache__) by extensions ['cmake', 'python']
[1.716s] Level 1:colcon.colcon_core.package_identification:_identify(venv/lib/python3.12/site-packages/pip/_internal/__pycache__) by extension 'cmake'
[1.716s] Level 1:colcon.colcon_core.package_identification:_identify(venv/lib/python3.12/site-packages/pip/_internal/__pycache__) by extension 'python'
[1.716s] Level 1:colcon.colcon_core.package_identification:_identify(venv/lib/python3.12/site-packages/pip/_internal/__pycache__) by extensions ['python_setup_py']
[1.716s] Level 1:colcon.colcon_core.package_identification:_identify(venv/lib/python3.12/site-packages/pip/_internal/__pycache__) by extension 'python_setup_py'
[1.716s] Level 1:colcon.colcon_core.package_identification:_identify(venv/lib/python3.12/site-packages/pip/_internal/cli) by extensions ['ignore', 'ignore_ament_install']
[1.716s] Level 1:colcon.colcon_core.package_identification:_identify(venv/lib/python3.12/site-packages/pip/_internal/cli) by extension 'ignore'
[1.716s] Level 1:colcon.colcon_core.package_identification:_identify(venv/lib/python3.12/site-packages/pip/_internal/cli) by extension 'ignore_ament_install'
[1.716s] Level 1:colcon.colcon_core.package_identification:_identify(venv/lib/python3.12/site-packages/pip/_internal/cli) by extensions ['colcon_pkg']
[1.716s] Level 1:colcon.colcon_core.package_identification:_identify(venv/lib/python3.12/site-packages/pip/_internal/cli) by extension 'colcon_pkg'
[1.716s] Level 1:colcon.colcon_core.package_identification:_identify(venv/lib/python3.12/site-packages/pip/_internal/cli) by extensions ['colcon_meta']
[1.716s] Level 1:colcon.colcon_core.package_identification:_identify(venv/lib/python3.12/site-packages/pip/_internal/cli) by extension 'colcon_meta'
[1.716s] Level 1:colcon.colcon_core.package_identification:_identify(venv/lib/python3.12/site-packages/pip/_internal/cli) by extensions ['ros']
[1.716s] Level 1:colcon.colcon_core.package_identification:_identify(venv/lib/python3.12/site-packages/pip/_internal/cli) by extension 'ros'
[1.716s] Level 1:colcon.colcon_core.package_identification:_identify(venv/lib/python3.12/site-packages/pip/_internal/cli) by extensions ['cmake', 'python']
[1.716s] Level 1:colcon.colcon_core.package_identification:_identify(venv/lib/python3.12/site-packages/pip/_internal/cli) by extension 'cmake'
[1.716s] Level 1:colcon.colcon_core.package_identification:_identify(venv/lib/python3.12/site-packages/pip/_internal/cli) by extension 'python'
[1.716s] Level 1:colcon.colcon_core.package_identification:_identify(venv/lib/python3.12/site-packages/pip/_internal/cli) by extensions ['python_setup_py']
[1.716s] Level 1:colcon.colcon_core.package_identification:_identify(venv/lib/python3.12/site-packages/pip/_internal/cli) by extension 'python_setup_py'
[1.717s] Level 1:colcon.colcon_core.package_identification:_identify(venv/lib/python3.12/site-packages/pip/_internal/cli/__pycache__) by extensions ['ignore', 'ignore_ament_install']
[1.717s] Level 1:colcon.colcon_core.package_identification:_identify(venv/lib/python3.12/site-packages/pip/_internal/cli/__pycache__) by extension 'ignore'
[1.717s] Level 1:colcon.colcon_core.package_identification:_identify(venv/lib/python3.12/site-packages/pip/_internal/cli/__pycache__) by extension 'ignore_ament_install'
[1.717s] Level 1:colcon.colcon_core.package_identification:_identify(venv/lib/python3.12/site-packages/pip/_internal/cli/__pycache__) by extensions ['colcon_pkg']
[1.717s] Level 1:colcon.colcon_core.package_identification:_identify(venv/lib/python3.12/site-packages/pip/_internal/cli/__pycache__) by extension 'colcon_pkg'
[1.717s] Level 1:colcon.colcon_core.package_identification:_identify(venv/lib/python3.12/site-packages/pip/_internal/cli/__pycache__) by extensions ['colcon_meta']
[1.717s] Level 1:colcon.colcon_core.package_identification:_identify(venv/lib/python3.12/site-packages/pip/_internal/cli/__pycache__) by extension 'colcon_meta'
[1.717s] Level 1:colcon.colcon_core.package_identification:_identify(venv/lib/python3.12/site-packages/pip/_internal/cli/__pycache__) by extensions ['ros']
[1.717s] Level 1:colcon.colcon_core.package_identification:_identify(venv/lib/python3.12/site-packages/pip/_internal/cli/__pycache__) by extension 'ros'
[1.717s] Level 1:colcon.colcon_core.package_identification:_identify(venv/lib/python3.12/site-packages/pip/_internal/cli/__pycache__) by extensions ['cmake', 'python']
[1.717s] Level 1:colcon.colcon_core.package_identification:_identify(venv/lib/python3.12/site-packages/pip/_internal/cli/__pycache__) by extension 'cmake'
[1.717s] Level 1:colcon.colcon_core.package_identification:_identify(venv/lib/python3.12/site-packages/pip/_internal/cli/__pycache__) by extension 'python'
[1.717s] Level 1:colcon.colcon_core.package_identification:_identify(venv/lib/python3.12/site-packages/pip/_internal/cli/__pycache__) by extensions ['python_setup_py']
[1.717s] Level 1:colcon.colcon_core.package_identification:_identify(venv/lib/python3.12/site-packages/pip/_internal/cli/__pycache__) by extension 'python_setup_py'
[1.717s] Level 1:colcon.colcon_core.package_identification:_identify(venv/lib/python3.12/site-packages/pip/_internal/commands) by extensions ['ignore', 'ignore_ament_install']
[1.718s] Level 1:colcon.colcon_core.package_identification:_identify(venv/lib/python3.12/site-packages/pip/_internal/commands) by extension 'ignore'
[1.718s] Level 1:colcon.colcon_core.package_identification:_identify(venv/lib/python3.12/site-packages/pip/_internal/commands) by extension 'ignore_ament_install'
[1.718s] Level 1:colcon.colcon_core.package_identification:_identify(venv/lib/python3.12/site-packages/pip/_internal/commands) by extensions ['colcon_pkg']
[1.718s] Level 1:colcon.colcon_core.package_identification:_identify(venv/lib/python3.12/site-packages/pip/_internal/commands) by extension 'colcon_pkg'
[1.718s] Level 1:colcon.colcon_core.package_identification:_identify(venv/lib/python3.12/site-packages/pip/_internal/commands) by extensions ['colcon_meta']
[1.718s] Level 1:colcon.colcon_core.package_identification:_identify(venv/lib/python3.12/site-packages/pip/_internal/commands) by extension 'colcon_meta'
[1.718s] Level 1:colcon.colcon_core.package_identification:_identify(venv/lib/python3.12/site-packages/pip/_internal/commands) by extensions ['ros']
[1.718s] Level 1:colcon.colcon_core.package_identification:_identify(venv/lib/python3.12/site-packages/pip/_internal/commands) by extension 'ros'
[1.718s] Level 1:colcon.colcon_core.package_identification:_identify(venv/lib/python3.12/site-packages/pip/_internal/commands) by extensions ['cmake', 'python']
[1.718s] Level 1:colcon.colcon_core.package_identification:_identify(venv/lib/python3.12/site-packages/pip/_internal/commands) by extension 'cmake'
[1.718s] Level 1:colcon.colcon_core.package_identification:_identify(venv/lib/python3.12/site-packages/pip/_internal/commands) by extension 'python'
[1.718s] Level 1:colcon.colcon_core.package_identification:_identify(venv/lib/python3.12/site-packages/pip/_internal/commands) by extensions ['python_setup_py']
[1.718s] Level 1:colcon.colcon_core.package_identification:_identify(venv/lib/python3.12/site-packages/pip/_internal/commands) by extension 'python_setup_py'
[1.718s] Level 1:colcon.colcon_core.package_identification:_identify(venv/lib/python3.12/site-packages/pip/_internal/commands/__pycache__) by extensions ['ignore', 'ignore_ament_install']
[1.718s] Level 1:colcon.colcon_core.package_identification:_identify(venv/lib/python3.12/site-packages/pip/_internal/commands/__pycache__) by extension 'ignore'
[1.719s] Level 1:colcon.colcon_core.package_identification:_identify(venv/lib/python3.12/site-packages/pip/_internal/commands/__pycache__) by extension 'ignore_ament_install'
[1.719s] Level 1:colcon.colcon_core.package_identification:_identify(venv/lib/python3.12/site-packages/pip/_internal/commands/__pycache__) by extensions ['colcon_pkg']
[1.719s] Level 1:colcon.colcon_core.package_identification:_identify(venv/lib/python3.12/site-packages/pip/_internal/commands/__pycache__) by extension 'colcon_pkg'
[1.719s] Level 1:colcon.colcon_core.package_identification:_identify(venv/lib/python3.12/site-packages/pip/_internal/commands/__pycache__) by extensions ['colcon_meta']
[1.719s] Level 1:colcon.colcon_core.package_identification:_identify(venv/lib/python3.12/site-packages/pip/_internal/commands/__pycache__) by extension 'colcon_meta'
[1.719s] Level 1:colcon.colcon_core.package_identification:_identify(venv/lib/python3.12/site-packages/pip/_internal/commands/__pycache__) by extensions ['ros']
[1.719s] Level 1:colcon.colcon_core.package_identification:_identify(venv/lib/python3.12/site-packages/pip/_internal/commands/__pycache__) by extension 'ros'
[1.719s] Level 1:colcon.colcon_core.package_identification:_identify(venv/lib/python3.12/site-packages/pip/_internal/commands/__pycache__) by extensions ['cmake', 'python']
[1.719s] Level 1:colcon.colcon_core.package_identification:_identify(venv/lib/python3.12/site-packages/pip/_internal/commands/__pycache__) by extension 'cmake'
[1.719s] Level 1:colcon.colcon_core.package_identification:_identify(venv/lib/python3.12/site-packages/pip/_internal/commands/__pycache__) by extension 'python'
[1.719s] Level 1:colcon.colcon_core.package_identification:_identify(venv/lib/python3.12/site-packages/pip/_internal/commands/__pycache__) by extensions ['python_setup_py']
[1.719s] Level 1:colcon.colcon_core.package_identification:_identify(venv/lib/python3.12/site-packages/pip/_internal/commands/__pycache__) by extension 'python_setup_py'
[1.719s] Level 1:colcon.colcon_core.package_identification:_identify(venv/lib/python3.12/site-packages/pip/_internal/distributions) by extensions ['ignore', 'ignore_ament_install']
[1.719s] Level 1:colcon.colcon_core.package_identification:_identify(venv/lib/python3.12/site-packages/pip/_internal/distributions) by extension 'ignore'
[1.719s] Level 1:colcon.colcon_core.package_identification:_identify(venv/lib/python3.12/site-packages/pip/_internal/distributions) by extension 'ignore_ament_install'
[1.719s] Level 1:colcon.colcon_core.package_identification:_identify(venv/lib/python3.12/site-packages/pip/_internal/distributions) by extensions ['colcon_pkg']
[1.720s] Level 1:colcon.colcon_core.package_identification:_identify(venv/lib/python3.12/site-packages/pip/_internal/distributions) by extension 'colcon_pkg'
[1.720s] Level 1:colcon.colcon_core.package_identification:_identify(venv/lib/python3.12/site-packages/pip/_internal/distributions) by extensions ['colcon_meta']
[1.720s] Level 1:colcon.colcon_core.package_identification:_identify(venv/lib/python3.12/site-packages/pip/_internal/distributions) by extension 'colcon_meta'
[1.720s] Level 1:colcon.colcon_core.package_identification:_identify(venv/lib/python3.12/site-packages/pip/_internal/distributions) by extensions ['ros']
[1.720s] Level 1:colcon.colcon_core.package_identification:_identify(venv/lib/python3.12/site-packages/pip/_internal/distributions) by extension 'ros'
[1.720s] Level 1:colcon.colcon_core.package_identification:_identify(venv/lib/python3.12/site-packages/pip/_internal/distributions) by extensions ['cmake', 'python']
[1.720s] Level 1:colcon.colcon_core.package_identification:_identify(venv/lib/python3.12/site-packages/pip/_internal/distributions) by extension 'cmake'
[1.720s] Level 1:colcon.colcon_core.package_identification:_identify(venv/lib/python3.12/site-packages/pip/_internal/distributions) by extension 'python'
[1.720s] Level 1:colcon.colcon_core.package_identification:_identify(venv/lib/python3.12/site-packages/pip/_internal/distributions) by extensions ['python_setup_py']
[1.720s] Level 1:colcon.colcon_core.package_identification:_identify(venv/lib/python3.12/site-packages/pip/_internal/distributions) by extension 'python_setup_py'
[1.720s] Level 1:colcon.colcon_core.package_identification:_identify(venv/lib/python3.12/site-packages/pip/_internal/distributions/__pycache__) by extensions ['ignore', 'ignore_ament_install']
[1.720s] Level 1:colcon.colcon_core.package_identification:_identify(venv/lib/python3.12/site-packages/pip/_internal/distributions/__pycache__) by extension 'ignore'
[1.720s] Level 1:colcon.colcon_core.package_identification:_identify(venv/lib/python3.12/site-packages/pip/_internal/distributions/__pycache__) by extension 'ignore_ament_install'
[1.720s] Level 1:colcon.colcon_core.package_identification:_identify(venv/lib/python3.12/site-packages/pip/_internal/distributions/__pycache__) by extensions ['colcon_pkg']
[1.720s] Level 1:colcon.colcon_core.package_identification:_identify(venv/lib/python3.12/site-packages/pip/_internal/distributions/__pycache__) by extension 'colcon_pkg'
[1.720s] Level 1:colcon.colcon_core.package_identification:_identify(venv/lib/python3.12/site-packages/pip/_internal/distributions/__pycache__) by extensions ['colcon_meta']
[1.720s] Level 1:colcon.colcon_core.package_identification:_identify(venv/lib/python3.12/site-packages/pip/_internal/distributions/__pycache__) by extension 'colcon_meta'
[1.721s] Level 1:colcon.colcon_core.package_identification:_identify(venv/lib/python3.12/site-packages/pip/_internal/distributions/__pycache__) by extensions ['ros']
[1.721s] Level 1:colcon.colcon_core.package_identification:_identify(venv/lib/python3.12/site-packages/pip/_internal/distributions/__pycache__) by extension 'ros'
[1.721s] Level 1:colcon.colcon_core.package_identification:_identify(venv/lib/python3.12/site-packages/pip/_internal/distributions/__pycache__) by extensions ['cmake', 'python']
[1.721s] Level 1:colcon.colcon_core.package_identification:_identify(venv/lib/python3.12/site-packages/pip/_internal/distributions/__pycache__) by extension 'cmake'
[1.721s] Level 1:colcon.colcon_core.package_identification:_identify(venv/lib/python3.12/site-packages/pip/_internal/distributions/__pycache__) by extension 'python'
[1.721s] Level 1:colcon.colcon_core.package_identification:_identify(venv/lib/python3.12/site-packages/pip/_internal/distributions/__pycache__) by extensions ['python_setup_py']
[1.721s] Level 1:colcon.colcon_core.package_identification:_identify(venv/lib/python3.12/site-packages/pip/_internal/distributions/__pycache__) by extension 'python_setup_py'
[1.721s] Level 1:colcon.colcon_core.package_identification:_identify(venv/lib/python3.12/site-packages/pip/_internal/index) by extensions ['ignore', 'ignore_ament_install']
[1.721s] Level 1:colcon.colcon_core.package_identification:_identify(venv/lib/python3.12/site-packages/pip/_internal/index) by extension 'ignore'
[1.721s] Level 1:colcon.colcon_core.package_identification:_identify(venv/lib/python3.12/site-packages/pip/_internal/index) by extension 'ignore_ament_install'
[1.721s] Level 1:colcon.colcon_core.package_identification:_identify(venv/lib/python3.12/site-packages/pip/_internal/index) by extensions ['colcon_pkg']
[1.721s] Level 1:colcon.colcon_core.package_identification:_identify(venv/lib/python3.12/site-packages/pip/_internal/index) by extension 'colcon_pkg'
[1.721s] Level 1:colcon.colcon_core.package_identification:_identify(venv/lib/python3.12/site-packages/pip/_internal/index) by extensions ['colcon_meta']
[1.721s] Level 1:colcon.colcon_core.package_identification:_identify(venv/lib/python3.12/site-packages/pip/_internal/index) by extension 'colcon_meta'
[1.721s] Level 1:colcon.colcon_core.package_identification:_identify(venv/lib/python3.12/site-packages/pip/_internal/index) by extensions ['ros']
[1.721s] Level 1:colcon.colcon_core.package_identification:_identify(venv/lib/python3.12/site-packages/pip/_internal/index) by extension 'ros'
[1.721s] Level 1:colcon.colcon_core.package_identification:_identify(venv/lib/python3.12/site-packages/pip/_internal/index) by extensions ['cmake', 'python']
[1.722s] Level 1:colcon.colcon_core.package_identification:_identify(venv/lib/python3.12/site-packages/pip/_internal/index) by extension 'cmake'
[1.722s] Level 1:colcon.colcon_core.package_identification:_identify(venv/lib/python3.12/site-packages/pip/_internal/index) by extension 'python'
[1.722s] Level 1:colcon.colcon_core.package_identification:_identify(venv/lib/python3.12/site-packages/pip/_internal/index) by extensions ['python_setup_py']
[1.722s] Level 1:colcon.colcon_core.package_identification:_identify(venv/lib/python3.12/site-packages/pip/_internal/index) by extension 'python_setup_py'
[1.722s] Level 1:colcon.colcon_core.package_identification:_identify(venv/lib/python3.12/site-packages/pip/_internal/index/__pycache__) by extensions ['ignore', 'ignore_ament_install']
[1.722s] Level 1:colcon.colcon_core.package_identification:_identify(venv/lib/python3.12/site-packages/pip/_internal/index/__pycache__) by extension 'ignore'
[1.722s] Level 1:colcon.colcon_core.package_identification:_identify(venv/lib/python3.12/site-packages/pip/_internal/index/__pycache__) by extension 'ignore_ament_install'
[1.722s] Level 1:colcon.colcon_core.package_identification:_identify(venv/lib/python3.12/site-packages/pip/_internal/index/__pycache__) by extensions ['colcon_pkg']
[1.722s] Level 1:colcon.colcon_core.package_identification:_identify(venv/lib/python3.12/site-packages/pip/_internal/index/__pycache__) by extension 'colcon_pkg'
[1.722s] Level 1:colcon.colcon_core.package_identification:_identify(venv/lib/python3.12/site-packages/pip/_internal/index/__pycache__) by extensions ['colcon_meta']
[1.722s] Level 1:colcon.colcon_core.package_identification:_identify(venv/lib/python3.12/site-packages/pip/_internal/index/__pycache__) by extension 'colcon_meta'
[1.722s] Level 1:colcon.colcon_core.package_identification:_identify(venv/lib/python3.12/site-packages/pip/_internal/index/__pycache__) by extensions ['ros']
[1.722s] Level 1:colcon.colcon_core.package_identification:_identify(venv/lib/python3.12/site-packages/pip/_internal/index/__pycache__) by extension 'ros'
[1.722s] Level 1:colcon.colcon_core.package_identification:_identify(venv/lib/python3.12/site-packages/pip/_internal/index/__pycache__) by extensions ['cmake', 'python']
[1.722s] Level 1:colcon.colcon_core.package_identification:_identify(venv/lib/python3.12/site-packages/pip/_internal/index/__pycache__) by extension 'cmake'
[1.722s] Level 1:colcon.colcon_core.package_identification:_identify(venv/lib/python3.12/site-packages/pip/_internal/index/__pycache__) by extension 'python'
[1.722s] Level 1:colcon.colcon_core.package_identification:_identify(venv/lib/python3.12/site-packages/pip/_internal/index/__pycache__) by extensions ['python_setup_py']
[1.723s] Level 1:colcon.colcon_core.package_identification:_identify(venv/lib/python3.12/site-packages/pip/_internal/index/__pycache__) by extension 'python_setup_py'
[1.723s] Level 1:colcon.colcon_core.package_identification:_identify(venv/lib/python3.12/site-packages/pip/_internal/locations) by extensions ['ignore', 'ignore_ament_install']
[1.723s] Level 1:colcon.colcon_core.package_identification:_identify(venv/lib/python3.12/site-packages/pip/_internal/locations) by extension 'ignore'
[1.723s] Level 1:colcon.colcon_core.package_identification:_identify(venv/lib/python3.12/site-packages/pip/_internal/locations) by extension 'ignore_ament_install'
[1.723s] Level 1:colcon.colcon_core.package_identification:_identify(venv/lib/python3.12/site-packages/pip/_internal/locations) by extensions ['colcon_pkg']
[1.723s] Level 1:colcon.colcon_core.package_identification:_identify(venv/lib/python3.12/site-packages/pip/_internal/locations) by extension 'colcon_pkg'
[1.723s] Level 1:colcon.colcon_core.package_identification:_identify(venv/lib/python3.12/site-packages/pip/_internal/locations) by extensions ['colcon_meta']
[1.723s] Level 1:colcon.colcon_core.package_identification:_identify(venv/lib/python3.12/site-packages/pip/_internal/locations) by extension 'colcon_meta'
[1.723s] Level 1:colcon.colcon_core.package_identification:_identify(venv/lib/python3.12/site-packages/pip/_internal/locations) by extensions ['ros']
[1.723s] Level 1:colcon.colcon_core.package_identification:_identify(venv/lib/python3.12/site-packages/pip/_internal/locations) by extension 'ros'
[1.723s] Level 1:colcon.colcon_core.package_identification:_identify(venv/lib/python3.12/site-packages/pip/_internal/locations) by extensions ['cmake', 'python']
[1.723s] Level 1:colcon.colcon_core.package_identification:_identify(venv/lib/python3.12/site-packages/pip/_internal/locations) by extension 'cmake'
[1.723s] Level 1:colcon.colcon_core.package_identification:_identify(venv/lib/python3.12/site-packages/pip/_internal/locations) by extension 'python'
[1.723s] Level 1:colcon.colcon_core.package_identification:_identify(venv/lib/python3.12/site-packages/pip/_internal/locations) by extensions ['python_setup_py']
[1.723s] Level 1:colcon.colcon_core.package_identification:_identify(venv/lib/python3.12/site-packages/pip/_internal/locations) by extension 'python_setup_py'
[1.723s] Level 1:colcon.colcon_core.package_identification:_identify(venv/lib/python3.12/site-packages/pip/_internal/locations/__pycache__) by extensions ['ignore', 'ignore_ament_install']
[1.724s] Level 1:colcon.colcon_core.package_identification:_identify(venv/lib/python3.12/site-packages/pip/_internal/locations/__pycache__) by extension 'ignore'
[1.724s] Level 1:colcon.colcon_core.package_identification:_identify(venv/lib/python3.12/site-packages/pip/_internal/locations/__pycache__) by extension 'ignore_ament_install'
[1.724s] Level 1:colcon.colcon_core.package_identification:_identify(venv/lib/python3.12/site-packages/pip/_internal/locations/__pycache__) by extensions ['colcon_pkg']
[1.724s] Level 1:colcon.colcon_core.package_identification:_identify(venv/lib/python3.12/site-packages/pip/_internal/locations/__pycache__) by extension 'colcon_pkg'
[1.724s] Level 1:colcon.colcon_core.package_identification:_identify(venv/lib/python3.12/site-packages/pip/_internal/locations/__pycache__) by extensions ['colcon_meta']
[1.724s] Level 1:colcon.colcon_core.package_identification:_identify(venv/lib/python3.12/site-packages/pip/_internal/locations/__pycache__) by extension 'colcon_meta'
[1.724s] Level 1:colcon.colcon_core.package_identification:_identify(venv/lib/python3.12/site-packages/pip/_internal/locations/__pycache__) by extensions ['ros']
[1.724s] Level 1:colcon.colcon_core.package_identification:_identify(venv/lib/python3.12/site-packages/pip/_internal/locations/__pycache__) by extension 'ros'
[1.724s] Level 1:colcon.colcon_core.package_identification:_identify(venv/lib/python3.12/site-packages/pip/_internal/locations/__pycache__) by extensions ['cmake', 'python']
[1.724s] Level 1:colcon.colcon_core.package_identification:_identify(venv/lib/python3.12/site-packages/pip/_internal/locations/__pycache__) by extension 'cmake'
[1.724s] Level 1:colcon.colcon_core.package_identification:_identify(venv/lib/python3.12/site-packages/pip/_internal/locations/__pycache__) by extension 'python'
[1.724s] Level 1:colcon.colcon_core.package_identification:_identify(venv/lib/python3.12/site-packages/pip/_internal/locations/__pycache__) by extensions ['python_setup_py']
[1.724s] Level 1:colcon.colcon_core.package_identification:_identify(venv/lib/python3.12/site-packages/pip/_internal/locations/__pycache__) by extension 'python_setup_py'
[1.724s] Level 1:colcon.colcon_core.package_identification:_identify(venv/lib/python3.12/site-packages/pip/_internal/metadata) by extensions ['ignore', 'ignore_ament_install']
[1.724s] Level 1:colcon.colcon_core.package_identification:_identify(venv/lib/python3.12/site-packages/pip/_internal/metadata) by extension 'ignore'
[1.724s] Level 1:colcon.colcon_core.package_identification:_identify(venv/lib/python3.12/site-packages/pip/_internal/metadata) by extension 'ignore_ament_install'
[1.725s] Level 1:colcon.colcon_core.package_identification:_identify(venv/lib/python3.12/site-packages/pip/_internal/metadata) by extensions ['colcon_pkg']
[1.725s] Level 1:colcon.colcon_core.package_identification:_identify(venv/lib/python3.12/site-packages/pip/_internal/metadata) by extension 'colcon_pkg'
[1.725s] Level 1:colcon.colcon_core.package_identification:_identify(venv/lib/python3.12/site-packages/pip/_internal/metadata) by extensions ['colcon_meta']
[1.725s] Level 1:colcon.colcon_core.package_identification:_identify(venv/lib/python3.12/site-packages/pip/_internal/metadata) by extension 'colcon_meta'
[1.725s] Level 1:colcon.colcon_core.package_identification:_identify(venv/lib/python3.12/site-packages/pip/_internal/metadata) by extensions ['ros']
[1.725s] Level 1:colcon.colcon_core.package_identification:_identify(venv/lib/python3.12/site-packages/pip/_internal/metadata) by extension 'ros'
[1.725s] Level 1:colcon.colcon_core.package_identification:_identify(venv/lib/python3.12/site-packages/pip/_internal/metadata) by extensions ['cmake', 'python']
[1.725s] Level 1:colcon.colcon_core.package_identification:_identify(venv/lib/python3.12/site-packages/pip/_internal/metadata) by extension 'cmake'
[1.725s] Level 1:colcon.colcon_core.package_identification:_identify(venv/lib/python3.12/site-packages/pip/_internal/metadata) by extension 'python'
[1.725s] Level 1:colcon.colcon_core.package_identification:_identify(venv/lib/python3.12/site-packages/pip/_internal/metadata) by extensions ['python_setup_py']
[1.725s] Level 1:colcon.colcon_core.package_identification:_identify(venv/lib/python3.12/site-packages/pip/_internal/metadata) by extension 'python_setup_py'
[1.725s] Level 1:colcon.colcon_core.package_identification:_identify(venv/lib/python3.12/site-packages/pip/_internal/metadata/__pycache__) by extensions ['ignore', 'ignore_ament_install']
[1.725s] Level 1:colcon.colcon_core.package_identification:_identify(venv/lib/python3.12/site-packages/pip/_internal/metadata/__pycache__) by extension 'ignore'
[1.725s] Level 1:colcon.colcon_core.package_identification:_identify(venv/lib/python3.12/site-packages/pip/_internal/metadata/__pycache__) by extension 'ignore_ament_install'
[1.725s] Level 1:colcon.colcon_core.package_identification:_identify(venv/lib/python3.12/site-packages/pip/_internal/metadata/__pycache__) by extensions ['colcon_pkg']
[1.725s] Level 1:colcon.colcon_core.package_identification:_identify(venv/lib/python3.12/site-packages/pip/_internal/metadata/__pycache__) by extension 'colcon_pkg'
[1.726s] Level 1:colcon.colcon_core.package_identification:_identify(venv/lib/python3.12/site-packages/pip/_internal/metadata/__pycache__) by extensions ['colcon_meta']
[1.726s] Level 1:colcon.colcon_core.package_identification:_identify(venv/lib/python3.12/site-packages/pip/_internal/metadata/__pycache__) by extension 'colcon_meta'
[1.726s] Level 1:colcon.colcon_core.package_identification:_identify(venv/lib/python3.12/site-packages/pip/_internal/metadata/__pycache__) by extensions ['ros']
[1.726s] Level 1:colcon.colcon_core.package_identification:_identify(venv/lib/python3.12/site-packages/pip/_internal/metadata/__pycache__) by extension 'ros'
[1.726s] Level 1:colcon.colcon_core.package_identification:_identify(venv/lib/python3.12/site-packages/pip/_internal/metadata/__pycache__) by extensions ['cmake', 'python']
[1.726s] Level 1:colcon.colcon_core.package_identification:_identify(venv/lib/python3.12/site-packages/pip/_internal/metadata/__pycache__) by extension 'cmake'
[1.726s] Level 1:colcon.colcon_core.package_identification:_identify(venv/lib/python3.12/site-packages/pip/_internal/metadata/__pycache__) by extension 'python'
[1.726s] Level 1:colcon.colcon_core.package_identification:_identify(venv/lib/python3.12/site-packages/pip/_internal/metadata/__pycache__) by extensions ['python_setup_py']
[1.726s] Level 1:colcon.colcon_core.package_identification:_identify(venv/lib/python3.12/site-packages/pip/_internal/metadata/__pycache__) by extension 'python_setup_py'
[1.726s] Level 1:colcon.colcon_core.package_identification:_identify(venv/lib/python3.12/site-packages/pip/_internal/metadata/importlib) by extensions ['ignore', 'ignore_ament_install']
[1.726s] Level 1:colcon.colcon_core.package_identification:_identify(venv/lib/python3.12/site-packages/pip/_internal/metadata/importlib) by extension 'ignore'
[1.726s] Level 1:colcon.colcon_core.package_identification:_identify(venv/lib/python3.12/site-packages/pip/_internal/metadata/importlib) by extension 'ignore_ament_install'
[1.726s] Level 1:colcon.colcon_core.package_identification:_identify(venv/lib/python3.12/site-packages/pip/_internal/metadata/importlib) by extensions ['colcon_pkg']
[1.726s] Level 1:colcon.colcon_core.package_identification:_identify(venv/lib/python3.12/site-packages/pip/_internal/metadata/importlib) by extension 'colcon_pkg'
[1.726s] Level 1:colcon.colcon_core.package_identification:_identify(venv/lib/python3.12/site-packages/pip/_internal/metadata/importlib) by extensions ['colcon_meta']
[1.726s] Level 1:colcon.colcon_core.package_identification:_identify(venv/lib/python3.12/site-packages/pip/_internal/metadata/importlib) by extension 'colcon_meta'
[1.726s] Level 1:colcon.colcon_core.package_identification:_identify(venv/lib/python3.12/site-packages/pip/_internal/metadata/importlib) by extensions ['ros']
[1.726s] Level 1:colcon.colcon_core.package_identification:_identify(venv/lib/python3.12/site-packages/pip/_internal/metadata/importlib) by extension 'ros'
[1.727s] Level 1:colcon.colcon_core.package_identification:_identify(venv/lib/python3.12/site-packages/pip/_internal/metadata/importlib) by extensions ['cmake', 'python']
[1.727s] Level 1:colcon.colcon_core.package_identification:_identify(venv/lib/python3.12/site-packages/pip/_internal/metadata/importlib) by extension 'cmake'
[1.727s] Level 1:colcon.colcon_core.package_identification:_identify(venv/lib/python3.12/site-packages/pip/_internal/metadata/importlib) by extension 'python'
[1.727s] Level 1:colcon.colcon_core.package_identification:_identify(venv/lib/python3.12/site-packages/pip/_internal/metadata/importlib) by extensions ['python_setup_py']
[1.727s] Level 1:colcon.colcon_core.package_identification:_identify(venv/lib/python3.12/site-packages/pip/_internal/metadata/importlib) by extension 'python_setup_py'
[1.727s] Level 1:colcon.colcon_core.package_identification:_identify(venv/lib/python3.12/site-packages/pip/_internal/metadata/importlib/__pycache__) by extensions ['ignore', 'ignore_ament_install']
[1.727s] Level 1:colcon.colcon_core.package_identification:_identify(venv/lib/python3.12/site-packages/pip/_internal/metadata/importlib/__pycache__) by extension 'ignore'
[1.727s] Level 1:colcon.colcon_core.package_identification:_identify(venv/lib/python3.12/site-packages/pip/_internal/metadata/importlib/__pycache__) by extension 'ignore_ament_install'
[1.727s] Level 1:colcon.colcon_core.package_identification:_identify(venv/lib/python3.12/site-packages/pip/_internal/metadata/importlib/__pycache__) by extensions ['colcon_pkg']
[1.727s] Level 1:colcon.colcon_core.package_identification:_identify(venv/lib/python3.12/site-packages/pip/_internal/metadata/importlib/__pycache__) by extension 'colcon_pkg'
[1.727s] Level 1:colcon.colcon_core.package_identification:_identify(venv/lib/python3.12/site-packages/pip/_internal/metadata/importlib/__pycache__) by extensions ['colcon_meta']
[1.727s] Level 1:colcon.colcon_core.package_identification:_identify(venv/lib/python3.12/site-packages/pip/_internal/metadata/importlib/__pycache__) by extension 'colcon_meta'
[1.727s] Level 1:colcon.colcon_core.package_identification:_identify(venv/lib/python3.12/site-packages/pip/_internal/metadata/importlib/__pycache__) by extensions ['ros']
[1.727s] Level 1:colcon.colcon_core.package_identification:_identify(venv/lib/python3.12/site-packages/pip/_internal/metadata/importlib/__pycache__) by extension 'ros'
[1.727s] Level 1:colcon.colcon_core.package_identification:_identify(venv/lib/python3.12/site-packages/pip/_internal/metadata/importlib/__pycache__) by extensions ['cmake', 'python']
[1.728s] Level 1:colcon.colcon_core.package_identification:_identify(venv/lib/python3.12/site-packages/pip/_internal/metadata/importlib/__pycache__) by extension 'cmake'
[1.728s] Level 1:colcon.colcon_core.package_identification:_identify(venv/lib/python3.12/site-packages/pip/_internal/metadata/importlib/__pycache__) by extension 'python'
[1.728s] Level 1:colcon.colcon_core.package_identification:_identify(venv/lib/python3.12/site-packages/pip/_internal/metadata/importlib/__pycache__) by extensions ['python_setup_py']
[1.728s] Level 1:colcon.colcon_core.package_identification:_identify(venv/lib/python3.12/site-packages/pip/_internal/metadata/importlib/__pycache__) by extension 'python_setup_py'
[1.728s] Level 1:colcon.colcon_core.package_identification:_identify(venv/lib/python3.12/site-packages/pip/_internal/models) by extensions ['ignore', 'ignore_ament_install']
[1.728s] Level 1:colcon.colcon_core.package_identification:_identify(venv/lib/python3.12/site-packages/pip/_internal/models) by extension 'ignore'
[1.728s] Level 1:colcon.colcon_core.package_identification:_identify(venv/lib/python3.12/site-packages/pip/_internal/models) by extension 'ignore_ament_install'
[1.728s] Level 1:colcon.colcon_core.package_identification:_identify(venv/lib/python3.12/site-packages/pip/_internal/models) by extensions ['colcon_pkg']
[1.728s] Level 1:colcon.colcon_core.package_identification:_identify(venv/lib/python3.12/site-packages/pip/_internal/models) by extension 'colcon_pkg'
[1.728s] Level 1:colcon.colcon_core.package_identification:_identify(venv/lib/python3.12/site-packages/pip/_internal/models) by extensions ['colcon_meta']
[1.728s] Level 1:colcon.colcon_core.package_identification:_identify(venv/lib/python3.12/site-packages/pip/_internal/models) by extension 'colcon_meta'
[1.728s] Level 1:colcon.colcon_core.package_identification:_identify(venv/lib/python3.12/site-packages/pip/_internal/models) by extensions ['ros']
[1.728s] Level 1:colcon.colcon_core.package_identification:_identify(venv/lib/python3.12/site-packages/pip/_internal/models) by extension 'ros'
[1.728s] Level 1:colcon.colcon_core.package_identification:_identify(venv/lib/python3.12/site-packages/pip/_internal/models) by extensions ['cmake', 'python']
[1.728s] Level 1:colcon.colcon_core.package_identification:_identify(venv/lib/python3.12/site-packages/pip/_internal/models) by extension 'cmake'
[1.728s] Level 1:colcon.colcon_core.package_identification:_identify(venv/lib/python3.12/site-packages/pip/_internal/models) by extension 'python'
[1.728s] Level 1:colcon.colcon_core.package_identification:_identify(venv/lib/python3.12/site-packages/pip/_internal/models) by extensions ['python_setup_py']
[1.728s] Level 1:colcon.colcon_core.package_identification:_identify(venv/lib/python3.12/site-packages/pip/_internal/models) by extension 'python_setup_py'
[1.729s] Level 1:colcon.colcon_core.package_identification:_identify(venv/lib/python3.12/site-packages/pip/_internal/models/__pycache__) by extensions ['ignore', 'ignore_ament_install']
[1.729s] Level 1:colcon.colcon_core.package_identification:_identify(venv/lib/python3.12/site-packages/pip/_internal/models/__pycache__) by extension 'ignore'
[1.729s] Level 1:colcon.colcon_core.package_identification:_identify(venv/lib/python3.12/site-packages/pip/_internal/models/__pycache__) by extension 'ignore_ament_install'
[1.729s] Level 1:colcon.colcon_core.package_identification:_identify(venv/lib/python3.12/site-packages/pip/_internal/models/__pycache__) by extensions ['colcon_pkg']
[1.729s] Level 1:colcon.colcon_core.package_identification:_identify(venv/lib/python3.12/site-packages/pip/_internal/models/__pycache__) by extension 'colcon_pkg'
[1.729s] Level 1:colcon.colcon_core.package_identification:_identify(venv/lib/python3.12/site-packages/pip/_internal/models/__pycache__) by extensions ['colcon_meta']
[1.729s] Level 1:colcon.colcon_core.package_identification:_identify(venv/lib/python3.12/site-packages/pip/_internal/models/__pycache__) by extension 'colcon_meta'
[1.729s] Level 1:colcon.colcon_core.package_identification:_identify(venv/lib/python3.12/site-packages/pip/_internal/models/__pycache__) by extensions ['ros']
[1.729s] Level 1:colcon.colcon_core.package_identification:_identify(venv/lib/python3.12/site-packages/pip/_internal/models/__pycache__) by extension 'ros'
[1.729s] Level 1:colcon.colcon_core.package_identification:_identify(venv/lib/python3.12/site-packages/pip/_internal/models/__pycache__) by extensions ['cmake', 'python']
[1.729s] Level 1:colcon.colcon_core.package_identification:_identify(venv/lib/python3.12/site-packages/pip/_internal/models/__pycache__) by extension 'cmake'
[1.729s] Level 1:colcon.colcon_core.package_identification:_identify(venv/lib/python3.12/site-packages/pip/_internal/models/__pycache__) by extension 'python'
[1.729s] Level 1:colcon.colcon_core.package_identification:_identify(venv/lib/python3.12/site-packages/pip/_internal/models/__pycache__) by extensions ['python_setup_py']
[1.729s] Level 1:colcon.colcon_core.package_identification:_identify(venv/lib/python3.12/site-packages/pip/_internal/models/__pycache__) by extension 'python_setup_py'
[1.729s] Level 1:colcon.colcon_core.package_identification:_identify(venv/lib/python3.12/site-packages/pip/_internal/network) by extensions ['ignore', 'ignore_ament_install']
[1.730s] Level 1:colcon.colcon_core.package_identification:_identify(venv/lib/python3.12/site-packages/pip/_internal/network) by extension 'ignore'
[1.730s] Level 1:colcon.colcon_core.package_identification:_identify(venv/lib/python3.12/site-packages/pip/_internal/network) by extension 'ignore_ament_install'
[1.730s] Level 1:colcon.colcon_core.package_identification:_identify(venv/lib/python3.12/site-packages/pip/_internal/network) by extensions ['colcon_pkg']
[1.730s] Level 1:colcon.colcon_core.package_identification:_identify(venv/lib/python3.12/site-packages/pip/_internal/network) by extension 'colcon_pkg'
[1.730s] Level 1:colcon.colcon_core.package_identification:_identify(venv/lib/python3.12/site-packages/pip/_internal/network) by extensions ['colcon_meta']
[1.730s] Level 1:colcon.colcon_core.package_identification:_identify(venv/lib/python3.12/site-packages/pip/_internal/network) by extension 'colcon_meta'
[1.730s] Level 1:colcon.colcon_core.package_identification:_identify(venv/lib/python3.12/site-packages/pip/_internal/network) by extensions ['ros']
[1.730s] Level 1:colcon.colcon_core.package_identification:_identify(venv/lib/python3.12/site-packages/pip/_internal/network) by extension 'ros'
[1.730s] Level 1:colcon.colcon_core.package_identification:_identify(venv/lib/python3.12/site-packages/pip/_internal/network) by extensions ['cmake', 'python']
[1.730s] Level 1:colcon.colcon_core.package_identification:_identify(venv/lib/python3.12/site-packages/pip/_internal/network) by extension 'cmake'
[1.730s] Level 1:colcon.colcon_core.package_identification:_identify(venv/lib/python3.12/site-packages/pip/_internal/network) by extension 'python'
[1.730s] Level 1:colcon.colcon_core.package_identification:_identify(venv/lib/python3.12/site-packages/pip/_internal/network) by extensions ['python_setup_py']
[1.730s] Level 1:colcon.colcon_core.package_identification:_identify(venv/lib/python3.12/site-packages/pip/_internal/network) by extension 'python_setup_py'
[1.730s] Level 1:colcon.colcon_core.package_identification:_identify(venv/lib/python3.12/site-packages/pip/_internal/network/__pycache__) by extensions ['ignore', 'ignore_ament_install']
[1.730s] Level 1:colcon.colcon_core.package_identification:_identify(venv/lib/python3.12/site-packages/pip/_internal/network/__pycache__) by extension 'ignore'
[1.730s] Level 1:colcon.colcon_core.package_identification:_identify(venv/lib/python3.12/site-packages/pip/_internal/network/__pycache__) by extension 'ignore_ament_install'
[1.731s] Level 1:colcon.colcon_core.package_identification:_identify(venv/lib/python3.12/site-packages/pip/_internal/network/__pycache__) by extensions ['colcon_pkg']
[1.731s] Level 1:colcon.colcon_core.package_identification:_identify(venv/lib/python3.12/site-packages/pip/_internal/network/__pycache__) by extension 'colcon_pkg'
[1.731s] Level 1:colcon.colcon_core.package_identification:_identify(venv/lib/python3.12/site-packages/pip/_internal/network/__pycache__) by extensions ['colcon_meta']
[1.731s] Level 1:colcon.colcon_core.package_identification:_identify(venv/lib/python3.12/site-packages/pip/_internal/network/__pycache__) by extension 'colcon_meta'
[1.731s] Level 1:colcon.colcon_core.package_identification:_identify(venv/lib/python3.12/site-packages/pip/_internal/network/__pycache__) by extensions ['ros']
[1.731s] Level 1:colcon.colcon_core.package_identification:_identify(venv/lib/python3.12/site-packages/pip/_internal/network/__pycache__) by extension 'ros'
[1.731s] Level 1:colcon.colcon_core.package_identification:_identify(venv/lib/python3.12/site-packages/pip/_internal/network/__pycache__) by extensions ['cmake', 'python']
[1.731s] Level 1:colcon.colcon_core.package_identification:_identify(venv/lib/python3.12/site-packages/pip/_internal/network/__pycache__) by extension 'cmake'
[1.731s] Level 1:colcon.colcon_core.package_identification:_identify(venv/lib/python3.12/site-packages/pip/_internal/network/__pycache__) by extension 'python'
[1.731s] Level 1:colcon.colcon_core.package_identification:_identify(venv/lib/python3.12/site-packages/pip/_internal/network/__pycache__) by extensions ['python_setup_py']
[1.731s] Level 1:colcon.colcon_core.package_identification:_identify(venv/lib/python3.12/site-packages/pip/_internal/network/__pycache__) by extension 'python_setup_py'
[1.731s] Level 1:colcon.colcon_core.package_identification:_identify(venv/lib/python3.12/site-packages/pip/_internal/operations) by extensions ['ignore', 'ignore_ament_install']
[1.731s] Level 1:colcon.colcon_core.package_identification:_identify(venv/lib/python3.12/site-packages/pip/_internal/operations) by extension 'ignore'
[1.731s] Level 1:colcon.colcon_core.package_identification:_identify(venv/lib/python3.12/site-packages/pip/_internal/operations) by extension 'ignore_ament_install'
[1.731s] Level 1:colcon.colcon_core.package_identification:_identify(venv/lib/python3.12/site-packages/pip/_internal/operations) by extensions ['colcon_pkg']
[1.731s] Level 1:colcon.colcon_core.package_identification:_identify(venv/lib/python3.12/site-packages/pip/_internal/operations) by extension 'colcon_pkg'
[1.731s] Level 1:colcon.colcon_core.package_identification:_identify(venv/lib/python3.12/site-packages/pip/_internal/operations) by extensions ['colcon_meta']
[1.732s] Level 1:colcon.colcon_core.package_identification:_identify(venv/lib/python3.12/site-packages/pip/_internal/operations) by extension 'colcon_meta'
[1.732s] Level 1:colcon.colcon_core.package_identification:_identify(venv/lib/python3.12/site-packages/pip/_internal/operations) by extensions ['ros']
[1.732s] Level 1:colcon.colcon_core.package_identification:_identify(venv/lib/python3.12/site-packages/pip/_internal/operations) by extension 'ros'
[1.732s] Level 1:colcon.colcon_core.package_identification:_identify(venv/lib/python3.12/site-packages/pip/_internal/operations) by extensions ['cmake', 'python']
[1.732s] Level 1:colcon.colcon_core.package_identification:_identify(venv/lib/python3.12/site-packages/pip/_internal/operations) by extension 'cmake'
[1.732s] Level 1:colcon.colcon_core.package_identification:_identify(venv/lib/python3.12/site-packages/pip/_internal/operations) by extension 'python'
[1.732s] Level 1:colcon.colcon_core.package_identification:_identify(venv/lib/python3.12/site-packages/pip/_internal/operations) by extensions ['python_setup_py']
[1.732s] Level 1:colcon.colcon_core.package_identification:_identify(venv/lib/python3.12/site-packages/pip/_internal/operations) by extension 'python_setup_py'
[1.732s] Level 1:colcon.colcon_core.package_identification:_identify(venv/lib/python3.12/site-packages/pip/_internal/operations/__pycache__) by extensions ['ignore', 'ignore_ament_install']
[1.732s] Level 1:colcon.colcon_core.package_identification:_identify(venv/lib/python3.12/site-packages/pip/_internal/operations/__pycache__) by extension 'ignore'
[1.732s] Level 1:colcon.colcon_core.package_identification:_identify(venv/lib/python3.12/site-packages/pip/_internal/operations/__pycache__) by extension 'ignore_ament_install'
[1.732s] Level 1:colcon.colcon_core.package_identification:_identify(venv/lib/python3.12/site-packages/pip/_internal/operations/__pycache__) by extensions ['colcon_pkg']
[1.732s] Level 1:colcon.colcon_core.package_identification:_identify(venv/lib/python3.12/site-packages/pip/_internal/operations/__pycache__) by extension 'colcon_pkg'
[1.732s] Level 1:colcon.colcon_core.package_identification:_identify(venv/lib/python3.12/site-packages/pip/_internal/operations/__pycache__) by extensions ['colcon_meta']
[1.732s] Level 1:colcon.colcon_core.package_identification:_identify(venv/lib/python3.12/site-packages/pip/_internal/operations/__pycache__) by extension 'colcon_meta'
[1.732s] Level 1:colcon.colcon_core.package_identification:_identify(venv/lib/python3.12/site-packages/pip/_internal/operations/__pycache__) by extensions ['ros']
[1.732s] Level 1:colcon.colcon_core.package_identification:_identify(venv/lib/python3.12/site-packages/pip/_internal/operations/__pycache__) by extension 'ros'
[1.733s] Level 1:colcon.colcon_core.package_identification:_identify(venv/lib/python3.12/site-packages/pip/_internal/operations/__pycache__) by extensions ['cmake', 'python']
[1.733s] Level 1:colcon.colcon_core.package_identification:_identify(venv/lib/python3.12/site-packages/pip/_internal/operations/__pycache__) by extension 'cmake'
[1.733s] Level 1:colcon.colcon_core.package_identification:_identify(venv/lib/python3.12/site-packages/pip/_internal/operations/__pycache__) by extension 'python'
[1.733s] Level 1:colcon.colcon_core.package_identification:_identify(venv/lib/python3.12/site-packages/pip/_internal/operations/__pycache__) by extensions ['python_setup_py']
[1.733s] Level 1:colcon.colcon_core.package_identification:_identify(venv/lib/python3.12/site-packages/pip/_internal/operations/__pycache__) by extension 'python_setup_py'
[1.733s] Level 1:colcon.colcon_core.package_identification:_identify(venv/lib/python3.12/site-packages/pip/_internal/operations/build) by extensions ['ignore', 'ignore_ament_install']
[1.733s] Level 1:colcon.colcon_core.package_identification:_identify(venv/lib/python3.12/site-packages/pip/_internal/operations/build) by extension 'ignore'
[1.733s] Level 1:colcon.colcon_core.package_identification:_identify(venv/lib/python3.12/site-packages/pip/_internal/operations/build) by extension 'ignore_ament_install'
[1.733s] Level 1:colcon.colcon_core.package_identification:_identify(venv/lib/python3.12/site-packages/pip/_internal/operations/build) by extensions ['colcon_pkg']
[1.733s] Level 1:colcon.colcon_core.package_identification:_identify(venv/lib/python3.12/site-packages/pip/_internal/operations/build) by extension 'colcon_pkg'
[1.733s] Level 1:colcon.colcon_core.package_identification:_identify(venv/lib/python3.12/site-packages/pip/_internal/operations/build) by extensions ['colcon_meta']
[1.733s] Level 1:colcon.colcon_core.package_identification:_identify(venv/lib/python3.12/site-packages/pip/_internal/operations/build) by extension 'colcon_meta'
[1.733s] Level 1:colcon.colcon_core.package_identification:_identify(venv/lib/python3.12/site-packages/pip/_internal/operations/build) by extensions ['ros']
[1.733s] Level 1:colcon.colcon_core.package_identification:_identify(venv/lib/python3.12/site-packages/pip/_internal/operations/build) by extension 'ros'
[1.733s] Level 1:colcon.colcon_core.package_identification:_identify(venv/lib/python3.12/site-packages/pip/_internal/operations/build) by extensions ['cmake', 'python']
[1.733s] Level 1:colcon.colcon_core.package_identification:_identify(venv/lib/python3.12/site-packages/pip/_internal/operations/build) by extension 'cmake'
[1.734s] Level 1:colcon.colcon_core.package_identification:_identify(venv/lib/python3.12/site-packages/pip/_internal/operations/build) by extension 'python'
[1.734s] Level 1:colcon.colcon_core.package_identification:_identify(venv/lib/python3.12/site-packages/pip/_internal/operations/build) by extensions ['python_setup_py']
[1.734s] Level 1:colcon.colcon_core.package_identification:_identify(venv/lib/python3.12/site-packages/pip/_internal/operations/build) by extension 'python_setup_py'
[1.734s] Level 1:colcon.colcon_core.package_identification:_identify(venv/lib/python3.12/site-packages/pip/_internal/operations/build/__pycache__) by extensions ['ignore', 'ignore_ament_install']
[1.734s] Level 1:colcon.colcon_core.package_identification:_identify(venv/lib/python3.12/site-packages/pip/_internal/operations/build/__pycache__) by extension 'ignore'
[1.734s] Level 1:colcon.colcon_core.package_identification:_identify(venv/lib/python3.12/site-packages/pip/_internal/operations/build/__pycache__) by extension 'ignore_ament_install'
[1.734s] Level 1:colcon.colcon_core.package_identification:_identify(venv/lib/python3.12/site-packages/pip/_internal/operations/build/__pycache__) by extensions ['colcon_pkg']
[1.734s] Level 1:colcon.colcon_core.package_identification:_identify(venv/lib/python3.12/site-packages/pip/_internal/operations/build/__pycache__) by extension 'colcon_pkg'
[1.734s] Level 1:colcon.colcon_core.package_identification:_identify(venv/lib/python3.12/site-packages/pip/_internal/operations/build/__pycache__) by extensions ['colcon_meta']
[1.734s] Level 1:colcon.colcon_core.package_identification:_identify(venv/lib/python3.12/site-packages/pip/_internal/operations/build/__pycache__) by extension 'colcon_meta'
[1.734s] Level 1:colcon.colcon_core.package_identification:_identify(venv/lib/python3.12/site-packages/pip/_internal/operations/build/__pycache__) by extensions ['ros']
[1.734s] Level 1:colcon.colcon_core.package_identification:_identify(venv/lib/python3.12/site-packages/pip/_internal/operations/build/__pycache__) by extension 'ros'
[1.734s] Level 1:colcon.colcon_core.package_identification:_identify(venv/lib/python3.12/site-packages/pip/_internal/operations/build/__pycache__) by extensions ['cmake', 'python']
[1.734s] Level 1:colcon.colcon_core.package_identification:_identify(venv/lib/python3.12/site-packages/pip/_internal/operations/build/__pycache__) by extension 'cmake'
[1.734s] Level 1:colcon.colcon_core.package_identification:_identify(venv/lib/python3.12/site-packages/pip/_internal/operations/build/__pycache__) by extension 'python'
[1.734s] Level 1:colcon.colcon_core.package_identification:_identify(venv/lib/python3.12/site-packages/pip/_internal/operations/build/__pycache__) by extensions ['python_setup_py']
[1.734s] Level 1:colcon.colcon_core.package_identification:_identify(venv/lib/python3.12/site-packages/pip/_internal/operations/build/__pycache__) by extension 'python_setup_py'
[1.735s] Level 1:colcon.colcon_core.package_identification:_identify(venv/lib/python3.12/site-packages/pip/_internal/operations/install) by extensions ['ignore', 'ignore_ament_install']
[1.735s] Level 1:colcon.colcon_core.package_identification:_identify(venv/lib/python3.12/site-packages/pip/_internal/operations/install) by extension 'ignore'
[1.735s] Level 1:colcon.colcon_core.package_identification:_identify(venv/lib/python3.12/site-packages/pip/_internal/operations/install) by extension 'ignore_ament_install'
[1.735s] Level 1:colcon.colcon_core.package_identification:_identify(venv/lib/python3.12/site-packages/pip/_internal/operations/install) by extensions ['colcon_pkg']
[1.735s] Level 1:colcon.colcon_core.package_identification:_identify(venv/lib/python3.12/site-packages/pip/_internal/operations/install) by extension 'colcon_pkg'
[1.735s] Level 1:colcon.colcon_core.package_identification:_identify(venv/lib/python3.12/site-packages/pip/_internal/operations/install) by extensions ['colcon_meta']
[1.735s] Level 1:colcon.colcon_core.package_identification:_identify(venv/lib/python3.12/site-packages/pip/_internal/operations/install) by extension 'colcon_meta'
[1.735s] Level 1:colcon.colcon_core.package_identification:_identify(venv/lib/python3.12/site-packages/pip/_internal/operations/install) by extensions ['ros']
[1.735s] Level 1:colcon.colcon_core.package_identification:_identify(venv/lib/python3.12/site-packages/pip/_internal/operations/install) by extension 'ros'
[1.735s] Level 1:colcon.colcon_core.package_identification:_identify(venv/lib/python3.12/site-packages/pip/_internal/operations/install) by extensions ['cmake', 'python']
[1.735s] Level 1:colcon.colcon_core.package_identification:_identify(venv/lib/python3.12/site-packages/pip/_internal/operations/install) by extension 'cmake'
[1.735s] Level 1:colcon.colcon_core.package_identification:_identify(venv/lib/python3.12/site-packages/pip/_internal/operations/install) by extension 'python'
[1.735s] Level 1:colcon.colcon_core.package_identification:_identify(venv/lib/python3.12/site-packages/pip/_internal/operations/install) by extensions ['python_setup_py']
[1.735s] Level 1:colcon.colcon_core.package_identification:_identify(venv/lib/python3.12/site-packages/pip/_internal/operations/install) by extension 'python_setup_py'
[1.735s] Level 1:colcon.colcon_core.package_identification:_identify(venv/lib/python3.12/site-packages/pip/_internal/operations/install/__pycache__) by extensions ['ignore', 'ignore_ament_install']
[1.736s] Level 1:colcon.colcon_core.package_identification:_identify(venv/lib/python3.12/site-packages/pip/_internal/operations/install/__pycache__) by extension 'ignore'
[1.736s] Level 1:colcon.colcon_core.package_identification:_identify(venv/lib/python3.12/site-packages/pip/_internal/operations/install/__pycache__) by extension 'ignore_ament_install'
[1.736s] Level 1:colcon.colcon_core.package_identification:_identify(venv/lib/python3.12/site-packages/pip/_internal/operations/install/__pycache__) by extensions ['colcon_pkg']
[1.736s] Level 1:colcon.colcon_core.package_identification:_identify(venv/lib/python3.12/site-packages/pip/_internal/operations/install/__pycache__) by extension 'colcon_pkg'
[1.736s] Level 1:colcon.colcon_core.package_identification:_identify(venv/lib/python3.12/site-packages/pip/_internal/operations/install/__pycache__) by extensions ['colcon_meta']
[1.736s] Level 1:colcon.colcon_core.package_identification:_identify(venv/lib/python3.12/site-packages/pip/_internal/operations/install/__pycache__) by extension 'colcon_meta'
[1.736s] Level 1:colcon.colcon_core.package_identification:_identify(venv/lib/python3.12/site-packages/pip/_internal/operations/install/__pycache__) by extensions ['ros']
[1.736s] Level 1:colcon.colcon_core.package_identification:_identify(venv/lib/python3.12/site-packages/pip/_internal/operations/install/__pycache__) by extension 'ros'
[1.736s] Level 1:colcon.colcon_core.package_identification:_identify(venv/lib/python3.12/site-packages/pip/_internal/operations/install/__pycache__) by extensions ['cmake', 'python']
[1.736s] Level 1:colcon.colcon_core.package_identification:_identify(venv/lib/python3.12/site-packages/pip/_internal/operations/install/__pycache__) by extension 'cmake'
[1.736s] Level 1:colcon.colcon_core.package_identification:_identify(venv/lib/python3.12/site-packages/pip/_internal/operations/install/__pycache__) by extension 'python'
[1.736s] Level 1:colcon.colcon_core.package_identification:_identify(venv/lib/python3.12/site-packages/pip/_internal/operations/install/__pycache__) by extensions ['python_setup_py']
[1.736s] Level 1:colcon.colcon_core.package_identification:_identify(venv/lib/python3.12/site-packages/pip/_internal/operations/install/__pycache__) by extension 'python_setup_py'
[1.736s] Level 1:colcon.colcon_core.package_identification:_identify(venv/lib/python3.12/site-packages/pip/_internal/req) by extensions ['ignore', 'ignore_ament_install']
[1.736s] Level 1:colcon.colcon_core.package_identification:_identify(venv/lib/python3.12/site-packages/pip/_internal/req) by extension 'ignore'
[1.736s] Level 1:colcon.colcon_core.package_identification:_identify(venv/lib/python3.12/site-packages/pip/_internal/req) by extension 'ignore_ament_install'
[1.737s] Level 1:colcon.colcon_core.package_identification:_identify(venv/lib/python3.12/site-packages/pip/_internal/req) by extensions ['colcon_pkg']
[1.737s] Level 1:colcon.colcon_core.package_identification:_identify(venv/lib/python3.12/site-packages/pip/_internal/req) by extension 'colcon_pkg'
[1.737s] Level 1:colcon.colcon_core.package_identification:_identify(venv/lib/python3.12/site-packages/pip/_internal/req) by extensions ['colcon_meta']
[1.737s] Level 1:colcon.colcon_core.package_identification:_identify(venv/lib/python3.12/site-packages/pip/_internal/req) by extension 'colcon_meta'
[1.737s] Level 1:colcon.colcon_core.package_identification:_identify(venv/lib/python3.12/site-packages/pip/_internal/req) by extensions ['ros']
[1.737s] Level 1:colcon.colcon_core.package_identification:_identify(venv/lib/python3.12/site-packages/pip/_internal/req) by extension 'ros'
[1.737s] Level 1:colcon.colcon_core.package_identification:_identify(venv/lib/python3.12/site-packages/pip/_internal/req) by extensions ['cmake', 'python']
[1.737s] Level 1:colcon.colcon_core.package_identification:_identify(venv/lib/python3.12/site-packages/pip/_internal/req) by extension 'cmake'
[1.737s] Level 1:colcon.colcon_core.package_identification:_identify(venv/lib/python3.12/site-packages/pip/_internal/req) by extension 'python'
[1.737s] Level 1:colcon.colcon_core.package_identification:_identify(venv/lib/python3.12/site-packages/pip/_internal/req) by extensions ['python_setup_py']
[1.737s] Level 1:colcon.colcon_core.package_identification:_identify(venv/lib/python3.12/site-packages/pip/_internal/req) by extension 'python_setup_py'
[1.737s] Level 1:colcon.colcon_core.package_identification:_identify(venv/lib/python3.12/site-packages/pip/_internal/req/__pycache__) by extensions ['ignore', 'ignore_ament_install']
[1.737s] Level 1:colcon.colcon_core.package_identification:_identify(venv/lib/python3.12/site-packages/pip/_internal/req/__pycache__) by extension 'ignore'
[1.737s] Level 1:colcon.colcon_core.package_identification:_identify(venv/lib/python3.12/site-packages/pip/_internal/req/__pycache__) by extension 'ignore_ament_install'
[1.737s] Level 1:colcon.colcon_core.package_identification:_identify(venv/lib/python3.12/site-packages/pip/_internal/req/__pycache__) by extensions ['colcon_pkg']
[1.737s] Level 1:colcon.colcon_core.package_identification:_identify(venv/lib/python3.12/site-packages/pip/_internal/req/__pycache__) by extension 'colcon_pkg'
[1.738s] Level 1:colcon.colcon_core.package_identification:_identify(venv/lib/python3.12/site-packages/pip/_internal/req/__pycache__) by extensions ['colcon_meta']
[1.738s] Level 1:colcon.colcon_core.package_identification:_identify(venv/lib/python3.12/site-packages/pip/_internal/req/__pycache__) by extension 'colcon_meta'
[1.738s] Level 1:colcon.colcon_core.package_identification:_identify(venv/lib/python3.12/site-packages/pip/_internal/req/__pycache__) by extensions ['ros']
[1.738s] Level 1:colcon.colcon_core.package_identification:_identify(venv/lib/python3.12/site-packages/pip/_internal/req/__pycache__) by extension 'ros'
[1.738s] Level 1:colcon.colcon_core.package_identification:_identify(venv/lib/python3.12/site-packages/pip/_internal/req/__pycache__) by extensions ['cmake', 'python']
[1.738s] Level 1:colcon.colcon_core.package_identification:_identify(venv/lib/python3.12/site-packages/pip/_internal/req/__pycache__) by extension 'cmake'
[1.738s] Level 1:colcon.colcon_core.package_identification:_identify(venv/lib/python3.12/site-packages/pip/_internal/req/__pycache__) by extension 'python'
[1.738s] Level 1:colcon.colcon_core.package_identification:_identify(venv/lib/python3.12/site-packages/pip/_internal/req/__pycache__) by extensions ['python_setup_py']
[1.738s] Level 1:colcon.colcon_core.package_identification:_identify(venv/lib/python3.12/site-packages/pip/_internal/req/__pycache__) by extension 'python_setup_py'
[1.738s] Level 1:colcon.colcon_core.package_identification:_identify(venv/lib/python3.12/site-packages/pip/_internal/resolution) by extensions ['ignore', 'ignore_ament_install']
[1.738s] Level 1:colcon.colcon_core.package_identification:_identify(venv/lib/python3.12/site-packages/pip/_internal/resolution) by extension 'ignore'
[1.738s] Level 1:colcon.colcon_core.package_identification:_identify(venv/lib/python3.12/site-packages/pip/_internal/resolution) by extension 'ignore_ament_install'
[1.738s] Level 1:colcon.colcon_core.package_identification:_identify(venv/lib/python3.12/site-packages/pip/_internal/resolution) by extensions ['colcon_pkg']
[1.738s] Level 1:colcon.colcon_core.package_identification:_identify(venv/lib/python3.12/site-packages/pip/_internal/resolution) by extension 'colcon_pkg'
[1.738s] Level 1:colcon.colcon_core.package_identification:_identify(venv/lib/python3.12/site-packages/pip/_internal/resolution) by extensions ['colcon_meta']
[1.738s] Level 1:colcon.colcon_core.package_identification:_identify(venv/lib/python3.12/site-packages/pip/_internal/resolution) by extension 'colcon_meta'
[1.738s] Level 1:colcon.colcon_core.package_identification:_identify(venv/lib/python3.12/site-packages/pip/_internal/resolution) by extensions ['ros']
[1.738s] Level 1:colcon.colcon_core.package_identification:_identify(venv/lib/python3.12/site-packages/pip/_internal/resolution) by extension 'ros'
[1.739s] Level 1:colcon.colcon_core.package_identification:_identify(venv/lib/python3.12/site-packages/pip/_internal/resolution) by extensions ['cmake', 'python']
[1.739s] Level 1:colcon.colcon_core.package_identification:_identify(venv/lib/python3.12/site-packages/pip/_internal/resolution) by extension 'cmake'
[1.739s] Level 1:colcon.colcon_core.package_identification:_identify(venv/lib/python3.12/site-packages/pip/_internal/resolution) by extension 'python'
[1.739s] Level 1:colcon.colcon_core.package_identification:_identify(venv/lib/python3.12/site-packages/pip/_internal/resolution) by extensions ['python_setup_py']
[1.739s] Level 1:colcon.colcon_core.package_identification:_identify(venv/lib/python3.12/site-packages/pip/_internal/resolution) by extension 'python_setup_py'
[1.739s] Level 1:colcon.colcon_core.package_identification:_identify(venv/lib/python3.12/site-packages/pip/_internal/resolution/__pycache__) by extensions ['ignore', 'ignore_ament_install']
[1.739s] Level 1:colcon.colcon_core.package_identification:_identify(venv/lib/python3.12/site-packages/pip/_internal/resolution/__pycache__) by extension 'ignore'
[1.739s] Level 1:colcon.colcon_core.package_identification:_identify(venv/lib/python3.12/site-packages/pip/_internal/resolution/__pycache__) by extension 'ignore_ament_install'
[1.739s] Level 1:colcon.colcon_core.package_identification:_identify(venv/lib/python3.12/site-packages/pip/_internal/resolution/__pycache__) by extensions ['colcon_pkg']
[1.739s] Level 1:colcon.colcon_core.package_identification:_identify(venv/lib/python3.12/site-packages/pip/_internal/resolution/__pycache__) by extension 'colcon_pkg'
[1.739s] Level 1:colcon.colcon_core.package_identification:_identify(venv/lib/python3.12/site-packages/pip/_internal/resolution/__pycache__) by extensions ['colcon_meta']
[1.739s] Level 1:colcon.colcon_core.package_identification:_identify(venv/lib/python3.12/site-packages/pip/_internal/resolution/__pycache__) by extension 'colcon_meta'
[1.739s] Level 1:colcon.colcon_core.package_identification:_identify(venv/lib/python3.12/site-packages/pip/_internal/resolution/__pycache__) by extensions ['ros']
[1.739s] Level 1:colcon.colcon_core.package_identification:_identify(venv/lib/python3.12/site-packages/pip/_internal/resolution/__pycache__) by extension 'ros'
[1.739s] Level 1:colcon.colcon_core.package_identification:_identify(venv/lib/python3.12/site-packages/pip/_internal/resolution/__pycache__) by extensions ['cmake', 'python']
[1.739s] Level 1:colcon.colcon_core.package_identification:_identify(venv/lib/python3.12/site-packages/pip/_internal/resolution/__pycache__) by extension 'cmake'
[1.740s] Level 1:colcon.colcon_core.package_identification:_identify(venv/lib/python3.12/site-packages/pip/_internal/resolution/__pycache__) by extension 'python'
[1.740s] Level 1:colcon.colcon_core.package_identification:_identify(venv/lib/python3.12/site-packages/pip/_internal/resolution/__pycache__) by extensions ['python_setup_py']
[1.740s] Level 1:colcon.colcon_core.package_identification:_identify(venv/lib/python3.12/site-packages/pip/_internal/resolution/__pycache__) by extension 'python_setup_py'
[1.740s] Level 1:colcon.colcon_core.package_identification:_identify(venv/lib/python3.12/site-packages/pip/_internal/resolution/legacy) by extensions ['ignore', 'ignore_ament_install']
[1.740s] Level 1:colcon.colcon_core.package_identification:_identify(venv/lib/python3.12/site-packages/pip/_internal/resolution/legacy) by extension 'ignore'
[1.740s] Level 1:colcon.colcon_core.package_identification:_identify(venv/lib/python3.12/site-packages/pip/_internal/resolution/legacy) by extension 'ignore_ament_install'
[1.740s] Level 1:colcon.colcon_core.package_identification:_identify(venv/lib/python3.12/site-packages/pip/_internal/resolution/legacy) by extensions ['colcon_pkg']
[1.740s] Level 1:colcon.colcon_core.package_identification:_identify(venv/lib/python3.12/site-packages/pip/_internal/resolution/legacy) by extension 'colcon_pkg'
[1.740s] Level 1:colcon.colcon_core.package_identification:_identify(venv/lib/python3.12/site-packages/pip/_internal/resolution/legacy) by extensions ['colcon_meta']
[1.740s] Level 1:colcon.colcon_core.package_identification:_identify(venv/lib/python3.12/site-packages/pip/_internal/resolution/legacy) by extension 'colcon_meta'
[1.740s] Level 1:colcon.colcon_core.package_identification:_identify(venv/lib/python3.12/site-packages/pip/_internal/resolution/legacy) by extensions ['ros']
[1.740s] Level 1:colcon.colcon_core.package_identification:_identify(venv/lib/python3.12/site-packages/pip/_internal/resolution/legacy) by extension 'ros'
[1.740s] Level 1:colcon.colcon_core.package_identification:_identify(venv/lib/python3.12/site-packages/pip/_internal/resolution/legacy) by extensions ['cmake', 'python']
[1.740s] Level 1:colcon.colcon_core.package_identification:_identify(venv/lib/python3.12/site-packages/pip/_internal/resolution/legacy) by extension 'cmake'
[1.740s] Level 1:colcon.colcon_core.package_identification:_identify(venv/lib/python3.12/site-packages/pip/_internal/resolution/legacy) by extension 'python'
[1.740s] Level 1:colcon.colcon_core.package_identification:_identify(venv/lib/python3.12/site-packages/pip/_internal/resolution/legacy) by extensions ['python_setup_py']
[1.740s] Level 1:colcon.colcon_core.package_identification:_identify(venv/lib/python3.12/site-packages/pip/_internal/resolution/legacy) by extension 'python_setup_py'
[1.741s] Level 1:colcon.colcon_core.package_identification:_identify(venv/lib/python3.12/site-packages/pip/_internal/resolution/legacy/__pycache__) by extensions ['ignore', 'ignore_ament_install']
[1.741s] Level 1:colcon.colcon_core.package_identification:_identify(venv/lib/python3.12/site-packages/pip/_internal/resolution/legacy/__pycache__) by extension 'ignore'
[1.741s] Level 1:colcon.colcon_core.package_identification:_identify(venv/lib/python3.12/site-packages/pip/_internal/resolution/legacy/__pycache__) by extension 'ignore_ament_install'
[1.741s] Level 1:colcon.colcon_core.package_identification:_identify(venv/lib/python3.12/site-packages/pip/_internal/resolution/legacy/__pycache__) by extensions ['colcon_pkg']
[1.741s] Level 1:colcon.colcon_core.package_identification:_identify(venv/lib/python3.12/site-packages/pip/_internal/resolution/legacy/__pycache__) by extension 'colcon_pkg'
[1.741s] Level 1:colcon.colcon_core.package_identification:_identify(venv/lib/python3.12/site-packages/pip/_internal/resolution/legacy/__pycache__) by extensions ['colcon_meta']
[1.741s] Level 1:colcon.colcon_core.package_identification:_identify(venv/lib/python3.12/site-packages/pip/_internal/resolution/legacy/__pycache__) by extension 'colcon_meta'
[1.741s] Level 1:colcon.colcon_core.package_identification:_identify(venv/lib/python3.12/site-packages/pip/_internal/resolution/legacy/__pycache__) by extensions ['ros']
[1.741s] Level 1:colcon.colcon_core.package_identification:_identify(venv/lib/python3.12/site-packages/pip/_internal/resolution/legacy/__pycache__) by extension 'ros'
[1.741s] Level 1:colcon.colcon_core.package_identification:_identify(venv/lib/python3.12/site-packages/pip/_internal/resolution/legacy/__pycache__) by extensions ['cmake', 'python']
[1.741s] Level 1:colcon.colcon_core.package_identification:_identify(venv/lib/python3.12/site-packages/pip/_internal/resolution/legacy/__pycache__) by extension 'cmake'
[1.741s] Level 1:colcon.colcon_core.package_identification:_identify(venv/lib/python3.12/site-packages/pip/_internal/resolution/legacy/__pycache__) by extension 'python'
[1.741s] Level 1:colcon.colcon_core.package_identification:_identify(venv/lib/python3.12/site-packages/pip/_internal/resolution/legacy/__pycache__) by extensions ['python_setup_py']
[1.741s] Level 1:colcon.colcon_core.package_identification:_identify(venv/lib/python3.12/site-packages/pip/_internal/resolution/legacy/__pycache__) by extension 'python_setup_py'
[1.741s] Level 1:colcon.colcon_core.package_identification:_identify(venv/lib/python3.12/site-packages/pip/_internal/resolution/resolvelib) by extensions ['ignore', 'ignore_ament_install']
[1.742s] Level 1:colcon.colcon_core.package_identification:_identify(venv/lib/python3.12/site-packages/pip/_internal/resolution/resolvelib) by extension 'ignore'
[1.742s] Level 1:colcon.colcon_core.package_identification:_identify(venv/lib/python3.12/site-packages/pip/_internal/resolution/resolvelib) by extension 'ignore_ament_install'
[1.742s] Level 1:colcon.colcon_core.package_identification:_identify(venv/lib/python3.12/site-packages/pip/_internal/resolution/resolvelib) by extensions ['colcon_pkg']
[1.742s] Level 1:colcon.colcon_core.package_identification:_identify(venv/lib/python3.12/site-packages/pip/_internal/resolution/resolvelib) by extension 'colcon_pkg'
[1.742s] Level 1:colcon.colcon_core.package_identification:_identify(venv/lib/python3.12/site-packages/pip/_internal/resolution/resolvelib) by extensions ['colcon_meta']
[1.742s] Level 1:colcon.colcon_core.package_identification:_identify(venv/lib/python3.12/site-packages/pip/_internal/resolution/resolvelib) by extension 'colcon_meta'
[1.742s] Level 1:colcon.colcon_core.package_identification:_identify(venv/lib/python3.12/site-packages/pip/_internal/resolution/resolvelib) by extensions ['ros']
[1.742s] Level 1:colcon.colcon_core.package_identification:_identify(venv/lib/python3.12/site-packages/pip/_internal/resolution/resolvelib) by extension 'ros'
[1.742s] Level 1:colcon.colcon_core.package_identification:_identify(venv/lib/python3.12/site-packages/pip/_internal/resolution/resolvelib) by extensions ['cmake', 'python']
[1.742s] Level 1:colcon.colcon_core.package_identification:_identify(venv/lib/python3.12/site-packages/pip/_internal/resolution/resolvelib) by extension 'cmake'
[1.742s] Level 1:colcon.colcon_core.package_identification:_identify(venv/lib/python3.12/site-packages/pip/_internal/resolution/resolvelib) by extension 'python'
[1.742s] Level 1:colcon.colcon_core.package_identification:_identify(venv/lib/python3.12/site-packages/pip/_internal/resolution/resolvelib) by extensions ['python_setup_py']
[1.742s] Level 1:colcon.colcon_core.package_identification:_identify(venv/lib/python3.12/site-packages/pip/_internal/resolution/resolvelib) by extension 'python_setup_py'
[1.742s] Level 1:colcon.colcon_core.package_identification:_identify(venv/lib/python3.12/site-packages/pip/_internal/resolution/resolvelib/__pycache__) by extensions ['ignore', 'ignore_ament_install']
[1.742s] Level 1:colcon.colcon_core.package_identification:_identify(venv/lib/python3.12/site-packages/pip/_internal/resolution/resolvelib/__pycache__) by extension 'ignore'
[1.742s] Level 1:colcon.colcon_core.package_identification:_identify(venv/lib/python3.12/site-packages/pip/_internal/resolution/resolvelib/__pycache__) by extension 'ignore_ament_install'
[1.743s] Level 1:colcon.colcon_core.package_identification:_identify(venv/lib/python3.12/site-packages/pip/_internal/resolution/resolvelib/__pycache__) by extensions ['colcon_pkg']
[1.743s] Level 1:colcon.colcon_core.package_identification:_identify(venv/lib/python3.12/site-packages/pip/_internal/resolution/resolvelib/__pycache__) by extension 'colcon_pkg'
[1.743s] Level 1:colcon.colcon_core.package_identification:_identify(venv/lib/python3.12/site-packages/pip/_internal/resolution/resolvelib/__pycache__) by extensions ['colcon_meta']
[1.743s] Level 1:colcon.colcon_core.package_identification:_identify(venv/lib/python3.12/site-packages/pip/_internal/resolution/resolvelib/__pycache__) by extension 'colcon_meta'
[1.743s] Level 1:colcon.colcon_core.package_identification:_identify(venv/lib/python3.12/site-packages/pip/_internal/resolution/resolvelib/__pycache__) by extensions ['ros']
[1.743s] Level 1:colcon.colcon_core.package_identification:_identify(venv/lib/python3.12/site-packages/pip/_internal/resolution/resolvelib/__pycache__) by extension 'ros'
[1.743s] Level 1:colcon.colcon_core.package_identification:_identify(venv/lib/python3.12/site-packages/pip/_internal/resolution/resolvelib/__pycache__) by extensions ['cmake', 'python']
[1.743s] Level 1:colcon.colcon_core.package_identification:_identify(venv/lib/python3.12/site-packages/pip/_internal/resolution/resolvelib/__pycache__) by extension 'cmake'
[1.743s] Level 1:colcon.colcon_core.package_identification:_identify(venv/lib/python3.12/site-packages/pip/_internal/resolution/resolvelib/__pycache__) by extension 'python'
[1.743s] Level 1:colcon.colcon_core.package_identification:_identify(venv/lib/python3.12/site-packages/pip/_internal/resolution/resolvelib/__pycache__) by extensions ['python_setup_py']
[1.743s] Level 1:colcon.colcon_core.package_identification:_identify(venv/lib/python3.12/site-packages/pip/_internal/resolution/resolvelib/__pycache__) by extension 'python_setup_py'
[1.743s] Level 1:colcon.colcon_core.package_identification:_identify(venv/lib/python3.12/site-packages/pip/_internal/utils) by extensions ['ignore', 'ignore_ament_install']
[1.743s] Level 1:colcon.colcon_core.package_identification:_identify(venv/lib/python3.12/site-packages/pip/_internal/utils) by extension 'ignore'
[1.743s] Level 1:colcon.colcon_core.package_identification:_identify(venv/lib/python3.12/site-packages/pip/_internal/utils) by extension 'ignore_ament_install'
[1.743s] Level 1:colcon.colcon_core.package_identification:_identify(venv/lib/python3.12/site-packages/pip/_internal/utils) by extensions ['colcon_pkg']
[1.744s] Level 1:colcon.colcon_core.package_identification:_identify(venv/lib/python3.12/site-packages/pip/_internal/utils) by extension 'colcon_pkg'
[1.744s] Level 1:colcon.colcon_core.package_identification:_identify(venv/lib/python3.12/site-packages/pip/_internal/utils) by extensions ['colcon_meta']
[1.744s] Level 1:colcon.colcon_core.package_identification:_identify(venv/lib/python3.12/site-packages/pip/_internal/utils) by extension 'colcon_meta'
[1.744s] Level 1:colcon.colcon_core.package_identification:_identify(venv/lib/python3.12/site-packages/pip/_internal/utils) by extensions ['ros']
[1.744s] Level 1:colcon.colcon_core.package_identification:_identify(venv/lib/python3.12/site-packages/pip/_internal/utils) by extension 'ros'
[1.744s] Level 1:colcon.colcon_core.package_identification:_identify(venv/lib/python3.12/site-packages/pip/_internal/utils) by extensions ['cmake', 'python']
[1.744s] Level 1:colcon.colcon_core.package_identification:_identify(venv/lib/python3.12/site-packages/pip/_internal/utils) by extension 'cmake'
[1.744s] Level 1:colcon.colcon_core.package_identification:_identify(venv/lib/python3.12/site-packages/pip/_internal/utils) by extension 'python'
[1.744s] Level 1:colcon.colcon_core.package_identification:_identify(venv/lib/python3.12/site-packages/pip/_internal/utils) by extensions ['python_setup_py']
[1.744s] Level 1:colcon.colcon_core.package_identification:_identify(venv/lib/python3.12/site-packages/pip/_internal/utils) by extension 'python_setup_py'
[1.744s] Level 1:colcon.colcon_core.package_identification:_identify(venv/lib/python3.12/site-packages/pip/_internal/utils/__pycache__) by extensions ['ignore', 'ignore_ament_install']
[1.744s] Level 1:colcon.colcon_core.package_identification:_identify(venv/lib/python3.12/site-packages/pip/_internal/utils/__pycache__) by extension 'ignore'
[1.744s] Level 1:colcon.colcon_core.package_identification:_identify(venv/lib/python3.12/site-packages/pip/_internal/utils/__pycache__) by extension 'ignore_ament_install'
[1.744s] Level 1:colcon.colcon_core.package_identification:_identify(venv/lib/python3.12/site-packages/pip/_internal/utils/__pycache__) by extensions ['colcon_pkg']
[1.744s] Level 1:colcon.colcon_core.package_identification:_identify(venv/lib/python3.12/site-packages/pip/_internal/utils/__pycache__) by extension 'colcon_pkg'
[1.744s] Level 1:colcon.colcon_core.package_identification:_identify(venv/lib/python3.12/site-packages/pip/_internal/utils/__pycache__) by extensions ['colcon_meta']
[1.744s] Level 1:colcon.colcon_core.package_identification:_identify(venv/lib/python3.12/site-packages/pip/_internal/utils/__pycache__) by extension 'colcon_meta'
[1.745s] Level 1:colcon.colcon_core.package_identification:_identify(venv/lib/python3.12/site-packages/pip/_internal/utils/__pycache__) by extensions ['ros']
[1.745s] Level 1:colcon.colcon_core.package_identification:_identify(venv/lib/python3.12/site-packages/pip/_internal/utils/__pycache__) by extension 'ros'
[1.745s] Level 1:colcon.colcon_core.package_identification:_identify(venv/lib/python3.12/site-packages/pip/_internal/utils/__pycache__) by extensions ['cmake', 'python']
[1.745s] Level 1:colcon.colcon_core.package_identification:_identify(venv/lib/python3.12/site-packages/pip/_internal/utils/__pycache__) by extension 'cmake'
[1.745s] Level 1:colcon.colcon_core.package_identification:_identify(venv/lib/python3.12/site-packages/pip/_internal/utils/__pycache__) by extension 'python'
[1.745s] Level 1:colcon.colcon_core.package_identification:_identify(venv/lib/python3.12/site-packages/pip/_internal/utils/__pycache__) by extensions ['python_setup_py']
[1.745s] Level 1:colcon.colcon_core.package_identification:_identify(venv/lib/python3.12/site-packages/pip/_internal/utils/__pycache__) by extension 'python_setup_py'
[1.745s] Level 1:colcon.colcon_core.package_identification:_identify(venv/lib/python3.12/site-packages/pip/_internal/vcs) by extensions ['ignore', 'ignore_ament_install']
[1.745s] Level 1:colcon.colcon_core.package_identification:_identify(venv/lib/python3.12/site-packages/pip/_internal/vcs) by extension 'ignore'
[1.745s] Level 1:colcon.colcon_core.package_identification:_identify(venv/lib/python3.12/site-packages/pip/_internal/vcs) by extension 'ignore_ament_install'
[1.745s] Level 1:colcon.colcon_core.package_identification:_identify(venv/lib/python3.12/site-packages/pip/_internal/vcs) by extensions ['colcon_pkg']
[1.745s] Level 1:colcon.colcon_core.package_identification:_identify(venv/lib/python3.12/site-packages/pip/_internal/vcs) by extension 'colcon_pkg'
[1.745s] Level 1:colcon.colcon_core.package_identification:_identify(venv/lib/python3.12/site-packages/pip/_internal/vcs) by extensions ['colcon_meta']
[1.745s] Level 1:colcon.colcon_core.package_identification:_identify(venv/lib/python3.12/site-packages/pip/_internal/vcs) by extension 'colcon_meta'
[1.745s] Level 1:colcon.colcon_core.package_identification:_identify(venv/lib/python3.12/site-packages/pip/_internal/vcs) by extensions ['ros']
[1.745s] Level 1:colcon.colcon_core.package_identification:_identify(venv/lib/python3.12/site-packages/pip/_internal/vcs) by extension 'ros'
[1.746s] Level 1:colcon.colcon_core.package_identification:_identify(venv/lib/python3.12/site-packages/pip/_internal/vcs) by extensions ['cmake', 'python']
[1.746s] Level 1:colcon.colcon_core.package_identification:_identify(venv/lib/python3.12/site-packages/pip/_internal/vcs) by extension 'cmake'
[1.746s] Level 1:colcon.colcon_core.package_identification:_identify(venv/lib/python3.12/site-packages/pip/_internal/vcs) by extension 'python'
[1.746s] Level 1:colcon.colcon_core.package_identification:_identify(venv/lib/python3.12/site-packages/pip/_internal/vcs) by extensions ['python_setup_py']
[1.746s] Level 1:colcon.colcon_core.package_identification:_identify(venv/lib/python3.12/site-packages/pip/_internal/vcs) by extension 'python_setup_py'
[1.746s] Level 1:colcon.colcon_core.package_identification:_identify(venv/lib/python3.12/site-packages/pip/_internal/vcs/__pycache__) by extensions ['ignore', 'ignore_ament_install']
[1.746s] Level 1:colcon.colcon_core.package_identification:_identify(venv/lib/python3.12/site-packages/pip/_internal/vcs/__pycache__) by extension 'ignore'
[1.746s] Level 1:colcon.colcon_core.package_identification:_identify(venv/lib/python3.12/site-packages/pip/_internal/vcs/__pycache__) by extension 'ignore_ament_install'
[1.746s] Level 1:colcon.colcon_core.package_identification:_identify(venv/lib/python3.12/site-packages/pip/_internal/vcs/__pycache__) by extensions ['colcon_pkg']
[1.746s] Level 1:colcon.colcon_core.package_identification:_identify(venv/lib/python3.12/site-packages/pip/_internal/vcs/__pycache__) by extension 'colcon_pkg'
[1.746s] Level 1:colcon.colcon_core.package_identification:_identify(venv/lib/python3.12/site-packages/pip/_internal/vcs/__pycache__) by extensions ['colcon_meta']
[1.746s] Level 1:colcon.colcon_core.package_identification:_identify(venv/lib/python3.12/site-packages/pip/_internal/vcs/__pycache__) by extension 'colcon_meta'
[1.746s] Level 1:colcon.colcon_core.package_identification:_identify(venv/lib/python3.12/site-packages/pip/_internal/vcs/__pycache__) by extensions ['ros']
[1.746s] Level 1:colcon.colcon_core.package_identification:_identify(venv/lib/python3.12/site-packages/pip/_internal/vcs/__pycache__) by extension 'ros'
[1.746s] Level 1:colcon.colcon_core.package_identification:_identify(venv/lib/python3.12/site-packages/pip/_internal/vcs/__pycache__) by extensions ['cmake', 'python']
[1.746s] Level 1:colcon.colcon_core.package_identification:_identify(venv/lib/python3.12/site-packages/pip/_internal/vcs/__pycache__) by extension 'cmake'
[1.746s] Level 1:colcon.colcon_core.package_identification:_identify(venv/lib/python3.12/site-packages/pip/_internal/vcs/__pycache__) by extension 'python'
[1.747s] Level 1:colcon.colcon_core.package_identification:_identify(venv/lib/python3.12/site-packages/pip/_internal/vcs/__pycache__) by extensions ['python_setup_py']
[1.747s] Level 1:colcon.colcon_core.package_identification:_identify(venv/lib/python3.12/site-packages/pip/_internal/vcs/__pycache__) by extension 'python_setup_py'
[1.747s] Level 1:colcon.colcon_core.package_identification:_identify(venv/lib/python3.12/site-packages/pip/_vendor) by extensions ['ignore', 'ignore_ament_install']
[1.747s] Level 1:colcon.colcon_core.package_identification:_identify(venv/lib/python3.12/site-packages/pip/_vendor) by extension 'ignore'
[1.747s] Level 1:colcon.colcon_core.package_identification:_identify(venv/lib/python3.12/site-packages/pip/_vendor) by extension 'ignore_ament_install'
[1.747s] Level 1:colcon.colcon_core.package_identification:_identify(venv/lib/python3.12/site-packages/pip/_vendor) by extensions ['colcon_pkg']
[1.747s] Level 1:colcon.colcon_core.package_identification:_identify(venv/lib/python3.12/site-packages/pip/_vendor) by extension 'colcon_pkg'
[1.747s] Level 1:colcon.colcon_core.package_identification:_identify(venv/lib/python3.12/site-packages/pip/_vendor) by extensions ['colcon_meta']
[1.747s] Level 1:colcon.colcon_core.package_identification:_identify(venv/lib/python3.12/site-packages/pip/_vendor) by extension 'colcon_meta'
[1.747s] Level 1:colcon.colcon_core.package_identification:_identify(venv/lib/python3.12/site-packages/pip/_vendor) by extensions ['ros']
[1.747s] Level 1:colcon.colcon_core.package_identification:_identify(venv/lib/python3.12/site-packages/pip/_vendor) by extension 'ros'
[1.747s] Level 1:colcon.colcon_core.package_identification:_identify(venv/lib/python3.12/site-packages/pip/_vendor) by extensions ['cmake', 'python']
[1.747s] Level 1:colcon.colcon_core.package_identification:_identify(venv/lib/python3.12/site-packages/pip/_vendor) by extension 'cmake'
[1.747s] Level 1:colcon.colcon_core.package_identification:_identify(venv/lib/python3.12/site-packages/pip/_vendor) by extension 'python'
[1.747s] Level 1:colcon.colcon_core.package_identification:_identify(venv/lib/python3.12/site-packages/pip/_vendor) by extensions ['python_setup_py']
[1.747s] Level 1:colcon.colcon_core.package_identification:_identify(venv/lib/python3.12/site-packages/pip/_vendor) by extension 'python_setup_py'
[1.748s] Level 1:colcon.colcon_core.package_identification:_identify(venv/lib/python3.12/site-packages/pip/_vendor/__pycache__) by extensions ['ignore', 'ignore_ament_install']
[1.748s] Level 1:colcon.colcon_core.package_identification:_identify(venv/lib/python3.12/site-packages/pip/_vendor/__pycache__) by extension 'ignore'
[1.748s] Level 1:colcon.colcon_core.package_identification:_identify(venv/lib/python3.12/site-packages/pip/_vendor/__pycache__) by extension 'ignore_ament_install'
[1.748s] Level 1:colcon.colcon_core.package_identification:_identify(venv/lib/python3.12/site-packages/pip/_vendor/__pycache__) by extensions ['colcon_pkg']
[1.748s] Level 1:colcon.colcon_core.package_identification:_identify(venv/lib/python3.12/site-packages/pip/_vendor/__pycache__) by extension 'colcon_pkg'
[1.748s] Level 1:colcon.colcon_core.package_identification:_identify(venv/lib/python3.12/site-packages/pip/_vendor/__pycache__) by extensions ['colcon_meta']
[1.748s] Level 1:colcon.colcon_core.package_identification:_identify(venv/lib/python3.12/site-packages/pip/_vendor/__pycache__) by extension 'colcon_meta'
[1.748s] Level 1:colcon.colcon_core.package_identification:_identify(venv/lib/python3.12/site-packages/pip/_vendor/__pycache__) by extensions ['ros']
[1.748s] Level 1:colcon.colcon_core.package_identification:_identify(venv/lib/python3.12/site-packages/pip/_vendor/__pycache__) by extension 'ros'
[1.748s] Level 1:colcon.colcon_core.package_identification:_identify(venv/lib/python3.12/site-packages/pip/_vendor/__pycache__) by extensions ['cmake', 'python']
[1.748s] Level 1:colcon.colcon_core.package_identification:_identify(venv/lib/python3.12/site-packages/pip/_vendor/__pycache__) by extension 'cmake'
[1.748s] Level 1:colcon.colcon_core.package_identification:_identify(venv/lib/python3.12/site-packages/pip/_vendor/__pycache__) by extension 'python'
[1.748s] Level 1:colcon.colcon_core.package_identification:_identify(venv/lib/python3.12/site-packages/pip/_vendor/__pycache__) by extensions ['python_setup_py']
[1.748s] Level 1:colcon.colcon_core.package_identification:_identify(venv/lib/python3.12/site-packages/pip/_vendor/__pycache__) by extension 'python_setup_py'
[1.748s] Level 1:colcon.colcon_core.package_identification:_identify(venv/lib/python3.12/site-packages/pip/_vendor/cachecontrol) by extensions ['ignore', 'ignore_ament_install']
[1.748s] Level 1:colcon.colcon_core.package_identification:_identify(venv/lib/python3.12/site-packages/pip/_vendor/cachecontrol) by extension 'ignore'
[1.749s] Level 1:colcon.colcon_core.package_identification:_identify(venv/lib/python3.12/site-packages/pip/_vendor/cachecontrol) by extension 'ignore_ament_install'
[1.749s] Level 1:colcon.colcon_core.package_identification:_identify(venv/lib/python3.12/site-packages/pip/_vendor/cachecontrol) by extensions ['colcon_pkg']
[1.749s] Level 1:colcon.colcon_core.package_identification:_identify(venv/lib/python3.12/site-packages/pip/_vendor/cachecontrol) by extension 'colcon_pkg'
[1.749s] Level 1:colcon.colcon_core.package_identification:_identify(venv/lib/python3.12/site-packages/pip/_vendor/cachecontrol) by extensions ['colcon_meta']
[1.749s] Level 1:colcon.colcon_core.package_identification:_identify(venv/lib/python3.12/site-packages/pip/_vendor/cachecontrol) by extension 'colcon_meta'
[1.749s] Level 1:colcon.colcon_core.package_identification:_identify(venv/lib/python3.12/site-packages/pip/_vendor/cachecontrol) by extensions ['ros']
[1.749s] Level 1:colcon.colcon_core.package_identification:_identify(venv/lib/python3.12/site-packages/pip/_vendor/cachecontrol) by extension 'ros'
[1.749s] Level 1:colcon.colcon_core.package_identification:_identify(venv/lib/python3.12/site-packages/pip/_vendor/cachecontrol) by extensions ['cmake', 'python']
[1.749s] Level 1:colcon.colcon_core.package_identification:_identify(venv/lib/python3.12/site-packages/pip/_vendor/cachecontrol) by extension 'cmake'
[1.749s] Level 1:colcon.colcon_core.package_identification:_identify(venv/lib/python3.12/site-packages/pip/_vendor/cachecontrol) by extension 'python'
[1.749s] Level 1:colcon.colcon_core.package_identification:_identify(venv/lib/python3.12/site-packages/pip/_vendor/cachecontrol) by extensions ['python_setup_py']
[1.749s] Level 1:colcon.colcon_core.package_identification:_identify(venv/lib/python3.12/site-packages/pip/_vendor/cachecontrol) by extension 'python_setup_py'
[1.749s] Level 1:colcon.colcon_core.package_identification:_identify(venv/lib/python3.12/site-packages/pip/_vendor/cachecontrol/__pycache__) by extensions ['ignore', 'ignore_ament_install']
[1.749s] Level 1:colcon.colcon_core.package_identification:_identify(venv/lib/python3.12/site-packages/pip/_vendor/cachecontrol/__pycache__) by extension 'ignore'
[1.749s] Level 1:colcon.colcon_core.package_identification:_identify(venv/lib/python3.12/site-packages/pip/_vendor/cachecontrol/__pycache__) by extension 'ignore_ament_install'
[1.749s] Level 1:colcon.colcon_core.package_identification:_identify(venv/lib/python3.12/site-packages/pip/_vendor/cachecontrol/__pycache__) by extensions ['colcon_pkg']
[1.749s] Level 1:colcon.colcon_core.package_identification:_identify(venv/lib/python3.12/site-packages/pip/_vendor/cachecontrol/__pycache__) by extension 'colcon_pkg'
[1.750s] Level 1:colcon.colcon_core.package_identification:_identify(venv/lib/python3.12/site-packages/pip/_vendor/cachecontrol/__pycache__) by extensions ['colcon_meta']
[1.750s] Level 1:colcon.colcon_core.package_identification:_identify(venv/lib/python3.12/site-packages/pip/_vendor/cachecontrol/__pycache__) by extension 'colcon_meta'
[1.750s] Level 1:colcon.colcon_core.package_identification:_identify(venv/lib/python3.12/site-packages/pip/_vendor/cachecontrol/__pycache__) by extensions ['ros']
[1.750s] Level 1:colcon.colcon_core.package_identification:_identify(venv/lib/python3.12/site-packages/pip/_vendor/cachecontrol/__pycache__) by extension 'ros'
[1.750s] Level 1:colcon.colcon_core.package_identification:_identify(venv/lib/python3.12/site-packages/pip/_vendor/cachecontrol/__pycache__) by extensions ['cmake', 'python']
[1.750s] Level 1:colcon.colcon_core.package_identification:_identify(venv/lib/python3.12/site-packages/pip/_vendor/cachecontrol/__pycache__) by extension 'cmake'
[1.750s] Level 1:colcon.colcon_core.package_identification:_identify(venv/lib/python3.12/site-packages/pip/_vendor/cachecontrol/__pycache__) by extension 'python'
[1.750s] Level 1:colcon.colcon_core.package_identification:_identify(venv/lib/python3.12/site-packages/pip/_vendor/cachecontrol/__pycache__) by extensions ['python_setup_py']
[1.750s] Level 1:colcon.colcon_core.package_identification:_identify(venv/lib/python3.12/site-packages/pip/_vendor/cachecontrol/__pycache__) by extension 'python_setup_py'
[1.750s] Level 1:colcon.colcon_core.package_identification:_identify(venv/lib/python3.12/site-packages/pip/_vendor/cachecontrol/caches) by extensions ['ignore', 'ignore_ament_install']
[1.750s] Level 1:colcon.colcon_core.package_identification:_identify(venv/lib/python3.12/site-packages/pip/_vendor/cachecontrol/caches) by extension 'ignore'
[1.750s] Level 1:colcon.colcon_core.package_identification:_identify(venv/lib/python3.12/site-packages/pip/_vendor/cachecontrol/caches) by extension 'ignore_ament_install'
[1.750s] Level 1:colcon.colcon_core.package_identification:_identify(venv/lib/python3.12/site-packages/pip/_vendor/cachecontrol/caches) by extensions ['colcon_pkg']
[1.750s] Level 1:colcon.colcon_core.package_identification:_identify(venv/lib/python3.12/site-packages/pip/_vendor/cachecontrol/caches) by extension 'colcon_pkg'
[1.750s] Level 1:colcon.colcon_core.package_identification:_identify(venv/lib/python3.12/site-packages/pip/_vendor/cachecontrol/caches) by extensions ['colcon_meta']
[1.750s] Level 1:colcon.colcon_core.package_identification:_identify(venv/lib/python3.12/site-packages/pip/_vendor/cachecontrol/caches) by extension 'colcon_meta'
[1.751s] Level 1:colcon.colcon_core.package_identification:_identify(venv/lib/python3.12/site-packages/pip/_vendor/cachecontrol/caches) by extensions ['ros']
[1.751s] Level 1:colcon.colcon_core.package_identification:_identify(venv/lib/python3.12/site-packages/pip/_vendor/cachecontrol/caches) by extension 'ros'
[1.751s] Level 1:colcon.colcon_core.package_identification:_identify(venv/lib/python3.12/site-packages/pip/_vendor/cachecontrol/caches) by extensions ['cmake', 'python']
[1.751s] Level 1:colcon.colcon_core.package_identification:_identify(venv/lib/python3.12/site-packages/pip/_vendor/cachecontrol/caches) by extension 'cmake'
[1.751s] Level 1:colcon.colcon_core.package_identification:_identify(venv/lib/python3.12/site-packages/pip/_vendor/cachecontrol/caches) by extension 'python'
[1.751s] Level 1:colcon.colcon_core.package_identification:_identify(venv/lib/python3.12/site-packages/pip/_vendor/cachecontrol/caches) by extensions ['python_setup_py']
[1.751s] Level 1:colcon.colcon_core.package_identification:_identify(venv/lib/python3.12/site-packages/pip/_vendor/cachecontrol/caches) by extension 'python_setup_py'
[1.751s] Level 1:colcon.colcon_core.package_identification:_identify(venv/lib/python3.12/site-packages/pip/_vendor/cachecontrol/caches/__pycache__) by extensions ['ignore', 'ignore_ament_install']
[1.751s] Level 1:colcon.colcon_core.package_identification:_identify(venv/lib/python3.12/site-packages/pip/_vendor/cachecontrol/caches/__pycache__) by extension 'ignore'
[1.751s] Level 1:colcon.colcon_core.package_identification:_identify(venv/lib/python3.12/site-packages/pip/_vendor/cachecontrol/caches/__pycache__) by extension 'ignore_ament_install'
[1.751s] Level 1:colcon.colcon_core.package_identification:_identify(venv/lib/python3.12/site-packages/pip/_vendor/cachecontrol/caches/__pycache__) by extensions ['colcon_pkg']
[1.751s] Level 1:colcon.colcon_core.package_identification:_identify(venv/lib/python3.12/site-packages/pip/_vendor/cachecontrol/caches/__pycache__) by extension 'colcon_pkg'
[1.751s] Level 1:colcon.colcon_core.package_identification:_identify(venv/lib/python3.12/site-packages/pip/_vendor/cachecontrol/caches/__pycache__) by extensions ['colcon_meta']
[1.751s] Level 1:colcon.colcon_core.package_identification:_identify(venv/lib/python3.12/site-packages/pip/_vendor/cachecontrol/caches/__pycache__) by extension 'colcon_meta'
[1.751s] Level 1:colcon.colcon_core.package_identification:_identify(venv/lib/python3.12/site-packages/pip/_vendor/cachecontrol/caches/__pycache__) by extensions ['ros']
[1.751s] Level 1:colcon.colcon_core.package_identification:_identify(venv/lib/python3.12/site-packages/pip/_vendor/cachecontrol/caches/__pycache__) by extension 'ros'
[1.752s] Level 1:colcon.colcon_core.package_identification:_identify(venv/lib/python3.12/site-packages/pip/_vendor/cachecontrol/caches/__pycache__) by extensions ['cmake', 'python']
[1.752s] Level 1:colcon.colcon_core.package_identification:_identify(venv/lib/python3.12/site-packages/pip/_vendor/cachecontrol/caches/__pycache__) by extension 'cmake'
[1.752s] Level 1:colcon.colcon_core.package_identification:_identify(venv/lib/python3.12/site-packages/pip/_vendor/cachecontrol/caches/__pycache__) by extension 'python'
[1.752s] Level 1:colcon.colcon_core.package_identification:_identify(venv/lib/python3.12/site-packages/pip/_vendor/cachecontrol/caches/__pycache__) by extensions ['python_setup_py']
[1.752s] Level 1:colcon.colcon_core.package_identification:_identify(venv/lib/python3.12/site-packages/pip/_vendor/cachecontrol/caches/__pycache__) by extension 'python_setup_py'
[1.752s] Level 1:colcon.colcon_core.package_identification:_identify(venv/lib/python3.12/site-packages/pip/_vendor/certifi) by extensions ['ignore', 'ignore_ament_install']
[1.752s] Level 1:colcon.colcon_core.package_identification:_identify(venv/lib/python3.12/site-packages/pip/_vendor/certifi) by extension 'ignore'
[1.752s] Level 1:colcon.colcon_core.package_identification:_identify(venv/lib/python3.12/site-packages/pip/_vendor/certifi) by extension 'ignore_ament_install'
[1.752s] Level 1:colcon.colcon_core.package_identification:_identify(venv/lib/python3.12/site-packages/pip/_vendor/certifi) by extensions ['colcon_pkg']
[1.752s] Level 1:colcon.colcon_core.package_identification:_identify(venv/lib/python3.12/site-packages/pip/_vendor/certifi) by extension 'colcon_pkg'
[1.752s] Level 1:colcon.colcon_core.package_identification:_identify(venv/lib/python3.12/site-packages/pip/_vendor/certifi) by extensions ['colcon_meta']
[1.752s] Level 1:colcon.colcon_core.package_identification:_identify(venv/lib/python3.12/site-packages/pip/_vendor/certifi) by extension 'colcon_meta'
[1.752s] Level 1:colcon.colcon_core.package_identification:_identify(venv/lib/python3.12/site-packages/pip/_vendor/certifi) by extensions ['ros']
[1.752s] Level 1:colcon.colcon_core.package_identification:_identify(venv/lib/python3.12/site-packages/pip/_vendor/certifi) by extension 'ros'
[1.752s] Level 1:colcon.colcon_core.package_identification:_identify(venv/lib/python3.12/site-packages/pip/_vendor/certifi) by extensions ['cmake', 'python']
[1.752s] Level 1:colcon.colcon_core.package_identification:_identify(venv/lib/python3.12/site-packages/pip/_vendor/certifi) by extension 'cmake'
[1.752s] Level 1:colcon.colcon_core.package_identification:_identify(venv/lib/python3.12/site-packages/pip/_vendor/certifi) by extension 'python'
[1.753s] Level 1:colcon.colcon_core.package_identification:_identify(venv/lib/python3.12/site-packages/pip/_vendor/certifi) by extensions ['python_setup_py']
[1.753s] Level 1:colcon.colcon_core.package_identification:_identify(venv/lib/python3.12/site-packages/pip/_vendor/certifi) by extension 'python_setup_py'
[1.753s] Level 1:colcon.colcon_core.package_identification:_identify(venv/lib/python3.12/site-packages/pip/_vendor/certifi/__pycache__) by extensions ['ignore', 'ignore_ament_install']
[1.753s] Level 1:colcon.colcon_core.package_identification:_identify(venv/lib/python3.12/site-packages/pip/_vendor/certifi/__pycache__) by extension 'ignore'
[1.753s] Level 1:colcon.colcon_core.package_identification:_identify(venv/lib/python3.12/site-packages/pip/_vendor/certifi/__pycache__) by extension 'ignore_ament_install'
[1.753s] Level 1:colcon.colcon_core.package_identification:_identify(venv/lib/python3.12/site-packages/pip/_vendor/certifi/__pycache__) by extensions ['colcon_pkg']
[1.753s] Level 1:colcon.colcon_core.package_identification:_identify(venv/lib/python3.12/site-packages/pip/_vendor/certifi/__pycache__) by extension 'colcon_pkg'
[1.753s] Level 1:colcon.colcon_core.package_identification:_identify(venv/lib/python3.12/site-packages/pip/_vendor/certifi/__pycache__) by extensions ['colcon_meta']
[1.753s] Level 1:colcon.colcon_core.package_identification:_identify(venv/lib/python3.12/site-packages/pip/_vendor/certifi/__pycache__) by extension 'colcon_meta'
[1.753s] Level 1:colcon.colcon_core.package_identification:_identify(venv/lib/python3.12/site-packages/pip/_vendor/certifi/__pycache__) by extensions ['ros']
[1.753s] Level 1:colcon.colcon_core.package_identification:_identify(venv/lib/python3.12/site-packages/pip/_vendor/certifi/__pycache__) by extension 'ros'
[1.753s] Level 1:colcon.colcon_core.package_identification:_identify(venv/lib/python3.12/site-packages/pip/_vendor/certifi/__pycache__) by extensions ['cmake', 'python']
[1.753s] Level 1:colcon.colcon_core.package_identification:_identify(venv/lib/python3.12/site-packages/pip/_vendor/certifi/__pycache__) by extension 'cmake'
[1.753s] Level 1:colcon.colcon_core.package_identification:_identify(venv/lib/python3.12/site-packages/pip/_vendor/certifi/__pycache__) by extension 'python'
[1.753s] Level 1:colcon.colcon_core.package_identification:_identify(venv/lib/python3.12/site-packages/pip/_vendor/certifi/__pycache__) by extensions ['python_setup_py']
[1.753s] Level 1:colcon.colcon_core.package_identification:_identify(venv/lib/python3.12/site-packages/pip/_vendor/certifi/__pycache__) by extension 'python_setup_py'
[1.754s] Level 1:colcon.colcon_core.package_identification:_identify(venv/lib/python3.12/site-packages/pip/_vendor/distlib) by extensions ['ignore', 'ignore_ament_install']
[1.754s] Level 1:colcon.colcon_core.package_identification:_identify(venv/lib/python3.12/site-packages/pip/_vendor/distlib) by extension 'ignore'
[1.754s] Level 1:colcon.colcon_core.package_identification:_identify(venv/lib/python3.12/site-packages/pip/_vendor/distlib) by extension 'ignore_ament_install'
[1.754s] Level 1:colcon.colcon_core.package_identification:_identify(venv/lib/python3.12/site-packages/pip/_vendor/distlib) by extensions ['colcon_pkg']
[1.754s] Level 1:colcon.colcon_core.package_identification:_identify(venv/lib/python3.12/site-packages/pip/_vendor/distlib) by extension 'colcon_pkg'
[1.754s] Level 1:colcon.colcon_core.package_identification:_identify(venv/lib/python3.12/site-packages/pip/_vendor/distlib) by extensions ['colcon_meta']
[1.754s] Level 1:colcon.colcon_core.package_identification:_identify(venv/lib/python3.12/site-packages/pip/_vendor/distlib) by extension 'colcon_meta'
[1.754s] Level 1:colcon.colcon_core.package_identification:_identify(venv/lib/python3.12/site-packages/pip/_vendor/distlib) by extensions ['ros']
[1.754s] Level 1:colcon.colcon_core.package_identification:_identify(venv/lib/python3.12/site-packages/pip/_vendor/distlib) by extension 'ros'
[1.754s] Level 1:colcon.colcon_core.package_identification:_identify(venv/lib/python3.12/site-packages/pip/_vendor/distlib) by extensions ['cmake', 'python']
[1.754s] Level 1:colcon.colcon_core.package_identification:_identify(venv/lib/python3.12/site-packages/pip/_vendor/distlib) by extension 'cmake'
[1.754s] Level 1:colcon.colcon_core.package_identification:_identify(venv/lib/python3.12/site-packages/pip/_vendor/distlib) by extension 'python'
[1.754s] Level 1:colcon.colcon_core.package_identification:_identify(venv/lib/python3.12/site-packages/pip/_vendor/distlib) by extensions ['python_setup_py']
[1.754s] Level 1:colcon.colcon_core.package_identification:_identify(venv/lib/python3.12/site-packages/pip/_vendor/distlib) by extension 'python_setup_py'
[1.754s] Level 1:colcon.colcon_core.package_identification:_identify(venv/lib/python3.12/site-packages/pip/_vendor/distlib/__pycache__) by extensions ['ignore', 'ignore_ament_install']
[1.754s] Level 1:colcon.colcon_core.package_identification:_identify(venv/lib/python3.12/site-packages/pip/_vendor/distlib/__pycache__) by extension 'ignore'
[1.755s] Level 1:colcon.colcon_core.package_identification:_identify(venv/lib/python3.12/site-packages/pip/_vendor/distlib/__pycache__) by extension 'ignore_ament_install'
[1.755s] Level 1:colcon.colcon_core.package_identification:_identify(venv/lib/python3.12/site-packages/pip/_vendor/distlib/__pycache__) by extensions ['colcon_pkg']
[1.755s] Level 1:colcon.colcon_core.package_identification:_identify(venv/lib/python3.12/site-packages/pip/_vendor/distlib/__pycache__) by extension 'colcon_pkg'
[1.755s] Level 1:colcon.colcon_core.package_identification:_identify(venv/lib/python3.12/site-packages/pip/_vendor/distlib/__pycache__) by extensions ['colcon_meta']
[1.755s] Level 1:colcon.colcon_core.package_identification:_identify(venv/lib/python3.12/site-packages/pip/_vendor/distlib/__pycache__) by extension 'colcon_meta'
[1.755s] Level 1:colcon.colcon_core.package_identification:_identify(venv/lib/python3.12/site-packages/pip/_vendor/distlib/__pycache__) by extensions ['ros']
[1.755s] Level 1:colcon.colcon_core.package_identification:_identify(venv/lib/python3.12/site-packages/pip/_vendor/distlib/__pycache__) by extension 'ros'
[1.755s] Level 1:colcon.colcon_core.package_identification:_identify(venv/lib/python3.12/site-packages/pip/_vendor/distlib/__pycache__) by extensions ['cmake', 'python']
[1.755s] Level 1:colcon.colcon_core.package_identification:_identify(venv/lib/python3.12/site-packages/pip/_vendor/distlib/__pycache__) by extension 'cmake'
[1.755s] Level 1:colcon.colcon_core.package_identification:_identify(venv/lib/python3.12/site-packages/pip/_vendor/distlib/__pycache__) by extension 'python'
[1.755s] Level 1:colcon.colcon_core.package_identification:_identify(venv/lib/python3.12/site-packages/pip/_vendor/distlib/__pycache__) by extensions ['python_setup_py']
[1.755s] Level 1:colcon.colcon_core.package_identification:_identify(venv/lib/python3.12/site-packages/pip/_vendor/distlib/__pycache__) by extension 'python_setup_py'
[1.755s] Level 1:colcon.colcon_core.package_identification:_identify(venv/lib/python3.12/site-packages/pip/_vendor/distro) by extensions ['ignore', 'ignore_ament_install']
[1.755s] Level 1:colcon.colcon_core.package_identification:_identify(venv/lib/python3.12/site-packages/pip/_vendor/distro) by extension 'ignore'
[1.755s] Level 1:colcon.colcon_core.package_identification:_identify(venv/lib/python3.12/site-packages/pip/_vendor/distro) by extension 'ignore_ament_install'
[1.755s] Level 1:colcon.colcon_core.package_identification:_identify(venv/lib/python3.12/site-packages/pip/_vendor/distro) by extensions ['colcon_pkg']
[1.756s] Level 1:colcon.colcon_core.package_identification:_identify(venv/lib/python3.12/site-packages/pip/_vendor/distro) by extension 'colcon_pkg'
[1.756s] Level 1:colcon.colcon_core.package_identification:_identify(venv/lib/python3.12/site-packages/pip/_vendor/distro) by extensions ['colcon_meta']
[1.756s] Level 1:colcon.colcon_core.package_identification:_identify(venv/lib/python3.12/site-packages/pip/_vendor/distro) by extension 'colcon_meta'
[1.756s] Level 1:colcon.colcon_core.package_identification:_identify(venv/lib/python3.12/site-packages/pip/_vendor/distro) by extensions ['ros']
[1.756s] Level 1:colcon.colcon_core.package_identification:_identify(venv/lib/python3.12/site-packages/pip/_vendor/distro) by extension 'ros'
[1.756s] Level 1:colcon.colcon_core.package_identification:_identify(venv/lib/python3.12/site-packages/pip/_vendor/distro) by extensions ['cmake', 'python']
[1.756s] Level 1:colcon.colcon_core.package_identification:_identify(venv/lib/python3.12/site-packages/pip/_vendor/distro) by extension 'cmake'
[1.756s] Level 1:colcon.colcon_core.package_identification:_identify(venv/lib/python3.12/site-packages/pip/_vendor/distro) by extension 'python'
[1.756s] Level 1:colcon.colcon_core.package_identification:_identify(venv/lib/python3.12/site-packages/pip/_vendor/distro) by extensions ['python_setup_py']
[1.756s] Level 1:colcon.colcon_core.package_identification:_identify(venv/lib/python3.12/site-packages/pip/_vendor/distro) by extension 'python_setup_py'
[1.756s] Level 1:colcon.colcon_core.package_identification:_identify(venv/lib/python3.12/site-packages/pip/_vendor/distro/__pycache__) by extensions ['ignore', 'ignore_ament_install']
[1.756s] Level 1:colcon.colcon_core.package_identification:_identify(venv/lib/python3.12/site-packages/pip/_vendor/distro/__pycache__) by extension 'ignore'
[1.756s] Level 1:colcon.colcon_core.package_identification:_identify(venv/lib/python3.12/site-packages/pip/_vendor/distro/__pycache__) by extension 'ignore_ament_install'
[1.756s] Level 1:colcon.colcon_core.package_identification:_identify(venv/lib/python3.12/site-packages/pip/_vendor/distro/__pycache__) by extensions ['colcon_pkg']
[1.756s] Level 1:colcon.colcon_core.package_identification:_identify(venv/lib/python3.12/site-packages/pip/_vendor/distro/__pycache__) by extension 'colcon_pkg'
[1.756s] Level 1:colcon.colcon_core.package_identification:_identify(venv/lib/python3.12/site-packages/pip/_vendor/distro/__pycache__) by extensions ['colcon_meta']
[1.756s] Level 1:colcon.colcon_core.package_identification:_identify(venv/lib/python3.12/site-packages/pip/_vendor/distro/__pycache__) by extension 'colcon_meta'
[1.756s] Level 1:colcon.colcon_core.package_identification:_identify(venv/lib/python3.12/site-packages/pip/_vendor/distro/__pycache__) by extensions ['ros']
[1.757s] Level 1:colcon.colcon_core.package_identification:_identify(venv/lib/python3.12/site-packages/pip/_vendor/distro/__pycache__) by extension 'ros'
[1.757s] Level 1:colcon.colcon_core.package_identification:_identify(venv/lib/python3.12/site-packages/pip/_vendor/distro/__pycache__) by extensions ['cmake', 'python']
[1.757s] Level 1:colcon.colcon_core.package_identification:_identify(venv/lib/python3.12/site-packages/pip/_vendor/distro/__pycache__) by extension 'cmake'
[1.757s] Level 1:colcon.colcon_core.package_identification:_identify(venv/lib/python3.12/site-packages/pip/_vendor/distro/__pycache__) by extension 'python'
[1.757s] Level 1:colcon.colcon_core.package_identification:_identify(venv/lib/python3.12/site-packages/pip/_vendor/distro/__pycache__) by extensions ['python_setup_py']
[1.757s] Level 1:colcon.colcon_core.package_identification:_identify(venv/lib/python3.12/site-packages/pip/_vendor/distro/__pycache__) by extension 'python_setup_py'
[1.757s] Level 1:colcon.colcon_core.package_identification:_identify(venv/lib/python3.12/site-packages/pip/_vendor/idna) by extensions ['ignore', 'ignore_ament_install']
[1.757s] Level 1:colcon.colcon_core.package_identification:_identify(venv/lib/python3.12/site-packages/pip/_vendor/idna) by extension 'ignore'
[1.757s] Level 1:colcon.colcon_core.package_identification:_identify(venv/lib/python3.12/site-packages/pip/_vendor/idna) by extension 'ignore_ament_install'
[1.757s] Level 1:colcon.colcon_core.package_identification:_identify(venv/lib/python3.12/site-packages/pip/_vendor/idna) by extensions ['colcon_pkg']
[1.757s] Level 1:colcon.colcon_core.package_identification:_identify(venv/lib/python3.12/site-packages/pip/_vendor/idna) by extension 'colcon_pkg'
[1.757s] Level 1:colcon.colcon_core.package_identification:_identify(venv/lib/python3.12/site-packages/pip/_vendor/idna) by extensions ['colcon_meta']
[1.757s] Level 1:colcon.colcon_core.package_identification:_identify(venv/lib/python3.12/site-packages/pip/_vendor/idna) by extension 'colcon_meta'
[1.757s] Level 1:colcon.colcon_core.package_identification:_identify(venv/lib/python3.12/site-packages/pip/_vendor/idna) by extensions ['ros']
[1.757s] Level 1:colcon.colcon_core.package_identification:_identify(venv/lib/python3.12/site-packages/pip/_vendor/idna) by extension 'ros'
[1.757s] Level 1:colcon.colcon_core.package_identification:_identify(venv/lib/python3.12/site-packages/pip/_vendor/idna) by extensions ['cmake', 'python']
[1.758s] Level 1:colcon.colcon_core.package_identification:_identify(venv/lib/python3.12/site-packages/pip/_vendor/idna) by extension 'cmake'
[1.758s] Level 1:colcon.colcon_core.package_identification:_identify(venv/lib/python3.12/site-packages/pip/_vendor/idna) by extension 'python'
[1.758s] Level 1:colcon.colcon_core.package_identification:_identify(venv/lib/python3.12/site-packages/pip/_vendor/idna) by extensions ['python_setup_py']
[1.758s] Level 1:colcon.colcon_core.package_identification:_identify(venv/lib/python3.12/site-packages/pip/_vendor/idna) by extension 'python_setup_py'
[1.758s] Level 1:colcon.colcon_core.package_identification:_identify(venv/lib/python3.12/site-packages/pip/_vendor/idna/__pycache__) by extensions ['ignore', 'ignore_ament_install']
[1.758s] Level 1:colcon.colcon_core.package_identification:_identify(venv/lib/python3.12/site-packages/pip/_vendor/idna/__pycache__) by extension 'ignore'
[1.758s] Level 1:colcon.colcon_core.package_identification:_identify(venv/lib/python3.12/site-packages/pip/_vendor/idna/__pycache__) by extension 'ignore_ament_install'
[1.758s] Level 1:colcon.colcon_core.package_identification:_identify(venv/lib/python3.12/site-packages/pip/_vendor/idna/__pycache__) by extensions ['colcon_pkg']
[1.758s] Level 1:colcon.colcon_core.package_identification:_identify(venv/lib/python3.12/site-packages/pip/_vendor/idna/__pycache__) by extension 'colcon_pkg'
[1.758s] Level 1:colcon.colcon_core.package_identification:_identify(venv/lib/python3.12/site-packages/pip/_vendor/idna/__pycache__) by extensions ['colcon_meta']
[1.758s] Level 1:colcon.colcon_core.package_identification:_identify(venv/lib/python3.12/site-packages/pip/_vendor/idna/__pycache__) by extension 'colcon_meta'
[1.758s] Level 1:colcon.colcon_core.package_identification:_identify(venv/lib/python3.12/site-packages/pip/_vendor/idna/__pycache__) by extensions ['ros']
[1.758s] Level 1:colcon.colcon_core.package_identification:_identify(venv/lib/python3.12/site-packages/pip/_vendor/idna/__pycache__) by extension 'ros'
[1.758s] Level 1:colcon.colcon_core.package_identification:_identify(venv/lib/python3.12/site-packages/pip/_vendor/idna/__pycache__) by extensions ['cmake', 'python']
[1.758s] Level 1:colcon.colcon_core.package_identification:_identify(venv/lib/python3.12/site-packages/pip/_vendor/idna/__pycache__) by extension 'cmake'
[1.758s] Level 1:colcon.colcon_core.package_identification:_identify(venv/lib/python3.12/site-packages/pip/_vendor/idna/__pycache__) by extension 'python'
[1.758s] Level 1:colcon.colcon_core.package_identification:_identify(venv/lib/python3.12/site-packages/pip/_vendor/idna/__pycache__) by extensions ['python_setup_py']
[1.758s] Level 1:colcon.colcon_core.package_identification:_identify(venv/lib/python3.12/site-packages/pip/_vendor/idna/__pycache__) by extension 'python_setup_py'
[1.759s] Level 1:colcon.colcon_core.package_identification:_identify(venv/lib/python3.12/site-packages/pip/_vendor/msgpack) by extensions ['ignore', 'ignore_ament_install']
[1.759s] Level 1:colcon.colcon_core.package_identification:_identify(venv/lib/python3.12/site-packages/pip/_vendor/msgpack) by extension 'ignore'
[1.759s] Level 1:colcon.colcon_core.package_identification:_identify(venv/lib/python3.12/site-packages/pip/_vendor/msgpack) by extension 'ignore_ament_install'
[1.759s] Level 1:colcon.colcon_core.package_identification:_identify(venv/lib/python3.12/site-packages/pip/_vendor/msgpack) by extensions ['colcon_pkg']
[1.759s] Level 1:colcon.colcon_core.package_identification:_identify(venv/lib/python3.12/site-packages/pip/_vendor/msgpack) by extension 'colcon_pkg'
[1.759s] Level 1:colcon.colcon_core.package_identification:_identify(venv/lib/python3.12/site-packages/pip/_vendor/msgpack) by extensions ['colcon_meta']
[1.759s] Level 1:colcon.colcon_core.package_identification:_identify(venv/lib/python3.12/site-packages/pip/_vendor/msgpack) by extension 'colcon_meta'
[1.759s] Level 1:colcon.colcon_core.package_identification:_identify(venv/lib/python3.12/site-packages/pip/_vendor/msgpack) by extensions ['ros']
[1.759s] Level 1:colcon.colcon_core.package_identification:_identify(venv/lib/python3.12/site-packages/pip/_vendor/msgpack) by extension 'ros'
[1.759s] Level 1:colcon.colcon_core.package_identification:_identify(venv/lib/python3.12/site-packages/pip/_vendor/msgpack) by extensions ['cmake', 'python']
[1.759s] Level 1:colcon.colcon_core.package_identification:_identify(venv/lib/python3.12/site-packages/pip/_vendor/msgpack) by extension 'cmake'
[1.759s] Level 1:colcon.colcon_core.package_identification:_identify(venv/lib/python3.12/site-packages/pip/_vendor/msgpack) by extension 'python'
[1.759s] Level 1:colcon.colcon_core.package_identification:_identify(venv/lib/python3.12/site-packages/pip/_vendor/msgpack) by extensions ['python_setup_py']
[1.759s] Level 1:colcon.colcon_core.package_identification:_identify(venv/lib/python3.12/site-packages/pip/_vendor/msgpack) by extension 'python_setup_py'
[1.759s] Level 1:colcon.colcon_core.package_identification:_identify(venv/lib/python3.12/site-packages/pip/_vendor/msgpack/__pycache__) by extensions ['ignore', 'ignore_ament_install']
[1.760s] Level 1:colcon.colcon_core.package_identification:_identify(venv/lib/python3.12/site-packages/pip/_vendor/msgpack/__pycache__) by extension 'ignore'
[1.760s] Level 1:colcon.colcon_core.package_identification:_identify(venv/lib/python3.12/site-packages/pip/_vendor/msgpack/__pycache__) by extension 'ignore_ament_install'
[1.760s] Level 1:colcon.colcon_core.package_identification:_identify(venv/lib/python3.12/site-packages/pip/_vendor/msgpack/__pycache__) by extensions ['colcon_pkg']
[1.760s] Level 1:colcon.colcon_core.package_identification:_identify(venv/lib/python3.12/site-packages/pip/_vendor/msgpack/__pycache__) by extension 'colcon_pkg'
[1.760s] Level 1:colcon.colcon_core.package_identification:_identify(venv/lib/python3.12/site-packages/pip/_vendor/msgpack/__pycache__) by extensions ['colcon_meta']
[1.760s] Level 1:colcon.colcon_core.package_identification:_identify(venv/lib/python3.12/site-packages/pip/_vendor/msgpack/__pycache__) by extension 'colcon_meta'
[1.760s] Level 1:colcon.colcon_core.package_identification:_identify(venv/lib/python3.12/site-packages/pip/_vendor/msgpack/__pycache__) by extensions ['ros']
[1.760s] Level 1:colcon.colcon_core.package_identification:_identify(venv/lib/python3.12/site-packages/pip/_vendor/msgpack/__pycache__) by extension 'ros'
[1.760s] Level 1:colcon.colcon_core.package_identification:_identify(venv/lib/python3.12/site-packages/pip/_vendor/msgpack/__pycache__) by extensions ['cmake', 'python']
[1.760s] Level 1:colcon.colcon_core.package_identification:_identify(venv/lib/python3.12/site-packages/pip/_vendor/msgpack/__pycache__) by extension 'cmake'
[1.760s] Level 1:colcon.colcon_core.package_identification:_identify(venv/lib/python3.12/site-packages/pip/_vendor/msgpack/__pycache__) by extension 'python'
[1.760s] Level 1:colcon.colcon_core.package_identification:_identify(venv/lib/python3.12/site-packages/pip/_vendor/msgpack/__pycache__) by extensions ['python_setup_py']
[1.760s] Level 1:colcon.colcon_core.package_identification:_identify(venv/lib/python3.12/site-packages/pip/_vendor/msgpack/__pycache__) by extension 'python_setup_py'
[1.760s] Level 1:colcon.colcon_core.package_identification:_identify(venv/lib/python3.12/site-packages/pip/_vendor/packaging) by extensions ['ignore', 'ignore_ament_install']
[1.760s] Level 1:colcon.colcon_core.package_identification:_identify(venv/lib/python3.12/site-packages/pip/_vendor/packaging) by extension 'ignore'
[1.760s] Level 1:colcon.colcon_core.package_identification:_identify(venv/lib/python3.12/site-packages/pip/_vendor/packaging) by extension 'ignore_ament_install'
[1.761s] Level 1:colcon.colcon_core.package_identification:_identify(venv/lib/python3.12/site-packages/pip/_vendor/packaging) by extensions ['colcon_pkg']
[1.761s] Level 1:colcon.colcon_core.package_identification:_identify(venv/lib/python3.12/site-packages/pip/_vendor/packaging) by extension 'colcon_pkg'
[1.761s] Level 1:colcon.colcon_core.package_identification:_identify(venv/lib/python3.12/site-packages/pip/_vendor/packaging) by extensions ['colcon_meta']
[1.761s] Level 1:colcon.colcon_core.package_identification:_identify(venv/lib/python3.12/site-packages/pip/_vendor/packaging) by extension 'colcon_meta'
[1.761s] Level 1:colcon.colcon_core.package_identification:_identify(venv/lib/python3.12/site-packages/pip/_vendor/packaging) by extensions ['ros']
[1.761s] Level 1:colcon.colcon_core.package_identification:_identify(venv/lib/python3.12/site-packages/pip/_vendor/packaging) by extension 'ros'
[1.761s] Level 1:colcon.colcon_core.package_identification:_identify(venv/lib/python3.12/site-packages/pip/_vendor/packaging) by extensions ['cmake', 'python']
[1.761s] Level 1:colcon.colcon_core.package_identification:_identify(venv/lib/python3.12/site-packages/pip/_vendor/packaging) by extension 'cmake'
[1.761s] Level 1:colcon.colcon_core.package_identification:_identify(venv/lib/python3.12/site-packages/pip/_vendor/packaging) by extension 'python'
[1.761s] Level 1:colcon.colcon_core.package_identification:_identify(venv/lib/python3.12/site-packages/pip/_vendor/packaging) by extensions ['python_setup_py']
[1.761s] Level 1:colcon.colcon_core.package_identification:_identify(venv/lib/python3.12/site-packages/pip/_vendor/packaging) by extension 'python_setup_py'
[1.761s] Level 1:colcon.colcon_core.package_identification:_identify(venv/lib/python3.12/site-packages/pip/_vendor/packaging/__pycache__) by extensions ['ignore', 'ignore_ament_install']
[1.761s] Level 1:colcon.colcon_core.package_identification:_identify(venv/lib/python3.12/site-packages/pip/_vendor/packaging/__pycache__) by extension 'ignore'
[1.761s] Level 1:colcon.colcon_core.package_identification:_identify(venv/lib/python3.12/site-packages/pip/_vendor/packaging/__pycache__) by extension 'ignore_ament_install'
[1.761s] Level 1:colcon.colcon_core.package_identification:_identify(venv/lib/python3.12/site-packages/pip/_vendor/packaging/__pycache__) by extensions ['colcon_pkg']
[1.761s] Level 1:colcon.colcon_core.package_identification:_identify(venv/lib/python3.12/site-packages/pip/_vendor/packaging/__pycache__) by extension 'colcon_pkg'
[1.762s] Level 1:colcon.colcon_core.package_identification:_identify(venv/lib/python3.12/site-packages/pip/_vendor/packaging/__pycache__) by extensions ['colcon_meta']
[1.762s] Level 1:colcon.colcon_core.package_identification:_identify(venv/lib/python3.12/site-packages/pip/_vendor/packaging/__pycache__) by extension 'colcon_meta'
[1.762s] Level 1:colcon.colcon_core.package_identification:_identify(venv/lib/python3.12/site-packages/pip/_vendor/packaging/__pycache__) by extensions ['ros']
[1.762s] Level 1:colcon.colcon_core.package_identification:_identify(venv/lib/python3.12/site-packages/pip/_vendor/packaging/__pycache__) by extension 'ros'
[1.762s] Level 1:colcon.colcon_core.package_identification:_identify(venv/lib/python3.12/site-packages/pip/_vendor/packaging/__pycache__) by extensions ['cmake', 'python']
[1.762s] Level 1:colcon.colcon_core.package_identification:_identify(venv/lib/python3.12/site-packages/pip/_vendor/packaging/__pycache__) by extension 'cmake'
[1.762s] Level 1:colcon.colcon_core.package_identification:_identify(venv/lib/python3.12/site-packages/pip/_vendor/packaging/__pycache__) by extension 'python'
[1.762s] Level 1:colcon.colcon_core.package_identification:_identify(venv/lib/python3.12/site-packages/pip/_vendor/packaging/__pycache__) by extensions ['python_setup_py']
[1.762s] Level 1:colcon.colcon_core.package_identification:_identify(venv/lib/python3.12/site-packages/pip/_vendor/packaging/__pycache__) by extension 'python_setup_py'
[1.762s] Level 1:colcon.colcon_core.package_identification:_identify(venv/lib/python3.12/site-packages/pip/_vendor/packaging/licenses) by extensions ['ignore', 'ignore_ament_install']
[1.762s] Level 1:colcon.colcon_core.package_identification:_identify(venv/lib/python3.12/site-packages/pip/_vendor/packaging/licenses) by extension 'ignore'
[1.762s] Level 1:colcon.colcon_core.package_identification:_identify(venv/lib/python3.12/site-packages/pip/_vendor/packaging/licenses) by extension 'ignore_ament_install'
[1.762s] Level 1:colcon.colcon_core.package_identification:_identify(venv/lib/python3.12/site-packages/pip/_vendor/packaging/licenses) by extensions ['colcon_pkg']
[1.762s] Level 1:colcon.colcon_core.package_identification:_identify(venv/lib/python3.12/site-packages/pip/_vendor/packaging/licenses) by extension 'colcon_pkg'
[1.762s] Level 1:colcon.colcon_core.package_identification:_identify(venv/lib/python3.12/site-packages/pip/_vendor/packaging/licenses) by extensions ['colcon_meta']
[1.762s] Level 1:colcon.colcon_core.package_identification:_identify(venv/lib/python3.12/site-packages/pip/_vendor/packaging/licenses) by extension 'colcon_meta'
[1.762s] Level 1:colcon.colcon_core.package_identification:_identify(venv/lib/python3.12/site-packages/pip/_vendor/packaging/licenses) by extensions ['ros']
[1.762s] Level 1:colcon.colcon_core.package_identification:_identify(venv/lib/python3.12/site-packages/pip/_vendor/packaging/licenses) by extension 'ros'
[1.763s] Level 1:colcon.colcon_core.package_identification:_identify(venv/lib/python3.12/site-packages/pip/_vendor/packaging/licenses) by extensions ['cmake', 'python']
[1.763s] Level 1:colcon.colcon_core.package_identification:_identify(venv/lib/python3.12/site-packages/pip/_vendor/packaging/licenses) by extension 'cmake'
[1.763s] Level 1:colcon.colcon_core.package_identification:_identify(venv/lib/python3.12/site-packages/pip/_vendor/packaging/licenses) by extension 'python'
[1.763s] Level 1:colcon.colcon_core.package_identification:_identify(venv/lib/python3.12/site-packages/pip/_vendor/packaging/licenses) by extensions ['python_setup_py']
[1.763s] Level 1:colcon.colcon_core.package_identification:_identify(venv/lib/python3.12/site-packages/pip/_vendor/packaging/licenses) by extension 'python_setup_py'
[1.763s] Level 1:colcon.colcon_core.package_identification:_identify(venv/lib/python3.12/site-packages/pip/_vendor/packaging/licenses/__pycache__) by extensions ['ignore', 'ignore_ament_install']
[1.763s] Level 1:colcon.colcon_core.package_identification:_identify(venv/lib/python3.12/site-packages/pip/_vendor/packaging/licenses/__pycache__) by extension 'ignore'
[1.763s] Level 1:colcon.colcon_core.package_identification:_identify(venv/lib/python3.12/site-packages/pip/_vendor/packaging/licenses/__pycache__) by extension 'ignore_ament_install'
[1.763s] Level 1:colcon.colcon_core.package_identification:_identify(venv/lib/python3.12/site-packages/pip/_vendor/packaging/licenses/__pycache__) by extensions ['colcon_pkg']
[1.763s] Level 1:colcon.colcon_core.package_identification:_identify(venv/lib/python3.12/site-packages/pip/_vendor/packaging/licenses/__pycache__) by extension 'colcon_pkg'
[1.763s] Level 1:colcon.colcon_core.package_identification:_identify(venv/lib/python3.12/site-packages/pip/_vendor/packaging/licenses/__pycache__) by extensions ['colcon_meta']
[1.763s] Level 1:colcon.colcon_core.package_identification:_identify(venv/lib/python3.12/site-packages/pip/_vendor/packaging/licenses/__pycache__) by extension 'colcon_meta'
[1.763s] Level 1:colcon.colcon_core.package_identification:_identify(venv/lib/python3.12/site-packages/pip/_vendor/packaging/licenses/__pycache__) by extensions ['ros']
[1.763s] Level 1:colcon.colcon_core.package_identification:_identify(venv/lib/python3.12/site-packages/pip/_vendor/packaging/licenses/__pycache__) by extension 'ros'
[1.764s] Level 1:colcon.colcon_core.package_identification:_identify(venv/lib/python3.12/site-packages/pip/_vendor/packaging/licenses/__pycache__) by extensions ['cmake', 'python']
[1.764s] Level 1:colcon.colcon_core.package_identification:_identify(venv/lib/python3.12/site-packages/pip/_vendor/packaging/licenses/__pycache__) by extension 'cmake'
[1.764s] Level 1:colcon.colcon_core.package_identification:_identify(venv/lib/python3.12/site-packages/pip/_vendor/packaging/licenses/__pycache__) by extension 'python'
[1.764s] Level 1:colcon.colcon_core.package_identification:_identify(venv/lib/python3.12/site-packages/pip/_vendor/packaging/licenses/__pycache__) by extensions ['python_setup_py']
[1.764s] Level 1:colcon.colcon_core.package_identification:_identify(venv/lib/python3.12/site-packages/pip/_vendor/packaging/licenses/__pycache__) by extension 'python_setup_py'
[1.764s] Level 1:colcon.colcon_core.package_identification:_identify(venv/lib/python3.12/site-packages/pip/_vendor/pkg_resources) by extensions ['ignore', 'ignore_ament_install']
[1.764s] Level 1:colcon.colcon_core.package_identification:_identify(venv/lib/python3.12/site-packages/pip/_vendor/pkg_resources) by extension 'ignore'
[1.764s] Level 1:colcon.colcon_core.package_identification:_identify(venv/lib/python3.12/site-packages/pip/_vendor/pkg_resources) by extension 'ignore_ament_install'
[1.764s] Level 1:colcon.colcon_core.package_identification:_identify(venv/lib/python3.12/site-packages/pip/_vendor/pkg_resources) by extensions ['colcon_pkg']
[1.764s] Level 1:colcon.colcon_core.package_identification:_identify(venv/lib/python3.12/site-packages/pip/_vendor/pkg_resources) by extension 'colcon_pkg'
[1.764s] Level 1:colcon.colcon_core.package_identification:_identify(venv/lib/python3.12/site-packages/pip/_vendor/pkg_resources) by extensions ['colcon_meta']
[1.764s] Level 1:colcon.colcon_core.package_identification:_identify(venv/lib/python3.12/site-packages/pip/_vendor/pkg_resources) by extension 'colcon_meta'
[1.764s] Level 1:colcon.colcon_core.package_identification:_identify(venv/lib/python3.12/site-packages/pip/_vendor/pkg_resources) by extensions ['ros']
[1.764s] Level 1:colcon.colcon_core.package_identification:_identify(venv/lib/python3.12/site-packages/pip/_vendor/pkg_resources) by extension 'ros'
[1.764s] Level 1:colcon.colcon_core.package_identification:_identify(venv/lib/python3.12/site-packages/pip/_vendor/pkg_resources) by extensions ['cmake', 'python']
[1.764s] Level 1:colcon.colcon_core.package_identification:_identify(venv/lib/python3.12/site-packages/pip/_vendor/pkg_resources) by extension 'cmake'
[1.765s] Level 1:colcon.colcon_core.package_identification:_identify(venv/lib/python3.12/site-packages/pip/_vendor/pkg_resources) by extension 'python'
[1.765s] Level 1:colcon.colcon_core.package_identification:_identify(venv/lib/python3.12/site-packages/pip/_vendor/pkg_resources) by extensions ['python_setup_py']
[1.765s] Level 1:colcon.colcon_core.package_identification:_identify(venv/lib/python3.12/site-packages/pip/_vendor/pkg_resources) by extension 'python_setup_py'
[1.765s] Level 1:colcon.colcon_core.package_identification:_identify(venv/lib/python3.12/site-packages/pip/_vendor/pkg_resources/__pycache__) by extensions ['ignore', 'ignore_ament_install']
[1.765s] Level 1:colcon.colcon_core.package_identification:_identify(venv/lib/python3.12/site-packages/pip/_vendor/pkg_resources/__pycache__) by extension 'ignore'
[1.765s] Level 1:colcon.colcon_core.package_identification:_identify(venv/lib/python3.12/site-packages/pip/_vendor/pkg_resources/__pycache__) by extension 'ignore_ament_install'
[1.765s] Level 1:colcon.colcon_core.package_identification:_identify(venv/lib/python3.12/site-packages/pip/_vendor/pkg_resources/__pycache__) by extensions ['colcon_pkg']
[1.765s] Level 1:colcon.colcon_core.package_identification:_identify(venv/lib/python3.12/site-packages/pip/_vendor/pkg_resources/__pycache__) by extension 'colcon_pkg'
[1.765s] Level 1:colcon.colcon_core.package_identification:_identify(venv/lib/python3.12/site-packages/pip/_vendor/pkg_resources/__pycache__) by extensions ['colcon_meta']
[1.765s] Level 1:colcon.colcon_core.package_identification:_identify(venv/lib/python3.12/site-packages/pip/_vendor/pkg_resources/__pycache__) by extension 'colcon_meta'
[1.765s] Level 1:colcon.colcon_core.package_identification:_identify(venv/lib/python3.12/site-packages/pip/_vendor/pkg_resources/__pycache__) by extensions ['ros']
[1.765s] Level 1:colcon.colcon_core.package_identification:_identify(venv/lib/python3.12/site-packages/pip/_vendor/pkg_resources/__pycache__) by extension 'ros'
[1.765s] Level 1:colcon.colcon_core.package_identification:_identify(venv/lib/python3.12/site-packages/pip/_vendor/pkg_resources/__pycache__) by extensions ['cmake', 'python']
[1.765s] Level 1:colcon.colcon_core.package_identification:_identify(venv/lib/python3.12/site-packages/pip/_vendor/pkg_resources/__pycache__) by extension 'cmake'
[1.765s] Level 1:colcon.colcon_core.package_identification:_identify(venv/lib/python3.12/site-packages/pip/_vendor/pkg_resources/__pycache__) by extension 'python'
[1.766s] Level 1:colcon.colcon_core.package_identification:_identify(venv/lib/python3.12/site-packages/pip/_vendor/pkg_resources/__pycache__) by extensions ['python_setup_py']
[1.766s] Level 1:colcon.colcon_core.package_identification:_identify(venv/lib/python3.12/site-packages/pip/_vendor/pkg_resources/__pycache__) by extension 'python_setup_py'
[1.766s] Level 1:colcon.colcon_core.package_identification:_identify(venv/lib/python3.12/site-packages/pip/_vendor/platformdirs) by extensions ['ignore', 'ignore_ament_install']
[1.766s] Level 1:colcon.colcon_core.package_identification:_identify(venv/lib/python3.12/site-packages/pip/_vendor/platformdirs) by extension 'ignore'
[1.766s] Level 1:colcon.colcon_core.package_identification:_identify(venv/lib/python3.12/site-packages/pip/_vendor/platformdirs) by extension 'ignore_ament_install'
[1.766s] Level 1:colcon.colcon_core.package_identification:_identify(venv/lib/python3.12/site-packages/pip/_vendor/platformdirs) by extensions ['colcon_pkg']
[1.766s] Level 1:colcon.colcon_core.package_identification:_identify(venv/lib/python3.12/site-packages/pip/_vendor/platformdirs) by extension 'colcon_pkg'
[1.766s] Level 1:colcon.colcon_core.package_identification:_identify(venv/lib/python3.12/site-packages/pip/_vendor/platformdirs) by extensions ['colcon_meta']
[1.766s] Level 1:colcon.colcon_core.package_identification:_identify(venv/lib/python3.12/site-packages/pip/_vendor/platformdirs) by extension 'colcon_meta'
[1.766s] Level 1:colcon.colcon_core.package_identification:_identify(venv/lib/python3.12/site-packages/pip/_vendor/platformdirs) by extensions ['ros']
[1.766s] Level 1:colcon.colcon_core.package_identification:_identify(venv/lib/python3.12/site-packages/pip/_vendor/platformdirs) by extension 'ros'
[1.766s] Level 1:colcon.colcon_core.package_identification:_identify(venv/lib/python3.12/site-packages/pip/_vendor/platformdirs) by extensions ['cmake', 'python']
[1.766s] Level 1:colcon.colcon_core.package_identification:_identify(venv/lib/python3.12/site-packages/pip/_vendor/platformdirs) by extension 'cmake'
[1.766s] Level 1:colcon.colcon_core.package_identification:_identify(venv/lib/python3.12/site-packages/pip/_vendor/platformdirs) by extension 'python'
[1.766s] Level 1:colcon.colcon_core.package_identification:_identify(venv/lib/python3.12/site-packages/pip/_vendor/platformdirs) by extensions ['python_setup_py']
[1.766s] Level 1:colcon.colcon_core.package_identification:_identify(venv/lib/python3.12/site-packages/pip/_vendor/platformdirs) by extension 'python_setup_py'
[1.767s] Level 1:colcon.colcon_core.package_identification:_identify(venv/lib/python3.12/site-packages/pip/_vendor/platformdirs/__pycache__) by extensions ['ignore', 'ignore_ament_install']
[1.767s] Level 1:colcon.colcon_core.package_identification:_identify(venv/lib/python3.12/site-packages/pip/_vendor/platformdirs/__pycache__) by extension 'ignore'
[1.767s] Level 1:colcon.colcon_core.package_identification:_identify(venv/lib/python3.12/site-packages/pip/_vendor/platformdirs/__pycache__) by extension 'ignore_ament_install'
[1.767s] Level 1:colcon.colcon_core.package_identification:_identify(venv/lib/python3.12/site-packages/pip/_vendor/platformdirs/__pycache__) by extensions ['colcon_pkg']
[1.767s] Level 1:colcon.colcon_core.package_identification:_identify(venv/lib/python3.12/site-packages/pip/_vendor/platformdirs/__pycache__) by extension 'colcon_pkg'
[1.767s] Level 1:colcon.colcon_core.package_identification:_identify(venv/lib/python3.12/site-packages/pip/_vendor/platformdirs/__pycache__) by extensions ['colcon_meta']
[1.767s] Level 1:colcon.colcon_core.package_identification:_identify(venv/lib/python3.12/site-packages/pip/_vendor/platformdirs/__pycache__) by extension 'colcon_meta'
[1.767s] Level 1:colcon.colcon_core.package_identification:_identify(venv/lib/python3.12/site-packages/pip/_vendor/platformdirs/__pycache__) by extensions ['ros']
[1.767s] Level 1:colcon.colcon_core.package_identification:_identify(venv/lib/python3.12/site-packages/pip/_vendor/platformdirs/__pycache__) by extension 'ros'
[1.767s] Level 1:colcon.colcon_core.package_identification:_identify(venv/lib/python3.12/site-packages/pip/_vendor/platformdirs/__pycache__) by extensions ['cmake', 'python']
[1.767s] Level 1:colcon.colcon_core.package_identification:_identify(venv/lib/python3.12/site-packages/pip/_vendor/platformdirs/__pycache__) by extension 'cmake'
[1.767s] Level 1:colcon.colcon_core.package_identification:_identify(venv/lib/python3.12/site-packages/pip/_vendor/platformdirs/__pycache__) by extension 'python'
[1.767s] Level 1:colcon.colcon_core.package_identification:_identify(venv/lib/python3.12/site-packages/pip/_vendor/platformdirs/__pycache__) by extensions ['python_setup_py']
[1.767s] Level 1:colcon.colcon_core.package_identification:_identify(venv/lib/python3.12/site-packages/pip/_vendor/platformdirs/__pycache__) by extension 'python_setup_py'
[1.767s] Level 1:colcon.colcon_core.package_identification:_identify(venv/lib/python3.12/site-packages/pip/_vendor/pygments) by extensions ['ignore', 'ignore_ament_install']
[1.768s] Level 1:colcon.colcon_core.package_identification:_identify(venv/lib/python3.12/site-packages/pip/_vendor/pygments) by extension 'ignore'
[1.768s] Level 1:colcon.colcon_core.package_identification:_identify(venv/lib/python3.12/site-packages/pip/_vendor/pygments) by extension 'ignore_ament_install'
[1.768s] Level 1:colcon.colcon_core.package_identification:_identify(venv/lib/python3.12/site-packages/pip/_vendor/pygments) by extensions ['colcon_pkg']
[1.768s] Level 1:colcon.colcon_core.package_identification:_identify(venv/lib/python3.12/site-packages/pip/_vendor/pygments) by extension 'colcon_pkg'
[1.768s] Level 1:colcon.colcon_core.package_identification:_identify(venv/lib/python3.12/site-packages/pip/_vendor/pygments) by extensions ['colcon_meta']
[1.768s] Level 1:colcon.colcon_core.package_identification:_identify(venv/lib/python3.12/site-packages/pip/_vendor/pygments) by extension 'colcon_meta'
[1.768s] Level 1:colcon.colcon_core.package_identification:_identify(venv/lib/python3.12/site-packages/pip/_vendor/pygments) by extensions ['ros']
[1.768s] Level 1:colcon.colcon_core.package_identification:_identify(venv/lib/python3.12/site-packages/pip/_vendor/pygments) by extension 'ros'
[1.768s] Level 1:colcon.colcon_core.package_identification:_identify(venv/lib/python3.12/site-packages/pip/_vendor/pygments) by extensions ['cmake', 'python']
[1.768s] Level 1:colcon.colcon_core.package_identification:_identify(venv/lib/python3.12/site-packages/pip/_vendor/pygments) by extension 'cmake'
[1.768s] Level 1:colcon.colcon_core.package_identification:_identify(venv/lib/python3.12/site-packages/pip/_vendor/pygments) by extension 'python'
[1.768s] Level 1:colcon.colcon_core.package_identification:_identify(venv/lib/python3.12/site-packages/pip/_vendor/pygments) by extensions ['python_setup_py']
[1.768s] Level 1:colcon.colcon_core.package_identification:_identify(venv/lib/python3.12/site-packages/pip/_vendor/pygments) by extension 'python_setup_py'
[1.768s] Level 1:colcon.colcon_core.package_identification:_identify(venv/lib/python3.12/site-packages/pip/_vendor/pygments/__pycache__) by extensions ['ignore', 'ignore_ament_install']
[1.768s] Level 1:colcon.colcon_core.package_identification:_identify(venv/lib/python3.12/site-packages/pip/_vendor/pygments/__pycache__) by extension 'ignore'
[1.768s] Level 1:colcon.colcon_core.package_identification:_identify(venv/lib/python3.12/site-packages/pip/_vendor/pygments/__pycache__) by extension 'ignore_ament_install'
[1.769s] Level 1:colcon.colcon_core.package_identification:_identify(venv/lib/python3.12/site-packages/pip/_vendor/pygments/__pycache__) by extensions ['colcon_pkg']
[1.769s] Level 1:colcon.colcon_core.package_identification:_identify(venv/lib/python3.12/site-packages/pip/_vendor/pygments/__pycache__) by extension 'colcon_pkg'
[1.769s] Level 1:colcon.colcon_core.package_identification:_identify(venv/lib/python3.12/site-packages/pip/_vendor/pygments/__pycache__) by extensions ['colcon_meta']
[1.769s] Level 1:colcon.colcon_core.package_identification:_identify(venv/lib/python3.12/site-packages/pip/_vendor/pygments/__pycache__) by extension 'colcon_meta'
[1.769s] Level 1:colcon.colcon_core.package_identification:_identify(venv/lib/python3.12/site-packages/pip/_vendor/pygments/__pycache__) by extensions ['ros']
[1.769s] Level 1:colcon.colcon_core.package_identification:_identify(venv/lib/python3.12/site-packages/pip/_vendor/pygments/__pycache__) by extension 'ros'
[1.769s] Level 1:colcon.colcon_core.package_identification:_identify(venv/lib/python3.12/site-packages/pip/_vendor/pygments/__pycache__) by extensions ['cmake', 'python']
[1.769s] Level 1:colcon.colcon_core.package_identification:_identify(venv/lib/python3.12/site-packages/pip/_vendor/pygments/__pycache__) by extension 'cmake'
[1.769s] Level 1:colcon.colcon_core.package_identification:_identify(venv/lib/python3.12/site-packages/pip/_vendor/pygments/__pycache__) by extension 'python'
[1.769s] Level 1:colcon.colcon_core.package_identification:_identify(venv/lib/python3.12/site-packages/pip/_vendor/pygments/__pycache__) by extensions ['python_setup_py']
[1.769s] Level 1:colcon.colcon_core.package_identification:_identify(venv/lib/python3.12/site-packages/pip/_vendor/pygments/__pycache__) by extension 'python_setup_py'
[1.769s] Level 1:colcon.colcon_core.package_identification:_identify(venv/lib/python3.12/site-packages/pip/_vendor/pygments/filters) by extensions ['ignore', 'ignore_ament_install']
[1.769s] Level 1:colcon.colcon_core.package_identification:_identify(venv/lib/python3.12/site-packages/pip/_vendor/pygments/filters) by extension 'ignore'
[1.769s] Level 1:colcon.colcon_core.package_identification:_identify(venv/lib/python3.12/site-packages/pip/_vendor/pygments/filters) by extension 'ignore_ament_install'
[1.769s] Level 1:colcon.colcon_core.package_identification:_identify(venv/lib/python3.12/site-packages/pip/_vendor/pygments/filters) by extensions ['colcon_pkg']
[1.769s] Level 1:colcon.colcon_core.package_identification:_identify(venv/lib/python3.12/site-packages/pip/_vendor/pygments/filters) by extension 'colcon_pkg'
[1.769s] Level 1:colcon.colcon_core.package_identification:_identify(venv/lib/python3.12/site-packages/pip/_vendor/pygments/filters) by extensions ['colcon_meta']
[1.770s] Level 1:colcon.colcon_core.package_identification:_identify(venv/lib/python3.12/site-packages/pip/_vendor/pygments/filters) by extension 'colcon_meta'
[1.770s] Level 1:colcon.colcon_core.package_identification:_identify(venv/lib/python3.12/site-packages/pip/_vendor/pygments/filters) by extensions ['ros']
[1.770s] Level 1:colcon.colcon_core.package_identification:_identify(venv/lib/python3.12/site-packages/pip/_vendor/pygments/filters) by extension 'ros'
[1.770s] Level 1:colcon.colcon_core.package_identification:_identify(venv/lib/python3.12/site-packages/pip/_vendor/pygments/filters) by extensions ['cmake', 'python']
[1.770s] Level 1:colcon.colcon_core.package_identification:_identify(venv/lib/python3.12/site-packages/pip/_vendor/pygments/filters) by extension 'cmake'
[1.770s] Level 1:colcon.colcon_core.package_identification:_identify(venv/lib/python3.12/site-packages/pip/_vendor/pygments/filters) by extension 'python'
[1.770s] Level 1:colcon.colcon_core.package_identification:_identify(venv/lib/python3.12/site-packages/pip/_vendor/pygments/filters) by extensions ['python_setup_py']
[1.770s] Level 1:colcon.colcon_core.package_identification:_identify(venv/lib/python3.12/site-packages/pip/_vendor/pygments/filters) by extension 'python_setup_py'
[1.770s] Level 1:colcon.colcon_core.package_identification:_identify(venv/lib/python3.12/site-packages/pip/_vendor/pygments/filters/__pycache__) by extensions ['ignore', 'ignore_ament_install']
[1.770s] Level 1:colcon.colcon_core.package_identification:_identify(venv/lib/python3.12/site-packages/pip/_vendor/pygments/filters/__pycache__) by extension 'ignore'
[1.770s] Level 1:colcon.colcon_core.package_identification:_identify(venv/lib/python3.12/site-packages/pip/_vendor/pygments/filters/__pycache__) by extension 'ignore_ament_install'
[1.770s] Level 1:colcon.colcon_core.package_identification:_identify(venv/lib/python3.12/site-packages/pip/_vendor/pygments/filters/__pycache__) by extensions ['colcon_pkg']
[1.770s] Level 1:colcon.colcon_core.package_identification:_identify(venv/lib/python3.12/site-packages/pip/_vendor/pygments/filters/__pycache__) by extension 'colcon_pkg'
[1.770s] Level 1:colcon.colcon_core.package_identification:_identify(venv/lib/python3.12/site-packages/pip/_vendor/pygments/filters/__pycache__) by extensions ['colcon_meta']
[1.770s] Level 1:colcon.colcon_core.package_identification:_identify(venv/lib/python3.12/site-packages/pip/_vendor/pygments/filters/__pycache__) by extension 'colcon_meta'
[1.770s] Level 1:colcon.colcon_core.package_identification:_identify(venv/lib/python3.12/site-packages/pip/_vendor/pygments/filters/__pycache__) by extensions ['ros']
[1.770s] Level 1:colcon.colcon_core.package_identification:_identify(venv/lib/python3.12/site-packages/pip/_vendor/pygments/filters/__pycache__) by extension 'ros'
[1.771s] Level 1:colcon.colcon_core.package_identification:_identify(venv/lib/python3.12/site-packages/pip/_vendor/pygments/filters/__pycache__) by extensions ['cmake', 'python']
[1.771s] Level 1:colcon.colcon_core.package_identification:_identify(venv/lib/python3.12/site-packages/pip/_vendor/pygments/filters/__pycache__) by extension 'cmake'
[1.771s] Level 1:colcon.colcon_core.package_identification:_identify(venv/lib/python3.12/site-packages/pip/_vendor/pygments/filters/__pycache__) by extension 'python'
[1.771s] Level 1:colcon.colcon_core.package_identification:_identify(venv/lib/python3.12/site-packages/pip/_vendor/pygments/filters/__pycache__) by extensions ['python_setup_py']
[1.771s] Level 1:colcon.colcon_core.package_identification:_identify(venv/lib/python3.12/site-packages/pip/_vendor/pygments/filters/__pycache__) by extension 'python_setup_py'
[1.771s] Level 1:colcon.colcon_core.package_identification:_identify(venv/lib/python3.12/site-packages/pip/_vendor/pygments/formatters) by extensions ['ignore', 'ignore_ament_install']
[1.771s] Level 1:colcon.colcon_core.package_identification:_identify(venv/lib/python3.12/site-packages/pip/_vendor/pygments/formatters) by extension 'ignore'
[1.771s] Level 1:colcon.colcon_core.package_identification:_identify(venv/lib/python3.12/site-packages/pip/_vendor/pygments/formatters) by extension 'ignore_ament_install'
[1.771s] Level 1:colcon.colcon_core.package_identification:_identify(venv/lib/python3.12/site-packages/pip/_vendor/pygments/formatters) by extensions ['colcon_pkg']
[1.771s] Level 1:colcon.colcon_core.package_identification:_identify(venv/lib/python3.12/site-packages/pip/_vendor/pygments/formatters) by extension 'colcon_pkg'
[1.771s] Level 1:colcon.colcon_core.package_identification:_identify(venv/lib/python3.12/site-packages/pip/_vendor/pygments/formatters) by extensions ['colcon_meta']
[1.771s] Level 1:colcon.colcon_core.package_identification:_identify(venv/lib/python3.12/site-packages/pip/_vendor/pygments/formatters) by extension 'colcon_meta'
[1.771s] Level 1:colcon.colcon_core.package_identification:_identify(venv/lib/python3.12/site-packages/pip/_vendor/pygments/formatters) by extensions ['ros']
[1.771s] Level 1:colcon.colcon_core.package_identification:_identify(venv/lib/python3.12/site-packages/pip/_vendor/pygments/formatters) by extension 'ros'
[1.771s] Level 1:colcon.colcon_core.package_identification:_identify(venv/lib/python3.12/site-packages/pip/_vendor/pygments/formatters) by extensions ['cmake', 'python']
[1.772s] Level 1:colcon.colcon_core.package_identification:_identify(venv/lib/python3.12/site-packages/pip/_vendor/pygments/formatters) by extension 'cmake'
[1.772s] Level 1:colcon.colcon_core.package_identification:_identify(venv/lib/python3.12/site-packages/pip/_vendor/pygments/formatters) by extension 'python'
[1.772s] Level 1:colcon.colcon_core.package_identification:_identify(venv/lib/python3.12/site-packages/pip/_vendor/pygments/formatters) by extensions ['python_setup_py']
[1.772s] Level 1:colcon.colcon_core.package_identification:_identify(venv/lib/python3.12/site-packages/pip/_vendor/pygments/formatters) by extension 'python_setup_py'
[1.772s] Level 1:colcon.colcon_core.package_identification:_identify(venv/lib/python3.12/site-packages/pip/_vendor/pygments/formatters/__pycache__) by extensions ['ignore', 'ignore_ament_install']
[1.772s] Level 1:colcon.colcon_core.package_identification:_identify(venv/lib/python3.12/site-packages/pip/_vendor/pygments/formatters/__pycache__) by extension 'ignore'
[1.772s] Level 1:colcon.colcon_core.package_identification:_identify(venv/lib/python3.12/site-packages/pip/_vendor/pygments/formatters/__pycache__) by extension 'ignore_ament_install'
[1.772s] Level 1:colcon.colcon_core.package_identification:_identify(venv/lib/python3.12/site-packages/pip/_vendor/pygments/formatters/__pycache__) by extensions ['colcon_pkg']
[1.772s] Level 1:colcon.colcon_core.package_identification:_identify(venv/lib/python3.12/site-packages/pip/_vendor/pygments/formatters/__pycache__) by extension 'colcon_pkg'
[1.772s] Level 1:colcon.colcon_core.package_identification:_identify(venv/lib/python3.12/site-packages/pip/_vendor/pygments/formatters/__pycache__) by extensions ['colcon_meta']
[1.772s] Level 1:colcon.colcon_core.package_identification:_identify(venv/lib/python3.12/site-packages/pip/_vendor/pygments/formatters/__pycache__) by extension 'colcon_meta'
[1.772s] Level 1:colcon.colcon_core.package_identification:_identify(venv/lib/python3.12/site-packages/pip/_vendor/pygments/formatters/__pycache__) by extensions ['ros']
[1.772s] Level 1:colcon.colcon_core.package_identification:_identify(venv/lib/python3.12/site-packages/pip/_vendor/pygments/formatters/__pycache__) by extension 'ros'
[1.772s] Level 1:colcon.colcon_core.package_identification:_identify(venv/lib/python3.12/site-packages/pip/_vendor/pygments/formatters/__pycache__) by extensions ['cmake', 'python']
[1.772s] Level 1:colcon.colcon_core.package_identification:_identify(venv/lib/python3.12/site-packages/pip/_vendor/pygments/formatters/__pycache__) by extension 'cmake'
[1.772s] Level 1:colcon.colcon_core.package_identification:_identify(venv/lib/python3.12/site-packages/pip/_vendor/pygments/formatters/__pycache__) by extension 'python'
[1.772s] Level 1:colcon.colcon_core.package_identification:_identify(venv/lib/python3.12/site-packages/pip/_vendor/pygments/formatters/__pycache__) by extensions ['python_setup_py']
[1.773s] Level 1:colcon.colcon_core.package_identification:_identify(venv/lib/python3.12/site-packages/pip/_vendor/pygments/formatters/__pycache__) by extension 'python_setup_py'
[1.773s] Level 1:colcon.colcon_core.package_identification:_identify(venv/lib/python3.12/site-packages/pip/_vendor/pygments/lexers) by extensions ['ignore', 'ignore_ament_install']
[1.773s] Level 1:colcon.colcon_core.package_identification:_identify(venv/lib/python3.12/site-packages/pip/_vendor/pygments/lexers) by extension 'ignore'
[1.773s] Level 1:colcon.colcon_core.package_identification:_identify(venv/lib/python3.12/site-packages/pip/_vendor/pygments/lexers) by extension 'ignore_ament_install'
[1.773s] Level 1:colcon.colcon_core.package_identification:_identify(venv/lib/python3.12/site-packages/pip/_vendor/pygments/lexers) by extensions ['colcon_pkg']
[1.773s] Level 1:colcon.colcon_core.package_identification:_identify(venv/lib/python3.12/site-packages/pip/_vendor/pygments/lexers) by extension 'colcon_pkg'
[1.773s] Level 1:colcon.colcon_core.package_identification:_identify(venv/lib/python3.12/site-packages/pip/_vendor/pygments/lexers) by extensions ['colcon_meta']
[1.773s] Level 1:colcon.colcon_core.package_identification:_identify(venv/lib/python3.12/site-packages/pip/_vendor/pygments/lexers) by extension 'colcon_meta'
[1.773s] Level 1:colcon.colcon_core.package_identification:_identify(venv/lib/python3.12/site-packages/pip/_vendor/pygments/lexers) by extensions ['ros']
[1.773s] Level 1:colcon.colcon_core.package_identification:_identify(venv/lib/python3.12/site-packages/pip/_vendor/pygments/lexers) by extension 'ros'
[1.773s] Level 1:colcon.colcon_core.package_identification:_identify(venv/lib/python3.12/site-packages/pip/_vendor/pygments/lexers) by extensions ['cmake', 'python']
[1.773s] Level 1:colcon.colcon_core.package_identification:_identify(venv/lib/python3.12/site-packages/pip/_vendor/pygments/lexers) by extension 'cmake'
[1.773s] Level 1:colcon.colcon_core.package_identification:_identify(venv/lib/python3.12/site-packages/pip/_vendor/pygments/lexers) by extension 'python'
[1.773s] Level 1:colcon.colcon_core.package_identification:_identify(venv/lib/python3.12/site-packages/pip/_vendor/pygments/lexers) by extensions ['python_setup_py']
[1.773s] Level 1:colcon.colcon_core.package_identification:_identify(venv/lib/python3.12/site-packages/pip/_vendor/pygments/lexers) by extension 'python_setup_py'
[1.774s] Level 1:colcon.colcon_core.package_identification:_identify(venv/lib/python3.12/site-packages/pip/_vendor/pygments/lexers/__pycache__) by extensions ['ignore', 'ignore_ament_install']
[1.774s] Level 1:colcon.colcon_core.package_identification:_identify(venv/lib/python3.12/site-packages/pip/_vendor/pygments/lexers/__pycache__) by extension 'ignore'
[1.774s] Level 1:colcon.colcon_core.package_identification:_identify(venv/lib/python3.12/site-packages/pip/_vendor/pygments/lexers/__pycache__) by extension 'ignore_ament_install'
[1.774s] Level 1:colcon.colcon_core.package_identification:_identify(venv/lib/python3.12/site-packages/pip/_vendor/pygments/lexers/__pycache__) by extensions ['colcon_pkg']
[1.774s] Level 1:colcon.colcon_core.package_identification:_identify(venv/lib/python3.12/site-packages/pip/_vendor/pygments/lexers/__pycache__) by extension 'colcon_pkg'
[1.774s] Level 1:colcon.colcon_core.package_identification:_identify(venv/lib/python3.12/site-packages/pip/_vendor/pygments/lexers/__pycache__) by extensions ['colcon_meta']
[1.774s] Level 1:colcon.colcon_core.package_identification:_identify(venv/lib/python3.12/site-packages/pip/_vendor/pygments/lexers/__pycache__) by extension 'colcon_meta'
[1.774s] Level 1:colcon.colcon_core.package_identification:_identify(venv/lib/python3.12/site-packages/pip/_vendor/pygments/lexers/__pycache__) by extensions ['ros']
[1.774s] Level 1:colcon.colcon_core.package_identification:_identify(venv/lib/python3.12/site-packages/pip/_vendor/pygments/lexers/__pycache__) by extension 'ros'
[1.774s] Level 1:colcon.colcon_core.package_identification:_identify(venv/lib/python3.12/site-packages/pip/_vendor/pygments/lexers/__pycache__) by extensions ['cmake', 'python']
[1.774s] Level 1:colcon.colcon_core.package_identification:_identify(venv/lib/python3.12/site-packages/pip/_vendor/pygments/lexers/__pycache__) by extension 'cmake'
[1.774s] Level 1:colcon.colcon_core.package_identification:_identify(venv/lib/python3.12/site-packages/pip/_vendor/pygments/lexers/__pycache__) by extension 'python'
[1.774s] Level 1:colcon.colcon_core.package_identification:_identify(venv/lib/python3.12/site-packages/pip/_vendor/pygments/lexers/__pycache__) by extensions ['python_setup_py']
[1.774s] Level 1:colcon.colcon_core.package_identification:_identify(venv/lib/python3.12/site-packages/pip/_vendor/pygments/lexers/__pycache__) by extension 'python_setup_py'
[1.774s] Level 1:colcon.colcon_core.package_identification:_identify(venv/lib/python3.12/site-packages/pip/_vendor/pygments/styles) by extensions ['ignore', 'ignore_ament_install']
[1.775s] Level 1:colcon.colcon_core.package_identification:_identify(venv/lib/python3.12/site-packages/pip/_vendor/pygments/styles) by extension 'ignore'
[1.775s] Level 1:colcon.colcon_core.package_identification:_identify(venv/lib/python3.12/site-packages/pip/_vendor/pygments/styles) by extension 'ignore_ament_install'
[1.775s] Level 1:colcon.colcon_core.package_identification:_identify(venv/lib/python3.12/site-packages/pip/_vendor/pygments/styles) by extensions ['colcon_pkg']
[1.775s] Level 1:colcon.colcon_core.package_identification:_identify(venv/lib/python3.12/site-packages/pip/_vendor/pygments/styles) by extension 'colcon_pkg'
[1.775s] Level 1:colcon.colcon_core.package_identification:_identify(venv/lib/python3.12/site-packages/pip/_vendor/pygments/styles) by extensions ['colcon_meta']
[1.775s] Level 1:colcon.colcon_core.package_identification:_identify(venv/lib/python3.12/site-packages/pip/_vendor/pygments/styles) by extension 'colcon_meta'
[1.775s] Level 1:colcon.colcon_core.package_identification:_identify(venv/lib/python3.12/site-packages/pip/_vendor/pygments/styles) by extensions ['ros']
[1.775s] Level 1:colcon.colcon_core.package_identification:_identify(venv/lib/python3.12/site-packages/pip/_vendor/pygments/styles) by extension 'ros'
[1.775s] Level 1:colcon.colcon_core.package_identification:_identify(venv/lib/python3.12/site-packages/pip/_vendor/pygments/styles) by extensions ['cmake', 'python']
[1.775s] Level 1:colcon.colcon_core.package_identification:_identify(venv/lib/python3.12/site-packages/pip/_vendor/pygments/styles) by extension 'cmake'
[1.775s] Level 1:colcon.colcon_core.package_identification:_identify(venv/lib/python3.12/site-packages/pip/_vendor/pygments/styles) by extension 'python'
[1.775s] Level 1:colcon.colcon_core.package_identification:_identify(venv/lib/python3.12/site-packages/pip/_vendor/pygments/styles) by extensions ['python_setup_py']
[1.775s] Level 1:colcon.colcon_core.package_identification:_identify(venv/lib/python3.12/site-packages/pip/_vendor/pygments/styles) by extension 'python_setup_py'
[1.775s] Level 1:colcon.colcon_core.package_identification:_identify(venv/lib/python3.12/site-packages/pip/_vendor/pygments/styles/__pycache__) by extensions ['ignore', 'ignore_ament_install']
[1.775s] Level 1:colcon.colcon_core.package_identification:_identify(venv/lib/python3.12/site-packages/pip/_vendor/pygments/styles/__pycache__) by extension 'ignore'
[1.775s] Level 1:colcon.colcon_core.package_identification:_identify(venv/lib/python3.12/site-packages/pip/_vendor/pygments/styles/__pycache__) by extension 'ignore_ament_install'
[1.776s] Level 1:colcon.colcon_core.package_identification:_identify(venv/lib/python3.12/site-packages/pip/_vendor/pygments/styles/__pycache__) by extensions ['colcon_pkg']
[1.776s] Level 1:colcon.colcon_core.package_identification:_identify(venv/lib/python3.12/site-packages/pip/_vendor/pygments/styles/__pycache__) by extension 'colcon_pkg'
[1.776s] Level 1:colcon.colcon_core.package_identification:_identify(venv/lib/python3.12/site-packages/pip/_vendor/pygments/styles/__pycache__) by extensions ['colcon_meta']
[1.776s] Level 1:colcon.colcon_core.package_identification:_identify(venv/lib/python3.12/site-packages/pip/_vendor/pygments/styles/__pycache__) by extension 'colcon_meta'
[1.776s] Level 1:colcon.colcon_core.package_identification:_identify(venv/lib/python3.12/site-packages/pip/_vendor/pygments/styles/__pycache__) by extensions ['ros']
[1.776s] Level 1:colcon.colcon_core.package_identification:_identify(venv/lib/python3.12/site-packages/pip/_vendor/pygments/styles/__pycache__) by extension 'ros'
[1.776s] Level 1:colcon.colcon_core.package_identification:_identify(venv/lib/python3.12/site-packages/pip/_vendor/pygments/styles/__pycache__) by extensions ['cmake', 'python']
[1.776s] Level 1:colcon.colcon_core.package_identification:_identify(venv/lib/python3.12/site-packages/pip/_vendor/pygments/styles/__pycache__) by extension 'cmake'
[1.776s] Level 1:colcon.colcon_core.package_identification:_identify(venv/lib/python3.12/site-packages/pip/_vendor/pygments/styles/__pycache__) by extension 'python'
[1.776s] Level 1:colcon.colcon_core.package_identification:_identify(venv/lib/python3.12/site-packages/pip/_vendor/pygments/styles/__pycache__) by extensions ['python_setup_py']
[1.776s] Level 1:colcon.colcon_core.package_identification:_identify(venv/lib/python3.12/site-packages/pip/_vendor/pygments/styles/__pycache__) by extension 'python_setup_py'
[1.776s] Level 1:colcon.colcon_core.package_identification:_identify(venv/lib/python3.12/site-packages/pip/_vendor/pyproject_hooks) by extensions ['ignore', 'ignore_ament_install']
[1.776s] Level 1:colcon.colcon_core.package_identification:_identify(venv/lib/python3.12/site-packages/pip/_vendor/pyproject_hooks) by extension 'ignore'
[1.776s] Level 1:colcon.colcon_core.package_identification:_identify(venv/lib/python3.12/site-packages/pip/_vendor/pyproject_hooks) by extension 'ignore_ament_install'
[1.776s] Level 1:colcon.colcon_core.package_identification:_identify(venv/lib/python3.12/site-packages/pip/_vendor/pyproject_hooks) by extensions ['colcon_pkg']
[1.776s] Level 1:colcon.colcon_core.package_identification:_identify(venv/lib/python3.12/site-packages/pip/_vendor/pyproject_hooks) by extension 'colcon_pkg'
[1.776s] Level 1:colcon.colcon_core.package_identification:_identify(venv/lib/python3.12/site-packages/pip/_vendor/pyproject_hooks) by extensions ['colcon_meta']
[1.777s] Level 1:colcon.colcon_core.package_identification:_identify(venv/lib/python3.12/site-packages/pip/_vendor/pyproject_hooks) by extension 'colcon_meta'
[1.777s] Level 1:colcon.colcon_core.package_identification:_identify(venv/lib/python3.12/site-packages/pip/_vendor/pyproject_hooks) by extensions ['ros']
[1.777s] Level 1:colcon.colcon_core.package_identification:_identify(venv/lib/python3.12/site-packages/pip/_vendor/pyproject_hooks) by extension 'ros'
[1.777s] Level 1:colcon.colcon_core.package_identification:_identify(venv/lib/python3.12/site-packages/pip/_vendor/pyproject_hooks) by extensions ['cmake', 'python']
[1.777s] Level 1:colcon.colcon_core.package_identification:_identify(venv/lib/python3.12/site-packages/pip/_vendor/pyproject_hooks) by extension 'cmake'
[1.777s] Level 1:colcon.colcon_core.package_identification:_identify(venv/lib/python3.12/site-packages/pip/_vendor/pyproject_hooks) by extension 'python'
[1.777s] Level 1:colcon.colcon_core.package_identification:_identify(venv/lib/python3.12/site-packages/pip/_vendor/pyproject_hooks) by extensions ['python_setup_py']
[1.777s] Level 1:colcon.colcon_core.package_identification:_identify(venv/lib/python3.12/site-packages/pip/_vendor/pyproject_hooks) by extension 'python_setup_py'
[1.777s] Level 1:colcon.colcon_core.package_identification:_identify(venv/lib/python3.12/site-packages/pip/_vendor/pyproject_hooks/__pycache__) by extensions ['ignore', 'ignore_ament_install']
[1.777s] Level 1:colcon.colcon_core.package_identification:_identify(venv/lib/python3.12/site-packages/pip/_vendor/pyproject_hooks/__pycache__) by extension 'ignore'
[1.777s] Level 1:colcon.colcon_core.package_identification:_identify(venv/lib/python3.12/site-packages/pip/_vendor/pyproject_hooks/__pycache__) by extension 'ignore_ament_install'
[1.777s] Level 1:colcon.colcon_core.package_identification:_identify(venv/lib/python3.12/site-packages/pip/_vendor/pyproject_hooks/__pycache__) by extensions ['colcon_pkg']
[1.777s] Level 1:colcon.colcon_core.package_identification:_identify(venv/lib/python3.12/site-packages/pip/_vendor/pyproject_hooks/__pycache__) by extension 'colcon_pkg'
[1.777s] Level 1:colcon.colcon_core.package_identification:_identify(venv/lib/python3.12/site-packages/pip/_vendor/pyproject_hooks/__pycache__) by extensions ['colcon_meta']
[1.777s] Level 1:colcon.colcon_core.package_identification:_identify(venv/lib/python3.12/site-packages/pip/_vendor/pyproject_hooks/__pycache__) by extension 'colcon_meta'
[1.777s] Level 1:colcon.colcon_core.package_identification:_identify(venv/lib/python3.12/site-packages/pip/_vendor/pyproject_hooks/__pycache__) by extensions ['ros']
[1.777s] Level 1:colcon.colcon_core.package_identification:_identify(venv/lib/python3.12/site-packages/pip/_vendor/pyproject_hooks/__pycache__) by extension 'ros'
[1.778s] Level 1:colcon.colcon_core.package_identification:_identify(venv/lib/python3.12/site-packages/pip/_vendor/pyproject_hooks/__pycache__) by extensions ['cmake', 'python']
[1.778s] Level 1:colcon.colcon_core.package_identification:_identify(venv/lib/python3.12/site-packages/pip/_vendor/pyproject_hooks/__pycache__) by extension 'cmake'
[1.778s] Level 1:colcon.colcon_core.package_identification:_identify(venv/lib/python3.12/site-packages/pip/_vendor/pyproject_hooks/__pycache__) by extension 'python'
[1.778s] Level 1:colcon.colcon_core.package_identification:_identify(venv/lib/python3.12/site-packages/pip/_vendor/pyproject_hooks/__pycache__) by extensions ['python_setup_py']
[1.778s] Level 1:colcon.colcon_core.package_identification:_identify(venv/lib/python3.12/site-packages/pip/_vendor/pyproject_hooks/__pycache__) by extension 'python_setup_py'
[1.778s] Level 1:colcon.colcon_core.package_identification:_identify(venv/lib/python3.12/site-packages/pip/_vendor/pyproject_hooks/_in_process) by extensions ['ignore', 'ignore_ament_install']
[1.778s] Level 1:colcon.colcon_core.package_identification:_identify(venv/lib/python3.12/site-packages/pip/_vendor/pyproject_hooks/_in_process) by extension 'ignore'
[1.778s] Level 1:colcon.colcon_core.package_identification:_identify(venv/lib/python3.12/site-packages/pip/_vendor/pyproject_hooks/_in_process) by extension 'ignore_ament_install'
[1.778s] Level 1:colcon.colcon_core.package_identification:_identify(venv/lib/python3.12/site-packages/pip/_vendor/pyproject_hooks/_in_process) by extensions ['colcon_pkg']
[1.778s] Level 1:colcon.colcon_core.package_identification:_identify(venv/lib/python3.12/site-packages/pip/_vendor/pyproject_hooks/_in_process) by extension 'colcon_pkg'
[1.778s] Level 1:colcon.colcon_core.package_identification:_identify(venv/lib/python3.12/site-packages/pip/_vendor/pyproject_hooks/_in_process) by extensions ['colcon_meta']
[1.778s] Level 1:colcon.colcon_core.package_identification:_identify(venv/lib/python3.12/site-packages/pip/_vendor/pyproject_hooks/_in_process) by extension 'colcon_meta'
[1.778s] Level 1:colcon.colcon_core.package_identification:_identify(venv/lib/python3.12/site-packages/pip/_vendor/pyproject_hooks/_in_process) by extensions ['ros']
[1.778s] Level 1:colcon.colcon_core.package_identification:_identify(venv/lib/python3.12/site-packages/pip/_vendor/pyproject_hooks/_in_process) by extension 'ros'
[1.778s] Level 1:colcon.colcon_core.package_identification:_identify(venv/lib/python3.12/site-packages/pip/_vendor/pyproject_hooks/_in_process) by extensions ['cmake', 'python']
[1.778s] Level 1:colcon.colcon_core.package_identification:_identify(venv/lib/python3.12/site-packages/pip/_vendor/pyproject_hooks/_in_process) by extension 'cmake'
[1.779s] Level 1:colcon.colcon_core.package_identification:_identify(venv/lib/python3.12/site-packages/pip/_vendor/pyproject_hooks/_in_process) by extension 'python'
[1.779s] Level 1:colcon.colcon_core.package_identification:_identify(venv/lib/python3.12/site-packages/pip/_vendor/pyproject_hooks/_in_process) by extensions ['python_setup_py']
[1.779s] Level 1:colcon.colcon_core.package_identification:_identify(venv/lib/python3.12/site-packages/pip/_vendor/pyproject_hooks/_in_process) by extension 'python_setup_py'
[1.779s] Level 1:colcon.colcon_core.package_identification:_identify(venv/lib/python3.12/site-packages/pip/_vendor/pyproject_hooks/_in_process/__pycache__) by extensions ['ignore', 'ignore_ament_install']
[1.779s] Level 1:colcon.colcon_core.package_identification:_identify(venv/lib/python3.12/site-packages/pip/_vendor/pyproject_hooks/_in_process/__pycache__) by extension 'ignore'
[1.779s] Level 1:colcon.colcon_core.package_identification:_identify(venv/lib/python3.12/site-packages/pip/_vendor/pyproject_hooks/_in_process/__pycache__) by extension 'ignore_ament_install'
[1.779s] Level 1:colcon.colcon_core.package_identification:_identify(venv/lib/python3.12/site-packages/pip/_vendor/pyproject_hooks/_in_process/__pycache__) by extensions ['colcon_pkg']
[1.779s] Level 1:colcon.colcon_core.package_identification:_identify(venv/lib/python3.12/site-packages/pip/_vendor/pyproject_hooks/_in_process/__pycache__) by extension 'colcon_pkg'
[1.779s] Level 1:colcon.colcon_core.package_identification:_identify(venv/lib/python3.12/site-packages/pip/_vendor/pyproject_hooks/_in_process/__pycache__) by extensions ['colcon_meta']
[1.779s] Level 1:colcon.colcon_core.package_identification:_identify(venv/lib/python3.12/site-packages/pip/_vendor/pyproject_hooks/_in_process/__pycache__) by extension 'colcon_meta'
[1.779s] Level 1:colcon.colcon_core.package_identification:_identify(venv/lib/python3.12/site-packages/pip/_vendor/pyproject_hooks/_in_process/__pycache__) by extensions ['ros']
[1.779s] Level 1:colcon.colcon_core.package_identification:_identify(venv/lib/python3.12/site-packages/pip/_vendor/pyproject_hooks/_in_process/__pycache__) by extension 'ros'
[1.779s] Level 1:colcon.colcon_core.package_identification:_identify(venv/lib/python3.12/site-packages/pip/_vendor/pyproject_hooks/_in_process/__pycache__) by extensions ['cmake', 'python']
[1.779s] Level 1:colcon.colcon_core.package_identification:_identify(venv/lib/python3.12/site-packages/pip/_vendor/pyproject_hooks/_in_process/__pycache__) by extension 'cmake'
[1.779s] Level 1:colcon.colcon_core.package_identification:_identify(venv/lib/python3.12/site-packages/pip/_vendor/pyproject_hooks/_in_process/__pycache__) by extension 'python'
[1.779s] Level 1:colcon.colcon_core.package_identification:_identify(venv/lib/python3.12/site-packages/pip/_vendor/pyproject_hooks/_in_process/__pycache__) by extensions ['python_setup_py']
[1.780s] Level 1:colcon.colcon_core.package_identification:_identify(venv/lib/python3.12/site-packages/pip/_vendor/pyproject_hooks/_in_process/__pycache__) by extension 'python_setup_py'
[1.780s] Level 1:colcon.colcon_core.package_identification:_identify(venv/lib/python3.12/site-packages/pip/_vendor/requests) by extensions ['ignore', 'ignore_ament_install']
[1.780s] Level 1:colcon.colcon_core.package_identification:_identify(venv/lib/python3.12/site-packages/pip/_vendor/requests) by extension 'ignore'
[1.780s] Level 1:colcon.colcon_core.package_identification:_identify(venv/lib/python3.12/site-packages/pip/_vendor/requests) by extension 'ignore_ament_install'
[1.780s] Level 1:colcon.colcon_core.package_identification:_identify(venv/lib/python3.12/site-packages/pip/_vendor/requests) by extensions ['colcon_pkg']
[1.780s] Level 1:colcon.colcon_core.package_identification:_identify(venv/lib/python3.12/site-packages/pip/_vendor/requests) by extension 'colcon_pkg'
[1.780s] Level 1:colcon.colcon_core.package_identification:_identify(venv/lib/python3.12/site-packages/pip/_vendor/requests) by extensions ['colcon_meta']
[1.780s] Level 1:colcon.colcon_core.package_identification:_identify(venv/lib/python3.12/site-packages/pip/_vendor/requests) by extension 'colcon_meta'
[1.780s] Level 1:colcon.colcon_core.package_identification:_identify(venv/lib/python3.12/site-packages/pip/_vendor/requests) by extensions ['ros']
[1.780s] Level 1:colcon.colcon_core.package_identification:_identify(venv/lib/python3.12/site-packages/pip/_vendor/requests) by extension 'ros'
[1.780s] Level 1:colcon.colcon_core.package_identification:_identify(venv/lib/python3.12/site-packages/pip/_vendor/requests) by extensions ['cmake', 'python']
[1.780s] Level 1:colcon.colcon_core.package_identification:_identify(venv/lib/python3.12/site-packages/pip/_vendor/requests) by extension 'cmake'
[1.780s] Level 1:colcon.colcon_core.package_identification:_identify(venv/lib/python3.12/site-packages/pip/_vendor/requests) by extension 'python'
[1.780s] Level 1:colcon.colcon_core.package_identification:_identify(venv/lib/python3.12/site-packages/pip/_vendor/requests) by extensions ['python_setup_py']
[1.780s] Level 1:colcon.colcon_core.package_identification:_identify(venv/lib/python3.12/site-packages/pip/_vendor/requests) by extension 'python_setup_py'
[1.781s] Level 1:colcon.colcon_core.package_identification:_identify(venv/lib/python3.12/site-packages/pip/_vendor/requests/__pycache__) by extensions ['ignore', 'ignore_ament_install']
[1.781s] Level 1:colcon.colcon_core.package_identification:_identify(venv/lib/python3.12/site-packages/pip/_vendor/requests/__pycache__) by extension 'ignore'
[1.781s] Level 1:colcon.colcon_core.package_identification:_identify(venv/lib/python3.12/site-packages/pip/_vendor/requests/__pycache__) by extension 'ignore_ament_install'
[1.781s] Level 1:colcon.colcon_core.package_identification:_identify(venv/lib/python3.12/site-packages/pip/_vendor/requests/__pycache__) by extensions ['colcon_pkg']
[1.781s] Level 1:colcon.colcon_core.package_identification:_identify(venv/lib/python3.12/site-packages/pip/_vendor/requests/__pycache__) by extension 'colcon_pkg'
[1.781s] Level 1:colcon.colcon_core.package_identification:_identify(venv/lib/python3.12/site-packages/pip/_vendor/requests/__pycache__) by extensions ['colcon_meta']
[1.781s] Level 1:colcon.colcon_core.package_identification:_identify(venv/lib/python3.12/site-packages/pip/_vendor/requests/__pycache__) by extension 'colcon_meta'
[1.781s] Level 1:colcon.colcon_core.package_identification:_identify(venv/lib/python3.12/site-packages/pip/_vendor/requests/__pycache__) by extensions ['ros']
[1.781s] Level 1:colcon.colcon_core.package_identification:_identify(venv/lib/python3.12/site-packages/pip/_vendor/requests/__pycache__) by extension 'ros'
[1.781s] Level 1:colcon.colcon_core.package_identification:_identify(venv/lib/python3.12/site-packages/pip/_vendor/requests/__pycache__) by extensions ['cmake', 'python']
[1.781s] Level 1:colcon.colcon_core.package_identification:_identify(venv/lib/python3.12/site-packages/pip/_vendor/requests/__pycache__) by extension 'cmake'
[1.781s] Level 1:colcon.colcon_core.package_identification:_identify(venv/lib/python3.12/site-packages/pip/_vendor/requests/__pycache__) by extension 'python'
[1.781s] Level 1:colcon.colcon_core.package_identification:_identify(venv/lib/python3.12/site-packages/pip/_vendor/requests/__pycache__) by extensions ['python_setup_py']
[1.781s] Level 1:colcon.colcon_core.package_identification:_identify(venv/lib/python3.12/site-packages/pip/_vendor/requests/__pycache__) by extension 'python_setup_py'
[1.781s] Level 1:colcon.colcon_core.package_identification:_identify(venv/lib/python3.12/site-packages/pip/_vendor/resolvelib) by extensions ['ignore', 'ignore_ament_install']
[1.781s] Level 1:colcon.colcon_core.package_identification:_identify(venv/lib/python3.12/site-packages/pip/_vendor/resolvelib) by extension 'ignore'
[1.782s] Level 1:colcon.colcon_core.package_identification:_identify(venv/lib/python3.12/site-packages/pip/_vendor/resolvelib) by extension 'ignore_ament_install'
[1.782s] Level 1:colcon.colcon_core.package_identification:_identify(venv/lib/python3.12/site-packages/pip/_vendor/resolvelib) by extensions ['colcon_pkg']
[1.782s] Level 1:colcon.colcon_core.package_identification:_identify(venv/lib/python3.12/site-packages/pip/_vendor/resolvelib) by extension 'colcon_pkg'
[1.782s] Level 1:colcon.colcon_core.package_identification:_identify(venv/lib/python3.12/site-packages/pip/_vendor/resolvelib) by extensions ['colcon_meta']
[1.782s] Level 1:colcon.colcon_core.package_identification:_identify(venv/lib/python3.12/site-packages/pip/_vendor/resolvelib) by extension 'colcon_meta'
[1.782s] Level 1:colcon.colcon_core.package_identification:_identify(venv/lib/python3.12/site-packages/pip/_vendor/resolvelib) by extensions ['ros']
[1.782s] Level 1:colcon.colcon_core.package_identification:_identify(venv/lib/python3.12/site-packages/pip/_vendor/resolvelib) by extension 'ros'
[1.782s] Level 1:colcon.colcon_core.package_identification:_identify(venv/lib/python3.12/site-packages/pip/_vendor/resolvelib) by extensions ['cmake', 'python']
[1.782s] Level 1:colcon.colcon_core.package_identification:_identify(venv/lib/python3.12/site-packages/pip/_vendor/resolvelib) by extension 'cmake'
[1.782s] Level 1:colcon.colcon_core.package_identification:_identify(venv/lib/python3.12/site-packages/pip/_vendor/resolvelib) by extension 'python'
[1.782s] Level 1:colcon.colcon_core.package_identification:_identify(venv/lib/python3.12/site-packages/pip/_vendor/resolvelib) by extensions ['python_setup_py']
[1.782s] Level 1:colcon.colcon_core.package_identification:_identify(venv/lib/python3.12/site-packages/pip/_vendor/resolvelib) by extension 'python_setup_py'
[1.782s] Level 1:colcon.colcon_core.package_identification:_identify(venv/lib/python3.12/site-packages/pip/_vendor/resolvelib/__pycache__) by extensions ['ignore', 'ignore_ament_install']
[1.782s] Level 1:colcon.colcon_core.package_identification:_identify(venv/lib/python3.12/site-packages/pip/_vendor/resolvelib/__pycache__) by extension 'ignore'
[1.782s] Level 1:colcon.colcon_core.package_identification:_identify(venv/lib/python3.12/site-packages/pip/_vendor/resolvelib/__pycache__) by extension 'ignore_ament_install'
[1.782s] Level 1:colcon.colcon_core.package_identification:_identify(venv/lib/python3.12/site-packages/pip/_vendor/resolvelib/__pycache__) by extensions ['colcon_pkg']
[1.782s] Level 1:colcon.colcon_core.package_identification:_identify(venv/lib/python3.12/site-packages/pip/_vendor/resolvelib/__pycache__) by extension 'colcon_pkg'
[1.783s] Level 1:colcon.colcon_core.package_identification:_identify(venv/lib/python3.12/site-packages/pip/_vendor/resolvelib/__pycache__) by extensions ['colcon_meta']
[1.783s] Level 1:colcon.colcon_core.package_identification:_identify(venv/lib/python3.12/site-packages/pip/_vendor/resolvelib/__pycache__) by extension 'colcon_meta'
[1.783s] Level 1:colcon.colcon_core.package_identification:_identify(venv/lib/python3.12/site-packages/pip/_vendor/resolvelib/__pycache__) by extensions ['ros']
[1.783s] Level 1:colcon.colcon_core.package_identification:_identify(venv/lib/python3.12/site-packages/pip/_vendor/resolvelib/__pycache__) by extension 'ros'
[1.783s] Level 1:colcon.colcon_core.package_identification:_identify(venv/lib/python3.12/site-packages/pip/_vendor/resolvelib/__pycache__) by extensions ['cmake', 'python']
[1.783s] Level 1:colcon.colcon_core.package_identification:_identify(venv/lib/python3.12/site-packages/pip/_vendor/resolvelib/__pycache__) by extension 'cmake'
[1.783s] Level 1:colcon.colcon_core.package_identification:_identify(venv/lib/python3.12/site-packages/pip/_vendor/resolvelib/__pycache__) by extension 'python'
[1.783s] Level 1:colcon.colcon_core.package_identification:_identify(venv/lib/python3.12/site-packages/pip/_vendor/resolvelib/__pycache__) by extensions ['python_setup_py']
[1.783s] Level 1:colcon.colcon_core.package_identification:_identify(venv/lib/python3.12/site-packages/pip/_vendor/resolvelib/__pycache__) by extension 'python_setup_py'
[1.783s] Level 1:colcon.colcon_core.package_identification:_identify(venv/lib/python3.12/site-packages/pip/_vendor/resolvelib/resolvers) by extensions ['ignore', 'ignore_ament_install']
[1.783s] Level 1:colcon.colcon_core.package_identification:_identify(venv/lib/python3.12/site-packages/pip/_vendor/resolvelib/resolvers) by extension 'ignore'
[1.783s] Level 1:colcon.colcon_core.package_identification:_identify(venv/lib/python3.12/site-packages/pip/_vendor/resolvelib/resolvers) by extension 'ignore_ament_install'
[1.783s] Level 1:colcon.colcon_core.package_identification:_identify(venv/lib/python3.12/site-packages/pip/_vendor/resolvelib/resolvers) by extensions ['colcon_pkg']
[1.783s] Level 1:colcon.colcon_core.package_identification:_identify(venv/lib/python3.12/site-packages/pip/_vendor/resolvelib/resolvers) by extension 'colcon_pkg'
[1.783s] Level 1:colcon.colcon_core.package_identification:_identify(venv/lib/python3.12/site-packages/pip/_vendor/resolvelib/resolvers) by extensions ['colcon_meta']
[1.783s] Level 1:colcon.colcon_core.package_identification:_identify(venv/lib/python3.12/site-packages/pip/_vendor/resolvelib/resolvers) by extension 'colcon_meta'
[1.784s] Level 1:colcon.colcon_core.package_identification:_identify(venv/lib/python3.12/site-packages/pip/_vendor/resolvelib/resolvers) by extensions ['ros']
[1.784s] Level 1:colcon.colcon_core.package_identification:_identify(venv/lib/python3.12/site-packages/pip/_vendor/resolvelib/resolvers) by extension 'ros'
[1.784s] Level 1:colcon.colcon_core.package_identification:_identify(venv/lib/python3.12/site-packages/pip/_vendor/resolvelib/resolvers) by extensions ['cmake', 'python']
[1.784s] Level 1:colcon.colcon_core.package_identification:_identify(venv/lib/python3.12/site-packages/pip/_vendor/resolvelib/resolvers) by extension 'cmake'
[1.784s] Level 1:colcon.colcon_core.package_identification:_identify(venv/lib/python3.12/site-packages/pip/_vendor/resolvelib/resolvers) by extension 'python'
[1.784s] Level 1:colcon.colcon_core.package_identification:_identify(venv/lib/python3.12/site-packages/pip/_vendor/resolvelib/resolvers) by extensions ['python_setup_py']
[1.784s] Level 1:colcon.colcon_core.package_identification:_identify(venv/lib/python3.12/site-packages/pip/_vendor/resolvelib/resolvers) by extension 'python_setup_py'
[1.784s] Level 1:colcon.colcon_core.package_identification:_identify(venv/lib/python3.12/site-packages/pip/_vendor/resolvelib/resolvers/__pycache__) by extensions ['ignore', 'ignore_ament_install']
[1.784s] Level 1:colcon.colcon_core.package_identification:_identify(venv/lib/python3.12/site-packages/pip/_vendor/resolvelib/resolvers/__pycache__) by extension 'ignore'
[1.784s] Level 1:colcon.colcon_core.package_identification:_identify(venv/lib/python3.12/site-packages/pip/_vendor/resolvelib/resolvers/__pycache__) by extension 'ignore_ament_install'
[1.784s] Level 1:colcon.colcon_core.package_identification:_identify(venv/lib/python3.12/site-packages/pip/_vendor/resolvelib/resolvers/__pycache__) by extensions ['colcon_pkg']
[1.784s] Level 1:colcon.colcon_core.package_identification:_identify(venv/lib/python3.12/site-packages/pip/_vendor/resolvelib/resolvers/__pycache__) by extension 'colcon_pkg'
[1.784s] Level 1:colcon.colcon_core.package_identification:_identify(venv/lib/python3.12/site-packages/pip/_vendor/resolvelib/resolvers/__pycache__) by extensions ['colcon_meta']
[1.784s] Level 1:colcon.colcon_core.package_identification:_identify(venv/lib/python3.12/site-packages/pip/_vendor/resolvelib/resolvers/__pycache__) by extension 'colcon_meta'
[1.784s] Level 1:colcon.colcon_core.package_identification:_identify(venv/lib/python3.12/site-packages/pip/_vendor/resolvelib/resolvers/__pycache__) by extensions ['ros']
[1.784s] Level 1:colcon.colcon_core.package_identification:_identify(venv/lib/python3.12/site-packages/pip/_vendor/resolvelib/resolvers/__pycache__) by extension 'ros'
[1.785s] Level 1:colcon.colcon_core.package_identification:_identify(venv/lib/python3.12/site-packages/pip/_vendor/resolvelib/resolvers/__pycache__) by extensions ['cmake', 'python']
[1.785s] Level 1:colcon.colcon_core.package_identification:_identify(venv/lib/python3.12/site-packages/pip/_vendor/resolvelib/resolvers/__pycache__) by extension 'cmake'
[1.785s] Level 1:colcon.colcon_core.package_identification:_identify(venv/lib/python3.12/site-packages/pip/_vendor/resolvelib/resolvers/__pycache__) by extension 'python'
[1.785s] Level 1:colcon.colcon_core.package_identification:_identify(venv/lib/python3.12/site-packages/pip/_vendor/resolvelib/resolvers/__pycache__) by extensions ['python_setup_py']
[1.785s] Level 1:colcon.colcon_core.package_identification:_identify(venv/lib/python3.12/site-packages/pip/_vendor/resolvelib/resolvers/__pycache__) by extension 'python_setup_py'
[1.785s] Level 1:colcon.colcon_core.package_identification:_identify(venv/lib/python3.12/site-packages/pip/_vendor/rich) by extensions ['ignore', 'ignore_ament_install']
[1.785s] Level 1:colcon.colcon_core.package_identification:_identify(venv/lib/python3.12/site-packages/pip/_vendor/rich) by extension 'ignore'
[1.785s] Level 1:colcon.colcon_core.package_identification:_identify(venv/lib/python3.12/site-packages/pip/_vendor/rich) by extension 'ignore_ament_install'
[1.785s] Level 1:colcon.colcon_core.package_identification:_identify(venv/lib/python3.12/site-packages/pip/_vendor/rich) by extensions ['colcon_pkg']
[1.785s] Level 1:colcon.colcon_core.package_identification:_identify(venv/lib/python3.12/site-packages/pip/_vendor/rich) by extension 'colcon_pkg'
[1.785s] Level 1:colcon.colcon_core.package_identification:_identify(venv/lib/python3.12/site-packages/pip/_vendor/rich) by extensions ['colcon_meta']
[1.785s] Level 1:colcon.colcon_core.package_identification:_identify(venv/lib/python3.12/site-packages/pip/_vendor/rich) by extension 'colcon_meta'
[1.785s] Level 1:colcon.colcon_core.package_identification:_identify(venv/lib/python3.12/site-packages/pip/_vendor/rich) by extensions ['ros']
[1.785s] Level 1:colcon.colcon_core.package_identification:_identify(venv/lib/python3.12/site-packages/pip/_vendor/rich) by extension 'ros'
[1.785s] Level 1:colcon.colcon_core.package_identification:_identify(venv/lib/python3.12/site-packages/pip/_vendor/rich) by extensions ['cmake', 'python']
[1.785s] Level 1:colcon.colcon_core.package_identification:_identify(venv/lib/python3.12/site-packages/pip/_vendor/rich) by extension 'cmake'
[1.786s] Level 1:colcon.colcon_core.package_identification:_identify(venv/lib/python3.12/site-packages/pip/_vendor/rich) by extension 'python'
[1.786s] Level 1:colcon.colcon_core.package_identification:_identify(venv/lib/python3.12/site-packages/pip/_vendor/rich) by extensions ['python_setup_py']
[1.786s] Level 1:colcon.colcon_core.package_identification:_identify(venv/lib/python3.12/site-packages/pip/_vendor/rich) by extension 'python_setup_py'
[1.786s] Level 1:colcon.colcon_core.package_identification:_identify(venv/lib/python3.12/site-packages/pip/_vendor/rich/__pycache__) by extensions ['ignore', 'ignore_ament_install']
[1.786s] Level 1:colcon.colcon_core.package_identification:_identify(venv/lib/python3.12/site-packages/pip/_vendor/rich/__pycache__) by extension 'ignore'
[1.786s] Level 1:colcon.colcon_core.package_identification:_identify(venv/lib/python3.12/site-packages/pip/_vendor/rich/__pycache__) by extension 'ignore_ament_install'
[1.786s] Level 1:colcon.colcon_core.package_identification:_identify(venv/lib/python3.12/site-packages/pip/_vendor/rich/__pycache__) by extensions ['colcon_pkg']
[1.786s] Level 1:colcon.colcon_core.package_identification:_identify(venv/lib/python3.12/site-packages/pip/_vendor/rich/__pycache__) by extension 'colcon_pkg'
[1.786s] Level 1:colcon.colcon_core.package_identification:_identify(venv/lib/python3.12/site-packages/pip/_vendor/rich/__pycache__) by extensions ['colcon_meta']
[1.786s] Level 1:colcon.colcon_core.package_identification:_identify(venv/lib/python3.12/site-packages/pip/_vendor/rich/__pycache__) by extension 'colcon_meta'
[1.786s] Level 1:colcon.colcon_core.package_identification:_identify(venv/lib/python3.12/site-packages/pip/_vendor/rich/__pycache__) by extensions ['ros']
[1.786s] Level 1:colcon.colcon_core.package_identification:_identify(venv/lib/python3.12/site-packages/pip/_vendor/rich/__pycache__) by extension 'ros'
[1.786s] Level 1:colcon.colcon_core.package_identification:_identify(venv/lib/python3.12/site-packages/pip/_vendor/rich/__pycache__) by extensions ['cmake', 'python']
[1.786s] Level 1:colcon.colcon_core.package_identification:_identify(venv/lib/python3.12/site-packages/pip/_vendor/rich/__pycache__) by extension 'cmake'
[1.786s] Level 1:colcon.colcon_core.package_identification:_identify(venv/lib/python3.12/site-packages/pip/_vendor/rich/__pycache__) by extension 'python'
[1.787s] Level 1:colcon.colcon_core.package_identification:_identify(venv/lib/python3.12/site-packages/pip/_vendor/rich/__pycache__) by extensions ['python_setup_py']
[1.787s] Level 1:colcon.colcon_core.package_identification:_identify(venv/lib/python3.12/site-packages/pip/_vendor/rich/__pycache__) by extension 'python_setup_py'
[1.787s] Level 1:colcon.colcon_core.package_identification:_identify(venv/lib/python3.12/site-packages/pip/_vendor/tomli) by extensions ['ignore', 'ignore_ament_install']
[1.787s] Level 1:colcon.colcon_core.package_identification:_identify(venv/lib/python3.12/site-packages/pip/_vendor/tomli) by extension 'ignore'
[1.787s] Level 1:colcon.colcon_core.package_identification:_identify(venv/lib/python3.12/site-packages/pip/_vendor/tomli) by extension 'ignore_ament_install'
[1.787s] Level 1:colcon.colcon_core.package_identification:_identify(venv/lib/python3.12/site-packages/pip/_vendor/tomli) by extensions ['colcon_pkg']
[1.787s] Level 1:colcon.colcon_core.package_identification:_identify(venv/lib/python3.12/site-packages/pip/_vendor/tomli) by extension 'colcon_pkg'
[1.787s] Level 1:colcon.colcon_core.package_identification:_identify(venv/lib/python3.12/site-packages/pip/_vendor/tomli) by extensions ['colcon_meta']
[1.787s] Level 1:colcon.colcon_core.package_identification:_identify(venv/lib/python3.12/site-packages/pip/_vendor/tomli) by extension 'colcon_meta'
[1.787s] Level 1:colcon.colcon_core.package_identification:_identify(venv/lib/python3.12/site-packages/pip/_vendor/tomli) by extensions ['ros']
[1.787s] Level 1:colcon.colcon_core.package_identification:_identify(venv/lib/python3.12/site-packages/pip/_vendor/tomli) by extension 'ros'
[1.787s] Level 1:colcon.colcon_core.package_identification:_identify(venv/lib/python3.12/site-packages/pip/_vendor/tomli) by extensions ['cmake', 'python']
[1.787s] Level 1:colcon.colcon_core.package_identification:_identify(venv/lib/python3.12/site-packages/pip/_vendor/tomli) by extension 'cmake'
[1.787s] Level 1:colcon.colcon_core.package_identification:_identify(venv/lib/python3.12/site-packages/pip/_vendor/tomli) by extension 'python'
[1.787s] Level 1:colcon.colcon_core.package_identification:_identify(venv/lib/python3.12/site-packages/pip/_vendor/tomli) by extensions ['python_setup_py']
[1.787s] Level 1:colcon.colcon_core.package_identification:_identify(venv/lib/python3.12/site-packages/pip/_vendor/tomli) by extension 'python_setup_py'
[1.788s] Level 1:colcon.colcon_core.package_identification:_identify(venv/lib/python3.12/site-packages/pip/_vendor/tomli/__pycache__) by extensions ['ignore', 'ignore_ament_install']
[1.788s] Level 1:colcon.colcon_core.package_identification:_identify(venv/lib/python3.12/site-packages/pip/_vendor/tomli/__pycache__) by extension 'ignore'
[1.788s] Level 1:colcon.colcon_core.package_identification:_identify(venv/lib/python3.12/site-packages/pip/_vendor/tomli/__pycache__) by extension 'ignore_ament_install'
[1.788s] Level 1:colcon.colcon_core.package_identification:_identify(venv/lib/python3.12/site-packages/pip/_vendor/tomli/__pycache__) by extensions ['colcon_pkg']
[1.788s] Level 1:colcon.colcon_core.package_identification:_identify(venv/lib/python3.12/site-packages/pip/_vendor/tomli/__pycache__) by extension 'colcon_pkg'
[1.788s] Level 1:colcon.colcon_core.package_identification:_identify(venv/lib/python3.12/site-packages/pip/_vendor/tomli/__pycache__) by extensions ['colcon_meta']
[1.788s] Level 1:colcon.colcon_core.package_identification:_identify(venv/lib/python3.12/site-packages/pip/_vendor/tomli/__pycache__) by extension 'colcon_meta'
[1.788s] Level 1:colcon.colcon_core.package_identification:_identify(venv/lib/python3.12/site-packages/pip/_vendor/tomli/__pycache__) by extensions ['ros']
[1.788s] Level 1:colcon.colcon_core.package_identification:_identify(venv/lib/python3.12/site-packages/pip/_vendor/tomli/__pycache__) by extension 'ros'
[1.788s] Level 1:colcon.colcon_core.package_identification:_identify(venv/lib/python3.12/site-packages/pip/_vendor/tomli/__pycache__) by extensions ['cmake', 'python']
[1.788s] Level 1:colcon.colcon_core.package_identification:_identify(venv/lib/python3.12/site-packages/pip/_vendor/tomli/__pycache__) by extension 'cmake'
[1.788s] Level 1:colcon.colcon_core.package_identification:_identify(venv/lib/python3.12/site-packages/pip/_vendor/tomli/__pycache__) by extension 'python'
[1.788s] Level 1:colcon.colcon_core.package_identification:_identify(venv/lib/python3.12/site-packages/pip/_vendor/tomli/__pycache__) by extensions ['python_setup_py']
[1.788s] Level 1:colcon.colcon_core.package_identification:_identify(venv/lib/python3.12/site-packages/pip/_vendor/tomli/__pycache__) by extension 'python_setup_py'
[1.788s] Level 1:colcon.colcon_core.package_identification:_identify(venv/lib/python3.12/site-packages/pip/_vendor/tomli_w) by extensions ['ignore', 'ignore_ament_install']
[1.789s] Level 1:colcon.colcon_core.package_identification:_identify(venv/lib/python3.12/site-packages/pip/_vendor/tomli_w) by extension 'ignore'
[1.789s] Level 1:colcon.colcon_core.package_identification:_identify(venv/lib/python3.12/site-packages/pip/_vendor/tomli_w) by extension 'ignore_ament_install'
[1.789s] Level 1:colcon.colcon_core.package_identification:_identify(venv/lib/python3.12/site-packages/pip/_vendor/tomli_w) by extensions ['colcon_pkg']
[1.789s] Level 1:colcon.colcon_core.package_identification:_identify(venv/lib/python3.12/site-packages/pip/_vendor/tomli_w) by extension 'colcon_pkg'
[1.789s] Level 1:colcon.colcon_core.package_identification:_identify(venv/lib/python3.12/site-packages/pip/_vendor/tomli_w) by extensions ['colcon_meta']
[1.789s] Level 1:colcon.colcon_core.package_identification:_identify(venv/lib/python3.12/site-packages/pip/_vendor/tomli_w) by extension 'colcon_meta'
[1.789s] Level 1:colcon.colcon_core.package_identification:_identify(venv/lib/python3.12/site-packages/pip/_vendor/tomli_w) by extensions ['ros']
[1.789s] Level 1:colcon.colcon_core.package_identification:_identify(venv/lib/python3.12/site-packages/pip/_vendor/tomli_w) by extension 'ros'
[1.789s] Level 1:colcon.colcon_core.package_identification:_identify(venv/lib/python3.12/site-packages/pip/_vendor/tomli_w) by extensions ['cmake', 'python']
[1.789s] Level 1:colcon.colcon_core.package_identification:_identify(venv/lib/python3.12/site-packages/pip/_vendor/tomli_w) by extension 'cmake'
[1.789s] Level 1:colcon.colcon_core.package_identification:_identify(venv/lib/python3.12/site-packages/pip/_vendor/tomli_w) by extension 'python'
[1.789s] Level 1:colcon.colcon_core.package_identification:_identify(venv/lib/python3.12/site-packages/pip/_vendor/tomli_w) by extensions ['python_setup_py']
[1.789s] Level 1:colcon.colcon_core.package_identification:_identify(venv/lib/python3.12/site-packages/pip/_vendor/tomli_w) by extension 'python_setup_py'
[1.789s] Level 1:colcon.colcon_core.package_identification:_identify(venv/lib/python3.12/site-packages/pip/_vendor/tomli_w/__pycache__) by extensions ['ignore', 'ignore_ament_install']
[1.789s] Level 1:colcon.colcon_core.package_identification:_identify(venv/lib/python3.12/site-packages/pip/_vendor/tomli_w/__pycache__) by extension 'ignore'
[1.789s] Level 1:colcon.colcon_core.package_identification:_identify(venv/lib/python3.12/site-packages/pip/_vendor/tomli_w/__pycache__) by extension 'ignore_ament_install'
[1.789s] Level 1:colcon.colcon_core.package_identification:_identify(venv/lib/python3.12/site-packages/pip/_vendor/tomli_w/__pycache__) by extensions ['colcon_pkg']
[1.790s] Level 1:colcon.colcon_core.package_identification:_identify(venv/lib/python3.12/site-packages/pip/_vendor/tomli_w/__pycache__) by extension 'colcon_pkg'
[1.790s] Level 1:colcon.colcon_core.package_identification:_identify(venv/lib/python3.12/site-packages/pip/_vendor/tomli_w/__pycache__) by extensions ['colcon_meta']
[1.790s] Level 1:colcon.colcon_core.package_identification:_identify(venv/lib/python3.12/site-packages/pip/_vendor/tomli_w/__pycache__) by extension 'colcon_meta'
[1.790s] Level 1:colcon.colcon_core.package_identification:_identify(venv/lib/python3.12/site-packages/pip/_vendor/tomli_w/__pycache__) by extensions ['ros']
[1.790s] Level 1:colcon.colcon_core.package_identification:_identify(venv/lib/python3.12/site-packages/pip/_vendor/tomli_w/__pycache__) by extension 'ros'
[1.790s] Level 1:colcon.colcon_core.package_identification:_identify(venv/lib/python3.12/site-packages/pip/_vendor/tomli_w/__pycache__) by extensions ['cmake', 'python']
[1.790s] Level 1:colcon.colcon_core.package_identification:_identify(venv/lib/python3.12/site-packages/pip/_vendor/tomli_w/__pycache__) by extension 'cmake'
[1.790s] Level 1:colcon.colcon_core.package_identification:_identify(venv/lib/python3.12/site-packages/pip/_vendor/tomli_w/__pycache__) by extension 'python'
[1.790s] Level 1:colcon.colcon_core.package_identification:_identify(venv/lib/python3.12/site-packages/pip/_vendor/tomli_w/__pycache__) by extensions ['python_setup_py']
[1.790s] Level 1:colcon.colcon_core.package_identification:_identify(venv/lib/python3.12/site-packages/pip/_vendor/tomli_w/__pycache__) by extension 'python_setup_py'
[1.790s] Level 1:colcon.colcon_core.package_identification:_identify(venv/lib/python3.12/site-packages/pip/_vendor/truststore) by extensions ['ignore', 'ignore_ament_install']
[1.790s] Level 1:colcon.colcon_core.package_identification:_identify(venv/lib/python3.12/site-packages/pip/_vendor/truststore) by extension 'ignore'
[1.790s] Level 1:colcon.colcon_core.package_identification:_identify(venv/lib/python3.12/site-packages/pip/_vendor/truststore) by extension 'ignore_ament_install'
[1.790s] Level 1:colcon.colcon_core.package_identification:_identify(venv/lib/python3.12/site-packages/pip/_vendor/truststore) by extensions ['colcon_pkg']
[1.790s] Level 1:colcon.colcon_core.package_identification:_identify(venv/lib/python3.12/site-packages/pip/_vendor/truststore) by extension 'colcon_pkg'
[1.790s] Level 1:colcon.colcon_core.package_identification:_identify(venv/lib/python3.12/site-packages/pip/_vendor/truststore) by extensions ['colcon_meta']
[1.790s] Level 1:colcon.colcon_core.package_identification:_identify(venv/lib/python3.12/site-packages/pip/_vendor/truststore) by extension 'colcon_meta'
[1.791s] Level 1:colcon.colcon_core.package_identification:_identify(venv/lib/python3.12/site-packages/pip/_vendor/truststore) by extensions ['ros']
[1.791s] Level 1:colcon.colcon_core.package_identification:_identify(venv/lib/python3.12/site-packages/pip/_vendor/truststore) by extension 'ros'
[1.791s] Level 1:colcon.colcon_core.package_identification:_identify(venv/lib/python3.12/site-packages/pip/_vendor/truststore) by extensions ['cmake', 'python']
[1.791s] Level 1:colcon.colcon_core.package_identification:_identify(venv/lib/python3.12/site-packages/pip/_vendor/truststore) by extension 'cmake'
[1.791s] Level 1:colcon.colcon_core.package_identification:_identify(venv/lib/python3.12/site-packages/pip/_vendor/truststore) by extension 'python'
[1.791s] Level 1:colcon.colcon_core.package_identification:_identify(venv/lib/python3.12/site-packages/pip/_vendor/truststore) by extensions ['python_setup_py']
[1.791s] Level 1:colcon.colcon_core.package_identification:_identify(venv/lib/python3.12/site-packages/pip/_vendor/truststore) by extension 'python_setup_py'
[1.791s] Level 1:colcon.colcon_core.package_identification:_identify(venv/lib/python3.12/site-packages/pip/_vendor/truststore/__pycache__) by extensions ['ignore', 'ignore_ament_install']
[1.791s] Level 1:colcon.colcon_core.package_identification:_identify(venv/lib/python3.12/site-packages/pip/_vendor/truststore/__pycache__) by extension 'ignore'
[1.791s] Level 1:colcon.colcon_core.package_identification:_identify(venv/lib/python3.12/site-packages/pip/_vendor/truststore/__pycache__) by extension 'ignore_ament_install'
[1.791s] Level 1:colcon.colcon_core.package_identification:_identify(venv/lib/python3.12/site-packages/pip/_vendor/truststore/__pycache__) by extensions ['colcon_pkg']
[1.791s] Level 1:colcon.colcon_core.package_identification:_identify(venv/lib/python3.12/site-packages/pip/_vendor/truststore/__pycache__) by extension 'colcon_pkg'
[1.791s] Level 1:colcon.colcon_core.package_identification:_identify(venv/lib/python3.12/site-packages/pip/_vendor/truststore/__pycache__) by extensions ['colcon_meta']
[1.791s] Level 1:colcon.colcon_core.package_identification:_identify(venv/lib/python3.12/site-packages/pip/_vendor/truststore/__pycache__) by extension 'colcon_meta'
[1.791s] Level 1:colcon.colcon_core.package_identification:_identify(venv/lib/python3.12/site-packages/pip/_vendor/truststore/__pycache__) by extensions ['ros']
[1.791s] Level 1:colcon.colcon_core.package_identification:_identify(venv/lib/python3.12/site-packages/pip/_vendor/truststore/__pycache__) by extension 'ros'
[1.792s] Level 1:colcon.colcon_core.package_identification:_identify(venv/lib/python3.12/site-packages/pip/_vendor/truststore/__pycache__) by extensions ['cmake', 'python']
[1.792s] Level 1:colcon.colcon_core.package_identification:_identify(venv/lib/python3.12/site-packages/pip/_vendor/truststore/__pycache__) by extension 'cmake'
[1.792s] Level 1:colcon.colcon_core.package_identification:_identify(venv/lib/python3.12/site-packages/pip/_vendor/truststore/__pycache__) by extension 'python'
[1.792s] Level 1:colcon.colcon_core.package_identification:_identify(venv/lib/python3.12/site-packages/pip/_vendor/truststore/__pycache__) by extensions ['python_setup_py']
[1.792s] Level 1:colcon.colcon_core.package_identification:_identify(venv/lib/python3.12/site-packages/pip/_vendor/truststore/__pycache__) by extension 'python_setup_py'
[1.792s] Level 1:colcon.colcon_core.package_identification:_identify(venv/lib/python3.12/site-packages/pip/_vendor/urllib3) by extensions ['ignore', 'ignore_ament_install']
[1.792s] Level 1:colcon.colcon_core.package_identification:_identify(venv/lib/python3.12/site-packages/pip/_vendor/urllib3) by extension 'ignore'
[1.792s] Level 1:colcon.colcon_core.package_identification:_identify(venv/lib/python3.12/site-packages/pip/_vendor/urllib3) by extension 'ignore_ament_install'
[1.792s] Level 1:colcon.colcon_core.package_identification:_identify(venv/lib/python3.12/site-packages/pip/_vendor/urllib3) by extensions ['colcon_pkg']
[1.792s] Level 1:colcon.colcon_core.package_identification:_identify(venv/lib/python3.12/site-packages/pip/_vendor/urllib3) by extension 'colcon_pkg'
[1.792s] Level 1:colcon.colcon_core.package_identification:_identify(venv/lib/python3.12/site-packages/pip/_vendor/urllib3) by extensions ['colcon_meta']
[1.792s] Level 1:colcon.colcon_core.package_identification:_identify(venv/lib/python3.12/site-packages/pip/_vendor/urllib3) by extension 'colcon_meta'
[1.792s] Level 1:colcon.colcon_core.package_identification:_identify(venv/lib/python3.12/site-packages/pip/_vendor/urllib3) by extensions ['ros']
[1.792s] Level 1:colcon.colcon_core.package_identification:_identify(venv/lib/python3.12/site-packages/pip/_vendor/urllib3) by extension 'ros'
[1.792s] Level 1:colcon.colcon_core.package_identification:_identify(venv/lib/python3.12/site-packages/pip/_vendor/urllib3) by extensions ['cmake', 'python']
[1.792s] Level 1:colcon.colcon_core.package_identification:_identify(venv/lib/python3.12/site-packages/pip/_vendor/urllib3) by extension 'cmake'
[1.792s] Level 1:colcon.colcon_core.package_identification:_identify(venv/lib/python3.12/site-packages/pip/_vendor/urllib3) by extension 'python'
[1.793s] Level 1:colcon.colcon_core.package_identification:_identify(venv/lib/python3.12/site-packages/pip/_vendor/urllib3) by extensions ['python_setup_py']
[1.793s] Level 1:colcon.colcon_core.package_identification:_identify(venv/lib/python3.12/site-packages/pip/_vendor/urllib3) by extension 'python_setup_py'
[1.793s] Level 1:colcon.colcon_core.package_identification:_identify(venv/lib/python3.12/site-packages/pip/_vendor/urllib3/__pycache__) by extensions ['ignore', 'ignore_ament_install']
[1.793s] Level 1:colcon.colcon_core.package_identification:_identify(venv/lib/python3.12/site-packages/pip/_vendor/urllib3/__pycache__) by extension 'ignore'
[1.793s] Level 1:colcon.colcon_core.package_identification:_identify(venv/lib/python3.12/site-packages/pip/_vendor/urllib3/__pycache__) by extension 'ignore_ament_install'
[1.793s] Level 1:colcon.colcon_core.package_identification:_identify(venv/lib/python3.12/site-packages/pip/_vendor/urllib3/__pycache__) by extensions ['colcon_pkg']
[1.793s] Level 1:colcon.colcon_core.package_identification:_identify(venv/lib/python3.12/site-packages/pip/_vendor/urllib3/__pycache__) by extension 'colcon_pkg'
[1.793s] Level 1:colcon.colcon_core.package_identification:_identify(venv/lib/python3.12/site-packages/pip/_vendor/urllib3/__pycache__) by extensions ['colcon_meta']
[1.793s] Level 1:colcon.colcon_core.package_identification:_identify(venv/lib/python3.12/site-packages/pip/_vendor/urllib3/__pycache__) by extension 'colcon_meta'
[1.793s] Level 1:colcon.colcon_core.package_identification:_identify(venv/lib/python3.12/site-packages/pip/_vendor/urllib3/__pycache__) by extensions ['ros']
[1.793s] Level 1:colcon.colcon_core.package_identification:_identify(venv/lib/python3.12/site-packages/pip/_vendor/urllib3/__pycache__) by extension 'ros'
[1.793s] Level 1:colcon.colcon_core.package_identification:_identify(venv/lib/python3.12/site-packages/pip/_vendor/urllib3/__pycache__) by extensions ['cmake', 'python']
[1.793s] Level 1:colcon.colcon_core.package_identification:_identify(venv/lib/python3.12/site-packages/pip/_vendor/urllib3/__pycache__) by extension 'cmake'
[1.793s] Level 1:colcon.colcon_core.package_identification:_identify(venv/lib/python3.12/site-packages/pip/_vendor/urllib3/__pycache__) by extension 'python'
[1.793s] Level 1:colcon.colcon_core.package_identification:_identify(venv/lib/python3.12/site-packages/pip/_vendor/urllib3/__pycache__) by extensions ['python_setup_py']
[1.793s] Level 1:colcon.colcon_core.package_identification:_identify(venv/lib/python3.12/site-packages/pip/_vendor/urllib3/__pycache__) by extension 'python_setup_py'
[1.794s] Level 1:colcon.colcon_core.package_identification:_identify(venv/lib/python3.12/site-packages/pip/_vendor/urllib3/contrib) by extensions ['ignore', 'ignore_ament_install']
[1.794s] Level 1:colcon.colcon_core.package_identification:_identify(venv/lib/python3.12/site-packages/pip/_vendor/urllib3/contrib) by extension 'ignore'
[1.794s] Level 1:colcon.colcon_core.package_identification:_identify(venv/lib/python3.12/site-packages/pip/_vendor/urllib3/contrib) by extension 'ignore_ament_install'
[1.794s] Level 1:colcon.colcon_core.package_identification:_identify(venv/lib/python3.12/site-packages/pip/_vendor/urllib3/contrib) by extensions ['colcon_pkg']
[1.794s] Level 1:colcon.colcon_core.package_identification:_identify(venv/lib/python3.12/site-packages/pip/_vendor/urllib3/contrib) by extension 'colcon_pkg'
[1.794s] Level 1:colcon.colcon_core.package_identification:_identify(venv/lib/python3.12/site-packages/pip/_vendor/urllib3/contrib) by extensions ['colcon_meta']
[1.794s] Level 1:colcon.colcon_core.package_identification:_identify(venv/lib/python3.12/site-packages/pip/_vendor/urllib3/contrib) by extension 'colcon_meta'
[1.794s] Level 1:colcon.colcon_core.package_identification:_identify(venv/lib/python3.12/site-packages/pip/_vendor/urllib3/contrib) by extensions ['ros']
[1.794s] Level 1:colcon.colcon_core.package_identification:_identify(venv/lib/python3.12/site-packages/pip/_vendor/urllib3/contrib) by extension 'ros'
[1.794s] Level 1:colcon.colcon_core.package_identification:_identify(venv/lib/python3.12/site-packages/pip/_vendor/urllib3/contrib) by extensions ['cmake', 'python']
[1.794s] Level 1:colcon.colcon_core.package_identification:_identify(venv/lib/python3.12/site-packages/pip/_vendor/urllib3/contrib) by extension 'cmake'
[1.794s] Level 1:colcon.colcon_core.package_identification:_identify(venv/lib/python3.12/site-packages/pip/_vendor/urllib3/contrib) by extension 'python'
[1.794s] Level 1:colcon.colcon_core.package_identification:_identify(venv/lib/python3.12/site-packages/pip/_vendor/urllib3/contrib) by extensions ['python_setup_py']
[1.794s] Level 1:colcon.colcon_core.package_identification:_identify(venv/lib/python3.12/site-packages/pip/_vendor/urllib3/contrib) by extension 'python_setup_py'
[1.794s] Level 1:colcon.colcon_core.package_identification:_identify(venv/lib/python3.12/site-packages/pip/_vendor/urllib3/contrib/__pycache__) by extensions ['ignore', 'ignore_ament_install']
[1.795s] Level 1:colcon.colcon_core.package_identification:_identify(venv/lib/python3.12/site-packages/pip/_vendor/urllib3/contrib/__pycache__) by extension 'ignore'
[1.795s] Level 1:colcon.colcon_core.package_identification:_identify(venv/lib/python3.12/site-packages/pip/_vendor/urllib3/contrib/__pycache__) by extension 'ignore_ament_install'
[1.795s] Level 1:colcon.colcon_core.package_identification:_identify(venv/lib/python3.12/site-packages/pip/_vendor/urllib3/contrib/__pycache__) by extensions ['colcon_pkg']
[1.795s] Level 1:colcon.colcon_core.package_identification:_identify(venv/lib/python3.12/site-packages/pip/_vendor/urllib3/contrib/__pycache__) by extension 'colcon_pkg'
[1.795s] Level 1:colcon.colcon_core.package_identification:_identify(venv/lib/python3.12/site-packages/pip/_vendor/urllib3/contrib/__pycache__) by extensions ['colcon_meta']
[1.795s] Level 1:colcon.colcon_core.package_identification:_identify(venv/lib/python3.12/site-packages/pip/_vendor/urllib3/contrib/__pycache__) by extension 'colcon_meta'
[1.795s] Level 1:colcon.colcon_core.package_identification:_identify(venv/lib/python3.12/site-packages/pip/_vendor/urllib3/contrib/__pycache__) by extensions ['ros']
[1.795s] Level 1:colcon.colcon_core.package_identification:_identify(venv/lib/python3.12/site-packages/pip/_vendor/urllib3/contrib/__pycache__) by extension 'ros'
[1.795s] Level 1:colcon.colcon_core.package_identification:_identify(venv/lib/python3.12/site-packages/pip/_vendor/urllib3/contrib/__pycache__) by extensions ['cmake', 'python']
[1.795s] Level 1:colcon.colcon_core.package_identification:_identify(venv/lib/python3.12/site-packages/pip/_vendor/urllib3/contrib/__pycache__) by extension 'cmake'
[1.795s] Level 1:colcon.colcon_core.package_identification:_identify(venv/lib/python3.12/site-packages/pip/_vendor/urllib3/contrib/__pycache__) by extension 'python'
[1.795s] Level 1:colcon.colcon_core.package_identification:_identify(venv/lib/python3.12/site-packages/pip/_vendor/urllib3/contrib/__pycache__) by extensions ['python_setup_py']
[1.795s] Level 1:colcon.colcon_core.package_identification:_identify(venv/lib/python3.12/site-packages/pip/_vendor/urllib3/contrib/__pycache__) by extension 'python_setup_py'
[1.795s] Level 1:colcon.colcon_core.package_identification:_identify(venv/lib/python3.12/site-packages/pip/_vendor/urllib3/contrib/emscripten) by extensions ['ignore', 'ignore_ament_install']
[1.795s] Level 1:colcon.colcon_core.package_identification:_identify(venv/lib/python3.12/site-packages/pip/_vendor/urllib3/contrib/emscripten) by extension 'ignore'
[1.796s] Level 1:colcon.colcon_core.package_identification:_identify(venv/lib/python3.12/site-packages/pip/_vendor/urllib3/contrib/emscripten) by extension 'ignore_ament_install'
[1.796s] Level 1:colcon.colcon_core.package_identification:_identify(venv/lib/python3.12/site-packages/pip/_vendor/urllib3/contrib/emscripten) by extensions ['colcon_pkg']
[1.796s] Level 1:colcon.colcon_core.package_identification:_identify(venv/lib/python3.12/site-packages/pip/_vendor/urllib3/contrib/emscripten) by extension 'colcon_pkg'
[1.796s] Level 1:colcon.colcon_core.package_identification:_identify(venv/lib/python3.12/site-packages/pip/_vendor/urllib3/contrib/emscripten) by extensions ['colcon_meta']
[1.796s] Level 1:colcon.colcon_core.package_identification:_identify(venv/lib/python3.12/site-packages/pip/_vendor/urllib3/contrib/emscripten) by extension 'colcon_meta'
[1.796s] Level 1:colcon.colcon_core.package_identification:_identify(venv/lib/python3.12/site-packages/pip/_vendor/urllib3/contrib/emscripten) by extensions ['ros']
[1.796s] Level 1:colcon.colcon_core.package_identification:_identify(venv/lib/python3.12/site-packages/pip/_vendor/urllib3/contrib/emscripten) by extension 'ros'
[1.796s] Level 1:colcon.colcon_core.package_identification:_identify(venv/lib/python3.12/site-packages/pip/_vendor/urllib3/contrib/emscripten) by extensions ['cmake', 'python']
[1.796s] Level 1:colcon.colcon_core.package_identification:_identify(venv/lib/python3.12/site-packages/pip/_vendor/urllib3/contrib/emscripten) by extension 'cmake'
[1.796s] Level 1:colcon.colcon_core.package_identification:_identify(venv/lib/python3.12/site-packages/pip/_vendor/urllib3/contrib/emscripten) by extension 'python'
[1.796s] Level 1:colcon.colcon_core.package_identification:_identify(venv/lib/python3.12/site-packages/pip/_vendor/urllib3/contrib/emscripten) by extensions ['python_setup_py']
[1.796s] Level 1:colcon.colcon_core.package_identification:_identify(venv/lib/python3.12/site-packages/pip/_vendor/urllib3/contrib/emscripten) by extension 'python_setup_py'
[1.796s] Level 1:colcon.colcon_core.package_identification:_identify(venv/lib/python3.12/site-packages/pip/_vendor/urllib3/contrib/emscripten/__pycache__) by extensions ['ignore', 'ignore_ament_install']
[1.796s] Level 1:colcon.colcon_core.package_identification:_identify(venv/lib/python3.12/site-packages/pip/_vendor/urllib3/contrib/emscripten/__pycache__) by extension 'ignore'
[1.796s] Level 1:colcon.colcon_core.package_identification:_identify(venv/lib/python3.12/site-packages/pip/_vendor/urllib3/contrib/emscripten/__pycache__) by extension 'ignore_ament_install'
[1.797s] Level 1:colcon.colcon_core.package_identification:_identify(venv/lib/python3.12/site-packages/pip/_vendor/urllib3/contrib/emscripten/__pycache__) by extensions ['colcon_pkg']
[1.797s] Level 1:colcon.colcon_core.package_identification:_identify(venv/lib/python3.12/site-packages/pip/_vendor/urllib3/contrib/emscripten/__pycache__) by extension 'colcon_pkg'
[1.797s] Level 1:colcon.colcon_core.package_identification:_identify(venv/lib/python3.12/site-packages/pip/_vendor/urllib3/contrib/emscripten/__pycache__) by extensions ['colcon_meta']
[1.797s] Level 1:colcon.colcon_core.package_identification:_identify(venv/lib/python3.12/site-packages/pip/_vendor/urllib3/contrib/emscripten/__pycache__) by extension 'colcon_meta'
[1.797s] Level 1:colcon.colcon_core.package_identification:_identify(venv/lib/python3.12/site-packages/pip/_vendor/urllib3/contrib/emscripten/__pycache__) by extensions ['ros']
[1.797s] Level 1:colcon.colcon_core.package_identification:_identify(venv/lib/python3.12/site-packages/pip/_vendor/urllib3/contrib/emscripten/__pycache__) by extension 'ros'
[1.797s] Level 1:colcon.colcon_core.package_identification:_identify(venv/lib/python3.12/site-packages/pip/_vendor/urllib3/contrib/emscripten/__pycache__) by extensions ['cmake', 'python']
[1.797s] Level 1:colcon.colcon_core.package_identification:_identify(venv/lib/python3.12/site-packages/pip/_vendor/urllib3/contrib/emscripten/__pycache__) by extension 'cmake'
[1.797s] Level 1:colcon.colcon_core.package_identification:_identify(venv/lib/python3.12/site-packages/pip/_vendor/urllib3/contrib/emscripten/__pycache__) by extension 'python'
[1.797s] Level 1:colcon.colcon_core.package_identification:_identify(venv/lib/python3.12/site-packages/pip/_vendor/urllib3/contrib/emscripten/__pycache__) by extensions ['python_setup_py']
[1.797s] Level 1:colcon.colcon_core.package_identification:_identify(venv/lib/python3.12/site-packages/pip/_vendor/urllib3/contrib/emscripten/__pycache__) by extension 'python_setup_py'
[1.797s] Level 1:colcon.colcon_core.package_identification:_identify(venv/lib/python3.12/site-packages/pip/_vendor/urllib3/http2) by extensions ['ignore', 'ignore_ament_install']
[1.797s] Level 1:colcon.colcon_core.package_identification:_identify(venv/lib/python3.12/site-packages/pip/_vendor/urllib3/http2) by extension 'ignore'
[1.797s] Level 1:colcon.colcon_core.package_identification:_identify(venv/lib/python3.12/site-packages/pip/_vendor/urllib3/http2) by extension 'ignore_ament_install'
[1.797s] Level 1:colcon.colcon_core.package_identification:_identify(venv/lib/python3.12/site-packages/pip/_vendor/urllib3/http2) by extensions ['colcon_pkg']
[1.797s] Level 1:colcon.colcon_core.package_identification:_identify(venv/lib/python3.12/site-packages/pip/_vendor/urllib3/http2) by extension 'colcon_pkg'
[1.798s] Level 1:colcon.colcon_core.package_identification:_identify(venv/lib/python3.12/site-packages/pip/_vendor/urllib3/http2) by extensions ['colcon_meta']
[1.798s] Level 1:colcon.colcon_core.package_identification:_identify(venv/lib/python3.12/site-packages/pip/_vendor/urllib3/http2) by extension 'colcon_meta'
[1.798s] Level 1:colcon.colcon_core.package_identification:_identify(venv/lib/python3.12/site-packages/pip/_vendor/urllib3/http2) by extensions ['ros']
[1.798s] Level 1:colcon.colcon_core.package_identification:_identify(venv/lib/python3.12/site-packages/pip/_vendor/urllib3/http2) by extension 'ros'
[1.798s] Level 1:colcon.colcon_core.package_identification:_identify(venv/lib/python3.12/site-packages/pip/_vendor/urllib3/http2) by extensions ['cmake', 'python']
[1.798s] Level 1:colcon.colcon_core.package_identification:_identify(venv/lib/python3.12/site-packages/pip/_vendor/urllib3/http2) by extension 'cmake'
[1.798s] Level 1:colcon.colcon_core.package_identification:_identify(venv/lib/python3.12/site-packages/pip/_vendor/urllib3/http2) by extension 'python'
[1.798s] Level 1:colcon.colcon_core.package_identification:_identify(venv/lib/python3.12/site-packages/pip/_vendor/urllib3/http2) by extensions ['python_setup_py']
[1.798s] Level 1:colcon.colcon_core.package_identification:_identify(venv/lib/python3.12/site-packages/pip/_vendor/urllib3/http2) by extension 'python_setup_py'
[1.798s] Level 1:colcon.colcon_core.package_identification:_identify(venv/lib/python3.12/site-packages/pip/_vendor/urllib3/http2/__pycache__) by extensions ['ignore', 'ignore_ament_install']
[1.798s] Level 1:colcon.colcon_core.package_identification:_identify(venv/lib/python3.12/site-packages/pip/_vendor/urllib3/http2/__pycache__) by extension 'ignore'
[1.798s] Level 1:colcon.colcon_core.package_identification:_identify(venv/lib/python3.12/site-packages/pip/_vendor/urllib3/http2/__pycache__) by extension 'ignore_ament_install'
[1.798s] Level 1:colcon.colcon_core.package_identification:_identify(venv/lib/python3.12/site-packages/pip/_vendor/urllib3/http2/__pycache__) by extensions ['colcon_pkg']
[1.798s] Level 1:colcon.colcon_core.package_identification:_identify(venv/lib/python3.12/site-packages/pip/_vendor/urllib3/http2/__pycache__) by extension 'colcon_pkg'
[1.798s] Level 1:colcon.colcon_core.package_identification:_identify(venv/lib/python3.12/site-packages/pip/_vendor/urllib3/http2/__pycache__) by extensions ['colcon_meta']
[1.798s] Level 1:colcon.colcon_core.package_identification:_identify(venv/lib/python3.12/site-packages/pip/_vendor/urllib3/http2/__pycache__) by extension 'colcon_meta'
[1.799s] Level 1:colcon.colcon_core.package_identification:_identify(venv/lib/python3.12/site-packages/pip/_vendor/urllib3/http2/__pycache__) by extensions ['ros']
[1.799s] Level 1:colcon.colcon_core.package_identification:_identify(venv/lib/python3.12/site-packages/pip/_vendor/urllib3/http2/__pycache__) by extension 'ros'
[1.799s] Level 1:colcon.colcon_core.package_identification:_identify(venv/lib/python3.12/site-packages/pip/_vendor/urllib3/http2/__pycache__) by extensions ['cmake', 'python']
[1.799s] Level 1:colcon.colcon_core.package_identification:_identify(venv/lib/python3.12/site-packages/pip/_vendor/urllib3/http2/__pycache__) by extension 'cmake'
[1.799s] Level 1:colcon.colcon_core.package_identification:_identify(venv/lib/python3.12/site-packages/pip/_vendor/urllib3/http2/__pycache__) by extension 'python'
[1.799s] Level 1:colcon.colcon_core.package_identification:_identify(venv/lib/python3.12/site-packages/pip/_vendor/urllib3/http2/__pycache__) by extensions ['python_setup_py']
[1.799s] Level 1:colcon.colcon_core.package_identification:_identify(venv/lib/python3.12/site-packages/pip/_vendor/urllib3/http2/__pycache__) by extension 'python_setup_py'
[1.799s] Level 1:colcon.colcon_core.package_identification:_identify(venv/lib/python3.12/site-packages/pip/_vendor/urllib3/util) by extensions ['ignore', 'ignore_ament_install']
[1.799s] Level 1:colcon.colcon_core.package_identification:_identify(venv/lib/python3.12/site-packages/pip/_vendor/urllib3/util) by extension 'ignore'
[1.799s] Level 1:colcon.colcon_core.package_identification:_identify(venv/lib/python3.12/site-packages/pip/_vendor/urllib3/util) by extension 'ignore_ament_install'
[1.799s] Level 1:colcon.colcon_core.package_identification:_identify(venv/lib/python3.12/site-packages/pip/_vendor/urllib3/util) by extensions ['colcon_pkg']
[1.799s] Level 1:colcon.colcon_core.package_identification:_identify(venv/lib/python3.12/site-packages/pip/_vendor/urllib3/util) by extension 'colcon_pkg'
[1.799s] Level 1:colcon.colcon_core.package_identification:_identify(venv/lib/python3.12/site-packages/pip/_vendor/urllib3/util) by extensions ['colcon_meta']
[1.799s] Level 1:colcon.colcon_core.package_identification:_identify(venv/lib/python3.12/site-packages/pip/_vendor/urllib3/util) by extension 'colcon_meta'
[1.799s] Level 1:colcon.colcon_core.package_identification:_identify(venv/lib/python3.12/site-packages/pip/_vendor/urllib3/util) by extensions ['ros']
[1.799s] Level 1:colcon.colcon_core.package_identification:_identify(venv/lib/python3.12/site-packages/pip/_vendor/urllib3/util) by extension 'ros'
[1.800s] Level 1:colcon.colcon_core.package_identification:_identify(venv/lib/python3.12/site-packages/pip/_vendor/urllib3/util) by extensions ['cmake', 'python']
[1.800s] Level 1:colcon.colcon_core.package_identification:_identify(venv/lib/python3.12/site-packages/pip/_vendor/urllib3/util) by extension 'cmake'
[1.800s] Level 1:colcon.colcon_core.package_identification:_identify(venv/lib/python3.12/site-packages/pip/_vendor/urllib3/util) by extension 'python'
[1.800s] Level 1:colcon.colcon_core.package_identification:_identify(venv/lib/python3.12/site-packages/pip/_vendor/urllib3/util) by extensions ['python_setup_py']
[1.800s] Level 1:colcon.colcon_core.package_identification:_identify(venv/lib/python3.12/site-packages/pip/_vendor/urllib3/util) by extension 'python_setup_py'
[1.800s] Level 1:colcon.colcon_core.package_identification:_identify(venv/lib/python3.12/site-packages/pip/_vendor/urllib3/util/__pycache__) by extensions ['ignore', 'ignore_ament_install']
[1.800s] Level 1:colcon.colcon_core.package_identification:_identify(venv/lib/python3.12/site-packages/pip/_vendor/urllib3/util/__pycache__) by extension 'ignore'
[1.800s] Level 1:colcon.colcon_core.package_identification:_identify(venv/lib/python3.12/site-packages/pip/_vendor/urllib3/util/__pycache__) by extension 'ignore_ament_install'
[1.800s] Level 1:colcon.colcon_core.package_identification:_identify(venv/lib/python3.12/site-packages/pip/_vendor/urllib3/util/__pycache__) by extensions ['colcon_pkg']
[1.800s] Level 1:colcon.colcon_core.package_identification:_identify(venv/lib/python3.12/site-packages/pip/_vendor/urllib3/util/__pycache__) by extension 'colcon_pkg'
[1.800s] Level 1:colcon.colcon_core.package_identification:_identify(venv/lib/python3.12/site-packages/pip/_vendor/urllib3/util/__pycache__) by extensions ['colcon_meta']
[1.800s] Level 1:colcon.colcon_core.package_identification:_identify(venv/lib/python3.12/site-packages/pip/_vendor/urllib3/util/__pycache__) by extension 'colcon_meta'
[1.800s] Level 1:colcon.colcon_core.package_identification:_identify(venv/lib/python3.12/site-packages/pip/_vendor/urllib3/util/__pycache__) by extensions ['ros']
[1.800s] Level 1:colcon.colcon_core.package_identification:_identify(venv/lib/python3.12/site-packages/pip/_vendor/urllib3/util/__pycache__) by extension 'ros'
[1.800s] Level 1:colcon.colcon_core.package_identification:_identify(venv/lib/python3.12/site-packages/pip/_vendor/urllib3/util/__pycache__) by extensions ['cmake', 'python']
[1.800s] Level 1:colcon.colcon_core.package_identification:_identify(venv/lib/python3.12/site-packages/pip/_vendor/urllib3/util/__pycache__) by extension 'cmake'
[1.801s] Level 1:colcon.colcon_core.package_identification:_identify(venv/lib/python3.12/site-packages/pip/_vendor/urllib3/util/__pycache__) by extension 'python'
[1.801s] Level 1:colcon.colcon_core.package_identification:_identify(venv/lib/python3.12/site-packages/pip/_vendor/urllib3/util/__pycache__) by extensions ['python_setup_py']
[1.801s] Level 1:colcon.colcon_core.package_identification:_identify(venv/lib/python3.12/site-packages/pip/_vendor/urllib3/util/__pycache__) by extension 'python_setup_py'
[1.801s] Level 1:colcon.colcon_core.package_identification:_identify(venv/lib/python3.12/site-packages/pip-26.1.1.dist-info) by extensions ['ignore', 'ignore_ament_install']
[1.801s] Level 1:colcon.colcon_core.package_identification:_identify(venv/lib/python3.12/site-packages/pip-26.1.1.dist-info) by extension 'ignore'
[1.801s] Level 1:colcon.colcon_core.package_identification:_identify(venv/lib/python3.12/site-packages/pip-26.1.1.dist-info) by extension 'ignore_ament_install'
[1.801s] Level 1:colcon.colcon_core.package_identification:_identify(venv/lib/python3.12/site-packages/pip-26.1.1.dist-info) by extensions ['colcon_pkg']
[1.801s] Level 1:colcon.colcon_core.package_identification:_identify(venv/lib/python3.12/site-packages/pip-26.1.1.dist-info) by extension 'colcon_pkg'
[1.801s] Level 1:colcon.colcon_core.package_identification:_identify(venv/lib/python3.12/site-packages/pip-26.1.1.dist-info) by extensions ['colcon_meta']
[1.801s] Level 1:colcon.colcon_core.package_identification:_identify(venv/lib/python3.12/site-packages/pip-26.1.1.dist-info) by extension 'colcon_meta'
[1.801s] Level 1:colcon.colcon_core.package_identification:_identify(venv/lib/python3.12/site-packages/pip-26.1.1.dist-info) by extensions ['ros']
[1.801s] Level 1:colcon.colcon_core.package_identification:_identify(venv/lib/python3.12/site-packages/pip-26.1.1.dist-info) by extension 'ros'
[1.801s] Level 1:colcon.colcon_core.package_identification:_identify(venv/lib/python3.12/site-packages/pip-26.1.1.dist-info) by extensions ['cmake', 'python']
[1.801s] Level 1:colcon.colcon_core.package_identification:_identify(venv/lib/python3.12/site-packages/pip-26.1.1.dist-info) by extension 'cmake'
[1.801s] Level 1:colcon.colcon_core.package_identification:_identify(venv/lib/python3.12/site-packages/pip-26.1.1.dist-info) by extension 'python'
[1.801s] Level 1:colcon.colcon_core.package_identification:_identify(venv/lib/python3.12/site-packages/pip-26.1.1.dist-info) by extensions ['python_setup_py']
[1.801s] Level 1:colcon.colcon_core.package_identification:_identify(venv/lib/python3.12/site-packages/pip-26.1.1.dist-info) by extension 'python_setup_py'
[1.802s] Level 1:colcon.colcon_core.package_identification:_identify(venv/lib/python3.12/site-packages/pip-26.1.1.dist-info/licenses) by extensions ['ignore', 'ignore_ament_install']
[1.802s] Level 1:colcon.colcon_core.package_identification:_identify(venv/lib/python3.12/site-packages/pip-26.1.1.dist-info/licenses) by extension 'ignore'
[1.802s] Level 1:colcon.colcon_core.package_identification:_identify(venv/lib/python3.12/site-packages/pip-26.1.1.dist-info/licenses) by extension 'ignore_ament_install'
[1.802s] Level 1:colcon.colcon_core.package_identification:_identify(venv/lib/python3.12/site-packages/pip-26.1.1.dist-info/licenses) by extensions ['colcon_pkg']
[1.802s] Level 1:colcon.colcon_core.package_identification:_identify(venv/lib/python3.12/site-packages/pip-26.1.1.dist-info/licenses) by extension 'colcon_pkg'
[1.802s] Level 1:colcon.colcon_core.package_identification:_identify(venv/lib/python3.12/site-packages/pip-26.1.1.dist-info/licenses) by extensions ['colcon_meta']
[1.802s] Level 1:colcon.colcon_core.package_identification:_identify(venv/lib/python3.12/site-packages/pip-26.1.1.dist-info/licenses) by extension 'colcon_meta'
[1.802s] Level 1:colcon.colcon_core.package_identification:_identify(venv/lib/python3.12/site-packages/pip-26.1.1.dist-info/licenses) by extensions ['ros']
[1.802s] Level 1:colcon.colcon_core.package_identification:_identify(venv/lib/python3.12/site-packages/pip-26.1.1.dist-info/licenses) by extension 'ros'
[1.802s] Level 1:colcon.colcon_core.package_identification:_identify(venv/lib/python3.12/site-packages/pip-26.1.1.dist-info/licenses) by extensions ['cmake', 'python']
[1.802s] Level 1:colcon.colcon_core.package_identification:_identify(venv/lib/python3.12/site-packages/pip-26.1.1.dist-info/licenses) by extension 'cmake'
[1.802s] Level 1:colcon.colcon_core.package_identification:_identify(venv/lib/python3.12/site-packages/pip-26.1.1.dist-info/licenses) by extension 'python'
[1.802s] Level 1:colcon.colcon_core.package_identification:_identify(venv/lib/python3.12/site-packages/pip-26.1.1.dist-info/licenses) by extensions ['python_setup_py']
[1.802s] Level 1:colcon.colcon_core.package_identification:_identify(venv/lib/python3.12/site-packages/pip-26.1.1.dist-info/licenses) by extension 'python_setup_py'
[1.802s] Level 1:colcon.colcon_core.package_identification:_identify(venv/lib/python3.12/site-packages/pip-26.1.1.dist-info/licenses/src) by extensions ['ignore', 'ignore_ament_install']
[1.802s] Level 1:colcon.colcon_core.package_identification:_identify(venv/lib/python3.12/site-packages/pip-26.1.1.dist-info/licenses/src) by extension 'ignore'
[1.802s] Level 1:colcon.colcon_core.package_identification:_identify(venv/lib/python3.12/site-packages/pip-26.1.1.dist-info/licenses/src) by extension 'ignore_ament_install'
[1.803s] Level 1:colcon.colcon_core.package_identification:_identify(venv/lib/python3.12/site-packages/pip-26.1.1.dist-info/licenses/src) by extensions ['colcon_pkg']
[1.803s] Level 1:colcon.colcon_core.package_identification:_identify(venv/lib/python3.12/site-packages/pip-26.1.1.dist-info/licenses/src) by extension 'colcon_pkg'
[1.803s] Level 1:colcon.colcon_core.package_identification:_identify(venv/lib/python3.12/site-packages/pip-26.1.1.dist-info/licenses/src) by extensions ['colcon_meta']
[1.803s] Level 1:colcon.colcon_core.package_identification:_identify(venv/lib/python3.12/site-packages/pip-26.1.1.dist-info/licenses/src) by extension 'colcon_meta'
[1.803s] Level 1:colcon.colcon_core.package_identification:_identify(venv/lib/python3.12/site-packages/pip-26.1.1.dist-info/licenses/src) by extensions ['ros']
[1.803s] Level 1:colcon.colcon_core.package_identification:_identify(venv/lib/python3.12/site-packages/pip-26.1.1.dist-info/licenses/src) by extension 'ros'
[1.803s] Level 1:colcon.colcon_core.package_identification:_identify(venv/lib/python3.12/site-packages/pip-26.1.1.dist-info/licenses/src) by extensions ['cmake', 'python']
[1.803s] Level 1:colcon.colcon_core.package_identification:_identify(venv/lib/python3.12/site-packages/pip-26.1.1.dist-info/licenses/src) by extension 'cmake'
[1.803s] Level 1:colcon.colcon_core.package_identification:_identify(venv/lib/python3.12/site-packages/pip-26.1.1.dist-info/licenses/src) by extension 'python'
[1.803s] Level 1:colcon.colcon_core.package_identification:_identify(venv/lib/python3.12/site-packages/pip-26.1.1.dist-info/licenses/src) by extensions ['python_setup_py']
[1.803s] Level 1:colcon.colcon_core.package_identification:_identify(venv/lib/python3.12/site-packages/pip-26.1.1.dist-info/licenses/src) by extension 'python_setup_py'
[1.803s] Level 1:colcon.colcon_core.package_identification:_identify(venv/lib/python3.12/site-packages/pip-26.1.1.dist-info/licenses/src/pip) by extensions ['ignore', 'ignore_ament_install']
[1.803s] Level 1:colcon.colcon_core.package_identification:_identify(venv/lib/python3.12/site-packages/pip-26.1.1.dist-info/licenses/src/pip) by extension 'ignore'
[1.803s] Level 1:colcon.colcon_core.package_identification:_identify(venv/lib/python3.12/site-packages/pip-26.1.1.dist-info/licenses/src/pip) by extension 'ignore_ament_install'
[1.803s] Level 1:colcon.colcon_core.package_identification:_identify(venv/lib/python3.12/site-packages/pip-26.1.1.dist-info/licenses/src/pip) by extensions ['colcon_pkg']
[1.803s] Level 1:colcon.colcon_core.package_identification:_identify(venv/lib/python3.12/site-packages/pip-26.1.1.dist-info/licenses/src/pip) by extension 'colcon_pkg'
[1.803s] Level 1:colcon.colcon_core.package_identification:_identify(venv/lib/python3.12/site-packages/pip-26.1.1.dist-info/licenses/src/pip) by extensions ['colcon_meta']
[1.804s] Level 1:colcon.colcon_core.package_identification:_identify(venv/lib/python3.12/site-packages/pip-26.1.1.dist-info/licenses/src/pip) by extension 'colcon_meta'
[1.804s] Level 1:colcon.colcon_core.package_identification:_identify(venv/lib/python3.12/site-packages/pip-26.1.1.dist-info/licenses/src/pip) by extensions ['ros']
[1.804s] Level 1:colcon.colcon_core.package_identification:_identify(venv/lib/python3.12/site-packages/pip-26.1.1.dist-info/licenses/src/pip) by extension 'ros'
[1.804s] Level 1:colcon.colcon_core.package_identification:_identify(venv/lib/python3.12/site-packages/pip-26.1.1.dist-info/licenses/src/pip) by extensions ['cmake', 'python']
[1.804s] Level 1:colcon.colcon_core.package_identification:_identify(venv/lib/python3.12/site-packages/pip-26.1.1.dist-info/licenses/src/pip) by extension 'cmake'
[1.804s] Level 1:colcon.colcon_core.package_identification:_identify(venv/lib/python3.12/site-packages/pip-26.1.1.dist-info/licenses/src/pip) by extension 'python'
[1.804s] Level 1:colcon.colcon_core.package_identification:_identify(venv/lib/python3.12/site-packages/pip-26.1.1.dist-info/licenses/src/pip) by extensions ['python_setup_py']
[1.804s] Level 1:colcon.colcon_core.package_identification:_identify(venv/lib/python3.12/site-packages/pip-26.1.1.dist-info/licenses/src/pip) by extension 'python_setup_py'
[1.804s] Level 1:colcon.colcon_core.package_identification:_identify(venv/lib/python3.12/site-packages/pip-26.1.1.dist-info/licenses/src/pip/_vendor) by extensions ['ignore', 'ignore_ament_install']
[1.804s] Level 1:colcon.colcon_core.package_identification:_identify(venv/lib/python3.12/site-packages/pip-26.1.1.dist-info/licenses/src/pip/_vendor) by extension 'ignore'
[1.804s] Level 1:colcon.colcon_core.package_identification:_identify(venv/lib/python3.12/site-packages/pip-26.1.1.dist-info/licenses/src/pip/_vendor) by extension 'ignore_ament_install'
[1.804s] Level 1:colcon.colcon_core.package_identification:_identify(venv/lib/python3.12/site-packages/pip-26.1.1.dist-info/licenses/src/pip/_vendor) by extensions ['colcon_pkg']
[1.804s] Level 1:colcon.colcon_core.package_identification:_identify(venv/lib/python3.12/site-packages/pip-26.1.1.dist-info/licenses/src/pip/_vendor) by extension 'colcon_pkg'
[1.804s] Level 1:colcon.colcon_core.package_identification:_identify(venv/lib/python3.12/site-packages/pip-26.1.1.dist-info/licenses/src/pip/_vendor) by extensions ['colcon_meta']
[1.804s] Level 1:colcon.colcon_core.package_identification:_identify(venv/lib/python3.12/site-packages/pip-26.1.1.dist-info/licenses/src/pip/_vendor) by extension 'colcon_meta'
[1.804s] Level 1:colcon.colcon_core.package_identification:_identify(venv/lib/python3.12/site-packages/pip-26.1.1.dist-info/licenses/src/pip/_vendor) by extensions ['ros']
[1.804s] Level 1:colcon.colcon_core.package_identification:_identify(venv/lib/python3.12/site-packages/pip-26.1.1.dist-info/licenses/src/pip/_vendor) by extension 'ros'
[1.805s] Level 1:colcon.colcon_core.package_identification:_identify(venv/lib/python3.12/site-packages/pip-26.1.1.dist-info/licenses/src/pip/_vendor) by extensions ['cmake', 'python']
[1.805s] Level 1:colcon.colcon_core.package_identification:_identify(venv/lib/python3.12/site-packages/pip-26.1.1.dist-info/licenses/src/pip/_vendor) by extension 'cmake'
[1.805s] Level 1:colcon.colcon_core.package_identification:_identify(venv/lib/python3.12/site-packages/pip-26.1.1.dist-info/licenses/src/pip/_vendor) by extension 'python'
[1.805s] Level 1:colcon.colcon_core.package_identification:_identify(venv/lib/python3.12/site-packages/pip-26.1.1.dist-info/licenses/src/pip/_vendor) by extensions ['python_setup_py']
[1.805s] Level 1:colcon.colcon_core.package_identification:_identify(venv/lib/python3.12/site-packages/pip-26.1.1.dist-info/licenses/src/pip/_vendor) by extension 'python_setup_py'
[1.805s] Level 1:colcon.colcon_core.package_identification:_identify(venv/lib/python3.12/site-packages/pip-26.1.1.dist-info/licenses/src/pip/_vendor/cachecontrol) by extensions ['ignore', 'ignore_ament_install']
[1.805s] Level 1:colcon.colcon_core.package_identification:_identify(venv/lib/python3.12/site-packages/pip-26.1.1.dist-info/licenses/src/pip/_vendor/cachecontrol) by extension 'ignore'
[1.805s] Level 1:colcon.colcon_core.package_identification:_identify(venv/lib/python3.12/site-packages/pip-26.1.1.dist-info/licenses/src/pip/_vendor/cachecontrol) by extension 'ignore_ament_install'
[1.805s] Level 1:colcon.colcon_core.package_identification:_identify(venv/lib/python3.12/site-packages/pip-26.1.1.dist-info/licenses/src/pip/_vendor/cachecontrol) by extensions ['colcon_pkg']
[1.805s] Level 1:colcon.colcon_core.package_identification:_identify(venv/lib/python3.12/site-packages/pip-26.1.1.dist-info/licenses/src/pip/_vendor/cachecontrol) by extension 'colcon_pkg'
[1.805s] Level 1:colcon.colcon_core.package_identification:_identify(venv/lib/python3.12/site-packages/pip-26.1.1.dist-info/licenses/src/pip/_vendor/cachecontrol) by extensions ['colcon_meta']
[1.805s] Level 1:colcon.colcon_core.package_identification:_identify(venv/lib/python3.12/site-packages/pip-26.1.1.dist-info/licenses/src/pip/_vendor/cachecontrol) by extension 'colcon_meta'
[1.805s] Level 1:colcon.colcon_core.package_identification:_identify(venv/lib/python3.12/site-packages/pip-26.1.1.dist-info/licenses/src/pip/_vendor/cachecontrol) by extensions ['ros']
[1.805s] Level 1:colcon.colcon_core.package_identification:_identify(venv/lib/python3.12/site-packages/pip-26.1.1.dist-info/licenses/src/pip/_vendor/cachecontrol) by extension 'ros'
[1.806s] Level 1:colcon.colcon_core.package_identification:_identify(venv/lib/python3.12/site-packages/pip-26.1.1.dist-info/licenses/src/pip/_vendor/cachecontrol) by extensions ['cmake', 'python']
[1.806s] Level 1:colcon.colcon_core.package_identification:_identify(venv/lib/python3.12/site-packages/pip-26.1.1.dist-info/licenses/src/pip/_vendor/cachecontrol) by extension 'cmake'
[1.806s] Level 1:colcon.colcon_core.package_identification:_identify(venv/lib/python3.12/site-packages/pip-26.1.1.dist-info/licenses/src/pip/_vendor/cachecontrol) by extension 'python'
[1.806s] Level 1:colcon.colcon_core.package_identification:_identify(venv/lib/python3.12/site-packages/pip-26.1.1.dist-info/licenses/src/pip/_vendor/cachecontrol) by extensions ['python_setup_py']
[1.806s] Level 1:colcon.colcon_core.package_identification:_identify(venv/lib/python3.12/site-packages/pip-26.1.1.dist-info/licenses/src/pip/_vendor/cachecontrol) by extension 'python_setup_py'
[1.806s] Level 1:colcon.colcon_core.package_identification:_identify(venv/lib/python3.12/site-packages/pip-26.1.1.dist-info/licenses/src/pip/_vendor/certifi) by extensions ['ignore', 'ignore_ament_install']
[1.806s] Level 1:colcon.colcon_core.package_identification:_identify(venv/lib/python3.12/site-packages/pip-26.1.1.dist-info/licenses/src/pip/_vendor/certifi) by extension 'ignore'
[1.806s] Level 1:colcon.colcon_core.package_identification:_identify(venv/lib/python3.12/site-packages/pip-26.1.1.dist-info/licenses/src/pip/_vendor/certifi) by extension 'ignore_ament_install'
[1.806s] Level 1:colcon.colcon_core.package_identification:_identify(venv/lib/python3.12/site-packages/pip-26.1.1.dist-info/licenses/src/pip/_vendor/certifi) by extensions ['colcon_pkg']
[1.806s] Level 1:colcon.colcon_core.package_identification:_identify(venv/lib/python3.12/site-packages/pip-26.1.1.dist-info/licenses/src/pip/_vendor/certifi) by extension 'colcon_pkg'
[1.806s] Level 1:colcon.colcon_core.package_identification:_identify(venv/lib/python3.12/site-packages/pip-26.1.1.dist-info/licenses/src/pip/_vendor/certifi) by extensions ['colcon_meta']
[1.806s] Level 1:colcon.colcon_core.package_identification:_identify(venv/lib/python3.12/site-packages/pip-26.1.1.dist-info/licenses/src/pip/_vendor/certifi) by extension 'colcon_meta'
[1.806s] Level 1:colcon.colcon_core.package_identification:_identify(venv/lib/python3.12/site-packages/pip-26.1.1.dist-info/licenses/src/pip/_vendor/certifi) by extensions ['ros']
[1.806s] Level 1:colcon.colcon_core.package_identification:_identify(venv/lib/python3.12/site-packages/pip-26.1.1.dist-info/licenses/src/pip/_vendor/certifi) by extension 'ros'
[1.806s] Level 1:colcon.colcon_core.package_identification:_identify(venv/lib/python3.12/site-packages/pip-26.1.1.dist-info/licenses/src/pip/_vendor/certifi) by extensions ['cmake', 'python']
[1.806s] Level 1:colcon.colcon_core.package_identification:_identify(venv/lib/python3.12/site-packages/pip-26.1.1.dist-info/licenses/src/pip/_vendor/certifi) by extension 'cmake'
[1.807s] Level 1:colcon.colcon_core.package_identification:_identify(venv/lib/python3.12/site-packages/pip-26.1.1.dist-info/licenses/src/pip/_vendor/certifi) by extension 'python'
[1.807s] Level 1:colcon.colcon_core.package_identification:_identify(venv/lib/python3.12/site-packages/pip-26.1.1.dist-info/licenses/src/pip/_vendor/certifi) by extensions ['python_setup_py']
[1.807s] Level 1:colcon.colcon_core.package_identification:_identify(venv/lib/python3.12/site-packages/pip-26.1.1.dist-info/licenses/src/pip/_vendor/certifi) by extension 'python_setup_py'
[1.807s] Level 1:colcon.colcon_core.package_identification:_identify(venv/lib/python3.12/site-packages/pip-26.1.1.dist-info/licenses/src/pip/_vendor/distlib) by extensions ['ignore', 'ignore_ament_install']
[1.807s] Level 1:colcon.colcon_core.package_identification:_identify(venv/lib/python3.12/site-packages/pip-26.1.1.dist-info/licenses/src/pip/_vendor/distlib) by extension 'ignore'
[1.807s] Level 1:colcon.colcon_core.package_identification:_identify(venv/lib/python3.12/site-packages/pip-26.1.1.dist-info/licenses/src/pip/_vendor/distlib) by extension 'ignore_ament_install'
[1.807s] Level 1:colcon.colcon_core.package_identification:_identify(venv/lib/python3.12/site-packages/pip-26.1.1.dist-info/licenses/src/pip/_vendor/distlib) by extensions ['colcon_pkg']
[1.807s] Level 1:colcon.colcon_core.package_identification:_identify(venv/lib/python3.12/site-packages/pip-26.1.1.dist-info/licenses/src/pip/_vendor/distlib) by extension 'colcon_pkg'
[1.807s] Level 1:colcon.colcon_core.package_identification:_identify(venv/lib/python3.12/site-packages/pip-26.1.1.dist-info/licenses/src/pip/_vendor/distlib) by extensions ['colcon_meta']
[1.807s] Level 1:colcon.colcon_core.package_identification:_identify(venv/lib/python3.12/site-packages/pip-26.1.1.dist-info/licenses/src/pip/_vendor/distlib) by extension 'colcon_meta'
[1.807s] Level 1:colcon.colcon_core.package_identification:_identify(venv/lib/python3.12/site-packages/pip-26.1.1.dist-info/licenses/src/pip/_vendor/distlib) by extensions ['ros']
[1.807s] Level 1:colcon.colcon_core.package_identification:_identify(venv/lib/python3.12/site-packages/pip-26.1.1.dist-info/licenses/src/pip/_vendor/distlib) by extension 'ros'
[1.807s] Level 1:colcon.colcon_core.package_identification:_identify(venv/lib/python3.12/site-packages/pip-26.1.1.dist-info/licenses/src/pip/_vendor/distlib) by extensions ['cmake', 'python']
[1.807s] Level 1:colcon.colcon_core.package_identification:_identify(venv/lib/python3.12/site-packages/pip-26.1.1.dist-info/licenses/src/pip/_vendor/distlib) by extension 'cmake'
[1.807s] Level 1:colcon.colcon_core.package_identification:_identify(venv/lib/python3.12/site-packages/pip-26.1.1.dist-info/licenses/src/pip/_vendor/distlib) by extension 'python'
[1.807s] Level 1:colcon.colcon_core.package_identification:_identify(venv/lib/python3.12/site-packages/pip-26.1.1.dist-info/licenses/src/pip/_vendor/distlib) by extensions ['python_setup_py']
[1.808s] Level 1:colcon.colcon_core.package_identification:_identify(venv/lib/python3.12/site-packages/pip-26.1.1.dist-info/licenses/src/pip/_vendor/distlib) by extension 'python_setup_py'
[1.808s] Level 1:colcon.colcon_core.package_identification:_identify(venv/lib/python3.12/site-packages/pip-26.1.1.dist-info/licenses/src/pip/_vendor/distro) by extensions ['ignore', 'ignore_ament_install']
[1.808s] Level 1:colcon.colcon_core.package_identification:_identify(venv/lib/python3.12/site-packages/pip-26.1.1.dist-info/licenses/src/pip/_vendor/distro) by extension 'ignore'
[1.808s] Level 1:colcon.colcon_core.package_identification:_identify(venv/lib/python3.12/site-packages/pip-26.1.1.dist-info/licenses/src/pip/_vendor/distro) by extension 'ignore_ament_install'
[1.808s] Level 1:colcon.colcon_core.package_identification:_identify(venv/lib/python3.12/site-packages/pip-26.1.1.dist-info/licenses/src/pip/_vendor/distro) by extensions ['colcon_pkg']
[1.808s] Level 1:colcon.colcon_core.package_identification:_identify(venv/lib/python3.12/site-packages/pip-26.1.1.dist-info/licenses/src/pip/_vendor/distro) by extension 'colcon_pkg'
[1.808s] Level 1:colcon.colcon_core.package_identification:_identify(venv/lib/python3.12/site-packages/pip-26.1.1.dist-info/licenses/src/pip/_vendor/distro) by extensions ['colcon_meta']
[1.808s] Level 1:colcon.colcon_core.package_identification:_identify(venv/lib/python3.12/site-packages/pip-26.1.1.dist-info/licenses/src/pip/_vendor/distro) by extension 'colcon_meta'
[1.808s] Level 1:colcon.colcon_core.package_identification:_identify(venv/lib/python3.12/site-packages/pip-26.1.1.dist-info/licenses/src/pip/_vendor/distro) by extensions ['ros']
[1.808s] Level 1:colcon.colcon_core.package_identification:_identify(venv/lib/python3.12/site-packages/pip-26.1.1.dist-info/licenses/src/pip/_vendor/distro) by extension 'ros'
[1.808s] Level 1:colcon.colcon_core.package_identification:_identify(venv/lib/python3.12/site-packages/pip-26.1.1.dist-info/licenses/src/pip/_vendor/distro) by extensions ['cmake', 'python']
[1.808s] Level 1:colcon.colcon_core.package_identification:_identify(venv/lib/python3.12/site-packages/pip-26.1.1.dist-info/licenses/src/pip/_vendor/distro) by extension 'cmake'
[1.808s] Level 1:colcon.colcon_core.package_identification:_identify(venv/lib/python3.12/site-packages/pip-26.1.1.dist-info/licenses/src/pip/_vendor/distro) by extension 'python'
[1.808s] Level 1:colcon.colcon_core.package_identification:_identify(venv/lib/python3.12/site-packages/pip-26.1.1.dist-info/licenses/src/pip/_vendor/distro) by extensions ['python_setup_py']
[1.808s] Level 1:colcon.colcon_core.package_identification:_identify(venv/lib/python3.12/site-packages/pip-26.1.1.dist-info/licenses/src/pip/_vendor/distro) by extension 'python_setup_py'
[1.809s] Level 1:colcon.colcon_core.package_identification:_identify(venv/lib/python3.12/site-packages/pip-26.1.1.dist-info/licenses/src/pip/_vendor/idna) by extensions ['ignore', 'ignore_ament_install']
[1.809s] Level 1:colcon.colcon_core.package_identification:_identify(venv/lib/python3.12/site-packages/pip-26.1.1.dist-info/licenses/src/pip/_vendor/idna) by extension 'ignore'
[1.809s] Level 1:colcon.colcon_core.package_identification:_identify(venv/lib/python3.12/site-packages/pip-26.1.1.dist-info/licenses/src/pip/_vendor/idna) by extension 'ignore_ament_install'
[1.809s] Level 1:colcon.colcon_core.package_identification:_identify(venv/lib/python3.12/site-packages/pip-26.1.1.dist-info/licenses/src/pip/_vendor/idna) by extensions ['colcon_pkg']
[1.809s] Level 1:colcon.colcon_core.package_identification:_identify(venv/lib/python3.12/site-packages/pip-26.1.1.dist-info/licenses/src/pip/_vendor/idna) by extension 'colcon_pkg'
[1.809s] Level 1:colcon.colcon_core.package_identification:_identify(venv/lib/python3.12/site-packages/pip-26.1.1.dist-info/licenses/src/pip/_vendor/idna) by extensions ['colcon_meta']
[1.809s] Level 1:colcon.colcon_core.package_identification:_identify(venv/lib/python3.12/site-packages/pip-26.1.1.dist-info/licenses/src/pip/_vendor/idna) by extension 'colcon_meta'
[1.809s] Level 1:colcon.colcon_core.package_identification:_identify(venv/lib/python3.12/site-packages/pip-26.1.1.dist-info/licenses/src/pip/_vendor/idna) by extensions ['ros']
[1.809s] Level 1:colcon.colcon_core.package_identification:_identify(venv/lib/python3.12/site-packages/pip-26.1.1.dist-info/licenses/src/pip/_vendor/idna) by extension 'ros'
[1.809s] Level 1:colcon.colcon_core.package_identification:_identify(venv/lib/python3.12/site-packages/pip-26.1.1.dist-info/licenses/src/pip/_vendor/idna) by extensions ['cmake', 'python']
[1.809s] Level 1:colcon.colcon_core.package_identification:_identify(venv/lib/python3.12/site-packages/pip-26.1.1.dist-info/licenses/src/pip/_vendor/idna) by extension 'cmake'
[1.809s] Level 1:colcon.colcon_core.package_identification:_identify(venv/lib/python3.12/site-packages/pip-26.1.1.dist-info/licenses/src/pip/_vendor/idna) by extension 'python'
[1.809s] Level 1:colcon.colcon_core.package_identification:_identify(venv/lib/python3.12/site-packages/pip-26.1.1.dist-info/licenses/src/pip/_vendor/idna) by extensions ['python_setup_py']
[1.809s] Level 1:colcon.colcon_core.package_identification:_identify(venv/lib/python3.12/site-packages/pip-26.1.1.dist-info/licenses/src/pip/_vendor/idna) by extension 'python_setup_py'
[1.809s] Level 1:colcon.colcon_core.package_identification:_identify(venv/lib/python3.12/site-packages/pip-26.1.1.dist-info/licenses/src/pip/_vendor/msgpack) by extensions ['ignore', 'ignore_ament_install']
[1.810s] Level 1:colcon.colcon_core.package_identification:_identify(venv/lib/python3.12/site-packages/pip-26.1.1.dist-info/licenses/src/pip/_vendor/msgpack) by extension 'ignore'
[1.810s] Level 1:colcon.colcon_core.package_identification:_identify(venv/lib/python3.12/site-packages/pip-26.1.1.dist-info/licenses/src/pip/_vendor/msgpack) by extension 'ignore_ament_install'
[1.810s] Level 1:colcon.colcon_core.package_identification:_identify(venv/lib/python3.12/site-packages/pip-26.1.1.dist-info/licenses/src/pip/_vendor/msgpack) by extensions ['colcon_pkg']
[1.810s] Level 1:colcon.colcon_core.package_identification:_identify(venv/lib/python3.12/site-packages/pip-26.1.1.dist-info/licenses/src/pip/_vendor/msgpack) by extension 'colcon_pkg'
[1.810s] Level 1:colcon.colcon_core.package_identification:_identify(venv/lib/python3.12/site-packages/pip-26.1.1.dist-info/licenses/src/pip/_vendor/msgpack) by extensions ['colcon_meta']
[1.810s] Level 1:colcon.colcon_core.package_identification:_identify(venv/lib/python3.12/site-packages/pip-26.1.1.dist-info/licenses/src/pip/_vendor/msgpack) by extension 'colcon_meta'
[1.810s] Level 1:colcon.colcon_core.package_identification:_identify(venv/lib/python3.12/site-packages/pip-26.1.1.dist-info/licenses/src/pip/_vendor/msgpack) by extensions ['ros']
[1.810s] Level 1:colcon.colcon_core.package_identification:_identify(venv/lib/python3.12/site-packages/pip-26.1.1.dist-info/licenses/src/pip/_vendor/msgpack) by extension 'ros'
[1.810s] Level 1:colcon.colcon_core.package_identification:_identify(venv/lib/python3.12/site-packages/pip-26.1.1.dist-info/licenses/src/pip/_vendor/msgpack) by extensions ['cmake', 'python']
[1.810s] Level 1:colcon.colcon_core.package_identification:_identify(venv/lib/python3.12/site-packages/pip-26.1.1.dist-info/licenses/src/pip/_vendor/msgpack) by extension 'cmake'
[1.810s] Level 1:colcon.colcon_core.package_identification:_identify(venv/lib/python3.12/site-packages/pip-26.1.1.dist-info/licenses/src/pip/_vendor/msgpack) by extension 'python'
[1.810s] Level 1:colcon.colcon_core.package_identification:_identify(venv/lib/python3.12/site-packages/pip-26.1.1.dist-info/licenses/src/pip/_vendor/msgpack) by extensions ['python_setup_py']
[1.810s] Level 1:colcon.colcon_core.package_identification:_identify(venv/lib/python3.12/site-packages/pip-26.1.1.dist-info/licenses/src/pip/_vendor/msgpack) by extension 'python_setup_py'
[1.810s] Level 1:colcon.colcon_core.package_identification:_identify(venv/lib/python3.12/site-packages/pip-26.1.1.dist-info/licenses/src/pip/_vendor/packaging) by extensions ['ignore', 'ignore_ament_install']
[1.810s] Level 1:colcon.colcon_core.package_identification:_identify(venv/lib/python3.12/site-packages/pip-26.1.1.dist-info/licenses/src/pip/_vendor/packaging) by extension 'ignore'
[1.811s] Level 1:colcon.colcon_core.package_identification:_identify(venv/lib/python3.12/site-packages/pip-26.1.1.dist-info/licenses/src/pip/_vendor/packaging) by extension 'ignore_ament_install'
[1.811s] Level 1:colcon.colcon_core.package_identification:_identify(venv/lib/python3.12/site-packages/pip-26.1.1.dist-info/licenses/src/pip/_vendor/packaging) by extensions ['colcon_pkg']
[1.811s] Level 1:colcon.colcon_core.package_identification:_identify(venv/lib/python3.12/site-packages/pip-26.1.1.dist-info/licenses/src/pip/_vendor/packaging) by extension 'colcon_pkg'
[1.811s] Level 1:colcon.colcon_core.package_identification:_identify(venv/lib/python3.12/site-packages/pip-26.1.1.dist-info/licenses/src/pip/_vendor/packaging) by extensions ['colcon_meta']
[1.811s] Level 1:colcon.colcon_core.package_identification:_identify(venv/lib/python3.12/site-packages/pip-26.1.1.dist-info/licenses/src/pip/_vendor/packaging) by extension 'colcon_meta'
[1.811s] Level 1:colcon.colcon_core.package_identification:_identify(venv/lib/python3.12/site-packages/pip-26.1.1.dist-info/licenses/src/pip/_vendor/packaging) by extensions ['ros']
[1.811s] Level 1:colcon.colcon_core.package_identification:_identify(venv/lib/python3.12/site-packages/pip-26.1.1.dist-info/licenses/src/pip/_vendor/packaging) by extension 'ros'
[1.811s] Level 1:colcon.colcon_core.package_identification:_identify(venv/lib/python3.12/site-packages/pip-26.1.1.dist-info/licenses/src/pip/_vendor/packaging) by extensions ['cmake', 'python']
[1.811s] Level 1:colcon.colcon_core.package_identification:_identify(venv/lib/python3.12/site-packages/pip-26.1.1.dist-info/licenses/src/pip/_vendor/packaging) by extension 'cmake'
[1.811s] Level 1:colcon.colcon_core.package_identification:_identify(venv/lib/python3.12/site-packages/pip-26.1.1.dist-info/licenses/src/pip/_vendor/packaging) by extension 'python'
[1.811s] Level 1:colcon.colcon_core.package_identification:_identify(venv/lib/python3.12/site-packages/pip-26.1.1.dist-info/licenses/src/pip/_vendor/packaging) by extensions ['python_setup_py']
[1.811s] Level 1:colcon.colcon_core.package_identification:_identify(venv/lib/python3.12/site-packages/pip-26.1.1.dist-info/licenses/src/pip/_vendor/packaging) by extension 'python_setup_py'
[1.811s] Level 1:colcon.colcon_core.package_identification:_identify(venv/lib/python3.12/site-packages/pip-26.1.1.dist-info/licenses/src/pip/_vendor/pkg_resources) by extensions ['ignore', 'ignore_ament_install']
[1.811s] Level 1:colcon.colcon_core.package_identification:_identify(venv/lib/python3.12/site-packages/pip-26.1.1.dist-info/licenses/src/pip/_vendor/pkg_resources) by extension 'ignore'
[1.811s] Level 1:colcon.colcon_core.package_identification:_identify(venv/lib/python3.12/site-packages/pip-26.1.1.dist-info/licenses/src/pip/_vendor/pkg_resources) by extension 'ignore_ament_install'
[1.811s] Level 1:colcon.colcon_core.package_identification:_identify(venv/lib/python3.12/site-packages/pip-26.1.1.dist-info/licenses/src/pip/_vendor/pkg_resources) by extensions ['colcon_pkg']
[1.812s] Level 1:colcon.colcon_core.package_identification:_identify(venv/lib/python3.12/site-packages/pip-26.1.1.dist-info/licenses/src/pip/_vendor/pkg_resources) by extension 'colcon_pkg'
[1.812s] Level 1:colcon.colcon_core.package_identification:_identify(venv/lib/python3.12/site-packages/pip-26.1.1.dist-info/licenses/src/pip/_vendor/pkg_resources) by extensions ['colcon_meta']
[1.812s] Level 1:colcon.colcon_core.package_identification:_identify(venv/lib/python3.12/site-packages/pip-26.1.1.dist-info/licenses/src/pip/_vendor/pkg_resources) by extension 'colcon_meta'
[1.812s] Level 1:colcon.colcon_core.package_identification:_identify(venv/lib/python3.12/site-packages/pip-26.1.1.dist-info/licenses/src/pip/_vendor/pkg_resources) by extensions ['ros']
[1.812s] Level 1:colcon.colcon_core.package_identification:_identify(venv/lib/python3.12/site-packages/pip-26.1.1.dist-info/licenses/src/pip/_vendor/pkg_resources) by extension 'ros'
[1.812s] Level 1:colcon.colcon_core.package_identification:_identify(venv/lib/python3.12/site-packages/pip-26.1.1.dist-info/licenses/src/pip/_vendor/pkg_resources) by extensions ['cmake', 'python']
[1.812s] Level 1:colcon.colcon_core.package_identification:_identify(venv/lib/python3.12/site-packages/pip-26.1.1.dist-info/licenses/src/pip/_vendor/pkg_resources) by extension 'cmake'
[1.812s] Level 1:colcon.colcon_core.package_identification:_identify(venv/lib/python3.12/site-packages/pip-26.1.1.dist-info/licenses/src/pip/_vendor/pkg_resources) by extension 'python'
[1.812s] Level 1:colcon.colcon_core.package_identification:_identify(venv/lib/python3.12/site-packages/pip-26.1.1.dist-info/licenses/src/pip/_vendor/pkg_resources) by extensions ['python_setup_py']
[1.812s] Level 1:colcon.colcon_core.package_identification:_identify(venv/lib/python3.12/site-packages/pip-26.1.1.dist-info/licenses/src/pip/_vendor/pkg_resources) by extension 'python_setup_py'
[1.812s] Level 1:colcon.colcon_core.package_identification:_identify(venv/lib/python3.12/site-packages/pip-26.1.1.dist-info/licenses/src/pip/_vendor/platformdirs) by extensions ['ignore', 'ignore_ament_install']
[1.812s] Level 1:colcon.colcon_core.package_identification:_identify(venv/lib/python3.12/site-packages/pip-26.1.1.dist-info/licenses/src/pip/_vendor/platformdirs) by extension 'ignore'
[1.812s] Level 1:colcon.colcon_core.package_identification:_identify(venv/lib/python3.12/site-packages/pip-26.1.1.dist-info/licenses/src/pip/_vendor/platformdirs) by extension 'ignore_ament_install'
[1.812s] Level 1:colcon.colcon_core.package_identification:_identify(venv/lib/python3.12/site-packages/pip-26.1.1.dist-info/licenses/src/pip/_vendor/platformdirs) by extensions ['colcon_pkg']
[1.812s] Level 1:colcon.colcon_core.package_identification:_identify(venv/lib/python3.12/site-packages/pip-26.1.1.dist-info/licenses/src/pip/_vendor/platformdirs) by extension 'colcon_pkg'
[1.812s] Level 1:colcon.colcon_core.package_identification:_identify(venv/lib/python3.12/site-packages/pip-26.1.1.dist-info/licenses/src/pip/_vendor/platformdirs) by extensions ['colcon_meta']
[1.812s] Level 1:colcon.colcon_core.package_identification:_identify(venv/lib/python3.12/site-packages/pip-26.1.1.dist-info/licenses/src/pip/_vendor/platformdirs) by extension 'colcon_meta'
[1.813s] Level 1:colcon.colcon_core.package_identification:_identify(venv/lib/python3.12/site-packages/pip-26.1.1.dist-info/licenses/src/pip/_vendor/platformdirs) by extensions ['ros']
[1.813s] Level 1:colcon.colcon_core.package_identification:_identify(venv/lib/python3.12/site-packages/pip-26.1.1.dist-info/licenses/src/pip/_vendor/platformdirs) by extension 'ros'
[1.813s] Level 1:colcon.colcon_core.package_identification:_identify(venv/lib/python3.12/site-packages/pip-26.1.1.dist-info/licenses/src/pip/_vendor/platformdirs) by extensions ['cmake', 'python']
[1.813s] Level 1:colcon.colcon_core.package_identification:_identify(venv/lib/python3.12/site-packages/pip-26.1.1.dist-info/licenses/src/pip/_vendor/platformdirs) by extension 'cmake'
[1.813s] Level 1:colcon.colcon_core.package_identification:_identify(venv/lib/python3.12/site-packages/pip-26.1.1.dist-info/licenses/src/pip/_vendor/platformdirs) by extension 'python'
[1.813s] Level 1:colcon.colcon_core.package_identification:_identify(venv/lib/python3.12/site-packages/pip-26.1.1.dist-info/licenses/src/pip/_vendor/platformdirs) by extensions ['python_setup_py']
[1.813s] Level 1:colcon.colcon_core.package_identification:_identify(venv/lib/python3.12/site-packages/pip-26.1.1.dist-info/licenses/src/pip/_vendor/platformdirs) by extension 'python_setup_py'
[1.813s] Level 1:colcon.colcon_core.package_identification:_identify(venv/lib/python3.12/site-packages/pip-26.1.1.dist-info/licenses/src/pip/_vendor/pygments) by extensions ['ignore', 'ignore_ament_install']
[1.813s] Level 1:colcon.colcon_core.package_identification:_identify(venv/lib/python3.12/site-packages/pip-26.1.1.dist-info/licenses/src/pip/_vendor/pygments) by extension 'ignore'
[1.813s] Level 1:colcon.colcon_core.package_identification:_identify(venv/lib/python3.12/site-packages/pip-26.1.1.dist-info/licenses/src/pip/_vendor/pygments) by extension 'ignore_ament_install'
[1.813s] Level 1:colcon.colcon_core.package_identification:_identify(venv/lib/python3.12/site-packages/pip-26.1.1.dist-info/licenses/src/pip/_vendor/pygments) by extensions ['colcon_pkg']
[1.813s] Level 1:colcon.colcon_core.package_identification:_identify(venv/lib/python3.12/site-packages/pip-26.1.1.dist-info/licenses/src/pip/_vendor/pygments) by extension 'colcon_pkg'
[1.813s] Level 1:colcon.colcon_core.package_identification:_identify(venv/lib/python3.12/site-packages/pip-26.1.1.dist-info/licenses/src/pip/_vendor/pygments) by extensions ['colcon_meta']
[1.813s] Level 1:colcon.colcon_core.package_identification:_identify(venv/lib/python3.12/site-packages/pip-26.1.1.dist-info/licenses/src/pip/_vendor/pygments) by extension 'colcon_meta'
[1.813s] Level 1:colcon.colcon_core.package_identification:_identify(venv/lib/python3.12/site-packages/pip-26.1.1.dist-info/licenses/src/pip/_vendor/pygments) by extensions ['ros']
[1.814s] Level 1:colcon.colcon_core.package_identification:_identify(venv/lib/python3.12/site-packages/pip-26.1.1.dist-info/licenses/src/pip/_vendor/pygments) by extension 'ros'
[1.814s] Level 1:colcon.colcon_core.package_identification:_identify(venv/lib/python3.12/site-packages/pip-26.1.1.dist-info/licenses/src/pip/_vendor/pygments) by extensions ['cmake', 'python']
[1.814s] Level 1:colcon.colcon_core.package_identification:_identify(venv/lib/python3.12/site-packages/pip-26.1.1.dist-info/licenses/src/pip/_vendor/pygments) by extension 'cmake'
[1.814s] Level 1:colcon.colcon_core.package_identification:_identify(venv/lib/python3.12/site-packages/pip-26.1.1.dist-info/licenses/src/pip/_vendor/pygments) by extension 'python'
[1.814s] Level 1:colcon.colcon_core.package_identification:_identify(venv/lib/python3.12/site-packages/pip-26.1.1.dist-info/licenses/src/pip/_vendor/pygments) by extensions ['python_setup_py']
[1.814s] Level 1:colcon.colcon_core.package_identification:_identify(venv/lib/python3.12/site-packages/pip-26.1.1.dist-info/licenses/src/pip/_vendor/pygments) by extension 'python_setup_py'
[1.814s] Level 1:colcon.colcon_core.package_identification:_identify(venv/lib/python3.12/site-packages/pip-26.1.1.dist-info/licenses/src/pip/_vendor/pyproject_hooks) by extensions ['ignore', 'ignore_ament_install']
[1.814s] Level 1:colcon.colcon_core.package_identification:_identify(venv/lib/python3.12/site-packages/pip-26.1.1.dist-info/licenses/src/pip/_vendor/pyproject_hooks) by extension 'ignore'
[1.814s] Level 1:colcon.colcon_core.package_identification:_identify(venv/lib/python3.12/site-packages/pip-26.1.1.dist-info/licenses/src/pip/_vendor/pyproject_hooks) by extension 'ignore_ament_install'
[1.814s] Level 1:colcon.colcon_core.package_identification:_identify(venv/lib/python3.12/site-packages/pip-26.1.1.dist-info/licenses/src/pip/_vendor/pyproject_hooks) by extensions ['colcon_pkg']
[1.814s] Level 1:colcon.colcon_core.package_identification:_identify(venv/lib/python3.12/site-packages/pip-26.1.1.dist-info/licenses/src/pip/_vendor/pyproject_hooks) by extension 'colcon_pkg'
[1.814s] Level 1:colcon.colcon_core.package_identification:_identify(venv/lib/python3.12/site-packages/pip-26.1.1.dist-info/licenses/src/pip/_vendor/pyproject_hooks) by extensions ['colcon_meta']
[1.814s] Level 1:colcon.colcon_core.package_identification:_identify(venv/lib/python3.12/site-packages/pip-26.1.1.dist-info/licenses/src/pip/_vendor/pyproject_hooks) by extension 'colcon_meta'
[1.814s] Level 1:colcon.colcon_core.package_identification:_identify(venv/lib/python3.12/site-packages/pip-26.1.1.dist-info/licenses/src/pip/_vendor/pyproject_hooks) by extensions ['ros']
[1.814s] Level 1:colcon.colcon_core.package_identification:_identify(venv/lib/python3.12/site-packages/pip-26.1.1.dist-info/licenses/src/pip/_vendor/pyproject_hooks) by extension 'ros'
[1.815s] Level 1:colcon.colcon_core.package_identification:_identify(venv/lib/python3.12/site-packages/pip-26.1.1.dist-info/licenses/src/pip/_vendor/pyproject_hooks) by extensions ['cmake', 'python']
[1.815s] Level 1:colcon.colcon_core.package_identification:_identify(venv/lib/python3.12/site-packages/pip-26.1.1.dist-info/licenses/src/pip/_vendor/pyproject_hooks) by extension 'cmake'
[1.815s] Level 1:colcon.colcon_core.package_identification:_identify(venv/lib/python3.12/site-packages/pip-26.1.1.dist-info/licenses/src/pip/_vendor/pyproject_hooks) by extension 'python'
[1.815s] Level 1:colcon.colcon_core.package_identification:_identify(venv/lib/python3.12/site-packages/pip-26.1.1.dist-info/licenses/src/pip/_vendor/pyproject_hooks) by extensions ['python_setup_py']
[1.815s] Level 1:colcon.colcon_core.package_identification:_identify(venv/lib/python3.12/site-packages/pip-26.1.1.dist-info/licenses/src/pip/_vendor/pyproject_hooks) by extension 'python_setup_py'
[1.815s] Level 1:colcon.colcon_core.package_identification:_identify(venv/lib/python3.12/site-packages/pip-26.1.1.dist-info/licenses/src/pip/_vendor/requests) by extensions ['ignore', 'ignore_ament_install']
[1.815s] Level 1:colcon.colcon_core.package_identification:_identify(venv/lib/python3.12/site-packages/pip-26.1.1.dist-info/licenses/src/pip/_vendor/requests) by extension 'ignore'
[1.815s] Level 1:colcon.colcon_core.package_identification:_identify(venv/lib/python3.12/site-packages/pip-26.1.1.dist-info/licenses/src/pip/_vendor/requests) by extension 'ignore_ament_install'
[1.815s] Level 1:colcon.colcon_core.package_identification:_identify(venv/lib/python3.12/site-packages/pip-26.1.1.dist-info/licenses/src/pip/_vendor/requests) by extensions ['colcon_pkg']
[1.815s] Level 1:colcon.colcon_core.package_identification:_identify(venv/lib/python3.12/site-packages/pip-26.1.1.dist-info/licenses/src/pip/_vendor/requests) by extension 'colcon_pkg'
[1.815s] Level 1:colcon.colcon_core.package_identification:_identify(venv/lib/python3.12/site-packages/pip-26.1.1.dist-info/licenses/src/pip/_vendor/requests) by extensions ['colcon_meta']
[1.815s] Level 1:colcon.colcon_core.package_identification:_identify(venv/lib/python3.12/site-packages/pip-26.1.1.dist-info/licenses/src/pip/_vendor/requests) by extension 'colcon_meta'
[1.815s] Level 1:colcon.colcon_core.package_identification:_identify(venv/lib/python3.12/site-packages/pip-26.1.1.dist-info/licenses/src/pip/_vendor/requests) by extensions ['ros']
[1.815s] Level 1:colcon.colcon_core.package_identification:_identify(venv/lib/python3.12/site-packages/pip-26.1.1.dist-info/licenses/src/pip/_vendor/requests) by extension 'ros'
[1.815s] Level 1:colcon.colcon_core.package_identification:_identify(venv/lib/python3.12/site-packages/pip-26.1.1.dist-info/licenses/src/pip/_vendor/requests) by extensions ['cmake', 'python']
[1.815s] Level 1:colcon.colcon_core.package_identification:_identify(venv/lib/python3.12/site-packages/pip-26.1.1.dist-info/licenses/src/pip/_vendor/requests) by extension 'cmake'
[1.815s] Level 1:colcon.colcon_core.package_identification:_identify(venv/lib/python3.12/site-packages/pip-26.1.1.dist-info/licenses/src/pip/_vendor/requests) by extension 'python'
[1.816s] Level 1:colcon.colcon_core.package_identification:_identify(venv/lib/python3.12/site-packages/pip-26.1.1.dist-info/licenses/src/pip/_vendor/requests) by extensions ['python_setup_py']
[1.816s] Level 1:colcon.colcon_core.package_identification:_identify(venv/lib/python3.12/site-packages/pip-26.1.1.dist-info/licenses/src/pip/_vendor/requests) by extension 'python_setup_py'
[1.816s] Level 1:colcon.colcon_core.package_identification:_identify(venv/lib/python3.12/site-packages/pip-26.1.1.dist-info/licenses/src/pip/_vendor/resolvelib) by extensions ['ignore', 'ignore_ament_install']
[1.816s] Level 1:colcon.colcon_core.package_identification:_identify(venv/lib/python3.12/site-packages/pip-26.1.1.dist-info/licenses/src/pip/_vendor/resolvelib) by extension 'ignore'
[1.816s] Level 1:colcon.colcon_core.package_identification:_identify(venv/lib/python3.12/site-packages/pip-26.1.1.dist-info/licenses/src/pip/_vendor/resolvelib) by extension 'ignore_ament_install'
[1.816s] Level 1:colcon.colcon_core.package_identification:_identify(venv/lib/python3.12/site-packages/pip-26.1.1.dist-info/licenses/src/pip/_vendor/resolvelib) by extensions ['colcon_pkg']
[1.816s] Level 1:colcon.colcon_core.package_identification:_identify(venv/lib/python3.12/site-packages/pip-26.1.1.dist-info/licenses/src/pip/_vendor/resolvelib) by extension 'colcon_pkg'
[1.816s] Level 1:colcon.colcon_core.package_identification:_identify(venv/lib/python3.12/site-packages/pip-26.1.1.dist-info/licenses/src/pip/_vendor/resolvelib) by extensions ['colcon_meta']
[1.816s] Level 1:colcon.colcon_core.package_identification:_identify(venv/lib/python3.12/site-packages/pip-26.1.1.dist-info/licenses/src/pip/_vendor/resolvelib) by extension 'colcon_meta'
[1.816s] Level 1:colcon.colcon_core.package_identification:_identify(venv/lib/python3.12/site-packages/pip-26.1.1.dist-info/licenses/src/pip/_vendor/resolvelib) by extensions ['ros']
[1.816s] Level 1:colcon.colcon_core.package_identification:_identify(venv/lib/python3.12/site-packages/pip-26.1.1.dist-info/licenses/src/pip/_vendor/resolvelib) by extension 'ros'
[1.816s] Level 1:colcon.colcon_core.package_identification:_identify(venv/lib/python3.12/site-packages/pip-26.1.1.dist-info/licenses/src/pip/_vendor/resolvelib) by extensions ['cmake', 'python']
[1.816s] Level 1:colcon.colcon_core.package_identification:_identify(venv/lib/python3.12/site-packages/pip-26.1.1.dist-info/licenses/src/pip/_vendor/resolvelib) by extension 'cmake'
[1.816s] Level 1:colcon.colcon_core.package_identification:_identify(venv/lib/python3.12/site-packages/pip-26.1.1.dist-info/licenses/src/pip/_vendor/resolvelib) by extension 'python'
[1.816s] Level 1:colcon.colcon_core.package_identification:_identify(venv/lib/python3.12/site-packages/pip-26.1.1.dist-info/licenses/src/pip/_vendor/resolvelib) by extensions ['python_setup_py']
[1.816s] Level 1:colcon.colcon_core.package_identification:_identify(venv/lib/python3.12/site-packages/pip-26.1.1.dist-info/licenses/src/pip/_vendor/resolvelib) by extension 'python_setup_py'
[1.817s] Level 1:colcon.colcon_core.package_identification:_identify(venv/lib/python3.12/site-packages/pip-26.1.1.dist-info/licenses/src/pip/_vendor/rich) by extensions ['ignore', 'ignore_ament_install']
[1.817s] Level 1:colcon.colcon_core.package_identification:_identify(venv/lib/python3.12/site-packages/pip-26.1.1.dist-info/licenses/src/pip/_vendor/rich) by extension 'ignore'
[1.817s] Level 1:colcon.colcon_core.package_identification:_identify(venv/lib/python3.12/site-packages/pip-26.1.1.dist-info/licenses/src/pip/_vendor/rich) by extension 'ignore_ament_install'
[1.817s] Level 1:colcon.colcon_core.package_identification:_identify(venv/lib/python3.12/site-packages/pip-26.1.1.dist-info/licenses/src/pip/_vendor/rich) by extensions ['colcon_pkg']
[1.817s] Level 1:colcon.colcon_core.package_identification:_identify(venv/lib/python3.12/site-packages/pip-26.1.1.dist-info/licenses/src/pip/_vendor/rich) by extension 'colcon_pkg'
[1.817s] Level 1:colcon.colcon_core.package_identification:_identify(venv/lib/python3.12/site-packages/pip-26.1.1.dist-info/licenses/src/pip/_vendor/rich) by extensions ['colcon_meta']
[1.817s] Level 1:colcon.colcon_core.package_identification:_identify(venv/lib/python3.12/site-packages/pip-26.1.1.dist-info/licenses/src/pip/_vendor/rich) by extension 'colcon_meta'
[1.817s] Level 1:colcon.colcon_core.package_identification:_identify(venv/lib/python3.12/site-packages/pip-26.1.1.dist-info/licenses/src/pip/_vendor/rich) by extensions ['ros']
[1.817s] Level 1:colcon.colcon_core.package_identification:_identify(venv/lib/python3.12/site-packages/pip-26.1.1.dist-info/licenses/src/pip/_vendor/rich) by extension 'ros'
[1.817s] Level 1:colcon.colcon_core.package_identification:_identify(venv/lib/python3.12/site-packages/pip-26.1.1.dist-info/licenses/src/pip/_vendor/rich) by extensions ['cmake', 'python']
[1.817s] Level 1:colcon.colcon_core.package_identification:_identify(venv/lib/python3.12/site-packages/pip-26.1.1.dist-info/licenses/src/pip/_vendor/rich) by extension 'cmake'
[1.817s] Level 1:colcon.colcon_core.package_identification:_identify(venv/lib/python3.12/site-packages/pip-26.1.1.dist-info/licenses/src/pip/_vendor/rich) by extension 'python'
[1.817s] Level 1:colcon.colcon_core.package_identification:_identify(venv/lib/python3.12/site-packages/pip-26.1.1.dist-info/licenses/src/pip/_vendor/rich) by extensions ['python_setup_py']
[1.817s] Level 1:colcon.colcon_core.package_identification:_identify(venv/lib/python3.12/site-packages/pip-26.1.1.dist-info/licenses/src/pip/_vendor/rich) by extension 'python_setup_py'
[1.818s] Level 1:colcon.colcon_core.package_identification:_identify(venv/lib/python3.12/site-packages/pip-26.1.1.dist-info/licenses/src/pip/_vendor/tomli) by extensions ['ignore', 'ignore_ament_install']
[1.818s] Level 1:colcon.colcon_core.package_identification:_identify(venv/lib/python3.12/site-packages/pip-26.1.1.dist-info/licenses/src/pip/_vendor/tomli) by extension 'ignore'
[1.818s] Level 1:colcon.colcon_core.package_identification:_identify(venv/lib/python3.12/site-packages/pip-26.1.1.dist-info/licenses/src/pip/_vendor/tomli) by extension 'ignore_ament_install'
[1.818s] Level 1:colcon.colcon_core.package_identification:_identify(venv/lib/python3.12/site-packages/pip-26.1.1.dist-info/licenses/src/pip/_vendor/tomli) by extensions ['colcon_pkg']
[1.818s] Level 1:colcon.colcon_core.package_identification:_identify(venv/lib/python3.12/site-packages/pip-26.1.1.dist-info/licenses/src/pip/_vendor/tomli) by extension 'colcon_pkg'
[1.818s] Level 1:colcon.colcon_core.package_identification:_identify(venv/lib/python3.12/site-packages/pip-26.1.1.dist-info/licenses/src/pip/_vendor/tomli) by extensions ['colcon_meta']
[1.818s] Level 1:colcon.colcon_core.package_identification:_identify(venv/lib/python3.12/site-packages/pip-26.1.1.dist-info/licenses/src/pip/_vendor/tomli) by extension 'colcon_meta'
[1.818s] Level 1:colcon.colcon_core.package_identification:_identify(venv/lib/python3.12/site-packages/pip-26.1.1.dist-info/licenses/src/pip/_vendor/tomli) by extensions ['ros']
[1.818s] Level 1:colcon.colcon_core.package_identification:_identify(venv/lib/python3.12/site-packages/pip-26.1.1.dist-info/licenses/src/pip/_vendor/tomli) by extension 'ros'
[1.818s] Level 1:colcon.colcon_core.package_identification:_identify(venv/lib/python3.12/site-packages/pip-26.1.1.dist-info/licenses/src/pip/_vendor/tomli) by extensions ['cmake', 'python']
[1.818s] Level 1:colcon.colcon_core.package_identification:_identify(venv/lib/python3.12/site-packages/pip-26.1.1.dist-info/licenses/src/pip/_vendor/tomli) by extension 'cmake'
[1.818s] Level 1:colcon.colcon_core.package_identification:_identify(venv/lib/python3.12/site-packages/pip-26.1.1.dist-info/licenses/src/pip/_vendor/tomli) by extension 'python'
[1.818s] Level 1:colcon.colcon_core.package_identification:_identify(venv/lib/python3.12/site-packages/pip-26.1.1.dist-info/licenses/src/pip/_vendor/tomli) by extensions ['python_setup_py']
[1.818s] Level 1:colcon.colcon_core.package_identification:_identify(venv/lib/python3.12/site-packages/pip-26.1.1.dist-info/licenses/src/pip/_vendor/tomli) by extension 'python_setup_py'
[1.818s] Level 1:colcon.colcon_core.package_identification:_identify(venv/lib/python3.12/site-packages/pip-26.1.1.dist-info/licenses/src/pip/_vendor/tomli_w) by extensions ['ignore', 'ignore_ament_install']
[1.819s] Level 1:colcon.colcon_core.package_identification:_identify(venv/lib/python3.12/site-packages/pip-26.1.1.dist-info/licenses/src/pip/_vendor/tomli_w) by extension 'ignore'
[1.819s] Level 1:colcon.colcon_core.package_identification:_identify(venv/lib/python3.12/site-packages/pip-26.1.1.dist-info/licenses/src/pip/_vendor/tomli_w) by extension 'ignore_ament_install'
[1.819s] Level 1:colcon.colcon_core.package_identification:_identify(venv/lib/python3.12/site-packages/pip-26.1.1.dist-info/licenses/src/pip/_vendor/tomli_w) by extensions ['colcon_pkg']
[1.819s] Level 1:colcon.colcon_core.package_identification:_identify(venv/lib/python3.12/site-packages/pip-26.1.1.dist-info/licenses/src/pip/_vendor/tomli_w) by extension 'colcon_pkg'
[1.819s] Level 1:colcon.colcon_core.package_identification:_identify(venv/lib/python3.12/site-packages/pip-26.1.1.dist-info/licenses/src/pip/_vendor/tomli_w) by extensions ['colcon_meta']
[1.819s] Level 1:colcon.colcon_core.package_identification:_identify(venv/lib/python3.12/site-packages/pip-26.1.1.dist-info/licenses/src/pip/_vendor/tomli_w) by extension 'colcon_meta'
[1.819s] Level 1:colcon.colcon_core.package_identification:_identify(venv/lib/python3.12/site-packages/pip-26.1.1.dist-info/licenses/src/pip/_vendor/tomli_w) by extensions ['ros']
[1.819s] Level 1:colcon.colcon_core.package_identification:_identify(venv/lib/python3.12/site-packages/pip-26.1.1.dist-info/licenses/src/pip/_vendor/tomli_w) by extension 'ros'
[1.819s] Level 1:colcon.colcon_core.package_identification:_identify(venv/lib/python3.12/site-packages/pip-26.1.1.dist-info/licenses/src/pip/_vendor/tomli_w) by extensions ['cmake', 'python']
[1.819s] Level 1:colcon.colcon_core.package_identification:_identify(venv/lib/python3.12/site-packages/pip-26.1.1.dist-info/licenses/src/pip/_vendor/tomli_w) by extension 'cmake'
[1.819s] Level 1:colcon.colcon_core.package_identification:_identify(venv/lib/python3.12/site-packages/pip-26.1.1.dist-info/licenses/src/pip/_vendor/tomli_w) by extension 'python'
[1.819s] Level 1:colcon.colcon_core.package_identification:_identify(venv/lib/python3.12/site-packages/pip-26.1.1.dist-info/licenses/src/pip/_vendor/tomli_w) by extensions ['python_setup_py']
[1.819s] Level 1:colcon.colcon_core.package_identification:_identify(venv/lib/python3.12/site-packages/pip-26.1.1.dist-info/licenses/src/pip/_vendor/tomli_w) by extension 'python_setup_py'
[1.819s] Level 1:colcon.colcon_core.package_identification:_identify(venv/lib/python3.12/site-packages/pip-26.1.1.dist-info/licenses/src/pip/_vendor/truststore) by extensions ['ignore', 'ignore_ament_install']
[1.819s] Level 1:colcon.colcon_core.package_identification:_identify(venv/lib/python3.12/site-packages/pip-26.1.1.dist-info/licenses/src/pip/_vendor/truststore) by extension 'ignore'
[1.819s] Level 1:colcon.colcon_core.package_identification:_identify(venv/lib/python3.12/site-packages/pip-26.1.1.dist-info/licenses/src/pip/_vendor/truststore) by extension 'ignore_ament_install'
[1.820s] Level 1:colcon.colcon_core.package_identification:_identify(venv/lib/python3.12/site-packages/pip-26.1.1.dist-info/licenses/src/pip/_vendor/truststore) by extensions ['colcon_pkg']
[1.820s] Level 1:colcon.colcon_core.package_identification:_identify(venv/lib/python3.12/site-packages/pip-26.1.1.dist-info/licenses/src/pip/_vendor/truststore) by extension 'colcon_pkg'
[1.820s] Level 1:colcon.colcon_core.package_identification:_identify(venv/lib/python3.12/site-packages/pip-26.1.1.dist-info/licenses/src/pip/_vendor/truststore) by extensions ['colcon_meta']
[1.820s] Level 1:colcon.colcon_core.package_identification:_identify(venv/lib/python3.12/site-packages/pip-26.1.1.dist-info/licenses/src/pip/_vendor/truststore) by extension 'colcon_meta'
[1.820s] Level 1:colcon.colcon_core.package_identification:_identify(venv/lib/python3.12/site-packages/pip-26.1.1.dist-info/licenses/src/pip/_vendor/truststore) by extensions ['ros']
[1.820s] Level 1:colcon.colcon_core.package_identification:_identify(venv/lib/python3.12/site-packages/pip-26.1.1.dist-info/licenses/src/pip/_vendor/truststore) by extension 'ros'
[1.820s] Level 1:colcon.colcon_core.package_identification:_identify(venv/lib/python3.12/site-packages/pip-26.1.1.dist-info/licenses/src/pip/_vendor/truststore) by extensions ['cmake', 'python']
[1.820s] Level 1:colcon.colcon_core.package_identification:_identify(venv/lib/python3.12/site-packages/pip-26.1.1.dist-info/licenses/src/pip/_vendor/truststore) by extension 'cmake'
[1.820s] Level 1:colcon.colcon_core.package_identification:_identify(venv/lib/python3.12/site-packages/pip-26.1.1.dist-info/licenses/src/pip/_vendor/truststore) by extension 'python'
[1.820s] Level 1:colcon.colcon_core.package_identification:_identify(venv/lib/python3.12/site-packages/pip-26.1.1.dist-info/licenses/src/pip/_vendor/truststore) by extensions ['python_setup_py']
[1.820s] Level 1:colcon.colcon_core.package_identification:_identify(venv/lib/python3.12/site-packages/pip-26.1.1.dist-info/licenses/src/pip/_vendor/truststore) by extension 'python_setup_py'
[1.820s] Level 1:colcon.colcon_core.package_identification:_identify(venv/lib/python3.12/site-packages/pip-26.1.1.dist-info/licenses/src/pip/_vendor/urllib3) by extensions ['ignore', 'ignore_ament_install']
[1.820s] Level 1:colcon.colcon_core.package_identification:_identify(venv/lib/python3.12/site-packages/pip-26.1.1.dist-info/licenses/src/pip/_vendor/urllib3) by extension 'ignore'
[1.820s] Level 1:colcon.colcon_core.package_identification:_identify(venv/lib/python3.12/site-packages/pip-26.1.1.dist-info/licenses/src/pip/_vendor/urllib3) by extension 'ignore_ament_install'
[1.820s] Level 1:colcon.colcon_core.package_identification:_identify(venv/lib/python3.12/site-packages/pip-26.1.1.dist-info/licenses/src/pip/_vendor/urllib3) by extensions ['colcon_pkg']
[1.820s] Level 1:colcon.colcon_core.package_identification:_identify(venv/lib/python3.12/site-packages/pip-26.1.1.dist-info/licenses/src/pip/_vendor/urllib3) by extension 'colcon_pkg'
[1.821s] Level 1:colcon.colcon_core.package_identification:_identify(venv/lib/python3.12/site-packages/pip-26.1.1.dist-info/licenses/src/pip/_vendor/urllib3) by extensions ['colcon_meta']
[1.821s] Level 1:colcon.colcon_core.package_identification:_identify(venv/lib/python3.12/site-packages/pip-26.1.1.dist-info/licenses/src/pip/_vendor/urllib3) by extension 'colcon_meta'
[1.821s] Level 1:colcon.colcon_core.package_identification:_identify(venv/lib/python3.12/site-packages/pip-26.1.1.dist-info/licenses/src/pip/_vendor/urllib3) by extensions ['ros']
[1.821s] Level 1:colcon.colcon_core.package_identification:_identify(venv/lib/python3.12/site-packages/pip-26.1.1.dist-info/licenses/src/pip/_vendor/urllib3) by extension 'ros'
[1.821s] Level 1:colcon.colcon_core.package_identification:_identify(venv/lib/python3.12/site-packages/pip-26.1.1.dist-info/licenses/src/pip/_vendor/urllib3) by extensions ['cmake', 'python']
[1.821s] Level 1:colcon.colcon_core.package_identification:_identify(venv/lib/python3.12/site-packages/pip-26.1.1.dist-info/licenses/src/pip/_vendor/urllib3) by extension 'cmake'
[1.821s] Level 1:colcon.colcon_core.package_identification:_identify(venv/lib/python3.12/site-packages/pip-26.1.1.dist-info/licenses/src/pip/_vendor/urllib3) by extension 'python'
[1.821s] Level 1:colcon.colcon_core.package_identification:_identify(venv/lib/python3.12/site-packages/pip-26.1.1.dist-info/licenses/src/pip/_vendor/urllib3) by extensions ['python_setup_py']
[1.821s] Level 1:colcon.colcon_core.package_identification:_identify(venv/lib/python3.12/site-packages/pip-26.1.1.dist-info/licenses/src/pip/_vendor/urllib3) by extension 'python_setup_py'
[1.821s] Level 1:colcon.colcon_core.package_identification:_identify(venv/lib/python3.12/site-packages/setuptools) by extensions ['ignore', 'ignore_ament_install']
[1.821s] Level 1:colcon.colcon_core.package_identification:_identify(venv/lib/python3.12/site-packages/setuptools) by extension 'ignore'
[1.821s] Level 1:colcon.colcon_core.package_identification:_identify(venv/lib/python3.12/site-packages/setuptools) by extension 'ignore_ament_install'
[1.821s] Level 1:colcon.colcon_core.package_identification:_identify(venv/lib/python3.12/site-packages/setuptools) by extensions ['colcon_pkg']
[1.821s] Level 1:colcon.colcon_core.package_identification:_identify(venv/lib/python3.12/site-packages/setuptools) by extension 'colcon_pkg'
[1.821s] Level 1:colcon.colcon_core.package_identification:_identify(venv/lib/python3.12/site-packages/setuptools) by extensions ['colcon_meta']
[1.821s] Level 1:colcon.colcon_core.package_identification:_identify(venv/lib/python3.12/site-packages/setuptools) by extension 'colcon_meta'
[1.822s] Level 1:colcon.colcon_core.package_identification:_identify(venv/lib/python3.12/site-packages/setuptools) by extensions ['ros']
[1.822s] Level 1:colcon.colcon_core.package_identification:_identify(venv/lib/python3.12/site-packages/setuptools) by extension 'ros'
[1.822s] Level 1:colcon.colcon_core.package_identification:_identify(venv/lib/python3.12/site-packages/setuptools) by extensions ['cmake', 'python']
[1.822s] Level 1:colcon.colcon_core.package_identification:_identify(venv/lib/python3.12/site-packages/setuptools) by extension 'cmake'
[1.822s] Level 1:colcon.colcon_core.package_identification:_identify(venv/lib/python3.12/site-packages/setuptools) by extension 'python'
[1.822s] Level 1:colcon.colcon_core.package_identification:_identify(venv/lib/python3.12/site-packages/setuptools) by extensions ['python_setup_py']
[1.822s] Level 1:colcon.colcon_core.package_identification:_identify(venv/lib/python3.12/site-packages/setuptools) by extension 'python_setup_py'
[1.822s] Level 1:colcon.colcon_core.package_identification:_identify(venv/lib/python3.12/site-packages/setuptools/__pycache__) by extensions ['ignore', 'ignore_ament_install']
[1.822s] Level 1:colcon.colcon_core.package_identification:_identify(venv/lib/python3.12/site-packages/setuptools/__pycache__) by extension 'ignore'
[1.822s] Level 1:colcon.colcon_core.package_identification:_identify(venv/lib/python3.12/site-packages/setuptools/__pycache__) by extension 'ignore_ament_install'
[1.822s] Level 1:colcon.colcon_core.package_identification:_identify(venv/lib/python3.12/site-packages/setuptools/__pycache__) by extensions ['colcon_pkg']
[1.822s] Level 1:colcon.colcon_core.package_identification:_identify(venv/lib/python3.12/site-packages/setuptools/__pycache__) by extension 'colcon_pkg'
[1.822s] Level 1:colcon.colcon_core.package_identification:_identify(venv/lib/python3.12/site-packages/setuptools/__pycache__) by extensions ['colcon_meta']
[1.822s] Level 1:colcon.colcon_core.package_identification:_identify(venv/lib/python3.12/site-packages/setuptools/__pycache__) by extension 'colcon_meta'
[1.822s] Level 1:colcon.colcon_core.package_identification:_identify(venv/lib/python3.12/site-packages/setuptools/__pycache__) by extensions ['ros']
[1.822s] Level 1:colcon.colcon_core.package_identification:_identify(venv/lib/python3.12/site-packages/setuptools/__pycache__) by extension 'ros'
[1.823s] Level 1:colcon.colcon_core.package_identification:_identify(venv/lib/python3.12/site-packages/setuptools/__pycache__) by extensions ['cmake', 'python']
[1.823s] Level 1:colcon.colcon_core.package_identification:_identify(venv/lib/python3.12/site-packages/setuptools/__pycache__) by extension 'cmake'
[1.823s] Level 1:colcon.colcon_core.package_identification:_identify(venv/lib/python3.12/site-packages/setuptools/__pycache__) by extension 'python'
[1.823s] Level 1:colcon.colcon_core.package_identification:_identify(venv/lib/python3.12/site-packages/setuptools/__pycache__) by extensions ['python_setup_py']
[1.823s] Level 1:colcon.colcon_core.package_identification:_identify(venv/lib/python3.12/site-packages/setuptools/__pycache__) by extension 'python_setup_py'
[1.823s] Level 1:colcon.colcon_core.package_identification:_identify(venv/lib/python3.12/site-packages/setuptools/_distutils) by extensions ['ignore', 'ignore_ament_install']
[1.823s] Level 1:colcon.colcon_core.package_identification:_identify(venv/lib/python3.12/site-packages/setuptools/_distutils) by extension 'ignore'
[1.823s] Level 1:colcon.colcon_core.package_identification:_identify(venv/lib/python3.12/site-packages/setuptools/_distutils) by extension 'ignore_ament_install'
[1.823s] Level 1:colcon.colcon_core.package_identification:_identify(venv/lib/python3.12/site-packages/setuptools/_distutils) by extensions ['colcon_pkg']
[1.823s] Level 1:colcon.colcon_core.package_identification:_identify(venv/lib/python3.12/site-packages/setuptools/_distutils) by extension 'colcon_pkg'
[1.823s] Level 1:colcon.colcon_core.package_identification:_identify(venv/lib/python3.12/site-packages/setuptools/_distutils) by extensions ['colcon_meta']
[1.823s] Level 1:colcon.colcon_core.package_identification:_identify(venv/lib/python3.12/site-packages/setuptools/_distutils) by extension 'colcon_meta'
[1.823s] Level 1:colcon.colcon_core.package_identification:_identify(venv/lib/python3.12/site-packages/setuptools/_distutils) by extensions ['ros']
[1.823s] Level 1:colcon.colcon_core.package_identification:_identify(venv/lib/python3.12/site-packages/setuptools/_distutils) by extension 'ros'
[1.823s] Level 1:colcon.colcon_core.package_identification:_identify(venv/lib/python3.12/site-packages/setuptools/_distutils) by extensions ['cmake', 'python']
[1.823s] Level 1:colcon.colcon_core.package_identification:_identify(venv/lib/python3.12/site-packages/setuptools/_distutils) by extension 'cmake'
[1.823s] Level 1:colcon.colcon_core.package_identification:_identify(venv/lib/python3.12/site-packages/setuptools/_distutils) by extension 'python'
[1.824s] Level 1:colcon.colcon_core.package_identification:_identify(venv/lib/python3.12/site-packages/setuptools/_distutils) by extensions ['python_setup_py']
[1.824s] Level 1:colcon.colcon_core.package_identification:_identify(venv/lib/python3.12/site-packages/setuptools/_distutils) by extension 'python_setup_py'
[1.824s] Level 1:colcon.colcon_core.package_identification:_identify(venv/lib/python3.12/site-packages/setuptools/_distutils/__pycache__) by extensions ['ignore', 'ignore_ament_install']
[1.824s] Level 1:colcon.colcon_core.package_identification:_identify(venv/lib/python3.12/site-packages/setuptools/_distutils/__pycache__) by extension 'ignore'
[1.824s] Level 1:colcon.colcon_core.package_identification:_identify(venv/lib/python3.12/site-packages/setuptools/_distutils/__pycache__) by extension 'ignore_ament_install'
[1.824s] Level 1:colcon.colcon_core.package_identification:_identify(venv/lib/python3.12/site-packages/setuptools/_distutils/__pycache__) by extensions ['colcon_pkg']
[1.824s] Level 1:colcon.colcon_core.package_identification:_identify(venv/lib/python3.12/site-packages/setuptools/_distutils/__pycache__) by extension 'colcon_pkg'
[1.824s] Level 1:colcon.colcon_core.package_identification:_identify(venv/lib/python3.12/site-packages/setuptools/_distutils/__pycache__) by extensions ['colcon_meta']
[1.824s] Level 1:colcon.colcon_core.package_identification:_identify(venv/lib/python3.12/site-packages/setuptools/_distutils/__pycache__) by extension 'colcon_meta'
[1.824s] Level 1:colcon.colcon_core.package_identification:_identify(venv/lib/python3.12/site-packages/setuptools/_distutils/__pycache__) by extensions ['ros']
[1.824s] Level 1:colcon.colcon_core.package_identification:_identify(venv/lib/python3.12/site-packages/setuptools/_distutils/__pycache__) by extension 'ros'
[1.824s] Level 1:colcon.colcon_core.package_identification:_identify(venv/lib/python3.12/site-packages/setuptools/_distutils/__pycache__) by extensions ['cmake', 'python']
[1.824s] Level 1:colcon.colcon_core.package_identification:_identify(venv/lib/python3.12/site-packages/setuptools/_distutils/__pycache__) by extension 'cmake'
[1.824s] Level 1:colcon.colcon_core.package_identification:_identify(venv/lib/python3.12/site-packages/setuptools/_distutils/__pycache__) by extension 'python'
[1.824s] Level 1:colcon.colcon_core.package_identification:_identify(venv/lib/python3.12/site-packages/setuptools/_distutils/__pycache__) by extensions ['python_setup_py']
[1.824s] Level 1:colcon.colcon_core.package_identification:_identify(venv/lib/python3.12/site-packages/setuptools/_distutils/__pycache__) by extension 'python_setup_py'
[1.825s] Level 1:colcon.colcon_core.package_identification:_identify(venv/lib/python3.12/site-packages/setuptools/_distutils/command) by extensions ['ignore', 'ignore_ament_install']
[1.825s] Level 1:colcon.colcon_core.package_identification:_identify(venv/lib/python3.12/site-packages/setuptools/_distutils/command) by extension 'ignore'
[1.825s] Level 1:colcon.colcon_core.package_identification:_identify(venv/lib/python3.12/site-packages/setuptools/_distutils/command) by extension 'ignore_ament_install'
[1.825s] Level 1:colcon.colcon_core.package_identification:_identify(venv/lib/python3.12/site-packages/setuptools/_distutils/command) by extensions ['colcon_pkg']
[1.825s] Level 1:colcon.colcon_core.package_identification:_identify(venv/lib/python3.12/site-packages/setuptools/_distutils/command) by extension 'colcon_pkg'
[1.825s] Level 1:colcon.colcon_core.package_identification:_identify(venv/lib/python3.12/site-packages/setuptools/_distutils/command) by extensions ['colcon_meta']
[1.825s] Level 1:colcon.colcon_core.package_identification:_identify(venv/lib/python3.12/site-packages/setuptools/_distutils/command) by extension 'colcon_meta'
[1.825s] Level 1:colcon.colcon_core.package_identification:_identify(venv/lib/python3.12/site-packages/setuptools/_distutils/command) by extensions ['ros']
[1.825s] Level 1:colcon.colcon_core.package_identification:_identify(venv/lib/python3.12/site-packages/setuptools/_distutils/command) by extension 'ros'
[1.825s] Level 1:colcon.colcon_core.package_identification:_identify(venv/lib/python3.12/site-packages/setuptools/_distutils/command) by extensions ['cmake', 'python']
[1.825s] Level 1:colcon.colcon_core.package_identification:_identify(venv/lib/python3.12/site-packages/setuptools/_distutils/command) by extension 'cmake'
[1.825s] Level 1:colcon.colcon_core.package_identification:_identify(venv/lib/python3.12/site-packages/setuptools/_distutils/command) by extension 'python'
[1.825s] Level 1:colcon.colcon_core.package_identification:_identify(venv/lib/python3.12/site-packages/setuptools/_distutils/command) by extensions ['python_setup_py']
[1.825s] Level 1:colcon.colcon_core.package_identification:_identify(venv/lib/python3.12/site-packages/setuptools/_distutils/command) by extension 'python_setup_py'
[1.825s] Level 1:colcon.colcon_core.package_identification:_identify(venv/lib/python3.12/site-packages/setuptools/_distutils/command/__pycache__) by extensions ['ignore', 'ignore_ament_install']
[1.826s] Level 1:colcon.colcon_core.package_identification:_identify(venv/lib/python3.12/site-packages/setuptools/_distutils/command/__pycache__) by extension 'ignore'
[1.826s] Level 1:colcon.colcon_core.package_identification:_identify(venv/lib/python3.12/site-packages/setuptools/_distutils/command/__pycache__) by extension 'ignore_ament_install'
[1.826s] Level 1:colcon.colcon_core.package_identification:_identify(venv/lib/python3.12/site-packages/setuptools/_distutils/command/__pycache__) by extensions ['colcon_pkg']
[1.826s] Level 1:colcon.colcon_core.package_identification:_identify(venv/lib/python3.12/site-packages/setuptools/_distutils/command/__pycache__) by extension 'colcon_pkg'
[1.826s] Level 1:colcon.colcon_core.package_identification:_identify(venv/lib/python3.12/site-packages/setuptools/_distutils/command/__pycache__) by extensions ['colcon_meta']
[1.826s] Level 1:colcon.colcon_core.package_identification:_identify(venv/lib/python3.12/site-packages/setuptools/_distutils/command/__pycache__) by extension 'colcon_meta'
[1.826s] Level 1:colcon.colcon_core.package_identification:_identify(venv/lib/python3.12/site-packages/setuptools/_distutils/command/__pycache__) by extensions ['ros']
[1.826s] Level 1:colcon.colcon_core.package_identification:_identify(venv/lib/python3.12/site-packages/setuptools/_distutils/command/__pycache__) by extension 'ros'
[1.826s] Level 1:colcon.colcon_core.package_identification:_identify(venv/lib/python3.12/site-packages/setuptools/_distutils/command/__pycache__) by extensions ['cmake', 'python']
[1.826s] Level 1:colcon.colcon_core.package_identification:_identify(venv/lib/python3.12/site-packages/setuptools/_distutils/command/__pycache__) by extension 'cmake'
[1.826s] Level 1:colcon.colcon_core.package_identification:_identify(venv/lib/python3.12/site-packages/setuptools/_distutils/command/__pycache__) by extension 'python'
[1.826s] Level 1:colcon.colcon_core.package_identification:_identify(venv/lib/python3.12/site-packages/setuptools/_distutils/command/__pycache__) by extensions ['python_setup_py']
[1.826s] Level 1:colcon.colcon_core.package_identification:_identify(venv/lib/python3.12/site-packages/setuptools/_distutils/command/__pycache__) by extension 'python_setup_py'
[1.826s] Level 1:colcon.colcon_core.package_identification:_identify(venv/lib/python3.12/site-packages/setuptools/_distutils/compat) by extensions ['ignore', 'ignore_ament_install']
[1.826s] Level 1:colcon.colcon_core.package_identification:_identify(venv/lib/python3.12/site-packages/setuptools/_distutils/compat) by extension 'ignore'
[1.826s] Level 1:colcon.colcon_core.package_identification:_identify(venv/lib/python3.12/site-packages/setuptools/_distutils/compat) by extension 'ignore_ament_install'
[1.827s] Level 1:colcon.colcon_core.package_identification:_identify(venv/lib/python3.12/site-packages/setuptools/_distutils/compat) by extensions ['colcon_pkg']
[1.827s] Level 1:colcon.colcon_core.package_identification:_identify(venv/lib/python3.12/site-packages/setuptools/_distutils/compat) by extension 'colcon_pkg'
[1.827s] Level 1:colcon.colcon_core.package_identification:_identify(venv/lib/python3.12/site-packages/setuptools/_distutils/compat) by extensions ['colcon_meta']
[1.827s] Level 1:colcon.colcon_core.package_identification:_identify(venv/lib/python3.12/site-packages/setuptools/_distutils/compat) by extension 'colcon_meta'
[1.827s] Level 1:colcon.colcon_core.package_identification:_identify(venv/lib/python3.12/site-packages/setuptools/_distutils/compat) by extensions ['ros']
[1.827s] Level 1:colcon.colcon_core.package_identification:_identify(venv/lib/python3.12/site-packages/setuptools/_distutils/compat) by extension 'ros'
[1.827s] Level 1:colcon.colcon_core.package_identification:_identify(venv/lib/python3.12/site-packages/setuptools/_distutils/compat) by extensions ['cmake', 'python']
[1.827s] Level 1:colcon.colcon_core.package_identification:_identify(venv/lib/python3.12/site-packages/setuptools/_distutils/compat) by extension 'cmake'
[1.827s] Level 1:colcon.colcon_core.package_identification:_identify(venv/lib/python3.12/site-packages/setuptools/_distutils/compat) by extension 'python'
[1.827s] Level 1:colcon.colcon_core.package_identification:_identify(venv/lib/python3.12/site-packages/setuptools/_distutils/compat) by extensions ['python_setup_py']
[1.827s] Level 1:colcon.colcon_core.package_identification:_identify(venv/lib/python3.12/site-packages/setuptools/_distutils/compat) by extension 'python_setup_py'
[1.827s] Level 1:colcon.colcon_core.package_identification:_identify(venv/lib/python3.12/site-packages/setuptools/_distutils/compat/__pycache__) by extensions ['ignore', 'ignore_ament_install']
[1.827s] Level 1:colcon.colcon_core.package_identification:_identify(venv/lib/python3.12/site-packages/setuptools/_distutils/compat/__pycache__) by extension 'ignore'
[1.827s] Level 1:colcon.colcon_core.package_identification:_identify(venv/lib/python3.12/site-packages/setuptools/_distutils/compat/__pycache__) by extension 'ignore_ament_install'
[1.827s] Level 1:colcon.colcon_core.package_identification:_identify(venv/lib/python3.12/site-packages/setuptools/_distutils/compat/__pycache__) by extensions ['colcon_pkg']
[1.827s] Level 1:colcon.colcon_core.package_identification:_identify(venv/lib/python3.12/site-packages/setuptools/_distutils/compat/__pycache__) by extension 'colcon_pkg'
[1.827s] Level 1:colcon.colcon_core.package_identification:_identify(venv/lib/python3.12/site-packages/setuptools/_distutils/compat/__pycache__) by extensions ['colcon_meta']
[1.828s] Level 1:colcon.colcon_core.package_identification:_identify(venv/lib/python3.12/site-packages/setuptools/_distutils/compat/__pycache__) by extension 'colcon_meta'
[1.828s] Level 1:colcon.colcon_core.package_identification:_identify(venv/lib/python3.12/site-packages/setuptools/_distutils/compat/__pycache__) by extensions ['ros']
[1.828s] Level 1:colcon.colcon_core.package_identification:_identify(venv/lib/python3.12/site-packages/setuptools/_distutils/compat/__pycache__) by extension 'ros'
[1.828s] Level 1:colcon.colcon_core.package_identification:_identify(venv/lib/python3.12/site-packages/setuptools/_distutils/compat/__pycache__) by extensions ['cmake', 'python']
[1.828s] Level 1:colcon.colcon_core.package_identification:_identify(venv/lib/python3.12/site-packages/setuptools/_distutils/compat/__pycache__) by extension 'cmake'
[1.828s] Level 1:colcon.colcon_core.package_identification:_identify(venv/lib/python3.12/site-packages/setuptools/_distutils/compat/__pycache__) by extension 'python'
[1.828s] Level 1:colcon.colcon_core.package_identification:_identify(venv/lib/python3.12/site-packages/setuptools/_distutils/compat/__pycache__) by extensions ['python_setup_py']
[1.828s] Level 1:colcon.colcon_core.package_identification:_identify(venv/lib/python3.12/site-packages/setuptools/_distutils/compat/__pycache__) by extension 'python_setup_py'
[1.828s] Level 1:colcon.colcon_core.package_identification:_identify(venv/lib/python3.12/site-packages/setuptools/_distutils/compilers) by extensions ['ignore', 'ignore_ament_install']
[1.828s] Level 1:colcon.colcon_core.package_identification:_identify(venv/lib/python3.12/site-packages/setuptools/_distutils/compilers) by extension 'ignore'
[1.828s] Level 1:colcon.colcon_core.package_identification:_identify(venv/lib/python3.12/site-packages/setuptools/_distutils/compilers) by extension 'ignore_ament_install'
[1.828s] Level 1:colcon.colcon_core.package_identification:_identify(venv/lib/python3.12/site-packages/setuptools/_distutils/compilers) by extensions ['colcon_pkg']
[1.828s] Level 1:colcon.colcon_core.package_identification:_identify(venv/lib/python3.12/site-packages/setuptools/_distutils/compilers) by extension 'colcon_pkg'
[1.828s] Level 1:colcon.colcon_core.package_identification:_identify(venv/lib/python3.12/site-packages/setuptools/_distutils/compilers) by extensions ['colcon_meta']
[1.828s] Level 1:colcon.colcon_core.package_identification:_identify(venv/lib/python3.12/site-packages/setuptools/_distutils/compilers) by extension 'colcon_meta'
[1.828s] Level 1:colcon.colcon_core.package_identification:_identify(venv/lib/python3.12/site-packages/setuptools/_distutils/compilers) by extensions ['ros']
[1.828s] Level 1:colcon.colcon_core.package_identification:_identify(venv/lib/python3.12/site-packages/setuptools/_distutils/compilers) by extension 'ros'
[1.829s] Level 1:colcon.colcon_core.package_identification:_identify(venv/lib/python3.12/site-packages/setuptools/_distutils/compilers) by extensions ['cmake', 'python']
[1.829s] Level 1:colcon.colcon_core.package_identification:_identify(venv/lib/python3.12/site-packages/setuptools/_distutils/compilers) by extension 'cmake'
[1.829s] Level 1:colcon.colcon_core.package_identification:_identify(venv/lib/python3.12/site-packages/setuptools/_distutils/compilers) by extension 'python'
[1.829s] Level 1:colcon.colcon_core.package_identification:_identify(venv/lib/python3.12/site-packages/setuptools/_distutils/compilers) by extensions ['python_setup_py']
[1.829s] Level 1:colcon.colcon_core.package_identification:_identify(venv/lib/python3.12/site-packages/setuptools/_distutils/compilers) by extension 'python_setup_py'
[1.829s] Level 1:colcon.colcon_core.package_identification:_identify(venv/lib/python3.12/site-packages/setuptools/_distutils/compilers/C) by extensions ['ignore', 'ignore_ament_install']
[1.829s] Level 1:colcon.colcon_core.package_identification:_identify(venv/lib/python3.12/site-packages/setuptools/_distutils/compilers/C) by extension 'ignore'
[1.829s] Level 1:colcon.colcon_core.package_identification:_identify(venv/lib/python3.12/site-packages/setuptools/_distutils/compilers/C) by extension 'ignore_ament_install'
[1.829s] Level 1:colcon.colcon_core.package_identification:_identify(venv/lib/python3.12/site-packages/setuptools/_distutils/compilers/C) by extensions ['colcon_pkg']
[1.829s] Level 1:colcon.colcon_core.package_identification:_identify(venv/lib/python3.12/site-packages/setuptools/_distutils/compilers/C) by extension 'colcon_pkg'
[1.829s] Level 1:colcon.colcon_core.package_identification:_identify(venv/lib/python3.12/site-packages/setuptools/_distutils/compilers/C) by extensions ['colcon_meta']
[1.829s] Level 1:colcon.colcon_core.package_identification:_identify(venv/lib/python3.12/site-packages/setuptools/_distutils/compilers/C) by extension 'colcon_meta'
[1.829s] Level 1:colcon.colcon_core.package_identification:_identify(venv/lib/python3.12/site-packages/setuptools/_distutils/compilers/C) by extensions ['ros']
[1.829s] Level 1:colcon.colcon_core.package_identification:_identify(venv/lib/python3.12/site-packages/setuptools/_distutils/compilers/C) by extension 'ros'
[1.829s] Level 1:colcon.colcon_core.package_identification:_identify(venv/lib/python3.12/site-packages/setuptools/_distutils/compilers/C) by extensions ['cmake', 'python']
[1.829s] Level 1:colcon.colcon_core.package_identification:_identify(venv/lib/python3.12/site-packages/setuptools/_distutils/compilers/C) by extension 'cmake'
[1.830s] Level 1:colcon.colcon_core.package_identification:_identify(venv/lib/python3.12/site-packages/setuptools/_distutils/compilers/C) by extension 'python'
[1.830s] Level 1:colcon.colcon_core.package_identification:_identify(venv/lib/python3.12/site-packages/setuptools/_distutils/compilers/C) by extensions ['python_setup_py']
[1.830s] Level 1:colcon.colcon_core.package_identification:_identify(venv/lib/python3.12/site-packages/setuptools/_distutils/compilers/C) by extension 'python_setup_py'
[1.830s] Level 1:colcon.colcon_core.package_identification:_identify(venv/lib/python3.12/site-packages/setuptools/_distutils/compilers/C/__pycache__) by extensions ['ignore', 'ignore_ament_install']
[1.830s] Level 1:colcon.colcon_core.package_identification:_identify(venv/lib/python3.12/site-packages/setuptools/_distutils/compilers/C/__pycache__) by extension 'ignore'
[1.830s] Level 1:colcon.colcon_core.package_identification:_identify(venv/lib/python3.12/site-packages/setuptools/_distutils/compilers/C/__pycache__) by extension 'ignore_ament_install'
[1.830s] Level 1:colcon.colcon_core.package_identification:_identify(venv/lib/python3.12/site-packages/setuptools/_distutils/compilers/C/__pycache__) by extensions ['colcon_pkg']
[1.830s] Level 1:colcon.colcon_core.package_identification:_identify(venv/lib/python3.12/site-packages/setuptools/_distutils/compilers/C/__pycache__) by extension 'colcon_pkg'
[1.830s] Level 1:colcon.colcon_core.package_identification:_identify(venv/lib/python3.12/site-packages/setuptools/_distutils/compilers/C/__pycache__) by extensions ['colcon_meta']
[1.830s] Level 1:colcon.colcon_core.package_identification:_identify(venv/lib/python3.12/site-packages/setuptools/_distutils/compilers/C/__pycache__) by extension 'colcon_meta'
[1.830s] Level 1:colcon.colcon_core.package_identification:_identify(venv/lib/python3.12/site-packages/setuptools/_distutils/compilers/C/__pycache__) by extensions ['ros']
[1.830s] Level 1:colcon.colcon_core.package_identification:_identify(venv/lib/python3.12/site-packages/setuptools/_distutils/compilers/C/__pycache__) by extension 'ros'
[1.830s] Level 1:colcon.colcon_core.package_identification:_identify(venv/lib/python3.12/site-packages/setuptools/_distutils/compilers/C/__pycache__) by extensions ['cmake', 'python']
[1.830s] Level 1:colcon.colcon_core.package_identification:_identify(venv/lib/python3.12/site-packages/setuptools/_distutils/compilers/C/__pycache__) by extension 'cmake'
[1.830s] Level 1:colcon.colcon_core.package_identification:_identify(venv/lib/python3.12/site-packages/setuptools/_distutils/compilers/C/__pycache__) by extension 'python'
[1.830s] Level 1:colcon.colcon_core.package_identification:_identify(venv/lib/python3.12/site-packages/setuptools/_distutils/compilers/C/__pycache__) by extensions ['python_setup_py']
[1.830s] Level 1:colcon.colcon_core.package_identification:_identify(venv/lib/python3.12/site-packages/setuptools/_distutils/compilers/C/__pycache__) by extension 'python_setup_py'
[1.831s] Level 1:colcon.colcon_core.package_identification:_identify(venv/lib/python3.12/site-packages/setuptools/_distutils/compilers/C/tests) by extensions ['ignore', 'ignore_ament_install']
[1.831s] Level 1:colcon.colcon_core.package_identification:_identify(venv/lib/python3.12/site-packages/setuptools/_distutils/compilers/C/tests) by extension 'ignore'
[1.831s] Level 1:colcon.colcon_core.package_identification:_identify(venv/lib/python3.12/site-packages/setuptools/_distutils/compilers/C/tests) by extension 'ignore_ament_install'
[1.831s] Level 1:colcon.colcon_core.package_identification:_identify(venv/lib/python3.12/site-packages/setuptools/_distutils/compilers/C/tests) by extensions ['colcon_pkg']
[1.831s] Level 1:colcon.colcon_core.package_identification:_identify(venv/lib/python3.12/site-packages/setuptools/_distutils/compilers/C/tests) by extension 'colcon_pkg'
[1.831s] Level 1:colcon.colcon_core.package_identification:_identify(venv/lib/python3.12/site-packages/setuptools/_distutils/compilers/C/tests) by extensions ['colcon_meta']
[1.831s] Level 1:colcon.colcon_core.package_identification:_identify(venv/lib/python3.12/site-packages/setuptools/_distutils/compilers/C/tests) by extension 'colcon_meta'
[1.831s] Level 1:colcon.colcon_core.package_identification:_identify(venv/lib/python3.12/site-packages/setuptools/_distutils/compilers/C/tests) by extensions ['ros']
[1.831s] Level 1:colcon.colcon_core.package_identification:_identify(venv/lib/python3.12/site-packages/setuptools/_distutils/compilers/C/tests) by extension 'ros'
[1.831s] Level 1:colcon.colcon_core.package_identification:_identify(venv/lib/python3.12/site-packages/setuptools/_distutils/compilers/C/tests) by extensions ['cmake', 'python']
[1.831s] Level 1:colcon.colcon_core.package_identification:_identify(venv/lib/python3.12/site-packages/setuptools/_distutils/compilers/C/tests) by extension 'cmake'
[1.831s] Level 1:colcon.colcon_core.package_identification:_identify(venv/lib/python3.12/site-packages/setuptools/_distutils/compilers/C/tests) by extension 'python'
[1.831s] Level 1:colcon.colcon_core.package_identification:_identify(venv/lib/python3.12/site-packages/setuptools/_distutils/compilers/C/tests) by extensions ['python_setup_py']
[1.831s] Level 1:colcon.colcon_core.package_identification:_identify(venv/lib/python3.12/site-packages/setuptools/_distutils/compilers/C/tests) by extension 'python_setup_py'
[1.832s] Level 1:colcon.colcon_core.package_identification:_identify(venv/lib/python3.12/site-packages/setuptools/_distutils/compilers/C/tests/__pycache__) by extensions ['ignore', 'ignore_ament_install']
[1.832s] Level 1:colcon.colcon_core.package_identification:_identify(venv/lib/python3.12/site-packages/setuptools/_distutils/compilers/C/tests/__pycache__) by extension 'ignore'
[1.832s] Level 1:colcon.colcon_core.package_identification:_identify(venv/lib/python3.12/site-packages/setuptools/_distutils/compilers/C/tests/__pycache__) by extension 'ignore_ament_install'
[1.832s] Level 1:colcon.colcon_core.package_identification:_identify(venv/lib/python3.12/site-packages/setuptools/_distutils/compilers/C/tests/__pycache__) by extensions ['colcon_pkg']
[1.832s] Level 1:colcon.colcon_core.package_identification:_identify(venv/lib/python3.12/site-packages/setuptools/_distutils/compilers/C/tests/__pycache__) by extension 'colcon_pkg'
[1.832s] Level 1:colcon.colcon_core.package_identification:_identify(venv/lib/python3.12/site-packages/setuptools/_distutils/compilers/C/tests/__pycache__) by extensions ['colcon_meta']
[1.832s] Level 1:colcon.colcon_core.package_identification:_identify(venv/lib/python3.12/site-packages/setuptools/_distutils/compilers/C/tests/__pycache__) by extension 'colcon_meta'
[1.832s] Level 1:colcon.colcon_core.package_identification:_identify(venv/lib/python3.12/site-packages/setuptools/_distutils/compilers/C/tests/__pycache__) by extensions ['ros']
[1.832s] Level 1:colcon.colcon_core.package_identification:_identify(venv/lib/python3.12/site-packages/setuptools/_distutils/compilers/C/tests/__pycache__) by extension 'ros'
[1.832s] Level 1:colcon.colcon_core.package_identification:_identify(venv/lib/python3.12/site-packages/setuptools/_distutils/compilers/C/tests/__pycache__) by extensions ['cmake', 'python']
[1.832s] Level 1:colcon.colcon_core.package_identification:_identify(venv/lib/python3.12/site-packages/setuptools/_distutils/compilers/C/tests/__pycache__) by extension 'cmake'
[1.832s] Level 1:colcon.colcon_core.package_identification:_identify(venv/lib/python3.12/site-packages/setuptools/_distutils/compilers/C/tests/__pycache__) by extension 'python'
[1.832s] Level 1:colcon.colcon_core.package_identification:_identify(venv/lib/python3.12/site-packages/setuptools/_distutils/compilers/C/tests/__pycache__) by extensions ['python_setup_py']
[1.832s] Level 1:colcon.colcon_core.package_identification:_identify(venv/lib/python3.12/site-packages/setuptools/_distutils/compilers/C/tests/__pycache__) by extension 'python_setup_py'
[1.832s] Level 1:colcon.colcon_core.package_identification:_identify(venv/lib/python3.12/site-packages/setuptools/_distutils/tests) by extensions ['ignore', 'ignore_ament_install']
[1.833s] Level 1:colcon.colcon_core.package_identification:_identify(venv/lib/python3.12/site-packages/setuptools/_distutils/tests) by extension 'ignore'
[1.833s] Level 1:colcon.colcon_core.package_identification:_identify(venv/lib/python3.12/site-packages/setuptools/_distutils/tests) by extension 'ignore_ament_install'
[1.833s] Level 1:colcon.colcon_core.package_identification:_identify(venv/lib/python3.12/site-packages/setuptools/_distutils/tests) by extensions ['colcon_pkg']
[1.833s] Level 1:colcon.colcon_core.package_identification:_identify(venv/lib/python3.12/site-packages/setuptools/_distutils/tests) by extension 'colcon_pkg'
[1.833s] Level 1:colcon.colcon_core.package_identification:_identify(venv/lib/python3.12/site-packages/setuptools/_distutils/tests) by extensions ['colcon_meta']
[1.833s] Level 1:colcon.colcon_core.package_identification:_identify(venv/lib/python3.12/site-packages/setuptools/_distutils/tests) by extension 'colcon_meta'
[1.833s] Level 1:colcon.colcon_core.package_identification:_identify(venv/lib/python3.12/site-packages/setuptools/_distutils/tests) by extensions ['ros']
[1.833s] Level 1:colcon.colcon_core.package_identification:_identify(venv/lib/python3.12/site-packages/setuptools/_distutils/tests) by extension 'ros'
[1.833s] Level 1:colcon.colcon_core.package_identification:_identify(venv/lib/python3.12/site-packages/setuptools/_distutils/tests) by extensions ['cmake', 'python']
[1.833s] Level 1:colcon.colcon_core.package_identification:_identify(venv/lib/python3.12/site-packages/setuptools/_distutils/tests) by extension 'cmake'
[1.833s] Level 1:colcon.colcon_core.package_identification:_identify(venv/lib/python3.12/site-packages/setuptools/_distutils/tests) by extension 'python'
[1.833s] Level 1:colcon.colcon_core.package_identification:_identify(venv/lib/python3.12/site-packages/setuptools/_distutils/tests) by extensions ['python_setup_py']
[1.833s] Level 1:colcon.colcon_core.package_identification:_identify(venv/lib/python3.12/site-packages/setuptools/_distutils/tests) by extension 'python_setup_py'
[1.833s] Level 1:colcon.colcon_core.package_identification:_identify(venv/lib/python3.12/site-packages/setuptools/_distutils/tests/__pycache__) by extensions ['ignore', 'ignore_ament_install']
[1.833s] Level 1:colcon.colcon_core.package_identification:_identify(venv/lib/python3.12/site-packages/setuptools/_distutils/tests/__pycache__) by extension 'ignore'
[1.834s] Level 1:colcon.colcon_core.package_identification:_identify(venv/lib/python3.12/site-packages/setuptools/_distutils/tests/__pycache__) by extension 'ignore_ament_install'
[1.834s] Level 1:colcon.colcon_core.package_identification:_identify(venv/lib/python3.12/site-packages/setuptools/_distutils/tests/__pycache__) by extensions ['colcon_pkg']
[1.834s] Level 1:colcon.colcon_core.package_identification:_identify(venv/lib/python3.12/site-packages/setuptools/_distutils/tests/__pycache__) by extension 'colcon_pkg'
[1.834s] Level 1:colcon.colcon_core.package_identification:_identify(venv/lib/python3.12/site-packages/setuptools/_distutils/tests/__pycache__) by extensions ['colcon_meta']
[1.834s] Level 1:colcon.colcon_core.package_identification:_identify(venv/lib/python3.12/site-packages/setuptools/_distutils/tests/__pycache__) by extension 'colcon_meta'
[1.834s] Level 1:colcon.colcon_core.package_identification:_identify(venv/lib/python3.12/site-packages/setuptools/_distutils/tests/__pycache__) by extensions ['ros']
[1.834s] Level 1:colcon.colcon_core.package_identification:_identify(venv/lib/python3.12/site-packages/setuptools/_distutils/tests/__pycache__) by extension 'ros'
[1.834s] Level 1:colcon.colcon_core.package_identification:_identify(venv/lib/python3.12/site-packages/setuptools/_distutils/tests/__pycache__) by extensions ['cmake', 'python']
[1.834s] Level 1:colcon.colcon_core.package_identification:_identify(venv/lib/python3.12/site-packages/setuptools/_distutils/tests/__pycache__) by extension 'cmake'
[1.834s] Level 1:colcon.colcon_core.package_identification:_identify(venv/lib/python3.12/site-packages/setuptools/_distutils/tests/__pycache__) by extension 'python'
[1.834s] Level 1:colcon.colcon_core.package_identification:_identify(venv/lib/python3.12/site-packages/setuptools/_distutils/tests/__pycache__) by extensions ['python_setup_py']
[1.834s] Level 1:colcon.colcon_core.package_identification:_identify(venv/lib/python3.12/site-packages/setuptools/_distutils/tests/__pycache__) by extension 'python_setup_py'
[1.834s] Level 1:colcon.colcon_core.package_identification:_identify(venv/lib/python3.12/site-packages/setuptools/_distutils/tests/compat) by extensions ['ignore', 'ignore_ament_install']
[1.834s] Level 1:colcon.colcon_core.package_identification:_identify(venv/lib/python3.12/site-packages/setuptools/_distutils/tests/compat) by extension 'ignore'
[1.834s] Level 1:colcon.colcon_core.package_identification:_identify(venv/lib/python3.12/site-packages/setuptools/_distutils/tests/compat) by extension 'ignore_ament_install'
[1.834s] Level 1:colcon.colcon_core.package_identification:_identify(venv/lib/python3.12/site-packages/setuptools/_distutils/tests/compat) by extensions ['colcon_pkg']
[1.834s] Level 1:colcon.colcon_core.package_identification:_identify(venv/lib/python3.12/site-packages/setuptools/_distutils/tests/compat) by extension 'colcon_pkg'
[1.835s] Level 1:colcon.colcon_core.package_identification:_identify(venv/lib/python3.12/site-packages/setuptools/_distutils/tests/compat) by extensions ['colcon_meta']
[1.835s] Level 1:colcon.colcon_core.package_identification:_identify(venv/lib/python3.12/site-packages/setuptools/_distutils/tests/compat) by extension 'colcon_meta'
[1.835s] Level 1:colcon.colcon_core.package_identification:_identify(venv/lib/python3.12/site-packages/setuptools/_distutils/tests/compat) by extensions ['ros']
[1.835s] Level 1:colcon.colcon_core.package_identification:_identify(venv/lib/python3.12/site-packages/setuptools/_distutils/tests/compat) by extension 'ros'
[1.835s] Level 1:colcon.colcon_core.package_identification:_identify(venv/lib/python3.12/site-packages/setuptools/_distutils/tests/compat) by extensions ['cmake', 'python']
[1.835s] Level 1:colcon.colcon_core.package_identification:_identify(venv/lib/python3.12/site-packages/setuptools/_distutils/tests/compat) by extension 'cmake'
[1.835s] Level 1:colcon.colcon_core.package_identification:_identify(venv/lib/python3.12/site-packages/setuptools/_distutils/tests/compat) by extension 'python'
[1.835s] Level 1:colcon.colcon_core.package_identification:_identify(venv/lib/python3.12/site-packages/setuptools/_distutils/tests/compat) by extensions ['python_setup_py']
[1.835s] Level 1:colcon.colcon_core.package_identification:_identify(venv/lib/python3.12/site-packages/setuptools/_distutils/tests/compat) by extension 'python_setup_py'
[1.835s] Level 1:colcon.colcon_core.package_identification:_identify(venv/lib/python3.12/site-packages/setuptools/_distutils/tests/compat/__pycache__) by extensions ['ignore', 'ignore_ament_install']
[1.835s] Level 1:colcon.colcon_core.package_identification:_identify(venv/lib/python3.12/site-packages/setuptools/_distutils/tests/compat/__pycache__) by extension 'ignore'
[1.835s] Level 1:colcon.colcon_core.package_identification:_identify(venv/lib/python3.12/site-packages/setuptools/_distutils/tests/compat/__pycache__) by extension 'ignore_ament_install'
[1.835s] Level 1:colcon.colcon_core.package_identification:_identify(venv/lib/python3.12/site-packages/setuptools/_distutils/tests/compat/__pycache__) by extensions ['colcon_pkg']
[1.835s] Level 1:colcon.colcon_core.package_identification:_identify(venv/lib/python3.12/site-packages/setuptools/_distutils/tests/compat/__pycache__) by extension 'colcon_pkg'
[1.835s] Level 1:colcon.colcon_core.package_identification:_identify(venv/lib/python3.12/site-packages/setuptools/_distutils/tests/compat/__pycache__) by extensions ['colcon_meta']
[1.835s] Level 1:colcon.colcon_core.package_identification:_identify(venv/lib/python3.12/site-packages/setuptools/_distutils/tests/compat/__pycache__) by extension 'colcon_meta'
[1.835s] Level 1:colcon.colcon_core.package_identification:_identify(venv/lib/python3.12/site-packages/setuptools/_distutils/tests/compat/__pycache__) by extensions ['ros']
[1.836s] Level 1:colcon.colcon_core.package_identification:_identify(venv/lib/python3.12/site-packages/setuptools/_distutils/tests/compat/__pycache__) by extension 'ros'
[1.836s] Level 1:colcon.colcon_core.package_identification:_identify(venv/lib/python3.12/site-packages/setuptools/_distutils/tests/compat/__pycache__) by extensions ['cmake', 'python']
[1.836s] Level 1:colcon.colcon_core.package_identification:_identify(venv/lib/python3.12/site-packages/setuptools/_distutils/tests/compat/__pycache__) by extension 'cmake'
[1.836s] Level 1:colcon.colcon_core.package_identification:_identify(venv/lib/python3.12/site-packages/setuptools/_distutils/tests/compat/__pycache__) by extension 'python'
[1.836s] Level 1:colcon.colcon_core.package_identification:_identify(venv/lib/python3.12/site-packages/setuptools/_distutils/tests/compat/__pycache__) by extensions ['python_setup_py']
[1.836s] Level 1:colcon.colcon_core.package_identification:_identify(venv/lib/python3.12/site-packages/setuptools/_distutils/tests/compat/__pycache__) by extension 'python_setup_py'
[1.836s] Level 1:colcon.colcon_core.package_identification:_identify(venv/lib/python3.12/site-packages/setuptools/_vendor) by extensions ['ignore', 'ignore_ament_install']
[1.836s] Level 1:colcon.colcon_core.package_identification:_identify(venv/lib/python3.12/site-packages/setuptools/_vendor) by extension 'ignore'
[1.836s] Level 1:colcon.colcon_core.package_identification:_identify(venv/lib/python3.12/site-packages/setuptools/_vendor) by extension 'ignore_ament_install'
[1.836s] Level 1:colcon.colcon_core.package_identification:_identify(venv/lib/python3.12/site-packages/setuptools/_vendor) by extensions ['colcon_pkg']
[1.836s] Level 1:colcon.colcon_core.package_identification:_identify(venv/lib/python3.12/site-packages/setuptools/_vendor) by extension 'colcon_pkg'
[1.836s] Level 1:colcon.colcon_core.package_identification:_identify(venv/lib/python3.12/site-packages/setuptools/_vendor) by extensions ['colcon_meta']
[1.836s] Level 1:colcon.colcon_core.package_identification:_identify(venv/lib/python3.12/site-packages/setuptools/_vendor) by extension 'colcon_meta'
[1.836s] Level 1:colcon.colcon_core.package_identification:_identify(venv/lib/python3.12/site-packages/setuptools/_vendor) by extensions ['ros']
[1.836s] Level 1:colcon.colcon_core.package_identification:_identify(venv/lib/python3.12/site-packages/setuptools/_vendor) by extension 'ros'
[1.836s] Level 1:colcon.colcon_core.package_identification:_identify(venv/lib/python3.12/site-packages/setuptools/_vendor) by extensions ['cmake', 'python']
[1.837s] Level 1:colcon.colcon_core.package_identification:_identify(venv/lib/python3.12/site-packages/setuptools/_vendor) by extension 'cmake'
[1.837s] Level 1:colcon.colcon_core.package_identification:_identify(venv/lib/python3.12/site-packages/setuptools/_vendor) by extension 'python'
[1.837s] Level 1:colcon.colcon_core.package_identification:_identify(venv/lib/python3.12/site-packages/setuptools/_vendor) by extensions ['python_setup_py']
[1.837s] Level 1:colcon.colcon_core.package_identification:_identify(venv/lib/python3.12/site-packages/setuptools/_vendor) by extension 'python_setup_py'
[1.837s] Level 1:colcon.colcon_core.package_identification:_identify(venv/lib/python3.12/site-packages/setuptools/_vendor/autocommand) by extensions ['ignore', 'ignore_ament_install']
[1.837s] Level 1:colcon.colcon_core.package_identification:_identify(venv/lib/python3.12/site-packages/setuptools/_vendor/autocommand) by extension 'ignore'
[1.837s] Level 1:colcon.colcon_core.package_identification:_identify(venv/lib/python3.12/site-packages/setuptools/_vendor/autocommand) by extension 'ignore_ament_install'
[1.837s] Level 1:colcon.colcon_core.package_identification:_identify(venv/lib/python3.12/site-packages/setuptools/_vendor/autocommand) by extensions ['colcon_pkg']
[1.837s] Level 1:colcon.colcon_core.package_identification:_identify(venv/lib/python3.12/site-packages/setuptools/_vendor/autocommand) by extension 'colcon_pkg'
[1.837s] Level 1:colcon.colcon_core.package_identification:_identify(venv/lib/python3.12/site-packages/setuptools/_vendor/autocommand) by extensions ['colcon_meta']
[1.837s] Level 1:colcon.colcon_core.package_identification:_identify(venv/lib/python3.12/site-packages/setuptools/_vendor/autocommand) by extension 'colcon_meta'
[1.837s] Level 1:colcon.colcon_core.package_identification:_identify(venv/lib/python3.12/site-packages/setuptools/_vendor/autocommand) by extensions ['ros']
[1.837s] Level 1:colcon.colcon_core.package_identification:_identify(venv/lib/python3.12/site-packages/setuptools/_vendor/autocommand) by extension 'ros'
[1.837s] Level 1:colcon.colcon_core.package_identification:_identify(venv/lib/python3.12/site-packages/setuptools/_vendor/autocommand) by extensions ['cmake', 'python']
[1.837s] Level 1:colcon.colcon_core.package_identification:_identify(venv/lib/python3.12/site-packages/setuptools/_vendor/autocommand) by extension 'cmake'
[1.837s] Level 1:colcon.colcon_core.package_identification:_identify(venv/lib/python3.12/site-packages/setuptools/_vendor/autocommand) by extension 'python'
[1.837s] Level 1:colcon.colcon_core.package_identification:_identify(venv/lib/python3.12/site-packages/setuptools/_vendor/autocommand) by extensions ['python_setup_py']
[1.838s] Level 1:colcon.colcon_core.package_identification:_identify(venv/lib/python3.12/site-packages/setuptools/_vendor/autocommand) by extension 'python_setup_py'
[1.838s] Level 1:colcon.colcon_core.package_identification:_identify(venv/lib/python3.12/site-packages/setuptools/_vendor/autocommand/__pycache__) by extensions ['ignore', 'ignore_ament_install']
[1.838s] Level 1:colcon.colcon_core.package_identification:_identify(venv/lib/python3.12/site-packages/setuptools/_vendor/autocommand/__pycache__) by extension 'ignore'
[1.838s] Level 1:colcon.colcon_core.package_identification:_identify(venv/lib/python3.12/site-packages/setuptools/_vendor/autocommand/__pycache__) by extension 'ignore_ament_install'
[1.838s] Level 1:colcon.colcon_core.package_identification:_identify(venv/lib/python3.12/site-packages/setuptools/_vendor/autocommand/__pycache__) by extensions ['colcon_pkg']
[1.838s] Level 1:colcon.colcon_core.package_identification:_identify(venv/lib/python3.12/site-packages/setuptools/_vendor/autocommand/__pycache__) by extension 'colcon_pkg'
[1.838s] Level 1:colcon.colcon_core.package_identification:_identify(venv/lib/python3.12/site-packages/setuptools/_vendor/autocommand/__pycache__) by extensions ['colcon_meta']
[1.838s] Level 1:colcon.colcon_core.package_identification:_identify(venv/lib/python3.12/site-packages/setuptools/_vendor/autocommand/__pycache__) by extension 'colcon_meta'
[1.838s] Level 1:colcon.colcon_core.package_identification:_identify(venv/lib/python3.12/site-packages/setuptools/_vendor/autocommand/__pycache__) by extensions ['ros']
[1.838s] Level 1:colcon.colcon_core.package_identification:_identify(venv/lib/python3.12/site-packages/setuptools/_vendor/autocommand/__pycache__) by extension 'ros'
[1.838s] Level 1:colcon.colcon_core.package_identification:_identify(venv/lib/python3.12/site-packages/setuptools/_vendor/autocommand/__pycache__) by extensions ['cmake', 'python']
[1.838s] Level 1:colcon.colcon_core.package_identification:_identify(venv/lib/python3.12/site-packages/setuptools/_vendor/autocommand/__pycache__) by extension 'cmake'
[1.838s] Level 1:colcon.colcon_core.package_identification:_identify(venv/lib/python3.12/site-packages/setuptools/_vendor/autocommand/__pycache__) by extension 'python'
[1.838s] Level 1:colcon.colcon_core.package_identification:_identify(venv/lib/python3.12/site-packages/setuptools/_vendor/autocommand/__pycache__) by extensions ['python_setup_py']
[1.838s] Level 1:colcon.colcon_core.package_identification:_identify(venv/lib/python3.12/site-packages/setuptools/_vendor/autocommand/__pycache__) by extension 'python_setup_py'
[1.838s] Level 1:colcon.colcon_core.package_identification:_identify(venv/lib/python3.12/site-packages/setuptools/_vendor/autocommand-2.2.2.dist-info) by extensions ['ignore', 'ignore_ament_install']
[1.839s] Level 1:colcon.colcon_core.package_identification:_identify(venv/lib/python3.12/site-packages/setuptools/_vendor/autocommand-2.2.2.dist-info) by extension 'ignore'
[1.839s] Level 1:colcon.colcon_core.package_identification:_identify(venv/lib/python3.12/site-packages/setuptools/_vendor/autocommand-2.2.2.dist-info) by extension 'ignore_ament_install'
[1.839s] Level 1:colcon.colcon_core.package_identification:_identify(venv/lib/python3.12/site-packages/setuptools/_vendor/autocommand-2.2.2.dist-info) by extensions ['colcon_pkg']
[1.839s] Level 1:colcon.colcon_core.package_identification:_identify(venv/lib/python3.12/site-packages/setuptools/_vendor/autocommand-2.2.2.dist-info) by extension 'colcon_pkg'
[1.839s] Level 1:colcon.colcon_core.package_identification:_identify(venv/lib/python3.12/site-packages/setuptools/_vendor/autocommand-2.2.2.dist-info) by extensions ['colcon_meta']
[1.839s] Level 1:colcon.colcon_core.package_identification:_identify(venv/lib/python3.12/site-packages/setuptools/_vendor/autocommand-2.2.2.dist-info) by extension 'colcon_meta'
[1.839s] Level 1:colcon.colcon_core.package_identification:_identify(venv/lib/python3.12/site-packages/setuptools/_vendor/autocommand-2.2.2.dist-info) by extensions ['ros']
[1.839s] Level 1:colcon.colcon_core.package_identification:_identify(venv/lib/python3.12/site-packages/setuptools/_vendor/autocommand-2.2.2.dist-info) by extension 'ros'
[1.839s] Level 1:colcon.colcon_core.package_identification:_identify(venv/lib/python3.12/site-packages/setuptools/_vendor/autocommand-2.2.2.dist-info) by extensions ['cmake', 'python']
[1.839s] Level 1:colcon.colcon_core.package_identification:_identify(venv/lib/python3.12/site-packages/setuptools/_vendor/autocommand-2.2.2.dist-info) by extension 'cmake'
[1.839s] Level 1:colcon.colcon_core.package_identification:_identify(venv/lib/python3.12/site-packages/setuptools/_vendor/autocommand-2.2.2.dist-info) by extension 'python'
[1.839s] Level 1:colcon.colcon_core.package_identification:_identify(venv/lib/python3.12/site-packages/setuptools/_vendor/autocommand-2.2.2.dist-info) by extensions ['python_setup_py']
[1.839s] Level 1:colcon.colcon_core.package_identification:_identify(venv/lib/python3.12/site-packages/setuptools/_vendor/autocommand-2.2.2.dist-info) by extension 'python_setup_py'
[1.839s] Level 1:colcon.colcon_core.package_identification:_identify(venv/lib/python3.12/site-packages/setuptools/_vendor/backports) by extensions ['ignore', 'ignore_ament_install']
[1.839s] Level 1:colcon.colcon_core.package_identification:_identify(venv/lib/python3.12/site-packages/setuptools/_vendor/backports) by extension 'ignore'
[1.839s] Level 1:colcon.colcon_core.package_identification:_identify(venv/lib/python3.12/site-packages/setuptools/_vendor/backports) by extension 'ignore_ament_install'
[1.840s] Level 1:colcon.colcon_core.package_identification:_identify(venv/lib/python3.12/site-packages/setuptools/_vendor/backports) by extensions ['colcon_pkg']
[1.840s] Level 1:colcon.colcon_core.package_identification:_identify(venv/lib/python3.12/site-packages/setuptools/_vendor/backports) by extension 'colcon_pkg'
[1.840s] Level 1:colcon.colcon_core.package_identification:_identify(venv/lib/python3.12/site-packages/setuptools/_vendor/backports) by extensions ['colcon_meta']
[1.840s] Level 1:colcon.colcon_core.package_identification:_identify(venv/lib/python3.12/site-packages/setuptools/_vendor/backports) by extension 'colcon_meta'
[1.840s] Level 1:colcon.colcon_core.package_identification:_identify(venv/lib/python3.12/site-packages/setuptools/_vendor/backports) by extensions ['ros']
[1.840s] Level 1:colcon.colcon_core.package_identification:_identify(venv/lib/python3.12/site-packages/setuptools/_vendor/backports) by extension 'ros'
[1.840s] Level 1:colcon.colcon_core.package_identification:_identify(venv/lib/python3.12/site-packages/setuptools/_vendor/backports) by extensions ['cmake', 'python']
[1.840s] Level 1:colcon.colcon_core.package_identification:_identify(venv/lib/python3.12/site-packages/setuptools/_vendor/backports) by extension 'cmake'
[1.840s] Level 1:colcon.colcon_core.package_identification:_identify(venv/lib/python3.12/site-packages/setuptools/_vendor/backports) by extension 'python'
[1.840s] Level 1:colcon.colcon_core.package_identification:_identify(venv/lib/python3.12/site-packages/setuptools/_vendor/backports) by extensions ['python_setup_py']
[1.840s] Level 1:colcon.colcon_core.package_identification:_identify(venv/lib/python3.12/site-packages/setuptools/_vendor/backports) by extension 'python_setup_py'
[1.840s] Level 1:colcon.colcon_core.package_identification:_identify(venv/lib/python3.12/site-packages/setuptools/_vendor/backports/__pycache__) by extensions ['ignore', 'ignore_ament_install']
[1.840s] Level 1:colcon.colcon_core.package_identification:_identify(venv/lib/python3.12/site-packages/setuptools/_vendor/backports/__pycache__) by extension 'ignore'
[1.840s] Level 1:colcon.colcon_core.package_identification:_identify(venv/lib/python3.12/site-packages/setuptools/_vendor/backports/__pycache__) by extension 'ignore_ament_install'
[1.840s] Level 1:colcon.colcon_core.package_identification:_identify(venv/lib/python3.12/site-packages/setuptools/_vendor/backports/__pycache__) by extensions ['colcon_pkg']
[1.840s] Level 1:colcon.colcon_core.package_identification:_identify(venv/lib/python3.12/site-packages/setuptools/_vendor/backports/__pycache__) by extension 'colcon_pkg'
[1.840s] Level 1:colcon.colcon_core.package_identification:_identify(venv/lib/python3.12/site-packages/setuptools/_vendor/backports/__pycache__) by extensions ['colcon_meta']
[1.841s] Level 1:colcon.colcon_core.package_identification:_identify(venv/lib/python3.12/site-packages/setuptools/_vendor/backports/__pycache__) by extension 'colcon_meta'
[1.841s] Level 1:colcon.colcon_core.package_identification:_identify(venv/lib/python3.12/site-packages/setuptools/_vendor/backports/__pycache__) by extensions ['ros']
[1.841s] Level 1:colcon.colcon_core.package_identification:_identify(venv/lib/python3.12/site-packages/setuptools/_vendor/backports/__pycache__) by extension 'ros'
[1.841s] Level 1:colcon.colcon_core.package_identification:_identify(venv/lib/python3.12/site-packages/setuptools/_vendor/backports/__pycache__) by extensions ['cmake', 'python']
[1.841s] Level 1:colcon.colcon_core.package_identification:_identify(venv/lib/python3.12/site-packages/setuptools/_vendor/backports/__pycache__) by extension 'cmake'
[1.841s] Level 1:colcon.colcon_core.package_identification:_identify(venv/lib/python3.12/site-packages/setuptools/_vendor/backports/__pycache__) by extension 'python'
[1.841s] Level 1:colcon.colcon_core.package_identification:_identify(venv/lib/python3.12/site-packages/setuptools/_vendor/backports/__pycache__) by extensions ['python_setup_py']
[1.841s] Level 1:colcon.colcon_core.package_identification:_identify(venv/lib/python3.12/site-packages/setuptools/_vendor/backports/__pycache__) by extension 'python_setup_py'
[1.841s] Level 1:colcon.colcon_core.package_identification:_identify(venv/lib/python3.12/site-packages/setuptools/_vendor/backports/tarfile) by extensions ['ignore', 'ignore_ament_install']
[1.841s] Level 1:colcon.colcon_core.package_identification:_identify(venv/lib/python3.12/site-packages/setuptools/_vendor/backports/tarfile) by extension 'ignore'
[1.841s] Level 1:colcon.colcon_core.package_identification:_identify(venv/lib/python3.12/site-packages/setuptools/_vendor/backports/tarfile) by extension 'ignore_ament_install'
[1.841s] Level 1:colcon.colcon_core.package_identification:_identify(venv/lib/python3.12/site-packages/setuptools/_vendor/backports/tarfile) by extensions ['colcon_pkg']
[1.841s] Level 1:colcon.colcon_core.package_identification:_identify(venv/lib/python3.12/site-packages/setuptools/_vendor/backports/tarfile) by extension 'colcon_pkg'
[1.841s] Level 1:colcon.colcon_core.package_identification:_identify(venv/lib/python3.12/site-packages/setuptools/_vendor/backports/tarfile) by extensions ['colcon_meta']
[1.841s] Level 1:colcon.colcon_core.package_identification:_identify(venv/lib/python3.12/site-packages/setuptools/_vendor/backports/tarfile) by extension 'colcon_meta'
[1.841s] Level 1:colcon.colcon_core.package_identification:_identify(venv/lib/python3.12/site-packages/setuptools/_vendor/backports/tarfile) by extensions ['ros']
[1.841s] Level 1:colcon.colcon_core.package_identification:_identify(venv/lib/python3.12/site-packages/setuptools/_vendor/backports/tarfile) by extension 'ros'
[1.842s] Level 1:colcon.colcon_core.package_identification:_identify(venv/lib/python3.12/site-packages/setuptools/_vendor/backports/tarfile) by extensions ['cmake', 'python']
[1.842s] Level 1:colcon.colcon_core.package_identification:_identify(venv/lib/python3.12/site-packages/setuptools/_vendor/backports/tarfile) by extension 'cmake'
[1.842s] Level 1:colcon.colcon_core.package_identification:_identify(venv/lib/python3.12/site-packages/setuptools/_vendor/backports/tarfile) by extension 'python'
[1.842s] Level 1:colcon.colcon_core.package_identification:_identify(venv/lib/python3.12/site-packages/setuptools/_vendor/backports/tarfile) by extensions ['python_setup_py']
[1.842s] Level 1:colcon.colcon_core.package_identification:_identify(venv/lib/python3.12/site-packages/setuptools/_vendor/backports/tarfile) by extension 'python_setup_py'
[1.842s] Level 1:colcon.colcon_core.package_identification:_identify(venv/lib/python3.12/site-packages/setuptools/_vendor/backports/tarfile/__pycache__) by extensions ['ignore', 'ignore_ament_install']
[1.842s] Level 1:colcon.colcon_core.package_identification:_identify(venv/lib/python3.12/site-packages/setuptools/_vendor/backports/tarfile/__pycache__) by extension 'ignore'
[1.842s] Level 1:colcon.colcon_core.package_identification:_identify(venv/lib/python3.12/site-packages/setuptools/_vendor/backports/tarfile/__pycache__) by extension 'ignore_ament_install'
[1.842s] Level 1:colcon.colcon_core.package_identification:_identify(venv/lib/python3.12/site-packages/setuptools/_vendor/backports/tarfile/__pycache__) by extensions ['colcon_pkg']
[1.842s] Level 1:colcon.colcon_core.package_identification:_identify(venv/lib/python3.12/site-packages/setuptools/_vendor/backports/tarfile/__pycache__) by extension 'colcon_pkg'
[1.842s] Level 1:colcon.colcon_core.package_identification:_identify(venv/lib/python3.12/site-packages/setuptools/_vendor/backports/tarfile/__pycache__) by extensions ['colcon_meta']
[1.842s] Level 1:colcon.colcon_core.package_identification:_identify(venv/lib/python3.12/site-packages/setuptools/_vendor/backports/tarfile/__pycache__) by extension 'colcon_meta'
[1.842s] Level 1:colcon.colcon_core.package_identification:_identify(venv/lib/python3.12/site-packages/setuptools/_vendor/backports/tarfile/__pycache__) by extensions ['ros']
[1.842s] Level 1:colcon.colcon_core.package_identification:_identify(venv/lib/python3.12/site-packages/setuptools/_vendor/backports/tarfile/__pycache__) by extension 'ros'
[1.842s] Level 1:colcon.colcon_core.package_identification:_identify(venv/lib/python3.12/site-packages/setuptools/_vendor/backports/tarfile/__pycache__) by extensions ['cmake', 'python']
[1.842s] Level 1:colcon.colcon_core.package_identification:_identify(venv/lib/python3.12/site-packages/setuptools/_vendor/backports/tarfile/__pycache__) by extension 'cmake'
[1.843s] Level 1:colcon.colcon_core.package_identification:_identify(venv/lib/python3.12/site-packages/setuptools/_vendor/backports/tarfile/__pycache__) by extension 'python'
[1.843s] Level 1:colcon.colcon_core.package_identification:_identify(venv/lib/python3.12/site-packages/setuptools/_vendor/backports/tarfile/__pycache__) by extensions ['python_setup_py']
[1.843s] Level 1:colcon.colcon_core.package_identification:_identify(venv/lib/python3.12/site-packages/setuptools/_vendor/backports/tarfile/__pycache__) by extension 'python_setup_py'
[1.843s] Level 1:colcon.colcon_core.package_identification:_identify(venv/lib/python3.12/site-packages/setuptools/_vendor/backports/tarfile/compat) by extensions ['ignore', 'ignore_ament_install']
[1.843s] Level 1:colcon.colcon_core.package_identification:_identify(venv/lib/python3.12/site-packages/setuptools/_vendor/backports/tarfile/compat) by extension 'ignore'
[1.843s] Level 1:colcon.colcon_core.package_identification:_identify(venv/lib/python3.12/site-packages/setuptools/_vendor/backports/tarfile/compat) by extension 'ignore_ament_install'
[1.843s] Level 1:colcon.colcon_core.package_identification:_identify(venv/lib/python3.12/site-packages/setuptools/_vendor/backports/tarfile/compat) by extensions ['colcon_pkg']
[1.843s] Level 1:colcon.colcon_core.package_identification:_identify(venv/lib/python3.12/site-packages/setuptools/_vendor/backports/tarfile/compat) by extension 'colcon_pkg'
[1.843s] Level 1:colcon.colcon_core.package_identification:_identify(venv/lib/python3.12/site-packages/setuptools/_vendor/backports/tarfile/compat) by extensions ['colcon_meta']
[1.843s] Level 1:colcon.colcon_core.package_identification:_identify(venv/lib/python3.12/site-packages/setuptools/_vendor/backports/tarfile/compat) by extension 'colcon_meta'
[1.843s] Level 1:colcon.colcon_core.package_identification:_identify(venv/lib/python3.12/site-packages/setuptools/_vendor/backports/tarfile/compat) by extensions ['ros']
[1.843s] Level 1:colcon.colcon_core.package_identification:_identify(venv/lib/python3.12/site-packages/setuptools/_vendor/backports/tarfile/compat) by extension 'ros'
[1.843s] Level 1:colcon.colcon_core.package_identification:_identify(venv/lib/python3.12/site-packages/setuptools/_vendor/backports/tarfile/compat) by extensions ['cmake', 'python']
[1.843s] Level 1:colcon.colcon_core.package_identification:_identify(venv/lib/python3.12/site-packages/setuptools/_vendor/backports/tarfile/compat) by extension 'cmake'
[1.843s] Level 1:colcon.colcon_core.package_identification:_identify(venv/lib/python3.12/site-packages/setuptools/_vendor/backports/tarfile/compat) by extension 'python'
[1.843s] Level 1:colcon.colcon_core.package_identification:_identify(venv/lib/python3.12/site-packages/setuptools/_vendor/backports/tarfile/compat) by extensions ['python_setup_py']
[1.843s] Level 1:colcon.colcon_core.package_identification:_identify(venv/lib/python3.12/site-packages/setuptools/_vendor/backports/tarfile/compat) by extension 'python_setup_py'
[1.844s] Level 1:colcon.colcon_core.package_identification:_identify(venv/lib/python3.12/site-packages/setuptools/_vendor/backports/tarfile/compat/__pycache__) by extensions ['ignore', 'ignore_ament_install']
[1.844s] Level 1:colcon.colcon_core.package_identification:_identify(venv/lib/python3.12/site-packages/setuptools/_vendor/backports/tarfile/compat/__pycache__) by extension 'ignore'
[1.844s] Level 1:colcon.colcon_core.package_identification:_identify(venv/lib/python3.12/site-packages/setuptools/_vendor/backports/tarfile/compat/__pycache__) by extension 'ignore_ament_install'
[1.844s] Level 1:colcon.colcon_core.package_identification:_identify(venv/lib/python3.12/site-packages/setuptools/_vendor/backports/tarfile/compat/__pycache__) by extensions ['colcon_pkg']
[1.844s] Level 1:colcon.colcon_core.package_identification:_identify(venv/lib/python3.12/site-packages/setuptools/_vendor/backports/tarfile/compat/__pycache__) by extension 'colcon_pkg'
[1.844s] Level 1:colcon.colcon_core.package_identification:_identify(venv/lib/python3.12/site-packages/setuptools/_vendor/backports/tarfile/compat/__pycache__) by extensions ['colcon_meta']
[1.844s] Level 1:colcon.colcon_core.package_identification:_identify(venv/lib/python3.12/site-packages/setuptools/_vendor/backports/tarfile/compat/__pycache__) by extension 'colcon_meta'
[1.844s] Level 1:colcon.colcon_core.package_identification:_identify(venv/lib/python3.12/site-packages/setuptools/_vendor/backports/tarfile/compat/__pycache__) by extensions ['ros']
[1.844s] Level 1:colcon.colcon_core.package_identification:_identify(venv/lib/python3.12/site-packages/setuptools/_vendor/backports/tarfile/compat/__pycache__) by extension 'ros'
[1.844s] Level 1:colcon.colcon_core.package_identification:_identify(venv/lib/python3.12/site-packages/setuptools/_vendor/backports/tarfile/compat/__pycache__) by extensions ['cmake', 'python']
[1.844s] Level 1:colcon.colcon_core.package_identification:_identify(venv/lib/python3.12/site-packages/setuptools/_vendor/backports/tarfile/compat/__pycache__) by extension 'cmake'
[1.844s] Level 1:colcon.colcon_core.package_identification:_identify(venv/lib/python3.12/site-packages/setuptools/_vendor/backports/tarfile/compat/__pycache__) by extension 'python'
[1.844s] Level 1:colcon.colcon_core.package_identification:_identify(venv/lib/python3.12/site-packages/setuptools/_vendor/backports/tarfile/compat/__pycache__) by extensions ['python_setup_py']
[1.844s] Level 1:colcon.colcon_core.package_identification:_identify(venv/lib/python3.12/site-packages/setuptools/_vendor/backports/tarfile/compat/__pycache__) by extension 'python_setup_py'
[1.845s] Level 1:colcon.colcon_core.package_identification:_identify(venv/lib/python3.12/site-packages/setuptools/_vendor/backports.tarfile-1.2.0.dist-info) by extensions ['ignore', 'ignore_ament_install']
[1.845s] Level 1:colcon.colcon_core.package_identification:_identify(venv/lib/python3.12/site-packages/setuptools/_vendor/backports.tarfile-1.2.0.dist-info) by extension 'ignore'
[1.845s] Level 1:colcon.colcon_core.package_identification:_identify(venv/lib/python3.12/site-packages/setuptools/_vendor/backports.tarfile-1.2.0.dist-info) by extension 'ignore_ament_install'
[1.845s] Level 1:colcon.colcon_core.package_identification:_identify(venv/lib/python3.12/site-packages/setuptools/_vendor/backports.tarfile-1.2.0.dist-info) by extensions ['colcon_pkg']
[1.845s] Level 1:colcon.colcon_core.package_identification:_identify(venv/lib/python3.12/site-packages/setuptools/_vendor/backports.tarfile-1.2.0.dist-info) by extension 'colcon_pkg'
[1.845s] Level 1:colcon.colcon_core.package_identification:_identify(venv/lib/python3.12/site-packages/setuptools/_vendor/backports.tarfile-1.2.0.dist-info) by extensions ['colcon_meta']
[1.845s] Level 1:colcon.colcon_core.package_identification:_identify(venv/lib/python3.12/site-packages/setuptools/_vendor/backports.tarfile-1.2.0.dist-info) by extension 'colcon_meta'
[1.845s] Level 1:colcon.colcon_core.package_identification:_identify(venv/lib/python3.12/site-packages/setuptools/_vendor/backports.tarfile-1.2.0.dist-info) by extensions ['ros']
[1.845s] Level 1:colcon.colcon_core.package_identification:_identify(venv/lib/python3.12/site-packages/setuptools/_vendor/backports.tarfile-1.2.0.dist-info) by extension 'ros'
[1.845s] Level 1:colcon.colcon_core.package_identification:_identify(venv/lib/python3.12/site-packages/setuptools/_vendor/backports.tarfile-1.2.0.dist-info) by extensions ['cmake', 'python']
[1.845s] Level 1:colcon.colcon_core.package_identification:_identify(venv/lib/python3.12/site-packages/setuptools/_vendor/backports.tarfile-1.2.0.dist-info) by extension 'cmake'
[1.845s] Level 1:colcon.colcon_core.package_identification:_identify(venv/lib/python3.12/site-packages/setuptools/_vendor/backports.tarfile-1.2.0.dist-info) by extension 'python'
[1.845s] Level 1:colcon.colcon_core.package_identification:_identify(venv/lib/python3.12/site-packages/setuptools/_vendor/backports.tarfile-1.2.0.dist-info) by extensions ['python_setup_py']
[1.845s] Level 1:colcon.colcon_core.package_identification:_identify(venv/lib/python3.12/site-packages/setuptools/_vendor/backports.tarfile-1.2.0.dist-info) by extension 'python_setup_py'
[1.845s] Level 1:colcon.colcon_core.package_identification:_identify(venv/lib/python3.12/site-packages/setuptools/_vendor/importlib_metadata) by extensions ['ignore', 'ignore_ament_install']
[1.845s] Level 1:colcon.colcon_core.package_identification:_identify(venv/lib/python3.12/site-packages/setuptools/_vendor/importlib_metadata) by extension 'ignore'
[1.846s] Level 1:colcon.colcon_core.package_identification:_identify(venv/lib/python3.12/site-packages/setuptools/_vendor/importlib_metadata) by extension 'ignore_ament_install'
[1.846s] Level 1:colcon.colcon_core.package_identification:_identify(venv/lib/python3.12/site-packages/setuptools/_vendor/importlib_metadata) by extensions ['colcon_pkg']
[1.846s] Level 1:colcon.colcon_core.package_identification:_identify(venv/lib/python3.12/site-packages/setuptools/_vendor/importlib_metadata) by extension 'colcon_pkg'
[1.846s] Level 1:colcon.colcon_core.package_identification:_identify(venv/lib/python3.12/site-packages/setuptools/_vendor/importlib_metadata) by extensions ['colcon_meta']
[1.846s] Level 1:colcon.colcon_core.package_identification:_identify(venv/lib/python3.12/site-packages/setuptools/_vendor/importlib_metadata) by extension 'colcon_meta'
[1.846s] Level 1:colcon.colcon_core.package_identification:_identify(venv/lib/python3.12/site-packages/setuptools/_vendor/importlib_metadata) by extensions ['ros']
[1.846s] Level 1:colcon.colcon_core.package_identification:_identify(venv/lib/python3.12/site-packages/setuptools/_vendor/importlib_metadata) by extension 'ros'
[1.846s] Level 1:colcon.colcon_core.package_identification:_identify(venv/lib/python3.12/site-packages/setuptools/_vendor/importlib_metadata) by extensions ['cmake', 'python']
[1.846s] Level 1:colcon.colcon_core.package_identification:_identify(venv/lib/python3.12/site-packages/setuptools/_vendor/importlib_metadata) by extension 'cmake'
[1.846s] Level 1:colcon.colcon_core.package_identification:_identify(venv/lib/python3.12/site-packages/setuptools/_vendor/importlib_metadata) by extension 'python'
[1.846s] Level 1:colcon.colcon_core.package_identification:_identify(venv/lib/python3.12/site-packages/setuptools/_vendor/importlib_metadata) by extensions ['python_setup_py']
[1.846s] Level 1:colcon.colcon_core.package_identification:_identify(venv/lib/python3.12/site-packages/setuptools/_vendor/importlib_metadata) by extension 'python_setup_py'
[1.846s] Level 1:colcon.colcon_core.package_identification:_identify(venv/lib/python3.12/site-packages/setuptools/_vendor/importlib_metadata/__pycache__) by extensions ['ignore', 'ignore_ament_install']
[1.846s] Level 1:colcon.colcon_core.package_identification:_identify(venv/lib/python3.12/site-packages/setuptools/_vendor/importlib_metadata/__pycache__) by extension 'ignore'
[1.846s] Level 1:colcon.colcon_core.package_identification:_identify(venv/lib/python3.12/site-packages/setuptools/_vendor/importlib_metadata/__pycache__) by extension 'ignore_ament_install'
[1.846s] Level 1:colcon.colcon_core.package_identification:_identify(venv/lib/python3.12/site-packages/setuptools/_vendor/importlib_metadata/__pycache__) by extensions ['colcon_pkg']
[1.846s] Level 1:colcon.colcon_core.package_identification:_identify(venv/lib/python3.12/site-packages/setuptools/_vendor/importlib_metadata/__pycache__) by extension 'colcon_pkg'
[1.847s] Level 1:colcon.colcon_core.package_identification:_identify(venv/lib/python3.12/site-packages/setuptools/_vendor/importlib_metadata/__pycache__) by extensions ['colcon_meta']
[1.847s] Level 1:colcon.colcon_core.package_identification:_identify(venv/lib/python3.12/site-packages/setuptools/_vendor/importlib_metadata/__pycache__) by extension 'colcon_meta'
[1.847s] Level 1:colcon.colcon_core.package_identification:_identify(venv/lib/python3.12/site-packages/setuptools/_vendor/importlib_metadata/__pycache__) by extensions ['ros']
[1.847s] Level 1:colcon.colcon_core.package_identification:_identify(venv/lib/python3.12/site-packages/setuptools/_vendor/importlib_metadata/__pycache__) by extension 'ros'
[1.847s] Level 1:colcon.colcon_core.package_identification:_identify(venv/lib/python3.12/site-packages/setuptools/_vendor/importlib_metadata/__pycache__) by extensions ['cmake', 'python']
[1.847s] Level 1:colcon.colcon_core.package_identification:_identify(venv/lib/python3.12/site-packages/setuptools/_vendor/importlib_metadata/__pycache__) by extension 'cmake'
[1.847s] Level 1:colcon.colcon_core.package_identification:_identify(venv/lib/python3.12/site-packages/setuptools/_vendor/importlib_metadata/__pycache__) by extension 'python'
[1.847s] Level 1:colcon.colcon_core.package_identification:_identify(venv/lib/python3.12/site-packages/setuptools/_vendor/importlib_metadata/__pycache__) by extensions ['python_setup_py']
[1.847s] Level 1:colcon.colcon_core.package_identification:_identify(venv/lib/python3.12/site-packages/setuptools/_vendor/importlib_metadata/__pycache__) by extension 'python_setup_py'
[1.847s] Level 1:colcon.colcon_core.package_identification:_identify(venv/lib/python3.12/site-packages/setuptools/_vendor/importlib_metadata/compat) by extensions ['ignore', 'ignore_ament_install']
[1.847s] Level 1:colcon.colcon_core.package_identification:_identify(venv/lib/python3.12/site-packages/setuptools/_vendor/importlib_metadata/compat) by extension 'ignore'
[1.847s] Level 1:colcon.colcon_core.package_identification:_identify(venv/lib/python3.12/site-packages/setuptools/_vendor/importlib_metadata/compat) by extension 'ignore_ament_install'
[1.847s] Level 1:colcon.colcon_core.package_identification:_identify(venv/lib/python3.12/site-packages/setuptools/_vendor/importlib_metadata/compat) by extensions ['colcon_pkg']
[1.847s] Level 1:colcon.colcon_core.package_identification:_identify(venv/lib/python3.12/site-packages/setuptools/_vendor/importlib_metadata/compat) by extension 'colcon_pkg'
[1.847s] Level 1:colcon.colcon_core.package_identification:_identify(venv/lib/python3.12/site-packages/setuptools/_vendor/importlib_metadata/compat) by extensions ['colcon_meta']
[1.847s] Level 1:colcon.colcon_core.package_identification:_identify(venv/lib/python3.12/site-packages/setuptools/_vendor/importlib_metadata/compat) by extension 'colcon_meta'
[1.847s] Level 1:colcon.colcon_core.package_identification:_identify(venv/lib/python3.12/site-packages/setuptools/_vendor/importlib_metadata/compat) by extensions ['ros']
[1.848s] Level 1:colcon.colcon_core.package_identification:_identify(venv/lib/python3.12/site-packages/setuptools/_vendor/importlib_metadata/compat) by extension 'ros'
[1.848s] Level 1:colcon.colcon_core.package_identification:_identify(venv/lib/python3.12/site-packages/setuptools/_vendor/importlib_metadata/compat) by extensions ['cmake', 'python']
[1.848s] Level 1:colcon.colcon_core.package_identification:_identify(venv/lib/python3.12/site-packages/setuptools/_vendor/importlib_metadata/compat) by extension 'cmake'
[1.848s] Level 1:colcon.colcon_core.package_identification:_identify(venv/lib/python3.12/site-packages/setuptools/_vendor/importlib_metadata/compat) by extension 'python'
[1.848s] Level 1:colcon.colcon_core.package_identification:_identify(venv/lib/python3.12/site-packages/setuptools/_vendor/importlib_metadata/compat) by extensions ['python_setup_py']
[1.848s] Level 1:colcon.colcon_core.package_identification:_identify(venv/lib/python3.12/site-packages/setuptools/_vendor/importlib_metadata/compat) by extension 'python_setup_py'
[1.848s] Level 1:colcon.colcon_core.package_identification:_identify(venv/lib/python3.12/site-packages/setuptools/_vendor/importlib_metadata/compat/__pycache__) by extensions ['ignore', 'ignore_ament_install']
[1.848s] Level 1:colcon.colcon_core.package_identification:_identify(venv/lib/python3.12/site-packages/setuptools/_vendor/importlib_metadata/compat/__pycache__) by extension 'ignore'
[1.848s] Level 1:colcon.colcon_core.package_identification:_identify(venv/lib/python3.12/site-packages/setuptools/_vendor/importlib_metadata/compat/__pycache__) by extension 'ignore_ament_install'
[1.848s] Level 1:colcon.colcon_core.package_identification:_identify(venv/lib/python3.12/site-packages/setuptools/_vendor/importlib_metadata/compat/__pycache__) by extensions ['colcon_pkg']
[1.848s] Level 1:colcon.colcon_core.package_identification:_identify(venv/lib/python3.12/site-packages/setuptools/_vendor/importlib_metadata/compat/__pycache__) by extension 'colcon_pkg'
[1.848s] Level 1:colcon.colcon_core.package_identification:_identify(venv/lib/python3.12/site-packages/setuptools/_vendor/importlib_metadata/compat/__pycache__) by extensions ['colcon_meta']
[1.848s] Level 1:colcon.colcon_core.package_identification:_identify(venv/lib/python3.12/site-packages/setuptools/_vendor/importlib_metadata/compat/__pycache__) by extension 'colcon_meta'
[1.848s] Level 1:colcon.colcon_core.package_identification:_identify(venv/lib/python3.12/site-packages/setuptools/_vendor/importlib_metadata/compat/__pycache__) by extensions ['ros']
[1.848s] Level 1:colcon.colcon_core.package_identification:_identify(venv/lib/python3.12/site-packages/setuptools/_vendor/importlib_metadata/compat/__pycache__) by extension 'ros'
[1.848s] Level 1:colcon.colcon_core.package_identification:_identify(venv/lib/python3.12/site-packages/setuptools/_vendor/importlib_metadata/compat/__pycache__) by extensions ['cmake', 'python']
[1.849s] Level 1:colcon.colcon_core.package_identification:_identify(venv/lib/python3.12/site-packages/setuptools/_vendor/importlib_metadata/compat/__pycache__) by extension 'cmake'
[1.849s] Level 1:colcon.colcon_core.package_identification:_identify(venv/lib/python3.12/site-packages/setuptools/_vendor/importlib_metadata/compat/__pycache__) by extension 'python'
[1.849s] Level 1:colcon.colcon_core.package_identification:_identify(venv/lib/python3.12/site-packages/setuptools/_vendor/importlib_metadata/compat/__pycache__) by extensions ['python_setup_py']
[1.849s] Level 1:colcon.colcon_core.package_identification:_identify(venv/lib/python3.12/site-packages/setuptools/_vendor/importlib_metadata/compat/__pycache__) by extension 'python_setup_py'
[1.849s] Level 1:colcon.colcon_core.package_identification:_identify(venv/lib/python3.12/site-packages/setuptools/_vendor/importlib_metadata-8.7.1.dist-info) by extensions ['ignore', 'ignore_ament_install']
[1.849s] Level 1:colcon.colcon_core.package_identification:_identify(venv/lib/python3.12/site-packages/setuptools/_vendor/importlib_metadata-8.7.1.dist-info) by extension 'ignore'
[1.849s] Level 1:colcon.colcon_core.package_identification:_identify(venv/lib/python3.12/site-packages/setuptools/_vendor/importlib_metadata-8.7.1.dist-info) by extension 'ignore_ament_install'
[1.849s] Level 1:colcon.colcon_core.package_identification:_identify(venv/lib/python3.12/site-packages/setuptools/_vendor/importlib_metadata-8.7.1.dist-info) by extensions ['colcon_pkg']
[1.849s] Level 1:colcon.colcon_core.package_identification:_identify(venv/lib/python3.12/site-packages/setuptools/_vendor/importlib_metadata-8.7.1.dist-info) by extension 'colcon_pkg'
[1.849s] Level 1:colcon.colcon_core.package_identification:_identify(venv/lib/python3.12/site-packages/setuptools/_vendor/importlib_metadata-8.7.1.dist-info) by extensions ['colcon_meta']
[1.849s] Level 1:colcon.colcon_core.package_identification:_identify(venv/lib/python3.12/site-packages/setuptools/_vendor/importlib_metadata-8.7.1.dist-info) by extension 'colcon_meta'
[1.849s] Level 1:colcon.colcon_core.package_identification:_identify(venv/lib/python3.12/site-packages/setuptools/_vendor/importlib_metadata-8.7.1.dist-info) by extensions ['ros']
[1.849s] Level 1:colcon.colcon_core.package_identification:_identify(venv/lib/python3.12/site-packages/setuptools/_vendor/importlib_metadata-8.7.1.dist-info) by extension 'ros'
[1.849s] Level 1:colcon.colcon_core.package_identification:_identify(venv/lib/python3.12/site-packages/setuptools/_vendor/importlib_metadata-8.7.1.dist-info) by extensions ['cmake', 'python']
[1.849s] Level 1:colcon.colcon_core.package_identification:_identify(venv/lib/python3.12/site-packages/setuptools/_vendor/importlib_metadata-8.7.1.dist-info) by extension 'cmake'
[1.849s] Level 1:colcon.colcon_core.package_identification:_identify(venv/lib/python3.12/site-packages/setuptools/_vendor/importlib_metadata-8.7.1.dist-info) by extension 'python'
[1.849s] Level 1:colcon.colcon_core.package_identification:_identify(venv/lib/python3.12/site-packages/setuptools/_vendor/importlib_metadata-8.7.1.dist-info) by extensions ['python_setup_py']
[1.850s] Level 1:colcon.colcon_core.package_identification:_identify(venv/lib/python3.12/site-packages/setuptools/_vendor/importlib_metadata-8.7.1.dist-info) by extension 'python_setup_py'
[1.850s] Level 1:colcon.colcon_core.package_identification:_identify(venv/lib/python3.12/site-packages/setuptools/_vendor/importlib_metadata-8.7.1.dist-info/licenses) by extensions ['ignore', 'ignore_ament_install']
[1.850s] Level 1:colcon.colcon_core.package_identification:_identify(venv/lib/python3.12/site-packages/setuptools/_vendor/importlib_metadata-8.7.1.dist-info/licenses) by extension 'ignore'
[1.850s] Level 1:colcon.colcon_core.package_identification:_identify(venv/lib/python3.12/site-packages/setuptools/_vendor/importlib_metadata-8.7.1.dist-info/licenses) by extension 'ignore_ament_install'
[1.850s] Level 1:colcon.colcon_core.package_identification:_identify(venv/lib/python3.12/site-packages/setuptools/_vendor/importlib_metadata-8.7.1.dist-info/licenses) by extensions ['colcon_pkg']
[1.850s] Level 1:colcon.colcon_core.package_identification:_identify(venv/lib/python3.12/site-packages/setuptools/_vendor/importlib_metadata-8.7.1.dist-info/licenses) by extension 'colcon_pkg'
[1.850s] Level 1:colcon.colcon_core.package_identification:_identify(venv/lib/python3.12/site-packages/setuptools/_vendor/importlib_metadata-8.7.1.dist-info/licenses) by extensions ['colcon_meta']
[1.850s] Level 1:colcon.colcon_core.package_identification:_identify(venv/lib/python3.12/site-packages/setuptools/_vendor/importlib_metadata-8.7.1.dist-info/licenses) by extension 'colcon_meta'
[1.850s] Level 1:colcon.colcon_core.package_identification:_identify(venv/lib/python3.12/site-packages/setuptools/_vendor/importlib_metadata-8.7.1.dist-info/licenses) by extensions ['ros']
[1.850s] Level 1:colcon.colcon_core.package_identification:_identify(venv/lib/python3.12/site-packages/setuptools/_vendor/importlib_metadata-8.7.1.dist-info/licenses) by extension 'ros'
[1.850s] Level 1:colcon.colcon_core.package_identification:_identify(venv/lib/python3.12/site-packages/setuptools/_vendor/importlib_metadata-8.7.1.dist-info/licenses) by extensions ['cmake', 'python']
[1.850s] Level 1:colcon.colcon_core.package_identification:_identify(venv/lib/python3.12/site-packages/setuptools/_vendor/importlib_metadata-8.7.1.dist-info/licenses) by extension 'cmake'
[1.850s] Level 1:colcon.colcon_core.package_identification:_identify(venv/lib/python3.12/site-packages/setuptools/_vendor/importlib_metadata-8.7.1.dist-info/licenses) by extension 'python'
[1.850s] Level 1:colcon.colcon_core.package_identification:_identify(venv/lib/python3.12/site-packages/setuptools/_vendor/importlib_metadata-8.7.1.dist-info/licenses) by extensions ['python_setup_py']
[1.850s] Level 1:colcon.colcon_core.package_identification:_identify(venv/lib/python3.12/site-packages/setuptools/_vendor/importlib_metadata-8.7.1.dist-info/licenses) by extension 'python_setup_py'
[1.850s] Level 1:colcon.colcon_core.package_identification:_identify(venv/lib/python3.12/site-packages/setuptools/_vendor/jaraco) by extensions ['ignore', 'ignore_ament_install']
[1.851s] Level 1:colcon.colcon_core.package_identification:_identify(venv/lib/python3.12/site-packages/setuptools/_vendor/jaraco) by extension 'ignore'
[1.851s] Level 1:colcon.colcon_core.package_identification:_identify(venv/lib/python3.12/site-packages/setuptools/_vendor/jaraco) by extension 'ignore_ament_install'
[1.851s] Level 1:colcon.colcon_core.package_identification:_identify(venv/lib/python3.12/site-packages/setuptools/_vendor/jaraco) by extensions ['colcon_pkg']
[1.851s] Level 1:colcon.colcon_core.package_identification:_identify(venv/lib/python3.12/site-packages/setuptools/_vendor/jaraco) by extension 'colcon_pkg'
[1.851s] Level 1:colcon.colcon_core.package_identification:_identify(venv/lib/python3.12/site-packages/setuptools/_vendor/jaraco) by extensions ['colcon_meta']
[1.851s] Level 1:colcon.colcon_core.package_identification:_identify(venv/lib/python3.12/site-packages/setuptools/_vendor/jaraco) by extension 'colcon_meta'
[1.851s] Level 1:colcon.colcon_core.package_identification:_identify(venv/lib/python3.12/site-packages/setuptools/_vendor/jaraco) by extensions ['ros']
[1.851s] Level 1:colcon.colcon_core.package_identification:_identify(venv/lib/python3.12/site-packages/setuptools/_vendor/jaraco) by extension 'ros'
[1.851s] Level 1:colcon.colcon_core.package_identification:_identify(venv/lib/python3.12/site-packages/setuptools/_vendor/jaraco) by extensions ['cmake', 'python']
[1.851s] Level 1:colcon.colcon_core.package_identification:_identify(venv/lib/python3.12/site-packages/setuptools/_vendor/jaraco) by extension 'cmake'
[1.851s] Level 1:colcon.colcon_core.package_identification:_identify(venv/lib/python3.12/site-packages/setuptools/_vendor/jaraco) by extension 'python'
[1.851s] Level 1:colcon.colcon_core.package_identification:_identify(venv/lib/python3.12/site-packages/setuptools/_vendor/jaraco) by extensions ['python_setup_py']
[1.851s] Level 1:colcon.colcon_core.package_identification:_identify(venv/lib/python3.12/site-packages/setuptools/_vendor/jaraco) by extension 'python_setup_py'
[1.851s] Level 1:colcon.colcon_core.package_identification:_identify(venv/lib/python3.12/site-packages/setuptools/_vendor/jaraco/context) by extensions ['ignore', 'ignore_ament_install']
[1.851s] Level 1:colcon.colcon_core.package_identification:_identify(venv/lib/python3.12/site-packages/setuptools/_vendor/jaraco/context) by extension 'ignore'
[1.851s] Level 1:colcon.colcon_core.package_identification:_identify(venv/lib/python3.12/site-packages/setuptools/_vendor/jaraco/context) by extension 'ignore_ament_install'
[1.852s] Level 1:colcon.colcon_core.package_identification:_identify(venv/lib/python3.12/site-packages/setuptools/_vendor/jaraco/context) by extensions ['colcon_pkg']
[1.852s] Level 1:colcon.colcon_core.package_identification:_identify(venv/lib/python3.12/site-packages/setuptools/_vendor/jaraco/context) by extension 'colcon_pkg'
[1.852s] Level 1:colcon.colcon_core.package_identification:_identify(venv/lib/python3.12/site-packages/setuptools/_vendor/jaraco/context) by extensions ['colcon_meta']
[1.852s] Level 1:colcon.colcon_core.package_identification:_identify(venv/lib/python3.12/site-packages/setuptools/_vendor/jaraco/context) by extension 'colcon_meta'
[1.852s] Level 1:colcon.colcon_core.package_identification:_identify(venv/lib/python3.12/site-packages/setuptools/_vendor/jaraco/context) by extensions ['ros']
[1.852s] Level 1:colcon.colcon_core.package_identification:_identify(venv/lib/python3.12/site-packages/setuptools/_vendor/jaraco/context) by extension 'ros'
[1.852s] Level 1:colcon.colcon_core.package_identification:_identify(venv/lib/python3.12/site-packages/setuptools/_vendor/jaraco/context) by extensions ['cmake', 'python']
[1.852s] Level 1:colcon.colcon_core.package_identification:_identify(venv/lib/python3.12/site-packages/setuptools/_vendor/jaraco/context) by extension 'cmake'
[1.852s] Level 1:colcon.colcon_core.package_identification:_identify(venv/lib/python3.12/site-packages/setuptools/_vendor/jaraco/context) by extension 'python'
[1.852s] Level 1:colcon.colcon_core.package_identification:_identify(venv/lib/python3.12/site-packages/setuptools/_vendor/jaraco/context) by extensions ['python_setup_py']
[1.852s] Level 1:colcon.colcon_core.package_identification:_identify(venv/lib/python3.12/site-packages/setuptools/_vendor/jaraco/context) by extension 'python_setup_py'
[1.852s] Level 1:colcon.colcon_core.package_identification:_identify(venv/lib/python3.12/site-packages/setuptools/_vendor/jaraco/context/__pycache__) by extensions ['ignore', 'ignore_ament_install']
[1.852s] Level 1:colcon.colcon_core.package_identification:_identify(venv/lib/python3.12/site-packages/setuptools/_vendor/jaraco/context/__pycache__) by extension 'ignore'
[1.852s] Level 1:colcon.colcon_core.package_identification:_identify(venv/lib/python3.12/site-packages/setuptools/_vendor/jaraco/context/__pycache__) by extension 'ignore_ament_install'
[1.852s] Level 1:colcon.colcon_core.package_identification:_identify(venv/lib/python3.12/site-packages/setuptools/_vendor/jaraco/context/__pycache__) by extensions ['colcon_pkg']
[1.852s] Level 1:colcon.colcon_core.package_identification:_identify(venv/lib/python3.12/site-packages/setuptools/_vendor/jaraco/context/__pycache__) by extension 'colcon_pkg'
[1.853s] Level 1:colcon.colcon_core.package_identification:_identify(venv/lib/python3.12/site-packages/setuptools/_vendor/jaraco/context/__pycache__) by extensions ['colcon_meta']
[1.853s] Level 1:colcon.colcon_core.package_identification:_identify(venv/lib/python3.12/site-packages/setuptools/_vendor/jaraco/context/__pycache__) by extension 'colcon_meta'
[1.853s] Level 1:colcon.colcon_core.package_identification:_identify(venv/lib/python3.12/site-packages/setuptools/_vendor/jaraco/context/__pycache__) by extensions ['ros']
[1.853s] Level 1:colcon.colcon_core.package_identification:_identify(venv/lib/python3.12/site-packages/setuptools/_vendor/jaraco/context/__pycache__) by extension 'ros'
[1.853s] Level 1:colcon.colcon_core.package_identification:_identify(venv/lib/python3.12/site-packages/setuptools/_vendor/jaraco/context/__pycache__) by extensions ['cmake', 'python']
[1.853s] Level 1:colcon.colcon_core.package_identification:_identify(venv/lib/python3.12/site-packages/setuptools/_vendor/jaraco/context/__pycache__) by extension 'cmake'
[1.853s] Level 1:colcon.colcon_core.package_identification:_identify(venv/lib/python3.12/site-packages/setuptools/_vendor/jaraco/context/__pycache__) by extension 'python'
[1.853s] Level 1:colcon.colcon_core.package_identification:_identify(venv/lib/python3.12/site-packages/setuptools/_vendor/jaraco/context/__pycache__) by extensions ['python_setup_py']
[1.853s] Level 1:colcon.colcon_core.package_identification:_identify(venv/lib/python3.12/site-packages/setuptools/_vendor/jaraco/context/__pycache__) by extension 'python_setup_py'
[1.853s] Level 1:colcon.colcon_core.package_identification:_identify(venv/lib/python3.12/site-packages/setuptools/_vendor/jaraco/functools) by extensions ['ignore', 'ignore_ament_install']
[1.853s] Level 1:colcon.colcon_core.package_identification:_identify(venv/lib/python3.12/site-packages/setuptools/_vendor/jaraco/functools) by extension 'ignore'
[1.853s] Level 1:colcon.colcon_core.package_identification:_identify(venv/lib/python3.12/site-packages/setuptools/_vendor/jaraco/functools) by extension 'ignore_ament_install'
[1.853s] Level 1:colcon.colcon_core.package_identification:_identify(venv/lib/python3.12/site-packages/setuptools/_vendor/jaraco/functools) by extensions ['colcon_pkg']
[1.853s] Level 1:colcon.colcon_core.package_identification:_identify(venv/lib/python3.12/site-packages/setuptools/_vendor/jaraco/functools) by extension 'colcon_pkg'
[1.853s] Level 1:colcon.colcon_core.package_identification:_identify(venv/lib/python3.12/site-packages/setuptools/_vendor/jaraco/functools) by extensions ['colcon_meta']
[1.853s] Level 1:colcon.colcon_core.package_identification:_identify(venv/lib/python3.12/site-packages/setuptools/_vendor/jaraco/functools) by extension 'colcon_meta'
[1.853s] Level 1:colcon.colcon_core.package_identification:_identify(venv/lib/python3.12/site-packages/setuptools/_vendor/jaraco/functools) by extensions ['ros']
[1.854s] Level 1:colcon.colcon_core.package_identification:_identify(venv/lib/python3.12/site-packages/setuptools/_vendor/jaraco/functools) by extension 'ros'
[1.854s] Level 1:colcon.colcon_core.package_identification:_identify(venv/lib/python3.12/site-packages/setuptools/_vendor/jaraco/functools) by extensions ['cmake', 'python']
[1.854s] Level 1:colcon.colcon_core.package_identification:_identify(venv/lib/python3.12/site-packages/setuptools/_vendor/jaraco/functools) by extension 'cmake'
[1.854s] Level 1:colcon.colcon_core.package_identification:_identify(venv/lib/python3.12/site-packages/setuptools/_vendor/jaraco/functools) by extension 'python'
[1.854s] Level 1:colcon.colcon_core.package_identification:_identify(venv/lib/python3.12/site-packages/setuptools/_vendor/jaraco/functools) by extensions ['python_setup_py']
[1.854s] Level 1:colcon.colcon_core.package_identification:_identify(venv/lib/python3.12/site-packages/setuptools/_vendor/jaraco/functools) by extension 'python_setup_py'
[1.854s] Level 1:colcon.colcon_core.package_identification:_identify(venv/lib/python3.12/site-packages/setuptools/_vendor/jaraco/functools/__pycache__) by extensions ['ignore', 'ignore_ament_install']
[1.854s] Level 1:colcon.colcon_core.package_identification:_identify(venv/lib/python3.12/site-packages/setuptools/_vendor/jaraco/functools/__pycache__) by extension 'ignore'
[1.854s] Level 1:colcon.colcon_core.package_identification:_identify(venv/lib/python3.12/site-packages/setuptools/_vendor/jaraco/functools/__pycache__) by extension 'ignore_ament_install'
[1.854s] Level 1:colcon.colcon_core.package_identification:_identify(venv/lib/python3.12/site-packages/setuptools/_vendor/jaraco/functools/__pycache__) by extensions ['colcon_pkg']
[1.854s] Level 1:colcon.colcon_core.package_identification:_identify(venv/lib/python3.12/site-packages/setuptools/_vendor/jaraco/functools/__pycache__) by extension 'colcon_pkg'
[1.854s] Level 1:colcon.colcon_core.package_identification:_identify(venv/lib/python3.12/site-packages/setuptools/_vendor/jaraco/functools/__pycache__) by extensions ['colcon_meta']
[1.854s] Level 1:colcon.colcon_core.package_identification:_identify(venv/lib/python3.12/site-packages/setuptools/_vendor/jaraco/functools/__pycache__) by extension 'colcon_meta'
[1.854s] Level 1:colcon.colcon_core.package_identification:_identify(venv/lib/python3.12/site-packages/setuptools/_vendor/jaraco/functools/__pycache__) by extensions ['ros']
[1.854s] Level 1:colcon.colcon_core.package_identification:_identify(venv/lib/python3.12/site-packages/setuptools/_vendor/jaraco/functools/__pycache__) by extension 'ros'
[1.855s] Level 1:colcon.colcon_core.package_identification:_identify(venv/lib/python3.12/site-packages/setuptools/_vendor/jaraco/functools/__pycache__) by extensions ['cmake', 'python']
[1.855s] Level 1:colcon.colcon_core.package_identification:_identify(venv/lib/python3.12/site-packages/setuptools/_vendor/jaraco/functools/__pycache__) by extension 'cmake'
[1.855s] Level 1:colcon.colcon_core.package_identification:_identify(venv/lib/python3.12/site-packages/setuptools/_vendor/jaraco/functools/__pycache__) by extension 'python'
[1.855s] Level 1:colcon.colcon_core.package_identification:_identify(venv/lib/python3.12/site-packages/setuptools/_vendor/jaraco/functools/__pycache__) by extensions ['python_setup_py']
[1.855s] Level 1:colcon.colcon_core.package_identification:_identify(venv/lib/python3.12/site-packages/setuptools/_vendor/jaraco/functools/__pycache__) by extension 'python_setup_py'
[1.855s] Level 1:colcon.colcon_core.package_identification:_identify(venv/lib/python3.12/site-packages/setuptools/_vendor/jaraco/text) by extensions ['ignore', 'ignore_ament_install']
[1.855s] Level 1:colcon.colcon_core.package_identification:_identify(venv/lib/python3.12/site-packages/setuptools/_vendor/jaraco/text) by extension 'ignore'
[1.855s] Level 1:colcon.colcon_core.package_identification:_identify(venv/lib/python3.12/site-packages/setuptools/_vendor/jaraco/text) by extension 'ignore_ament_install'
[1.855s] Level 1:colcon.colcon_core.package_identification:_identify(venv/lib/python3.12/site-packages/setuptools/_vendor/jaraco/text) by extensions ['colcon_pkg']
[1.855s] Level 1:colcon.colcon_core.package_identification:_identify(venv/lib/python3.12/site-packages/setuptools/_vendor/jaraco/text) by extension 'colcon_pkg'
[1.855s] Level 1:colcon.colcon_core.package_identification:_identify(venv/lib/python3.12/site-packages/setuptools/_vendor/jaraco/text) by extensions ['colcon_meta']
[1.855s] Level 1:colcon.colcon_core.package_identification:_identify(venv/lib/python3.12/site-packages/setuptools/_vendor/jaraco/text) by extension 'colcon_meta'
[1.855s] Level 1:colcon.colcon_core.package_identification:_identify(venv/lib/python3.12/site-packages/setuptools/_vendor/jaraco/text) by extensions ['ros']
[1.855s] Level 1:colcon.colcon_core.package_identification:_identify(venv/lib/python3.12/site-packages/setuptools/_vendor/jaraco/text) by extension 'ros'
[1.855s] Level 1:colcon.colcon_core.package_identification:_identify(venv/lib/python3.12/site-packages/setuptools/_vendor/jaraco/text) by extensions ['cmake', 'python']
[1.855s] Level 1:colcon.colcon_core.package_identification:_identify(venv/lib/python3.12/site-packages/setuptools/_vendor/jaraco/text) by extension 'cmake'
[1.855s] Level 1:colcon.colcon_core.package_identification:_identify(venv/lib/python3.12/site-packages/setuptools/_vendor/jaraco/text) by extension 'python'
[1.856s] Level 1:colcon.colcon_core.package_identification:_identify(venv/lib/python3.12/site-packages/setuptools/_vendor/jaraco/text) by extensions ['python_setup_py']
[1.856s] Level 1:colcon.colcon_core.package_identification:_identify(venv/lib/python3.12/site-packages/setuptools/_vendor/jaraco/text) by extension 'python_setup_py'
[1.856s] Level 1:colcon.colcon_core.package_identification:_identify(venv/lib/python3.12/site-packages/setuptools/_vendor/jaraco/text/__pycache__) by extensions ['ignore', 'ignore_ament_install']
[1.856s] Level 1:colcon.colcon_core.package_identification:_identify(venv/lib/python3.12/site-packages/setuptools/_vendor/jaraco/text/__pycache__) by extension 'ignore'
[1.856s] Level 1:colcon.colcon_core.package_identification:_identify(venv/lib/python3.12/site-packages/setuptools/_vendor/jaraco/text/__pycache__) by extension 'ignore_ament_install'
[1.856s] Level 1:colcon.colcon_core.package_identification:_identify(venv/lib/python3.12/site-packages/setuptools/_vendor/jaraco/text/__pycache__) by extensions ['colcon_pkg']
[1.856s] Level 1:colcon.colcon_core.package_identification:_identify(venv/lib/python3.12/site-packages/setuptools/_vendor/jaraco/text/__pycache__) by extension 'colcon_pkg'
[1.856s] Level 1:colcon.colcon_core.package_identification:_identify(venv/lib/python3.12/site-packages/setuptools/_vendor/jaraco/text/__pycache__) by extensions ['colcon_meta']
[1.856s] Level 1:colcon.colcon_core.package_identification:_identify(venv/lib/python3.12/site-packages/setuptools/_vendor/jaraco/text/__pycache__) by extension 'colcon_meta'
[1.856s] Level 1:colcon.colcon_core.package_identification:_identify(venv/lib/python3.12/site-packages/setuptools/_vendor/jaraco/text/__pycache__) by extensions ['ros']
[1.856s] Level 1:colcon.colcon_core.package_identification:_identify(venv/lib/python3.12/site-packages/setuptools/_vendor/jaraco/text/__pycache__) by extension 'ros'
[1.856s] Level 1:colcon.colcon_core.package_identification:_identify(venv/lib/python3.12/site-packages/setuptools/_vendor/jaraco/text/__pycache__) by extensions ['cmake', 'python']
[1.856s] Level 1:colcon.colcon_core.package_identification:_identify(venv/lib/python3.12/site-packages/setuptools/_vendor/jaraco/text/__pycache__) by extension 'cmake'
[1.856s] Level 1:colcon.colcon_core.package_identification:_identify(venv/lib/python3.12/site-packages/setuptools/_vendor/jaraco/text/__pycache__) by extension 'python'
[1.856s] Level 1:colcon.colcon_core.package_identification:_identify(venv/lib/python3.12/site-packages/setuptools/_vendor/jaraco/text/__pycache__) by extensions ['python_setup_py']
[1.856s] Level 1:colcon.colcon_core.package_identification:_identify(venv/lib/python3.12/site-packages/setuptools/_vendor/jaraco/text/__pycache__) by extension 'python_setup_py'
[1.857s] Level 1:colcon.colcon_core.package_identification:_identify(venv/lib/python3.12/site-packages/setuptools/_vendor/jaraco.text-4.0.0.dist-info) by extensions ['ignore', 'ignore_ament_install']
[1.857s] Level 1:colcon.colcon_core.package_identification:_identify(venv/lib/python3.12/site-packages/setuptools/_vendor/jaraco.text-4.0.0.dist-info) by extension 'ignore'
[1.857s] Level 1:colcon.colcon_core.package_identification:_identify(venv/lib/python3.12/site-packages/setuptools/_vendor/jaraco.text-4.0.0.dist-info) by extension 'ignore_ament_install'
[1.857s] Level 1:colcon.colcon_core.package_identification:_identify(venv/lib/python3.12/site-packages/setuptools/_vendor/jaraco.text-4.0.0.dist-info) by extensions ['colcon_pkg']
[1.857s] Level 1:colcon.colcon_core.package_identification:_identify(venv/lib/python3.12/site-packages/setuptools/_vendor/jaraco.text-4.0.0.dist-info) by extension 'colcon_pkg'
[1.857s] Level 1:colcon.colcon_core.package_identification:_identify(venv/lib/python3.12/site-packages/setuptools/_vendor/jaraco.text-4.0.0.dist-info) by extensions ['colcon_meta']
[1.857s] Level 1:colcon.colcon_core.package_identification:_identify(venv/lib/python3.12/site-packages/setuptools/_vendor/jaraco.text-4.0.0.dist-info) by extension 'colcon_meta'
[1.857s] Level 1:colcon.colcon_core.package_identification:_identify(venv/lib/python3.12/site-packages/setuptools/_vendor/jaraco.text-4.0.0.dist-info) by extensions ['ros']
[1.857s] Level 1:colcon.colcon_core.package_identification:_identify(venv/lib/python3.12/site-packages/setuptools/_vendor/jaraco.text-4.0.0.dist-info) by extension 'ros'
[1.857s] Level 1:colcon.colcon_core.package_identification:_identify(venv/lib/python3.12/site-packages/setuptools/_vendor/jaraco.text-4.0.0.dist-info) by extensions ['cmake', 'python']
[1.857s] Level 1:colcon.colcon_core.package_identification:_identify(venv/lib/python3.12/site-packages/setuptools/_vendor/jaraco.text-4.0.0.dist-info) by extension 'cmake'
[1.857s] Level 1:colcon.colcon_core.package_identification:_identify(venv/lib/python3.12/site-packages/setuptools/_vendor/jaraco.text-4.0.0.dist-info) by extension 'python'
[1.857s] Level 1:colcon.colcon_core.package_identification:_identify(venv/lib/python3.12/site-packages/setuptools/_vendor/jaraco.text-4.0.0.dist-info) by extensions ['python_setup_py']
[1.857s] Level 1:colcon.colcon_core.package_identification:_identify(venv/lib/python3.12/site-packages/setuptools/_vendor/jaraco.text-4.0.0.dist-info) by extension 'python_setup_py'
[1.857s] Level 1:colcon.colcon_core.package_identification:_identify(venv/lib/python3.12/site-packages/setuptools/_vendor/jaraco_context-6.1.0.dist-info) by extensions ['ignore', 'ignore_ament_install']
[1.857s] Level 1:colcon.colcon_core.package_identification:_identify(venv/lib/python3.12/site-packages/setuptools/_vendor/jaraco_context-6.1.0.dist-info) by extension 'ignore'
[1.858s] Level 1:colcon.colcon_core.package_identification:_identify(venv/lib/python3.12/site-packages/setuptools/_vendor/jaraco_context-6.1.0.dist-info) by extension 'ignore_ament_install'
[1.858s] Level 1:colcon.colcon_core.package_identification:_identify(venv/lib/python3.12/site-packages/setuptools/_vendor/jaraco_context-6.1.0.dist-info) by extensions ['colcon_pkg']
[1.858s] Level 1:colcon.colcon_core.package_identification:_identify(venv/lib/python3.12/site-packages/setuptools/_vendor/jaraco_context-6.1.0.dist-info) by extension 'colcon_pkg'
[1.858s] Level 1:colcon.colcon_core.package_identification:_identify(venv/lib/python3.12/site-packages/setuptools/_vendor/jaraco_context-6.1.0.dist-info) by extensions ['colcon_meta']
[1.858s] Level 1:colcon.colcon_core.package_identification:_identify(venv/lib/python3.12/site-packages/setuptools/_vendor/jaraco_context-6.1.0.dist-info) by extension 'colcon_meta'
[1.858s] Level 1:colcon.colcon_core.package_identification:_identify(venv/lib/python3.12/site-packages/setuptools/_vendor/jaraco_context-6.1.0.dist-info) by extensions ['ros']
[1.858s] Level 1:colcon.colcon_core.package_identification:_identify(venv/lib/python3.12/site-packages/setuptools/_vendor/jaraco_context-6.1.0.dist-info) by extension 'ros'
[1.858s] Level 1:colcon.colcon_core.package_identification:_identify(venv/lib/python3.12/site-packages/setuptools/_vendor/jaraco_context-6.1.0.dist-info) by extensions ['cmake', 'python']
[1.858s] Level 1:colcon.colcon_core.package_identification:_identify(venv/lib/python3.12/site-packages/setuptools/_vendor/jaraco_context-6.1.0.dist-info) by extension 'cmake'
[1.858s] Level 1:colcon.colcon_core.package_identification:_identify(venv/lib/python3.12/site-packages/setuptools/_vendor/jaraco_context-6.1.0.dist-info) by extension 'python'
[1.858s] Level 1:colcon.colcon_core.package_identification:_identify(venv/lib/python3.12/site-packages/setuptools/_vendor/jaraco_context-6.1.0.dist-info) by extensions ['python_setup_py']
[1.858s] Level 1:colcon.colcon_core.package_identification:_identify(venv/lib/python3.12/site-packages/setuptools/_vendor/jaraco_context-6.1.0.dist-info) by extension 'python_setup_py'
[1.858s] Level 1:colcon.colcon_core.package_identification:_identify(venv/lib/python3.12/site-packages/setuptools/_vendor/jaraco_context-6.1.0.dist-info/licenses) by extensions ['ignore', 'ignore_ament_install']
[1.858s] Level 1:colcon.colcon_core.package_identification:_identify(venv/lib/python3.12/site-packages/setuptools/_vendor/jaraco_context-6.1.0.dist-info/licenses) by extension 'ignore'
[1.858s] Level 1:colcon.colcon_core.package_identification:_identify(venv/lib/python3.12/site-packages/setuptools/_vendor/jaraco_context-6.1.0.dist-info/licenses) by extension 'ignore_ament_install'
[1.858s] Level 1:colcon.colcon_core.package_identification:_identify(venv/lib/python3.12/site-packages/setuptools/_vendor/jaraco_context-6.1.0.dist-info/licenses) by extensions ['colcon_pkg']
[1.859s] Level 1:colcon.colcon_core.package_identification:_identify(venv/lib/python3.12/site-packages/setuptools/_vendor/jaraco_context-6.1.0.dist-info/licenses) by extension 'colcon_pkg'
[1.859s] Level 1:colcon.colcon_core.package_identification:_identify(venv/lib/python3.12/site-packages/setuptools/_vendor/jaraco_context-6.1.0.dist-info/licenses) by extensions ['colcon_meta']
[1.859s] Level 1:colcon.colcon_core.package_identification:_identify(venv/lib/python3.12/site-packages/setuptools/_vendor/jaraco_context-6.1.0.dist-info/licenses) by extension 'colcon_meta'
[1.859s] Level 1:colcon.colcon_core.package_identification:_identify(venv/lib/python3.12/site-packages/setuptools/_vendor/jaraco_context-6.1.0.dist-info/licenses) by extensions ['ros']
[1.859s] Level 1:colcon.colcon_core.package_identification:_identify(venv/lib/python3.12/site-packages/setuptools/_vendor/jaraco_context-6.1.0.dist-info/licenses) by extension 'ros'
[1.859s] Level 1:colcon.colcon_core.package_identification:_identify(venv/lib/python3.12/site-packages/setuptools/_vendor/jaraco_context-6.1.0.dist-info/licenses) by extensions ['cmake', 'python']
[1.859s] Level 1:colcon.colcon_core.package_identification:_identify(venv/lib/python3.12/site-packages/setuptools/_vendor/jaraco_context-6.1.0.dist-info/licenses) by extension 'cmake'
[1.859s] Level 1:colcon.colcon_core.package_identification:_identify(venv/lib/python3.12/site-packages/setuptools/_vendor/jaraco_context-6.1.0.dist-info/licenses) by extension 'python'
[1.859s] Level 1:colcon.colcon_core.package_identification:_identify(venv/lib/python3.12/site-packages/setuptools/_vendor/jaraco_context-6.1.0.dist-info/licenses) by extensions ['python_setup_py']
[1.859s] Level 1:colcon.colcon_core.package_identification:_identify(venv/lib/python3.12/site-packages/setuptools/_vendor/jaraco_context-6.1.0.dist-info/licenses) by extension 'python_setup_py'
[1.859s] Level 1:colcon.colcon_core.package_identification:_identify(venv/lib/python3.12/site-packages/setuptools/_vendor/jaraco_functools-4.4.0.dist-info) by extensions ['ignore', 'ignore_ament_install']
[1.859s] Level 1:colcon.colcon_core.package_identification:_identify(venv/lib/python3.12/site-packages/setuptools/_vendor/jaraco_functools-4.4.0.dist-info) by extension 'ignore'
[1.859s] Level 1:colcon.colcon_core.package_identification:_identify(venv/lib/python3.12/site-packages/setuptools/_vendor/jaraco_functools-4.4.0.dist-info) by extension 'ignore_ament_install'
[1.859s] Level 1:colcon.colcon_core.package_identification:_identify(venv/lib/python3.12/site-packages/setuptools/_vendor/jaraco_functools-4.4.0.dist-info) by extensions ['colcon_pkg']
[1.859s] Level 1:colcon.colcon_core.package_identification:_identify(venv/lib/python3.12/site-packages/setuptools/_vendor/jaraco_functools-4.4.0.dist-info) by extension 'colcon_pkg'
[1.860s] Level 1:colcon.colcon_core.package_identification:_identify(venv/lib/python3.12/site-packages/setuptools/_vendor/jaraco_functools-4.4.0.dist-info) by extensions ['colcon_meta']
[1.860s] Level 1:colcon.colcon_core.package_identification:_identify(venv/lib/python3.12/site-packages/setuptools/_vendor/jaraco_functools-4.4.0.dist-info) by extension 'colcon_meta'
[1.860s] Level 1:colcon.colcon_core.package_identification:_identify(venv/lib/python3.12/site-packages/setuptools/_vendor/jaraco_functools-4.4.0.dist-info) by extensions ['ros']
[1.860s] Level 1:colcon.colcon_core.package_identification:_identify(venv/lib/python3.12/site-packages/setuptools/_vendor/jaraco_functools-4.4.0.dist-info) by extension 'ros'
[1.860s] Level 1:colcon.colcon_core.package_identification:_identify(venv/lib/python3.12/site-packages/setuptools/_vendor/jaraco_functools-4.4.0.dist-info) by extensions ['cmake', 'python']
[1.860s] Level 1:colcon.colcon_core.package_identification:_identify(venv/lib/python3.12/site-packages/setuptools/_vendor/jaraco_functools-4.4.0.dist-info) by extension 'cmake'
[1.860s] Level 1:colcon.colcon_core.package_identification:_identify(venv/lib/python3.12/site-packages/setuptools/_vendor/jaraco_functools-4.4.0.dist-info) by extension 'python'
[1.860s] Level 1:colcon.colcon_core.package_identification:_identify(venv/lib/python3.12/site-packages/setuptools/_vendor/jaraco_functools-4.4.0.dist-info) by extensions ['python_setup_py']
[1.860s] Level 1:colcon.colcon_core.package_identification:_identify(venv/lib/python3.12/site-packages/setuptools/_vendor/jaraco_functools-4.4.0.dist-info) by extension 'python_setup_py'
[1.860s] Level 1:colcon.colcon_core.package_identification:_identify(venv/lib/python3.12/site-packages/setuptools/_vendor/jaraco_functools-4.4.0.dist-info/licenses) by extensions ['ignore', 'ignore_ament_install']
[1.860s] Level 1:colcon.colcon_core.package_identification:_identify(venv/lib/python3.12/site-packages/setuptools/_vendor/jaraco_functools-4.4.0.dist-info/licenses) by extension 'ignore'
[1.860s] Level 1:colcon.colcon_core.package_identification:_identify(venv/lib/python3.12/site-packages/setuptools/_vendor/jaraco_functools-4.4.0.dist-info/licenses) by extension 'ignore_ament_install'
[1.860s] Level 1:colcon.colcon_core.package_identification:_identify(venv/lib/python3.12/site-packages/setuptools/_vendor/jaraco_functools-4.4.0.dist-info/licenses) by extensions ['colcon_pkg']
[1.861s] Level 1:colcon.colcon_core.package_identification:_identify(venv/lib/python3.12/site-packages/setuptools/_vendor/jaraco_functools-4.4.0.dist-info/licenses) by extension 'colcon_pkg'
[1.861s] Level 1:colcon.colcon_core.package_identification:_identify(venv/lib/python3.12/site-packages/setuptools/_vendor/jaraco_functools-4.4.0.dist-info/licenses) by extensions ['colcon_meta']
[1.861s] Level 1:colcon.colcon_core.package_identification:_identify(venv/lib/python3.12/site-packages/setuptools/_vendor/jaraco_functools-4.4.0.dist-info/licenses) by extension 'colcon_meta'
[1.861s] Level 1:colcon.colcon_core.package_identification:_identify(venv/lib/python3.12/site-packages/setuptools/_vendor/jaraco_functools-4.4.0.dist-info/licenses) by extensions ['ros']
[1.861s] Level 1:colcon.colcon_core.package_identification:_identify(venv/lib/python3.12/site-packages/setuptools/_vendor/jaraco_functools-4.4.0.dist-info/licenses) by extension 'ros'
[1.861s] Level 1:colcon.colcon_core.package_identification:_identify(venv/lib/python3.12/site-packages/setuptools/_vendor/jaraco_functools-4.4.0.dist-info/licenses) by extensions ['cmake', 'python']
[1.861s] Level 1:colcon.colcon_core.package_identification:_identify(venv/lib/python3.12/site-packages/setuptools/_vendor/jaraco_functools-4.4.0.dist-info/licenses) by extension 'cmake'
[1.861s] Level 1:colcon.colcon_core.package_identification:_identify(venv/lib/python3.12/site-packages/setuptools/_vendor/jaraco_functools-4.4.0.dist-info/licenses) by extension 'python'
[1.861s] Level 1:colcon.colcon_core.package_identification:_identify(venv/lib/python3.12/site-packages/setuptools/_vendor/jaraco_functools-4.4.0.dist-info/licenses) by extensions ['python_setup_py']
[1.861s] Level 1:colcon.colcon_core.package_identification:_identify(venv/lib/python3.12/site-packages/setuptools/_vendor/jaraco_functools-4.4.0.dist-info/licenses) by extension 'python_setup_py'
[1.861s] Level 1:colcon.colcon_core.package_identification:_identify(venv/lib/python3.12/site-packages/setuptools/_vendor/more_itertools) by extensions ['ignore', 'ignore_ament_install']
[1.861s] Level 1:colcon.colcon_core.package_identification:_identify(venv/lib/python3.12/site-packages/setuptools/_vendor/more_itertools) by extension 'ignore'
[1.861s] Level 1:colcon.colcon_core.package_identification:_identify(venv/lib/python3.12/site-packages/setuptools/_vendor/more_itertools) by extension 'ignore_ament_install'
[1.861s] Level 1:colcon.colcon_core.package_identification:_identify(venv/lib/python3.12/site-packages/setuptools/_vendor/more_itertools) by extensions ['colcon_pkg']
[1.861s] Level 1:colcon.colcon_core.package_identification:_identify(venv/lib/python3.12/site-packages/setuptools/_vendor/more_itertools) by extension 'colcon_pkg'
[1.861s] Level 1:colcon.colcon_core.package_identification:_identify(venv/lib/python3.12/site-packages/setuptools/_vendor/more_itertools) by extensions ['colcon_meta']
[1.862s] Level 1:colcon.colcon_core.package_identification:_identify(venv/lib/python3.12/site-packages/setuptools/_vendor/more_itertools) by extension 'colcon_meta'
[1.862s] Level 1:colcon.colcon_core.package_identification:_identify(venv/lib/python3.12/site-packages/setuptools/_vendor/more_itertools) by extensions ['ros']
[1.862s] Level 1:colcon.colcon_core.package_identification:_identify(venv/lib/python3.12/site-packages/setuptools/_vendor/more_itertools) by extension 'ros'
[1.862s] Level 1:colcon.colcon_core.package_identification:_identify(venv/lib/python3.12/site-packages/setuptools/_vendor/more_itertools) by extensions ['cmake', 'python']
[1.862s] Level 1:colcon.colcon_core.package_identification:_identify(venv/lib/python3.12/site-packages/setuptools/_vendor/more_itertools) by extension 'cmake'
[1.862s] Level 1:colcon.colcon_core.package_identification:_identify(venv/lib/python3.12/site-packages/setuptools/_vendor/more_itertools) by extension 'python'
[1.862s] Level 1:colcon.colcon_core.package_identification:_identify(venv/lib/python3.12/site-packages/setuptools/_vendor/more_itertools) by extensions ['python_setup_py']
[1.862s] Level 1:colcon.colcon_core.package_identification:_identify(venv/lib/python3.12/site-packages/setuptools/_vendor/more_itertools) by extension 'python_setup_py'
[1.862s] Level 1:colcon.colcon_core.package_identification:_identify(venv/lib/python3.12/site-packages/setuptools/_vendor/more_itertools/__pycache__) by extensions ['ignore', 'ignore_ament_install']
[1.862s] Level 1:colcon.colcon_core.package_identification:_identify(venv/lib/python3.12/site-packages/setuptools/_vendor/more_itertools/__pycache__) by extension 'ignore'
[1.862s] Level 1:colcon.colcon_core.package_identification:_identify(venv/lib/python3.12/site-packages/setuptools/_vendor/more_itertools/__pycache__) by extension 'ignore_ament_install'
[1.862s] Level 1:colcon.colcon_core.package_identification:_identify(venv/lib/python3.12/site-packages/setuptools/_vendor/more_itertools/__pycache__) by extensions ['colcon_pkg']
[1.862s] Level 1:colcon.colcon_core.package_identification:_identify(venv/lib/python3.12/site-packages/setuptools/_vendor/more_itertools/__pycache__) by extension 'colcon_pkg'
[1.863s] Level 1:colcon.colcon_core.package_identification:_identify(venv/lib/python3.12/site-packages/setuptools/_vendor/more_itertools/__pycache__) by extensions ['colcon_meta']
[1.863s] Level 1:colcon.colcon_core.package_identification:_identify(venv/lib/python3.12/site-packages/setuptools/_vendor/more_itertools/__pycache__) by extension 'colcon_meta'
[1.863s] Level 1:colcon.colcon_core.package_identification:_identify(venv/lib/python3.12/site-packages/setuptools/_vendor/more_itertools/__pycache__) by extensions ['ros']
[1.863s] Level 1:colcon.colcon_core.package_identification:_identify(venv/lib/python3.12/site-packages/setuptools/_vendor/more_itertools/__pycache__) by extension 'ros'
[1.863s] Level 1:colcon.colcon_core.package_identification:_identify(venv/lib/python3.12/site-packages/setuptools/_vendor/more_itertools/__pycache__) by extensions ['cmake', 'python']
[1.863s] Level 1:colcon.colcon_core.package_identification:_identify(venv/lib/python3.12/site-packages/setuptools/_vendor/more_itertools/__pycache__) by extension 'cmake'
[1.863s] Level 1:colcon.colcon_core.package_identification:_identify(venv/lib/python3.12/site-packages/setuptools/_vendor/more_itertools/__pycache__) by extension 'python'
[1.863s] Level 1:colcon.colcon_core.package_identification:_identify(venv/lib/python3.12/site-packages/setuptools/_vendor/more_itertools/__pycache__) by extensions ['python_setup_py']
[1.863s] Level 1:colcon.colcon_core.package_identification:_identify(venv/lib/python3.12/site-packages/setuptools/_vendor/more_itertools/__pycache__) by extension 'python_setup_py'
[1.863s] Level 1:colcon.colcon_core.package_identification:_identify(venv/lib/python3.12/site-packages/setuptools/_vendor/more_itertools-10.8.0.dist-info) by extensions ['ignore', 'ignore_ament_install']
[1.863s] Level 1:colcon.colcon_core.package_identification:_identify(venv/lib/python3.12/site-packages/setuptools/_vendor/more_itertools-10.8.0.dist-info) by extension 'ignore'
[1.863s] Level 1:colcon.colcon_core.package_identification:_identify(venv/lib/python3.12/site-packages/setuptools/_vendor/more_itertools-10.8.0.dist-info) by extension 'ignore_ament_install'
[1.863s] Level 1:colcon.colcon_core.package_identification:_identify(venv/lib/python3.12/site-packages/setuptools/_vendor/more_itertools-10.8.0.dist-info) by extensions ['colcon_pkg']
[1.864s] Level 1:colcon.colcon_core.package_identification:_identify(venv/lib/python3.12/site-packages/setuptools/_vendor/more_itertools-10.8.0.dist-info) by extension 'colcon_pkg'
[1.864s] Level 1:colcon.colcon_core.package_identification:_identify(venv/lib/python3.12/site-packages/setuptools/_vendor/more_itertools-10.8.0.dist-info) by extensions ['colcon_meta']
[1.864s] Level 1:colcon.colcon_core.package_identification:_identify(venv/lib/python3.12/site-packages/setuptools/_vendor/more_itertools-10.8.0.dist-info) by extension 'colcon_meta'
[1.864s] Level 1:colcon.colcon_core.package_identification:_identify(venv/lib/python3.12/site-packages/setuptools/_vendor/more_itertools-10.8.0.dist-info) by extensions ['ros']
[1.864s] Level 1:colcon.colcon_core.package_identification:_identify(venv/lib/python3.12/site-packages/setuptools/_vendor/more_itertools-10.8.0.dist-info) by extension 'ros'
[1.864s] Level 1:colcon.colcon_core.package_identification:_identify(venv/lib/python3.12/site-packages/setuptools/_vendor/more_itertools-10.8.0.dist-info) by extensions ['cmake', 'python']
[1.864s] Level 1:colcon.colcon_core.package_identification:_identify(venv/lib/python3.12/site-packages/setuptools/_vendor/more_itertools-10.8.0.dist-info) by extension 'cmake'
[1.864s] Level 1:colcon.colcon_core.package_identification:_identify(venv/lib/python3.12/site-packages/setuptools/_vendor/more_itertools-10.8.0.dist-info) by extension 'python'
[1.864s] Level 1:colcon.colcon_core.package_identification:_identify(venv/lib/python3.12/site-packages/setuptools/_vendor/more_itertools-10.8.0.dist-info) by extensions ['python_setup_py']
[1.864s] Level 1:colcon.colcon_core.package_identification:_identify(venv/lib/python3.12/site-packages/setuptools/_vendor/more_itertools-10.8.0.dist-info) by extension 'python_setup_py'
[1.864s] Level 1:colcon.colcon_core.package_identification:_identify(venv/lib/python3.12/site-packages/setuptools/_vendor/more_itertools-10.8.0.dist-info/licenses) by extensions ['ignore', 'ignore_ament_install']
[1.864s] Level 1:colcon.colcon_core.package_identification:_identify(venv/lib/python3.12/site-packages/setuptools/_vendor/more_itertools-10.8.0.dist-info/licenses) by extension 'ignore'
[1.864s] Level 1:colcon.colcon_core.package_identification:_identify(venv/lib/python3.12/site-packages/setuptools/_vendor/more_itertools-10.8.0.dist-info/licenses) by extension 'ignore_ament_install'
[1.865s] Level 1:colcon.colcon_core.package_identification:_identify(venv/lib/python3.12/site-packages/setuptools/_vendor/more_itertools-10.8.0.dist-info/licenses) by extensions ['colcon_pkg']
[1.865s] Level 1:colcon.colcon_core.package_identification:_identify(venv/lib/python3.12/site-packages/setuptools/_vendor/more_itertools-10.8.0.dist-info/licenses) by extension 'colcon_pkg'
[1.865s] Level 1:colcon.colcon_core.package_identification:_identify(venv/lib/python3.12/site-packages/setuptools/_vendor/more_itertools-10.8.0.dist-info/licenses) by extensions ['colcon_meta']
[1.865s] Level 1:colcon.colcon_core.package_identification:_identify(venv/lib/python3.12/site-packages/setuptools/_vendor/more_itertools-10.8.0.dist-info/licenses) by extension 'colcon_meta'
[1.865s] Level 1:colcon.colcon_core.package_identification:_identify(venv/lib/python3.12/site-packages/setuptools/_vendor/more_itertools-10.8.0.dist-info/licenses) by extensions ['ros']
[1.865s] Level 1:colcon.colcon_core.package_identification:_identify(venv/lib/python3.12/site-packages/setuptools/_vendor/more_itertools-10.8.0.dist-info/licenses) by extension 'ros'
[1.865s] Level 1:colcon.colcon_core.package_identification:_identify(venv/lib/python3.12/site-packages/setuptools/_vendor/more_itertools-10.8.0.dist-info/licenses) by extensions ['cmake', 'python']
[1.865s] Level 1:colcon.colcon_core.package_identification:_identify(venv/lib/python3.12/site-packages/setuptools/_vendor/more_itertools-10.8.0.dist-info/licenses) by extension 'cmake'
[1.865s] Level 1:colcon.colcon_core.package_identification:_identify(venv/lib/python3.12/site-packages/setuptools/_vendor/more_itertools-10.8.0.dist-info/licenses) by extension 'python'
[1.865s] Level 1:colcon.colcon_core.package_identification:_identify(venv/lib/python3.12/site-packages/setuptools/_vendor/more_itertools-10.8.0.dist-info/licenses) by extensions ['python_setup_py']
[1.865s] Level 1:colcon.colcon_core.package_identification:_identify(venv/lib/python3.12/site-packages/setuptools/_vendor/more_itertools-10.8.0.dist-info/licenses) by extension 'python_setup_py'
[1.866s] Level 1:colcon.colcon_core.package_identification:_identify(venv/lib/python3.12/site-packages/setuptools/_vendor/packaging) by extensions ['ignore', 'ignore_ament_install']
[1.866s] Level 1:colcon.colcon_core.package_identification:_identify(venv/lib/python3.12/site-packages/setuptools/_vendor/packaging) by extension 'ignore'
[1.866s] Level 1:colcon.colcon_core.package_identification:_identify(venv/lib/python3.12/site-packages/setuptools/_vendor/packaging) by extension 'ignore_ament_install'
[1.866s] Level 1:colcon.colcon_core.package_identification:_identify(venv/lib/python3.12/site-packages/setuptools/_vendor/packaging) by extensions ['colcon_pkg']
[1.866s] Level 1:colcon.colcon_core.package_identification:_identify(venv/lib/python3.12/site-packages/setuptools/_vendor/packaging) by extension 'colcon_pkg'
[1.866s] Level 1:colcon.colcon_core.package_identification:_identify(venv/lib/python3.12/site-packages/setuptools/_vendor/packaging) by extensions ['colcon_meta']
[1.866s] Level 1:colcon.colcon_core.package_identification:_identify(venv/lib/python3.12/site-packages/setuptools/_vendor/packaging) by extension 'colcon_meta'
[1.866s] Level 1:colcon.colcon_core.package_identification:_identify(venv/lib/python3.12/site-packages/setuptools/_vendor/packaging) by extensions ['ros']
[1.866s] Level 1:colcon.colcon_core.package_identification:_identify(venv/lib/python3.12/site-packages/setuptools/_vendor/packaging) by extension 'ros'
[1.866s] Level 1:colcon.colcon_core.package_identification:_identify(venv/lib/python3.12/site-packages/setuptools/_vendor/packaging) by extensions ['cmake', 'python']
[1.866s] Level 1:colcon.colcon_core.package_identification:_identify(venv/lib/python3.12/site-packages/setuptools/_vendor/packaging) by extension 'cmake'
[1.866s] Level 1:colcon.colcon_core.package_identification:_identify(venv/lib/python3.12/site-packages/setuptools/_vendor/packaging) by extension 'python'
[1.866s] Level 1:colcon.colcon_core.package_identification:_identify(venv/lib/python3.12/site-packages/setuptools/_vendor/packaging) by extensions ['python_setup_py']
[1.866s] Level 1:colcon.colcon_core.package_identification:_identify(venv/lib/python3.12/site-packages/setuptools/_vendor/packaging) by extension 'python_setup_py'
[1.866s] Level 1:colcon.colcon_core.package_identification:_identify(venv/lib/python3.12/site-packages/setuptools/_vendor/packaging/__pycache__) by extensions ['ignore', 'ignore_ament_install']
[1.867s] Level 1:colcon.colcon_core.package_identification:_identify(venv/lib/python3.12/site-packages/setuptools/_vendor/packaging/__pycache__) by extension 'ignore'
[1.867s] Level 1:colcon.colcon_core.package_identification:_identify(venv/lib/python3.12/site-packages/setuptools/_vendor/packaging/__pycache__) by extension 'ignore_ament_install'
[1.867s] Level 1:colcon.colcon_core.package_identification:_identify(venv/lib/python3.12/site-packages/setuptools/_vendor/packaging/__pycache__) by extensions ['colcon_pkg']
[1.867s] Level 1:colcon.colcon_core.package_identification:_identify(venv/lib/python3.12/site-packages/setuptools/_vendor/packaging/__pycache__) by extension 'colcon_pkg'
[1.867s] Level 1:colcon.colcon_core.package_identification:_identify(venv/lib/python3.12/site-packages/setuptools/_vendor/packaging/__pycache__) by extensions ['colcon_meta']
[1.867s] Level 1:colcon.colcon_core.package_identification:_identify(venv/lib/python3.12/site-packages/setuptools/_vendor/packaging/__pycache__) by extension 'colcon_meta'
[1.867s] Level 1:colcon.colcon_core.package_identification:_identify(venv/lib/python3.12/site-packages/setuptools/_vendor/packaging/__pycache__) by extensions ['ros']
[1.867s] Level 1:colcon.colcon_core.package_identification:_identify(venv/lib/python3.12/site-packages/setuptools/_vendor/packaging/__pycache__) by extension 'ros'
[1.867s] Level 1:colcon.colcon_core.package_identification:_identify(venv/lib/python3.12/site-packages/setuptools/_vendor/packaging/__pycache__) by extensions ['cmake', 'python']
[1.867s] Level 1:colcon.colcon_core.package_identification:_identify(venv/lib/python3.12/site-packages/setuptools/_vendor/packaging/__pycache__) by extension 'cmake'
[1.867s] Level 1:colcon.colcon_core.package_identification:_identify(venv/lib/python3.12/site-packages/setuptools/_vendor/packaging/__pycache__) by extension 'python'
[1.867s] Level 1:colcon.colcon_core.package_identification:_identify(venv/lib/python3.12/site-packages/setuptools/_vendor/packaging/__pycache__) by extensions ['python_setup_py']
[1.867s] Level 1:colcon.colcon_core.package_identification:_identify(venv/lib/python3.12/site-packages/setuptools/_vendor/packaging/__pycache__) by extension 'python_setup_py'
[1.867s] Level 1:colcon.colcon_core.package_identification:_identify(venv/lib/python3.12/site-packages/setuptools/_vendor/packaging/licenses) by extensions ['ignore', 'ignore_ament_install']
[1.867s] Level 1:colcon.colcon_core.package_identification:_identify(venv/lib/python3.12/site-packages/setuptools/_vendor/packaging/licenses) by extension 'ignore'
[1.867s] Level 1:colcon.colcon_core.package_identification:_identify(venv/lib/python3.12/site-packages/setuptools/_vendor/packaging/licenses) by extension 'ignore_ament_install'
[1.868s] Level 1:colcon.colcon_core.package_identification:_identify(venv/lib/python3.12/site-packages/setuptools/_vendor/packaging/licenses) by extensions ['colcon_pkg']
[1.868s] Level 1:colcon.colcon_core.package_identification:_identify(venv/lib/python3.12/site-packages/setuptools/_vendor/packaging/licenses) by extension 'colcon_pkg'
[1.868s] Level 1:colcon.colcon_core.package_identification:_identify(venv/lib/python3.12/site-packages/setuptools/_vendor/packaging/licenses) by extensions ['colcon_meta']
[1.868s] Level 1:colcon.colcon_core.package_identification:_identify(venv/lib/python3.12/site-packages/setuptools/_vendor/packaging/licenses) by extension 'colcon_meta'
[1.868s] Level 1:colcon.colcon_core.package_identification:_identify(venv/lib/python3.12/site-packages/setuptools/_vendor/packaging/licenses) by extensions ['ros']
[1.868s] Level 1:colcon.colcon_core.package_identification:_identify(venv/lib/python3.12/site-packages/setuptools/_vendor/packaging/licenses) by extension 'ros'
[1.868s] Level 1:colcon.colcon_core.package_identification:_identify(venv/lib/python3.12/site-packages/setuptools/_vendor/packaging/licenses) by extensions ['cmake', 'python']
[1.868s] Level 1:colcon.colcon_core.package_identification:_identify(venv/lib/python3.12/site-packages/setuptools/_vendor/packaging/licenses) by extension 'cmake'
[1.868s] Level 1:colcon.colcon_core.package_identification:_identify(venv/lib/python3.12/site-packages/setuptools/_vendor/packaging/licenses) by extension 'python'
[1.868s] Level 1:colcon.colcon_core.package_identification:_identify(venv/lib/python3.12/site-packages/setuptools/_vendor/packaging/licenses) by extensions ['python_setup_py']
[1.868s] Level 1:colcon.colcon_core.package_identification:_identify(venv/lib/python3.12/site-packages/setuptools/_vendor/packaging/licenses) by extension 'python_setup_py'
[1.868s] Level 1:colcon.colcon_core.package_identification:_identify(venv/lib/python3.12/site-packages/setuptools/_vendor/packaging/licenses/__pycache__) by extensions ['ignore', 'ignore_ament_install']
[1.868s] Level 1:colcon.colcon_core.package_identification:_identify(venv/lib/python3.12/site-packages/setuptools/_vendor/packaging/licenses/__pycache__) by extension 'ignore'
[1.868s] Level 1:colcon.colcon_core.package_identification:_identify(venv/lib/python3.12/site-packages/setuptools/_vendor/packaging/licenses/__pycache__) by extension 'ignore_ament_install'
[1.868s] Level 1:colcon.colcon_core.package_identification:_identify(venv/lib/python3.12/site-packages/setuptools/_vendor/packaging/licenses/__pycache__) by extensions ['colcon_pkg']
[1.868s] Level 1:colcon.colcon_core.package_identification:_identify(venv/lib/python3.12/site-packages/setuptools/_vendor/packaging/licenses/__pycache__) by extension 'colcon_pkg'
[1.869s] Level 1:colcon.colcon_core.package_identification:_identify(venv/lib/python3.12/site-packages/setuptools/_vendor/packaging/licenses/__pycache__) by extensions ['colcon_meta']
[1.869s] Level 1:colcon.colcon_core.package_identification:_identify(venv/lib/python3.12/site-packages/setuptools/_vendor/packaging/licenses/__pycache__) by extension 'colcon_meta'
[1.869s] Level 1:colcon.colcon_core.package_identification:_identify(venv/lib/python3.12/site-packages/setuptools/_vendor/packaging/licenses/__pycache__) by extensions ['ros']
[1.869s] Level 1:colcon.colcon_core.package_identification:_identify(venv/lib/python3.12/site-packages/setuptools/_vendor/packaging/licenses/__pycache__) by extension 'ros'
[1.869s] Level 1:colcon.colcon_core.package_identification:_identify(venv/lib/python3.12/site-packages/setuptools/_vendor/packaging/licenses/__pycache__) by extensions ['cmake', 'python']
[1.869s] Level 1:colcon.colcon_core.package_identification:_identify(venv/lib/python3.12/site-packages/setuptools/_vendor/packaging/licenses/__pycache__) by extension 'cmake'
[1.869s] Level 1:colcon.colcon_core.package_identification:_identify(venv/lib/python3.12/site-packages/setuptools/_vendor/packaging/licenses/__pycache__) by extension 'python'
[1.869s] Level 1:colcon.colcon_core.package_identification:_identify(venv/lib/python3.12/site-packages/setuptools/_vendor/packaging/licenses/__pycache__) by extensions ['python_setup_py']
[1.869s] Level 1:colcon.colcon_core.package_identification:_identify(venv/lib/python3.12/site-packages/setuptools/_vendor/packaging/licenses/__pycache__) by extension 'python_setup_py'
[1.869s] Level 1:colcon.colcon_core.package_identification:_identify(venv/lib/python3.12/site-packages/setuptools/_vendor/packaging-26.0.dist-info) by extensions ['ignore', 'ignore_ament_install']
[1.869s] Level 1:colcon.colcon_core.package_identification:_identify(venv/lib/python3.12/site-packages/setuptools/_vendor/packaging-26.0.dist-info) by extension 'ignore'
[1.869s] Level 1:colcon.colcon_core.package_identification:_identify(venv/lib/python3.12/site-packages/setuptools/_vendor/packaging-26.0.dist-info) by extension 'ignore_ament_install'
[1.869s] Level 1:colcon.colcon_core.package_identification:_identify(venv/lib/python3.12/site-packages/setuptools/_vendor/packaging-26.0.dist-info) by extensions ['colcon_pkg']
[1.869s] Level 1:colcon.colcon_core.package_identification:_identify(venv/lib/python3.12/site-packages/setuptools/_vendor/packaging-26.0.dist-info) by extension 'colcon_pkg'
[1.869s] Level 1:colcon.colcon_core.package_identification:_identify(venv/lib/python3.12/site-packages/setuptools/_vendor/packaging-26.0.dist-info) by extensions ['colcon_meta']
[1.869s] Level 1:colcon.colcon_core.package_identification:_identify(venv/lib/python3.12/site-packages/setuptools/_vendor/packaging-26.0.dist-info) by extension 'colcon_meta'
[1.870s] Level 1:colcon.colcon_core.package_identification:_identify(venv/lib/python3.12/site-packages/setuptools/_vendor/packaging-26.0.dist-info) by extensions ['ros']
[1.870s] Level 1:colcon.colcon_core.package_identification:_identify(venv/lib/python3.12/site-packages/setuptools/_vendor/packaging-26.0.dist-info) by extension 'ros'
[1.870s] Level 1:colcon.colcon_core.package_identification:_identify(venv/lib/python3.12/site-packages/setuptools/_vendor/packaging-26.0.dist-info) by extensions ['cmake', 'python']
[1.870s] Level 1:colcon.colcon_core.package_identification:_identify(venv/lib/python3.12/site-packages/setuptools/_vendor/packaging-26.0.dist-info) by extension 'cmake'
[1.870s] Level 1:colcon.colcon_core.package_identification:_identify(venv/lib/python3.12/site-packages/setuptools/_vendor/packaging-26.0.dist-info) by extension 'python'
[1.870s] Level 1:colcon.colcon_core.package_identification:_identify(venv/lib/python3.12/site-packages/setuptools/_vendor/packaging-26.0.dist-info) by extensions ['python_setup_py']
[1.870s] Level 1:colcon.colcon_core.package_identification:_identify(venv/lib/python3.12/site-packages/setuptools/_vendor/packaging-26.0.dist-info) by extension 'python_setup_py'
[1.870s] Level 1:colcon.colcon_core.package_identification:_identify(venv/lib/python3.12/site-packages/setuptools/_vendor/packaging-26.0.dist-info/licenses) by extensions ['ignore', 'ignore_ament_install']
[1.870s] Level 1:colcon.colcon_core.package_identification:_identify(venv/lib/python3.12/site-packages/setuptools/_vendor/packaging-26.0.dist-info/licenses) by extension 'ignore'
[1.870s] Level 1:colcon.colcon_core.package_identification:_identify(venv/lib/python3.12/site-packages/setuptools/_vendor/packaging-26.0.dist-info/licenses) by extension 'ignore_ament_install'
[1.870s] Level 1:colcon.colcon_core.package_identification:_identify(venv/lib/python3.12/site-packages/setuptools/_vendor/packaging-26.0.dist-info/licenses) by extensions ['colcon_pkg']
[1.870s] Level 1:colcon.colcon_core.package_identification:_identify(venv/lib/python3.12/site-packages/setuptools/_vendor/packaging-26.0.dist-info/licenses) by extension 'colcon_pkg'
[1.870s] Level 1:colcon.colcon_core.package_identification:_identify(venv/lib/python3.12/site-packages/setuptools/_vendor/packaging-26.0.dist-info/licenses) by extensions ['colcon_meta']
[1.870s] Level 1:colcon.colcon_core.package_identification:_identify(venv/lib/python3.12/site-packages/setuptools/_vendor/packaging-26.0.dist-info/licenses) by extension 'colcon_meta'
[1.870s] Level 1:colcon.colcon_core.package_identification:_identify(venv/lib/python3.12/site-packages/setuptools/_vendor/packaging-26.0.dist-info/licenses) by extensions ['ros']
[1.870s] Level 1:colcon.colcon_core.package_identification:_identify(venv/lib/python3.12/site-packages/setuptools/_vendor/packaging-26.0.dist-info/licenses) by extension 'ros'
[1.871s] Level 1:colcon.colcon_core.package_identification:_identify(venv/lib/python3.12/site-packages/setuptools/_vendor/packaging-26.0.dist-info/licenses) by extensions ['cmake', 'python']
[1.871s] Level 1:colcon.colcon_core.package_identification:_identify(venv/lib/python3.12/site-packages/setuptools/_vendor/packaging-26.0.dist-info/licenses) by extension 'cmake'
[1.871s] Level 1:colcon.colcon_core.package_identification:_identify(venv/lib/python3.12/site-packages/setuptools/_vendor/packaging-26.0.dist-info/licenses) by extension 'python'
[1.871s] Level 1:colcon.colcon_core.package_identification:_identify(venv/lib/python3.12/site-packages/setuptools/_vendor/packaging-26.0.dist-info/licenses) by extensions ['python_setup_py']
[1.871s] Level 1:colcon.colcon_core.package_identification:_identify(venv/lib/python3.12/site-packages/setuptools/_vendor/packaging-26.0.dist-info/licenses) by extension 'python_setup_py'
[1.871s] Level 1:colcon.colcon_core.package_identification:_identify(venv/lib/python3.12/site-packages/setuptools/_vendor/platformdirs) by extensions ['ignore', 'ignore_ament_install']
[1.871s] Level 1:colcon.colcon_core.package_identification:_identify(venv/lib/python3.12/site-packages/setuptools/_vendor/platformdirs) by extension 'ignore'
[1.871s] Level 1:colcon.colcon_core.package_identification:_identify(venv/lib/python3.12/site-packages/setuptools/_vendor/platformdirs) by extension 'ignore_ament_install'
[1.871s] Level 1:colcon.colcon_core.package_identification:_identify(venv/lib/python3.12/site-packages/setuptools/_vendor/platformdirs) by extensions ['colcon_pkg']
[1.871s] Level 1:colcon.colcon_core.package_identification:_identify(venv/lib/python3.12/site-packages/setuptools/_vendor/platformdirs) by extension 'colcon_pkg'
[1.871s] Level 1:colcon.colcon_core.package_identification:_identify(venv/lib/python3.12/site-packages/setuptools/_vendor/platformdirs) by extensions ['colcon_meta']
[1.871s] Level 1:colcon.colcon_core.package_identification:_identify(venv/lib/python3.12/site-packages/setuptools/_vendor/platformdirs) by extension 'colcon_meta'
[1.871s] Level 1:colcon.colcon_core.package_identification:_identify(venv/lib/python3.12/site-packages/setuptools/_vendor/platformdirs) by extensions ['ros']
[1.871s] Level 1:colcon.colcon_core.package_identification:_identify(venv/lib/python3.12/site-packages/setuptools/_vendor/platformdirs) by extension 'ros'
[1.871s] Level 1:colcon.colcon_core.package_identification:_identify(venv/lib/python3.12/site-packages/setuptools/_vendor/platformdirs) by extensions ['cmake', 'python']
[1.871s] Level 1:colcon.colcon_core.package_identification:_identify(venv/lib/python3.12/site-packages/setuptools/_vendor/platformdirs) by extension 'cmake'
[1.872s] Level 1:colcon.colcon_core.package_identification:_identify(venv/lib/python3.12/site-packages/setuptools/_vendor/platformdirs) by extension 'python'
[1.872s] Level 1:colcon.colcon_core.package_identification:_identify(venv/lib/python3.12/site-packages/setuptools/_vendor/platformdirs) by extensions ['python_setup_py']
[1.872s] Level 1:colcon.colcon_core.package_identification:_identify(venv/lib/python3.12/site-packages/setuptools/_vendor/platformdirs) by extension 'python_setup_py'
[1.872s] Level 1:colcon.colcon_core.package_identification:_identify(venv/lib/python3.12/site-packages/setuptools/_vendor/platformdirs/__pycache__) by extensions ['ignore', 'ignore_ament_install']
[1.872s] Level 1:colcon.colcon_core.package_identification:_identify(venv/lib/python3.12/site-packages/setuptools/_vendor/platformdirs/__pycache__) by extension 'ignore'
[1.872s] Level 1:colcon.colcon_core.package_identification:_identify(venv/lib/python3.12/site-packages/setuptools/_vendor/platformdirs/__pycache__) by extension 'ignore_ament_install'
[1.872s] Level 1:colcon.colcon_core.package_identification:_identify(venv/lib/python3.12/site-packages/setuptools/_vendor/platformdirs/__pycache__) by extensions ['colcon_pkg']
[1.872s] Level 1:colcon.colcon_core.package_identification:_identify(venv/lib/python3.12/site-packages/setuptools/_vendor/platformdirs/__pycache__) by extension 'colcon_pkg'
[1.872s] Level 1:colcon.colcon_core.package_identification:_identify(venv/lib/python3.12/site-packages/setuptools/_vendor/platformdirs/__pycache__) by extensions ['colcon_meta']
[1.872s] Level 1:colcon.colcon_core.package_identification:_identify(venv/lib/python3.12/site-packages/setuptools/_vendor/platformdirs/__pycache__) by extension 'colcon_meta'
[1.872s] Level 1:colcon.colcon_core.package_identification:_identify(venv/lib/python3.12/site-packages/setuptools/_vendor/platformdirs/__pycache__) by extensions ['ros']
[1.872s] Level 1:colcon.colcon_core.package_identification:_identify(venv/lib/python3.12/site-packages/setuptools/_vendor/platformdirs/__pycache__) by extension 'ros'
[1.872s] Level 1:colcon.colcon_core.package_identification:_identify(venv/lib/python3.12/site-packages/setuptools/_vendor/platformdirs/__pycache__) by extensions ['cmake', 'python']
[1.872s] Level 1:colcon.colcon_core.package_identification:_identify(venv/lib/python3.12/site-packages/setuptools/_vendor/platformdirs/__pycache__) by extension 'cmake'
[1.872s] Level 1:colcon.colcon_core.package_identification:_identify(venv/lib/python3.12/site-packages/setuptools/_vendor/platformdirs/__pycache__) by extension 'python'
[1.872s] Level 1:colcon.colcon_core.package_identification:_identify(venv/lib/python3.12/site-packages/setuptools/_vendor/platformdirs/__pycache__) by extensions ['python_setup_py']
[1.872s] Level 1:colcon.colcon_core.package_identification:_identify(venv/lib/python3.12/site-packages/setuptools/_vendor/platformdirs/__pycache__) by extension 'python_setup_py'
[1.873s] Level 1:colcon.colcon_core.package_identification:_identify(venv/lib/python3.12/site-packages/setuptools/_vendor/platformdirs-4.4.0.dist-info) by extensions ['ignore', 'ignore_ament_install']
[1.873s] Level 1:colcon.colcon_core.package_identification:_identify(venv/lib/python3.12/site-packages/setuptools/_vendor/platformdirs-4.4.0.dist-info) by extension 'ignore'
[1.873s] Level 1:colcon.colcon_core.package_identification:_identify(venv/lib/python3.12/site-packages/setuptools/_vendor/platformdirs-4.4.0.dist-info) by extension 'ignore_ament_install'
[1.873s] Level 1:colcon.colcon_core.package_identification:_identify(venv/lib/python3.12/site-packages/setuptools/_vendor/platformdirs-4.4.0.dist-info) by extensions ['colcon_pkg']
[1.873s] Level 1:colcon.colcon_core.package_identification:_identify(venv/lib/python3.12/site-packages/setuptools/_vendor/platformdirs-4.4.0.dist-info) by extension 'colcon_pkg'
[1.873s] Level 1:colcon.colcon_core.package_identification:_identify(venv/lib/python3.12/site-packages/setuptools/_vendor/platformdirs-4.4.0.dist-info) by extensions ['colcon_meta']
[1.873s] Level 1:colcon.colcon_core.package_identification:_identify(venv/lib/python3.12/site-packages/setuptools/_vendor/platformdirs-4.4.0.dist-info) by extension 'colcon_meta'
[1.873s] Level 1:colcon.colcon_core.package_identification:_identify(venv/lib/python3.12/site-packages/setuptools/_vendor/platformdirs-4.4.0.dist-info) by extensions ['ros']
[1.873s] Level 1:colcon.colcon_core.package_identification:_identify(venv/lib/python3.12/site-packages/setuptools/_vendor/platformdirs-4.4.0.dist-info) by extension 'ros'
[1.873s] Level 1:colcon.colcon_core.package_identification:_identify(venv/lib/python3.12/site-packages/setuptools/_vendor/platformdirs-4.4.0.dist-info) by extensions ['cmake', 'python']
[1.873s] Level 1:colcon.colcon_core.package_identification:_identify(venv/lib/python3.12/site-packages/setuptools/_vendor/platformdirs-4.4.0.dist-info) by extension 'cmake'
[1.873s] Level 1:colcon.colcon_core.package_identification:_identify(venv/lib/python3.12/site-packages/setuptools/_vendor/platformdirs-4.4.0.dist-info) by extension 'python'
[1.873s] Level 1:colcon.colcon_core.package_identification:_identify(venv/lib/python3.12/site-packages/setuptools/_vendor/platformdirs-4.4.0.dist-info) by extensions ['python_setup_py']
[1.873s] Level 1:colcon.colcon_core.package_identification:_identify(venv/lib/python3.12/site-packages/setuptools/_vendor/platformdirs-4.4.0.dist-info) by extension 'python_setup_py'
[1.873s] Level 1:colcon.colcon_core.package_identification:_identify(venv/lib/python3.12/site-packages/setuptools/_vendor/platformdirs-4.4.0.dist-info/licenses) by extensions ['ignore', 'ignore_ament_install']
[1.874s] Level 1:colcon.colcon_core.package_identification:_identify(venv/lib/python3.12/site-packages/setuptools/_vendor/platformdirs-4.4.0.dist-info/licenses) by extension 'ignore'
[1.874s] Level 1:colcon.colcon_core.package_identification:_identify(venv/lib/python3.12/site-packages/setuptools/_vendor/platformdirs-4.4.0.dist-info/licenses) by extension 'ignore_ament_install'
[1.874s] Level 1:colcon.colcon_core.package_identification:_identify(venv/lib/python3.12/site-packages/setuptools/_vendor/platformdirs-4.4.0.dist-info/licenses) by extensions ['colcon_pkg']
[1.874s] Level 1:colcon.colcon_core.package_identification:_identify(venv/lib/python3.12/site-packages/setuptools/_vendor/platformdirs-4.4.0.dist-info/licenses) by extension 'colcon_pkg'
[1.874s] Level 1:colcon.colcon_core.package_identification:_identify(venv/lib/python3.12/site-packages/setuptools/_vendor/platformdirs-4.4.0.dist-info/licenses) by extensions ['colcon_meta']
[1.874s] Level 1:colcon.colcon_core.package_identification:_identify(venv/lib/python3.12/site-packages/setuptools/_vendor/platformdirs-4.4.0.dist-info/licenses) by extension 'colcon_meta'
[1.874s] Level 1:colcon.colcon_core.package_identification:_identify(venv/lib/python3.12/site-packages/setuptools/_vendor/platformdirs-4.4.0.dist-info/licenses) by extensions ['ros']
[1.874s] Level 1:colcon.colcon_core.package_identification:_identify(venv/lib/python3.12/site-packages/setuptools/_vendor/platformdirs-4.4.0.dist-info/licenses) by extension 'ros'
[1.874s] Level 1:colcon.colcon_core.package_identification:_identify(venv/lib/python3.12/site-packages/setuptools/_vendor/platformdirs-4.4.0.dist-info/licenses) by extensions ['cmake', 'python']
[1.874s] Level 1:colcon.colcon_core.package_identification:_identify(venv/lib/python3.12/site-packages/setuptools/_vendor/platformdirs-4.4.0.dist-info/licenses) by extension 'cmake'
[1.874s] Level 1:colcon.colcon_core.package_identification:_identify(venv/lib/python3.12/site-packages/setuptools/_vendor/platformdirs-4.4.0.dist-info/licenses) by extension 'python'
[1.874s] Level 1:colcon.colcon_core.package_identification:_identify(venv/lib/python3.12/site-packages/setuptools/_vendor/platformdirs-4.4.0.dist-info/licenses) by extensions ['python_setup_py']
[1.874s] Level 1:colcon.colcon_core.package_identification:_identify(venv/lib/python3.12/site-packages/setuptools/_vendor/platformdirs-4.4.0.dist-info/licenses) by extension 'python_setup_py'
[1.874s] Level 1:colcon.colcon_core.package_identification:_identify(venv/lib/python3.12/site-packages/setuptools/_vendor/tomli) by extensions ['ignore', 'ignore_ament_install']
[1.874s] Level 1:colcon.colcon_core.package_identification:_identify(venv/lib/python3.12/site-packages/setuptools/_vendor/tomli) by extension 'ignore'
[1.875s] Level 1:colcon.colcon_core.package_identification:_identify(venv/lib/python3.12/site-packages/setuptools/_vendor/tomli) by extension 'ignore_ament_install'
[1.875s] Level 1:colcon.colcon_core.package_identification:_identify(venv/lib/python3.12/site-packages/setuptools/_vendor/tomli) by extensions ['colcon_pkg']
[1.875s] Level 1:colcon.colcon_core.package_identification:_identify(venv/lib/python3.12/site-packages/setuptools/_vendor/tomli) by extension 'colcon_pkg'
[1.875s] Level 1:colcon.colcon_core.package_identification:_identify(venv/lib/python3.12/site-packages/setuptools/_vendor/tomli) by extensions ['colcon_meta']
[1.875s] Level 1:colcon.colcon_core.package_identification:_identify(venv/lib/python3.12/site-packages/setuptools/_vendor/tomli) by extension 'colcon_meta'
[1.875s] Level 1:colcon.colcon_core.package_identification:_identify(venv/lib/python3.12/site-packages/setuptools/_vendor/tomli) by extensions ['ros']
[1.875s] Level 1:colcon.colcon_core.package_identification:_identify(venv/lib/python3.12/site-packages/setuptools/_vendor/tomli) by extension 'ros'
[1.875s] Level 1:colcon.colcon_core.package_identification:_identify(venv/lib/python3.12/site-packages/setuptools/_vendor/tomli) by extensions ['cmake', 'python']
[1.875s] Level 1:colcon.colcon_core.package_identification:_identify(venv/lib/python3.12/site-packages/setuptools/_vendor/tomli) by extension 'cmake'
[1.875s] Level 1:colcon.colcon_core.package_identification:_identify(venv/lib/python3.12/site-packages/setuptools/_vendor/tomli) by extension 'python'
[1.875s] Level 1:colcon.colcon_core.package_identification:_identify(venv/lib/python3.12/site-packages/setuptools/_vendor/tomli) by extensions ['python_setup_py']
[1.875s] Level 1:colcon.colcon_core.package_identification:_identify(venv/lib/python3.12/site-packages/setuptools/_vendor/tomli) by extension 'python_setup_py'
[1.875s] Level 1:colcon.colcon_core.package_identification:_identify(venv/lib/python3.12/site-packages/setuptools/_vendor/tomli/__pycache__) by extensions ['ignore', 'ignore_ament_install']
[1.875s] Level 1:colcon.colcon_core.package_identification:_identify(venv/lib/python3.12/site-packages/setuptools/_vendor/tomli/__pycache__) by extension 'ignore'
[1.875s] Level 1:colcon.colcon_core.package_identification:_identify(venv/lib/python3.12/site-packages/setuptools/_vendor/tomli/__pycache__) by extension 'ignore_ament_install'
[1.876s] Level 1:colcon.colcon_core.package_identification:_identify(venv/lib/python3.12/site-packages/setuptools/_vendor/tomli/__pycache__) by extensions ['colcon_pkg']
[1.876s] Level 1:colcon.colcon_core.package_identification:_identify(venv/lib/python3.12/site-packages/setuptools/_vendor/tomli/__pycache__) by extension 'colcon_pkg'
[1.876s] Level 1:colcon.colcon_core.package_identification:_identify(venv/lib/python3.12/site-packages/setuptools/_vendor/tomli/__pycache__) by extensions ['colcon_meta']
[1.876s] Level 1:colcon.colcon_core.package_identification:_identify(venv/lib/python3.12/site-packages/setuptools/_vendor/tomli/__pycache__) by extension 'colcon_meta'
[1.876s] Level 1:colcon.colcon_core.package_identification:_identify(venv/lib/python3.12/site-packages/setuptools/_vendor/tomli/__pycache__) by extensions ['ros']
[1.876s] Level 1:colcon.colcon_core.package_identification:_identify(venv/lib/python3.12/site-packages/setuptools/_vendor/tomli/__pycache__) by extension 'ros'
[1.876s] Level 1:colcon.colcon_core.package_identification:_identify(venv/lib/python3.12/site-packages/setuptools/_vendor/tomli/__pycache__) by extensions ['cmake', 'python']
[1.876s] Level 1:colcon.colcon_core.package_identification:_identify(venv/lib/python3.12/site-packages/setuptools/_vendor/tomli/__pycache__) by extension 'cmake'
[1.876s] Level 1:colcon.colcon_core.package_identification:_identify(venv/lib/python3.12/site-packages/setuptools/_vendor/tomli/__pycache__) by extension 'python'
[1.876s] Level 1:colcon.colcon_core.package_identification:_identify(venv/lib/python3.12/site-packages/setuptools/_vendor/tomli/__pycache__) by extensions ['python_setup_py']
[1.876s] Level 1:colcon.colcon_core.package_identification:_identify(venv/lib/python3.12/site-packages/setuptools/_vendor/tomli/__pycache__) by extension 'python_setup_py'
[1.876s] Level 1:colcon.colcon_core.package_identification:_identify(venv/lib/python3.12/site-packages/setuptools/_vendor/tomli-2.4.0.dist-info) by extensions ['ignore', 'ignore_ament_install']
[1.876s] Level 1:colcon.colcon_core.package_identification:_identify(venv/lib/python3.12/site-packages/setuptools/_vendor/tomli-2.4.0.dist-info) by extension 'ignore'
[1.876s] Level 1:colcon.colcon_core.package_identification:_identify(venv/lib/python3.12/site-packages/setuptools/_vendor/tomli-2.4.0.dist-info) by extension 'ignore_ament_install'
[1.876s] Level 1:colcon.colcon_core.package_identification:_identify(venv/lib/python3.12/site-packages/setuptools/_vendor/tomli-2.4.0.dist-info) by extensions ['colcon_pkg']
[1.876s] Level 1:colcon.colcon_core.package_identification:_identify(venv/lib/python3.12/site-packages/setuptools/_vendor/tomli-2.4.0.dist-info) by extension 'colcon_pkg'
[1.876s] Level 1:colcon.colcon_core.package_identification:_identify(venv/lib/python3.12/site-packages/setuptools/_vendor/tomli-2.4.0.dist-info) by extensions ['colcon_meta']
[1.877s] Level 1:colcon.colcon_core.package_identification:_identify(venv/lib/python3.12/site-packages/setuptools/_vendor/tomli-2.4.0.dist-info) by extension 'colcon_meta'
[1.877s] Level 1:colcon.colcon_core.package_identification:_identify(venv/lib/python3.12/site-packages/setuptools/_vendor/tomli-2.4.0.dist-info) by extensions ['ros']
[1.877s] Level 1:colcon.colcon_core.package_identification:_identify(venv/lib/python3.12/site-packages/setuptools/_vendor/tomli-2.4.0.dist-info) by extension 'ros'
[1.877s] Level 1:colcon.colcon_core.package_identification:_identify(venv/lib/python3.12/site-packages/setuptools/_vendor/tomli-2.4.0.dist-info) by extensions ['cmake', 'python']
[1.877s] Level 1:colcon.colcon_core.package_identification:_identify(venv/lib/python3.12/site-packages/setuptools/_vendor/tomli-2.4.0.dist-info) by extension 'cmake'
[1.877s] Level 1:colcon.colcon_core.package_identification:_identify(venv/lib/python3.12/site-packages/setuptools/_vendor/tomli-2.4.0.dist-info) by extension 'python'
[1.877s] Level 1:colcon.colcon_core.package_identification:_identify(venv/lib/python3.12/site-packages/setuptools/_vendor/tomli-2.4.0.dist-info) by extensions ['python_setup_py']
[1.877s] Level 1:colcon.colcon_core.package_identification:_identify(venv/lib/python3.12/site-packages/setuptools/_vendor/tomli-2.4.0.dist-info) by extension 'python_setup_py'
[1.877s] Level 1:colcon.colcon_core.package_identification:_identify(venv/lib/python3.12/site-packages/setuptools/_vendor/tomli-2.4.0.dist-info/licenses) by extensions ['ignore', 'ignore_ament_install']
[1.877s] Level 1:colcon.colcon_core.package_identification:_identify(venv/lib/python3.12/site-packages/setuptools/_vendor/tomli-2.4.0.dist-info/licenses) by extension 'ignore'
[1.877s] Level 1:colcon.colcon_core.package_identification:_identify(venv/lib/python3.12/site-packages/setuptools/_vendor/tomli-2.4.0.dist-info/licenses) by extension 'ignore_ament_install'
[1.877s] Level 1:colcon.colcon_core.package_identification:_identify(venv/lib/python3.12/site-packages/setuptools/_vendor/tomli-2.4.0.dist-info/licenses) by extensions ['colcon_pkg']
[1.877s] Level 1:colcon.colcon_core.package_identification:_identify(venv/lib/python3.12/site-packages/setuptools/_vendor/tomli-2.4.0.dist-info/licenses) by extension 'colcon_pkg'
[1.877s] Level 1:colcon.colcon_core.package_identification:_identify(venv/lib/python3.12/site-packages/setuptools/_vendor/tomli-2.4.0.dist-info/licenses) by extensions ['colcon_meta']
[1.877s] Level 1:colcon.colcon_core.package_identification:_identify(venv/lib/python3.12/site-packages/setuptools/_vendor/tomli-2.4.0.dist-info/licenses) by extension 'colcon_meta'
[1.877s] Level 1:colcon.colcon_core.package_identification:_identify(venv/lib/python3.12/site-packages/setuptools/_vendor/tomli-2.4.0.dist-info/licenses) by extensions ['ros']
[1.878s] Level 1:colcon.colcon_core.package_identification:_identify(venv/lib/python3.12/site-packages/setuptools/_vendor/tomli-2.4.0.dist-info/licenses) by extension 'ros'
[1.878s] Level 1:colcon.colcon_core.package_identification:_identify(venv/lib/python3.12/site-packages/setuptools/_vendor/tomli-2.4.0.dist-info/licenses) by extensions ['cmake', 'python']
[1.878s] Level 1:colcon.colcon_core.package_identification:_identify(venv/lib/python3.12/site-packages/setuptools/_vendor/tomli-2.4.0.dist-info/licenses) by extension 'cmake'
[1.878s] Level 1:colcon.colcon_core.package_identification:_identify(venv/lib/python3.12/site-packages/setuptools/_vendor/tomli-2.4.0.dist-info/licenses) by extension 'python'
[1.878s] Level 1:colcon.colcon_core.package_identification:_identify(venv/lib/python3.12/site-packages/setuptools/_vendor/tomli-2.4.0.dist-info/licenses) by extensions ['python_setup_py']
[1.878s] Level 1:colcon.colcon_core.package_identification:_identify(venv/lib/python3.12/site-packages/setuptools/_vendor/tomli-2.4.0.dist-info/licenses) by extension 'python_setup_py'
[1.878s] Level 1:colcon.colcon_core.package_identification:_identify(venv/lib/python3.12/site-packages/setuptools/_vendor/wheel) by extensions ['ignore', 'ignore_ament_install']
[1.878s] Level 1:colcon.colcon_core.package_identification:_identify(venv/lib/python3.12/site-packages/setuptools/_vendor/wheel) by extension 'ignore'
[1.878s] Level 1:colcon.colcon_core.package_identification:_identify(venv/lib/python3.12/site-packages/setuptools/_vendor/wheel) by extension 'ignore_ament_install'
[1.878s] Level 1:colcon.colcon_core.package_identification:_identify(venv/lib/python3.12/site-packages/setuptools/_vendor/wheel) by extensions ['colcon_pkg']
[1.878s] Level 1:colcon.colcon_core.package_identification:_identify(venv/lib/python3.12/site-packages/setuptools/_vendor/wheel) by extension 'colcon_pkg'
[1.878s] Level 1:colcon.colcon_core.package_identification:_identify(venv/lib/python3.12/site-packages/setuptools/_vendor/wheel) by extensions ['colcon_meta']
[1.878s] Level 1:colcon.colcon_core.package_identification:_identify(venv/lib/python3.12/site-packages/setuptools/_vendor/wheel) by extension 'colcon_meta'
[1.878s] Level 1:colcon.colcon_core.package_identification:_identify(venv/lib/python3.12/site-packages/setuptools/_vendor/wheel) by extensions ['ros']
[1.878s] Level 1:colcon.colcon_core.package_identification:_identify(venv/lib/python3.12/site-packages/setuptools/_vendor/wheel) by extension 'ros'
[1.878s] Level 1:colcon.colcon_core.package_identification:_identify(venv/lib/python3.12/site-packages/setuptools/_vendor/wheel) by extensions ['cmake', 'python']
[1.879s] Level 1:colcon.colcon_core.package_identification:_identify(venv/lib/python3.12/site-packages/setuptools/_vendor/wheel) by extension 'cmake'
[1.879s] Level 1:colcon.colcon_core.package_identification:_identify(venv/lib/python3.12/site-packages/setuptools/_vendor/wheel) by extension 'python'
[1.879s] Level 1:colcon.colcon_core.package_identification:_identify(venv/lib/python3.12/site-packages/setuptools/_vendor/wheel) by extensions ['python_setup_py']
[1.879s] Level 1:colcon.colcon_core.package_identification:_identify(venv/lib/python3.12/site-packages/setuptools/_vendor/wheel) by extension 'python_setup_py'
[1.879s] Level 1:colcon.colcon_core.package_identification:_identify(venv/lib/python3.12/site-packages/setuptools/_vendor/wheel/__pycache__) by extensions ['ignore', 'ignore_ament_install']
[1.879s] Level 1:colcon.colcon_core.package_identification:_identify(venv/lib/python3.12/site-packages/setuptools/_vendor/wheel/__pycache__) by extension 'ignore'
[1.879s] Level 1:colcon.colcon_core.package_identification:_identify(venv/lib/python3.12/site-packages/setuptools/_vendor/wheel/__pycache__) by extension 'ignore_ament_install'
[1.879s] Level 1:colcon.colcon_core.package_identification:_identify(venv/lib/python3.12/site-packages/setuptools/_vendor/wheel/__pycache__) by extensions ['colcon_pkg']
[1.879s] Level 1:colcon.colcon_core.package_identification:_identify(venv/lib/python3.12/site-packages/setuptools/_vendor/wheel/__pycache__) by extension 'colcon_pkg'
[1.879s] Level 1:colcon.colcon_core.package_identification:_identify(venv/lib/python3.12/site-packages/setuptools/_vendor/wheel/__pycache__) by extensions ['colcon_meta']
[1.879s] Level 1:colcon.colcon_core.package_identification:_identify(venv/lib/python3.12/site-packages/setuptools/_vendor/wheel/__pycache__) by extension 'colcon_meta'
[1.879s] Level 1:colcon.colcon_core.package_identification:_identify(venv/lib/python3.12/site-packages/setuptools/_vendor/wheel/__pycache__) by extensions ['ros']
[1.879s] Level 1:colcon.colcon_core.package_identification:_identify(venv/lib/python3.12/site-packages/setuptools/_vendor/wheel/__pycache__) by extension 'ros'
[1.879s] Level 1:colcon.colcon_core.package_identification:_identify(venv/lib/python3.12/site-packages/setuptools/_vendor/wheel/__pycache__) by extensions ['cmake', 'python']
[1.879s] Level 1:colcon.colcon_core.package_identification:_identify(venv/lib/python3.12/site-packages/setuptools/_vendor/wheel/__pycache__) by extension 'cmake'
[1.880s] Level 1:colcon.colcon_core.package_identification:_identify(venv/lib/python3.12/site-packages/setuptools/_vendor/wheel/__pycache__) by extension 'python'
[1.880s] Level 1:colcon.colcon_core.package_identification:_identify(venv/lib/python3.12/site-packages/setuptools/_vendor/wheel/__pycache__) by extensions ['python_setup_py']
[1.880s] Level 1:colcon.colcon_core.package_identification:_identify(venv/lib/python3.12/site-packages/setuptools/_vendor/wheel/__pycache__) by extension 'python_setup_py'
[1.880s] Level 1:colcon.colcon_core.package_identification:_identify(venv/lib/python3.12/site-packages/setuptools/_vendor/wheel/_commands) by extensions ['ignore', 'ignore_ament_install']
[1.880s] Level 1:colcon.colcon_core.package_identification:_identify(venv/lib/python3.12/site-packages/setuptools/_vendor/wheel/_commands) by extension 'ignore'
[1.880s] Level 1:colcon.colcon_core.package_identification:_identify(venv/lib/python3.12/site-packages/setuptools/_vendor/wheel/_commands) by extension 'ignore_ament_install'
[1.880s] Level 1:colcon.colcon_core.package_identification:_identify(venv/lib/python3.12/site-packages/setuptools/_vendor/wheel/_commands) by extensions ['colcon_pkg']
[1.880s] Level 1:colcon.colcon_core.package_identification:_identify(venv/lib/python3.12/site-packages/setuptools/_vendor/wheel/_commands) by extension 'colcon_pkg'
[1.880s] Level 1:colcon.colcon_core.package_identification:_identify(venv/lib/python3.12/site-packages/setuptools/_vendor/wheel/_commands) by extensions ['colcon_meta']
[1.880s] Level 1:colcon.colcon_core.package_identification:_identify(venv/lib/python3.12/site-packages/setuptools/_vendor/wheel/_commands) by extension 'colcon_meta'
[1.880s] Level 1:colcon.colcon_core.package_identification:_identify(venv/lib/python3.12/site-packages/setuptools/_vendor/wheel/_commands) by extensions ['ros']
[1.880s] Level 1:colcon.colcon_core.package_identification:_identify(venv/lib/python3.12/site-packages/setuptools/_vendor/wheel/_commands) by extension 'ros'
[1.880s] Level 1:colcon.colcon_core.package_identification:_identify(venv/lib/python3.12/site-packages/setuptools/_vendor/wheel/_commands) by extensions ['cmake', 'python']
[1.880s] Level 1:colcon.colcon_core.package_identification:_identify(venv/lib/python3.12/site-packages/setuptools/_vendor/wheel/_commands) by extension 'cmake'
[1.880s] Level 1:colcon.colcon_core.package_identification:_identify(venv/lib/python3.12/site-packages/setuptools/_vendor/wheel/_commands) by extension 'python'
[1.880s] Level 1:colcon.colcon_core.package_identification:_identify(venv/lib/python3.12/site-packages/setuptools/_vendor/wheel/_commands) by extensions ['python_setup_py']
[1.880s] Level 1:colcon.colcon_core.package_identification:_identify(venv/lib/python3.12/site-packages/setuptools/_vendor/wheel/_commands) by extension 'python_setup_py'
[1.881s] Level 1:colcon.colcon_core.package_identification:_identify(venv/lib/python3.12/site-packages/setuptools/_vendor/wheel/_commands/__pycache__) by extensions ['ignore', 'ignore_ament_install']
[1.881s] Level 1:colcon.colcon_core.package_identification:_identify(venv/lib/python3.12/site-packages/setuptools/_vendor/wheel/_commands/__pycache__) by extension 'ignore'
[1.881s] Level 1:colcon.colcon_core.package_identification:_identify(venv/lib/python3.12/site-packages/setuptools/_vendor/wheel/_commands/__pycache__) by extension 'ignore_ament_install'
[1.881s] Level 1:colcon.colcon_core.package_identification:_identify(venv/lib/python3.12/site-packages/setuptools/_vendor/wheel/_commands/__pycache__) by extensions ['colcon_pkg']
[1.881s] Level 1:colcon.colcon_core.package_identification:_identify(venv/lib/python3.12/site-packages/setuptools/_vendor/wheel/_commands/__pycache__) by extension 'colcon_pkg'
[1.881s] Level 1:colcon.colcon_core.package_identification:_identify(venv/lib/python3.12/site-packages/setuptools/_vendor/wheel/_commands/__pycache__) by extensions ['colcon_meta']
[1.881s] Level 1:colcon.colcon_core.package_identification:_identify(venv/lib/python3.12/site-packages/setuptools/_vendor/wheel/_commands/__pycache__) by extension 'colcon_meta'
[1.881s] Level 1:colcon.colcon_core.package_identification:_identify(venv/lib/python3.12/site-packages/setuptools/_vendor/wheel/_commands/__pycache__) by extensions ['ros']
[1.881s] Level 1:colcon.colcon_core.package_identification:_identify(venv/lib/python3.12/site-packages/setuptools/_vendor/wheel/_commands/__pycache__) by extension 'ros'
[1.881s] Level 1:colcon.colcon_core.package_identification:_identify(venv/lib/python3.12/site-packages/setuptools/_vendor/wheel/_commands/__pycache__) by extensions ['cmake', 'python']
[1.881s] Level 1:colcon.colcon_core.package_identification:_identify(venv/lib/python3.12/site-packages/setuptools/_vendor/wheel/_commands/__pycache__) by extension 'cmake'
[1.881s] Level 1:colcon.colcon_core.package_identification:_identify(venv/lib/python3.12/site-packages/setuptools/_vendor/wheel/_commands/__pycache__) by extension 'python'
[1.881s] Level 1:colcon.colcon_core.package_identification:_identify(venv/lib/python3.12/site-packages/setuptools/_vendor/wheel/_commands/__pycache__) by extensions ['python_setup_py']
[1.881s] Level 1:colcon.colcon_core.package_identification:_identify(venv/lib/python3.12/site-packages/setuptools/_vendor/wheel/_commands/__pycache__) by extension 'python_setup_py'
[1.882s] Level 1:colcon.colcon_core.package_identification:_identify(venv/lib/python3.12/site-packages/setuptools/_vendor/wheel-0.46.3.dist-info) by extensions ['ignore', 'ignore_ament_install']
[1.882s] Level 1:colcon.colcon_core.package_identification:_identify(venv/lib/python3.12/site-packages/setuptools/_vendor/wheel-0.46.3.dist-info) by extension 'ignore'
[1.882s] Level 1:colcon.colcon_core.package_identification:_identify(venv/lib/python3.12/site-packages/setuptools/_vendor/wheel-0.46.3.dist-info) by extension 'ignore_ament_install'
[1.882s] Level 1:colcon.colcon_core.package_identification:_identify(venv/lib/python3.12/site-packages/setuptools/_vendor/wheel-0.46.3.dist-info) by extensions ['colcon_pkg']
[1.882s] Level 1:colcon.colcon_core.package_identification:_identify(venv/lib/python3.12/site-packages/setuptools/_vendor/wheel-0.46.3.dist-info) by extension 'colcon_pkg'
[1.882s] Level 1:colcon.colcon_core.package_identification:_identify(venv/lib/python3.12/site-packages/setuptools/_vendor/wheel-0.46.3.dist-info) by extensions ['colcon_meta']
[1.882s] Level 1:colcon.colcon_core.package_identification:_identify(venv/lib/python3.12/site-packages/setuptools/_vendor/wheel-0.46.3.dist-info) by extension 'colcon_meta'
[1.882s] Level 1:colcon.colcon_core.package_identification:_identify(venv/lib/python3.12/site-packages/setuptools/_vendor/wheel-0.46.3.dist-info) by extensions ['ros']
[1.882s] Level 1:colcon.colcon_core.package_identification:_identify(venv/lib/python3.12/site-packages/setuptools/_vendor/wheel-0.46.3.dist-info) by extension 'ros'
[1.882s] Level 1:colcon.colcon_core.package_identification:_identify(venv/lib/python3.12/site-packages/setuptools/_vendor/wheel-0.46.3.dist-info) by extensions ['cmake', 'python']
[1.882s] Level 1:colcon.colcon_core.package_identification:_identify(venv/lib/python3.12/site-packages/setuptools/_vendor/wheel-0.46.3.dist-info) by extension 'cmake'
[1.882s] Level 1:colcon.colcon_core.package_identification:_identify(venv/lib/python3.12/site-packages/setuptools/_vendor/wheel-0.46.3.dist-info) by extension 'python'
[1.882s] Level 1:colcon.colcon_core.package_identification:_identify(venv/lib/python3.12/site-packages/setuptools/_vendor/wheel-0.46.3.dist-info) by extensions ['python_setup_py']
[1.882s] Level 1:colcon.colcon_core.package_identification:_identify(venv/lib/python3.12/site-packages/setuptools/_vendor/wheel-0.46.3.dist-info) by extension 'python_setup_py'
[1.882s] Level 1:colcon.colcon_core.package_identification:_identify(venv/lib/python3.12/site-packages/setuptools/_vendor/wheel-0.46.3.dist-info/licenses) by extensions ['ignore', 'ignore_ament_install']
[1.882s] Level 1:colcon.colcon_core.package_identification:_identify(venv/lib/python3.12/site-packages/setuptools/_vendor/wheel-0.46.3.dist-info/licenses) by extension 'ignore'
[1.883s] Level 1:colcon.colcon_core.package_identification:_identify(venv/lib/python3.12/site-packages/setuptools/_vendor/wheel-0.46.3.dist-info/licenses) by extension 'ignore_ament_install'
[1.883s] Level 1:colcon.colcon_core.package_identification:_identify(venv/lib/python3.12/site-packages/setuptools/_vendor/wheel-0.46.3.dist-info/licenses) by extensions ['colcon_pkg']
[1.883s] Level 1:colcon.colcon_core.package_identification:_identify(venv/lib/python3.12/site-packages/setuptools/_vendor/wheel-0.46.3.dist-info/licenses) by extension 'colcon_pkg'
[1.883s] Level 1:colcon.colcon_core.package_identification:_identify(venv/lib/python3.12/site-packages/setuptools/_vendor/wheel-0.46.3.dist-info/licenses) by extensions ['colcon_meta']
[1.883s] Level 1:colcon.colcon_core.package_identification:_identify(venv/lib/python3.12/site-packages/setuptools/_vendor/wheel-0.46.3.dist-info/licenses) by extension 'colcon_meta'
[1.883s] Level 1:colcon.colcon_core.package_identification:_identify(venv/lib/python3.12/site-packages/setuptools/_vendor/wheel-0.46.3.dist-info/licenses) by extensions ['ros']
[1.883s] Level 1:colcon.colcon_core.package_identification:_identify(venv/lib/python3.12/site-packages/setuptools/_vendor/wheel-0.46.3.dist-info/licenses) by extension 'ros'
[1.883s] Level 1:colcon.colcon_core.package_identification:_identify(venv/lib/python3.12/site-packages/setuptools/_vendor/wheel-0.46.3.dist-info/licenses) by extensions ['cmake', 'python']
[1.883s] Level 1:colcon.colcon_core.package_identification:_identify(venv/lib/python3.12/site-packages/setuptools/_vendor/wheel-0.46.3.dist-info/licenses) by extension 'cmake'
[1.883s] Level 1:colcon.colcon_core.package_identification:_identify(venv/lib/python3.12/site-packages/setuptools/_vendor/wheel-0.46.3.dist-info/licenses) by extension 'python'
[1.883s] Level 1:colcon.colcon_core.package_identification:_identify(venv/lib/python3.12/site-packages/setuptools/_vendor/wheel-0.46.3.dist-info/licenses) by extensions ['python_setup_py']
[1.883s] Level 1:colcon.colcon_core.package_identification:_identify(venv/lib/python3.12/site-packages/setuptools/_vendor/wheel-0.46.3.dist-info/licenses) by extension 'python_setup_py'
[1.883s] Level 1:colcon.colcon_core.package_identification:_identify(venv/lib/python3.12/site-packages/setuptools/_vendor/zipp) by extensions ['ignore', 'ignore_ament_install']
[1.883s] Level 1:colcon.colcon_core.package_identification:_identify(venv/lib/python3.12/site-packages/setuptools/_vendor/zipp) by extension 'ignore'
[1.883s] Level 1:colcon.colcon_core.package_identification:_identify(venv/lib/python3.12/site-packages/setuptools/_vendor/zipp) by extension 'ignore_ament_install'
[1.883s] Level 1:colcon.colcon_core.package_identification:_identify(venv/lib/python3.12/site-packages/setuptools/_vendor/zipp) by extensions ['colcon_pkg']
[1.884s] Level 1:colcon.colcon_core.package_identification:_identify(venv/lib/python3.12/site-packages/setuptools/_vendor/zipp) by extension 'colcon_pkg'
[1.884s] Level 1:colcon.colcon_core.package_identification:_identify(venv/lib/python3.12/site-packages/setuptools/_vendor/zipp) by extensions ['colcon_meta']
[1.884s] Level 1:colcon.colcon_core.package_identification:_identify(venv/lib/python3.12/site-packages/setuptools/_vendor/zipp) by extension 'colcon_meta'
[1.884s] Level 1:colcon.colcon_core.package_identification:_identify(venv/lib/python3.12/site-packages/setuptools/_vendor/zipp) by extensions ['ros']
[1.884s] Level 1:colcon.colcon_core.package_identification:_identify(venv/lib/python3.12/site-packages/setuptools/_vendor/zipp) by extension 'ros'
[1.884s] Level 1:colcon.colcon_core.package_identification:_identify(venv/lib/python3.12/site-packages/setuptools/_vendor/zipp) by extensions ['cmake', 'python']
[1.884s] Level 1:colcon.colcon_core.package_identification:_identify(venv/lib/python3.12/site-packages/setuptools/_vendor/zipp) by extension 'cmake'
[1.884s] Level 1:colcon.colcon_core.package_identification:_identify(venv/lib/python3.12/site-packages/setuptools/_vendor/zipp) by extension 'python'
[1.884s] Level 1:colcon.colcon_core.package_identification:_identify(venv/lib/python3.12/site-packages/setuptools/_vendor/zipp) by extensions ['python_setup_py']
[1.884s] Level 1:colcon.colcon_core.package_identification:_identify(venv/lib/python3.12/site-packages/setuptools/_vendor/zipp) by extension 'python_setup_py'
[1.884s] Level 1:colcon.colcon_core.package_identification:_identify(venv/lib/python3.12/site-packages/setuptools/_vendor/zipp/__pycache__) by extensions ['ignore', 'ignore_ament_install']
[1.884s] Level 1:colcon.colcon_core.package_identification:_identify(venv/lib/python3.12/site-packages/setuptools/_vendor/zipp/__pycache__) by extension 'ignore'
[1.884s] Level 1:colcon.colcon_core.package_identification:_identify(venv/lib/python3.12/site-packages/setuptools/_vendor/zipp/__pycache__) by extension 'ignore_ament_install'
[1.884s] Level 1:colcon.colcon_core.package_identification:_identify(venv/lib/python3.12/site-packages/setuptools/_vendor/zipp/__pycache__) by extensions ['colcon_pkg']
[1.884s] Level 1:colcon.colcon_core.package_identification:_identify(venv/lib/python3.12/site-packages/setuptools/_vendor/zipp/__pycache__) by extension 'colcon_pkg'
[1.884s] Level 1:colcon.colcon_core.package_identification:_identify(venv/lib/python3.12/site-packages/setuptools/_vendor/zipp/__pycache__) by extensions ['colcon_meta']
[1.885s] Level 1:colcon.colcon_core.package_identification:_identify(venv/lib/python3.12/site-packages/setuptools/_vendor/zipp/__pycache__) by extension 'colcon_meta'
[1.885s] Level 1:colcon.colcon_core.package_identification:_identify(venv/lib/python3.12/site-packages/setuptools/_vendor/zipp/__pycache__) by extensions ['ros']
[1.885s] Level 1:colcon.colcon_core.package_identification:_identify(venv/lib/python3.12/site-packages/setuptools/_vendor/zipp/__pycache__) by extension 'ros'
[1.885s] Level 1:colcon.colcon_core.package_identification:_identify(venv/lib/python3.12/site-packages/setuptools/_vendor/zipp/__pycache__) by extensions ['cmake', 'python']
[1.885s] Level 1:colcon.colcon_core.package_identification:_identify(venv/lib/python3.12/site-packages/setuptools/_vendor/zipp/__pycache__) by extension 'cmake'
[1.885s] Level 1:colcon.colcon_core.package_identification:_identify(venv/lib/python3.12/site-packages/setuptools/_vendor/zipp/__pycache__) by extension 'python'
[1.885s] Level 1:colcon.colcon_core.package_identification:_identify(venv/lib/python3.12/site-packages/setuptools/_vendor/zipp/__pycache__) by extensions ['python_setup_py']
[1.885s] Level 1:colcon.colcon_core.package_identification:_identify(venv/lib/python3.12/site-packages/setuptools/_vendor/zipp/__pycache__) by extension 'python_setup_py'
[1.885s] Level 1:colcon.colcon_core.package_identification:_identify(venv/lib/python3.12/site-packages/setuptools/_vendor/zipp/compat) by extensions ['ignore', 'ignore_ament_install']
[1.885s] Level 1:colcon.colcon_core.package_identification:_identify(venv/lib/python3.12/site-packages/setuptools/_vendor/zipp/compat) by extension 'ignore'
[1.885s] Level 1:colcon.colcon_core.package_identification:_identify(venv/lib/python3.12/site-packages/setuptools/_vendor/zipp/compat) by extension 'ignore_ament_install'
[1.885s] Level 1:colcon.colcon_core.package_identification:_identify(venv/lib/python3.12/site-packages/setuptools/_vendor/zipp/compat) by extensions ['colcon_pkg']
[1.885s] Level 1:colcon.colcon_core.package_identification:_identify(venv/lib/python3.12/site-packages/setuptools/_vendor/zipp/compat) by extension 'colcon_pkg'
[1.885s] Level 1:colcon.colcon_core.package_identification:_identify(venv/lib/python3.12/site-packages/setuptools/_vendor/zipp/compat) by extensions ['colcon_meta']
[1.885s] Level 1:colcon.colcon_core.package_identification:_identify(venv/lib/python3.12/site-packages/setuptools/_vendor/zipp/compat) by extension 'colcon_meta'
[1.886s] Level 1:colcon.colcon_core.package_identification:_identify(venv/lib/python3.12/site-packages/setuptools/_vendor/zipp/compat) by extensions ['ros']
[1.886s] Level 1:colcon.colcon_core.package_identification:_identify(venv/lib/python3.12/site-packages/setuptools/_vendor/zipp/compat) by extension 'ros'
[1.886s] Level 1:colcon.colcon_core.package_identification:_identify(venv/lib/python3.12/site-packages/setuptools/_vendor/zipp/compat) by extensions ['cmake', 'python']
[1.886s] Level 1:colcon.colcon_core.package_identification:_identify(venv/lib/python3.12/site-packages/setuptools/_vendor/zipp/compat) by extension 'cmake'
[1.886s] Level 1:colcon.colcon_core.package_identification:_identify(venv/lib/python3.12/site-packages/setuptools/_vendor/zipp/compat) by extension 'python'
[1.886s] Level 1:colcon.colcon_core.package_identification:_identify(venv/lib/python3.12/site-packages/setuptools/_vendor/zipp/compat) by extensions ['python_setup_py']
[1.886s] Level 1:colcon.colcon_core.package_identification:_identify(venv/lib/python3.12/site-packages/setuptools/_vendor/zipp/compat) by extension 'python_setup_py'
[1.886s] Level 1:colcon.colcon_core.package_identification:_identify(venv/lib/python3.12/site-packages/setuptools/_vendor/zipp/compat/__pycache__) by extensions ['ignore', 'ignore_ament_install']
[1.886s] Level 1:colcon.colcon_core.package_identification:_identify(venv/lib/python3.12/site-packages/setuptools/_vendor/zipp/compat/__pycache__) by extension 'ignore'
[1.886s] Level 1:colcon.colcon_core.package_identification:_identify(venv/lib/python3.12/site-packages/setuptools/_vendor/zipp/compat/__pycache__) by extension 'ignore_ament_install'
[1.886s] Level 1:colcon.colcon_core.package_identification:_identify(venv/lib/python3.12/site-packages/setuptools/_vendor/zipp/compat/__pycache__) by extensions ['colcon_pkg']
[1.886s] Level 1:colcon.colcon_core.package_identification:_identify(venv/lib/python3.12/site-packages/setuptools/_vendor/zipp/compat/__pycache__) by extension 'colcon_pkg'
[1.886s] Level 1:colcon.colcon_core.package_identification:_identify(venv/lib/python3.12/site-packages/setuptools/_vendor/zipp/compat/__pycache__) by extensions ['colcon_meta']
[1.886s] Level 1:colcon.colcon_core.package_identification:_identify(venv/lib/python3.12/site-packages/setuptools/_vendor/zipp/compat/__pycache__) by extension 'colcon_meta'
[1.886s] Level 1:colcon.colcon_core.package_identification:_identify(venv/lib/python3.12/site-packages/setuptools/_vendor/zipp/compat/__pycache__) by extensions ['ros']
[1.886s] Level 1:colcon.colcon_core.package_identification:_identify(venv/lib/python3.12/site-packages/setuptools/_vendor/zipp/compat/__pycache__) by extension 'ros'
[1.887s] Level 1:colcon.colcon_core.package_identification:_identify(venv/lib/python3.12/site-packages/setuptools/_vendor/zipp/compat/__pycache__) by extensions ['cmake', 'python']
[1.887s] Level 1:colcon.colcon_core.package_identification:_identify(venv/lib/python3.12/site-packages/setuptools/_vendor/zipp/compat/__pycache__) by extension 'cmake'
[1.887s] Level 1:colcon.colcon_core.package_identification:_identify(venv/lib/python3.12/site-packages/setuptools/_vendor/zipp/compat/__pycache__) by extension 'python'
[1.887s] Level 1:colcon.colcon_core.package_identification:_identify(venv/lib/python3.12/site-packages/setuptools/_vendor/zipp/compat/__pycache__) by extensions ['python_setup_py']
[1.887s] Level 1:colcon.colcon_core.package_identification:_identify(venv/lib/python3.12/site-packages/setuptools/_vendor/zipp/compat/__pycache__) by extension 'python_setup_py'
[1.887s] Level 1:colcon.colcon_core.package_identification:_identify(venv/lib/python3.12/site-packages/setuptools/_vendor/zipp-3.23.0.dist-info) by extensions ['ignore', 'ignore_ament_install']
[1.887s] Level 1:colcon.colcon_core.package_identification:_identify(venv/lib/python3.12/site-packages/setuptools/_vendor/zipp-3.23.0.dist-info) by extension 'ignore'
[1.887s] Level 1:colcon.colcon_core.package_identification:_identify(venv/lib/python3.12/site-packages/setuptools/_vendor/zipp-3.23.0.dist-info) by extension 'ignore_ament_install'
[1.887s] Level 1:colcon.colcon_core.package_identification:_identify(venv/lib/python3.12/site-packages/setuptools/_vendor/zipp-3.23.0.dist-info) by extensions ['colcon_pkg']
[1.887s] Level 1:colcon.colcon_core.package_identification:_identify(venv/lib/python3.12/site-packages/setuptools/_vendor/zipp-3.23.0.dist-info) by extension 'colcon_pkg'
[1.887s] Level 1:colcon.colcon_core.package_identification:_identify(venv/lib/python3.12/site-packages/setuptools/_vendor/zipp-3.23.0.dist-info) by extensions ['colcon_meta']
[1.887s] Level 1:colcon.colcon_core.package_identification:_identify(venv/lib/python3.12/site-packages/setuptools/_vendor/zipp-3.23.0.dist-info) by extension 'colcon_meta'
[1.887s] Level 1:colcon.colcon_core.package_identification:_identify(venv/lib/python3.12/site-packages/setuptools/_vendor/zipp-3.23.0.dist-info) by extensions ['ros']
[1.887s] Level 1:colcon.colcon_core.package_identification:_identify(venv/lib/python3.12/site-packages/setuptools/_vendor/zipp-3.23.0.dist-info) by extension 'ros'
[1.887s] Level 1:colcon.colcon_core.package_identification:_identify(venv/lib/python3.12/site-packages/setuptools/_vendor/zipp-3.23.0.dist-info) by extensions ['cmake', 'python']
[1.888s] Level 1:colcon.colcon_core.package_identification:_identify(venv/lib/python3.12/site-packages/setuptools/_vendor/zipp-3.23.0.dist-info) by extension 'cmake'
[1.888s] Level 1:colcon.colcon_core.package_identification:_identify(venv/lib/python3.12/site-packages/setuptools/_vendor/zipp-3.23.0.dist-info) by extension 'python'
[1.888s] Level 1:colcon.colcon_core.package_identification:_identify(venv/lib/python3.12/site-packages/setuptools/_vendor/zipp-3.23.0.dist-info) by extensions ['python_setup_py']
[1.888s] Level 1:colcon.colcon_core.package_identification:_identify(venv/lib/python3.12/site-packages/setuptools/_vendor/zipp-3.23.0.dist-info) by extension 'python_setup_py'
[1.888s] Level 1:colcon.colcon_core.package_identification:_identify(venv/lib/python3.12/site-packages/setuptools/_vendor/zipp-3.23.0.dist-info/licenses) by extensions ['ignore', 'ignore_ament_install']
[1.888s] Level 1:colcon.colcon_core.package_identification:_identify(venv/lib/python3.12/site-packages/setuptools/_vendor/zipp-3.23.0.dist-info/licenses) by extension 'ignore'
[1.888s] Level 1:colcon.colcon_core.package_identification:_identify(venv/lib/python3.12/site-packages/setuptools/_vendor/zipp-3.23.0.dist-info/licenses) by extension 'ignore_ament_install'
[1.888s] Level 1:colcon.colcon_core.package_identification:_identify(venv/lib/python3.12/site-packages/setuptools/_vendor/zipp-3.23.0.dist-info/licenses) by extensions ['colcon_pkg']
[1.888s] Level 1:colcon.colcon_core.package_identification:_identify(venv/lib/python3.12/site-packages/setuptools/_vendor/zipp-3.23.0.dist-info/licenses) by extension 'colcon_pkg'
[1.888s] Level 1:colcon.colcon_core.package_identification:_identify(venv/lib/python3.12/site-packages/setuptools/_vendor/zipp-3.23.0.dist-info/licenses) by extensions ['colcon_meta']
[1.888s] Level 1:colcon.colcon_core.package_identification:_identify(venv/lib/python3.12/site-packages/setuptools/_vendor/zipp-3.23.0.dist-info/licenses) by extension 'colcon_meta'
[1.888s] Level 1:colcon.colcon_core.package_identification:_identify(venv/lib/python3.12/site-packages/setuptools/_vendor/zipp-3.23.0.dist-info/licenses) by extensions ['ros']
[1.888s] Level 1:colcon.colcon_core.package_identification:_identify(venv/lib/python3.12/site-packages/setuptools/_vendor/zipp-3.23.0.dist-info/licenses) by extension 'ros'
[1.888s] Level 1:colcon.colcon_core.package_identification:_identify(venv/lib/python3.12/site-packages/setuptools/_vendor/zipp-3.23.0.dist-info/licenses) by extensions ['cmake', 'python']
[1.888s] Level 1:colcon.colcon_core.package_identification:_identify(venv/lib/python3.12/site-packages/setuptools/_vendor/zipp-3.23.0.dist-info/licenses) by extension 'cmake'
[1.888s] Level 1:colcon.colcon_core.package_identification:_identify(venv/lib/python3.12/site-packages/setuptools/_vendor/zipp-3.23.0.dist-info/licenses) by extension 'python'
[1.889s] Level 1:colcon.colcon_core.package_identification:_identify(venv/lib/python3.12/site-packages/setuptools/_vendor/zipp-3.23.0.dist-info/licenses) by extensions ['python_setup_py']
[1.889s] Level 1:colcon.colcon_core.package_identification:_identify(venv/lib/python3.12/site-packages/setuptools/_vendor/zipp-3.23.0.dist-info/licenses) by extension 'python_setup_py'
[1.889s] Level 1:colcon.colcon_core.package_identification:_identify(venv/lib/python3.12/site-packages/setuptools/command) by extensions ['ignore', 'ignore_ament_install']
[1.889s] Level 1:colcon.colcon_core.package_identification:_identify(venv/lib/python3.12/site-packages/setuptools/command) by extension 'ignore'
[1.889s] Level 1:colcon.colcon_core.package_identification:_identify(venv/lib/python3.12/site-packages/setuptools/command) by extension 'ignore_ament_install'
[1.889s] Level 1:colcon.colcon_core.package_identification:_identify(venv/lib/python3.12/site-packages/setuptools/command) by extensions ['colcon_pkg']
[1.889s] Level 1:colcon.colcon_core.package_identification:_identify(venv/lib/python3.12/site-packages/setuptools/command) by extension 'colcon_pkg'
[1.889s] Level 1:colcon.colcon_core.package_identification:_identify(venv/lib/python3.12/site-packages/setuptools/command) by extensions ['colcon_meta']
[1.889s] Level 1:colcon.colcon_core.package_identification:_identify(venv/lib/python3.12/site-packages/setuptools/command) by extension 'colcon_meta'
[1.889s] Level 1:colcon.colcon_core.package_identification:_identify(venv/lib/python3.12/site-packages/setuptools/command) by extensions ['ros']
[1.889s] Level 1:colcon.colcon_core.package_identification:_identify(venv/lib/python3.12/site-packages/setuptools/command) by extension 'ros'
[1.889s] Level 1:colcon.colcon_core.package_identification:_identify(venv/lib/python3.12/site-packages/setuptools/command) by extensions ['cmake', 'python']
[1.889s] Level 1:colcon.colcon_core.package_identification:_identify(venv/lib/python3.12/site-packages/setuptools/command) by extension 'cmake'
[1.889s] Level 1:colcon.colcon_core.package_identification:_identify(venv/lib/python3.12/site-packages/setuptools/command) by extension 'python'
[1.889s] Level 1:colcon.colcon_core.package_identification:_identify(venv/lib/python3.12/site-packages/setuptools/command) by extensions ['python_setup_py']
[1.889s] Level 1:colcon.colcon_core.package_identification:_identify(venv/lib/python3.12/site-packages/setuptools/command) by extension 'python_setup_py'
[1.890s] Level 1:colcon.colcon_core.package_identification:_identify(venv/lib/python3.12/site-packages/setuptools/command/__pycache__) by extensions ['ignore', 'ignore_ament_install']
[1.890s] Level 1:colcon.colcon_core.package_identification:_identify(venv/lib/python3.12/site-packages/setuptools/command/__pycache__) by extension 'ignore'
[1.890s] Level 1:colcon.colcon_core.package_identification:_identify(venv/lib/python3.12/site-packages/setuptools/command/__pycache__) by extension 'ignore_ament_install'
[1.890s] Level 1:colcon.colcon_core.package_identification:_identify(venv/lib/python3.12/site-packages/setuptools/command/__pycache__) by extensions ['colcon_pkg']
[1.890s] Level 1:colcon.colcon_core.package_identification:_identify(venv/lib/python3.12/site-packages/setuptools/command/__pycache__) by extension 'colcon_pkg'
[1.890s] Level 1:colcon.colcon_core.package_identification:_identify(venv/lib/python3.12/site-packages/setuptools/command/__pycache__) by extensions ['colcon_meta']
[1.890s] Level 1:colcon.colcon_core.package_identification:_identify(venv/lib/python3.12/site-packages/setuptools/command/__pycache__) by extension 'colcon_meta'
[1.890s] Level 1:colcon.colcon_core.package_identification:_identify(venv/lib/python3.12/site-packages/setuptools/command/__pycache__) by extensions ['ros']
[1.890s] Level 1:colcon.colcon_core.package_identification:_identify(venv/lib/python3.12/site-packages/setuptools/command/__pycache__) by extension 'ros'
[1.890s] Level 1:colcon.colcon_core.package_identification:_identify(venv/lib/python3.12/site-packages/setuptools/command/__pycache__) by extensions ['cmake', 'python']
[1.890s] Level 1:colcon.colcon_core.package_identification:_identify(venv/lib/python3.12/site-packages/setuptools/command/__pycache__) by extension 'cmake'
[1.890s] Level 1:colcon.colcon_core.package_identification:_identify(venv/lib/python3.12/site-packages/setuptools/command/__pycache__) by extension 'python'
[1.890s] Level 1:colcon.colcon_core.package_identification:_identify(venv/lib/python3.12/site-packages/setuptools/command/__pycache__) by extensions ['python_setup_py']
[1.890s] Level 1:colcon.colcon_core.package_identification:_identify(venv/lib/python3.12/site-packages/setuptools/command/__pycache__) by extension 'python_setup_py'
[1.890s] Level 1:colcon.colcon_core.package_identification:_identify(venv/lib/python3.12/site-packages/setuptools/compat) by extensions ['ignore', 'ignore_ament_install']
[1.890s] Level 1:colcon.colcon_core.package_identification:_identify(venv/lib/python3.12/site-packages/setuptools/compat) by extension 'ignore'
[1.891s] Level 1:colcon.colcon_core.package_identification:_identify(venv/lib/python3.12/site-packages/setuptools/compat) by extension 'ignore_ament_install'
[1.891s] Level 1:colcon.colcon_core.package_identification:_identify(venv/lib/python3.12/site-packages/setuptools/compat) by extensions ['colcon_pkg']
[1.891s] Level 1:colcon.colcon_core.package_identification:_identify(venv/lib/python3.12/site-packages/setuptools/compat) by extension 'colcon_pkg'
[1.891s] Level 1:colcon.colcon_core.package_identification:_identify(venv/lib/python3.12/site-packages/setuptools/compat) by extensions ['colcon_meta']
[1.891s] Level 1:colcon.colcon_core.package_identification:_identify(venv/lib/python3.12/site-packages/setuptools/compat) by extension 'colcon_meta'
[1.891s] Level 1:colcon.colcon_core.package_identification:_identify(venv/lib/python3.12/site-packages/setuptools/compat) by extensions ['ros']
[1.891s] Level 1:colcon.colcon_core.package_identification:_identify(venv/lib/python3.12/site-packages/setuptools/compat) by extension 'ros'
[1.891s] Level 1:colcon.colcon_core.package_identification:_identify(venv/lib/python3.12/site-packages/setuptools/compat) by extensions ['cmake', 'python']
[1.891s] Level 1:colcon.colcon_core.package_identification:_identify(venv/lib/python3.12/site-packages/setuptools/compat) by extension 'cmake'
[1.891s] Level 1:colcon.colcon_core.package_identification:_identify(venv/lib/python3.12/site-packages/setuptools/compat) by extension 'python'
[1.891s] Level 1:colcon.colcon_core.package_identification:_identify(venv/lib/python3.12/site-packages/setuptools/compat) by extensions ['python_setup_py']
[1.891s] Level 1:colcon.colcon_core.package_identification:_identify(venv/lib/python3.12/site-packages/setuptools/compat) by extension 'python_setup_py'
[1.891s] Level 1:colcon.colcon_core.package_identification:_identify(venv/lib/python3.12/site-packages/setuptools/compat/__pycache__) by extensions ['ignore', 'ignore_ament_install']
[1.891s] Level 1:colcon.colcon_core.package_identification:_identify(venv/lib/python3.12/site-packages/setuptools/compat/__pycache__) by extension 'ignore'
[1.891s] Level 1:colcon.colcon_core.package_identification:_identify(venv/lib/python3.12/site-packages/setuptools/compat/__pycache__) by extension 'ignore_ament_install'
[1.891s] Level 1:colcon.colcon_core.package_identification:_identify(venv/lib/python3.12/site-packages/setuptools/compat/__pycache__) by extensions ['colcon_pkg']
[1.892s] Level 1:colcon.colcon_core.package_identification:_identify(venv/lib/python3.12/site-packages/setuptools/compat/__pycache__) by extension 'colcon_pkg'
[1.892s] Level 1:colcon.colcon_core.package_identification:_identify(venv/lib/python3.12/site-packages/setuptools/compat/__pycache__) by extensions ['colcon_meta']
[1.892s] Level 1:colcon.colcon_core.package_identification:_identify(venv/lib/python3.12/site-packages/setuptools/compat/__pycache__) by extension 'colcon_meta'
[1.892s] Level 1:colcon.colcon_core.package_identification:_identify(venv/lib/python3.12/site-packages/setuptools/compat/__pycache__) by extensions ['ros']
[1.892s] Level 1:colcon.colcon_core.package_identification:_identify(venv/lib/python3.12/site-packages/setuptools/compat/__pycache__) by extension 'ros'
[1.892s] Level 1:colcon.colcon_core.package_identification:_identify(venv/lib/python3.12/site-packages/setuptools/compat/__pycache__) by extensions ['cmake', 'python']
[1.892s] Level 1:colcon.colcon_core.package_identification:_identify(venv/lib/python3.12/site-packages/setuptools/compat/__pycache__) by extension 'cmake'
[1.892s] Level 1:colcon.colcon_core.package_identification:_identify(venv/lib/python3.12/site-packages/setuptools/compat/__pycache__) by extension 'python'
[1.892s] Level 1:colcon.colcon_core.package_identification:_identify(venv/lib/python3.12/site-packages/setuptools/compat/__pycache__) by extensions ['python_setup_py']
[1.892s] Level 1:colcon.colcon_core.package_identification:_identify(venv/lib/python3.12/site-packages/setuptools/compat/__pycache__) by extension 'python_setup_py'
[1.892s] Level 1:colcon.colcon_core.package_identification:_identify(venv/lib/python3.12/site-packages/setuptools/config) by extensions ['ignore', 'ignore_ament_install']
[1.892s] Level 1:colcon.colcon_core.package_identification:_identify(venv/lib/python3.12/site-packages/setuptools/config) by extension 'ignore'
[1.892s] Level 1:colcon.colcon_core.package_identification:_identify(venv/lib/python3.12/site-packages/setuptools/config) by extension 'ignore_ament_install'
[1.892s] Level 1:colcon.colcon_core.package_identification:_identify(venv/lib/python3.12/site-packages/setuptools/config) by extensions ['colcon_pkg']
[1.892s] Level 1:colcon.colcon_core.package_identification:_identify(venv/lib/python3.12/site-packages/setuptools/config) by extension 'colcon_pkg'
[1.892s] Level 1:colcon.colcon_core.package_identification:_identify(venv/lib/python3.12/site-packages/setuptools/config) by extensions ['colcon_meta']
[1.892s] Level 1:colcon.colcon_core.package_identification:_identify(venv/lib/python3.12/site-packages/setuptools/config) by extension 'colcon_meta'
[1.892s] Level 1:colcon.colcon_core.package_identification:_identify(venv/lib/python3.12/site-packages/setuptools/config) by extensions ['ros']
[1.893s] Level 1:colcon.colcon_core.package_identification:_identify(venv/lib/python3.12/site-packages/setuptools/config) by extension 'ros'
[1.893s] Level 1:colcon.colcon_core.package_identification:_identify(venv/lib/python3.12/site-packages/setuptools/config) by extensions ['cmake', 'python']
[1.893s] Level 1:colcon.colcon_core.package_identification:_identify(venv/lib/python3.12/site-packages/setuptools/config) by extension 'cmake'
[1.893s] Level 1:colcon.colcon_core.package_identification:_identify(venv/lib/python3.12/site-packages/setuptools/config) by extension 'python'
[1.893s] Level 1:colcon.colcon_core.package_identification:_identify(venv/lib/python3.12/site-packages/setuptools/config) by extensions ['python_setup_py']
[1.893s] Level 1:colcon.colcon_core.package_identification:_identify(venv/lib/python3.12/site-packages/setuptools/config) by extension 'python_setup_py'
[1.893s] Level 1:colcon.colcon_core.package_identification:_identify(venv/lib/python3.12/site-packages/setuptools/config/__pycache__) by extensions ['ignore', 'ignore_ament_install']
[1.893s] Level 1:colcon.colcon_core.package_identification:_identify(venv/lib/python3.12/site-packages/setuptools/config/__pycache__) by extension 'ignore'
[1.893s] Level 1:colcon.colcon_core.package_identification:_identify(venv/lib/python3.12/site-packages/setuptools/config/__pycache__) by extension 'ignore_ament_install'
[1.893s] Level 1:colcon.colcon_core.package_identification:_identify(venv/lib/python3.12/site-packages/setuptools/config/__pycache__) by extensions ['colcon_pkg']
[1.893s] Level 1:colcon.colcon_core.package_identification:_identify(venv/lib/python3.12/site-packages/setuptools/config/__pycache__) by extension 'colcon_pkg'
[1.893s] Level 1:colcon.colcon_core.package_identification:_identify(venv/lib/python3.12/site-packages/setuptools/config/__pycache__) by extensions ['colcon_meta']
[1.893s] Level 1:colcon.colcon_core.package_identification:_identify(venv/lib/python3.12/site-packages/setuptools/config/__pycache__) by extension 'colcon_meta'
[1.893s] Level 1:colcon.colcon_core.package_identification:_identify(venv/lib/python3.12/site-packages/setuptools/config/__pycache__) by extensions ['ros']
[1.893s] Level 1:colcon.colcon_core.package_identification:_identify(venv/lib/python3.12/site-packages/setuptools/config/__pycache__) by extension 'ros'
[1.893s] Level 1:colcon.colcon_core.package_identification:_identify(venv/lib/python3.12/site-packages/setuptools/config/__pycache__) by extensions ['cmake', 'python']
[1.894s] Level 1:colcon.colcon_core.package_identification:_identify(venv/lib/python3.12/site-packages/setuptools/config/__pycache__) by extension 'cmake'
[1.894s] Level 1:colcon.colcon_core.package_identification:_identify(venv/lib/python3.12/site-packages/setuptools/config/__pycache__) by extension 'python'
[1.894s] Level 1:colcon.colcon_core.package_identification:_identify(venv/lib/python3.12/site-packages/setuptools/config/__pycache__) by extensions ['python_setup_py']
[1.894s] Level 1:colcon.colcon_core.package_identification:_identify(venv/lib/python3.12/site-packages/setuptools/config/__pycache__) by extension 'python_setup_py'
[1.894s] Level 1:colcon.colcon_core.package_identification:_identify(venv/lib/python3.12/site-packages/setuptools/config/_validate_pyproject) by extensions ['ignore', 'ignore_ament_install']
[1.894s] Level 1:colcon.colcon_core.package_identification:_identify(venv/lib/python3.12/site-packages/setuptools/config/_validate_pyproject) by extension 'ignore'
[1.894s] Level 1:colcon.colcon_core.package_identification:_identify(venv/lib/python3.12/site-packages/setuptools/config/_validate_pyproject) by extension 'ignore_ament_install'
[1.894s] Level 1:colcon.colcon_core.package_identification:_identify(venv/lib/python3.12/site-packages/setuptools/config/_validate_pyproject) by extensions ['colcon_pkg']
[1.894s] Level 1:colcon.colcon_core.package_identification:_identify(venv/lib/python3.12/site-packages/setuptools/config/_validate_pyproject) by extension 'colcon_pkg'
[1.894s] Level 1:colcon.colcon_core.package_identification:_identify(venv/lib/python3.12/site-packages/setuptools/config/_validate_pyproject) by extensions ['colcon_meta']
[1.894s] Level 1:colcon.colcon_core.package_identification:_identify(venv/lib/python3.12/site-packages/setuptools/config/_validate_pyproject) by extension 'colcon_meta'
[1.894s] Level 1:colcon.colcon_core.package_identification:_identify(venv/lib/python3.12/site-packages/setuptools/config/_validate_pyproject) by extensions ['ros']
[1.894s] Level 1:colcon.colcon_core.package_identification:_identify(venv/lib/python3.12/site-packages/setuptools/config/_validate_pyproject) by extension 'ros'
[1.894s] Level 1:colcon.colcon_core.package_identification:_identify(venv/lib/python3.12/site-packages/setuptools/config/_validate_pyproject) by extensions ['cmake', 'python']
[1.894s] Level 1:colcon.colcon_core.package_identification:_identify(venv/lib/python3.12/site-packages/setuptools/config/_validate_pyproject) by extension 'cmake'
[1.894s] Level 1:colcon.colcon_core.package_identification:_identify(venv/lib/python3.12/site-packages/setuptools/config/_validate_pyproject) by extension 'python'
[1.895s] Level 1:colcon.colcon_core.package_identification:_identify(venv/lib/python3.12/site-packages/setuptools/config/_validate_pyproject) by extensions ['python_setup_py']
[1.895s] Level 1:colcon.colcon_core.package_identification:_identify(venv/lib/python3.12/site-packages/setuptools/config/_validate_pyproject) by extension 'python_setup_py'
[1.895s] Level 1:colcon.colcon_core.package_identification:_identify(venv/lib/python3.12/site-packages/setuptools/config/_validate_pyproject/__pycache__) by extensions ['ignore', 'ignore_ament_install']
[1.895s] Level 1:colcon.colcon_core.package_identification:_identify(venv/lib/python3.12/site-packages/setuptools/config/_validate_pyproject/__pycache__) by extension 'ignore'
[1.895s] Level 1:colcon.colcon_core.package_identification:_identify(venv/lib/python3.12/site-packages/setuptools/config/_validate_pyproject/__pycache__) by extension 'ignore_ament_install'
[1.895s] Level 1:colcon.colcon_core.package_identification:_identify(venv/lib/python3.12/site-packages/setuptools/config/_validate_pyproject/__pycache__) by extensions ['colcon_pkg']
[1.895s] Level 1:colcon.colcon_core.package_identification:_identify(venv/lib/python3.12/site-packages/setuptools/config/_validate_pyproject/__pycache__) by extension 'colcon_pkg'
[1.895s] Level 1:colcon.colcon_core.package_identification:_identify(venv/lib/python3.12/site-packages/setuptools/config/_validate_pyproject/__pycache__) by extensions ['colcon_meta']
[1.895s] Level 1:colcon.colcon_core.package_identification:_identify(venv/lib/python3.12/site-packages/setuptools/config/_validate_pyproject/__pycache__) by extension 'colcon_meta'
[1.895s] Level 1:colcon.colcon_core.package_identification:_identify(venv/lib/python3.12/site-packages/setuptools/config/_validate_pyproject/__pycache__) by extensions ['ros']
[1.895s] Level 1:colcon.colcon_core.package_identification:_identify(venv/lib/python3.12/site-packages/setuptools/config/_validate_pyproject/__pycache__) by extension 'ros'
[1.895s] Level 1:colcon.colcon_core.package_identification:_identify(venv/lib/python3.12/site-packages/setuptools/config/_validate_pyproject/__pycache__) by extensions ['cmake', 'python']
[1.895s] Level 1:colcon.colcon_core.package_identification:_identify(venv/lib/python3.12/site-packages/setuptools/config/_validate_pyproject/__pycache__) by extension 'cmake'
[1.895s] Level 1:colcon.colcon_core.package_identification:_identify(venv/lib/python3.12/site-packages/setuptools/config/_validate_pyproject/__pycache__) by extension 'python'
[1.895s] Level 1:colcon.colcon_core.package_identification:_identify(venv/lib/python3.12/site-packages/setuptools/config/_validate_pyproject/__pycache__) by extensions ['python_setup_py']
[1.895s] Level 1:colcon.colcon_core.package_identification:_identify(venv/lib/python3.12/site-packages/setuptools/config/_validate_pyproject/__pycache__) by extension 'python_setup_py'
[1.896s] Level 1:colcon.colcon_core.package_identification:_identify(venv/lib/python3.12/site-packages/setuptools/tests) by extensions ['ignore', 'ignore_ament_install']
[1.896s] Level 1:colcon.colcon_core.package_identification:_identify(venv/lib/python3.12/site-packages/setuptools/tests) by extension 'ignore'
[1.896s] Level 1:colcon.colcon_core.package_identification:_identify(venv/lib/python3.12/site-packages/setuptools/tests) by extension 'ignore_ament_install'
[1.896s] Level 1:colcon.colcon_core.package_identification:_identify(venv/lib/python3.12/site-packages/setuptools/tests) by extensions ['colcon_pkg']
[1.896s] Level 1:colcon.colcon_core.package_identification:_identify(venv/lib/python3.12/site-packages/setuptools/tests) by extension 'colcon_pkg'
[1.896s] Level 1:colcon.colcon_core.package_identification:_identify(venv/lib/python3.12/site-packages/setuptools/tests) by extensions ['colcon_meta']
[1.896s] Level 1:colcon.colcon_core.package_identification:_identify(venv/lib/python3.12/site-packages/setuptools/tests) by extension 'colcon_meta'
[1.896s] Level 1:colcon.colcon_core.package_identification:_identify(venv/lib/python3.12/site-packages/setuptools/tests) by extensions ['ros']
[1.896s] Level 1:colcon.colcon_core.package_identification:_identify(venv/lib/python3.12/site-packages/setuptools/tests) by extension 'ros'
[1.896s] Level 1:colcon.colcon_core.package_identification:_identify(venv/lib/python3.12/site-packages/setuptools/tests) by extensions ['cmake', 'python']
[1.896s] Level 1:colcon.colcon_core.package_identification:_identify(venv/lib/python3.12/site-packages/setuptools/tests) by extension 'cmake'
[1.896s] Level 1:colcon.colcon_core.package_identification:_identify(venv/lib/python3.12/site-packages/setuptools/tests) by extension 'python'
[1.896s] Level 1:colcon.colcon_core.package_identification:_identify(venv/lib/python3.12/site-packages/setuptools/tests) by extensions ['python_setup_py']
[1.896s] Level 1:colcon.colcon_core.package_identification:_identify(venv/lib/python3.12/site-packages/setuptools/tests) by extension 'python_setup_py'
[1.897s] Level 1:colcon.colcon_core.package_identification:_identify(venv/lib/python3.12/site-packages/setuptools/tests/__pycache__) by extensions ['ignore', 'ignore_ament_install']
[1.897s] Level 1:colcon.colcon_core.package_identification:_identify(venv/lib/python3.12/site-packages/setuptools/tests/__pycache__) by extension 'ignore'
[1.897s] Level 1:colcon.colcon_core.package_identification:_identify(venv/lib/python3.12/site-packages/setuptools/tests/__pycache__) by extension 'ignore_ament_install'
[1.897s] Level 1:colcon.colcon_core.package_identification:_identify(venv/lib/python3.12/site-packages/setuptools/tests/__pycache__) by extensions ['colcon_pkg']
[1.897s] Level 1:colcon.colcon_core.package_identification:_identify(venv/lib/python3.12/site-packages/setuptools/tests/__pycache__) by extension 'colcon_pkg'
[1.897s] Level 1:colcon.colcon_core.package_identification:_identify(venv/lib/python3.12/site-packages/setuptools/tests/__pycache__) by extensions ['colcon_meta']
[1.897s] Level 1:colcon.colcon_core.package_identification:_identify(venv/lib/python3.12/site-packages/setuptools/tests/__pycache__) by extension 'colcon_meta'
[1.897s] Level 1:colcon.colcon_core.package_identification:_identify(venv/lib/python3.12/site-packages/setuptools/tests/__pycache__) by extensions ['ros']
[1.897s] Level 1:colcon.colcon_core.package_identification:_identify(venv/lib/python3.12/site-packages/setuptools/tests/__pycache__) by extension 'ros'
[1.897s] Level 1:colcon.colcon_core.package_identification:_identify(venv/lib/python3.12/site-packages/setuptools/tests/__pycache__) by extensions ['cmake', 'python']
[1.897s] Level 1:colcon.colcon_core.package_identification:_identify(venv/lib/python3.12/site-packages/setuptools/tests/__pycache__) by extension 'cmake'
[1.897s] Level 1:colcon.colcon_core.package_identification:_identify(venv/lib/python3.12/site-packages/setuptools/tests/__pycache__) by extension 'python'
[1.897s] Level 1:colcon.colcon_core.package_identification:_identify(venv/lib/python3.12/site-packages/setuptools/tests/__pycache__) by extensions ['python_setup_py']
[1.897s] Level 1:colcon.colcon_core.package_identification:_identify(venv/lib/python3.12/site-packages/setuptools/tests/__pycache__) by extension 'python_setup_py'
[1.898s] Level 1:colcon.colcon_core.package_identification:_identify(venv/lib/python3.12/site-packages/setuptools/tests/compat) by extensions ['ignore', 'ignore_ament_install']
[1.898s] Level 1:colcon.colcon_core.package_identification:_identify(venv/lib/python3.12/site-packages/setuptools/tests/compat) by extension 'ignore'
[1.898s] Level 1:colcon.colcon_core.package_identification:_identify(venv/lib/python3.12/site-packages/setuptools/tests/compat) by extension 'ignore_ament_install'
[1.898s] Level 1:colcon.colcon_core.package_identification:_identify(venv/lib/python3.12/site-packages/setuptools/tests/compat) by extensions ['colcon_pkg']
[1.898s] Level 1:colcon.colcon_core.package_identification:_identify(venv/lib/python3.12/site-packages/setuptools/tests/compat) by extension 'colcon_pkg'
[1.898s] Level 1:colcon.colcon_core.package_identification:_identify(venv/lib/python3.12/site-packages/setuptools/tests/compat) by extensions ['colcon_meta']
[1.898s] Level 1:colcon.colcon_core.package_identification:_identify(venv/lib/python3.12/site-packages/setuptools/tests/compat) by extension 'colcon_meta'
[1.898s] Level 1:colcon.colcon_core.package_identification:_identify(venv/lib/python3.12/site-packages/setuptools/tests/compat) by extensions ['ros']
[1.898s] Level 1:colcon.colcon_core.package_identification:_identify(venv/lib/python3.12/site-packages/setuptools/tests/compat) by extension 'ros'
[1.898s] Level 1:colcon.colcon_core.package_identification:_identify(venv/lib/python3.12/site-packages/setuptools/tests/compat) by extensions ['cmake', 'python']
[1.898s] Level 1:colcon.colcon_core.package_identification:_identify(venv/lib/python3.12/site-packages/setuptools/tests/compat) by extension 'cmake'
[1.898s] Level 1:colcon.colcon_core.package_identification:_identify(venv/lib/python3.12/site-packages/setuptools/tests/compat) by extension 'python'
[1.898s] Level 1:colcon.colcon_core.package_identification:_identify(venv/lib/python3.12/site-packages/setuptools/tests/compat) by extensions ['python_setup_py']
[1.898s] Level 1:colcon.colcon_core.package_identification:_identify(venv/lib/python3.12/site-packages/setuptools/tests/compat) by extension 'python_setup_py'
[1.898s] Level 1:colcon.colcon_core.package_identification:_identify(venv/lib/python3.12/site-packages/setuptools/tests/compat/__pycache__) by extensions ['ignore', 'ignore_ament_install']
[1.898s] Level 1:colcon.colcon_core.package_identification:_identify(venv/lib/python3.12/site-packages/setuptools/tests/compat/__pycache__) by extension 'ignore'
[1.899s] Level 1:colcon.colcon_core.package_identification:_identify(venv/lib/python3.12/site-packages/setuptools/tests/compat/__pycache__) by extension 'ignore_ament_install'
[1.899s] Level 1:colcon.colcon_core.package_identification:_identify(venv/lib/python3.12/site-packages/setuptools/tests/compat/__pycache__) by extensions ['colcon_pkg']
[1.899s] Level 1:colcon.colcon_core.package_identification:_identify(venv/lib/python3.12/site-packages/setuptools/tests/compat/__pycache__) by extension 'colcon_pkg'
[1.899s] Level 1:colcon.colcon_core.package_identification:_identify(venv/lib/python3.12/site-packages/setuptools/tests/compat/__pycache__) by extensions ['colcon_meta']
[1.899s] Level 1:colcon.colcon_core.package_identification:_identify(venv/lib/python3.12/site-packages/setuptools/tests/compat/__pycache__) by extension 'colcon_meta'
[1.899s] Level 1:colcon.colcon_core.package_identification:_identify(venv/lib/python3.12/site-packages/setuptools/tests/compat/__pycache__) by extensions ['ros']
[1.899s] Level 1:colcon.colcon_core.package_identification:_identify(venv/lib/python3.12/site-packages/setuptools/tests/compat/__pycache__) by extension 'ros'
[1.899s] Level 1:colcon.colcon_core.package_identification:_identify(venv/lib/python3.12/site-packages/setuptools/tests/compat/__pycache__) by extensions ['cmake', 'python']
[1.899s] Level 1:colcon.colcon_core.package_identification:_identify(venv/lib/python3.12/site-packages/setuptools/tests/compat/__pycache__) by extension 'cmake'
[1.899s] Level 1:colcon.colcon_core.package_identification:_identify(venv/lib/python3.12/site-packages/setuptools/tests/compat/__pycache__) by extension 'python'
[1.899s] Level 1:colcon.colcon_core.package_identification:_identify(venv/lib/python3.12/site-packages/setuptools/tests/compat/__pycache__) by extensions ['python_setup_py']
[1.899s] Level 1:colcon.colcon_core.package_identification:_identify(venv/lib/python3.12/site-packages/setuptools/tests/compat/__pycache__) by extension 'python_setup_py'
[1.899s] Level 1:colcon.colcon_core.package_identification:_identify(venv/lib/python3.12/site-packages/setuptools/tests/config) by extensions ['ignore', 'ignore_ament_install']
[1.899s] Level 1:colcon.colcon_core.package_identification:_identify(venv/lib/python3.12/site-packages/setuptools/tests/config) by extension 'ignore'
[1.899s] Level 1:colcon.colcon_core.package_identification:_identify(venv/lib/python3.12/site-packages/setuptools/tests/config) by extension 'ignore_ament_install'
[1.899s] Level 1:colcon.colcon_core.package_identification:_identify(venv/lib/python3.12/site-packages/setuptools/tests/config) by extensions ['colcon_pkg']
[1.900s] Level 1:colcon.colcon_core.package_identification:_identify(venv/lib/python3.12/site-packages/setuptools/tests/config) by extension 'colcon_pkg'
[1.900s] Level 1:colcon.colcon_core.package_identification:_identify(venv/lib/python3.12/site-packages/setuptools/tests/config) by extensions ['colcon_meta']
[1.900s] Level 1:colcon.colcon_core.package_identification:_identify(venv/lib/python3.12/site-packages/setuptools/tests/config) by extension 'colcon_meta'
[1.900s] Level 1:colcon.colcon_core.package_identification:_identify(venv/lib/python3.12/site-packages/setuptools/tests/config) by extensions ['ros']
[1.900s] Level 1:colcon.colcon_core.package_identification:_identify(venv/lib/python3.12/site-packages/setuptools/tests/config) by extension 'ros'
[1.900s] Level 1:colcon.colcon_core.package_identification:_identify(venv/lib/python3.12/site-packages/setuptools/tests/config) by extensions ['cmake', 'python']
[1.900s] Level 1:colcon.colcon_core.package_identification:_identify(venv/lib/python3.12/site-packages/setuptools/tests/config) by extension 'cmake'
[1.900s] Level 1:colcon.colcon_core.package_identification:_identify(venv/lib/python3.12/site-packages/setuptools/tests/config) by extension 'python'
[1.900s] Level 1:colcon.colcon_core.package_identification:_identify(venv/lib/python3.12/site-packages/setuptools/tests/config) by extensions ['python_setup_py']
[1.900s] Level 1:colcon.colcon_core.package_identification:_identify(venv/lib/python3.12/site-packages/setuptools/tests/config) by extension 'python_setup_py'
[1.900s] Level 1:colcon.colcon_core.package_identification:_identify(venv/lib/python3.12/site-packages/setuptools/tests/config/__pycache__) by extensions ['ignore', 'ignore_ament_install']
[1.900s] Level 1:colcon.colcon_core.package_identification:_identify(venv/lib/python3.12/site-packages/setuptools/tests/config/__pycache__) by extension 'ignore'
[1.900s] Level 1:colcon.colcon_core.package_identification:_identify(venv/lib/python3.12/site-packages/setuptools/tests/config/__pycache__) by extension 'ignore_ament_install'
[1.900s] Level 1:colcon.colcon_core.package_identification:_identify(venv/lib/python3.12/site-packages/setuptools/tests/config/__pycache__) by extensions ['colcon_pkg']
[1.900s] Level 1:colcon.colcon_core.package_identification:_identify(venv/lib/python3.12/site-packages/setuptools/tests/config/__pycache__) by extension 'colcon_pkg'
[1.900s] Level 1:colcon.colcon_core.package_identification:_identify(venv/lib/python3.12/site-packages/setuptools/tests/config/__pycache__) by extensions ['colcon_meta']
[1.900s] Level 1:colcon.colcon_core.package_identification:_identify(venv/lib/python3.12/site-packages/setuptools/tests/config/__pycache__) by extension 'colcon_meta'
[1.901s] Level 1:colcon.colcon_core.package_identification:_identify(venv/lib/python3.12/site-packages/setuptools/tests/config/__pycache__) by extensions ['ros']
[1.901s] Level 1:colcon.colcon_core.package_identification:_identify(venv/lib/python3.12/site-packages/setuptools/tests/config/__pycache__) by extension 'ros'
[1.901s] Level 1:colcon.colcon_core.package_identification:_identify(venv/lib/python3.12/site-packages/setuptools/tests/config/__pycache__) by extensions ['cmake', 'python']
[1.901s] Level 1:colcon.colcon_core.package_identification:_identify(venv/lib/python3.12/site-packages/setuptools/tests/config/__pycache__) by extension 'cmake'
[1.901s] Level 1:colcon.colcon_core.package_identification:_identify(venv/lib/python3.12/site-packages/setuptools/tests/config/__pycache__) by extension 'python'
[1.901s] Level 1:colcon.colcon_core.package_identification:_identify(venv/lib/python3.12/site-packages/setuptools/tests/config/__pycache__) by extensions ['python_setup_py']
[1.901s] Level 1:colcon.colcon_core.package_identification:_identify(venv/lib/python3.12/site-packages/setuptools/tests/config/__pycache__) by extension 'python_setup_py'
[1.901s] Level 1:colcon.colcon_core.package_identification:_identify(venv/lib/python3.12/site-packages/setuptools/tests/config/downloads) by extensions ['ignore', 'ignore_ament_install']
[1.901s] Level 1:colcon.colcon_core.package_identification:_identify(venv/lib/python3.12/site-packages/setuptools/tests/config/downloads) by extension 'ignore'
[1.901s] Level 1:colcon.colcon_core.package_identification:_identify(venv/lib/python3.12/site-packages/setuptools/tests/config/downloads) by extension 'ignore_ament_install'
[1.901s] Level 1:colcon.colcon_core.package_identification:_identify(venv/lib/python3.12/site-packages/setuptools/tests/config/downloads) by extensions ['colcon_pkg']
[1.901s] Level 1:colcon.colcon_core.package_identification:_identify(venv/lib/python3.12/site-packages/setuptools/tests/config/downloads) by extension 'colcon_pkg'
[1.901s] Level 1:colcon.colcon_core.package_identification:_identify(venv/lib/python3.12/site-packages/setuptools/tests/config/downloads) by extensions ['colcon_meta']
[1.901s] Level 1:colcon.colcon_core.package_identification:_identify(venv/lib/python3.12/site-packages/setuptools/tests/config/downloads) by extension 'colcon_meta'
[1.901s] Level 1:colcon.colcon_core.package_identification:_identify(venv/lib/python3.12/site-packages/setuptools/tests/config/downloads) by extensions ['ros']
[1.901s] Level 1:colcon.colcon_core.package_identification:_identify(venv/lib/python3.12/site-packages/setuptools/tests/config/downloads) by extension 'ros'
[1.902s] Level 1:colcon.colcon_core.package_identification:_identify(venv/lib/python3.12/site-packages/setuptools/tests/config/downloads) by extensions ['cmake', 'python']
[1.902s] Level 1:colcon.colcon_core.package_identification:_identify(venv/lib/python3.12/site-packages/setuptools/tests/config/downloads) by extension 'cmake'
[1.902s] Level 1:colcon.colcon_core.package_identification:_identify(venv/lib/python3.12/site-packages/setuptools/tests/config/downloads) by extension 'python'
[1.902s] Level 1:colcon.colcon_core.package_identification:_identify(venv/lib/python3.12/site-packages/setuptools/tests/config/downloads) by extensions ['python_setup_py']
[1.902s] Level 1:colcon.colcon_core.package_identification:_identify(venv/lib/python3.12/site-packages/setuptools/tests/config/downloads) by extension 'python_setup_py'
[1.902s] Level 1:colcon.colcon_core.package_identification:_identify(venv/lib/python3.12/site-packages/setuptools/tests/config/downloads/__pycache__) by extensions ['ignore', 'ignore_ament_install']
[1.902s] Level 1:colcon.colcon_core.package_identification:_identify(venv/lib/python3.12/site-packages/setuptools/tests/config/downloads/__pycache__) by extension 'ignore'
[1.902s] Level 1:colcon.colcon_core.package_identification:_identify(venv/lib/python3.12/site-packages/setuptools/tests/config/downloads/__pycache__) by extension 'ignore_ament_install'
[1.902s] Level 1:colcon.colcon_core.package_identification:_identify(venv/lib/python3.12/site-packages/setuptools/tests/config/downloads/__pycache__) by extensions ['colcon_pkg']
[1.902s] Level 1:colcon.colcon_core.package_identification:_identify(venv/lib/python3.12/site-packages/setuptools/tests/config/downloads/__pycache__) by extension 'colcon_pkg'
[1.902s] Level 1:colcon.colcon_core.package_identification:_identify(venv/lib/python3.12/site-packages/setuptools/tests/config/downloads/__pycache__) by extensions ['colcon_meta']
[1.902s] Level 1:colcon.colcon_core.package_identification:_identify(venv/lib/python3.12/site-packages/setuptools/tests/config/downloads/__pycache__) by extension 'colcon_meta'
[1.902s] Level 1:colcon.colcon_core.package_identification:_identify(venv/lib/python3.12/site-packages/setuptools/tests/config/downloads/__pycache__) by extensions ['ros']
[1.902s] Level 1:colcon.colcon_core.package_identification:_identify(venv/lib/python3.12/site-packages/setuptools/tests/config/downloads/__pycache__) by extension 'ros'
[1.902s] Level 1:colcon.colcon_core.package_identification:_identify(venv/lib/python3.12/site-packages/setuptools/tests/config/downloads/__pycache__) by extensions ['cmake', 'python']
[1.902s] Level 1:colcon.colcon_core.package_identification:_identify(venv/lib/python3.12/site-packages/setuptools/tests/config/downloads/__pycache__) by extension 'cmake'
[1.902s] Level 1:colcon.colcon_core.package_identification:_identify(venv/lib/python3.12/site-packages/setuptools/tests/config/downloads/__pycache__) by extension 'python'
[1.903s] Level 1:colcon.colcon_core.package_identification:_identify(venv/lib/python3.12/site-packages/setuptools/tests/config/downloads/__pycache__) by extensions ['python_setup_py']
[1.903s] Level 1:colcon.colcon_core.package_identification:_identify(venv/lib/python3.12/site-packages/setuptools/tests/config/downloads/__pycache__) by extension 'python_setup_py'
[1.903s] Level 1:colcon.colcon_core.package_identification:_identify(venv/lib/python3.12/site-packages/setuptools/tests/indexes) by extensions ['ignore', 'ignore_ament_install']
[1.903s] Level 1:colcon.colcon_core.package_identification:_identify(venv/lib/python3.12/site-packages/setuptools/tests/indexes) by extension 'ignore'
[1.903s] Level 1:colcon.colcon_core.package_identification:_identify(venv/lib/python3.12/site-packages/setuptools/tests/indexes) by extension 'ignore_ament_install'
[1.903s] Level 1:colcon.colcon_core.package_identification:_identify(venv/lib/python3.12/site-packages/setuptools/tests/indexes) by extensions ['colcon_pkg']
[1.903s] Level 1:colcon.colcon_core.package_identification:_identify(venv/lib/python3.12/site-packages/setuptools/tests/indexes) by extension 'colcon_pkg'
[1.903s] Level 1:colcon.colcon_core.package_identification:_identify(venv/lib/python3.12/site-packages/setuptools/tests/indexes) by extensions ['colcon_meta']
[1.903s] Level 1:colcon.colcon_core.package_identification:_identify(venv/lib/python3.12/site-packages/setuptools/tests/indexes) by extension 'colcon_meta'
[1.903s] Level 1:colcon.colcon_core.package_identification:_identify(venv/lib/python3.12/site-packages/setuptools/tests/indexes) by extensions ['ros']
[1.903s] Level 1:colcon.colcon_core.package_identification:_identify(venv/lib/python3.12/site-packages/setuptools/tests/indexes) by extension 'ros'
[1.903s] Level 1:colcon.colcon_core.package_identification:_identify(venv/lib/python3.12/site-packages/setuptools/tests/indexes) by extensions ['cmake', 'python']
[1.903s] Level 1:colcon.colcon_core.package_identification:_identify(venv/lib/python3.12/site-packages/setuptools/tests/indexes) by extension 'cmake'
[1.903s] Level 1:colcon.colcon_core.package_identification:_identify(venv/lib/python3.12/site-packages/setuptools/tests/indexes) by extension 'python'
[1.903s] Level 1:colcon.colcon_core.package_identification:_identify(venv/lib/python3.12/site-packages/setuptools/tests/indexes) by extensions ['python_setup_py']
[1.903s] Level 1:colcon.colcon_core.package_identification:_identify(venv/lib/python3.12/site-packages/setuptools/tests/indexes) by extension 'python_setup_py'
[1.904s] Level 1:colcon.colcon_core.package_identification:_identify(venv/lib/python3.12/site-packages/setuptools/tests/indexes/test_links_priority) by extensions ['ignore', 'ignore_ament_install']
[1.904s] Level 1:colcon.colcon_core.package_identification:_identify(venv/lib/python3.12/site-packages/setuptools/tests/indexes/test_links_priority) by extension 'ignore'
[1.904s] Level 1:colcon.colcon_core.package_identification:_identify(venv/lib/python3.12/site-packages/setuptools/tests/indexes/test_links_priority) by extension 'ignore_ament_install'
[1.904s] Level 1:colcon.colcon_core.package_identification:_identify(venv/lib/python3.12/site-packages/setuptools/tests/indexes/test_links_priority) by extensions ['colcon_pkg']
[1.904s] Level 1:colcon.colcon_core.package_identification:_identify(venv/lib/python3.12/site-packages/setuptools/tests/indexes/test_links_priority) by extension 'colcon_pkg'
[1.904s] Level 1:colcon.colcon_core.package_identification:_identify(venv/lib/python3.12/site-packages/setuptools/tests/indexes/test_links_priority) by extensions ['colcon_meta']
[1.904s] Level 1:colcon.colcon_core.package_identification:_identify(venv/lib/python3.12/site-packages/setuptools/tests/indexes/test_links_priority) by extension 'colcon_meta'
[1.904s] Level 1:colcon.colcon_core.package_identification:_identify(venv/lib/python3.12/site-packages/setuptools/tests/indexes/test_links_priority) by extensions ['ros']
[1.904s] Level 1:colcon.colcon_core.package_identification:_identify(venv/lib/python3.12/site-packages/setuptools/tests/indexes/test_links_priority) by extension 'ros'
[1.904s] Level 1:colcon.colcon_core.package_identification:_identify(venv/lib/python3.12/site-packages/setuptools/tests/indexes/test_links_priority) by extensions ['cmake', 'python']
[1.904s] Level 1:colcon.colcon_core.package_identification:_identify(venv/lib/python3.12/site-packages/setuptools/tests/indexes/test_links_priority) by extension 'cmake'
[1.904s] Level 1:colcon.colcon_core.package_identification:_identify(venv/lib/python3.12/site-packages/setuptools/tests/indexes/test_links_priority) by extension 'python'
[1.904s] Level 1:colcon.colcon_core.package_identification:_identify(venv/lib/python3.12/site-packages/setuptools/tests/indexes/test_links_priority) by extensions ['python_setup_py']
[1.905s] Level 1:colcon.colcon_core.package_identification:_identify(venv/lib/python3.12/site-packages/setuptools/tests/indexes/test_links_priority) by extension 'python_setup_py'
[1.905s] Level 1:colcon.colcon_core.package_identification:_identify(venv/lib/python3.12/site-packages/setuptools/tests/indexes/test_links_priority/simple) by extensions ['ignore', 'ignore_ament_install']
[1.905s] Level 1:colcon.colcon_core.package_identification:_identify(venv/lib/python3.12/site-packages/setuptools/tests/indexes/test_links_priority/simple) by extension 'ignore'
[1.905s] Level 1:colcon.colcon_core.package_identification:_identify(venv/lib/python3.12/site-packages/setuptools/tests/indexes/test_links_priority/simple) by extension 'ignore_ament_install'
[1.905s] Level 1:colcon.colcon_core.package_identification:_identify(venv/lib/python3.12/site-packages/setuptools/tests/indexes/test_links_priority/simple) by extensions ['colcon_pkg']
[1.905s] Level 1:colcon.colcon_core.package_identification:_identify(venv/lib/python3.12/site-packages/setuptools/tests/indexes/test_links_priority/simple) by extension 'colcon_pkg'
[1.905s] Level 1:colcon.colcon_core.package_identification:_identify(venv/lib/python3.12/site-packages/setuptools/tests/indexes/test_links_priority/simple) by extensions ['colcon_meta']
[1.905s] Level 1:colcon.colcon_core.package_identification:_identify(venv/lib/python3.12/site-packages/setuptools/tests/indexes/test_links_priority/simple) by extension 'colcon_meta'
[1.905s] Level 1:colcon.colcon_core.package_identification:_identify(venv/lib/python3.12/site-packages/setuptools/tests/indexes/test_links_priority/simple) by extensions ['ros']
[1.905s] Level 1:colcon.colcon_core.package_identification:_identify(venv/lib/python3.12/site-packages/setuptools/tests/indexes/test_links_priority/simple) by extension 'ros'
[1.905s] Level 1:colcon.colcon_core.package_identification:_identify(venv/lib/python3.12/site-packages/setuptools/tests/indexes/test_links_priority/simple) by extensions ['cmake', 'python']
[1.905s] Level 1:colcon.colcon_core.package_identification:_identify(venv/lib/python3.12/site-packages/setuptools/tests/indexes/test_links_priority/simple) by extension 'cmake'
[1.905s] Level 1:colcon.colcon_core.package_identification:_identify(venv/lib/python3.12/site-packages/setuptools/tests/indexes/test_links_priority/simple) by extension 'python'
[1.905s] Level 1:colcon.colcon_core.package_identification:_identify(venv/lib/python3.12/site-packages/setuptools/tests/indexes/test_links_priority/simple) by extensions ['python_setup_py']
[1.905s] Level 1:colcon.colcon_core.package_identification:_identify(venv/lib/python3.12/site-packages/setuptools/tests/indexes/test_links_priority/simple) by extension 'python_setup_py'
[1.906s] Level 1:colcon.colcon_core.package_identification:_identify(venv/lib/python3.12/site-packages/setuptools/tests/indexes/test_links_priority/simple/foobar) by extensions ['ignore', 'ignore_ament_install']
[1.906s] Level 1:colcon.colcon_core.package_identification:_identify(venv/lib/python3.12/site-packages/setuptools/tests/indexes/test_links_priority/simple/foobar) by extension 'ignore'
[1.906s] Level 1:colcon.colcon_core.package_identification:_identify(venv/lib/python3.12/site-packages/setuptools/tests/indexes/test_links_priority/simple/foobar) by extension 'ignore_ament_install'
[1.906s] Level 1:colcon.colcon_core.package_identification:_identify(venv/lib/python3.12/site-packages/setuptools/tests/indexes/test_links_priority/simple/foobar) by extensions ['colcon_pkg']
[1.906s] Level 1:colcon.colcon_core.package_identification:_identify(venv/lib/python3.12/site-packages/setuptools/tests/indexes/test_links_priority/simple/foobar) by extension 'colcon_pkg'
[1.906s] Level 1:colcon.colcon_core.package_identification:_identify(venv/lib/python3.12/site-packages/setuptools/tests/indexes/test_links_priority/simple/foobar) by extensions ['colcon_meta']
[1.906s] Level 1:colcon.colcon_core.package_identification:_identify(venv/lib/python3.12/site-packages/setuptools/tests/indexes/test_links_priority/simple/foobar) by extension 'colcon_meta'
[1.906s] Level 1:colcon.colcon_core.package_identification:_identify(venv/lib/python3.12/site-packages/setuptools/tests/indexes/test_links_priority/simple/foobar) by extensions ['ros']
[1.906s] Level 1:colcon.colcon_core.package_identification:_identify(venv/lib/python3.12/site-packages/setuptools/tests/indexes/test_links_priority/simple/foobar) by extension 'ros'
[1.906s] Level 1:colcon.colcon_core.package_identification:_identify(venv/lib/python3.12/site-packages/setuptools/tests/indexes/test_links_priority/simple/foobar) by extensions ['cmake', 'python']
[1.906s] Level 1:colcon.colcon_core.package_identification:_identify(venv/lib/python3.12/site-packages/setuptools/tests/indexes/test_links_priority/simple/foobar) by extension 'cmake'
[1.907s] Level 1:colcon.colcon_core.package_identification:_identify(venv/lib/python3.12/site-packages/setuptools/tests/indexes/test_links_priority/simple/foobar) by extension 'python'
[1.907s] Level 1:colcon.colcon_core.package_identification:_identify(venv/lib/python3.12/site-packages/setuptools/tests/indexes/test_links_priority/simple/foobar) by extensions ['python_setup_py']
[1.907s] Level 1:colcon.colcon_core.package_identification:_identify(venv/lib/python3.12/site-packages/setuptools/tests/indexes/test_links_priority/simple/foobar) by extension 'python_setup_py'
[1.907s] Level 1:colcon.colcon_core.package_identification:_identify(venv/lib/python3.12/site-packages/setuptools/tests/integration) by extensions ['ignore', 'ignore_ament_install']
[1.907s] Level 1:colcon.colcon_core.package_identification:_identify(venv/lib/python3.12/site-packages/setuptools/tests/integration) by extension 'ignore'
[1.907s] Level 1:colcon.colcon_core.package_identification:_identify(venv/lib/python3.12/site-packages/setuptools/tests/integration) by extension 'ignore_ament_install'
[1.907s] Level 1:colcon.colcon_core.package_identification:_identify(venv/lib/python3.12/site-packages/setuptools/tests/integration) by extensions ['colcon_pkg']
[1.907s] Level 1:colcon.colcon_core.package_identification:_identify(venv/lib/python3.12/site-packages/setuptools/tests/integration) by extension 'colcon_pkg'
[1.907s] Level 1:colcon.colcon_core.package_identification:_identify(venv/lib/python3.12/site-packages/setuptools/tests/integration) by extensions ['colcon_meta']
[1.907s] Level 1:colcon.colcon_core.package_identification:_identify(venv/lib/python3.12/site-packages/setuptools/tests/integration) by extension 'colcon_meta'
[1.907s] Level 1:colcon.colcon_core.package_identification:_identify(venv/lib/python3.12/site-packages/setuptools/tests/integration) by extensions ['ros']
[1.907s] Level 1:colcon.colcon_core.package_identification:_identify(venv/lib/python3.12/site-packages/setuptools/tests/integration) by extension 'ros'
[1.907s] Level 1:colcon.colcon_core.package_identification:_identify(venv/lib/python3.12/site-packages/setuptools/tests/integration) by extensions ['cmake', 'python']
[1.907s] Level 1:colcon.colcon_core.package_identification:_identify(venv/lib/python3.12/site-packages/setuptools/tests/integration) by extension 'cmake'
[1.908s] Level 1:colcon.colcon_core.package_identification:_identify(venv/lib/python3.12/site-packages/setuptools/tests/integration) by extension 'python'
[1.908s] Level 1:colcon.colcon_core.package_identification:_identify(venv/lib/python3.12/site-packages/setuptools/tests/integration) by extensions ['python_setup_py']
[1.908s] Level 1:colcon.colcon_core.package_identification:_identify(venv/lib/python3.12/site-packages/setuptools/tests/integration) by extension 'python_setup_py'
[1.908s] Level 1:colcon.colcon_core.package_identification:_identify(venv/lib/python3.12/site-packages/setuptools/tests/integration/__pycache__) by extensions ['ignore', 'ignore_ament_install']
[1.908s] Level 1:colcon.colcon_core.package_identification:_identify(venv/lib/python3.12/site-packages/setuptools/tests/integration/__pycache__) by extension 'ignore'
[1.908s] Level 1:colcon.colcon_core.package_identification:_identify(venv/lib/python3.12/site-packages/setuptools/tests/integration/__pycache__) by extension 'ignore_ament_install'
[1.908s] Level 1:colcon.colcon_core.package_identification:_identify(venv/lib/python3.12/site-packages/setuptools/tests/integration/__pycache__) by extensions ['colcon_pkg']
[1.908s] Level 1:colcon.colcon_core.package_identification:_identify(venv/lib/python3.12/site-packages/setuptools/tests/integration/__pycache__) by extension 'colcon_pkg'
[1.908s] Level 1:colcon.colcon_core.package_identification:_identify(venv/lib/python3.12/site-packages/setuptools/tests/integration/__pycache__) by extensions ['colcon_meta']
[1.908s] Level 1:colcon.colcon_core.package_identification:_identify(venv/lib/python3.12/site-packages/setuptools/tests/integration/__pycache__) by extension 'colcon_meta'
[1.908s] Level 1:colcon.colcon_core.package_identification:_identify(venv/lib/python3.12/site-packages/setuptools/tests/integration/__pycache__) by extensions ['ros']
[1.908s] Level 1:colcon.colcon_core.package_identification:_identify(venv/lib/python3.12/site-packages/setuptools/tests/integration/__pycache__) by extension 'ros'
[1.909s] Level 1:colcon.colcon_core.package_identification:_identify(venv/lib/python3.12/site-packages/setuptools/tests/integration/__pycache__) by extensions ['cmake', 'python']
[1.909s] Level 1:colcon.colcon_core.package_identification:_identify(venv/lib/python3.12/site-packages/setuptools/tests/integration/__pycache__) by extension 'cmake'
[1.909s] Level 1:colcon.colcon_core.package_identification:_identify(venv/lib/python3.12/site-packages/setuptools/tests/integration/__pycache__) by extension 'python'
[1.909s] Level 1:colcon.colcon_core.package_identification:_identify(venv/lib/python3.12/site-packages/setuptools/tests/integration/__pycache__) by extensions ['python_setup_py']
[1.909s] Level 1:colcon.colcon_core.package_identification:_identify(venv/lib/python3.12/site-packages/setuptools/tests/integration/__pycache__) by extension 'python_setup_py'
[1.909s] Level 1:colcon.colcon_core.package_identification:_identify(venv/lib/python3.12/site-packages/setuptools-82.0.1.dist-info) by extensions ['ignore', 'ignore_ament_install']
[1.909s] Level 1:colcon.colcon_core.package_identification:_identify(venv/lib/python3.12/site-packages/setuptools-82.0.1.dist-info) by extension 'ignore'
[1.909s] Level 1:colcon.colcon_core.package_identification:_identify(venv/lib/python3.12/site-packages/setuptools-82.0.1.dist-info) by extension 'ignore_ament_install'
[1.909s] Level 1:colcon.colcon_core.package_identification:_identify(venv/lib/python3.12/site-packages/setuptools-82.0.1.dist-info) by extensions ['colcon_pkg']
[1.909s] Level 1:colcon.colcon_core.package_identification:_identify(venv/lib/python3.12/site-packages/setuptools-82.0.1.dist-info) by extension 'colcon_pkg'
[1.910s] Level 1:colcon.colcon_core.package_identification:_identify(venv/lib/python3.12/site-packages/setuptools-82.0.1.dist-info) by extensions ['colcon_meta']
[1.910s] Level 1:colcon.colcon_core.package_identification:_identify(venv/lib/python3.12/site-packages/setuptools-82.0.1.dist-info) by extension 'colcon_meta'
[1.910s] Level 1:colcon.colcon_core.package_identification:_identify(venv/lib/python3.12/site-packages/setuptools-82.0.1.dist-info) by extensions ['ros']
[1.910s] Level 1:colcon.colcon_core.package_identification:_identify(venv/lib/python3.12/site-packages/setuptools-82.0.1.dist-info) by extension 'ros'
[1.910s] Level 1:colcon.colcon_core.package_identification:_identify(venv/lib/python3.12/site-packages/setuptools-82.0.1.dist-info) by extensions ['cmake', 'python']
[1.910s] Level 1:colcon.colcon_core.package_identification:_identify(venv/lib/python3.12/site-packages/setuptools-82.0.1.dist-info) by extension 'cmake'
[1.910s] Level 1:colcon.colcon_core.package_identification:_identify(venv/lib/python3.12/site-packages/setuptools-82.0.1.dist-info) by extension 'python'
[1.910s] Level 1:colcon.colcon_core.package_identification:_identify(venv/lib/python3.12/site-packages/setuptools-82.0.1.dist-info) by extensions ['python_setup_py']
[1.910s] Level 1:colcon.colcon_core.package_identification:_identify(venv/lib/python3.12/site-packages/setuptools-82.0.1.dist-info) by extension 'python_setup_py'
[1.910s] Level 1:colcon.colcon_core.package_identification:_identify(venv/lib/python3.12/site-packages/setuptools-82.0.1.dist-info/licenses) by extensions ['ignore', 'ignore_ament_install']
[1.910s] Level 1:colcon.colcon_core.package_identification:_identify(venv/lib/python3.12/site-packages/setuptools-82.0.1.dist-info/licenses) by extension 'ignore'
[1.910s] Level 1:colcon.colcon_core.package_identification:_identify(venv/lib/python3.12/site-packages/setuptools-82.0.1.dist-info/licenses) by extension 'ignore_ament_install'
[1.911s] Level 1:colcon.colcon_core.package_identification:_identify(venv/lib/python3.12/site-packages/setuptools-82.0.1.dist-info/licenses) by extensions ['colcon_pkg']
[1.911s] Level 1:colcon.colcon_core.package_identification:_identify(venv/lib/python3.12/site-packages/setuptools-82.0.1.dist-info/licenses) by extension 'colcon_pkg'
[1.911s] Level 1:colcon.colcon_core.package_identification:_identify(venv/lib/python3.12/site-packages/setuptools-82.0.1.dist-info/licenses) by extensions ['colcon_meta']
[1.911s] Level 1:colcon.colcon_core.package_identification:_identify(venv/lib/python3.12/site-packages/setuptools-82.0.1.dist-info/licenses) by extension 'colcon_meta'
[1.911s] Level 1:colcon.colcon_core.package_identification:_identify(venv/lib/python3.12/site-packages/setuptools-82.0.1.dist-info/licenses) by extensions ['ros']
[1.911s] Level 1:colcon.colcon_core.package_identification:_identify(venv/lib/python3.12/site-packages/setuptools-82.0.1.dist-info/licenses) by extension 'ros'
[1.911s] Level 1:colcon.colcon_core.package_identification:_identify(venv/lib/python3.12/site-packages/setuptools-82.0.1.dist-info/licenses) by extensions ['cmake', 'python']
[1.911s] Level 1:colcon.colcon_core.package_identification:_identify(venv/lib/python3.12/site-packages/setuptools-82.0.1.dist-info/licenses) by extension 'cmake'
[1.911s] Level 1:colcon.colcon_core.package_identification:_identify(venv/lib/python3.12/site-packages/setuptools-82.0.1.dist-info/licenses) by extension 'python'
[1.911s] Level 1:colcon.colcon_core.package_identification:_identify(venv/lib/python3.12/site-packages/setuptools-82.0.1.dist-info/licenses) by extensions ['python_setup_py']
[1.911s] Level 1:colcon.colcon_core.package_identification:_identify(venv/lib/python3.12/site-packages/setuptools-82.0.1.dist-info/licenses) by extension 'python_setup_py'
[1.911s] Level 1:colcon.colcon_core.package_identification:_identify(venv/lib/python3.12/site-packages/smbus2) by extensions ['ignore', 'ignore_ament_install']
[1.912s] Level 1:colcon.colcon_core.package_identification:_identify(venv/lib/python3.12/site-packages/smbus2) by extension 'ignore'
[1.912s] Level 1:colcon.colcon_core.package_identification:_identify(venv/lib/python3.12/site-packages/smbus2) by extension 'ignore_ament_install'
[1.912s] Level 1:colcon.colcon_core.package_identification:_identify(venv/lib/python3.12/site-packages/smbus2) by extensions ['colcon_pkg']
[1.912s] Level 1:colcon.colcon_core.package_identification:_identify(venv/lib/python3.12/site-packages/smbus2) by extension 'colcon_pkg'
[1.912s] Level 1:colcon.colcon_core.package_identification:_identify(venv/lib/python3.12/site-packages/smbus2) by extensions ['colcon_meta']
[1.912s] Level 1:colcon.colcon_core.package_identification:_identify(venv/lib/python3.12/site-packages/smbus2) by extension 'colcon_meta'
[1.912s] Level 1:colcon.colcon_core.package_identification:_identify(venv/lib/python3.12/site-packages/smbus2) by extensions ['ros']
[1.912s] Level 1:colcon.colcon_core.package_identification:_identify(venv/lib/python3.12/site-packages/smbus2) by extension 'ros'
[1.912s] Level 1:colcon.colcon_core.package_identification:_identify(venv/lib/python3.12/site-packages/smbus2) by extensions ['cmake', 'python']
[1.912s] Level 1:colcon.colcon_core.package_identification:_identify(venv/lib/python3.12/site-packages/smbus2) by extension 'cmake'
[1.913s] Level 1:colcon.colcon_core.package_identification:_identify(venv/lib/python3.12/site-packages/smbus2) by extension 'python'
[1.913s] Level 1:colcon.colcon_core.package_identification:_identify(venv/lib/python3.12/site-packages/smbus2) by extensions ['python_setup_py']
[1.913s] Level 1:colcon.colcon_core.package_identification:_identify(venv/lib/python3.12/site-packages/smbus2) by extension 'python_setup_py'
[1.913s] Level 1:colcon.colcon_core.package_identification:_identify(venv/lib/python3.12/site-packages/smbus2/__pycache__) by extensions ['ignore', 'ignore_ament_install']
[1.913s] Level 1:colcon.colcon_core.package_identification:_identify(venv/lib/python3.12/site-packages/smbus2/__pycache__) by extension 'ignore'
[1.914s] Level 1:colcon.colcon_core.package_identification:_identify(venv/lib/python3.12/site-packages/smbus2/__pycache__) by extension 'ignore_ament_install'
[1.914s] Level 1:colcon.colcon_core.package_identification:_identify(venv/lib/python3.12/site-packages/smbus2/__pycache__) by extensions ['colcon_pkg']
[1.914s] Level 1:colcon.colcon_core.package_identification:_identify(venv/lib/python3.12/site-packages/smbus2/__pycache__) by extension 'colcon_pkg'
[1.914s] Level 1:colcon.colcon_core.package_identification:_identify(venv/lib/python3.12/site-packages/smbus2/__pycache__) by extensions ['colcon_meta']
[1.914s] Level 1:colcon.colcon_core.package_identification:_identify(venv/lib/python3.12/site-packages/smbus2/__pycache__) by extension 'colcon_meta'
[1.914s] Level 1:colcon.colcon_core.package_identification:_identify(venv/lib/python3.12/site-packages/smbus2/__pycache__) by extensions ['ros']
[1.914s] Level 1:colcon.colcon_core.package_identification:_identify(venv/lib/python3.12/site-packages/smbus2/__pycache__) by extension 'ros'
[1.914s] Level 1:colcon.colcon_core.package_identification:_identify(venv/lib/python3.12/site-packages/smbus2/__pycache__) by extensions ['cmake', 'python']
[1.914s] Level 1:colcon.colcon_core.package_identification:_identify(venv/lib/python3.12/site-packages/smbus2/__pycache__) by extension 'cmake'
[1.914s] Level 1:colcon.colcon_core.package_identification:_identify(venv/lib/python3.12/site-packages/smbus2/__pycache__) by extension 'python'
[1.914s] Level 1:colcon.colcon_core.package_identification:_identify(venv/lib/python3.12/site-packages/smbus2/__pycache__) by extensions ['python_setup_py']
[1.914s] Level 1:colcon.colcon_core.package_identification:_identify(venv/lib/python3.12/site-packages/smbus2/__pycache__) by extension 'python_setup_py'
[1.914s] Level 1:colcon.colcon_core.package_identification:_identify(venv/lib/python3.12/site-packages/smbus2-0.6.1.dist-info) by extensions ['ignore', 'ignore_ament_install']
[1.914s] Level 1:colcon.colcon_core.package_identification:_identify(venv/lib/python3.12/site-packages/smbus2-0.6.1.dist-info) by extension 'ignore'
[1.914s] Level 1:colcon.colcon_core.package_identification:_identify(venv/lib/python3.12/site-packages/smbus2-0.6.1.dist-info) by extension 'ignore_ament_install'
[1.915s] Level 1:colcon.colcon_core.package_identification:_identify(venv/lib/python3.12/site-packages/smbus2-0.6.1.dist-info) by extensions ['colcon_pkg']
[1.915s] Level 1:colcon.colcon_core.package_identification:_identify(venv/lib/python3.12/site-packages/smbus2-0.6.1.dist-info) by extension 'colcon_pkg'
[1.915s] Level 1:colcon.colcon_core.package_identification:_identify(venv/lib/python3.12/site-packages/smbus2-0.6.1.dist-info) by extensions ['colcon_meta']
[1.915s] Level 1:colcon.colcon_core.package_identification:_identify(venv/lib/python3.12/site-packages/smbus2-0.6.1.dist-info) by extension 'colcon_meta'
[1.915s] Level 1:colcon.colcon_core.package_identification:_identify(venv/lib/python3.12/site-packages/smbus2-0.6.1.dist-info) by extensions ['ros']
[1.915s] Level 1:colcon.colcon_core.package_identification:_identify(venv/lib/python3.12/site-packages/smbus2-0.6.1.dist-info) by extension 'ros'
[1.915s] Level 1:colcon.colcon_core.package_identification:_identify(venv/lib/python3.12/site-packages/smbus2-0.6.1.dist-info) by extensions ['cmake', 'python']
[1.915s] Level 1:colcon.colcon_core.package_identification:_identify(venv/lib/python3.12/site-packages/smbus2-0.6.1.dist-info) by extension 'cmake'
[1.915s] Level 1:colcon.colcon_core.package_identification:_identify(venv/lib/python3.12/site-packages/smbus2-0.6.1.dist-info) by extension 'python'
[1.915s] Level 1:colcon.colcon_core.package_identification:_identify(venv/lib/python3.12/site-packages/smbus2-0.6.1.dist-info) by extensions ['python_setup_py']
[1.915s] Level 1:colcon.colcon_core.package_identification:_identify(venv/lib/python3.12/site-packages/smbus2-0.6.1.dist-info) by extension 'python_setup_py'
[1.915s] Level 1:colcon.colcon_core.package_identification:_identify(venv/lib/python3.12/site-packages/smbus2-0.6.1.dist-info/licenses) by extensions ['ignore', 'ignore_ament_install']
[1.915s] Level 1:colcon.colcon_core.package_identification:_identify(venv/lib/python3.12/site-packages/smbus2-0.6.1.dist-info/licenses) by extension 'ignore'
[1.916s] Level 1:colcon.colcon_core.package_identification:_identify(venv/lib/python3.12/site-packages/smbus2-0.6.1.dist-info/licenses) by extension 'ignore_ament_install'
[1.916s] Level 1:colcon.colcon_core.package_identification:_identify(venv/lib/python3.12/site-packages/smbus2-0.6.1.dist-info/licenses) by extensions ['colcon_pkg']
[1.916s] Level 1:colcon.colcon_core.package_identification:_identify(venv/lib/python3.12/site-packages/smbus2-0.6.1.dist-info/licenses) by extension 'colcon_pkg'
[1.916s] Level 1:colcon.colcon_core.package_identification:_identify(venv/lib/python3.12/site-packages/smbus2-0.6.1.dist-info/licenses) by extensions ['colcon_meta']
[1.916s] Level 1:colcon.colcon_core.package_identification:_identify(venv/lib/python3.12/site-packages/smbus2-0.6.1.dist-info/licenses) by extension 'colcon_meta'
[1.916s] Level 1:colcon.colcon_core.package_identification:_identify(venv/lib/python3.12/site-packages/smbus2-0.6.1.dist-info/licenses) by extensions ['ros']
[1.916s] Level 1:colcon.colcon_core.package_identification:_identify(venv/lib/python3.12/site-packages/smbus2-0.6.1.dist-info/licenses) by extension 'ros'
[1.916s] Level 1:colcon.colcon_core.package_identification:_identify(venv/lib/python3.12/site-packages/smbus2-0.6.1.dist-info/licenses) by extensions ['cmake', 'python']
[1.916s] Level 1:colcon.colcon_core.package_identification:_identify(venv/lib/python3.12/site-packages/smbus2-0.6.1.dist-info/licenses) by extension 'cmake'
[1.916s] Level 1:colcon.colcon_core.package_identification:_identify(venv/lib/python3.12/site-packages/smbus2-0.6.1.dist-info/licenses) by extension 'python'
[1.916s] Level 1:colcon.colcon_core.package_identification:_identify(venv/lib/python3.12/site-packages/smbus2-0.6.1.dist-info/licenses) by extensions ['python_setup_py']
[1.916s] Level 1:colcon.colcon_core.package_identification:_identify(venv/lib/python3.12/site-packages/smbus2-0.6.1.dist-info/licenses) by extension 'python_setup_py'
[1.917s] Level 1:colcon.colcon_core.package_identification:_identify(venv/lib/python3.12/site-packages/wheel) by extensions ['ignore', 'ignore_ament_install']
[1.917s] Level 1:colcon.colcon_core.package_identification:_identify(venv/lib/python3.12/site-packages/wheel) by extension 'ignore'
[1.917s] Level 1:colcon.colcon_core.package_identification:_identify(venv/lib/python3.12/site-packages/wheel) by extension 'ignore_ament_install'
[1.917s] Level 1:colcon.colcon_core.package_identification:_identify(venv/lib/python3.12/site-packages/wheel) by extensions ['colcon_pkg']
[1.917s] Level 1:colcon.colcon_core.package_identification:_identify(venv/lib/python3.12/site-packages/wheel) by extension 'colcon_pkg'
[1.917s] Level 1:colcon.colcon_core.package_identification:_identify(venv/lib/python3.12/site-packages/wheel) by extensions ['colcon_meta']
[1.917s] Level 1:colcon.colcon_core.package_identification:_identify(venv/lib/python3.12/site-packages/wheel) by extension 'colcon_meta'
[1.917s] Level 1:colcon.colcon_core.package_identification:_identify(venv/lib/python3.12/site-packages/wheel) by extensions ['ros']
[1.917s] Level 1:colcon.colcon_core.package_identification:_identify(venv/lib/python3.12/site-packages/wheel) by extension 'ros'
[1.917s] Level 1:colcon.colcon_core.package_identification:_identify(venv/lib/python3.12/site-packages/wheel) by extensions ['cmake', 'python']
[1.917s] Level 1:colcon.colcon_core.package_identification:_identify(venv/lib/python3.12/site-packages/wheel) by extension 'cmake'
[1.917s] Level 1:colcon.colcon_core.package_identification:_identify(venv/lib/python3.12/site-packages/wheel) by extension 'python'
[1.917s] Level 1:colcon.colcon_core.package_identification:_identify(venv/lib/python3.12/site-packages/wheel) by extensions ['python_setup_py']
[1.917s] Level 1:colcon.colcon_core.package_identification:_identify(venv/lib/python3.12/site-packages/wheel) by extension 'python_setup_py'
[1.918s] Level 1:colcon.colcon_core.package_identification:_identify(venv/lib/python3.12/site-packages/wheel/__pycache__) by extensions ['ignore', 'ignore_ament_install']
[1.918s] Level 1:colcon.colcon_core.package_identification:_identify(venv/lib/python3.12/site-packages/wheel/__pycache__) by extension 'ignore'
[1.918s] Level 1:colcon.colcon_core.package_identification:_identify(venv/lib/python3.12/site-packages/wheel/__pycache__) by extension 'ignore_ament_install'
[1.918s] Level 1:colcon.colcon_core.package_identification:_identify(venv/lib/python3.12/site-packages/wheel/__pycache__) by extensions ['colcon_pkg']
[1.918s] Level 1:colcon.colcon_core.package_identification:_identify(venv/lib/python3.12/site-packages/wheel/__pycache__) by extension 'colcon_pkg'
[1.918s] Level 1:colcon.colcon_core.package_identification:_identify(venv/lib/python3.12/site-packages/wheel/__pycache__) by extensions ['colcon_meta']
[1.918s] Level 1:colcon.colcon_core.package_identification:_identify(venv/lib/python3.12/site-packages/wheel/__pycache__) by extension 'colcon_meta'
[1.918s] Level 1:colcon.colcon_core.package_identification:_identify(venv/lib/python3.12/site-packages/wheel/__pycache__) by extensions ['ros']
[1.918s] Level 1:colcon.colcon_core.package_identification:_identify(venv/lib/python3.12/site-packages/wheel/__pycache__) by extension 'ros'
[1.918s] Level 1:colcon.colcon_core.package_identification:_identify(venv/lib/python3.12/site-packages/wheel/__pycache__) by extensions ['cmake', 'python']
[1.918s] Level 1:colcon.colcon_core.package_identification:_identify(venv/lib/python3.12/site-packages/wheel/__pycache__) by extension 'cmake'
[1.918s] Level 1:colcon.colcon_core.package_identification:_identify(venv/lib/python3.12/site-packages/wheel/__pycache__) by extension 'python'
[1.918s] Level 1:colcon.colcon_core.package_identification:_identify(venv/lib/python3.12/site-packages/wheel/__pycache__) by extensions ['python_setup_py']
[1.918s] Level 1:colcon.colcon_core.package_identification:_identify(venv/lib/python3.12/site-packages/wheel/__pycache__) by extension 'python_setup_py'
[1.919s] Level 1:colcon.colcon_core.package_identification:_identify(venv/lib/python3.12/site-packages/wheel/_commands) by extensions ['ignore', 'ignore_ament_install']
[1.919s] Level 1:colcon.colcon_core.package_identification:_identify(venv/lib/python3.12/site-packages/wheel/_commands) by extension 'ignore'
[1.919s] Level 1:colcon.colcon_core.package_identification:_identify(venv/lib/python3.12/site-packages/wheel/_commands) by extension 'ignore_ament_install'
[1.919s] Level 1:colcon.colcon_core.package_identification:_identify(venv/lib/python3.12/site-packages/wheel/_commands) by extensions ['colcon_pkg']
[1.919s] Level 1:colcon.colcon_core.package_identification:_identify(venv/lib/python3.12/site-packages/wheel/_commands) by extension 'colcon_pkg'
[1.919s] Level 1:colcon.colcon_core.package_identification:_identify(venv/lib/python3.12/site-packages/wheel/_commands) by extensions ['colcon_meta']
[1.919s] Level 1:colcon.colcon_core.package_identification:_identify(venv/lib/python3.12/site-packages/wheel/_commands) by extension 'colcon_meta'
[1.919s] Level 1:colcon.colcon_core.package_identification:_identify(venv/lib/python3.12/site-packages/wheel/_commands) by extensions ['ros']
[1.919s] Level 1:colcon.colcon_core.package_identification:_identify(venv/lib/python3.12/site-packages/wheel/_commands) by extension 'ros'
[1.919s] Level 1:colcon.colcon_core.package_identification:_identify(venv/lib/python3.12/site-packages/wheel/_commands) by extensions ['cmake', 'python']
[1.919s] Level 1:colcon.colcon_core.package_identification:_identify(venv/lib/python3.12/site-packages/wheel/_commands) by extension 'cmake'
[1.919s] Level 1:colcon.colcon_core.package_identification:_identify(venv/lib/python3.12/site-packages/wheel/_commands) by extension 'python'
[1.919s] Level 1:colcon.colcon_core.package_identification:_identify(venv/lib/python3.12/site-packages/wheel/_commands) by extensions ['python_setup_py']
[1.919s] Level 1:colcon.colcon_core.package_identification:_identify(venv/lib/python3.12/site-packages/wheel/_commands) by extension 'python_setup_py'
[1.919s] Level 1:colcon.colcon_core.package_identification:_identify(venv/lib/python3.12/site-packages/wheel/_commands/__pycache__) by extensions ['ignore', 'ignore_ament_install']
[1.920s] Level 1:colcon.colcon_core.package_identification:_identify(venv/lib/python3.12/site-packages/wheel/_commands/__pycache__) by extension 'ignore'
[1.920s] Level 1:colcon.colcon_core.package_identification:_identify(venv/lib/python3.12/site-packages/wheel/_commands/__pycache__) by extension 'ignore_ament_install'
[1.920s] Level 1:colcon.colcon_core.package_identification:_identify(venv/lib/python3.12/site-packages/wheel/_commands/__pycache__) by extensions ['colcon_pkg']
[1.920s] Level 1:colcon.colcon_core.package_identification:_identify(venv/lib/python3.12/site-packages/wheel/_commands/__pycache__) by extension 'colcon_pkg'
[1.920s] Level 1:colcon.colcon_core.package_identification:_identify(venv/lib/python3.12/site-packages/wheel/_commands/__pycache__) by extensions ['colcon_meta']
[1.920s] Level 1:colcon.colcon_core.package_identification:_identify(venv/lib/python3.12/site-packages/wheel/_commands/__pycache__) by extension 'colcon_meta'
[1.920s] Level 1:colcon.colcon_core.package_identification:_identify(venv/lib/python3.12/site-packages/wheel/_commands/__pycache__) by extensions ['ros']
[1.920s] Level 1:colcon.colcon_core.package_identification:_identify(venv/lib/python3.12/site-packages/wheel/_commands/__pycache__) by extension 'ros'
[1.920s] Level 1:colcon.colcon_core.package_identification:_identify(venv/lib/python3.12/site-packages/wheel/_commands/__pycache__) by extensions ['cmake', 'python']
[1.920s] Level 1:colcon.colcon_core.package_identification:_identify(venv/lib/python3.12/site-packages/wheel/_commands/__pycache__) by extension 'cmake'
[1.920s] Level 1:colcon.colcon_core.package_identification:_identify(venv/lib/python3.12/site-packages/wheel/_commands/__pycache__) by extension 'python'
[1.920s] Level 1:colcon.colcon_core.package_identification:_identify(venv/lib/python3.12/site-packages/wheel/_commands/__pycache__) by extensions ['python_setup_py']
[1.920s] Level 1:colcon.colcon_core.package_identification:_identify(venv/lib/python3.12/site-packages/wheel/_commands/__pycache__) by extension 'python_setup_py'
[1.920s] Level 1:colcon.colcon_core.package_identification:_identify(venv/lib/python3.12/site-packages/wheel-0.47.0.dist-info) by extensions ['ignore', 'ignore_ament_install']
[1.920s] Level 1:colcon.colcon_core.package_identification:_identify(venv/lib/python3.12/site-packages/wheel-0.47.0.dist-info) by extension 'ignore'
[1.921s] Level 1:colcon.colcon_core.package_identification:_identify(venv/lib/python3.12/site-packages/wheel-0.47.0.dist-info) by extension 'ignore_ament_install'
[1.921s] Level 1:colcon.colcon_core.package_identification:_identify(venv/lib/python3.12/site-packages/wheel-0.47.0.dist-info) by extensions ['colcon_pkg']
[1.921s] Level 1:colcon.colcon_core.package_identification:_identify(venv/lib/python3.12/site-packages/wheel-0.47.0.dist-info) by extension 'colcon_pkg'
[1.921s] Level 1:colcon.colcon_core.package_identification:_identify(venv/lib/python3.12/site-packages/wheel-0.47.0.dist-info) by extensions ['colcon_meta']
[1.921s] Level 1:colcon.colcon_core.package_identification:_identify(venv/lib/python3.12/site-packages/wheel-0.47.0.dist-info) by extension 'colcon_meta'
[1.921s] Level 1:colcon.colcon_core.package_identification:_identify(venv/lib/python3.12/site-packages/wheel-0.47.0.dist-info) by extensions ['ros']
[1.921s] Level 1:colcon.colcon_core.package_identification:_identify(venv/lib/python3.12/site-packages/wheel-0.47.0.dist-info) by extension 'ros'
[1.921s] Level 1:colcon.colcon_core.package_identification:_identify(venv/lib/python3.12/site-packages/wheel-0.47.0.dist-info) by extensions ['cmake', 'python']
[1.921s] Level 1:colcon.colcon_core.package_identification:_identify(venv/lib/python3.12/site-packages/wheel-0.47.0.dist-info) by extension 'cmake'
[1.921s] Level 1:colcon.colcon_core.package_identification:_identify(venv/lib/python3.12/site-packages/wheel-0.47.0.dist-info) by extension 'python'
[1.921s] Level 1:colcon.colcon_core.package_identification:_identify(venv/lib/python3.12/site-packages/wheel-0.47.0.dist-info) by extensions ['python_setup_py']
[1.921s] Level 1:colcon.colcon_core.package_identification:_identify(venv/lib/python3.12/site-packages/wheel-0.47.0.dist-info) by extension 'python_setup_py'
[1.921s] Level 1:colcon.colcon_core.package_identification:_identify(venv/lib/python3.12/site-packages/wheel-0.47.0.dist-info/licenses) by extensions ['ignore', 'ignore_ament_install']
[1.921s] Level 1:colcon.colcon_core.package_identification:_identify(venv/lib/python3.12/site-packages/wheel-0.47.0.dist-info/licenses) by extension 'ignore'
[1.921s] Level 1:colcon.colcon_core.package_identification:_identify(venv/lib/python3.12/site-packages/wheel-0.47.0.dist-info/licenses) by extension 'ignore_ament_install'
[1.921s] Level 1:colcon.colcon_core.package_identification:_identify(venv/lib/python3.12/site-packages/wheel-0.47.0.dist-info/licenses) by extensions ['colcon_pkg']
[1.921s] Level 1:colcon.colcon_core.package_identification:_identify(venv/lib/python3.12/site-packages/wheel-0.47.0.dist-info/licenses) by extension 'colcon_pkg'
[1.922s] Level 1:colcon.colcon_core.package_identification:_identify(venv/lib/python3.12/site-packages/wheel-0.47.0.dist-info/licenses) by extensions ['colcon_meta']
[1.922s] Level 1:colcon.colcon_core.package_identification:_identify(venv/lib/python3.12/site-packages/wheel-0.47.0.dist-info/licenses) by extension 'colcon_meta'
[1.922s] Level 1:colcon.colcon_core.package_identification:_identify(venv/lib/python3.12/site-packages/wheel-0.47.0.dist-info/licenses) by extensions ['ros']
[1.922s] Level 1:colcon.colcon_core.package_identification:_identify(venv/lib/python3.12/site-packages/wheel-0.47.0.dist-info/licenses) by extension 'ros'
[1.922s] Level 1:colcon.colcon_core.package_identification:_identify(venv/lib/python3.12/site-packages/wheel-0.47.0.dist-info/licenses) by extensions ['cmake', 'python']
[1.922s] Level 1:colcon.colcon_core.package_identification:_identify(venv/lib/python3.12/site-packages/wheel-0.47.0.dist-info/licenses) by extension 'cmake'
[1.922s] Level 1:colcon.colcon_core.package_identification:_identify(venv/lib/python3.12/site-packages/wheel-0.47.0.dist-info/licenses) by extension 'python'
[1.922s] Level 1:colcon.colcon_core.package_identification:_identify(venv/lib/python3.12/site-packages/wheel-0.47.0.dist-info/licenses) by extensions ['python_setup_py']
[1.922s] Level 1:colcon.colcon_core.package_identification:_identify(venv/lib/python3.12/site-packages/wheel-0.47.0.dist-info/licenses) by extension 'python_setup_py'
[1.922s] Level 1:colcon.colcon_core.package_discovery:discover_packages(recursive) using defaults
[1.922s] Level 1:colcon.colcon_core.package_discovery:discover_packages(ignore) discover
[1.922s] Level 1:colcon.colcon_core.package_discovery:discover_packages(ignore) using defaults
[1.922s] Level 1:colcon.colcon_core.package_discovery:discover_packages(path) discover
[1.922s] Level 1:colcon.colcon_core.package_discovery:discover_packages(path) using defaults
[2.049s] INFO:colcon.colcon_core.package_selection:Skipping not selected package 'agrobot_detect' in 'src/agrobot_detect'
[2.049s] INFO:colcon.colcon_core.package_selection:Skipping not selected package 'agrobot_interfaces' in 'src/agrobot_interfaces'
[2.050s] INFO:colcon.colcon_core.package_selection:Skipping not selected package 'basicmicro_ros2' in 'src/basicmicro_ros2'
[2.050s] INFO:colcon.colcon_core.package_selection:Skipping not selected package 'examples_rclcpp_async_client' in 'src/examples/rclcpp/services/async_client'
[2.050s] INFO:colcon.colcon_core.package_selection:Skipping not selected package 'examples_rclcpp_cbg_executor' in 'src/examples/rclcpp/executors/cbg_executor'
[2.050s] INFO:colcon.colcon_core.package_selection:Skipping not selected package 'examples_rclcpp_minimal_action_client' in 'src/examples/rclcpp/actions/minimal_action_client'
[2.050s] INFO:colcon.colcon_core.package_selection:Skipping not selected package 'examples_rclcpp_minimal_action_server' in 'src/examples/rclcpp/actions/minimal_action_server'
[2.050s] INFO:colcon.colcon_core.package_selection:Skipping not selected package 'examples_rclcpp_minimal_client' in 'src/examples/rclcpp/services/minimal_client'
[2.050s] INFO:colcon.colcon_core.package_selection:Skipping not selected package 'examples_rclcpp_minimal_composition' in 'src/examples/rclcpp/composition/minimal_composition'
[2.050s] INFO:colcon.colcon_core.package_selection:Skipping not selected package 'examples_rclcpp_minimal_publisher' in 'src/examples/rclcpp/topics/minimal_publisher'
[2.050s] INFO:colcon.colcon_core.package_selection:Skipping not selected package 'examples_rclcpp_minimal_service' in 'src/examples/rclcpp/services/minimal_service'
[2.050s] INFO:colcon.colcon_core.package_selection:Skipping not selected package 'examples_rclcpp_minimal_subscriber' in 'src/examples/rclcpp/topics/minimal_subscriber'
[2.050s] INFO:colcon.colcon_core.package_selection:Skipping not selected package 'examples_rclcpp_minimal_timer' in 'src/examples/rclcpp/timers/minimal_timer'
[2.050s] INFO:colcon.colcon_core.package_selection:Skipping not selected package 'examples_rclcpp_multithreaded_executor' in 'src/examples/rclcpp/executors/multithreaded_executor'
[2.050s] INFO:colcon.colcon_core.package_selection:Skipping not selected package 'examples_rclcpp_wait_set' in 'src/examples/rclcpp/wait_set'
[2.050s] INFO:colcon.colcon_core.package_selection:Skipping not selected package 'examples_rclpy_executors' in 'src/examples/rclpy/executors'
[2.050s] INFO:colcon.colcon_core.package_selection:Skipping not selected package 'examples_rclpy_guard_conditions' in 'src/examples/rclpy/guard_conditions'
[2.050s] INFO:colcon.colcon_core.package_selection:Skipping not selected package 'examples_rclpy_minimal_action_client' in 'src/examples/rclpy/actions/minimal_action_client'
[2.050s] INFO:colcon.colcon_core.package_selection:Skipping not selected package 'examples_rclpy_minimal_action_server' in 'src/examples/rclpy/actions/minimal_action_server'
[2.050s] INFO:colcon.colcon_core.package_selection:Skipping not selected package 'examples_rclpy_minimal_client' in 'src/examples/rclpy/services/minimal_client'
[2.050s] INFO:colcon.colcon_core.package_selection:Skipping not selected package 'examples_rclpy_minimal_publisher' in 'src/examples/rclpy/topics/minimal_publisher'
[2.050s] INFO:colcon.colcon_core.package_selection:Skipping not selected package 'examples_rclpy_minimal_service' in 'src/examples/rclpy/services/minimal_service'
[2.051s] INFO:colcon.colcon_core.package_selection:Skipping not selected package 'examples_rclpy_minimal_subscriber' in 'src/examples/rclpy/topics/minimal_subscriber'
[2.051s] INFO:colcon.colcon_core.package_selection:Skipping not selected package 'examples_rclpy_pointcloud_publisher' in 'src/examples/rclpy/topics/pointcloud_publisher'
[2.051s] INFO:colcon.colcon_core.package_selection:Skipping not selected package 'launch_testing_examples' in 'src/examples/launch_testing/launch_testing_examples'
[2.051s] INFO:colcon.colcon_core.package_selection:Skipping not selected package 'tutorial_interfaces' in 'src/tutorial_interfaces'
[2.051s] INFO:colcon.colcon_core.package_selection:Skipping not selected package 'agrobot_actuation' in 'src/agrobot_actuation'
[2.054s] Level 1:colcon.colcon_core.package_discovery:discover_packages(prefix_path) check parameters
[2.054s] Level 1:colcon.colcon_core.package_discovery:discover_packages(prefix_path) discover
[2.067s] DEBUG:colcon.colcon_installed_package_information.package_discovery:Found 254 installed packages in /opt/ros/kilted
[2.068s] Level 1:colcon.colcon_core.package_discovery:discover_packages(prefix_path) using defaults
[2.130s] Level 5:colcon.colcon_core.verb:set package 'agrobot_nav' build argument 'cmake_args' from command line to 'None'
[2.130s] Level 5:colcon.colcon_core.verb:set package 'agrobot_nav' build argument 'cmake_target' from command line to 'None'
[2.130s] Level 5:colcon.colcon_core.verb:set package 'agrobot_nav' build argument 'cmake_target_skip_unavailable' from command line to 'False'
[2.130s] Level 5:colcon.colcon_core.verb:set package 'agrobot_nav' build argument 'cmake_clean_cache' from command line to 'False'
[2.130s] Level 5:colcon.colcon_core.verb:set package 'agrobot_nav' build argument 'cmake_clean_first' from command line to 'False'
[2.130s] Level 5:colcon.colcon_core.verb:set package 'agrobot_nav' build argument 'cmake_force_configure' from command line to 'False'
[2.130s] Level 5:colcon.colcon_core.verb:set package 'agrobot_nav' build argument 'ament_cmake_args' from command line to 'None'
[2.130s] Level 5:colcon.colcon_core.verb:set package 'agrobot_nav' build argument 'catkin_cmake_args' from command line to 'None'
[2.130s] Level 5:colcon.colcon_core.verb:set package 'agrobot_nav' build argument 'catkin_skip_building_tests' from command line to 'False'
[2.130s] DEBUG:colcon.colcon_core.verb:Building package 'agrobot_nav' with the following arguments: {'ament_cmake_args': None, 'build_base': '/home/agrobot/ros2_ws/build/agrobot_nav', 'catkin_cmake_args': None, 'catkin_skip_building_tests': False, 'cmake_args': None, 'cmake_clean_cache': False, 'cmake_clean_first': False, 'cmake_force_configure': False, 'cmake_target': None, 'cmake_target_skip_unavailable': False, 'install_base': '/home/agrobot/ros2_ws/install/agrobot_nav', 'merge_install': False, 'path': '/home/agrobot/ros2_ws/src/agrobot_nav', 'symlink_install': False, 'test_result_base': None}
[2.131s] INFO:colcon.colcon_core.executor:Executing jobs using 'parallel' executor
[2.133s] DEBUG:colcon.colcon_parallel_executor.executor.parallel:run_until_complete
[2.134s] INFO:colcon.colcon_ros.task.ament_python.build:Building ROS package in '/home/agrobot/ros2_ws/src/agrobot_nav' with build type 'ament_python'
[2.134s] Level 1:colcon.colcon_core.shell:create_environment_hook('agrobot_nav', 'ament_prefix_path')
[2.150s] INFO:colcon.colcon_core.plugin_system:Skipping extension 'colcon_core.shell.bat': Not used on non-Windows systems
[2.150s] INFO:colcon.colcon_core.shell:Creating environment hook '/home/agrobot/ros2_ws/install/agrobot_nav/share/agrobot_nav/hook/ament_prefix_path.ps1'
[2.155s] INFO:colcon.colcon_core.shell:Creating environment descriptor '/home/agrobot/ros2_ws/install/agrobot_nav/share/agrobot_nav/hook/ament_prefix_path.dsv'
[2.158s] INFO:colcon.colcon_core.shell:Creating environment hook '/home/agrobot/ros2_ws/install/agrobot_nav/share/agrobot_nav/hook/ament_prefix_path.sh'
[2.161s] INFO:colcon.colcon_core.shell:Skip shell extension 'powershell' for command environment: Not usable outside of PowerShell
[2.161s] DEBUG:colcon.colcon_core.shell:Skip shell extension 'dsv' for command environment
[2.577s] INFO:colcon.colcon_core.task.python.build:Building Python package in '/home/agrobot/ros2_ws/src/agrobot_nav'
[2.577s] INFO:colcon.colcon_core.shell:Skip shell extension 'powershell' for command environment: Not usable outside of PowerShell
[2.577s] DEBUG:colcon.colcon_core.shell:Skip shell extension 'dsv' for command environment
[4.153s] DEBUG:colcon.colcon_core.event_handler.log_command:Invoking command in '/home/agrobot/ros2_ws/src/agrobot_nav': AMENT_PREFIX_PATH=/home/agrobot/ros2_ws/install/tutorial_interfaces:${AMENT_PREFIX_PATH} CMAKE_PREFIX_PATH=/home/agrobot/ros2_ws/install/tutorial_interfaces:${CMAKE_PREFIX_PATH} LD_LIBRARY_PATH=/home/agrobot/ros2_ws/install/tutorial_interfaces/lib:${LD_LIBRARY_PATH} PYTHONPATH=/home/agrobot/ros2_ws/build/agrobot_nav/prefix_override:/usr/lib/python3/dist-packages/colcon_core/task/python/colcon_distutils_commands:/home/agrobot/ros2_ws/install/agrobot_nav/lib/python3.12/site-packages:/home/agrobot/ros2_ws/install/tutorial_interfaces/lib/python3.12/site-packages:${PYTHONPATH} /usr/bin/python3 -W ignore:setup.py install is deprecated -W ignore:easy_install command is deprecated setup.py egg_info --egg-base ../../build/agrobot_nav build --build-base /home/agrobot/ros2_ws/build/agrobot_nav/build install --record /home/agrobot/ros2_ws/build/agrobot_nav/install.log --single-version-externally-managed install_data
[5.012s] DEBUG:colcon.colcon_core.event_handler.log_command:Invoked command in '/home/agrobot/ros2_ws/src/agrobot_nav' returned '0': AMENT_PREFIX_PATH=/home/agrobot/ros2_ws/install/tutorial_interfaces:${AMENT_PREFIX_PATH} CMAKE_PREFIX_PATH=/home/agrobot/ros2_ws/install/tutorial_interfaces:${CMAKE_PREFIX_PATH} LD_LIBRARY_PATH=/home/agrobot/ros2_ws/install/tutorial_interfaces/lib:${LD_LIBRARY_PATH} PYTHONPATH=/home/agrobot/ros2_ws/build/agrobot_nav/prefix_override:/usr/lib/python3/dist-packages/colcon_core/task/python/colcon_distutils_commands:/home/agrobot/ros2_ws/install/agrobot_nav/lib/python3.12/site-packages:/home/agrobot/ros2_ws/install/tutorial_interfaces/lib/python3.12/site-packages:${PYTHONPATH} /usr/bin/python3 -W ignore:setup.py install is deprecated -W ignore:easy_install command is deprecated setup.py egg_info --egg-base ../../build/agrobot_nav build --build-base /home/agrobot/ros2_ws/build/agrobot_nav/build install --record /home/agrobot/ros2_ws/build/agrobot_nav/install.log --single-version-externally-managed install_data
[5.021s] Level 1:colcon.colcon_core.environment:checking '/home/agrobot/ros2_ws/install/agrobot_nav' for CMake module files
[5.022s] Level 1:colcon.colcon_core.environment:checking '/home/agrobot/ros2_ws/install/agrobot_nav' for CMake config files
[5.023s] Level 1:colcon.colcon_core.environment:checking '/home/agrobot/ros2_ws/install/agrobot_nav/lib'
[5.024s] Level 1:colcon.colcon_core.environment:checking '/home/agrobot/ros2_ws/install/agrobot_nav/bin'
[5.024s] Level 1:colcon.colcon_core.environment:checking '/home/agrobot/ros2_ws/install/agrobot_nav/lib/pkgconfig/agrobot_nav.pc'
[5.024s] Level 1:colcon.colcon_core.environment:checking '/home/agrobot/ros2_ws/install/agrobot_nav/lib/python3.12/site-packages'
[5.024s] Level 1:colcon.colcon_core.shell:create_environment_hook('agrobot_nav', 'pythonpath')
[5.025s] INFO:colcon.colcon_core.shell:Creating environment hook '/home/agrobot/ros2_ws/install/agrobot_nav/share/agrobot_nav/hook/pythonpath.ps1'
[5.026s] INFO:colcon.colcon_core.shell:Creating environment descriptor '/home/agrobot/ros2_ws/install/agrobot_nav/share/agrobot_nav/hook/pythonpath.dsv'
[5.027s] INFO:colcon.colcon_core.shell:Creating environment hook '/home/agrobot/ros2_ws/install/agrobot_nav/share/agrobot_nav/hook/pythonpath.sh'
[5.028s] Level 1:colcon.colcon_core.environment:checking '/home/agrobot/ros2_ws/install/agrobot_nav/bin'
[5.028s] Level 1:colcon.colcon_core.environment:create_environment_scripts_only(agrobot_nav)
[5.029s] INFO:colcon.colcon_core.shell:Creating package script '/home/agrobot/ros2_ws/install/agrobot_nav/share/agrobot_nav/package.ps1'
[5.031s] INFO:colcon.colcon_core.shell:Creating package descriptor '/home/agrobot/ros2_ws/install/agrobot_nav/share/agrobot_nav/package.dsv'
[5.033s] INFO:colcon.colcon_core.shell:Creating package script '/home/agrobot/ros2_ws/install/agrobot_nav/share/agrobot_nav/package.sh'
[5.035s] INFO:colcon.colcon_core.shell:Creating package script '/home/agrobot/ros2_ws/install/agrobot_nav/share/agrobot_nav/package.bash'
[5.038s] INFO:colcon.colcon_core.shell:Creating package script '/home/agrobot/ros2_ws/install/agrobot_nav/share/agrobot_nav/package.zsh'
[5.040s] Level 1:colcon.colcon_core.environment:create_file_with_runtime_dependencies(/home/agrobot/ros2_ws/install/agrobot_nav/share/colcon-core/packages/agrobot_nav)
[5.042s] DEBUG:colcon.colcon_parallel_executor.executor.parallel:closing loop
[5.042s] DEBUG:colcon.colcon_parallel_executor.executor.parallel:loop closed
[5.043s] DEBUG:colcon.colcon_parallel_executor.executor.parallel:run_until_complete finished with '0'
[5.043s] DEBUG:colcon.colcon_core.event_reactor:joining thread
[5.053s] INFO:colcon.colcon_core.plugin_system:Skipping extension 'colcon_notification.desktop_notification.notify_send': Could not find 'notify-send'
[5.053s] INFO:colcon.colcon_core.plugin_system:Skipping extension 'colcon_notification.desktop_notification.terminal_notifier': Not used on non-Darwin systems
[5.053s] INFO:colcon.colcon_core.plugin_system:Skipping extension 'colcon_notification.desktop_notification.win32': Not used on non-Windows systems
[5.053s] INFO:colcon.colcon_notification.desktop_notification:Sending desktop notification using 'notify2'
[5.073s] DEBUG:colcon.colcon_notification.desktop_notification.notify2:Failed to initialize notify2: org.freedesktop.DBus.Error.ServiceUnknown: The name org.freedesktop.Notifications was not provided by any .service files
[5.073s] DEBUG:colcon.colcon_core.event_reactor:joined thread
[5.073s] INFO:colcon.colcon_core.shell:Creating prefix script '/home/agrobot/ros2_ws/install/local_setup.ps1'
[5.075s] INFO:colcon.colcon_core.shell:Creating prefix util module '/home/agrobot/ros2_ws/install/_local_setup_util_ps1.py'
[5.078s] INFO:colcon.colcon_core.shell:Creating prefix chain script '/home/agrobot/ros2_ws/install/setup.ps1'
[5.080s] INFO:colcon.colcon_core.shell:Creating prefix script '/home/agrobot/ros2_ws/install/local_setup.sh'
[5.082s] INFO:colcon.colcon_core.shell:Creating prefix util module '/home/agrobot/ros2_ws/install/_local_setup_util_sh.py'
[5.083s] INFO:colcon.colcon_core.shell:Creating prefix chain script '/home/agrobot/ros2_ws/install/setup.sh'
[5.086s] INFO:colcon.colcon_core.shell:Creating prefix script '/home/agrobot/ros2_ws/install/local_setup.bash'
[5.087s] INFO:colcon.colcon_core.shell:Creating prefix chain script '/home/agrobot/ros2_ws/install/setup.bash'
[5.089s] INFO:colcon.colcon_core.shell:Creating prefix script '/home/agrobot/ros2_ws/install/local_setup.zsh'
[5.091s] INFO:colcon.colcon_core.shell:Creating prefix chain script '/home/agrobot/ros2_ws/install/setup.zsh'
