[0.240s] DEBUG:colcon:Command line arguments: ['/usr/bin/colcon', 'build', '--packages-select', 'agrobot_nav']
[0.240s] DEBUG:colcon:Parsed command line arguments: Namespace(log_base=None, log_level=None, verb_name='build', build_base='build', install_base='install', merge_install=False, symlink_install=False, test_result_base=None, continue_on_error=False, executor='parallel', parallel_workers=4, event_handlers=None, ignore_user_meta=False, metas=['./colcon.meta'], base_paths=['.'], packages_ignore=None, packages_ignore_regex=None, paths=None, packages_up_to=None, packages_up_to_regex=None, packages_above=None, packages_above_and_dependencies=None, packages_above_depth=None, packages_select_by_dep=None, packages_skip_by_dep=None, packages_skip_up_to=None, packages_select_build_failed=False, packages_skip_build_finished=False, packages_select_test_failures=False, packages_skip_test_passed=False, packages_select=['agrobot_nav'], packages_skip=None, packages_select_regex=None, packages_skip_regex=None, packages_start=None, packages_end=None, allow_overriding=[], cmake_args=None, cmake_target=None, cmake_target_skip_unavailable=False, cmake_clean_cache=False, cmake_clean_first=False, cmake_force_configure=False, ament_cmake_args=None, catkin_cmake_args=None, catkin_skip_building_tests=False, verb_parser=<colcon_defaults.argument_parser.defaults.DefaultArgumentsDecorator object at 0xffffbae2e030>, verb_extension=<colcon_core.verb.build.BuildVerb object at 0xffffbafe2bd0>, main=<bound method BuildVerb.main of <colcon_core.verb.build.BuildVerb object at 0xffffbafe2bd0>>)
[0.354s] Level 1:colcon.colcon_core.package_discovery:discover_packages(colcon_meta) check parameters
[0.354s] Level 1:colcon.colcon_core.package_discovery:discover_packages(recursive) check parameters
[0.354s] Level 1:colcon.colcon_core.package_discovery:discover_packages(ignore) check parameters
[0.354s] Level 1:colcon.colcon_core.package_discovery:discover_packages(path) check parameters
[0.354s] Level 1:colcon.colcon_core.package_discovery:discover_packages(colcon_meta) discover
[0.354s] Level 1:colcon.colcon_core.package_discovery:discover_packages(recursive) discover
[0.354s] INFO:colcon.colcon_core.package_discovery:Crawling recursively for packages in '/home/agrobot/ros2_ws'
[0.355s] Level 1:colcon.colcon_core.package_identification:_identify(.) by extensions ['ignore', 'ignore_ament_install']
[0.355s] Level 1:colcon.colcon_core.package_identification:_identify(.) by extension 'ignore'
[0.355s] Level 1:colcon.colcon_core.package_identification:_identify(.) by extension 'ignore_ament_install'
[0.355s] Level 1:colcon.colcon_core.package_identification:_identify(.) by extensions ['colcon_pkg']
[0.355s] Level 1:colcon.colcon_core.package_identification:_identify(.) by extension 'colcon_pkg'
[0.355s] Level 1:colcon.colcon_core.package_identification:_identify(.) by extensions ['colcon_meta']
[0.355s] Level 1:colcon.colcon_core.package_identification:_identify(.) by extension 'colcon_meta'
[0.355s] Level 1:colcon.colcon_core.package_identification:_identify(.) by extensions ['ros']
[0.355s] Level 1:colcon.colcon_core.package_identification:_identify(.) by extension 'ros'
[0.410s] Level 1:colcon.colcon_core.package_identification:_identify(.) by extensions ['cmake', 'python']
[0.410s] Level 1:colcon.colcon_core.package_identification:_identify(.) by extension 'cmake'
[0.410s] Level 1:colcon.colcon_core.package_identification:_identify(.) by extension 'python'
[0.410s] Level 1:colcon.colcon_core.package_identification:_identify(.) by extensions ['python_setup_py']
[0.410s] Level 1:colcon.colcon_core.package_identification:_identify(.) by extension 'python_setup_py'
[0.410s] Level 1:colcon.colcon_core.package_identification:_identify(build) by extensions ['ignore', 'ignore_ament_install']
[0.410s] Level 1:colcon.colcon_core.package_identification:_identify(build) by extension 'ignore'
[0.410s] Level 1:colcon.colcon_core.package_identification:_identify(build) ignored
[0.411s] Level 1:colcon.colcon_core.package_identification:_identify(install) by extensions ['ignore', 'ignore_ament_install']
[0.411s] Level 1:colcon.colcon_core.package_identification:_identify(install) by extension 'ignore'
[0.411s] Level 1:colcon.colcon_core.package_identification:_identify(install) ignored
[0.411s] Level 1:colcon.colcon_core.package_identification:_identify(lib) by extensions ['ignore', 'ignore_ament_install']
[0.411s] Level 1:colcon.colcon_core.package_identification:_identify(lib) by extension 'ignore'
[0.411s] Level 1:colcon.colcon_core.package_identification:_identify(lib) by extension 'ignore_ament_install'
[0.411s] Level 1:colcon.colcon_core.package_identification:_identify(lib) by extensions ['colcon_pkg']
[0.411s] Level 1:colcon.colcon_core.package_identification:_identify(lib) by extension 'colcon_pkg'
[0.411s] Level 1:colcon.colcon_core.package_identification:_identify(lib) by extensions ['colcon_meta']
[0.411s] Level 1:colcon.colcon_core.package_identification:_identify(lib) by extension 'colcon_meta'
[0.411s] Level 1:colcon.colcon_core.package_identification:_identify(lib) by extensions ['ros']
[0.411s] Level 1:colcon.colcon_core.package_identification:_identify(lib) by extension 'ros'
[0.411s] Level 1:colcon.colcon_core.package_identification:_identify(lib) by extensions ['cmake', 'python']
[0.411s] Level 1:colcon.colcon_core.package_identification:_identify(lib) by extension 'cmake'
[0.411s] Level 1:colcon.colcon_core.package_identification:_identify(lib) by extension 'python'
[0.412s] Level 1:colcon.colcon_core.package_identification:_identify(lib) by extensions ['python_setup_py']
[0.412s] Level 1:colcon.colcon_core.package_identification:_identify(lib) by extension 'python_setup_py'
[0.412s] Level 1:colcon.colcon_core.package_identification:_identify(lib/__pycache__) by extensions ['ignore', 'ignore_ament_install']
[0.412s] Level 1:colcon.colcon_core.package_identification:_identify(lib/__pycache__) by extension 'ignore'
[0.412s] Level 1:colcon.colcon_core.package_identification:_identify(lib/__pycache__) by extension 'ignore_ament_install'
[0.412s] Level 1:colcon.colcon_core.package_identification:_identify(lib/__pycache__) by extensions ['colcon_pkg']
[0.412s] Level 1:colcon.colcon_core.package_identification:_identify(lib/__pycache__) by extension 'colcon_pkg'
[0.412s] Level 1:colcon.colcon_core.package_identification:_identify(lib/__pycache__) by extensions ['colcon_meta']
[0.412s] Level 1:colcon.colcon_core.package_identification:_identify(lib/__pycache__) by extension 'colcon_meta'
[0.412s] Level 1:colcon.colcon_core.package_identification:_identify(lib/__pycache__) by extensions ['ros']
[0.412s] Level 1:colcon.colcon_core.package_identification:_identify(lib/__pycache__) by extension 'ros'
[0.412s] Level 1:colcon.colcon_core.package_identification:_identify(lib/__pycache__) by extensions ['cmake', 'python']
[0.412s] Level 1:colcon.colcon_core.package_identification:_identify(lib/__pycache__) by extension 'cmake'
[0.412s] Level 1:colcon.colcon_core.package_identification:_identify(lib/__pycache__) by extension 'python'
[0.412s] Level 1:colcon.colcon_core.package_identification:_identify(lib/__pycache__) by extensions ['python_setup_py']
[0.412s] Level 1:colcon.colcon_core.package_identification:_identify(lib/__pycache__) by extension 'python_setup_py'
[0.412s] Level 1:colcon.colcon_core.package_identification:_identify(log) by extensions ['ignore', 'ignore_ament_install']
[0.413s] Level 1:colcon.colcon_core.package_identification:_identify(log) by extension 'ignore'
[0.413s] Level 1:colcon.colcon_core.package_identification:_identify(log) ignored
[0.413s] Level 1:colcon.colcon_core.package_identification:_identify(src) by extensions ['ignore', 'ignore_ament_install']
[0.413s] Level 1:colcon.colcon_core.package_identification:_identify(src) by extension 'ignore'
[0.413s] Level 1:colcon.colcon_core.package_identification:_identify(src) by extension 'ignore_ament_install'
[0.413s] Level 1:colcon.colcon_core.package_identification:_identify(src) by extensions ['colcon_pkg']
[0.413s] Level 1:colcon.colcon_core.package_identification:_identify(src) by extension 'colcon_pkg'
[0.413s] Level 1:colcon.colcon_core.package_identification:_identify(src) by extensions ['colcon_meta']
[0.413s] Level 1:colcon.colcon_core.package_identification:_identify(src) by extension 'colcon_meta'
[0.413s] Level 1:colcon.colcon_core.package_identification:_identify(src) by extensions ['ros']
[0.413s] Level 1:colcon.colcon_core.package_identification:_identify(src) by extension 'ros'
[0.413s] Level 1:colcon.colcon_core.package_identification:_identify(src) by extensions ['cmake', 'python']
[0.413s] Level 1:colcon.colcon_core.package_identification:_identify(src) by extension 'cmake'
[0.413s] Level 1:colcon.colcon_core.package_identification:_identify(src) by extension 'python'
[0.413s] Level 1:colcon.colcon_core.package_identification:_identify(src) by extensions ['python_setup_py']
[0.413s] Level 1:colcon.colcon_core.package_identification:_identify(src) by extension 'python_setup_py'
[0.414s] Level 1:colcon.colcon_core.package_identification:_identify(src/agrobot_actuation) by extensions ['ignore', 'ignore_ament_install']
[0.414s] Level 1:colcon.colcon_core.package_identification:_identify(src/agrobot_actuation) by extension 'ignore'
[0.414s] Level 1:colcon.colcon_core.package_identification:_identify(src/agrobot_actuation) by extension 'ignore_ament_install'
[0.414s] Level 1:colcon.colcon_core.package_identification:_identify(src/agrobot_actuation) by extensions ['colcon_pkg']
[0.414s] Level 1:colcon.colcon_core.package_identification:_identify(src/agrobot_actuation) by extension 'colcon_pkg'
[0.414s] Level 1:colcon.colcon_core.package_identification:_identify(src/agrobot_actuation) by extensions ['colcon_meta']
[0.414s] Level 1:colcon.colcon_core.package_identification:_identify(src/agrobot_actuation) by extension 'colcon_meta'
[0.414s] Level 1:colcon.colcon_core.package_identification:_identify(src/agrobot_actuation) by extensions ['ros']
[0.414s] Level 1:colcon.colcon_core.package_identification:_identify(src/agrobot_actuation) by extension 'ros'
[0.421s] DEBUG:colcon.colcon_core.package_identification:Package 'src/agrobot_actuation' with type 'ros.ament_python' and name 'agrobot_actuation'
[0.422s] Level 1:colcon.colcon_core.package_identification:_identify(src/agrobot_detect) by extensions ['ignore', 'ignore_ament_install']
[0.422s] Level 1:colcon.colcon_core.package_identification:_identify(src/agrobot_detect) by extension 'ignore'
[0.422s] Level 1:colcon.colcon_core.package_identification:_identify(src/agrobot_detect) by extension 'ignore_ament_install'
[0.422s] Level 1:colcon.colcon_core.package_identification:_identify(src/agrobot_detect) by extensions ['colcon_pkg']
[0.422s] Level 1:colcon.colcon_core.package_identification:_identify(src/agrobot_detect) by extension 'colcon_pkg'
[0.422s] Level 1:colcon.colcon_core.package_identification:_identify(src/agrobot_detect) by extensions ['colcon_meta']
[0.422s] Level 1:colcon.colcon_core.package_identification:_identify(src/agrobot_detect) by extension 'colcon_meta'
[0.422s] Level 1:colcon.colcon_core.package_identification:_identify(src/agrobot_detect) by extensions ['ros']
[0.422s] Level 1:colcon.colcon_core.package_identification:_identify(src/agrobot_detect) by extension 'ros'
[0.423s] DEBUG:colcon.colcon_core.package_identification:Package 'src/agrobot_detect' with type 'ros.ament_python' and name 'agrobot_detect'
[0.423s] Level 1:colcon.colcon_core.package_identification:_identify(src/agrobot_interfaces) by extensions ['ignore', 'ignore_ament_install']
[0.423s] Level 1:colcon.colcon_core.package_identification:_identify(src/agrobot_interfaces) by extension 'ignore'
[0.423s] Level 1:colcon.colcon_core.package_identification:_identify(src/agrobot_interfaces) by extension 'ignore_ament_install'
[0.424s] Level 1:colcon.colcon_core.package_identification:_identify(src/agrobot_interfaces) by extensions ['colcon_pkg']
[0.424s] Level 1:colcon.colcon_core.package_identification:_identify(src/agrobot_interfaces) by extension 'colcon_pkg'
[0.424s] Level 1:colcon.colcon_core.package_identification:_identify(src/agrobot_interfaces) by extensions ['colcon_meta']
[0.424s] Level 1:colcon.colcon_core.package_identification:_identify(src/agrobot_interfaces) by extension 'colcon_meta'
[0.424s] Level 1:colcon.colcon_core.package_identification:_identify(src/agrobot_interfaces) by extensions ['ros']
[0.424s] Level 1:colcon.colcon_core.package_identification:_identify(src/agrobot_interfaces) by extension 'ros'
[0.425s] DEBUG:colcon.colcon_core.package_identification:Package 'src/agrobot_interfaces' with type 'ros.ament_cmake' and name 'agrobot_interfaces'
[0.425s] Level 1:colcon.colcon_core.package_identification:_identify(src/agrobot_nav) by extensions ['ignore', 'ignore_ament_install']
[0.425s] Level 1:colcon.colcon_core.package_identification:_identify(src/agrobot_nav) by extension 'ignore'
[0.425s] Level 1:colcon.colcon_core.package_identification:_identify(src/agrobot_nav) by extension 'ignore_ament_install'
[0.425s] Level 1:colcon.colcon_core.package_identification:_identify(src/agrobot_nav) by extensions ['colcon_pkg']
[0.425s] Level 1:colcon.colcon_core.package_identification:_identify(src/agrobot_nav) by extension 'colcon_pkg'
[0.425s] Level 1:colcon.colcon_core.package_identification:_identify(src/agrobot_nav) by extensions ['colcon_meta']
[0.425s] Level 1:colcon.colcon_core.package_identification:_identify(src/agrobot_nav) by extension 'colcon_meta'
[0.425s] Level 1:colcon.colcon_core.package_identification:_identify(src/agrobot_nav) by extensions ['ros']
[0.425s] Level 1:colcon.colcon_core.package_identification:_identify(src/agrobot_nav) by extension 'ros'
[0.426s] DEBUG:colcon.colcon_core.package_identification:Package 'src/agrobot_nav' with type 'ros.ament_python' and name 'agrobot_nav'
[0.426s] Level 1:colcon.colcon_core.package_identification:_identify(src/basicmicro_ros2) by extensions ['ignore', 'ignore_ament_install']
[0.426s] Level 1:colcon.colcon_core.package_identification:_identify(src/basicmicro_ros2) by extension 'ignore'
[0.426s] Level 1:colcon.colcon_core.package_identification:_identify(src/basicmicro_ros2) by extension 'ignore_ament_install'
[0.427s] Level 1:colcon.colcon_core.package_identification:_identify(src/basicmicro_ros2) by extensions ['colcon_pkg']
[0.427s] Level 1:colcon.colcon_core.package_identification:_identify(src/basicmicro_ros2) by extension 'colcon_pkg'
[0.427s] Level 1:colcon.colcon_core.package_identification:_identify(src/basicmicro_ros2) by extensions ['colcon_meta']
[0.427s] Level 1:colcon.colcon_core.package_identification:_identify(src/basicmicro_ros2) by extension 'colcon_meta'
[0.427s] Level 1:colcon.colcon_core.package_identification:_identify(src/basicmicro_ros2) by extensions ['ros']
[0.427s] Level 1:colcon.colcon_core.package_identification:_identify(src/basicmicro_ros2) by extension 'ros'
[0.429s] DEBUG:colcon.colcon_core.package_identification:Package 'src/basicmicro_ros2' with type 'ros.ament_cmake' and name 'basicmicro_ros2'
[0.429s] Level 1:colcon.colcon_core.package_identification:_identify(src/examples) by extensions ['ignore', 'ignore_ament_install']
[0.429s] Level 1:colcon.colcon_core.package_identification:_identify(src/examples) by extension 'ignore'
[0.429s] Level 1:colcon.colcon_core.package_identification:_identify(src/examples) by extension 'ignore_ament_install'
[0.430s] Level 1:colcon.colcon_core.package_identification:_identify(src/examples) by extensions ['colcon_pkg']
[0.430s] Level 1:colcon.colcon_core.package_identification:_identify(src/examples) by extension 'colcon_pkg'
[0.430s] Level 1:colcon.colcon_core.package_identification:_identify(src/examples) by extensions ['colcon_meta']
[0.430s] Level 1:colcon.colcon_core.package_identification:_identify(src/examples) by extension 'colcon_meta'
[0.430s] Level 1:colcon.colcon_core.package_identification:_identify(src/examples) by extensions ['ros']
[0.430s] Level 1:colcon.colcon_core.package_identification:_identify(src/examples) by extension 'ros'
[0.430s] Level 1:colcon.colcon_core.package_identification:_identify(src/examples) by extensions ['cmake', 'python']
[0.430s] Level 1:colcon.colcon_core.package_identification:_identify(src/examples) by extension 'cmake'
[0.430s] Level 1:colcon.colcon_core.package_identification:_identify(src/examples) by extension 'python'
[0.430s] Level 1:colcon.colcon_core.package_identification:_identify(src/examples) by extensions ['python_setup_py']
[0.430s] Level 1:colcon.colcon_core.package_identification:_identify(src/examples) by extension 'python_setup_py'
[0.430s] Level 1:colcon.colcon_core.package_identification:_identify(src/examples/launch_testing) by extensions ['ignore', 'ignore_ament_install']
[0.430s] Level 1:colcon.colcon_core.package_identification:_identify(src/examples/launch_testing) by extension 'ignore'
[0.430s] Level 1:colcon.colcon_core.package_identification:_identify(src/examples/launch_testing) by extension 'ignore_ament_install'
[0.430s] Level 1:colcon.colcon_core.package_identification:_identify(src/examples/launch_testing) by extensions ['colcon_pkg']
[0.430s] Level 1:colcon.colcon_core.package_identification:_identify(src/examples/launch_testing) by extension 'colcon_pkg'
[0.430s] Level 1:colcon.colcon_core.package_identification:_identify(src/examples/launch_testing) by extensions ['colcon_meta']
[0.430s] Level 1:colcon.colcon_core.package_identification:_identify(src/examples/launch_testing) by extension 'colcon_meta'
[0.431s] Level 1:colcon.colcon_core.package_identification:_identify(src/examples/launch_testing) by extensions ['ros']
[0.431s] Level 1:colcon.colcon_core.package_identification:_identify(src/examples/launch_testing) by extension 'ros'
[0.431s] Level 1:colcon.colcon_core.package_identification:_identify(src/examples/launch_testing) by extensions ['cmake', 'python']
[0.431s] Level 1:colcon.colcon_core.package_identification:_identify(src/examples/launch_testing) by extension 'cmake'
[0.431s] Level 1:colcon.colcon_core.package_identification:_identify(src/examples/launch_testing) by extension 'python'
[0.431s] Level 1:colcon.colcon_core.package_identification:_identify(src/examples/launch_testing) by extensions ['python_setup_py']
[0.431s] Level 1:colcon.colcon_core.package_identification:_identify(src/examples/launch_testing) by extension 'python_setup_py'
[0.431s] Level 1:colcon.colcon_core.package_identification:_identify(src/examples/launch_testing/launch_testing_examples) by extensions ['ignore', 'ignore_ament_install']
[0.431s] Level 1:colcon.colcon_core.package_identification:_identify(src/examples/launch_testing/launch_testing_examples) by extension 'ignore'
[0.431s] Level 1:colcon.colcon_core.package_identification:_identify(src/examples/launch_testing/launch_testing_examples) by extension 'ignore_ament_install'
[0.431s] Level 1:colcon.colcon_core.package_identification:_identify(src/examples/launch_testing/launch_testing_examples) by extensions ['colcon_pkg']
[0.431s] Level 1:colcon.colcon_core.package_identification:_identify(src/examples/launch_testing/launch_testing_examples) by extension 'colcon_pkg'
[0.431s] Level 1:colcon.colcon_core.package_identification:_identify(src/examples/launch_testing/launch_testing_examples) by extensions ['colcon_meta']
[0.431s] Level 1:colcon.colcon_core.package_identification:_identify(src/examples/launch_testing/launch_testing_examples) by extension 'colcon_meta'
[0.431s] Level 1:colcon.colcon_core.package_identification:_identify(src/examples/launch_testing/launch_testing_examples) by extensions ['ros']
[0.431s] Level 1:colcon.colcon_core.package_identification:_identify(src/examples/launch_testing/launch_testing_examples) by extension 'ros'
[0.432s] DEBUG:colcon.colcon_core.package_identification:Package 'src/examples/launch_testing/launch_testing_examples' with type 'ros.ament_python' and name 'launch_testing_examples'
[0.432s] Level 1:colcon.colcon_core.package_identification:_identify(src/examples/rclcpp) by extensions ['ignore', 'ignore_ament_install']
[0.433s] Level 1:colcon.colcon_core.package_identification:_identify(src/examples/rclcpp) by extension 'ignore'
[0.433s] Level 1:colcon.colcon_core.package_identification:_identify(src/examples/rclcpp) by extension 'ignore_ament_install'
[0.433s] Level 1:colcon.colcon_core.package_identification:_identify(src/examples/rclcpp) by extensions ['colcon_pkg']
[0.433s] Level 1:colcon.colcon_core.package_identification:_identify(src/examples/rclcpp) by extension 'colcon_pkg'
[0.433s] Level 1:colcon.colcon_core.package_identification:_identify(src/examples/rclcpp) by extensions ['colcon_meta']
[0.433s] Level 1:colcon.colcon_core.package_identification:_identify(src/examples/rclcpp) by extension 'colcon_meta'
[0.433s] Level 1:colcon.colcon_core.package_identification:_identify(src/examples/rclcpp) by extensions ['ros']
[0.433s] Level 1:colcon.colcon_core.package_identification:_identify(src/examples/rclcpp) by extension 'ros'
[0.433s] Level 1:colcon.colcon_core.package_identification:_identify(src/examples/rclcpp) by extensions ['cmake', 'python']
[0.433s] Level 1:colcon.colcon_core.package_identification:_identify(src/examples/rclcpp) by extension 'cmake'
[0.433s] Level 1:colcon.colcon_core.package_identification:_identify(src/examples/rclcpp) by extension 'python'
[0.433s] Level 1:colcon.colcon_core.package_identification:_identify(src/examples/rclcpp) by extensions ['python_setup_py']
[0.433s] Level 1:colcon.colcon_core.package_identification:_identify(src/examples/rclcpp) by extension 'python_setup_py'
[0.433s] Level 1:colcon.colcon_core.package_identification:_identify(src/examples/rclcpp/actions) by extensions ['ignore', 'ignore_ament_install']
[0.433s] Level 1:colcon.colcon_core.package_identification:_identify(src/examples/rclcpp/actions) by extension 'ignore'
[0.434s] Level 1:colcon.colcon_core.package_identification:_identify(src/examples/rclcpp/actions) by extension 'ignore_ament_install'
[0.434s] Level 1:colcon.colcon_core.package_identification:_identify(src/examples/rclcpp/actions) by extensions ['colcon_pkg']
[0.434s] Level 1:colcon.colcon_core.package_identification:_identify(src/examples/rclcpp/actions) by extension 'colcon_pkg'
[0.434s] Level 1:colcon.colcon_core.package_identification:_identify(src/examples/rclcpp/actions) by extensions ['colcon_meta']
[0.434s] Level 1:colcon.colcon_core.package_identification:_identify(src/examples/rclcpp/actions) by extension 'colcon_meta'
[0.434s] Level 1:colcon.colcon_core.package_identification:_identify(src/examples/rclcpp/actions) by extensions ['ros']
[0.434s] Level 1:colcon.colcon_core.package_identification:_identify(src/examples/rclcpp/actions) by extension 'ros'
[0.434s] Level 1:colcon.colcon_core.package_identification:_identify(src/examples/rclcpp/actions) by extensions ['cmake', 'python']
[0.434s] Level 1:colcon.colcon_core.package_identification:_identify(src/examples/rclcpp/actions) by extension 'cmake'
[0.434s] Level 1:colcon.colcon_core.package_identification:_identify(src/examples/rclcpp/actions) by extension 'python'
[0.434s] Level 1:colcon.colcon_core.package_identification:_identify(src/examples/rclcpp/actions) by extensions ['python_setup_py']
[0.434s] Level 1:colcon.colcon_core.package_identification:_identify(src/examples/rclcpp/actions) by extension 'python_setup_py'
[0.434s] Level 1:colcon.colcon_core.package_identification:_identify(src/examples/rclcpp/actions/minimal_action_client) by extensions ['ignore', 'ignore_ament_install']
[0.434s] Level 1:colcon.colcon_core.package_identification:_identify(src/examples/rclcpp/actions/minimal_action_client) by extension 'ignore'
[0.434s] Level 1:colcon.colcon_core.package_identification:_identify(src/examples/rclcpp/actions/minimal_action_client) by extension 'ignore_ament_install'
[0.434s] Level 1:colcon.colcon_core.package_identification:_identify(src/examples/rclcpp/actions/minimal_action_client) by extensions ['colcon_pkg']
[0.434s] Level 1:colcon.colcon_core.package_identification:_identify(src/examples/rclcpp/actions/minimal_action_client) by extension 'colcon_pkg'
[0.435s] Level 1:colcon.colcon_core.package_identification:_identify(src/examples/rclcpp/actions/minimal_action_client) by extensions ['colcon_meta']
[0.435s] Level 1:colcon.colcon_core.package_identification:_identify(src/examples/rclcpp/actions/minimal_action_client) by extension 'colcon_meta'
[0.435s] Level 1:colcon.colcon_core.package_identification:_identify(src/examples/rclcpp/actions/minimal_action_client) by extensions ['ros']
[0.435s] Level 1:colcon.colcon_core.package_identification:_identify(src/examples/rclcpp/actions/minimal_action_client) by extension 'ros'
[0.436s] DEBUG:colcon.colcon_core.package_identification:Package 'src/examples/rclcpp/actions/minimal_action_client' with type 'ros.ament_cmake' and name 'examples_rclcpp_minimal_action_client'
[0.436s] Level 1:colcon.colcon_core.package_identification:_identify(src/examples/rclcpp/actions/minimal_action_server) by extensions ['ignore', 'ignore_ament_install']
[0.436s] Level 1:colcon.colcon_core.package_identification:_identify(src/examples/rclcpp/actions/minimal_action_server) by extension 'ignore'
[0.436s] Level 1:colcon.colcon_core.package_identification:_identify(src/examples/rclcpp/actions/minimal_action_server) by extension 'ignore_ament_install'
[0.436s] Level 1:colcon.colcon_core.package_identification:_identify(src/examples/rclcpp/actions/minimal_action_server) by extensions ['colcon_pkg']
[0.436s] Level 1:colcon.colcon_core.package_identification:_identify(src/examples/rclcpp/actions/minimal_action_server) by extension 'colcon_pkg'
[0.436s] Level 1:colcon.colcon_core.package_identification:_identify(src/examples/rclcpp/actions/minimal_action_server) by extensions ['colcon_meta']
[0.436s] Level 1:colcon.colcon_core.package_identification:_identify(src/examples/rclcpp/actions/minimal_action_server) by extension 'colcon_meta'
[0.436s] Level 1:colcon.colcon_core.package_identification:_identify(src/examples/rclcpp/actions/minimal_action_server) by extensions ['ros']
[0.436s] Level 1:colcon.colcon_core.package_identification:_identify(src/examples/rclcpp/actions/minimal_action_server) by extension 'ros'
[0.437s] DEBUG:colcon.colcon_core.package_identification:Package 'src/examples/rclcpp/actions/minimal_action_server' with type 'ros.ament_cmake' and name 'examples_rclcpp_minimal_action_server'
[0.437s] Level 1:colcon.colcon_core.package_identification:_identify(src/examples/rclcpp/composition) by extensions ['ignore', 'ignore_ament_install']
[0.438s] Level 1:colcon.colcon_core.package_identification:_identify(src/examples/rclcpp/composition) by extension 'ignore'
[0.438s] Level 1:colcon.colcon_core.package_identification:_identify(src/examples/rclcpp/composition) by extension 'ignore_ament_install'
[0.438s] Level 1:colcon.colcon_core.package_identification:_identify(src/examples/rclcpp/composition) by extensions ['colcon_pkg']
[0.438s] Level 1:colcon.colcon_core.package_identification:_identify(src/examples/rclcpp/composition) by extension 'colcon_pkg'
[0.438s] Level 1:colcon.colcon_core.package_identification:_identify(src/examples/rclcpp/composition) by extensions ['colcon_meta']
[0.438s] Level 1:colcon.colcon_core.package_identification:_identify(src/examples/rclcpp/composition) by extension 'colcon_meta'
[0.438s] Level 1:colcon.colcon_core.package_identification:_identify(src/examples/rclcpp/composition) by extensions ['ros']
[0.438s] Level 1:colcon.colcon_core.package_identification:_identify(src/examples/rclcpp/composition) by extension 'ros'
[0.438s] Level 1:colcon.colcon_core.package_identification:_identify(src/examples/rclcpp/composition) by extensions ['cmake', 'python']
[0.438s] Level 1:colcon.colcon_core.package_identification:_identify(src/examples/rclcpp/composition) by extension 'cmake'
[0.438s] Level 1:colcon.colcon_core.package_identification:_identify(src/examples/rclcpp/composition) by extension 'python'
[0.438s] Level 1:colcon.colcon_core.package_identification:_identify(src/examples/rclcpp/composition) by extensions ['python_setup_py']
[0.438s] Level 1:colcon.colcon_core.package_identification:_identify(src/examples/rclcpp/composition) by extension 'python_setup_py'
[0.438s] Level 1:colcon.colcon_core.package_identification:_identify(src/examples/rclcpp/composition/minimal_composition) by extensions ['ignore', 'ignore_ament_install']
[0.438s] Level 1:colcon.colcon_core.package_identification:_identify(src/examples/rclcpp/composition/minimal_composition) by extension 'ignore'
[0.438s] Level 1:colcon.colcon_core.package_identification:_identify(src/examples/rclcpp/composition/minimal_composition) by extension 'ignore_ament_install'
[0.439s] Level 1:colcon.colcon_core.package_identification:_identify(src/examples/rclcpp/composition/minimal_composition) by extensions ['colcon_pkg']
[0.439s] Level 1:colcon.colcon_core.package_identification:_identify(src/examples/rclcpp/composition/minimal_composition) by extension 'colcon_pkg'
[0.439s] Level 1:colcon.colcon_core.package_identification:_identify(src/examples/rclcpp/composition/minimal_composition) by extensions ['colcon_meta']
[0.439s] Level 1:colcon.colcon_core.package_identification:_identify(src/examples/rclcpp/composition/minimal_composition) by extension 'colcon_meta'
[0.439s] Level 1:colcon.colcon_core.package_identification:_identify(src/examples/rclcpp/composition/minimal_composition) by extensions ['ros']
[0.439s] Level 1:colcon.colcon_core.package_identification:_identify(src/examples/rclcpp/composition/minimal_composition) by extension 'ros'
[0.440s] DEBUG:colcon.colcon_core.package_identification:Package 'src/examples/rclcpp/composition/minimal_composition' with type 'ros.ament_cmake' and name 'examples_rclcpp_minimal_composition'
[0.440s] Level 1:colcon.colcon_core.package_identification:_identify(src/examples/rclcpp/executors) by extensions ['ignore', 'ignore_ament_install']
[0.440s] Level 1:colcon.colcon_core.package_identification:_identify(src/examples/rclcpp/executors) by extension 'ignore'
[0.440s] Level 1:colcon.colcon_core.package_identification:_identify(src/examples/rclcpp/executors) by extension 'ignore_ament_install'
[0.440s] Level 1:colcon.colcon_core.package_identification:_identify(src/examples/rclcpp/executors) by extensions ['colcon_pkg']
[0.440s] Level 1:colcon.colcon_core.package_identification:_identify(src/examples/rclcpp/executors) by extension 'colcon_pkg'
[0.440s] Level 1:colcon.colcon_core.package_identification:_identify(src/examples/rclcpp/executors) by extensions ['colcon_meta']
[0.440s] Level 1:colcon.colcon_core.package_identification:_identify(src/examples/rclcpp/executors) by extension 'colcon_meta'
[0.440s] Level 1:colcon.colcon_core.package_identification:_identify(src/examples/rclcpp/executors) by extensions ['ros']
[0.440s] Level 1:colcon.colcon_core.package_identification:_identify(src/examples/rclcpp/executors) by extension 'ros'
[0.440s] Level 1:colcon.colcon_core.package_identification:_identify(src/examples/rclcpp/executors) by extensions ['cmake', 'python']
[0.440s] Level 1:colcon.colcon_core.package_identification:_identify(src/examples/rclcpp/executors) by extension 'cmake'
[0.440s] Level 1:colcon.colcon_core.package_identification:_identify(src/examples/rclcpp/executors) by extension 'python'
[0.440s] Level 1:colcon.colcon_core.package_identification:_identify(src/examples/rclcpp/executors) by extensions ['python_setup_py']
[0.440s] Level 1:colcon.colcon_core.package_identification:_identify(src/examples/rclcpp/executors) by extension 'python_setup_py'
[0.441s] Level 1:colcon.colcon_core.package_identification:_identify(src/examples/rclcpp/executors/cbg_executor) by extensions ['ignore', 'ignore_ament_install']
[0.441s] Level 1:colcon.colcon_core.package_identification:_identify(src/examples/rclcpp/executors/cbg_executor) by extension 'ignore'
[0.441s] Level 1:colcon.colcon_core.package_identification:_identify(src/examples/rclcpp/executors/cbg_executor) by extension 'ignore_ament_install'
[0.441s] Level 1:colcon.colcon_core.package_identification:_identify(src/examples/rclcpp/executors/cbg_executor) by extensions ['colcon_pkg']
[0.441s] Level 1:colcon.colcon_core.package_identification:_identify(src/examples/rclcpp/executors/cbg_executor) by extension 'colcon_pkg'
[0.441s] Level 1:colcon.colcon_core.package_identification:_identify(src/examples/rclcpp/executors/cbg_executor) by extensions ['colcon_meta']
[0.441s] Level 1:colcon.colcon_core.package_identification:_identify(src/examples/rclcpp/executors/cbg_executor) by extension 'colcon_meta'
[0.441s] Level 1:colcon.colcon_core.package_identification:_identify(src/examples/rclcpp/executors/cbg_executor) by extensions ['ros']
[0.441s] Level 1:colcon.colcon_core.package_identification:_identify(src/examples/rclcpp/executors/cbg_executor) by extension 'ros'
[0.442s] DEBUG:colcon.colcon_core.package_identification:Package 'src/examples/rclcpp/executors/cbg_executor' with type 'ros.ament_cmake' and name 'examples_rclcpp_cbg_executor'
[0.442s] Level 1:colcon.colcon_core.package_identification:_identify(src/examples/rclcpp/executors/multithreaded_executor) by extensions ['ignore', 'ignore_ament_install']
[0.442s] Level 1:colcon.colcon_core.package_identification:_identify(src/examples/rclcpp/executors/multithreaded_executor) by extension 'ignore'
[0.442s] Level 1:colcon.colcon_core.package_identification:_identify(src/examples/rclcpp/executors/multithreaded_executor) by extension 'ignore_ament_install'
[0.442s] Level 1:colcon.colcon_core.package_identification:_identify(src/examples/rclcpp/executors/multithreaded_executor) by extensions ['colcon_pkg']
[0.442s] Level 1:colcon.colcon_core.package_identification:_identify(src/examples/rclcpp/executors/multithreaded_executor) by extension 'colcon_pkg'
[0.442s] Level 1:colcon.colcon_core.package_identification:_identify(src/examples/rclcpp/executors/multithreaded_executor) by extensions ['colcon_meta']
[0.442s] Level 1:colcon.colcon_core.package_identification:_identify(src/examples/rclcpp/executors/multithreaded_executor) by extension 'colcon_meta'
[0.442s] Level 1:colcon.colcon_core.package_identification:_identify(src/examples/rclcpp/executors/multithreaded_executor) by extensions ['ros']
[0.442s] Level 1:colcon.colcon_core.package_identification:_identify(src/examples/rclcpp/executors/multithreaded_executor) by extension 'ros'
[0.443s] DEBUG:colcon.colcon_core.package_identification:Package 'src/examples/rclcpp/executors/multithreaded_executor' with type 'ros.ament_cmake' and name 'examples_rclcpp_multithreaded_executor'
[0.443s] Level 1:colcon.colcon_core.package_identification:_identify(src/examples/rclcpp/services) by extensions ['ignore', 'ignore_ament_install']
[0.443s] Level 1:colcon.colcon_core.package_identification:_identify(src/examples/rclcpp/services) by extension 'ignore'
[0.444s] Level 1:colcon.colcon_core.package_identification:_identify(src/examples/rclcpp/services) by extension 'ignore_ament_install'
[0.444s] Level 1:colcon.colcon_core.package_identification:_identify(src/examples/rclcpp/services) by extensions ['colcon_pkg']
[0.444s] Level 1:colcon.colcon_core.package_identification:_identify(src/examples/rclcpp/services) by extension 'colcon_pkg'
[0.444s] Level 1:colcon.colcon_core.package_identification:_identify(src/examples/rclcpp/services) by extensions ['colcon_meta']
[0.444s] Level 1:colcon.colcon_core.package_identification:_identify(src/examples/rclcpp/services) by extension 'colcon_meta'
[0.444s] Level 1:colcon.colcon_core.package_identification:_identify(src/examples/rclcpp/services) by extensions ['ros']
[0.444s] Level 1:colcon.colcon_core.package_identification:_identify(src/examples/rclcpp/services) by extension 'ros'
[0.444s] Level 1:colcon.colcon_core.package_identification:_identify(src/examples/rclcpp/services) by extensions ['cmake', 'python']
[0.444s] Level 1:colcon.colcon_core.package_identification:_identify(src/examples/rclcpp/services) by extension 'cmake'
[0.444s] Level 1:colcon.colcon_core.package_identification:_identify(src/examples/rclcpp/services) by extension 'python'
[0.444s] Level 1:colcon.colcon_core.package_identification:_identify(src/examples/rclcpp/services) by extensions ['python_setup_py']
[0.444s] Level 1:colcon.colcon_core.package_identification:_identify(src/examples/rclcpp/services) by extension 'python_setup_py'
[0.444s] Level 1:colcon.colcon_core.package_identification:_identify(src/examples/rclcpp/services/async_client) by extensions ['ignore', 'ignore_ament_install']
[0.444s] Level 1:colcon.colcon_core.package_identification:_identify(src/examples/rclcpp/services/async_client) by extension 'ignore'
[0.444s] Level 1:colcon.colcon_core.package_identification:_identify(src/examples/rclcpp/services/async_client) by extension 'ignore_ament_install'
[0.444s] Level 1:colcon.colcon_core.package_identification:_identify(src/examples/rclcpp/services/async_client) by extensions ['colcon_pkg']
[0.445s] Level 1:colcon.colcon_core.package_identification:_identify(src/examples/rclcpp/services/async_client) by extension 'colcon_pkg'
[0.445s] Level 1:colcon.colcon_core.package_identification:_identify(src/examples/rclcpp/services/async_client) by extensions ['colcon_meta']
[0.445s] Level 1:colcon.colcon_core.package_identification:_identify(src/examples/rclcpp/services/async_client) by extension 'colcon_meta'
[0.445s] Level 1:colcon.colcon_core.package_identification:_identify(src/examples/rclcpp/services/async_client) by extensions ['ros']
[0.445s] Level 1:colcon.colcon_core.package_identification:_identify(src/examples/rclcpp/services/async_client) by extension 'ros'
[0.446s] DEBUG:colcon.colcon_core.package_identification:Package 'src/examples/rclcpp/services/async_client' with type 'ros.ament_cmake' and name 'examples_rclcpp_async_client'
[0.446s] Level 1:colcon.colcon_core.package_identification:_identify(src/examples/rclcpp/services/minimal_client) by extensions ['ignore', 'ignore_ament_install']
[0.446s] Level 1:colcon.colcon_core.package_identification:_identify(src/examples/rclcpp/services/minimal_client) by extension 'ignore'
[0.446s] Level 1:colcon.colcon_core.package_identification:_identify(src/examples/rclcpp/services/minimal_client) by extension 'ignore_ament_install'
[0.446s] Level 1:colcon.colcon_core.package_identification:_identify(src/examples/rclcpp/services/minimal_client) by extensions ['colcon_pkg']
[0.446s] Level 1:colcon.colcon_core.package_identification:_identify(src/examples/rclcpp/services/minimal_client) by extension 'colcon_pkg'
[0.446s] Level 1:colcon.colcon_core.package_identification:_identify(src/examples/rclcpp/services/minimal_client) by extensions ['colcon_meta']
[0.446s] Level 1:colcon.colcon_core.package_identification:_identify(src/examples/rclcpp/services/minimal_client) by extension 'colcon_meta'
[0.446s] Level 1:colcon.colcon_core.package_identification:_identify(src/examples/rclcpp/services/minimal_client) by extensions ['ros']
[0.446s] Level 1:colcon.colcon_core.package_identification:_identify(src/examples/rclcpp/services/minimal_client) by extension 'ros'
[0.447s] DEBUG:colcon.colcon_core.package_identification:Package 'src/examples/rclcpp/services/minimal_client' with type 'ros.ament_cmake' and name 'examples_rclcpp_minimal_client'
[0.447s] Level 1:colcon.colcon_core.package_identification:_identify(src/examples/rclcpp/services/minimal_service) by extensions ['ignore', 'ignore_ament_install']
[0.447s] Level 1:colcon.colcon_core.package_identification:_identify(src/examples/rclcpp/services/minimal_service) by extension 'ignore'
[0.447s] Level 1:colcon.colcon_core.package_identification:_identify(src/examples/rclcpp/services/minimal_service) by extension 'ignore_ament_install'
[0.447s] Level 1:colcon.colcon_core.package_identification:_identify(src/examples/rclcpp/services/minimal_service) by extensions ['colcon_pkg']
[0.447s] Level 1:colcon.colcon_core.package_identification:_identify(src/examples/rclcpp/services/minimal_service) by extension 'colcon_pkg'
[0.447s] Level 1:colcon.colcon_core.package_identification:_identify(src/examples/rclcpp/services/minimal_service) by extensions ['colcon_meta']
[0.447s] Level 1:colcon.colcon_core.package_identification:_identify(src/examples/rclcpp/services/minimal_service) by extension 'colcon_meta'
[0.448s] Level 1:colcon.colcon_core.package_identification:_identify(src/examples/rclcpp/services/minimal_service) by extensions ['ros']
[0.448s] Level 1:colcon.colcon_core.package_identification:_identify(src/examples/rclcpp/services/minimal_service) by extension 'ros'
[0.448s] DEBUG:colcon.colcon_core.package_identification:Package 'src/examples/rclcpp/services/minimal_service' with type 'ros.ament_cmake' and name 'examples_rclcpp_minimal_service'
[0.448s] Level 1:colcon.colcon_core.package_identification:_identify(src/examples/rclcpp/timers) by extensions ['ignore', 'ignore_ament_install']
[0.449s] Level 1:colcon.colcon_core.package_identification:_identify(src/examples/rclcpp/timers) by extension 'ignore'
[0.449s] Level 1:colcon.colcon_core.package_identification:_identify(src/examples/rclcpp/timers) by extension 'ignore_ament_install'
[0.449s] Level 1:colcon.colcon_core.package_identification:_identify(src/examples/rclcpp/timers) by extensions ['colcon_pkg']
[0.449s] Level 1:colcon.colcon_core.package_identification:_identify(src/examples/rclcpp/timers) by extension 'colcon_pkg'
[0.449s] Level 1:colcon.colcon_core.package_identification:_identify(src/examples/rclcpp/timers) by extensions ['colcon_meta']
[0.449s] Level 1:colcon.colcon_core.package_identification:_identify(src/examples/rclcpp/timers) by extension 'colcon_meta'
[0.449s] Level 1:colcon.colcon_core.package_identification:_identify(src/examples/rclcpp/timers) by extensions ['ros']
[0.449s] Level 1:colcon.colcon_core.package_identification:_identify(src/examples/rclcpp/timers) by extension 'ros'
[0.449s] Level 1:colcon.colcon_core.package_identification:_identify(src/examples/rclcpp/timers) by extensions ['cmake', 'python']
[0.449s] Level 1:colcon.colcon_core.package_identification:_identify(src/examples/rclcpp/timers) by extension 'cmake'
[0.449s] Level 1:colcon.colcon_core.package_identification:_identify(src/examples/rclcpp/timers) by extension 'python'
[0.449s] Level 1:colcon.colcon_core.package_identification:_identify(src/examples/rclcpp/timers) by extensions ['python_setup_py']
[0.449s] Level 1:colcon.colcon_core.package_identification:_identify(src/examples/rclcpp/timers) by extension 'python_setup_py'
[0.449s] Level 1:colcon.colcon_core.package_identification:_identify(src/examples/rclcpp/timers/minimal_timer) by extensions ['ignore', 'ignore_ament_install']
[0.449s] Level 1:colcon.colcon_core.package_identification:_identify(src/examples/rclcpp/timers/minimal_timer) by extension 'ignore'
[0.450s] Level 1:colcon.colcon_core.package_identification:_identify(src/examples/rclcpp/timers/minimal_timer) by extension 'ignore_ament_install'
[0.450s] Level 1:colcon.colcon_core.package_identification:_identify(src/examples/rclcpp/timers/minimal_timer) by extensions ['colcon_pkg']
[0.450s] Level 1:colcon.colcon_core.package_identification:_identify(src/examples/rclcpp/timers/minimal_timer) by extension 'colcon_pkg'
[0.450s] Level 1:colcon.colcon_core.package_identification:_identify(src/examples/rclcpp/timers/minimal_timer) by extensions ['colcon_meta']
[0.450s] Level 1:colcon.colcon_core.package_identification:_identify(src/examples/rclcpp/timers/minimal_timer) by extension 'colcon_meta'
[0.450s] Level 1:colcon.colcon_core.package_identification:_identify(src/examples/rclcpp/timers/minimal_timer) by extensions ['ros']
[0.450s] Level 1:colcon.colcon_core.package_identification:_identify(src/examples/rclcpp/timers/minimal_timer) by extension 'ros'
[0.451s] DEBUG:colcon.colcon_core.package_identification:Package 'src/examples/rclcpp/timers/minimal_timer' with type 'ros.ament_cmake' and name 'examples_rclcpp_minimal_timer'
[0.451s] Level 1:colcon.colcon_core.package_identification:_identify(src/examples/rclcpp/topics) by extensions ['ignore', 'ignore_ament_install']
[0.451s] Level 1:colcon.colcon_core.package_identification:_identify(src/examples/rclcpp/topics) by extension 'ignore'
[0.451s] Level 1:colcon.colcon_core.package_identification:_identify(src/examples/rclcpp/topics) by extension 'ignore_ament_install'
[0.451s] Level 1:colcon.colcon_core.package_identification:_identify(src/examples/rclcpp/topics) by extensions ['colcon_pkg']
[0.451s] Level 1:colcon.colcon_core.package_identification:_identify(src/examples/rclcpp/topics) by extension 'colcon_pkg'
[0.451s] Level 1:colcon.colcon_core.package_identification:_identify(src/examples/rclcpp/topics) by extensions ['colcon_meta']
[0.451s] Level 1:colcon.colcon_core.package_identification:_identify(src/examples/rclcpp/topics) by extension 'colcon_meta'
[0.451s] Level 1:colcon.colcon_core.package_identification:_identify(src/examples/rclcpp/topics) by extensions ['ros']
[0.451s] Level 1:colcon.colcon_core.package_identification:_identify(src/examples/rclcpp/topics) by extension 'ros'
[0.451s] Level 1:colcon.colcon_core.package_identification:_identify(src/examples/rclcpp/topics) by extensions ['cmake', 'python']
[0.451s] Level 1:colcon.colcon_core.package_identification:_identify(src/examples/rclcpp/topics) by extension 'cmake'
[0.451s] Level 1:colcon.colcon_core.package_identification:_identify(src/examples/rclcpp/topics) by extension 'python'
[0.451s] Level 1:colcon.colcon_core.package_identification:_identify(src/examples/rclcpp/topics) by extensions ['python_setup_py']
[0.451s] Level 1:colcon.colcon_core.package_identification:_identify(src/examples/rclcpp/topics) by extension 'python_setup_py'
[0.452s] Level 1:colcon.colcon_core.package_identification:_identify(src/examples/rclcpp/topics/minimal_publisher) by extensions ['ignore', 'ignore_ament_install']
[0.452s] Level 1:colcon.colcon_core.package_identification:_identify(src/examples/rclcpp/topics/minimal_publisher) by extension 'ignore'
[0.452s] Level 1:colcon.colcon_core.package_identification:_identify(src/examples/rclcpp/topics/minimal_publisher) by extension 'ignore_ament_install'
[0.452s] Level 1:colcon.colcon_core.package_identification:_identify(src/examples/rclcpp/topics/minimal_publisher) by extensions ['colcon_pkg']
[0.452s] Level 1:colcon.colcon_core.package_identification:_identify(src/examples/rclcpp/topics/minimal_publisher) by extension 'colcon_pkg'
[0.452s] Level 1:colcon.colcon_core.package_identification:_identify(src/examples/rclcpp/topics/minimal_publisher) by extensions ['colcon_meta']
[0.452s] Level 1:colcon.colcon_core.package_identification:_identify(src/examples/rclcpp/topics/minimal_publisher) by extension 'colcon_meta'
[0.452s] Level 1:colcon.colcon_core.package_identification:_identify(src/examples/rclcpp/topics/minimal_publisher) by extensions ['ros']
[0.452s] Level 1:colcon.colcon_core.package_identification:_identify(src/examples/rclcpp/topics/minimal_publisher) by extension 'ros'
[0.453s] DEBUG:colcon.colcon_core.package_identification:Package 'src/examples/rclcpp/topics/minimal_publisher' with type 'ros.ament_cmake' and name 'examples_rclcpp_minimal_publisher'
[0.453s] Level 1:colcon.colcon_core.package_identification:_identify(src/examples/rclcpp/topics/minimal_subscriber) by extensions ['ignore', 'ignore_ament_install']
[0.453s] Level 1:colcon.colcon_core.package_identification:_identify(src/examples/rclcpp/topics/minimal_subscriber) by extension 'ignore'
[0.453s] Level 1:colcon.colcon_core.package_identification:_identify(src/examples/rclcpp/topics/minimal_subscriber) by extension 'ignore_ament_install'
[0.453s] Level 1:colcon.colcon_core.package_identification:_identify(src/examples/rclcpp/topics/minimal_subscriber) by extensions ['colcon_pkg']
[0.453s] Level 1:colcon.colcon_core.package_identification:_identify(src/examples/rclcpp/topics/minimal_subscriber) by extension 'colcon_pkg'
[0.453s] Level 1:colcon.colcon_core.package_identification:_identify(src/examples/rclcpp/topics/minimal_subscriber) by extensions ['colcon_meta']
[0.453s] Level 1:colcon.colcon_core.package_identification:_identify(src/examples/rclcpp/topics/minimal_subscriber) by extension 'colcon_meta'
[0.453s] Level 1:colcon.colcon_core.package_identification:_identify(src/examples/rclcpp/topics/minimal_subscriber) by extensions ['ros']
[0.453s] Level 1:colcon.colcon_core.package_identification:_identify(src/examples/rclcpp/topics/minimal_subscriber) by extension 'ros'
[0.454s] DEBUG:colcon.colcon_core.package_identification:Package 'src/examples/rclcpp/topics/minimal_subscriber' with type 'ros.ament_cmake' and name 'examples_rclcpp_minimal_subscriber'
[0.455s] Level 1:colcon.colcon_core.package_identification:_identify(src/examples/rclcpp/wait_set) by extensions ['ignore', 'ignore_ament_install']
[0.455s] Level 1:colcon.colcon_core.package_identification:_identify(src/examples/rclcpp/wait_set) by extension 'ignore'
[0.455s] Level 1:colcon.colcon_core.package_identification:_identify(src/examples/rclcpp/wait_set) by extension 'ignore_ament_install'
[0.455s] Level 1:colcon.colcon_core.package_identification:_identify(src/examples/rclcpp/wait_set) by extensions ['colcon_pkg']
[0.455s] Level 1:colcon.colcon_core.package_identification:_identify(src/examples/rclcpp/wait_set) by extension 'colcon_pkg'
[0.455s] Level 1:colcon.colcon_core.package_identification:_identify(src/examples/rclcpp/wait_set) by extensions ['colcon_meta']
[0.455s] Level 1:colcon.colcon_core.package_identification:_identify(src/examples/rclcpp/wait_set) by extension 'colcon_meta'
[0.455s] Level 1:colcon.colcon_core.package_identification:_identify(src/examples/rclcpp/wait_set) by extensions ['ros']
[0.455s] Level 1:colcon.colcon_core.package_identification:_identify(src/examples/rclcpp/wait_set) by extension 'ros'
[0.456s] DEBUG:colcon.colcon_core.package_identification:Package 'src/examples/rclcpp/wait_set' with type 'ros.ament_cmake' and name 'examples_rclcpp_wait_set'
[0.456s] Level 1:colcon.colcon_core.package_identification:_identify(src/examples/rclpy) by extensions ['ignore', 'ignore_ament_install']
[0.456s] Level 1:colcon.colcon_core.package_identification:_identify(src/examples/rclpy) by extension 'ignore'
[0.456s] Level 1:colcon.colcon_core.package_identification:_identify(src/examples/rclpy) by extension 'ignore_ament_install'
[0.456s] Level 1:colcon.colcon_core.package_identification:_identify(src/examples/rclpy) by extensions ['colcon_pkg']
[0.456s] Level 1:colcon.colcon_core.package_identification:_identify(src/examples/rclpy) by extension 'colcon_pkg'
[0.456s] Level 1:colcon.colcon_core.package_identification:_identify(src/examples/rclpy) by extensions ['colcon_meta']
[0.456s] Level 1:colcon.colcon_core.package_identification:_identify(src/examples/rclpy) by extension 'colcon_meta'
[0.456s] Level 1:colcon.colcon_core.package_identification:_identify(src/examples/rclpy) by extensions ['ros']
[0.456s] Level 1:colcon.colcon_core.package_identification:_identify(src/examples/rclpy) by extension 'ros'
[0.457s] Level 1:colcon.colcon_core.package_identification:_identify(src/examples/rclpy) by extensions ['cmake', 'python']
[0.457s] Level 1:colcon.colcon_core.package_identification:_identify(src/examples/rclpy) by extension 'cmake'
[0.457s] Level 1:colcon.colcon_core.package_identification:_identify(src/examples/rclpy) by extension 'python'
[0.457s] Level 1:colcon.colcon_core.package_identification:_identify(src/examples/rclpy) by extensions ['python_setup_py']
[0.457s] Level 1:colcon.colcon_core.package_identification:_identify(src/examples/rclpy) by extension 'python_setup_py'
[0.457s] Level 1:colcon.colcon_core.package_identification:_identify(src/examples/rclpy/actions) by extensions ['ignore', 'ignore_ament_install']
[0.457s] Level 1:colcon.colcon_core.package_identification:_identify(src/examples/rclpy/actions) by extension 'ignore'
[0.457s] Level 1:colcon.colcon_core.package_identification:_identify(src/examples/rclpy/actions) by extension 'ignore_ament_install'
[0.457s] Level 1:colcon.colcon_core.package_identification:_identify(src/examples/rclpy/actions) by extensions ['colcon_pkg']
[0.457s] Level 1:colcon.colcon_core.package_identification:_identify(src/examples/rclpy/actions) by extension 'colcon_pkg'
[0.457s] Level 1:colcon.colcon_core.package_identification:_identify(src/examples/rclpy/actions) by extensions ['colcon_meta']
[0.457s] Level 1:colcon.colcon_core.package_identification:_identify(src/examples/rclpy/actions) by extension 'colcon_meta'
[0.457s] Level 1:colcon.colcon_core.package_identification:_identify(src/examples/rclpy/actions) by extensions ['ros']
[0.457s] Level 1:colcon.colcon_core.package_identification:_identify(src/examples/rclpy/actions) by extension 'ros'
[0.457s] Level 1:colcon.colcon_core.package_identification:_identify(src/examples/rclpy/actions) by extensions ['cmake', 'python']
[0.457s] Level 1:colcon.colcon_core.package_identification:_identify(src/examples/rclpy/actions) by extension 'cmake'
[0.457s] Level 1:colcon.colcon_core.package_identification:_identify(src/examples/rclpy/actions) by extension 'python'
[0.458s] Level 1:colcon.colcon_core.package_identification:_identify(src/examples/rclpy/actions) by extensions ['python_setup_py']
[0.458s] Level 1:colcon.colcon_core.package_identification:_identify(src/examples/rclpy/actions) by extension 'python_setup_py'
[0.458s] Level 1:colcon.colcon_core.package_identification:_identify(src/examples/rclpy/actions/minimal_action_client) by extensions ['ignore', 'ignore_ament_install']
[0.458s] Level 1:colcon.colcon_core.package_identification:_identify(src/examples/rclpy/actions/minimal_action_client) by extension 'ignore'
[0.458s] Level 1:colcon.colcon_core.package_identification:_identify(src/examples/rclpy/actions/minimal_action_client) by extension 'ignore_ament_install'
[0.458s] Level 1:colcon.colcon_core.package_identification:_identify(src/examples/rclpy/actions/minimal_action_client) by extensions ['colcon_pkg']
[0.458s] Level 1:colcon.colcon_core.package_identification:_identify(src/examples/rclpy/actions/minimal_action_client) by extension 'colcon_pkg'
[0.458s] Level 1:colcon.colcon_core.package_identification:_identify(src/examples/rclpy/actions/minimal_action_client) by extensions ['colcon_meta']
[0.458s] Level 1:colcon.colcon_core.package_identification:_identify(src/examples/rclpy/actions/minimal_action_client) by extension 'colcon_meta'
[0.458s] Level 1:colcon.colcon_core.package_identification:_identify(src/examples/rclpy/actions/minimal_action_client) by extensions ['ros']
[0.458s] Level 1:colcon.colcon_core.package_identification:_identify(src/examples/rclpy/actions/minimal_action_client) by extension 'ros'
[0.460s] DEBUG:colcon.colcon_core.package_identification:Package 'src/examples/rclpy/actions/minimal_action_client' with type 'ros.ament_python' and name 'examples_rclpy_minimal_action_client'
[0.460s] Level 1:colcon.colcon_core.package_identification:_identify(src/examples/rclpy/actions/minimal_action_server) by extensions ['ignore', 'ignore_ament_install']
[0.460s] Level 1:colcon.colcon_core.package_identification:_identify(src/examples/rclpy/actions/minimal_action_server) by extension 'ignore'
[0.460s] Level 1:colcon.colcon_core.package_identification:_identify(src/examples/rclpy/actions/minimal_action_server) by extension 'ignore_ament_install'
[0.460s] Level 1:colcon.colcon_core.package_identification:_identify(src/examples/rclpy/actions/minimal_action_server) by extensions ['colcon_pkg']
[0.460s] Level 1:colcon.colcon_core.package_identification:_identify(src/examples/rclpy/actions/minimal_action_server) by extension 'colcon_pkg'
[0.460s] Level 1:colcon.colcon_core.package_identification:_identify(src/examples/rclpy/actions/minimal_action_server) by extensions ['colcon_meta']
[0.461s] Level 1:colcon.colcon_core.package_identification:_identify(src/examples/rclpy/actions/minimal_action_server) by extension 'colcon_meta'
[0.461s] Level 1:colcon.colcon_core.package_identification:_identify(src/examples/rclpy/actions/minimal_action_server) by extensions ['ros']
[0.461s] Level 1:colcon.colcon_core.package_identification:_identify(src/examples/rclpy/actions/minimal_action_server) by extension 'ros'
[0.462s] DEBUG:colcon.colcon_core.package_identification:Package 'src/examples/rclpy/actions/minimal_action_server' with type 'ros.ament_python' and name 'examples_rclpy_minimal_action_server'
[0.462s] Level 1:colcon.colcon_core.package_identification:_identify(src/examples/rclpy/executors) by extensions ['ignore', 'ignore_ament_install']
[0.462s] Level 1:colcon.colcon_core.package_identification:_identify(src/examples/rclpy/executors) by extension 'ignore'
[0.462s] Level 1:colcon.colcon_core.package_identification:_identify(src/examples/rclpy/executors) by extension 'ignore_ament_install'
[0.462s] Level 1:colcon.colcon_core.package_identification:_identify(src/examples/rclpy/executors) by extensions ['colcon_pkg']
[0.462s] Level 1:colcon.colcon_core.package_identification:_identify(src/examples/rclpy/executors) by extension 'colcon_pkg'
[0.463s] Level 1:colcon.colcon_core.package_identification:_identify(src/examples/rclpy/executors) by extensions ['colcon_meta']
[0.463s] Level 1:colcon.colcon_core.package_identification:_identify(src/examples/rclpy/executors) by extension 'colcon_meta'
[0.463s] Level 1:colcon.colcon_core.package_identification:_identify(src/examples/rclpy/executors) by extensions ['ros']
[0.463s] Level 1:colcon.colcon_core.package_identification:_identify(src/examples/rclpy/executors) by extension 'ros'
[0.464s] DEBUG:colcon.colcon_core.package_identification:Package 'src/examples/rclpy/executors' with type 'ros.ament_python' and name 'examples_rclpy_executors'
[0.464s] Level 1:colcon.colcon_core.package_identification:_identify(src/examples/rclpy/guard_conditions) by extensions ['ignore', 'ignore_ament_install']
[0.464s] Level 1:colcon.colcon_core.package_identification:_identify(src/examples/rclpy/guard_conditions) by extension 'ignore'
[0.464s] Level 1:colcon.colcon_core.package_identification:_identify(src/examples/rclpy/guard_conditions) by extension 'ignore_ament_install'
[0.464s] Level 1:colcon.colcon_core.package_identification:_identify(src/examples/rclpy/guard_conditions) by extensions ['colcon_pkg']
[0.464s] Level 1:colcon.colcon_core.package_identification:_identify(src/examples/rclpy/guard_conditions) by extension 'colcon_pkg'
[0.464s] Level 1:colcon.colcon_core.package_identification:_identify(src/examples/rclpy/guard_conditions) by extensions ['colcon_meta']
[0.464s] Level 1:colcon.colcon_core.package_identification:_identify(src/examples/rclpy/guard_conditions) by extension 'colcon_meta'
[0.464s] Level 1:colcon.colcon_core.package_identification:_identify(src/examples/rclpy/guard_conditions) by extensions ['ros']
[0.464s] Level 1:colcon.colcon_core.package_identification:_identify(src/examples/rclpy/guard_conditions) by extension 'ros'
[0.465s] DEBUG:colcon.colcon_core.package_identification:Package 'src/examples/rclpy/guard_conditions' with type 'ros.ament_python' and name 'examples_rclpy_guard_conditions'
[0.466s] Level 1:colcon.colcon_core.package_identification:_identify(src/examples/rclpy/services) by extensions ['ignore', 'ignore_ament_install']
[0.466s] Level 1:colcon.colcon_core.package_identification:_identify(src/examples/rclpy/services) by extension 'ignore'
[0.466s] Level 1:colcon.colcon_core.package_identification:_identify(src/examples/rclpy/services) by extension 'ignore_ament_install'
[0.466s] Level 1:colcon.colcon_core.package_identification:_identify(src/examples/rclpy/services) by extensions ['colcon_pkg']
[0.466s] Level 1:colcon.colcon_core.package_identification:_identify(src/examples/rclpy/services) by extension 'colcon_pkg'
[0.466s] Level 1:colcon.colcon_core.package_identification:_identify(src/examples/rclpy/services) by extensions ['colcon_meta']
[0.466s] Level 1:colcon.colcon_core.package_identification:_identify(src/examples/rclpy/services) by extension 'colcon_meta'
[0.466s] Level 1:colcon.colcon_core.package_identification:_identify(src/examples/rclpy/services) by extensions ['ros']
[0.466s] Level 1:colcon.colcon_core.package_identification:_identify(src/examples/rclpy/services) by extension 'ros'
[0.466s] Level 1:colcon.colcon_core.package_identification:_identify(src/examples/rclpy/services) by extensions ['cmake', 'python']
[0.466s] Level 1:colcon.colcon_core.package_identification:_identify(src/examples/rclpy/services) by extension 'cmake'
[0.466s] Level 1:colcon.colcon_core.package_identification:_identify(src/examples/rclpy/services) by extension 'python'
[0.466s] Level 1:colcon.colcon_core.package_identification:_identify(src/examples/rclpy/services) by extensions ['python_setup_py']
[0.466s] Level 1:colcon.colcon_core.package_identification:_identify(src/examples/rclpy/services) by extension 'python_setup_py'
[0.467s] Level 1:colcon.colcon_core.package_identification:_identify(src/examples/rclpy/services/minimal_client) by extensions ['ignore', 'ignore_ament_install']
[0.467s] Level 1:colcon.colcon_core.package_identification:_identify(src/examples/rclpy/services/minimal_client) by extension 'ignore'
[0.467s] Level 1:colcon.colcon_core.package_identification:_identify(src/examples/rclpy/services/minimal_client) by extension 'ignore_ament_install'
[0.467s] Level 1:colcon.colcon_core.package_identification:_identify(src/examples/rclpy/services/minimal_client) by extensions ['colcon_pkg']
[0.467s] Level 1:colcon.colcon_core.package_identification:_identify(src/examples/rclpy/services/minimal_client) by extension 'colcon_pkg'
[0.467s] Level 1:colcon.colcon_core.package_identification:_identify(src/examples/rclpy/services/minimal_client) by extensions ['colcon_meta']
[0.467s] Level 1:colcon.colcon_core.package_identification:_identify(src/examples/rclpy/services/minimal_client) by extension 'colcon_meta'
[0.467s] Level 1:colcon.colcon_core.package_identification:_identify(src/examples/rclpy/services/minimal_client) by extensions ['ros']
[0.467s] Level 1:colcon.colcon_core.package_identification:_identify(src/examples/rclpy/services/minimal_client) by extension 'ros'
[0.468s] DEBUG:colcon.colcon_core.package_identification:Package 'src/examples/rclpy/services/minimal_client' with type 'ros.ament_python' and name 'examples_rclpy_minimal_client'
[0.468s] Level 1:colcon.colcon_core.package_identification:_identify(src/examples/rclpy/services/minimal_service) by extensions ['ignore', 'ignore_ament_install']
[0.468s] Level 1:colcon.colcon_core.package_identification:_identify(src/examples/rclpy/services/minimal_service) by extension 'ignore'
[0.468s] Level 1:colcon.colcon_core.package_identification:_identify(src/examples/rclpy/services/minimal_service) by extension 'ignore_ament_install'
[0.468s] Level 1:colcon.colcon_core.package_identification:_identify(src/examples/rclpy/services/minimal_service) by extensions ['colcon_pkg']
[0.469s] Level 1:colcon.colcon_core.package_identification:_identify(src/examples/rclpy/services/minimal_service) by extension 'colcon_pkg'
[0.469s] Level 1:colcon.colcon_core.package_identification:_identify(src/examples/rclpy/services/minimal_service) by extensions ['colcon_meta']
[0.469s] Level 1:colcon.colcon_core.package_identification:_identify(src/examples/rclpy/services/minimal_service) by extension 'colcon_meta'
[0.469s] Level 1:colcon.colcon_core.package_identification:_identify(src/examples/rclpy/services/minimal_service) by extensions ['ros']
[0.469s] Level 1:colcon.colcon_core.package_identification:_identify(src/examples/rclpy/services/minimal_service) by extension 'ros'
[0.470s] DEBUG:colcon.colcon_core.package_identification:Package 'src/examples/rclpy/services/minimal_service' with type 'ros.ament_python' and name 'examples_rclpy_minimal_service'
[0.470s] Level 1:colcon.colcon_core.package_identification:_identify(src/examples/rclpy/topics) by extensions ['ignore', 'ignore_ament_install']
[0.470s] Level 1:colcon.colcon_core.package_identification:_identify(src/examples/rclpy/topics) by extension 'ignore'
[0.470s] Level 1:colcon.colcon_core.package_identification:_identify(src/examples/rclpy/topics) by extension 'ignore_ament_install'
[0.470s] Level 1:colcon.colcon_core.package_identification:_identify(src/examples/rclpy/topics) by extensions ['colcon_pkg']
[0.470s] Level 1:colcon.colcon_core.package_identification:_identify(src/examples/rclpy/topics) by extension 'colcon_pkg'
[0.470s] Level 1:colcon.colcon_core.package_identification:_identify(src/examples/rclpy/topics) by extensions ['colcon_meta']
[0.470s] Level 1:colcon.colcon_core.package_identification:_identify(src/examples/rclpy/topics) by extension 'colcon_meta'
[0.470s] Level 1:colcon.colcon_core.package_identification:_identify(src/examples/rclpy/topics) by extensions ['ros']
[0.470s] Level 1:colcon.colcon_core.package_identification:_identify(src/examples/rclpy/topics) by extension 'ros'
[0.470s] Level 1:colcon.colcon_core.package_identification:_identify(src/examples/rclpy/topics) by extensions ['cmake', 'python']
[0.470s] Level 1:colcon.colcon_core.package_identification:_identify(src/examples/rclpy/topics) by extension 'cmake'
[0.471s] Level 1:colcon.colcon_core.package_identification:_identify(src/examples/rclpy/topics) by extension 'python'
[0.471s] Level 1:colcon.colcon_core.package_identification:_identify(src/examples/rclpy/topics) by extensions ['python_setup_py']
[0.471s] Level 1:colcon.colcon_core.package_identification:_identify(src/examples/rclpy/topics) by extension 'python_setup_py'
[0.471s] Level 1:colcon.colcon_core.package_identification:_identify(src/examples/rclpy/topics/minimal_publisher) by extensions ['ignore', 'ignore_ament_install']
[0.471s] Level 1:colcon.colcon_core.package_identification:_identify(src/examples/rclpy/topics/minimal_publisher) by extension 'ignore'
[0.471s] Level 1:colcon.colcon_core.package_identification:_identify(src/examples/rclpy/topics/minimal_publisher) by extension 'ignore_ament_install'
[0.471s] Level 1:colcon.colcon_core.package_identification:_identify(src/examples/rclpy/topics/minimal_publisher) by extensions ['colcon_pkg']
[0.471s] Level 1:colcon.colcon_core.package_identification:_identify(src/examples/rclpy/topics/minimal_publisher) by extension 'colcon_pkg'
[0.471s] Level 1:colcon.colcon_core.package_identification:_identify(src/examples/rclpy/topics/minimal_publisher) by extensions ['colcon_meta']
[0.471s] Level 1:colcon.colcon_core.package_identification:_identify(src/examples/rclpy/topics/minimal_publisher) by extension 'colcon_meta'
[0.471s] Level 1:colcon.colcon_core.package_identification:_identify(src/examples/rclpy/topics/minimal_publisher) by extensions ['ros']
[0.471s] Level 1:colcon.colcon_core.package_identification:_identify(src/examples/rclpy/topics/minimal_publisher) by extension 'ros'
[0.472s] DEBUG:colcon.colcon_core.package_identification:Package 'src/examples/rclpy/topics/minimal_publisher' with type 'ros.ament_python' and name 'examples_rclpy_minimal_publisher'
[0.473s] Level 1:colcon.colcon_core.package_identification:_identify(src/examples/rclpy/topics/minimal_subscriber) by extensions ['ignore', 'ignore_ament_install']
[0.473s] Level 1:colcon.colcon_core.package_identification:_identify(src/examples/rclpy/topics/minimal_subscriber) by extension 'ignore'
[0.473s] Level 1:colcon.colcon_core.package_identification:_identify(src/examples/rclpy/topics/minimal_subscriber) by extension 'ignore_ament_install'
[0.473s] Level 1:colcon.colcon_core.package_identification:_identify(src/examples/rclpy/topics/minimal_subscriber) by extensions ['colcon_pkg']
[0.473s] Level 1:colcon.colcon_core.package_identification:_identify(src/examples/rclpy/topics/minimal_subscriber) by extension 'colcon_pkg'
[0.473s] Level 1:colcon.colcon_core.package_identification:_identify(src/examples/rclpy/topics/minimal_subscriber) by extensions ['colcon_meta']
[0.473s] Level 1:colcon.colcon_core.package_identification:_identify(src/examples/rclpy/topics/minimal_subscriber) by extension 'colcon_meta'
[0.473s] Level 1:colcon.colcon_core.package_identification:_identify(src/examples/rclpy/topics/minimal_subscriber) by extensions ['ros']
[0.473s] Level 1:colcon.colcon_core.package_identification:_identify(src/examples/rclpy/topics/minimal_subscriber) by extension 'ros'
[0.474s] DEBUG:colcon.colcon_core.package_identification:Package 'src/examples/rclpy/topics/minimal_subscriber' with type 'ros.ament_python' and name 'examples_rclpy_minimal_subscriber'
[0.474s] Level 1:colcon.colcon_core.package_identification:_identify(src/examples/rclpy/topics/pointcloud_publisher) by extensions ['ignore', 'ignore_ament_install']
[0.474s] Level 1:colcon.colcon_core.package_identification:_identify(src/examples/rclpy/topics/pointcloud_publisher) by extension 'ignore'
[0.474s] Level 1:colcon.colcon_core.package_identification:_identify(src/examples/rclpy/topics/pointcloud_publisher) by extension 'ignore_ament_install'
[0.474s] Level 1:colcon.colcon_core.package_identification:_identify(src/examples/rclpy/topics/pointcloud_publisher) by extensions ['colcon_pkg']
[0.474s] Level 1:colcon.colcon_core.package_identification:_identify(src/examples/rclpy/topics/pointcloud_publisher) by extension 'colcon_pkg'
[0.474s] Level 1:colcon.colcon_core.package_identification:_identify(src/examples/rclpy/topics/pointcloud_publisher) by extensions ['colcon_meta']
[0.474s] Level 1:colcon.colcon_core.package_identification:_identify(src/examples/rclpy/topics/pointcloud_publisher) by extension 'colcon_meta'
[0.474s] Level 1:colcon.colcon_core.package_identification:_identify(src/examples/rclpy/topics/pointcloud_publisher) by extensions ['ros']
[0.475s] Level 1:colcon.colcon_core.package_identification:_identify(src/examples/rclpy/topics/pointcloud_publisher) by extension 'ros'
[0.476s] DEBUG:colcon.colcon_core.package_identification:Package 'src/examples/rclpy/topics/pointcloud_publisher' with type 'ros.ament_python' and name 'examples_rclpy_pointcloud_publisher'
[0.476s] Level 1:colcon.colcon_core.package_identification:_identify(src/tutorial_interfaces) by extensions ['ignore', 'ignore_ament_install']
[0.476s] Level 1:colcon.colcon_core.package_identification:_identify(src/tutorial_interfaces) by extension 'ignore'
[0.476s] Level 1:colcon.colcon_core.package_identification:_identify(src/tutorial_interfaces) by extension 'ignore_ament_install'
[0.476s] Level 1:colcon.colcon_core.package_identification:_identify(src/tutorial_interfaces) by extensions ['colcon_pkg']
[0.476s] Level 1:colcon.colcon_core.package_identification:_identify(src/tutorial_interfaces) by extension 'colcon_pkg'
[0.476s] Level 1:colcon.colcon_core.package_identification:_identify(src/tutorial_interfaces) by extensions ['colcon_meta']
[0.476s] Level 1:colcon.colcon_core.package_identification:_identify(src/tutorial_interfaces) by extension 'colcon_meta'
[0.476s] Level 1:colcon.colcon_core.package_identification:_identify(src/tutorial_interfaces) by extensions ['ros']
[0.476s] Level 1:colcon.colcon_core.package_identification:_identify(src/tutorial_interfaces) by extension 'ros'
[0.477s] DEBUG:colcon.colcon_core.package_identification:Package 'src/tutorial_interfaces' with type 'ros.ament_cmake' and name 'tutorial_interfaces'
[0.477s] Level 1:colcon.colcon_core.package_identification:_identify(venv) by extensions ['ignore', 'ignore_ament_install']
[0.477s] Level 1:colcon.colcon_core.package_identification:_identify(venv) by extension 'ignore'
[0.477s] Level 1:colcon.colcon_core.package_identification:_identify(venv) by extension 'ignore_ament_install'
[0.477s] Level 1:colcon.colcon_core.package_identification:_identify(venv) by extensions ['colcon_pkg']
[0.477s] Level 1:colcon.colcon_core.package_identification:_identify(venv) by extension 'colcon_pkg'
[0.477s] Level 1:colcon.colcon_core.package_identification:_identify(venv) by extensions ['colcon_meta']
[0.477s] Level 1:colcon.colcon_core.package_identification:_identify(venv) by extension 'colcon_meta'
[0.477s] Level 1:colcon.colcon_core.package_identification:_identify(venv) by extensions ['ros']
[0.477s] Level 1:colcon.colcon_core.package_identification:_identify(venv) by extension 'ros'
[0.478s] Level 1:colcon.colcon_core.package_identification:_identify(venv) by extensions ['cmake', 'python']
[0.478s] Level 1:colcon.colcon_core.package_identification:_identify(venv) by extension 'cmake'
[0.478s] Level 1:colcon.colcon_core.package_identification:_identify(venv) by extension 'python'
[0.478s] Level 1:colcon.colcon_core.package_identification:_identify(venv) by extensions ['python_setup_py']
[0.478s] Level 1:colcon.colcon_core.package_identification:_identify(venv) by extension 'python_setup_py'
[0.478s] Level 1:colcon.colcon_core.package_identification:_identify(venv/bin) by extensions ['ignore', 'ignore_ament_install']
[0.478s] Level 1:colcon.colcon_core.package_identification:_identify(venv/bin) by extension 'ignore'
[0.478s] Level 1:colcon.colcon_core.package_identification:_identify(venv/bin) by extension 'ignore_ament_install'
[0.478s] Level 1:colcon.colcon_core.package_identification:_identify(venv/bin) by extensions ['colcon_pkg']
[0.478s] Level 1:colcon.colcon_core.package_identification:_identify(venv/bin) by extension 'colcon_pkg'
[0.478s] Level 1:colcon.colcon_core.package_identification:_identify(venv/bin) by extensions ['colcon_meta']
[0.478s] Level 1:colcon.colcon_core.package_identification:_identify(venv/bin) by extension 'colcon_meta'
[0.478s] Level 1:colcon.colcon_core.package_identification:_identify(venv/bin) by extensions ['ros']
[0.478s] Level 1:colcon.colcon_core.package_identification:_identify(venv/bin) by extension 'ros'
[0.478s] Level 1:colcon.colcon_core.package_identification:_identify(venv/bin) by extensions ['cmake', 'python']
[0.479s] Level 1:colcon.colcon_core.package_identification:_identify(venv/bin) by extension 'cmake'
[0.479s] Level 1:colcon.colcon_core.package_identification:_identify(venv/bin) by extension 'python'
[0.479s] Level 1:colcon.colcon_core.package_identification:_identify(venv/bin) by extensions ['python_setup_py']
[0.479s] Level 1:colcon.colcon_core.package_identification:_identify(venv/bin) by extension 'python_setup_py'
[0.479s] Level 1:colcon.colcon_core.package_identification:_identify(venv/include) by extensions ['ignore', 'ignore_ament_install']
[0.479s] Level 1:colcon.colcon_core.package_identification:_identify(venv/include) by extension 'ignore'
[0.479s] Level 1:colcon.colcon_core.package_identification:_identify(venv/include) by extension 'ignore_ament_install'
[0.479s] Level 1:colcon.colcon_core.package_identification:_identify(venv/include) by extensions ['colcon_pkg']
[0.479s] Level 1:colcon.colcon_core.package_identification:_identify(venv/include) by extension 'colcon_pkg'
[0.479s] Level 1:colcon.colcon_core.package_identification:_identify(venv/include) by extensions ['colcon_meta']
[0.479s] Level 1:colcon.colcon_core.package_identification:_identify(venv/include) by extension 'colcon_meta'
[0.479s] Level 1:colcon.colcon_core.package_identification:_identify(venv/include) by extensions ['ros']
[0.479s] Level 1:colcon.colcon_core.package_identification:_identify(venv/include) by extension 'ros'
[0.479s] Level 1:colcon.colcon_core.package_identification:_identify(venv/include) by extensions ['cmake', 'python']
[0.479s] Level 1:colcon.colcon_core.package_identification:_identify(venv/include) by extension 'cmake'
[0.479s] Level 1:colcon.colcon_core.package_identification:_identify(venv/include) by extension 'python'
[0.479s] Level 1:colcon.colcon_core.package_identification:_identify(venv/include) by extensions ['python_setup_py']
[0.479s] Level 1:colcon.colcon_core.package_identification:_identify(venv/include) by extension 'python_setup_py'
[0.480s] Level 1:colcon.colcon_core.package_identification:_identify(venv/include/python3.12) by extensions ['ignore', 'ignore_ament_install']
[0.480s] Level 1:colcon.colcon_core.package_identification:_identify(venv/include/python3.12) by extension 'ignore'
[0.480s] Level 1:colcon.colcon_core.package_identification:_identify(venv/include/python3.12) by extension 'ignore_ament_install'
[0.480s] Level 1:colcon.colcon_core.package_identification:_identify(venv/include/python3.12) by extensions ['colcon_pkg']
[0.480s] Level 1:colcon.colcon_core.package_identification:_identify(venv/include/python3.12) by extension 'colcon_pkg'
[0.480s] Level 1:colcon.colcon_core.package_identification:_identify(venv/include/python3.12) by extensions ['colcon_meta']
[0.480s] Level 1:colcon.colcon_core.package_identification:_identify(venv/include/python3.12) by extension 'colcon_meta'
[0.480s] Level 1:colcon.colcon_core.package_identification:_identify(venv/include/python3.12) by extensions ['ros']
[0.480s] Level 1:colcon.colcon_core.package_identification:_identify(venv/include/python3.12) by extension 'ros'
[0.480s] Level 1:colcon.colcon_core.package_identification:_identify(venv/include/python3.12) by extensions ['cmake', 'python']
[0.480s] Level 1:colcon.colcon_core.package_identification:_identify(venv/include/python3.12) by extension 'cmake'
[0.480s] Level 1:colcon.colcon_core.package_identification:_identify(venv/include/python3.12) by extension 'python'
[0.480s] Level 1:colcon.colcon_core.package_identification:_identify(venv/include/python3.12) by extensions ['python_setup_py']
[0.480s] Level 1:colcon.colcon_core.package_identification:_identify(venv/include/python3.12) by extension 'python_setup_py'
[0.480s] Level 1:colcon.colcon_core.package_identification:_identify(venv/lib) by extensions ['ignore', 'ignore_ament_install']
[0.480s] Level 1:colcon.colcon_core.package_identification:_identify(venv/lib) by extension 'ignore'
[0.480s] Level 1:colcon.colcon_core.package_identification:_identify(venv/lib) by extension 'ignore_ament_install'
[0.481s] Level 1:colcon.colcon_core.package_identification:_identify(venv/lib) by extensions ['colcon_pkg']
[0.481s] Level 1:colcon.colcon_core.package_identification:_identify(venv/lib) by extension 'colcon_pkg'
[0.481s] Level 1:colcon.colcon_core.package_identification:_identify(venv/lib) by extensions ['colcon_meta']
[0.481s] Level 1:colcon.colcon_core.package_identification:_identify(venv/lib) by extension 'colcon_meta'
[0.481s] Level 1:colcon.colcon_core.package_identification:_identify(venv/lib) by extensions ['ros']
[0.481s] Level 1:colcon.colcon_core.package_identification:_identify(venv/lib) by extension 'ros'
[0.481s] Level 1:colcon.colcon_core.package_identification:_identify(venv/lib) by extensions ['cmake', 'python']
[0.481s] Level 1:colcon.colcon_core.package_identification:_identify(venv/lib) by extension 'cmake'
[0.481s] Level 1:colcon.colcon_core.package_identification:_identify(venv/lib) by extension 'python'
[0.481s] Level 1:colcon.colcon_core.package_identification:_identify(venv/lib) by extensions ['python_setup_py']
[0.481s] Level 1:colcon.colcon_core.package_identification:_identify(venv/lib) by extension 'python_setup_py'
[0.481s] Level 1:colcon.colcon_core.package_identification:_identify(venv/lib/python3.12) by extensions ['ignore', 'ignore_ament_install']
[0.481s] Level 1:colcon.colcon_core.package_identification:_identify(venv/lib/python3.12) by extension 'ignore'
[0.481s] Level 1:colcon.colcon_core.package_identification:_identify(venv/lib/python3.12) by extension 'ignore_ament_install'
[0.482s] Level 1:colcon.colcon_core.package_identification:_identify(venv/lib/python3.12) by extensions ['colcon_pkg']
[0.482s] Level 1:colcon.colcon_core.package_identification:_identify(venv/lib/python3.12) by extension 'colcon_pkg'
[0.482s] Level 1:colcon.colcon_core.package_identification:_identify(venv/lib/python3.12) by extensions ['colcon_meta']
[0.482s] Level 1:colcon.colcon_core.package_identification:_identify(venv/lib/python3.12) by extension 'colcon_meta'
[0.482s] Level 1:colcon.colcon_core.package_identification:_identify(venv/lib/python3.12) by extensions ['ros']
[0.482s] Level 1:colcon.colcon_core.package_identification:_identify(venv/lib/python3.12) by extension 'ros'
[0.482s] Level 1:colcon.colcon_core.package_identification:_identify(venv/lib/python3.12) by extensions ['cmake', 'python']
[0.482s] Level 1:colcon.colcon_core.package_identification:_identify(venv/lib/python3.12) by extension 'cmake'
[0.482s] Level 1:colcon.colcon_core.package_identification:_identify(venv/lib/python3.12) by extension 'python'
[0.482s] Level 1:colcon.colcon_core.package_identification:_identify(venv/lib/python3.12) by extensions ['python_setup_py']
[0.482s] Level 1:colcon.colcon_core.package_identification:_identify(venv/lib/python3.12) by extension 'python_setup_py'
[0.482s] Level 1:colcon.colcon_core.package_identification:_identify(venv/lib/python3.12/site-packages) by extensions ['ignore', 'ignore_ament_install']
[0.482s] Level 1:colcon.colcon_core.package_identification:_identify(venv/lib/python3.12/site-packages) by extension 'ignore'
[0.482s] Level 1:colcon.colcon_core.package_identification:_identify(venv/lib/python3.12/site-packages) by extension 'ignore_ament_install'
[0.482s] Level 1:colcon.colcon_core.package_identification:_identify(venv/lib/python3.12/site-packages) by extensions ['colcon_pkg']
[0.482s] Level 1:colcon.colcon_core.package_identification:_identify(venv/lib/python3.12/site-packages) by extension 'colcon_pkg'
[0.483s] Level 1:colcon.colcon_core.package_identification:_identify(venv/lib/python3.12/site-packages) by extensions ['colcon_meta']
[0.483s] Level 1:colcon.colcon_core.package_identification:_identify(venv/lib/python3.12/site-packages) by extension 'colcon_meta'
[0.483s] Level 1:colcon.colcon_core.package_identification:_identify(venv/lib/python3.12/site-packages) by extensions ['ros']
[0.483s] Level 1:colcon.colcon_core.package_identification:_identify(venv/lib/python3.12/site-packages) by extension 'ros'
[0.483s] Level 1:colcon.colcon_core.package_identification:_identify(venv/lib/python3.12/site-packages) by extensions ['cmake', 'python']
[0.483s] Level 1:colcon.colcon_core.package_identification:_identify(venv/lib/python3.12/site-packages) by extension 'cmake'
[0.483s] Level 1:colcon.colcon_core.package_identification:_identify(venv/lib/python3.12/site-packages) by extension 'python'
[0.483s] Level 1:colcon.colcon_core.package_identification:_identify(venv/lib/python3.12/site-packages) by extensions ['python_setup_py']
[0.483s] Level 1:colcon.colcon_core.package_identification:_identify(venv/lib/python3.12/site-packages) by extension 'python_setup_py'
[0.483s] Level 1:colcon.colcon_core.package_identification:_identify(venv/lib/python3.12/site-packages/_distutils_hack) by extensions ['ignore', 'ignore_ament_install']
[0.483s] Level 1:colcon.colcon_core.package_identification:_identify(venv/lib/python3.12/site-packages/_distutils_hack) by extension 'ignore'
[0.483s] Level 1:colcon.colcon_core.package_identification:_identify(venv/lib/python3.12/site-packages/_distutils_hack) by extension 'ignore_ament_install'
[0.484s] Level 1:colcon.colcon_core.package_identification:_identify(venv/lib/python3.12/site-packages/_distutils_hack) by extensions ['colcon_pkg']
[0.484s] Level 1:colcon.colcon_core.package_identification:_identify(venv/lib/python3.12/site-packages/_distutils_hack) by extension 'colcon_pkg'
[0.484s] Level 1:colcon.colcon_core.package_identification:_identify(venv/lib/python3.12/site-packages/_distutils_hack) by extensions ['colcon_meta']
[0.484s] Level 1:colcon.colcon_core.package_identification:_identify(venv/lib/python3.12/site-packages/_distutils_hack) by extension 'colcon_meta'
[0.484s] Level 1:colcon.colcon_core.package_identification:_identify(venv/lib/python3.12/site-packages/_distutils_hack) by extensions ['ros']
[0.484s] Level 1:colcon.colcon_core.package_identification:_identify(venv/lib/python3.12/site-packages/_distutils_hack) by extension 'ros'
[0.484s] Level 1:colcon.colcon_core.package_identification:_identify(venv/lib/python3.12/site-packages/_distutils_hack) by extensions ['cmake', 'python']
[0.484s] Level 1:colcon.colcon_core.package_identification:_identify(venv/lib/python3.12/site-packages/_distutils_hack) by extension 'cmake'
[0.484s] Level 1:colcon.colcon_core.package_identification:_identify(venv/lib/python3.12/site-packages/_distutils_hack) by extension 'python'
[0.484s] Level 1:colcon.colcon_core.package_identification:_identify(venv/lib/python3.12/site-packages/_distutils_hack) by extensions ['python_setup_py']
[0.484s] Level 1:colcon.colcon_core.package_identification:_identify(venv/lib/python3.12/site-packages/_distutils_hack) by extension 'python_setup_py'
[0.484s] Level 1:colcon.colcon_core.package_identification:_identify(venv/lib/python3.12/site-packages/_distutils_hack/__pycache__) by extensions ['ignore', 'ignore_ament_install']
[0.484s] Level 1:colcon.colcon_core.package_identification:_identify(venv/lib/python3.12/site-packages/_distutils_hack/__pycache__) by extension 'ignore'
[0.484s] Level 1:colcon.colcon_core.package_identification:_identify(venv/lib/python3.12/site-packages/_distutils_hack/__pycache__) by extension 'ignore_ament_install'
[0.484s] Level 1:colcon.colcon_core.package_identification:_identify(venv/lib/python3.12/site-packages/_distutils_hack/__pycache__) by extensions ['colcon_pkg']
[0.484s] Level 1:colcon.colcon_core.package_identification:_identify(venv/lib/python3.12/site-packages/_distutils_hack/__pycache__) by extension 'colcon_pkg'
[0.484s] Level 1:colcon.colcon_core.package_identification:_identify(venv/lib/python3.12/site-packages/_distutils_hack/__pycache__) by extensions ['colcon_meta']
[0.485s] Level 1:colcon.colcon_core.package_identification:_identify(venv/lib/python3.12/site-packages/_distutils_hack/__pycache__) by extension 'colcon_meta'
[0.485s] Level 1:colcon.colcon_core.package_identification:_identify(venv/lib/python3.12/site-packages/_distutils_hack/__pycache__) by extensions ['ros']
[0.485s] Level 1:colcon.colcon_core.package_identification:_identify(venv/lib/python3.12/site-packages/_distutils_hack/__pycache__) by extension 'ros'
[0.485s] Level 1:colcon.colcon_core.package_identification:_identify(venv/lib/python3.12/site-packages/_distutils_hack/__pycache__) by extensions ['cmake', 'python']
[0.485s] Level 1:colcon.colcon_core.package_identification:_identify(venv/lib/python3.12/site-packages/_distutils_hack/__pycache__) by extension 'cmake'
[0.485s] Level 1:colcon.colcon_core.package_identification:_identify(venv/lib/python3.12/site-packages/_distutils_hack/__pycache__) by extension 'python'
[0.485s] Level 1:colcon.colcon_core.package_identification:_identify(venv/lib/python3.12/site-packages/_distutils_hack/__pycache__) by extensions ['python_setup_py']
[0.485s] Level 1:colcon.colcon_core.package_identification:_identify(venv/lib/python3.12/site-packages/_distutils_hack/__pycache__) by extension 'python_setup_py'
[0.485s] Level 1:colcon.colcon_core.package_identification:_identify(venv/lib/python3.12/site-packages/basicmicro) by extensions ['ignore', 'ignore_ament_install']
[0.485s] Level 1:colcon.colcon_core.package_identification:_identify(venv/lib/python3.12/site-packages/basicmicro) by extension 'ignore'
[0.485s] Level 1:colcon.colcon_core.package_identification:_identify(venv/lib/python3.12/site-packages/basicmicro) by extension 'ignore_ament_install'
[0.485s] Level 1:colcon.colcon_core.package_identification:_identify(venv/lib/python3.12/site-packages/basicmicro) by extensions ['colcon_pkg']
[0.485s] Level 1:colcon.colcon_core.package_identification:_identify(venv/lib/python3.12/site-packages/basicmicro) by extension 'colcon_pkg'
[0.485s] Level 1:colcon.colcon_core.package_identification:_identify(venv/lib/python3.12/site-packages/basicmicro) by extensions ['colcon_meta']
[0.485s] Level 1:colcon.colcon_core.package_identification:_identify(venv/lib/python3.12/site-packages/basicmicro) by extension 'colcon_meta'
[0.485s] Level 1:colcon.colcon_core.package_identification:_identify(venv/lib/python3.12/site-packages/basicmicro) by extensions ['ros']
[0.485s] Level 1:colcon.colcon_core.package_identification:_identify(venv/lib/python3.12/site-packages/basicmicro) by extension 'ros'
[0.486s] Level 1:colcon.colcon_core.package_identification:_identify(venv/lib/python3.12/site-packages/basicmicro) by extensions ['cmake', 'python']
[0.486s] Level 1:colcon.colcon_core.package_identification:_identify(venv/lib/python3.12/site-packages/basicmicro) by extension 'cmake'
[0.486s] Level 1:colcon.colcon_core.package_identification:_identify(venv/lib/python3.12/site-packages/basicmicro) by extension 'python'
[0.486s] Level 1:colcon.colcon_core.package_identification:_identify(venv/lib/python3.12/site-packages/basicmicro) by extensions ['python_setup_py']
[0.486s] Level 1:colcon.colcon_core.package_identification:_identify(venv/lib/python3.12/site-packages/basicmicro) by extension 'python_setup_py'
[0.486s] Level 1:colcon.colcon_core.package_identification:_identify(venv/lib/python3.12/site-packages/basicmicro/__pycache__) by extensions ['ignore', 'ignore_ament_install']
[0.486s] Level 1:colcon.colcon_core.package_identification:_identify(venv/lib/python3.12/site-packages/basicmicro/__pycache__) by extension 'ignore'
[0.486s] Level 1:colcon.colcon_core.package_identification:_identify(venv/lib/python3.12/site-packages/basicmicro/__pycache__) by extension 'ignore_ament_install'
[0.486s] Level 1:colcon.colcon_core.package_identification:_identify(venv/lib/python3.12/site-packages/basicmicro/__pycache__) by extensions ['colcon_pkg']
[0.486s] Level 1:colcon.colcon_core.package_identification:_identify(venv/lib/python3.12/site-packages/basicmicro/__pycache__) by extension 'colcon_pkg'
[0.486s] Level 1:colcon.colcon_core.package_identification:_identify(venv/lib/python3.12/site-packages/basicmicro/__pycache__) by extensions ['colcon_meta']
[0.486s] Level 1:colcon.colcon_core.package_identification:_identify(venv/lib/python3.12/site-packages/basicmicro/__pycache__) by extension 'colcon_meta'
[0.486s] Level 1:colcon.colcon_core.package_identification:_identify(venv/lib/python3.12/site-packages/basicmicro/__pycache__) by extensions ['ros']
[0.486s] Level 1:colcon.colcon_core.package_identification:_identify(venv/lib/python3.12/site-packages/basicmicro/__pycache__) by extension 'ros'
[0.486s] Level 1:colcon.colcon_core.package_identification:_identify(venv/lib/python3.12/site-packages/basicmicro/__pycache__) by extensions ['cmake', 'python']
[0.487s] Level 1:colcon.colcon_core.package_identification:_identify(venv/lib/python3.12/site-packages/basicmicro/__pycache__) by extension 'cmake'
[0.487s] Level 1:colcon.colcon_core.package_identification:_identify(venv/lib/python3.12/site-packages/basicmicro/__pycache__) by extension 'python'
[0.487s] Level 1:colcon.colcon_core.package_identification:_identify(venv/lib/python3.12/site-packages/basicmicro/__pycache__) by extensions ['python_setup_py']
[0.487s] Level 1:colcon.colcon_core.package_identification:_identify(venv/lib/python3.12/site-packages/basicmicro/__pycache__) by extension 'python_setup_py'
[0.487s] Level 1:colcon.colcon_core.package_identification:_identify(venv/lib/python3.12/site-packages/basicmicro-2.0.10.dist-info) by extensions ['ignore', 'ignore_ament_install']
[0.487s] Level 1:colcon.colcon_core.package_identification:_identify(venv/lib/python3.12/site-packages/basicmicro-2.0.10.dist-info) by extension 'ignore'
[0.487s] Level 1:colcon.colcon_core.package_identification:_identify(venv/lib/python3.12/site-packages/basicmicro-2.0.10.dist-info) by extension 'ignore_ament_install'
[0.487s] Level 1:colcon.colcon_core.package_identification:_identify(venv/lib/python3.12/site-packages/basicmicro-2.0.10.dist-info) by extensions ['colcon_pkg']
[0.487s] Level 1:colcon.colcon_core.package_identification:_identify(venv/lib/python3.12/site-packages/basicmicro-2.0.10.dist-info) by extension 'colcon_pkg'
[0.487s] Level 1:colcon.colcon_core.package_identification:_identify(venv/lib/python3.12/site-packages/basicmicro-2.0.10.dist-info) by extensions ['colcon_meta']
[0.487s] Level 1:colcon.colcon_core.package_identification:_identify(venv/lib/python3.12/site-packages/basicmicro-2.0.10.dist-info) by extension 'colcon_meta'
[0.487s] Level 1:colcon.colcon_core.package_identification:_identify(venv/lib/python3.12/site-packages/basicmicro-2.0.10.dist-info) by extensions ['ros']
[0.487s] Level 1:colcon.colcon_core.package_identification:_identify(venv/lib/python3.12/site-packages/basicmicro-2.0.10.dist-info) by extension 'ros'
[0.487s] Level 1:colcon.colcon_core.package_identification:_identify(venv/lib/python3.12/site-packages/basicmicro-2.0.10.dist-info) by extensions ['cmake', 'python']
[0.488s] Level 1:colcon.colcon_core.package_identification:_identify(venv/lib/python3.12/site-packages/basicmicro-2.0.10.dist-info) by extension 'cmake'
[0.488s] Level 1:colcon.colcon_core.package_identification:_identify(venv/lib/python3.12/site-packages/basicmicro-2.0.10.dist-info) by extension 'python'
[0.488s] Level 1:colcon.colcon_core.package_identification:_identify(venv/lib/python3.12/site-packages/basicmicro-2.0.10.dist-info) by extensions ['python_setup_py']
[0.488s] Level 1:colcon.colcon_core.package_identification:_identify(venv/lib/python3.12/site-packages/basicmicro-2.0.10.dist-info) by extension 'python_setup_py'
[0.488s] Level 1:colcon.colcon_core.package_identification:_identify(venv/lib/python3.12/site-packages/basicmicro-2.0.10.dist-info/licenses) by extensions ['ignore', 'ignore_ament_install']
[0.488s] Level 1:colcon.colcon_core.package_identification:_identify(venv/lib/python3.12/site-packages/basicmicro-2.0.10.dist-info/licenses) by extension 'ignore'
[0.488s] Level 1:colcon.colcon_core.package_identification:_identify(venv/lib/python3.12/site-packages/basicmicro-2.0.10.dist-info/licenses) by extension 'ignore_ament_install'
[0.488s] Level 1:colcon.colcon_core.package_identification:_identify(venv/lib/python3.12/site-packages/basicmicro-2.0.10.dist-info/licenses) by extensions ['colcon_pkg']
[0.488s] Level 1:colcon.colcon_core.package_identification:_identify(venv/lib/python3.12/site-packages/basicmicro-2.0.10.dist-info/licenses) by extension 'colcon_pkg'
[0.488s] Level 1:colcon.colcon_core.package_identification:_identify(venv/lib/python3.12/site-packages/basicmicro-2.0.10.dist-info/licenses) by extensions ['colcon_meta']
[0.488s] Level 1:colcon.colcon_core.package_identification:_identify(venv/lib/python3.12/site-packages/basicmicro-2.0.10.dist-info/licenses) by extension 'colcon_meta'
[0.488s] Level 1:colcon.colcon_core.package_identification:_identify(venv/lib/python3.12/site-packages/basicmicro-2.0.10.dist-info/licenses) by extensions ['ros']
[0.488s] Level 1:colcon.colcon_core.package_identification:_identify(venv/lib/python3.12/site-packages/basicmicro-2.0.10.dist-info/licenses) by extension 'ros'
[0.488s] Level 1:colcon.colcon_core.package_identification:_identify(venv/lib/python3.12/site-packages/basicmicro-2.0.10.dist-info/licenses) by extensions ['cmake', 'python']
[0.488s] Level 1:colcon.colcon_core.package_identification:_identify(venv/lib/python3.12/site-packages/basicmicro-2.0.10.dist-info/licenses) by extension 'cmake'
[0.489s] Level 1:colcon.colcon_core.package_identification:_identify(venv/lib/python3.12/site-packages/basicmicro-2.0.10.dist-info/licenses) by extension 'python'
[0.489s] Level 1:colcon.colcon_core.package_identification:_identify(venv/lib/python3.12/site-packages/basicmicro-2.0.10.dist-info/licenses) by extensions ['python_setup_py']
[0.489s] Level 1:colcon.colcon_core.package_identification:_identify(venv/lib/python3.12/site-packages/basicmicro-2.0.10.dist-info/licenses) by extension 'python_setup_py'
[0.489s] Level 1:colcon.colcon_core.package_identification:_identify(venv/lib/python3.12/site-packages/catkin_pkg) by extensions ['ignore', 'ignore_ament_install']
[0.489s] Level 1:colcon.colcon_core.package_identification:_identify(venv/lib/python3.12/site-packages/catkin_pkg) by extension 'ignore'
[0.489s] Level 1:colcon.colcon_core.package_identification:_identify(venv/lib/python3.12/site-packages/catkin_pkg) by extension 'ignore_ament_install'
[0.489s] Level 1:colcon.colcon_core.package_identification:_identify(venv/lib/python3.12/site-packages/catkin_pkg) by extensions ['colcon_pkg']
[0.489s] Level 1:colcon.colcon_core.package_identification:_identify(venv/lib/python3.12/site-packages/catkin_pkg) by extension 'colcon_pkg'
[0.489s] Level 1:colcon.colcon_core.package_identification:_identify(venv/lib/python3.12/site-packages/catkin_pkg) by extensions ['colcon_meta']
[0.489s] Level 1:colcon.colcon_core.package_identification:_identify(venv/lib/python3.12/site-packages/catkin_pkg) by extension 'colcon_meta'
[0.489s] Level 1:colcon.colcon_core.package_identification:_identify(venv/lib/python3.12/site-packages/catkin_pkg) by extensions ['ros']
[0.489s] Level 1:colcon.colcon_core.package_identification:_identify(venv/lib/python3.12/site-packages/catkin_pkg) by extension 'ros'
[0.489s] Level 1:colcon.colcon_core.package_identification:_identify(venv/lib/python3.12/site-packages/catkin_pkg) by extensions ['cmake', 'python']
[0.489s] Level 1:colcon.colcon_core.package_identification:_identify(venv/lib/python3.12/site-packages/catkin_pkg) by extension 'cmake'
[0.490s] Level 1:colcon.colcon_core.package_identification:_identify(venv/lib/python3.12/site-packages/catkin_pkg) by extension 'python'
[0.490s] Level 1:colcon.colcon_core.package_identification:_identify(venv/lib/python3.12/site-packages/catkin_pkg) by extensions ['python_setup_py']
[0.490s] Level 1:colcon.colcon_core.package_identification:_identify(venv/lib/python3.12/site-packages/catkin_pkg) by extension 'python_setup_py'
[0.490s] Level 1:colcon.colcon_core.package_identification:_identify(venv/lib/python3.12/site-packages/catkin_pkg/__pycache__) by extensions ['ignore', 'ignore_ament_install']
[0.490s] Level 1:colcon.colcon_core.package_identification:_identify(venv/lib/python3.12/site-packages/catkin_pkg/__pycache__) by extension 'ignore'
[0.490s] Level 1:colcon.colcon_core.package_identification:_identify(venv/lib/python3.12/site-packages/catkin_pkg/__pycache__) by extension 'ignore_ament_install'
[0.490s] Level 1:colcon.colcon_core.package_identification:_identify(venv/lib/python3.12/site-packages/catkin_pkg/__pycache__) by extensions ['colcon_pkg']
[0.490s] Level 1:colcon.colcon_core.package_identification:_identify(venv/lib/python3.12/site-packages/catkin_pkg/__pycache__) by extension 'colcon_pkg'
[0.490s] Level 1:colcon.colcon_core.package_identification:_identify(venv/lib/python3.12/site-packages/catkin_pkg/__pycache__) by extensions ['colcon_meta']
[0.490s] Level 1:colcon.colcon_core.package_identification:_identify(venv/lib/python3.12/site-packages/catkin_pkg/__pycache__) by extension 'colcon_meta'
[0.490s] Level 1:colcon.colcon_core.package_identification:_identify(venv/lib/python3.12/site-packages/catkin_pkg/__pycache__) by extensions ['ros']
[0.490s] Level 1:colcon.colcon_core.package_identification:_identify(venv/lib/python3.12/site-packages/catkin_pkg/__pycache__) by extension 'ros'
[0.490s] Level 1:colcon.colcon_core.package_identification:_identify(venv/lib/python3.12/site-packages/catkin_pkg/__pycache__) by extensions ['cmake', 'python']
[0.490s] Level 1:colcon.colcon_core.package_identification:_identify(venv/lib/python3.12/site-packages/catkin_pkg/__pycache__) by extension 'cmake'
[0.490s] Level 1:colcon.colcon_core.package_identification:_identify(venv/lib/python3.12/site-packages/catkin_pkg/__pycache__) by extension 'python'
[0.490s] Level 1:colcon.colcon_core.package_identification:_identify(venv/lib/python3.12/site-packages/catkin_pkg/__pycache__) by extensions ['python_setup_py']
[0.491s] Level 1:colcon.colcon_core.package_identification:_identify(venv/lib/python3.12/site-packages/catkin_pkg/__pycache__) by extension 'python_setup_py'
[0.491s] Level 1:colcon.colcon_core.package_identification:_identify(venv/lib/python3.12/site-packages/catkin_pkg/cli) by extensions ['ignore', 'ignore_ament_install']
[0.491s] Level 1:colcon.colcon_core.package_identification:_identify(venv/lib/python3.12/site-packages/catkin_pkg/cli) by extension 'ignore'
[0.491s] Level 1:colcon.colcon_core.package_identification:_identify(venv/lib/python3.12/site-packages/catkin_pkg/cli) by extension 'ignore_ament_install'
[0.491s] Level 1:colcon.colcon_core.package_identification:_identify(venv/lib/python3.12/site-packages/catkin_pkg/cli) by extensions ['colcon_pkg']
[0.491s] Level 1:colcon.colcon_core.package_identification:_identify(venv/lib/python3.12/site-packages/catkin_pkg/cli) by extension 'colcon_pkg'
[0.491s] Level 1:colcon.colcon_core.package_identification:_identify(venv/lib/python3.12/site-packages/catkin_pkg/cli) by extensions ['colcon_meta']
[0.491s] Level 1:colcon.colcon_core.package_identification:_identify(venv/lib/python3.12/site-packages/catkin_pkg/cli) by extension 'colcon_meta'
[0.491s] Level 1:colcon.colcon_core.package_identification:_identify(venv/lib/python3.12/site-packages/catkin_pkg/cli) by extensions ['ros']
[0.491s] Level 1:colcon.colcon_core.package_identification:_identify(venv/lib/python3.12/site-packages/catkin_pkg/cli) by extension 'ros'
[0.491s] Level 1:colcon.colcon_core.package_identification:_identify(venv/lib/python3.12/site-packages/catkin_pkg/cli) by extensions ['cmake', 'python']
[0.491s] Level 1:colcon.colcon_core.package_identification:_identify(venv/lib/python3.12/site-packages/catkin_pkg/cli) by extension 'cmake'
[0.491s] Level 1:colcon.colcon_core.package_identification:_identify(venv/lib/python3.12/site-packages/catkin_pkg/cli) by extension 'python'
[0.491s] Level 1:colcon.colcon_core.package_identification:_identify(venv/lib/python3.12/site-packages/catkin_pkg/cli) by extensions ['python_setup_py']
[0.491s] Level 1:colcon.colcon_core.package_identification:_identify(venv/lib/python3.12/site-packages/catkin_pkg/cli) by extension 'python_setup_py'
[0.491s] Level 1:colcon.colcon_core.package_identification:_identify(venv/lib/python3.12/site-packages/catkin_pkg/cli/__pycache__) by extensions ['ignore', 'ignore_ament_install']
[0.492s] Level 1:colcon.colcon_core.package_identification:_identify(venv/lib/python3.12/site-packages/catkin_pkg/cli/__pycache__) by extension 'ignore'
[0.492s] Level 1:colcon.colcon_core.package_identification:_identify(venv/lib/python3.12/site-packages/catkin_pkg/cli/__pycache__) by extension 'ignore_ament_install'
[0.492s] Level 1:colcon.colcon_core.package_identification:_identify(venv/lib/python3.12/site-packages/catkin_pkg/cli/__pycache__) by extensions ['colcon_pkg']
[0.492s] Level 1:colcon.colcon_core.package_identification:_identify(venv/lib/python3.12/site-packages/catkin_pkg/cli/__pycache__) by extension 'colcon_pkg'
[0.492s] Level 1:colcon.colcon_core.package_identification:_identify(venv/lib/python3.12/site-packages/catkin_pkg/cli/__pycache__) by extensions ['colcon_meta']
[0.492s] Level 1:colcon.colcon_core.package_identification:_identify(venv/lib/python3.12/site-packages/catkin_pkg/cli/__pycache__) by extension 'colcon_meta'
[0.492s] Level 1:colcon.colcon_core.package_identification:_identify(venv/lib/python3.12/site-packages/catkin_pkg/cli/__pycache__) by extensions ['ros']
[0.492s] Level 1:colcon.colcon_core.package_identification:_identify(venv/lib/python3.12/site-packages/catkin_pkg/cli/__pycache__) by extension 'ros'
[0.492s] Level 1:colcon.colcon_core.package_identification:_identify(venv/lib/python3.12/site-packages/catkin_pkg/cli/__pycache__) by extensions ['cmake', 'python']
[0.492s] Level 1:colcon.colcon_core.package_identification:_identify(venv/lib/python3.12/site-packages/catkin_pkg/cli/__pycache__) by extension 'cmake'
[0.492s] Level 1:colcon.colcon_core.package_identification:_identify(venv/lib/python3.12/site-packages/catkin_pkg/cli/__pycache__) by extension 'python'
[0.492s] Level 1:colcon.colcon_core.package_identification:_identify(venv/lib/python3.12/site-packages/catkin_pkg/cli/__pycache__) by extensions ['python_setup_py']
[0.492s] Level 1:colcon.colcon_core.package_identification:_identify(venv/lib/python3.12/site-packages/catkin_pkg/cli/__pycache__) by extension 'python_setup_py'
[0.492s] Level 1:colcon.colcon_core.package_identification:_identify(venv/lib/python3.12/site-packages/catkin_pkg/templates) by extensions ['ignore', 'ignore_ament_install']
[0.492s] Level 1:colcon.colcon_core.package_identification:_identify(venv/lib/python3.12/site-packages/catkin_pkg/templates) by extension 'ignore'
[0.493s] Level 1:colcon.colcon_core.package_identification:_identify(venv/lib/python3.12/site-packages/catkin_pkg/templates) by extension 'ignore_ament_install'
[0.493s] Level 1:colcon.colcon_core.package_identification:_identify(venv/lib/python3.12/site-packages/catkin_pkg/templates) by extensions ['colcon_pkg']
[0.493s] Level 1:colcon.colcon_core.package_identification:_identify(venv/lib/python3.12/site-packages/catkin_pkg/templates) by extension 'colcon_pkg'
[0.493s] Level 1:colcon.colcon_core.package_identification:_identify(venv/lib/python3.12/site-packages/catkin_pkg/templates) by extensions ['colcon_meta']
[0.493s] Level 1:colcon.colcon_core.package_identification:_identify(venv/lib/python3.12/site-packages/catkin_pkg/templates) by extension 'colcon_meta'
[0.493s] Level 1:colcon.colcon_core.package_identification:_identify(venv/lib/python3.12/site-packages/catkin_pkg/templates) by extensions ['ros']
[0.493s] Level 1:colcon.colcon_core.package_identification:_identify(venv/lib/python3.12/site-packages/catkin_pkg/templates) by extension 'ros'
[0.493s] Level 1:colcon.colcon_core.package_identification:_identify(venv/lib/python3.12/site-packages/catkin_pkg/templates) by extensions ['cmake', 'python']
[0.493s] Level 1:colcon.colcon_core.package_identification:_identify(venv/lib/python3.12/site-packages/catkin_pkg/templates) by extension 'cmake'
[0.493s] Level 1:colcon.colcon_core.package_identification:_identify(venv/lib/python3.12/site-packages/catkin_pkg/templates) by extension 'python'
[0.493s] Level 1:colcon.colcon_core.package_identification:_identify(venv/lib/python3.12/site-packages/catkin_pkg/templates) by extensions ['python_setup_py']
[0.493s] Level 1:colcon.colcon_core.package_identification:_identify(venv/lib/python3.12/site-packages/catkin_pkg/templates) by extension 'python_setup_py'
[0.493s] Level 1:colcon.colcon_core.package_identification:_identify(venv/lib/python3.12/site-packages/catkin_pkg-1.1.0.dist-info) by extensions ['ignore', 'ignore_ament_install']
[0.493s] Level 1:colcon.colcon_core.package_identification:_identify(venv/lib/python3.12/site-packages/catkin_pkg-1.1.0.dist-info) by extension 'ignore'
[0.493s] Level 1:colcon.colcon_core.package_identification:_identify(venv/lib/python3.12/site-packages/catkin_pkg-1.1.0.dist-info) by extension 'ignore_ament_install'
[0.493s] Level 1:colcon.colcon_core.package_identification:_identify(venv/lib/python3.12/site-packages/catkin_pkg-1.1.0.dist-info) by extensions ['colcon_pkg']
[0.493s] Level 1:colcon.colcon_core.package_identification:_identify(venv/lib/python3.12/site-packages/catkin_pkg-1.1.0.dist-info) by extension 'colcon_pkg'
[0.493s] Level 1:colcon.colcon_core.package_identification:_identify(venv/lib/python3.12/site-packages/catkin_pkg-1.1.0.dist-info) by extensions ['colcon_meta']
[0.494s] Level 1:colcon.colcon_core.package_identification:_identify(venv/lib/python3.12/site-packages/catkin_pkg-1.1.0.dist-info) by extension 'colcon_meta'
[0.494s] Level 1:colcon.colcon_core.package_identification:_identify(venv/lib/python3.12/site-packages/catkin_pkg-1.1.0.dist-info) by extensions ['ros']
[0.494s] Level 1:colcon.colcon_core.package_identification:_identify(venv/lib/python3.12/site-packages/catkin_pkg-1.1.0.dist-info) by extension 'ros'
[0.494s] Level 1:colcon.colcon_core.package_identification:_identify(venv/lib/python3.12/site-packages/catkin_pkg-1.1.0.dist-info) by extensions ['cmake', 'python']
[0.494s] Level 1:colcon.colcon_core.package_identification:_identify(venv/lib/python3.12/site-packages/catkin_pkg-1.1.0.dist-info) by extension 'cmake'
[0.494s] Level 1:colcon.colcon_core.package_identification:_identify(venv/lib/python3.12/site-packages/catkin_pkg-1.1.0.dist-info) by extension 'python'
[0.494s] Level 1:colcon.colcon_core.package_identification:_identify(venv/lib/python3.12/site-packages/catkin_pkg-1.1.0.dist-info) by extensions ['python_setup_py']
[0.494s] Level 1:colcon.colcon_core.package_identification:_identify(venv/lib/python3.12/site-packages/catkin_pkg-1.1.0.dist-info) by extension 'python_setup_py'
[0.494s] Level 1:colcon.colcon_core.package_identification:_identify(venv/lib/python3.12/site-packages/lark) by extensions ['ignore', 'ignore_ament_install']
[0.494s] Level 1:colcon.colcon_core.package_identification:_identify(venv/lib/python3.12/site-packages/lark) by extension 'ignore'
[0.494s] Level 1:colcon.colcon_core.package_identification:_identify(venv/lib/python3.12/site-packages/lark) by extension 'ignore_ament_install'
[0.494s] Level 1:colcon.colcon_core.package_identification:_identify(venv/lib/python3.12/site-packages/lark) by extensions ['colcon_pkg']
[0.494s] Level 1:colcon.colcon_core.package_identification:_identify(venv/lib/python3.12/site-packages/lark) by extension 'colcon_pkg'
[0.494s] Level 1:colcon.colcon_core.package_identification:_identify(venv/lib/python3.12/site-packages/lark) by extensions ['colcon_meta']
[0.494s] Level 1:colcon.colcon_core.package_identification:_identify(venv/lib/python3.12/site-packages/lark) by extension 'colcon_meta'
[0.494s] Level 1:colcon.colcon_core.package_identification:_identify(venv/lib/python3.12/site-packages/lark) by extensions ['ros']
[0.494s] Level 1:colcon.colcon_core.package_identification:_identify(venv/lib/python3.12/site-packages/lark) by extension 'ros'
[0.495s] Level 1:colcon.colcon_core.package_identification:_identify(venv/lib/python3.12/site-packages/lark) by extensions ['cmake', 'python']
[0.495s] Level 1:colcon.colcon_core.package_identification:_identify(venv/lib/python3.12/site-packages/lark) by extension 'cmake'
[0.495s] Level 1:colcon.colcon_core.package_identification:_identify(venv/lib/python3.12/site-packages/lark) by extension 'python'
[0.495s] Level 1:colcon.colcon_core.package_identification:_identify(venv/lib/python3.12/site-packages/lark) by extensions ['python_setup_py']
[0.495s] Level 1:colcon.colcon_core.package_identification:_identify(venv/lib/python3.12/site-packages/lark) by extension 'python_setup_py'
[0.495s] Level 1:colcon.colcon_core.package_identification:_identify(venv/lib/python3.12/site-packages/lark/__pycache__) by extensions ['ignore', 'ignore_ament_install']
[0.495s] Level 1:colcon.colcon_core.package_identification:_identify(venv/lib/python3.12/site-packages/lark/__pycache__) by extension 'ignore'
[0.495s] Level 1:colcon.colcon_core.package_identification:_identify(venv/lib/python3.12/site-packages/lark/__pycache__) by extension 'ignore_ament_install'
[0.495s] Level 1:colcon.colcon_core.package_identification:_identify(venv/lib/python3.12/site-packages/lark/__pycache__) by extensions ['colcon_pkg']
[0.495s] Level 1:colcon.colcon_core.package_identification:_identify(venv/lib/python3.12/site-packages/lark/__pycache__) by extension 'colcon_pkg'
[0.495s] Level 1:colcon.colcon_core.package_identification:_identify(venv/lib/python3.12/site-packages/lark/__pycache__) by extensions ['colcon_meta']
[0.495s] Level 1:colcon.colcon_core.package_identification:_identify(venv/lib/python3.12/site-packages/lark/__pycache__) by extension 'colcon_meta'
[0.495s] Level 1:colcon.colcon_core.package_identification:_identify(venv/lib/python3.12/site-packages/lark/__pycache__) by extensions ['ros']
[0.495s] Level 1:colcon.colcon_core.package_identification:_identify(venv/lib/python3.12/site-packages/lark/__pycache__) by extension 'ros'
[0.495s] Level 1:colcon.colcon_core.package_identification:_identify(venv/lib/python3.12/site-packages/lark/__pycache__) by extensions ['cmake', 'python']
[0.495s] Level 1:colcon.colcon_core.package_identification:_identify(venv/lib/python3.12/site-packages/lark/__pycache__) by extension 'cmake'
[0.495s] Level 1:colcon.colcon_core.package_identification:_identify(venv/lib/python3.12/site-packages/lark/__pycache__) by extension 'python'
[0.496s] Level 1:colcon.colcon_core.package_identification:_identify(venv/lib/python3.12/site-packages/lark/__pycache__) by extensions ['python_setup_py']
[0.496s] Level 1:colcon.colcon_core.package_identification:_identify(venv/lib/python3.12/site-packages/lark/__pycache__) by extension 'python_setup_py'
[0.496s] Level 1:colcon.colcon_core.package_identification:_identify(venv/lib/python3.12/site-packages/lark/__pyinstaller) by extensions ['ignore', 'ignore_ament_install']
[0.496s] Level 1:colcon.colcon_core.package_identification:_identify(venv/lib/python3.12/site-packages/lark/__pyinstaller) by extension 'ignore'
[0.496s] Level 1:colcon.colcon_core.package_identification:_identify(venv/lib/python3.12/site-packages/lark/__pyinstaller) by extension 'ignore_ament_install'
[0.496s] Level 1:colcon.colcon_core.package_identification:_identify(venv/lib/python3.12/site-packages/lark/__pyinstaller) by extensions ['colcon_pkg']
[0.496s] Level 1:colcon.colcon_core.package_identification:_identify(venv/lib/python3.12/site-packages/lark/__pyinstaller) by extension 'colcon_pkg'
[0.496s] Level 1:colcon.colcon_core.package_identification:_identify(venv/lib/python3.12/site-packages/lark/__pyinstaller) by extensions ['colcon_meta']
[0.496s] Level 1:colcon.colcon_core.package_identification:_identify(venv/lib/python3.12/site-packages/lark/__pyinstaller) by extension 'colcon_meta'
[0.496s] Level 1:colcon.colcon_core.package_identification:_identify(venv/lib/python3.12/site-packages/lark/__pyinstaller) by extensions ['ros']
[0.496s] Level 1:colcon.colcon_core.package_identification:_identify(venv/lib/python3.12/site-packages/lark/__pyinstaller) by extension 'ros'
[0.496s] Level 1:colcon.colcon_core.package_identification:_identify(venv/lib/python3.12/site-packages/lark/__pyinstaller) by extensions ['cmake', 'python']
[0.496s] Level 1:colcon.colcon_core.package_identification:_identify(venv/lib/python3.12/site-packages/lark/__pyinstaller) by extension 'cmake'
[0.496s] Level 1:colcon.colcon_core.package_identification:_identify(venv/lib/python3.12/site-packages/lark/__pyinstaller) by extension 'python'
[0.496s] Level 1:colcon.colcon_core.package_identification:_identify(venv/lib/python3.12/site-packages/lark/__pyinstaller) by extensions ['python_setup_py']
[0.496s] Level 1:colcon.colcon_core.package_identification:_identify(venv/lib/python3.12/site-packages/lark/__pyinstaller) by extension 'python_setup_py'
[0.496s] Level 1:colcon.colcon_core.package_identification:_identify(venv/lib/python3.12/site-packages/lark/__pyinstaller/__pycache__) by extensions ['ignore', 'ignore_ament_install']
[0.497s] Level 1:colcon.colcon_core.package_identification:_identify(venv/lib/python3.12/site-packages/lark/__pyinstaller/__pycache__) by extension 'ignore'
[0.497s] Level 1:colcon.colcon_core.package_identification:_identify(venv/lib/python3.12/site-packages/lark/__pyinstaller/__pycache__) by extension 'ignore_ament_install'
[0.497s] Level 1:colcon.colcon_core.package_identification:_identify(venv/lib/python3.12/site-packages/lark/__pyinstaller/__pycache__) by extensions ['colcon_pkg']
[0.497s] Level 1:colcon.colcon_core.package_identification:_identify(venv/lib/python3.12/site-packages/lark/__pyinstaller/__pycache__) by extension 'colcon_pkg'
[0.497s] Level 1:colcon.colcon_core.package_identification:_identify(venv/lib/python3.12/site-packages/lark/__pyinstaller/__pycache__) by extensions ['colcon_meta']
[0.497s] Level 1:colcon.colcon_core.package_identification:_identify(venv/lib/python3.12/site-packages/lark/__pyinstaller/__pycache__) by extension 'colcon_meta'
[0.497s] Level 1:colcon.colcon_core.package_identification:_identify(venv/lib/python3.12/site-packages/lark/__pyinstaller/__pycache__) by extensions ['ros']
[0.497s] Level 1:colcon.colcon_core.package_identification:_identify(venv/lib/python3.12/site-packages/lark/__pyinstaller/__pycache__) by extension 'ros'
[0.497s] Level 1:colcon.colcon_core.package_identification:_identify(venv/lib/python3.12/site-packages/lark/__pyinstaller/__pycache__) by extensions ['cmake', 'python']
[0.497s] Level 1:colcon.colcon_core.package_identification:_identify(venv/lib/python3.12/site-packages/lark/__pyinstaller/__pycache__) by extension 'cmake'
[0.497s] Level 1:colcon.colcon_core.package_identification:_identify(venv/lib/python3.12/site-packages/lark/__pyinstaller/__pycache__) by extension 'python'
[0.497s] Level 1:colcon.colcon_core.package_identification:_identify(venv/lib/python3.12/site-packages/lark/__pyinstaller/__pycache__) by extensions ['python_setup_py']
[0.497s] Level 1:colcon.colcon_core.package_identification:_identify(venv/lib/python3.12/site-packages/lark/__pyinstaller/__pycache__) by extension 'python_setup_py'
[0.497s] Level 1:colcon.colcon_core.package_identification:_identify(venv/lib/python3.12/site-packages/lark/grammars) by extensions ['ignore', 'ignore_ament_install']
[0.497s] Level 1:colcon.colcon_core.package_identification:_identify(venv/lib/python3.12/site-packages/lark/grammars) by extension 'ignore'
[0.497s] Level 1:colcon.colcon_core.package_identification:_identify(venv/lib/python3.12/site-packages/lark/grammars) by extension 'ignore_ament_install'
[0.498s] Level 1:colcon.colcon_core.package_identification:_identify(venv/lib/python3.12/site-packages/lark/grammars) by extensions ['colcon_pkg']
[0.498s] Level 1:colcon.colcon_core.package_identification:_identify(venv/lib/python3.12/site-packages/lark/grammars) by extension 'colcon_pkg'
[0.498s] Level 1:colcon.colcon_core.package_identification:_identify(venv/lib/python3.12/site-packages/lark/grammars) by extensions ['colcon_meta']
[0.498s] Level 1:colcon.colcon_core.package_identification:_identify(venv/lib/python3.12/site-packages/lark/grammars) by extension 'colcon_meta'
[0.498s] Level 1:colcon.colcon_core.package_identification:_identify(venv/lib/python3.12/site-packages/lark/grammars) by extensions ['ros']
[0.498s] Level 1:colcon.colcon_core.package_identification:_identify(venv/lib/python3.12/site-packages/lark/grammars) by extension 'ros'
[0.498s] Level 1:colcon.colcon_core.package_identification:_identify(venv/lib/python3.12/site-packages/lark/grammars) by extensions ['cmake', 'python']
[0.498s] Level 1:colcon.colcon_core.package_identification:_identify(venv/lib/python3.12/site-packages/lark/grammars) by extension 'cmake'
[0.498s] Level 1:colcon.colcon_core.package_identification:_identify(venv/lib/python3.12/site-packages/lark/grammars) by extension 'python'
[0.498s] Level 1:colcon.colcon_core.package_identification:_identify(venv/lib/python3.12/site-packages/lark/grammars) by extensions ['python_setup_py']
[0.498s] Level 1:colcon.colcon_core.package_identification:_identify(venv/lib/python3.12/site-packages/lark/grammars) by extension 'python_setup_py'
[0.498s] Level 1:colcon.colcon_core.package_identification:_identify(venv/lib/python3.12/site-packages/lark/parsers) by extensions ['ignore', 'ignore_ament_install']
[0.498s] Level 1:colcon.colcon_core.package_identification:_identify(venv/lib/python3.12/site-packages/lark/parsers) by extension 'ignore'
[0.498s] Level 1:colcon.colcon_core.package_identification:_identify(venv/lib/python3.12/site-packages/lark/parsers) by extension 'ignore_ament_install'
[0.498s] Level 1:colcon.colcon_core.package_identification:_identify(venv/lib/python3.12/site-packages/lark/parsers) by extensions ['colcon_pkg']
[0.498s] Level 1:colcon.colcon_core.package_identification:_identify(venv/lib/python3.12/site-packages/lark/parsers) by extension 'colcon_pkg'
[0.498s] Level 1:colcon.colcon_core.package_identification:_identify(venv/lib/python3.12/site-packages/lark/parsers) by extensions ['colcon_meta']
[0.498s] Level 1:colcon.colcon_core.package_identification:_identify(venv/lib/python3.12/site-packages/lark/parsers) by extension 'colcon_meta'
[0.499s] Level 1:colcon.colcon_core.package_identification:_identify(venv/lib/python3.12/site-packages/lark/parsers) by extensions ['ros']
[0.499s] Level 1:colcon.colcon_core.package_identification:_identify(venv/lib/python3.12/site-packages/lark/parsers) by extension 'ros'
[0.499s] Level 1:colcon.colcon_core.package_identification:_identify(venv/lib/python3.12/site-packages/lark/parsers) by extensions ['cmake', 'python']
[0.499s] Level 1:colcon.colcon_core.package_identification:_identify(venv/lib/python3.12/site-packages/lark/parsers) by extension 'cmake'
[0.499s] Level 1:colcon.colcon_core.package_identification:_identify(venv/lib/python3.12/site-packages/lark/parsers) by extension 'python'
[0.499s] Level 1:colcon.colcon_core.package_identification:_identify(venv/lib/python3.12/site-packages/lark/parsers) by extensions ['python_setup_py']
[0.499s] Level 1:colcon.colcon_core.package_identification:_identify(venv/lib/python3.12/site-packages/lark/parsers) by extension 'python_setup_py'
[0.499s] Level 1:colcon.colcon_core.package_identification:_identify(venv/lib/python3.12/site-packages/lark/parsers/__pycache__) by extensions ['ignore', 'ignore_ament_install']
[0.499s] Level 1:colcon.colcon_core.package_identification:_identify(venv/lib/python3.12/site-packages/lark/parsers/__pycache__) by extension 'ignore'
[0.499s] Level 1:colcon.colcon_core.package_identification:_identify(venv/lib/python3.12/site-packages/lark/parsers/__pycache__) by extension 'ignore_ament_install'
[0.499s] Level 1:colcon.colcon_core.package_identification:_identify(venv/lib/python3.12/site-packages/lark/parsers/__pycache__) by extensions ['colcon_pkg']
[0.499s] Level 1:colcon.colcon_core.package_identification:_identify(venv/lib/python3.12/site-packages/lark/parsers/__pycache__) by extension 'colcon_pkg'
[0.499s] Level 1:colcon.colcon_core.package_identification:_identify(venv/lib/python3.12/site-packages/lark/parsers/__pycache__) by extensions ['colcon_meta']
[0.499s] Level 1:colcon.colcon_core.package_identification:_identify(venv/lib/python3.12/site-packages/lark/parsers/__pycache__) by extension 'colcon_meta'
[0.499s] Level 1:colcon.colcon_core.package_identification:_identify(venv/lib/python3.12/site-packages/lark/parsers/__pycache__) by extensions ['ros']
[0.499s] Level 1:colcon.colcon_core.package_identification:_identify(venv/lib/python3.12/site-packages/lark/parsers/__pycache__) by extension 'ros'
[0.500s] Level 1:colcon.colcon_core.package_identification:_identify(venv/lib/python3.12/site-packages/lark/parsers/__pycache__) by extensions ['cmake', 'python']
[0.500s] Level 1:colcon.colcon_core.package_identification:_identify(venv/lib/python3.12/site-packages/lark/parsers/__pycache__) by extension 'cmake'
[0.500s] Level 1:colcon.colcon_core.package_identification:_identify(venv/lib/python3.12/site-packages/lark/parsers/__pycache__) by extension 'python'
[0.500s] Level 1:colcon.colcon_core.package_identification:_identify(venv/lib/python3.12/site-packages/lark/parsers/__pycache__) by extensions ['python_setup_py']
[0.500s] Level 1:colcon.colcon_core.package_identification:_identify(venv/lib/python3.12/site-packages/lark/parsers/__pycache__) by extension 'python_setup_py'
[0.500s] Level 1:colcon.colcon_core.package_identification:_identify(venv/lib/python3.12/site-packages/lark/tools) by extensions ['ignore', 'ignore_ament_install']
[0.500s] Level 1:colcon.colcon_core.package_identification:_identify(venv/lib/python3.12/site-packages/lark/tools) by extension 'ignore'
[0.500s] Level 1:colcon.colcon_core.package_identification:_identify(venv/lib/python3.12/site-packages/lark/tools) by extension 'ignore_ament_install'
[0.500s] Level 1:colcon.colcon_core.package_identification:_identify(venv/lib/python3.12/site-packages/lark/tools) by extensions ['colcon_pkg']
[0.500s] Level 1:colcon.colcon_core.package_identification:_identify(venv/lib/python3.12/site-packages/lark/tools) by extension 'colcon_pkg'
[0.500s] Level 1:colcon.colcon_core.package_identification:_identify(venv/lib/python3.12/site-packages/lark/tools) by extensions ['colcon_meta']
[0.500s] Level 1:colcon.colcon_core.package_identification:_identify(venv/lib/python3.12/site-packages/lark/tools) by extension 'colcon_meta'
[0.500s] Level 1:colcon.colcon_core.package_identification:_identify(venv/lib/python3.12/site-packages/lark/tools) by extensions ['ros']
[0.500s] Level 1:colcon.colcon_core.package_identification:_identify(venv/lib/python3.12/site-packages/lark/tools) by extension 'ros'
[0.500s] Level 1:colcon.colcon_core.package_identification:_identify(venv/lib/python3.12/site-packages/lark/tools) by extensions ['cmake', 'python']
[0.500s] Level 1:colcon.colcon_core.package_identification:_identify(venv/lib/python3.12/site-packages/lark/tools) by extension 'cmake'
[0.500s] Level 1:colcon.colcon_core.package_identification:_identify(venv/lib/python3.12/site-packages/lark/tools) by extension 'python'
[0.500s] Level 1:colcon.colcon_core.package_identification:_identify(venv/lib/python3.12/site-packages/lark/tools) by extensions ['python_setup_py']
[0.501s] Level 1:colcon.colcon_core.package_identification:_identify(venv/lib/python3.12/site-packages/lark/tools) by extension 'python_setup_py'
[0.501s] Level 1:colcon.colcon_core.package_identification:_identify(venv/lib/python3.12/site-packages/lark/tools/__pycache__) by extensions ['ignore', 'ignore_ament_install']
[0.501s] Level 1:colcon.colcon_core.package_identification:_identify(venv/lib/python3.12/site-packages/lark/tools/__pycache__) by extension 'ignore'
[0.501s] Level 1:colcon.colcon_core.package_identification:_identify(venv/lib/python3.12/site-packages/lark/tools/__pycache__) by extension 'ignore_ament_install'
[0.501s] Level 1:colcon.colcon_core.package_identification:_identify(venv/lib/python3.12/site-packages/lark/tools/__pycache__) by extensions ['colcon_pkg']
[0.501s] Level 1:colcon.colcon_core.package_identification:_identify(venv/lib/python3.12/site-packages/lark/tools/__pycache__) by extension 'colcon_pkg'
[0.501s] Level 1:colcon.colcon_core.package_identification:_identify(venv/lib/python3.12/site-packages/lark/tools/__pycache__) by extensions ['colcon_meta']
[0.501s] Level 1:colcon.colcon_core.package_identification:_identify(venv/lib/python3.12/site-packages/lark/tools/__pycache__) by extension 'colcon_meta'
[0.501s] Level 1:colcon.colcon_core.package_identification:_identify(venv/lib/python3.12/site-packages/lark/tools/__pycache__) by extensions ['ros']
[0.501s] Level 1:colcon.colcon_core.package_identification:_identify(venv/lib/python3.12/site-packages/lark/tools/__pycache__) by extension 'ros'
[0.501s] Level 1:colcon.colcon_core.package_identification:_identify(venv/lib/python3.12/site-packages/lark/tools/__pycache__) by extensions ['cmake', 'python']
[0.501s] Level 1:colcon.colcon_core.package_identification:_identify(venv/lib/python3.12/site-packages/lark/tools/__pycache__) by extension 'cmake'
[0.501s] Level 1:colcon.colcon_core.package_identification:_identify(venv/lib/python3.12/site-packages/lark/tools/__pycache__) by extension 'python'
[0.501s] Level 1:colcon.colcon_core.package_identification:_identify(venv/lib/python3.12/site-packages/lark/tools/__pycache__) by extensions ['python_setup_py']
[0.501s] Level 1:colcon.colcon_core.package_identification:_identify(venv/lib/python3.12/site-packages/lark/tools/__pycache__) by extension 'python_setup_py'
[0.501s] Level 1:colcon.colcon_core.package_identification:_identify(venv/lib/python3.12/site-packages/lark-stubs) by extensions ['ignore', 'ignore_ament_install']
[0.502s] Level 1:colcon.colcon_core.package_identification:_identify(venv/lib/python3.12/site-packages/lark-stubs) by extension 'ignore'
[0.502s] Level 1:colcon.colcon_core.package_identification:_identify(venv/lib/python3.12/site-packages/lark-stubs) by extension 'ignore_ament_install'
[0.502s] Level 1:colcon.colcon_core.package_identification:_identify(venv/lib/python3.12/site-packages/lark-stubs) by extensions ['colcon_pkg']
[0.502s] Level 1:colcon.colcon_core.package_identification:_identify(venv/lib/python3.12/site-packages/lark-stubs) by extension 'colcon_pkg'
[0.502s] Level 1:colcon.colcon_core.package_identification:_identify(venv/lib/python3.12/site-packages/lark-stubs) by extensions ['colcon_meta']
[0.502s] Level 1:colcon.colcon_core.package_identification:_identify(venv/lib/python3.12/site-packages/lark-stubs) by extension 'colcon_meta'
[0.502s] Level 1:colcon.colcon_core.package_identification:_identify(venv/lib/python3.12/site-packages/lark-stubs) by extensions ['ros']
[0.502s] Level 1:colcon.colcon_core.package_identification:_identify(venv/lib/python3.12/site-packages/lark-stubs) by extension 'ros'
[0.502s] Level 1:colcon.colcon_core.package_identification:_identify(venv/lib/python3.12/site-packages/lark-stubs) by extensions ['cmake', 'python']
[0.502s] Level 1:colcon.colcon_core.package_identification:_identify(venv/lib/python3.12/site-packages/lark-stubs) by extension 'cmake'
[0.502s] Level 1:colcon.colcon_core.package_identification:_identify(venv/lib/python3.12/site-packages/lark-stubs) by extension 'python'
[0.502s] Level 1:colcon.colcon_core.package_identification:_identify(venv/lib/python3.12/site-packages/lark-stubs) by extensions ['python_setup_py']
[0.502s] Level 1:colcon.colcon_core.package_identification:_identify(venv/lib/python3.12/site-packages/lark-stubs) by extension 'python_setup_py'
[0.502s] Level 1:colcon.colcon_core.package_identification:_identify(venv/lib/python3.12/site-packages/lark_parser-0.12.0.dist-info) by extensions ['ignore', 'ignore_ament_install']
[0.502s] Level 1:colcon.colcon_core.package_identification:_identify(venv/lib/python3.12/site-packages/lark_parser-0.12.0.dist-info) by extension 'ignore'
[0.502s] Level 1:colcon.colcon_core.package_identification:_identify(venv/lib/python3.12/site-packages/lark_parser-0.12.0.dist-info) by extension 'ignore_ament_install'
[0.503s] Level 1:colcon.colcon_core.package_identification:_identify(venv/lib/python3.12/site-packages/lark_parser-0.12.0.dist-info) by extensions ['colcon_pkg']
[0.503s] Level 1:colcon.colcon_core.package_identification:_identify(venv/lib/python3.12/site-packages/lark_parser-0.12.0.dist-info) by extension 'colcon_pkg'
[0.503s] Level 1:colcon.colcon_core.package_identification:_identify(venv/lib/python3.12/site-packages/lark_parser-0.12.0.dist-info) by extensions ['colcon_meta']
[0.503s] Level 1:colcon.colcon_core.package_identification:_identify(venv/lib/python3.12/site-packages/lark_parser-0.12.0.dist-info) by extension 'colcon_meta'
[0.503s] Level 1:colcon.colcon_core.package_identification:_identify(venv/lib/python3.12/site-packages/lark_parser-0.12.0.dist-info) by extensions ['ros']
[0.503s] Level 1:colcon.colcon_core.package_identification:_identify(venv/lib/python3.12/site-packages/lark_parser-0.12.0.dist-info) by extension 'ros'
[0.503s] Level 1:colcon.colcon_core.package_identification:_identify(venv/lib/python3.12/site-packages/lark_parser-0.12.0.dist-info) by extensions ['cmake', 'python']
[0.503s] Level 1:colcon.colcon_core.package_identification:_identify(venv/lib/python3.12/site-packages/lark_parser-0.12.0.dist-info) by extension 'cmake'
[0.503s] Level 1:colcon.colcon_core.package_identification:_identify(venv/lib/python3.12/site-packages/lark_parser-0.12.0.dist-info) by extension 'python'
[0.503s] Level 1:colcon.colcon_core.package_identification:_identify(venv/lib/python3.12/site-packages/lark_parser-0.12.0.dist-info) by extensions ['python_setup_py']
[0.503s] Level 1:colcon.colcon_core.package_identification:_identify(venv/lib/python3.12/site-packages/lark_parser-0.12.0.dist-info) by extension 'python_setup_py'
[0.503s] Level 1:colcon.colcon_core.package_identification:_identify(venv/lib/python3.12/site-packages/pip) by extensions ['ignore', 'ignore_ament_install']
[0.503s] Level 1:colcon.colcon_core.package_identification:_identify(venv/lib/python3.12/site-packages/pip) by extension 'ignore'
[0.503s] Level 1:colcon.colcon_core.package_identification:_identify(venv/lib/python3.12/site-packages/pip) by extension 'ignore_ament_install'
[0.503s] Level 1:colcon.colcon_core.package_identification:_identify(venv/lib/python3.12/site-packages/pip) by extensions ['colcon_pkg']
[0.503s] Level 1:colcon.colcon_core.package_identification:_identify(venv/lib/python3.12/site-packages/pip) by extension 'colcon_pkg'
[0.503s] Level 1:colcon.colcon_core.package_identification:_identify(venv/lib/python3.12/site-packages/pip) by extensions ['colcon_meta']
[0.503s] Level 1:colcon.colcon_core.package_identification:_identify(venv/lib/python3.12/site-packages/pip) by extension 'colcon_meta'
[0.503s] Level 1:colcon.colcon_core.package_identification:_identify(venv/lib/python3.12/site-packages/pip) by extensions ['ros']
[0.504s] Level 1:colcon.colcon_core.package_identification:_identify(venv/lib/python3.12/site-packages/pip) by extension 'ros'
[0.504s] Level 1:colcon.colcon_core.package_identification:_identify(venv/lib/python3.12/site-packages/pip) by extensions ['cmake', 'python']
[0.504s] Level 1:colcon.colcon_core.package_identification:_identify(venv/lib/python3.12/site-packages/pip) by extension 'cmake'
[0.504s] Level 1:colcon.colcon_core.package_identification:_identify(venv/lib/python3.12/site-packages/pip) by extension 'python'
[0.504s] Level 1:colcon.colcon_core.package_identification:_identify(venv/lib/python3.12/site-packages/pip) by extensions ['python_setup_py']
[0.504s] Level 1:colcon.colcon_core.package_identification:_identify(venv/lib/python3.12/site-packages/pip) by extension 'python_setup_py'
[0.504s] Level 1:colcon.colcon_core.package_identification:_identify(venv/lib/python3.12/site-packages/pip/__pycache__) by extensions ['ignore', 'ignore_ament_install']
[0.504s] Level 1:colcon.colcon_core.package_identification:_identify(venv/lib/python3.12/site-packages/pip/__pycache__) by extension 'ignore'
[0.504s] Level 1:colcon.colcon_core.package_identification:_identify(venv/lib/python3.12/site-packages/pip/__pycache__) by extension 'ignore_ament_install'
[0.504s] Level 1:colcon.colcon_core.package_identification:_identify(venv/lib/python3.12/site-packages/pip/__pycache__) by extensions ['colcon_pkg']
[0.504s] Level 1:colcon.colcon_core.package_identification:_identify(venv/lib/python3.12/site-packages/pip/__pycache__) by extension 'colcon_pkg'
[0.504s] Level 1:colcon.colcon_core.package_identification:_identify(venv/lib/python3.12/site-packages/pip/__pycache__) by extensions ['colcon_meta']
[0.504s] Level 1:colcon.colcon_core.package_identification:_identify(venv/lib/python3.12/site-packages/pip/__pycache__) by extension 'colcon_meta'
[0.504s] Level 1:colcon.colcon_core.package_identification:_identify(venv/lib/python3.12/site-packages/pip/__pycache__) by extensions ['ros']
[0.504s] Level 1:colcon.colcon_core.package_identification:_identify(venv/lib/python3.12/site-packages/pip/__pycache__) by extension 'ros'
[0.504s] Level 1:colcon.colcon_core.package_identification:_identify(venv/lib/python3.12/site-packages/pip/__pycache__) by extensions ['cmake', 'python']
[0.504s] Level 1:colcon.colcon_core.package_identification:_identify(venv/lib/python3.12/site-packages/pip/__pycache__) by extension 'cmake'
[0.505s] Level 1:colcon.colcon_core.package_identification:_identify(venv/lib/python3.12/site-packages/pip/__pycache__) by extension 'python'
[0.505s] Level 1:colcon.colcon_core.package_identification:_identify(venv/lib/python3.12/site-packages/pip/__pycache__) by extensions ['python_setup_py']
[0.505s] Level 1:colcon.colcon_core.package_identification:_identify(venv/lib/python3.12/site-packages/pip/__pycache__) by extension 'python_setup_py'
[0.505s] Level 1:colcon.colcon_core.package_identification:_identify(venv/lib/python3.12/site-packages/pip/_internal) by extensions ['ignore', 'ignore_ament_install']
[0.505s] Level 1:colcon.colcon_core.package_identification:_identify(venv/lib/python3.12/site-packages/pip/_internal) by extension 'ignore'
[0.505s] Level 1:colcon.colcon_core.package_identification:_identify(venv/lib/python3.12/site-packages/pip/_internal) by extension 'ignore_ament_install'
[0.505s] Level 1:colcon.colcon_core.package_identification:_identify(venv/lib/python3.12/site-packages/pip/_internal) by extensions ['colcon_pkg']
[0.505s] Level 1:colcon.colcon_core.package_identification:_identify(venv/lib/python3.12/site-packages/pip/_internal) by extension 'colcon_pkg'
[0.505s] Level 1:colcon.colcon_core.package_identification:_identify(venv/lib/python3.12/site-packages/pip/_internal) by extensions ['colcon_meta']
[0.505s] Level 1:colcon.colcon_core.package_identification:_identify(venv/lib/python3.12/site-packages/pip/_internal) by extension 'colcon_meta'
[0.505s] Level 1:colcon.colcon_core.package_identification:_identify(venv/lib/python3.12/site-packages/pip/_internal) by extensions ['ros']
[0.505s] Level 1:colcon.colcon_core.package_identification:_identify(venv/lib/python3.12/site-packages/pip/_internal) by extension 'ros'
[0.505s] Level 1:colcon.colcon_core.package_identification:_identify(venv/lib/python3.12/site-packages/pip/_internal) by extensions ['cmake', 'python']
[0.505s] Level 1:colcon.colcon_core.package_identification:_identify(venv/lib/python3.12/site-packages/pip/_internal) by extension 'cmake'
[0.505s] Level 1:colcon.colcon_core.package_identification:_identify(venv/lib/python3.12/site-packages/pip/_internal) by extension 'python'
[0.505s] Level 1:colcon.colcon_core.package_identification:_identify(venv/lib/python3.12/site-packages/pip/_internal) by extensions ['python_setup_py']
[0.505s] Level 1:colcon.colcon_core.package_identification:_identify(venv/lib/python3.12/site-packages/pip/_internal) by extension 'python_setup_py'
[0.506s] Level 1:colcon.colcon_core.package_identification:_identify(venv/lib/python3.12/site-packages/pip/_internal/__pycache__) by extensions ['ignore', 'ignore_ament_install']
[0.506s] Level 1:colcon.colcon_core.package_identification:_identify(venv/lib/python3.12/site-packages/pip/_internal/__pycache__) by extension 'ignore'
[0.506s] Level 1:colcon.colcon_core.package_identification:_identify(venv/lib/python3.12/site-packages/pip/_internal/__pycache__) by extension 'ignore_ament_install'
[0.506s] Level 1:colcon.colcon_core.package_identification:_identify(venv/lib/python3.12/site-packages/pip/_internal/__pycache__) by extensions ['colcon_pkg']
[0.506s] Level 1:colcon.colcon_core.package_identification:_identify(venv/lib/python3.12/site-packages/pip/_internal/__pycache__) by extension 'colcon_pkg'
[0.506s] Level 1:colcon.colcon_core.package_identification:_identify(venv/lib/python3.12/site-packages/pip/_internal/__pycache__) by extensions ['colcon_meta']
[0.506s] Level 1:colcon.colcon_core.package_identification:_identify(venv/lib/python3.12/site-packages/pip/_internal/__pycache__) by extension 'colcon_meta'
[0.506s] Level 1:colcon.colcon_core.package_identification:_identify(venv/lib/python3.12/site-packages/pip/_internal/__pycache__) by extensions ['ros']
[0.506s] Level 1:colcon.colcon_core.package_identification:_identify(venv/lib/python3.12/site-packages/pip/_internal/__pycache__) by extension 'ros'
[0.506s] Level 1:colcon.colcon_core.package_identification:_identify(venv/lib/python3.12/site-packages/pip/_internal/__pycache__) by extensions ['cmake', 'python']
[0.506s] Level 1:colcon.colcon_core.package_identification:_identify(venv/lib/python3.12/site-packages/pip/_internal/__pycache__) by extension 'cmake'
[0.506s] Level 1:colcon.colcon_core.package_identification:_identify(venv/lib/python3.12/site-packages/pip/_internal/__pycache__) by extension 'python'
[0.506s] Level 1:colcon.colcon_core.package_identification:_identify(venv/lib/python3.12/site-packages/pip/_internal/__pycache__) by extensions ['python_setup_py']
[0.506s] Level 1:colcon.colcon_core.package_identification:_identify(venv/lib/python3.12/site-packages/pip/_internal/__pycache__) by extension 'python_setup_py'
[0.506s] Level 1:colcon.colcon_core.package_identification:_identify(venv/lib/python3.12/site-packages/pip/_internal/cli) by extensions ['ignore', 'ignore_ament_install']
[0.507s] Level 1:colcon.colcon_core.package_identification:_identify(venv/lib/python3.12/site-packages/pip/_internal/cli) by extension 'ignore'
[0.507s] Level 1:colcon.colcon_core.package_identification:_identify(venv/lib/python3.12/site-packages/pip/_internal/cli) by extension 'ignore_ament_install'
[0.507s] Level 1:colcon.colcon_core.package_identification:_identify(venv/lib/python3.12/site-packages/pip/_internal/cli) by extensions ['colcon_pkg']
[0.507s] Level 1:colcon.colcon_core.package_identification:_identify(venv/lib/python3.12/site-packages/pip/_internal/cli) by extension 'colcon_pkg'
[0.507s] Level 1:colcon.colcon_core.package_identification:_identify(venv/lib/python3.12/site-packages/pip/_internal/cli) by extensions ['colcon_meta']
[0.507s] Level 1:colcon.colcon_core.package_identification:_identify(venv/lib/python3.12/site-packages/pip/_internal/cli) by extension 'colcon_meta'
[0.507s] Level 1:colcon.colcon_core.package_identification:_identify(venv/lib/python3.12/site-packages/pip/_internal/cli) by extensions ['ros']
[0.507s] Level 1:colcon.colcon_core.package_identification:_identify(venv/lib/python3.12/site-packages/pip/_internal/cli) by extension 'ros'
[0.507s] Level 1:colcon.colcon_core.package_identification:_identify(venv/lib/python3.12/site-packages/pip/_internal/cli) by extensions ['cmake', 'python']
[0.507s] Level 1:colcon.colcon_core.package_identification:_identify(venv/lib/python3.12/site-packages/pip/_internal/cli) by extension 'cmake'
[0.507s] Level 1:colcon.colcon_core.package_identification:_identify(venv/lib/python3.12/site-packages/pip/_internal/cli) by extension 'python'
[0.507s] Level 1:colcon.colcon_core.package_identification:_identify(venv/lib/python3.12/site-packages/pip/_internal/cli) by extensions ['python_setup_py']
[0.507s] Level 1:colcon.colcon_core.package_identification:_identify(venv/lib/python3.12/site-packages/pip/_internal/cli) by extension 'python_setup_py'
[0.507s] Level 1:colcon.colcon_core.package_identification:_identify(venv/lib/python3.12/site-packages/pip/_internal/cli/__pycache__) by extensions ['ignore', 'ignore_ament_install']
[0.507s] Level 1:colcon.colcon_core.package_identification:_identify(venv/lib/python3.12/site-packages/pip/_internal/cli/__pycache__) by extension 'ignore'
[0.507s] Level 1:colcon.colcon_core.package_identification:_identify(venv/lib/python3.12/site-packages/pip/_internal/cli/__pycache__) by extension 'ignore_ament_install'
[0.508s] Level 1:colcon.colcon_core.package_identification:_identify(venv/lib/python3.12/site-packages/pip/_internal/cli/__pycache__) by extensions ['colcon_pkg']
[0.508s] Level 1:colcon.colcon_core.package_identification:_identify(venv/lib/python3.12/site-packages/pip/_internal/cli/__pycache__) by extension 'colcon_pkg'
[0.508s] Level 1:colcon.colcon_core.package_identification:_identify(venv/lib/python3.12/site-packages/pip/_internal/cli/__pycache__) by extensions ['colcon_meta']
[0.508s] Level 1:colcon.colcon_core.package_identification:_identify(venv/lib/python3.12/site-packages/pip/_internal/cli/__pycache__) by extension 'colcon_meta'
[0.508s] Level 1:colcon.colcon_core.package_identification:_identify(venv/lib/python3.12/site-packages/pip/_internal/cli/__pycache__) by extensions ['ros']
[0.508s] Level 1:colcon.colcon_core.package_identification:_identify(venv/lib/python3.12/site-packages/pip/_internal/cli/__pycache__) by extension 'ros'
[0.508s] Level 1:colcon.colcon_core.package_identification:_identify(venv/lib/python3.12/site-packages/pip/_internal/cli/__pycache__) by extensions ['cmake', 'python']
[0.508s] Level 1:colcon.colcon_core.package_identification:_identify(venv/lib/python3.12/site-packages/pip/_internal/cli/__pycache__) by extension 'cmake'
[0.508s] Level 1:colcon.colcon_core.package_identification:_identify(venv/lib/python3.12/site-packages/pip/_internal/cli/__pycache__) by extension 'python'
[0.508s] Level 1:colcon.colcon_core.package_identification:_identify(venv/lib/python3.12/site-packages/pip/_internal/cli/__pycache__) by extensions ['python_setup_py']
[0.508s] Level 1:colcon.colcon_core.package_identification:_identify(venv/lib/python3.12/site-packages/pip/_internal/cli/__pycache__) by extension 'python_setup_py'
[0.508s] Level 1:colcon.colcon_core.package_identification:_identify(venv/lib/python3.12/site-packages/pip/_internal/commands) by extensions ['ignore', 'ignore_ament_install']
[0.508s] Level 1:colcon.colcon_core.package_identification:_identify(venv/lib/python3.12/site-packages/pip/_internal/commands) by extension 'ignore'
[0.508s] Level 1:colcon.colcon_core.package_identification:_identify(venv/lib/python3.12/site-packages/pip/_internal/commands) by extension 'ignore_ament_install'
[0.508s] Level 1:colcon.colcon_core.package_identification:_identify(venv/lib/python3.12/site-packages/pip/_internal/commands) by extensions ['colcon_pkg']
[0.508s] Level 1:colcon.colcon_core.package_identification:_identify(venv/lib/python3.12/site-packages/pip/_internal/commands) by extension 'colcon_pkg'
[0.508s] Level 1:colcon.colcon_core.package_identification:_identify(venv/lib/python3.12/site-packages/pip/_internal/commands) by extensions ['colcon_meta']
[0.508s] Level 1:colcon.colcon_core.package_identification:_identify(venv/lib/python3.12/site-packages/pip/_internal/commands) by extension 'colcon_meta'
[0.509s] Level 1:colcon.colcon_core.package_identification:_identify(venv/lib/python3.12/site-packages/pip/_internal/commands) by extensions ['ros']
[0.509s] Level 1:colcon.colcon_core.package_identification:_identify(venv/lib/python3.12/site-packages/pip/_internal/commands) by extension 'ros'
[0.509s] Level 1:colcon.colcon_core.package_identification:_identify(venv/lib/python3.12/site-packages/pip/_internal/commands) by extensions ['cmake', 'python']
[0.509s] Level 1:colcon.colcon_core.package_identification:_identify(venv/lib/python3.12/site-packages/pip/_internal/commands) by extension 'cmake'
[0.509s] Level 1:colcon.colcon_core.package_identification:_identify(venv/lib/python3.12/site-packages/pip/_internal/commands) by extension 'python'
[0.509s] Level 1:colcon.colcon_core.package_identification:_identify(venv/lib/python3.12/site-packages/pip/_internal/commands) by extensions ['python_setup_py']
[0.509s] Level 1:colcon.colcon_core.package_identification:_identify(venv/lib/python3.12/site-packages/pip/_internal/commands) by extension 'python_setup_py'
[0.509s] Level 1:colcon.colcon_core.package_identification:_identify(venv/lib/python3.12/site-packages/pip/_internal/commands/__pycache__) by extensions ['ignore', 'ignore_ament_install']
[0.509s] Level 1:colcon.colcon_core.package_identification:_identify(venv/lib/python3.12/site-packages/pip/_internal/commands/__pycache__) by extension 'ignore'
[0.509s] Level 1:colcon.colcon_core.package_identification:_identify(venv/lib/python3.12/site-packages/pip/_internal/commands/__pycache__) by extension 'ignore_ament_install'
[0.509s] Level 1:colcon.colcon_core.package_identification:_identify(venv/lib/python3.12/site-packages/pip/_internal/commands/__pycache__) by extensions ['colcon_pkg']
[0.509s] Level 1:colcon.colcon_core.package_identification:_identify(venv/lib/python3.12/site-packages/pip/_internal/commands/__pycache__) by extension 'colcon_pkg'
[0.509s] Level 1:colcon.colcon_core.package_identification:_identify(venv/lib/python3.12/site-packages/pip/_internal/commands/__pycache__) by extensions ['colcon_meta']
[0.509s] Level 1:colcon.colcon_core.package_identification:_identify(venv/lib/python3.12/site-packages/pip/_internal/commands/__pycache__) by extension 'colcon_meta'
[0.509s] Level 1:colcon.colcon_core.package_identification:_identify(venv/lib/python3.12/site-packages/pip/_internal/commands/__pycache__) by extensions ['ros']
[0.509s] Level 1:colcon.colcon_core.package_identification:_identify(venv/lib/python3.12/site-packages/pip/_internal/commands/__pycache__) by extension 'ros'
[0.510s] Level 1:colcon.colcon_core.package_identification:_identify(venv/lib/python3.12/site-packages/pip/_internal/commands/__pycache__) by extensions ['cmake', 'python']
[0.510s] Level 1:colcon.colcon_core.package_identification:_identify(venv/lib/python3.12/site-packages/pip/_internal/commands/__pycache__) by extension 'cmake'
[0.510s] Level 1:colcon.colcon_core.package_identification:_identify(venv/lib/python3.12/site-packages/pip/_internal/commands/__pycache__) by extension 'python'
[0.510s] Level 1:colcon.colcon_core.package_identification:_identify(venv/lib/python3.12/site-packages/pip/_internal/commands/__pycache__) by extensions ['python_setup_py']
[0.510s] Level 1:colcon.colcon_core.package_identification:_identify(venv/lib/python3.12/site-packages/pip/_internal/commands/__pycache__) by extension 'python_setup_py'
[0.510s] Level 1:colcon.colcon_core.package_identification:_identify(venv/lib/python3.12/site-packages/pip/_internal/distributions) by extensions ['ignore', 'ignore_ament_install']
[0.510s] Level 1:colcon.colcon_core.package_identification:_identify(venv/lib/python3.12/site-packages/pip/_internal/distributions) by extension 'ignore'
[0.510s] Level 1:colcon.colcon_core.package_identification:_identify(venv/lib/python3.12/site-packages/pip/_internal/distributions) by extension 'ignore_ament_install'
[0.510s] Level 1:colcon.colcon_core.package_identification:_identify(venv/lib/python3.12/site-packages/pip/_internal/distributions) by extensions ['colcon_pkg']
[0.510s] Level 1:colcon.colcon_core.package_identification:_identify(venv/lib/python3.12/site-packages/pip/_internal/distributions) by extension 'colcon_pkg'
[0.510s] Level 1:colcon.colcon_core.package_identification:_identify(venv/lib/python3.12/site-packages/pip/_internal/distributions) by extensions ['colcon_meta']
[0.510s] Level 1:colcon.colcon_core.package_identification:_identify(venv/lib/python3.12/site-packages/pip/_internal/distributions) by extension 'colcon_meta'
[0.510s] Level 1:colcon.colcon_core.package_identification:_identify(venv/lib/python3.12/site-packages/pip/_internal/distributions) by extensions ['ros']
[0.510s] Level 1:colcon.colcon_core.package_identification:_identify(venv/lib/python3.12/site-packages/pip/_internal/distributions) by extension 'ros'
[0.510s] Level 1:colcon.colcon_core.package_identification:_identify(venv/lib/python3.12/site-packages/pip/_internal/distributions) by extensions ['cmake', 'python']
[0.510s] Level 1:colcon.colcon_core.package_identification:_identify(venv/lib/python3.12/site-packages/pip/_internal/distributions) by extension 'cmake'
[0.510s] Level 1:colcon.colcon_core.package_identification:_identify(venv/lib/python3.12/site-packages/pip/_internal/distributions) by extension 'python'
[0.511s] Level 1:colcon.colcon_core.package_identification:_identify(venv/lib/python3.12/site-packages/pip/_internal/distributions) by extensions ['python_setup_py']
[0.511s] Level 1:colcon.colcon_core.package_identification:_identify(venv/lib/python3.12/site-packages/pip/_internal/distributions) by extension 'python_setup_py'
[0.511s] Level 1:colcon.colcon_core.package_identification:_identify(venv/lib/python3.12/site-packages/pip/_internal/distributions/__pycache__) by extensions ['ignore', 'ignore_ament_install']
[0.511s] Level 1:colcon.colcon_core.package_identification:_identify(venv/lib/python3.12/site-packages/pip/_internal/distributions/__pycache__) by extension 'ignore'
[0.511s] Level 1:colcon.colcon_core.package_identification:_identify(venv/lib/python3.12/site-packages/pip/_internal/distributions/__pycache__) by extension 'ignore_ament_install'
[0.511s] Level 1:colcon.colcon_core.package_identification:_identify(venv/lib/python3.12/site-packages/pip/_internal/distributions/__pycache__) by extensions ['colcon_pkg']
[0.511s] Level 1:colcon.colcon_core.package_identification:_identify(venv/lib/python3.12/site-packages/pip/_internal/distributions/__pycache__) by extension 'colcon_pkg'
[0.511s] Level 1:colcon.colcon_core.package_identification:_identify(venv/lib/python3.12/site-packages/pip/_internal/distributions/__pycache__) by extensions ['colcon_meta']
[0.511s] Level 1:colcon.colcon_core.package_identification:_identify(venv/lib/python3.12/site-packages/pip/_internal/distributions/__pycache__) by extension 'colcon_meta'
[0.511s] Level 1:colcon.colcon_core.package_identification:_identify(venv/lib/python3.12/site-packages/pip/_internal/distributions/__pycache__) by extensions ['ros']
[0.511s] Level 1:colcon.colcon_core.package_identification:_identify(venv/lib/python3.12/site-packages/pip/_internal/distributions/__pycache__) by extension 'ros'
[0.511s] Level 1:colcon.colcon_core.package_identification:_identify(venv/lib/python3.12/site-packages/pip/_internal/distributions/__pycache__) by extensions ['cmake', 'python']
[0.511s] Level 1:colcon.colcon_core.package_identification:_identify(venv/lib/python3.12/site-packages/pip/_internal/distributions/__pycache__) by extension 'cmake'
[0.511s] Level 1:colcon.colcon_core.package_identification:_identify(venv/lib/python3.12/site-packages/pip/_internal/distributions/__pycache__) by extension 'python'
[0.511s] Level 1:colcon.colcon_core.package_identification:_identify(venv/lib/python3.12/site-packages/pip/_internal/distributions/__pycache__) by extensions ['python_setup_py']
[0.511s] Level 1:colcon.colcon_core.package_identification:_identify(venv/lib/python3.12/site-packages/pip/_internal/distributions/__pycache__) by extension 'python_setup_py'
[0.512s] Level 1:colcon.colcon_core.package_identification:_identify(venv/lib/python3.12/site-packages/pip/_internal/index) by extensions ['ignore', 'ignore_ament_install']
[0.512s] Level 1:colcon.colcon_core.package_identification:_identify(venv/lib/python3.12/site-packages/pip/_internal/index) by extension 'ignore'
[0.512s] Level 1:colcon.colcon_core.package_identification:_identify(venv/lib/python3.12/site-packages/pip/_internal/index) by extension 'ignore_ament_install'
[0.512s] Level 1:colcon.colcon_core.package_identification:_identify(venv/lib/python3.12/site-packages/pip/_internal/index) by extensions ['colcon_pkg']
[0.512s] Level 1:colcon.colcon_core.package_identification:_identify(venv/lib/python3.12/site-packages/pip/_internal/index) by extension 'colcon_pkg'
[0.512s] Level 1:colcon.colcon_core.package_identification:_identify(venv/lib/python3.12/site-packages/pip/_internal/index) by extensions ['colcon_meta']
[0.512s] Level 1:colcon.colcon_core.package_identification:_identify(venv/lib/python3.12/site-packages/pip/_internal/index) by extension 'colcon_meta'
[0.512s] Level 1:colcon.colcon_core.package_identification:_identify(venv/lib/python3.12/site-packages/pip/_internal/index) by extensions ['ros']
[0.512s] Level 1:colcon.colcon_core.package_identification:_identify(venv/lib/python3.12/site-packages/pip/_internal/index) by extension 'ros'
[0.512s] Level 1:colcon.colcon_core.package_identification:_identify(venv/lib/python3.12/site-packages/pip/_internal/index) by extensions ['cmake', 'python']
[0.512s] Level 1:colcon.colcon_core.package_identification:_identify(venv/lib/python3.12/site-packages/pip/_internal/index) by extension 'cmake'
[0.512s] Level 1:colcon.colcon_core.package_identification:_identify(venv/lib/python3.12/site-packages/pip/_internal/index) by extension 'python'
[0.512s] Level 1:colcon.colcon_core.package_identification:_identify(venv/lib/python3.12/site-packages/pip/_internal/index) by extensions ['python_setup_py']
[0.512s] Level 1:colcon.colcon_core.package_identification:_identify(venv/lib/python3.12/site-packages/pip/_internal/index) by extension 'python_setup_py'
[0.512s] Level 1:colcon.colcon_core.package_identification:_identify(venv/lib/python3.12/site-packages/pip/_internal/index/__pycache__) by extensions ['ignore', 'ignore_ament_install']
[0.512s] Level 1:colcon.colcon_core.package_identification:_identify(venv/lib/python3.12/site-packages/pip/_internal/index/__pycache__) by extension 'ignore'
[0.513s] Level 1:colcon.colcon_core.package_identification:_identify(venv/lib/python3.12/site-packages/pip/_internal/index/__pycache__) by extension 'ignore_ament_install'
[0.513s] Level 1:colcon.colcon_core.package_identification:_identify(venv/lib/python3.12/site-packages/pip/_internal/index/__pycache__) by extensions ['colcon_pkg']
[0.513s] Level 1:colcon.colcon_core.package_identification:_identify(venv/lib/python3.12/site-packages/pip/_internal/index/__pycache__) by extension 'colcon_pkg'
[0.513s] Level 1:colcon.colcon_core.package_identification:_identify(venv/lib/python3.12/site-packages/pip/_internal/index/__pycache__) by extensions ['colcon_meta']
[0.513s] Level 1:colcon.colcon_core.package_identification:_identify(venv/lib/python3.12/site-packages/pip/_internal/index/__pycache__) by extension 'colcon_meta'
[0.513s] Level 1:colcon.colcon_core.package_identification:_identify(venv/lib/python3.12/site-packages/pip/_internal/index/__pycache__) by extensions ['ros']
[0.513s] Level 1:colcon.colcon_core.package_identification:_identify(venv/lib/python3.12/site-packages/pip/_internal/index/__pycache__) by extension 'ros'
[0.513s] Level 1:colcon.colcon_core.package_identification:_identify(venv/lib/python3.12/site-packages/pip/_internal/index/__pycache__) by extensions ['cmake', 'python']
[0.513s] Level 1:colcon.colcon_core.package_identification:_identify(venv/lib/python3.12/site-packages/pip/_internal/index/__pycache__) by extension 'cmake'
[0.513s] Level 1:colcon.colcon_core.package_identification:_identify(venv/lib/python3.12/site-packages/pip/_internal/index/__pycache__) by extension 'python'
[0.513s] Level 1:colcon.colcon_core.package_identification:_identify(venv/lib/python3.12/site-packages/pip/_internal/index/__pycache__) by extensions ['python_setup_py']
[0.513s] Level 1:colcon.colcon_core.package_identification:_identify(venv/lib/python3.12/site-packages/pip/_internal/index/__pycache__) by extension 'python_setup_py'
[0.513s] Level 1:colcon.colcon_core.package_identification:_identify(venv/lib/python3.12/site-packages/pip/_internal/locations) by extensions ['ignore', 'ignore_ament_install']
[0.513s] Level 1:colcon.colcon_core.package_identification:_identify(venv/lib/python3.12/site-packages/pip/_internal/locations) by extension 'ignore'
[0.513s] Level 1:colcon.colcon_core.package_identification:_identify(venv/lib/python3.12/site-packages/pip/_internal/locations) by extension 'ignore_ament_install'
[0.513s] Level 1:colcon.colcon_core.package_identification:_identify(venv/lib/python3.12/site-packages/pip/_internal/locations) by extensions ['colcon_pkg']
[0.514s] Level 1:colcon.colcon_core.package_identification:_identify(venv/lib/python3.12/site-packages/pip/_internal/locations) by extension 'colcon_pkg'
[0.514s] Level 1:colcon.colcon_core.package_identification:_identify(venv/lib/python3.12/site-packages/pip/_internal/locations) by extensions ['colcon_meta']
[0.514s] Level 1:colcon.colcon_core.package_identification:_identify(venv/lib/python3.12/site-packages/pip/_internal/locations) by extension 'colcon_meta'
[0.514s] Level 1:colcon.colcon_core.package_identification:_identify(venv/lib/python3.12/site-packages/pip/_internal/locations) by extensions ['ros']
[0.514s] Level 1:colcon.colcon_core.package_identification:_identify(venv/lib/python3.12/site-packages/pip/_internal/locations) by extension 'ros'
[0.514s] Level 1:colcon.colcon_core.package_identification:_identify(venv/lib/python3.12/site-packages/pip/_internal/locations) by extensions ['cmake', 'python']
[0.514s] Level 1:colcon.colcon_core.package_identification:_identify(venv/lib/python3.12/site-packages/pip/_internal/locations) by extension 'cmake'
[0.514s] Level 1:colcon.colcon_core.package_identification:_identify(venv/lib/python3.12/site-packages/pip/_internal/locations) by extension 'python'
[0.514s] Level 1:colcon.colcon_core.package_identification:_identify(venv/lib/python3.12/site-packages/pip/_internal/locations) by extensions ['python_setup_py']
[0.514s] Level 1:colcon.colcon_core.package_identification:_identify(venv/lib/python3.12/site-packages/pip/_internal/locations) by extension 'python_setup_py'
[0.514s] Level 1:colcon.colcon_core.package_identification:_identify(venv/lib/python3.12/site-packages/pip/_internal/locations/__pycache__) by extensions ['ignore', 'ignore_ament_install']
[0.514s] Level 1:colcon.colcon_core.package_identification:_identify(venv/lib/python3.12/site-packages/pip/_internal/locations/__pycache__) by extension 'ignore'
[0.514s] Level 1:colcon.colcon_core.package_identification:_identify(venv/lib/python3.12/site-packages/pip/_internal/locations/__pycache__) by extension 'ignore_ament_install'
[0.514s] Level 1:colcon.colcon_core.package_identification:_identify(venv/lib/python3.12/site-packages/pip/_internal/locations/__pycache__) by extensions ['colcon_pkg']
[0.514s] Level 1:colcon.colcon_core.package_identification:_identify(venv/lib/python3.12/site-packages/pip/_internal/locations/__pycache__) by extension 'colcon_pkg'
[0.514s] Level 1:colcon.colcon_core.package_identification:_identify(venv/lib/python3.12/site-packages/pip/_internal/locations/__pycache__) by extensions ['colcon_meta']
[0.514s] Level 1:colcon.colcon_core.package_identification:_identify(venv/lib/python3.12/site-packages/pip/_internal/locations/__pycache__) by extension 'colcon_meta'
[0.515s] Level 1:colcon.colcon_core.package_identification:_identify(venv/lib/python3.12/site-packages/pip/_internal/locations/__pycache__) by extensions ['ros']
[0.515s] Level 1:colcon.colcon_core.package_identification:_identify(venv/lib/python3.12/site-packages/pip/_internal/locations/__pycache__) by extension 'ros'
[0.515s] Level 1:colcon.colcon_core.package_identification:_identify(venv/lib/python3.12/site-packages/pip/_internal/locations/__pycache__) by extensions ['cmake', 'python']
[0.515s] Level 1:colcon.colcon_core.package_identification:_identify(venv/lib/python3.12/site-packages/pip/_internal/locations/__pycache__) by extension 'cmake'
[0.515s] Level 1:colcon.colcon_core.package_identification:_identify(venv/lib/python3.12/site-packages/pip/_internal/locations/__pycache__) by extension 'python'
[0.515s] Level 1:colcon.colcon_core.package_identification:_identify(venv/lib/python3.12/site-packages/pip/_internal/locations/__pycache__) by extensions ['python_setup_py']
[0.515s] Level 1:colcon.colcon_core.package_identification:_identify(venv/lib/python3.12/site-packages/pip/_internal/locations/__pycache__) by extension 'python_setup_py'
[0.515s] Level 1:colcon.colcon_core.package_identification:_identify(venv/lib/python3.12/site-packages/pip/_internal/metadata) by extensions ['ignore', 'ignore_ament_install']
[0.515s] Level 1:colcon.colcon_core.package_identification:_identify(venv/lib/python3.12/site-packages/pip/_internal/metadata) by extension 'ignore'
[0.515s] Level 1:colcon.colcon_core.package_identification:_identify(venv/lib/python3.12/site-packages/pip/_internal/metadata) by extension 'ignore_ament_install'
[0.515s] Level 1:colcon.colcon_core.package_identification:_identify(venv/lib/python3.12/site-packages/pip/_internal/metadata) by extensions ['colcon_pkg']
[0.515s] Level 1:colcon.colcon_core.package_identification:_identify(venv/lib/python3.12/site-packages/pip/_internal/metadata) by extension 'colcon_pkg'
[0.515s] Level 1:colcon.colcon_core.package_identification:_identify(venv/lib/python3.12/site-packages/pip/_internal/metadata) by extensions ['colcon_meta']
[0.515s] Level 1:colcon.colcon_core.package_identification:_identify(venv/lib/python3.12/site-packages/pip/_internal/metadata) by extension 'colcon_meta'
[0.515s] Level 1:colcon.colcon_core.package_identification:_identify(venv/lib/python3.12/site-packages/pip/_internal/metadata) by extensions ['ros']
[0.515s] Level 1:colcon.colcon_core.package_identification:_identify(venv/lib/python3.12/site-packages/pip/_internal/metadata) by extension 'ros'
[0.516s] Level 1:colcon.colcon_core.package_identification:_identify(venv/lib/python3.12/site-packages/pip/_internal/metadata) by extensions ['cmake', 'python']
[0.516s] Level 1:colcon.colcon_core.package_identification:_identify(venv/lib/python3.12/site-packages/pip/_internal/metadata) by extension 'cmake'
[0.516s] Level 1:colcon.colcon_core.package_identification:_identify(venv/lib/python3.12/site-packages/pip/_internal/metadata) by extension 'python'
[0.516s] Level 1:colcon.colcon_core.package_identification:_identify(venv/lib/python3.12/site-packages/pip/_internal/metadata) by extensions ['python_setup_py']
[0.516s] Level 1:colcon.colcon_core.package_identification:_identify(venv/lib/python3.12/site-packages/pip/_internal/metadata) by extension 'python_setup_py'
[0.516s] Level 1:colcon.colcon_core.package_identification:_identify(venv/lib/python3.12/site-packages/pip/_internal/metadata/__pycache__) by extensions ['ignore', 'ignore_ament_install']
[0.516s] Level 1:colcon.colcon_core.package_identification:_identify(venv/lib/python3.12/site-packages/pip/_internal/metadata/__pycache__) by extension 'ignore'
[0.516s] Level 1:colcon.colcon_core.package_identification:_identify(venv/lib/python3.12/site-packages/pip/_internal/metadata/__pycache__) by extension 'ignore_ament_install'
[0.516s] Level 1:colcon.colcon_core.package_identification:_identify(venv/lib/python3.12/site-packages/pip/_internal/metadata/__pycache__) by extensions ['colcon_pkg']
[0.516s] Level 1:colcon.colcon_core.package_identification:_identify(venv/lib/python3.12/site-packages/pip/_internal/metadata/__pycache__) by extension 'colcon_pkg'
[0.516s] Level 1:colcon.colcon_core.package_identification:_identify(venv/lib/python3.12/site-packages/pip/_internal/metadata/__pycache__) by extensions ['colcon_meta']
[0.516s] Level 1:colcon.colcon_core.package_identification:_identify(venv/lib/python3.12/site-packages/pip/_internal/metadata/__pycache__) by extension 'colcon_meta'
[0.516s] Level 1:colcon.colcon_core.package_identification:_identify(venv/lib/python3.12/site-packages/pip/_internal/metadata/__pycache__) by extensions ['ros']
[0.516s] Level 1:colcon.colcon_core.package_identification:_identify(venv/lib/python3.12/site-packages/pip/_internal/metadata/__pycache__) by extension 'ros'
[0.516s] Level 1:colcon.colcon_core.package_identification:_identify(venv/lib/python3.12/site-packages/pip/_internal/metadata/__pycache__) by extensions ['cmake', 'python']
[0.516s] Level 1:colcon.colcon_core.package_identification:_identify(venv/lib/python3.12/site-packages/pip/_internal/metadata/__pycache__) by extension 'cmake'
[0.516s] Level 1:colcon.colcon_core.package_identification:_identify(venv/lib/python3.12/site-packages/pip/_internal/metadata/__pycache__) by extension 'python'
[0.516s] Level 1:colcon.colcon_core.package_identification:_identify(venv/lib/python3.12/site-packages/pip/_internal/metadata/__pycache__) by extensions ['python_setup_py']
[0.517s] Level 1:colcon.colcon_core.package_identification:_identify(venv/lib/python3.12/site-packages/pip/_internal/metadata/__pycache__) by extension 'python_setup_py'
[0.517s] Level 1:colcon.colcon_core.package_identification:_identify(venv/lib/python3.12/site-packages/pip/_internal/metadata/importlib) by extensions ['ignore', 'ignore_ament_install']
[0.517s] Level 1:colcon.colcon_core.package_identification:_identify(venv/lib/python3.12/site-packages/pip/_internal/metadata/importlib) by extension 'ignore'
[0.517s] Level 1:colcon.colcon_core.package_identification:_identify(venv/lib/python3.12/site-packages/pip/_internal/metadata/importlib) by extension 'ignore_ament_install'
[0.517s] Level 1:colcon.colcon_core.package_identification:_identify(venv/lib/python3.12/site-packages/pip/_internal/metadata/importlib) by extensions ['colcon_pkg']
[0.517s] Level 1:colcon.colcon_core.package_identification:_identify(venv/lib/python3.12/site-packages/pip/_internal/metadata/importlib) by extension 'colcon_pkg'
[0.517s] Level 1:colcon.colcon_core.package_identification:_identify(venv/lib/python3.12/site-packages/pip/_internal/metadata/importlib) by extensions ['colcon_meta']
[0.517s] Level 1:colcon.colcon_core.package_identification:_identify(venv/lib/python3.12/site-packages/pip/_internal/metadata/importlib) by extension 'colcon_meta'
[0.517s] Level 1:colcon.colcon_core.package_identification:_identify(venv/lib/python3.12/site-packages/pip/_internal/metadata/importlib) by extensions ['ros']
[0.517s] Level 1:colcon.colcon_core.package_identification:_identify(venv/lib/python3.12/site-packages/pip/_internal/metadata/importlib) by extension 'ros'
[0.517s] Level 1:colcon.colcon_core.package_identification:_identify(venv/lib/python3.12/site-packages/pip/_internal/metadata/importlib) by extensions ['cmake', 'python']
[0.517s] Level 1:colcon.colcon_core.package_identification:_identify(venv/lib/python3.12/site-packages/pip/_internal/metadata/importlib) by extension 'cmake'
[0.518s] Level 1:colcon.colcon_core.package_identification:_identify(venv/lib/python3.12/site-packages/pip/_internal/metadata/importlib) by extension 'python'
[0.518s] Level 1:colcon.colcon_core.package_identification:_identify(venv/lib/python3.12/site-packages/pip/_internal/metadata/importlib) by extensions ['python_setup_py']
[0.518s] Level 1:colcon.colcon_core.package_identification:_identify(venv/lib/python3.12/site-packages/pip/_internal/metadata/importlib) by extension 'python_setup_py'
[0.518s] Level 1:colcon.colcon_core.package_identification:_identify(venv/lib/python3.12/site-packages/pip/_internal/metadata/importlib/__pycache__) by extensions ['ignore', 'ignore_ament_install']
[0.518s] Level 1:colcon.colcon_core.package_identification:_identify(venv/lib/python3.12/site-packages/pip/_internal/metadata/importlib/__pycache__) by extension 'ignore'
[0.518s] Level 1:colcon.colcon_core.package_identification:_identify(venv/lib/python3.12/site-packages/pip/_internal/metadata/importlib/__pycache__) by extension 'ignore_ament_install'
[0.518s] Level 1:colcon.colcon_core.package_identification:_identify(venv/lib/python3.12/site-packages/pip/_internal/metadata/importlib/__pycache__) by extensions ['colcon_pkg']
[0.518s] Level 1:colcon.colcon_core.package_identification:_identify(venv/lib/python3.12/site-packages/pip/_internal/metadata/importlib/__pycache__) by extension 'colcon_pkg'
[0.518s] Level 1:colcon.colcon_core.package_identification:_identify(venv/lib/python3.12/site-packages/pip/_internal/metadata/importlib/__pycache__) by extensions ['colcon_meta']
[0.518s] Level 1:colcon.colcon_core.package_identification:_identify(venv/lib/python3.12/site-packages/pip/_internal/metadata/importlib/__pycache__) by extension 'colcon_meta'
[0.518s] Level 1:colcon.colcon_core.package_identification:_identify(venv/lib/python3.12/site-packages/pip/_internal/metadata/importlib/__pycache__) by extensions ['ros']
[0.518s] Level 1:colcon.colcon_core.package_identification:_identify(venv/lib/python3.12/site-packages/pip/_internal/metadata/importlib/__pycache__) by extension 'ros'
[0.519s] Level 1:colcon.colcon_core.package_identification:_identify(venv/lib/python3.12/site-packages/pip/_internal/metadata/importlib/__pycache__) by extensions ['cmake', 'python']
[0.519s] Level 1:colcon.colcon_core.package_identification:_identify(venv/lib/python3.12/site-packages/pip/_internal/metadata/importlib/__pycache__) by extension 'cmake'
[0.519s] Level 1:colcon.colcon_core.package_identification:_identify(venv/lib/python3.12/site-packages/pip/_internal/metadata/importlib/__pycache__) by extension 'python'
[0.519s] Level 1:colcon.colcon_core.package_identification:_identify(venv/lib/python3.12/site-packages/pip/_internal/metadata/importlib/__pycache__) by extensions ['python_setup_py']
[0.519s] Level 1:colcon.colcon_core.package_identification:_identify(venv/lib/python3.12/site-packages/pip/_internal/metadata/importlib/__pycache__) by extension 'python_setup_py'
[0.519s] Level 1:colcon.colcon_core.package_identification:_identify(venv/lib/python3.12/site-packages/pip/_internal/models) by extensions ['ignore', 'ignore_ament_install']
[0.519s] Level 1:colcon.colcon_core.package_identification:_identify(venv/lib/python3.12/site-packages/pip/_internal/models) by extension 'ignore'
[0.519s] Level 1:colcon.colcon_core.package_identification:_identify(venv/lib/python3.12/site-packages/pip/_internal/models) by extension 'ignore_ament_install'
[0.519s] Level 1:colcon.colcon_core.package_identification:_identify(venv/lib/python3.12/site-packages/pip/_internal/models) by extensions ['colcon_pkg']
[0.519s] Level 1:colcon.colcon_core.package_identification:_identify(venv/lib/python3.12/site-packages/pip/_internal/models) by extension 'colcon_pkg'
[0.519s] Level 1:colcon.colcon_core.package_identification:_identify(venv/lib/python3.12/site-packages/pip/_internal/models) by extensions ['colcon_meta']
[0.519s] Level 1:colcon.colcon_core.package_identification:_identify(venv/lib/python3.12/site-packages/pip/_internal/models) by extension 'colcon_meta'
[0.519s] Level 1:colcon.colcon_core.package_identification:_identify(venv/lib/python3.12/site-packages/pip/_internal/models) by extensions ['ros']
[0.519s] Level 1:colcon.colcon_core.package_identification:_identify(venv/lib/python3.12/site-packages/pip/_internal/models) by extension 'ros'
[0.520s] Level 1:colcon.colcon_core.package_identification:_identify(venv/lib/python3.12/site-packages/pip/_internal/models) by extensions ['cmake', 'python']
[0.520s] Level 1:colcon.colcon_core.package_identification:_identify(venv/lib/python3.12/site-packages/pip/_internal/models) by extension 'cmake'
[0.520s] Level 1:colcon.colcon_core.package_identification:_identify(venv/lib/python3.12/site-packages/pip/_internal/models) by extension 'python'
[0.520s] Level 1:colcon.colcon_core.package_identification:_identify(venv/lib/python3.12/site-packages/pip/_internal/models) by extensions ['python_setup_py']
[0.520s] Level 1:colcon.colcon_core.package_identification:_identify(venv/lib/python3.12/site-packages/pip/_internal/models) by extension 'python_setup_py'
[0.520s] Level 1:colcon.colcon_core.package_identification:_identify(venv/lib/python3.12/site-packages/pip/_internal/models/__pycache__) by extensions ['ignore', 'ignore_ament_install']
[0.520s] Level 1:colcon.colcon_core.package_identification:_identify(venv/lib/python3.12/site-packages/pip/_internal/models/__pycache__) by extension 'ignore'
[0.520s] Level 1:colcon.colcon_core.package_identification:_identify(venv/lib/python3.12/site-packages/pip/_internal/models/__pycache__) by extension 'ignore_ament_install'
[0.520s] Level 1:colcon.colcon_core.package_identification:_identify(venv/lib/python3.12/site-packages/pip/_internal/models/__pycache__) by extensions ['colcon_pkg']
[0.520s] Level 1:colcon.colcon_core.package_identification:_identify(venv/lib/python3.12/site-packages/pip/_internal/models/__pycache__) by extension 'colcon_pkg'
[0.520s] Level 1:colcon.colcon_core.package_identification:_identify(venv/lib/python3.12/site-packages/pip/_internal/models/__pycache__) by extensions ['colcon_meta']
[0.520s] Level 1:colcon.colcon_core.package_identification:_identify(venv/lib/python3.12/site-packages/pip/_internal/models/__pycache__) by extension 'colcon_meta'
[0.520s] Level 1:colcon.colcon_core.package_identification:_identify(venv/lib/python3.12/site-packages/pip/_internal/models/__pycache__) by extensions ['ros']
[0.520s] Level 1:colcon.colcon_core.package_identification:_identify(venv/lib/python3.12/site-packages/pip/_internal/models/__pycache__) by extension 'ros'
[0.520s] Level 1:colcon.colcon_core.package_identification:_identify(venv/lib/python3.12/site-packages/pip/_internal/models/__pycache__) by extensions ['cmake', 'python']
[0.520s] Level 1:colcon.colcon_core.package_identification:_identify(venv/lib/python3.12/site-packages/pip/_internal/models/__pycache__) by extension 'cmake'
[0.520s] Level 1:colcon.colcon_core.package_identification:_identify(venv/lib/python3.12/site-packages/pip/_internal/models/__pycache__) by extension 'python'
[0.521s] Level 1:colcon.colcon_core.package_identification:_identify(venv/lib/python3.12/site-packages/pip/_internal/models/__pycache__) by extensions ['python_setup_py']
[0.521s] Level 1:colcon.colcon_core.package_identification:_identify(venv/lib/python3.12/site-packages/pip/_internal/models/__pycache__) by extension 'python_setup_py'
[0.521s] Level 1:colcon.colcon_core.package_identification:_identify(venv/lib/python3.12/site-packages/pip/_internal/network) by extensions ['ignore', 'ignore_ament_install']
[0.521s] Level 1:colcon.colcon_core.package_identification:_identify(venv/lib/python3.12/site-packages/pip/_internal/network) by extension 'ignore'
[0.521s] Level 1:colcon.colcon_core.package_identification:_identify(venv/lib/python3.12/site-packages/pip/_internal/network) by extension 'ignore_ament_install'
[0.521s] Level 1:colcon.colcon_core.package_identification:_identify(venv/lib/python3.12/site-packages/pip/_internal/network) by extensions ['colcon_pkg']
[0.521s] Level 1:colcon.colcon_core.package_identification:_identify(venv/lib/python3.12/site-packages/pip/_internal/network) by extension 'colcon_pkg'
[0.521s] Level 1:colcon.colcon_core.package_identification:_identify(venv/lib/python3.12/site-packages/pip/_internal/network) by extensions ['colcon_meta']
[0.521s] Level 1:colcon.colcon_core.package_identification:_identify(venv/lib/python3.12/site-packages/pip/_internal/network) by extension 'colcon_meta'
[0.521s] Level 1:colcon.colcon_core.package_identification:_identify(venv/lib/python3.12/site-packages/pip/_internal/network) by extensions ['ros']
[0.521s] Level 1:colcon.colcon_core.package_identification:_identify(venv/lib/python3.12/site-packages/pip/_internal/network) by extension 'ros'
[0.521s] Level 1:colcon.colcon_core.package_identification:_identify(venv/lib/python3.12/site-packages/pip/_internal/network) by extensions ['cmake', 'python']
[0.521s] Level 1:colcon.colcon_core.package_identification:_identify(venv/lib/python3.12/site-packages/pip/_internal/network) by extension 'cmake'
[0.521s] Level 1:colcon.colcon_core.package_identification:_identify(venv/lib/python3.12/site-packages/pip/_internal/network) by extension 'python'
[0.521s] Level 1:colcon.colcon_core.package_identification:_identify(venv/lib/python3.12/site-packages/pip/_internal/network) by extensions ['python_setup_py']
[0.521s] Level 1:colcon.colcon_core.package_identification:_identify(venv/lib/python3.12/site-packages/pip/_internal/network) by extension 'python_setup_py'
[0.522s] Level 1:colcon.colcon_core.package_identification:_identify(venv/lib/python3.12/site-packages/pip/_internal/network/__pycache__) by extensions ['ignore', 'ignore_ament_install']
[0.522s] Level 1:colcon.colcon_core.package_identification:_identify(venv/lib/python3.12/site-packages/pip/_internal/network/__pycache__) by extension 'ignore'
[0.522s] Level 1:colcon.colcon_core.package_identification:_identify(venv/lib/python3.12/site-packages/pip/_internal/network/__pycache__) by extension 'ignore_ament_install'
[0.522s] Level 1:colcon.colcon_core.package_identification:_identify(venv/lib/python3.12/site-packages/pip/_internal/network/__pycache__) by extensions ['colcon_pkg']
[0.522s] Level 1:colcon.colcon_core.package_identification:_identify(venv/lib/python3.12/site-packages/pip/_internal/network/__pycache__) by extension 'colcon_pkg'
[0.522s] Level 1:colcon.colcon_core.package_identification:_identify(venv/lib/python3.12/site-packages/pip/_internal/network/__pycache__) by extensions ['colcon_meta']
[0.522s] Level 1:colcon.colcon_core.package_identification:_identify(venv/lib/python3.12/site-packages/pip/_internal/network/__pycache__) by extension 'colcon_meta'
[0.522s] Level 1:colcon.colcon_core.package_identification:_identify(venv/lib/python3.12/site-packages/pip/_internal/network/__pycache__) by extensions ['ros']
[0.522s] Level 1:colcon.colcon_core.package_identification:_identify(venv/lib/python3.12/site-packages/pip/_internal/network/__pycache__) by extension 'ros'
[0.522s] Level 1:colcon.colcon_core.package_identification:_identify(venv/lib/python3.12/site-packages/pip/_internal/network/__pycache__) by extensions ['cmake', 'python']
[0.522s] Level 1:colcon.colcon_core.package_identification:_identify(venv/lib/python3.12/site-packages/pip/_internal/network/__pycache__) by extension 'cmake'
[0.522s] Level 1:colcon.colcon_core.package_identification:_identify(venv/lib/python3.12/site-packages/pip/_internal/network/__pycache__) by extension 'python'
[0.522s] Level 1:colcon.colcon_core.package_identification:_identify(venv/lib/python3.12/site-packages/pip/_internal/network/__pycache__) by extensions ['python_setup_py']
[0.522s] Level 1:colcon.colcon_core.package_identification:_identify(venv/lib/python3.12/site-packages/pip/_internal/network/__pycache__) by extension 'python_setup_py'
[0.522s] Level 1:colcon.colcon_core.package_identification:_identify(venv/lib/python3.12/site-packages/pip/_internal/operations) by extensions ['ignore', 'ignore_ament_install']
[0.523s] Level 1:colcon.colcon_core.package_identification:_identify(venv/lib/python3.12/site-packages/pip/_internal/operations) by extension 'ignore'
[0.523s] Level 1:colcon.colcon_core.package_identification:_identify(venv/lib/python3.12/site-packages/pip/_internal/operations) by extension 'ignore_ament_install'
[0.523s] Level 1:colcon.colcon_core.package_identification:_identify(venv/lib/python3.12/site-packages/pip/_internal/operations) by extensions ['colcon_pkg']
[0.523s] Level 1:colcon.colcon_core.package_identification:_identify(venv/lib/python3.12/site-packages/pip/_internal/operations) by extension 'colcon_pkg'
[0.523s] Level 1:colcon.colcon_core.package_identification:_identify(venv/lib/python3.12/site-packages/pip/_internal/operations) by extensions ['colcon_meta']
[0.523s] Level 1:colcon.colcon_core.package_identification:_identify(venv/lib/python3.12/site-packages/pip/_internal/operations) by extension 'colcon_meta'
[0.523s] Level 1:colcon.colcon_core.package_identification:_identify(venv/lib/python3.12/site-packages/pip/_internal/operations) by extensions ['ros']
[0.523s] Level 1:colcon.colcon_core.package_identification:_identify(venv/lib/python3.12/site-packages/pip/_internal/operations) by extension 'ros'
[0.523s] Level 1:colcon.colcon_core.package_identification:_identify(venv/lib/python3.12/site-packages/pip/_internal/operations) by extensions ['cmake', 'python']
[0.523s] Level 1:colcon.colcon_core.package_identification:_identify(venv/lib/python3.12/site-packages/pip/_internal/operations) by extension 'cmake'
[0.523s] Level 1:colcon.colcon_core.package_identification:_identify(venv/lib/python3.12/site-packages/pip/_internal/operations) by extension 'python'
[0.523s] Level 1:colcon.colcon_core.package_identification:_identify(venv/lib/python3.12/site-packages/pip/_internal/operations) by extensions ['python_setup_py']
[0.523s] Level 1:colcon.colcon_core.package_identification:_identify(venv/lib/python3.12/site-packages/pip/_internal/operations) by extension 'python_setup_py'
[0.523s] Level 1:colcon.colcon_core.package_identification:_identify(venv/lib/python3.12/site-packages/pip/_internal/operations/__pycache__) by extensions ['ignore', 'ignore_ament_install']
[0.523s] Level 1:colcon.colcon_core.package_identification:_identify(venv/lib/python3.12/site-packages/pip/_internal/operations/__pycache__) by extension 'ignore'
[0.523s] Level 1:colcon.colcon_core.package_identification:_identify(venv/lib/python3.12/site-packages/pip/_internal/operations/__pycache__) by extension 'ignore_ament_install'
[0.523s] Level 1:colcon.colcon_core.package_identification:_identify(venv/lib/python3.12/site-packages/pip/_internal/operations/__pycache__) by extensions ['colcon_pkg']
[0.524s] Level 1:colcon.colcon_core.package_identification:_identify(venv/lib/python3.12/site-packages/pip/_internal/operations/__pycache__) by extension 'colcon_pkg'
[0.524s] Level 1:colcon.colcon_core.package_identification:_identify(venv/lib/python3.12/site-packages/pip/_internal/operations/__pycache__) by extensions ['colcon_meta']
[0.524s] Level 1:colcon.colcon_core.package_identification:_identify(venv/lib/python3.12/site-packages/pip/_internal/operations/__pycache__) by extension 'colcon_meta'
[0.524s] Level 1:colcon.colcon_core.package_identification:_identify(venv/lib/python3.12/site-packages/pip/_internal/operations/__pycache__) by extensions ['ros']
[0.524s] Level 1:colcon.colcon_core.package_identification:_identify(venv/lib/python3.12/site-packages/pip/_internal/operations/__pycache__) by extension 'ros'
[0.524s] Level 1:colcon.colcon_core.package_identification:_identify(venv/lib/python3.12/site-packages/pip/_internal/operations/__pycache__) by extensions ['cmake', 'python']
[0.524s] Level 1:colcon.colcon_core.package_identification:_identify(venv/lib/python3.12/site-packages/pip/_internal/operations/__pycache__) by extension 'cmake'
[0.524s] Level 1:colcon.colcon_core.package_identification:_identify(venv/lib/python3.12/site-packages/pip/_internal/operations/__pycache__) by extension 'python'
[0.524s] Level 1:colcon.colcon_core.package_identification:_identify(venv/lib/python3.12/site-packages/pip/_internal/operations/__pycache__) by extensions ['python_setup_py']
[0.524s] Level 1:colcon.colcon_core.package_identification:_identify(venv/lib/python3.12/site-packages/pip/_internal/operations/__pycache__) by extension 'python_setup_py'
[0.524s] Level 1:colcon.colcon_core.package_identification:_identify(venv/lib/python3.12/site-packages/pip/_internal/operations/build) by extensions ['ignore', 'ignore_ament_install']
[0.524s] Level 1:colcon.colcon_core.package_identification:_identify(venv/lib/python3.12/site-packages/pip/_internal/operations/build) by extension 'ignore'
[0.524s] Level 1:colcon.colcon_core.package_identification:_identify(venv/lib/python3.12/site-packages/pip/_internal/operations/build) by extension 'ignore_ament_install'
[0.524s] Level 1:colcon.colcon_core.package_identification:_identify(venv/lib/python3.12/site-packages/pip/_internal/operations/build) by extensions ['colcon_pkg']
[0.524s] Level 1:colcon.colcon_core.package_identification:_identify(venv/lib/python3.12/site-packages/pip/_internal/operations/build) by extension 'colcon_pkg'
[0.524s] Level 1:colcon.colcon_core.package_identification:_identify(venv/lib/python3.12/site-packages/pip/_internal/operations/build) by extensions ['colcon_meta']
[0.524s] Level 1:colcon.colcon_core.package_identification:_identify(venv/lib/python3.12/site-packages/pip/_internal/operations/build) by extension 'colcon_meta'
[0.525s] Level 1:colcon.colcon_core.package_identification:_identify(venv/lib/python3.12/site-packages/pip/_internal/operations/build) by extensions ['ros']
[0.525s] Level 1:colcon.colcon_core.package_identification:_identify(venv/lib/python3.12/site-packages/pip/_internal/operations/build) by extension 'ros'
[0.525s] Level 1:colcon.colcon_core.package_identification:_identify(venv/lib/python3.12/site-packages/pip/_internal/operations/build) by extensions ['cmake', 'python']
[0.525s] Level 1:colcon.colcon_core.package_identification:_identify(venv/lib/python3.12/site-packages/pip/_internal/operations/build) by extension 'cmake'
[0.525s] Level 1:colcon.colcon_core.package_identification:_identify(venv/lib/python3.12/site-packages/pip/_internal/operations/build) by extension 'python'
[0.525s] Level 1:colcon.colcon_core.package_identification:_identify(venv/lib/python3.12/site-packages/pip/_internal/operations/build) by extensions ['python_setup_py']
[0.525s] Level 1:colcon.colcon_core.package_identification:_identify(venv/lib/python3.12/site-packages/pip/_internal/operations/build) by extension 'python_setup_py'
[0.525s] Level 1:colcon.colcon_core.package_identification:_identify(venv/lib/python3.12/site-packages/pip/_internal/operations/build/__pycache__) by extensions ['ignore', 'ignore_ament_install']
[0.525s] Level 1:colcon.colcon_core.package_identification:_identify(venv/lib/python3.12/site-packages/pip/_internal/operations/build/__pycache__) by extension 'ignore'
[0.525s] Level 1:colcon.colcon_core.package_identification:_identify(venv/lib/python3.12/site-packages/pip/_internal/operations/build/__pycache__) by extension 'ignore_ament_install'
[0.525s] Level 1:colcon.colcon_core.package_identification:_identify(venv/lib/python3.12/site-packages/pip/_internal/operations/build/__pycache__) by extensions ['colcon_pkg']
[0.525s] Level 1:colcon.colcon_core.package_identification:_identify(venv/lib/python3.12/site-packages/pip/_internal/operations/build/__pycache__) by extension 'colcon_pkg'
[0.525s] Level 1:colcon.colcon_core.package_identification:_identify(venv/lib/python3.12/site-packages/pip/_internal/operations/build/__pycache__) by extensions ['colcon_meta']
[0.525s] Level 1:colcon.colcon_core.package_identification:_identify(venv/lib/python3.12/site-packages/pip/_internal/operations/build/__pycache__) by extension 'colcon_meta'
[0.525s] Level 1:colcon.colcon_core.package_identification:_identify(venv/lib/python3.12/site-packages/pip/_internal/operations/build/__pycache__) by extensions ['ros']
[0.525s] Level 1:colcon.colcon_core.package_identification:_identify(venv/lib/python3.12/site-packages/pip/_internal/operations/build/__pycache__) by extension 'ros'
[0.526s] Level 1:colcon.colcon_core.package_identification:_identify(venv/lib/python3.12/site-packages/pip/_internal/operations/build/__pycache__) by extensions ['cmake', 'python']
[0.526s] Level 1:colcon.colcon_core.package_identification:_identify(venv/lib/python3.12/site-packages/pip/_internal/operations/build/__pycache__) by extension 'cmake'
[0.526s] Level 1:colcon.colcon_core.package_identification:_identify(venv/lib/python3.12/site-packages/pip/_internal/operations/build/__pycache__) by extension 'python'
[0.526s] Level 1:colcon.colcon_core.package_identification:_identify(venv/lib/python3.12/site-packages/pip/_internal/operations/build/__pycache__) by extensions ['python_setup_py']
[0.526s] Level 1:colcon.colcon_core.package_identification:_identify(venv/lib/python3.12/site-packages/pip/_internal/operations/build/__pycache__) by extension 'python_setup_py'
[0.526s] Level 1:colcon.colcon_core.package_identification:_identify(venv/lib/python3.12/site-packages/pip/_internal/operations/install) by extensions ['ignore', 'ignore_ament_install']
[0.526s] Level 1:colcon.colcon_core.package_identification:_identify(venv/lib/python3.12/site-packages/pip/_internal/operations/install) by extension 'ignore'
[0.526s] Level 1:colcon.colcon_core.package_identification:_identify(venv/lib/python3.12/site-packages/pip/_internal/operations/install) by extension 'ignore_ament_install'
[0.526s] Level 1:colcon.colcon_core.package_identification:_identify(venv/lib/python3.12/site-packages/pip/_internal/operations/install) by extensions ['colcon_pkg']
[0.526s] Level 1:colcon.colcon_core.package_identification:_identify(venv/lib/python3.12/site-packages/pip/_internal/operations/install) by extension 'colcon_pkg'
[0.526s] Level 1:colcon.colcon_core.package_identification:_identify(venv/lib/python3.12/site-packages/pip/_internal/operations/install) by extensions ['colcon_meta']
[0.526s] Level 1:colcon.colcon_core.package_identification:_identify(venv/lib/python3.12/site-packages/pip/_internal/operations/install) by extension 'colcon_meta'
[0.526s] Level 1:colcon.colcon_core.package_identification:_identify(venv/lib/python3.12/site-packages/pip/_internal/operations/install) by extensions ['ros']
[0.526s] Level 1:colcon.colcon_core.package_identification:_identify(venv/lib/python3.12/site-packages/pip/_internal/operations/install) by extension 'ros'
[0.526s] Level 1:colcon.colcon_core.package_identification:_identify(venv/lib/python3.12/site-packages/pip/_internal/operations/install) by extensions ['cmake', 'python']
[0.526s] Level 1:colcon.colcon_core.package_identification:_identify(venv/lib/python3.12/site-packages/pip/_internal/operations/install) by extension 'cmake'
[0.527s] Level 1:colcon.colcon_core.package_identification:_identify(venv/lib/python3.12/site-packages/pip/_internal/operations/install) by extension 'python'
[0.527s] Level 1:colcon.colcon_core.package_identification:_identify(venv/lib/python3.12/site-packages/pip/_internal/operations/install) by extensions ['python_setup_py']
[0.527s] Level 1:colcon.colcon_core.package_identification:_identify(venv/lib/python3.12/site-packages/pip/_internal/operations/install) by extension 'python_setup_py'
[0.527s] Level 1:colcon.colcon_core.package_identification:_identify(venv/lib/python3.12/site-packages/pip/_internal/operations/install/__pycache__) by extensions ['ignore', 'ignore_ament_install']
[0.527s] Level 1:colcon.colcon_core.package_identification:_identify(venv/lib/python3.12/site-packages/pip/_internal/operations/install/__pycache__) by extension 'ignore'
[0.527s] Level 1:colcon.colcon_core.package_identification:_identify(venv/lib/python3.12/site-packages/pip/_internal/operations/install/__pycache__) by extension 'ignore_ament_install'
[0.527s] Level 1:colcon.colcon_core.package_identification:_identify(venv/lib/python3.12/site-packages/pip/_internal/operations/install/__pycache__) by extensions ['colcon_pkg']
[0.527s] Level 1:colcon.colcon_core.package_identification:_identify(venv/lib/python3.12/site-packages/pip/_internal/operations/install/__pycache__) by extension 'colcon_pkg'
[0.527s] Level 1:colcon.colcon_core.package_identification:_identify(venv/lib/python3.12/site-packages/pip/_internal/operations/install/__pycache__) by extensions ['colcon_meta']
[0.527s] Level 1:colcon.colcon_core.package_identification:_identify(venv/lib/python3.12/site-packages/pip/_internal/operations/install/__pycache__) by extension 'colcon_meta'
[0.527s] Level 1:colcon.colcon_core.package_identification:_identify(venv/lib/python3.12/site-packages/pip/_internal/operations/install/__pycache__) by extensions ['ros']
[0.527s] Level 1:colcon.colcon_core.package_identification:_identify(venv/lib/python3.12/site-packages/pip/_internal/operations/install/__pycache__) by extension 'ros'
[0.527s] Level 1:colcon.colcon_core.package_identification:_identify(venv/lib/python3.12/site-packages/pip/_internal/operations/install/__pycache__) by extensions ['cmake', 'python']
[0.527s] Level 1:colcon.colcon_core.package_identification:_identify(venv/lib/python3.12/site-packages/pip/_internal/operations/install/__pycache__) by extension 'cmake'
[0.527s] Level 1:colcon.colcon_core.package_identification:_identify(venv/lib/python3.12/site-packages/pip/_internal/operations/install/__pycache__) by extension 'python'
[0.527s] Level 1:colcon.colcon_core.package_identification:_identify(venv/lib/python3.12/site-packages/pip/_internal/operations/install/__pycache__) by extensions ['python_setup_py']
[0.527s] Level 1:colcon.colcon_core.package_identification:_identify(venv/lib/python3.12/site-packages/pip/_internal/operations/install/__pycache__) by extension 'python_setup_py'
[0.528s] Level 1:colcon.colcon_core.package_identification:_identify(venv/lib/python3.12/site-packages/pip/_internal/req) by extensions ['ignore', 'ignore_ament_install']
[0.528s] Level 1:colcon.colcon_core.package_identification:_identify(venv/lib/python3.12/site-packages/pip/_internal/req) by extension 'ignore'
[0.528s] Level 1:colcon.colcon_core.package_identification:_identify(venv/lib/python3.12/site-packages/pip/_internal/req) by extension 'ignore_ament_install'
[0.528s] Level 1:colcon.colcon_core.package_identification:_identify(venv/lib/python3.12/site-packages/pip/_internal/req) by extensions ['colcon_pkg']
[0.528s] Level 1:colcon.colcon_core.package_identification:_identify(venv/lib/python3.12/site-packages/pip/_internal/req) by extension 'colcon_pkg'
[0.528s] Level 1:colcon.colcon_core.package_identification:_identify(venv/lib/python3.12/site-packages/pip/_internal/req) by extensions ['colcon_meta']
[0.528s] Level 1:colcon.colcon_core.package_identification:_identify(venv/lib/python3.12/site-packages/pip/_internal/req) by extension 'colcon_meta'
[0.528s] Level 1:colcon.colcon_core.package_identification:_identify(venv/lib/python3.12/site-packages/pip/_internal/req) by extensions ['ros']
[0.528s] Level 1:colcon.colcon_core.package_identification:_identify(venv/lib/python3.12/site-packages/pip/_internal/req) by extension 'ros'
[0.528s] Level 1:colcon.colcon_core.package_identification:_identify(venv/lib/python3.12/site-packages/pip/_internal/req) by extensions ['cmake', 'python']
[0.528s] Level 1:colcon.colcon_core.package_identification:_identify(venv/lib/python3.12/site-packages/pip/_internal/req) by extension 'cmake'
[0.528s] Level 1:colcon.colcon_core.package_identification:_identify(venv/lib/python3.12/site-packages/pip/_internal/req) by extension 'python'
[0.528s] Level 1:colcon.colcon_core.package_identification:_identify(venv/lib/python3.12/site-packages/pip/_internal/req) by extensions ['python_setup_py']
[0.528s] Level 1:colcon.colcon_core.package_identification:_identify(venv/lib/python3.12/site-packages/pip/_internal/req) by extension 'python_setup_py'
[0.528s] Level 1:colcon.colcon_core.package_identification:_identify(venv/lib/python3.12/site-packages/pip/_internal/req/__pycache__) by extensions ['ignore', 'ignore_ament_install']
[0.529s] Level 1:colcon.colcon_core.package_identification:_identify(venv/lib/python3.12/site-packages/pip/_internal/req/__pycache__) by extension 'ignore'
[0.529s] Level 1:colcon.colcon_core.package_identification:_identify(venv/lib/python3.12/site-packages/pip/_internal/req/__pycache__) by extension 'ignore_ament_install'
[0.529s] Level 1:colcon.colcon_core.package_identification:_identify(venv/lib/python3.12/site-packages/pip/_internal/req/__pycache__) by extensions ['colcon_pkg']
[0.529s] Level 1:colcon.colcon_core.package_identification:_identify(venv/lib/python3.12/site-packages/pip/_internal/req/__pycache__) by extension 'colcon_pkg'
[0.529s] Level 1:colcon.colcon_core.package_identification:_identify(venv/lib/python3.12/site-packages/pip/_internal/req/__pycache__) by extensions ['colcon_meta']
[0.529s] Level 1:colcon.colcon_core.package_identification:_identify(venv/lib/python3.12/site-packages/pip/_internal/req/__pycache__) by extension 'colcon_meta'
[0.529s] Level 1:colcon.colcon_core.package_identification:_identify(venv/lib/python3.12/site-packages/pip/_internal/req/__pycache__) by extensions ['ros']
[0.529s] Level 1:colcon.colcon_core.package_identification:_identify(venv/lib/python3.12/site-packages/pip/_internal/req/__pycache__) by extension 'ros'
[0.529s] Level 1:colcon.colcon_core.package_identification:_identify(venv/lib/python3.12/site-packages/pip/_internal/req/__pycache__) by extensions ['cmake', 'python']
[0.529s] Level 1:colcon.colcon_core.package_identification:_identify(venv/lib/python3.12/site-packages/pip/_internal/req/__pycache__) by extension 'cmake'
[0.529s] Level 1:colcon.colcon_core.package_identification:_identify(venv/lib/python3.12/site-packages/pip/_internal/req/__pycache__) by extension 'python'
[0.529s] Level 1:colcon.colcon_core.package_identification:_identify(venv/lib/python3.12/site-packages/pip/_internal/req/__pycache__) by extensions ['python_setup_py']
[0.529s] Level 1:colcon.colcon_core.package_identification:_identify(venv/lib/python3.12/site-packages/pip/_internal/req/__pycache__) by extension 'python_setup_py'
[0.529s] Level 1:colcon.colcon_core.package_identification:_identify(venv/lib/python3.12/site-packages/pip/_internal/resolution) by extensions ['ignore', 'ignore_ament_install']
[0.529s] Level 1:colcon.colcon_core.package_identification:_identify(venv/lib/python3.12/site-packages/pip/_internal/resolution) by extension 'ignore'
[0.529s] Level 1:colcon.colcon_core.package_identification:_identify(venv/lib/python3.12/site-packages/pip/_internal/resolution) by extension 'ignore_ament_install'
[0.530s] Level 1:colcon.colcon_core.package_identification:_identify(venv/lib/python3.12/site-packages/pip/_internal/resolution) by extensions ['colcon_pkg']
[0.530s] Level 1:colcon.colcon_core.package_identification:_identify(venv/lib/python3.12/site-packages/pip/_internal/resolution) by extension 'colcon_pkg'
[0.530s] Level 1:colcon.colcon_core.package_identification:_identify(venv/lib/python3.12/site-packages/pip/_internal/resolution) by extensions ['colcon_meta']
[0.530s] Level 1:colcon.colcon_core.package_identification:_identify(venv/lib/python3.12/site-packages/pip/_internal/resolution) by extension 'colcon_meta'
[0.530s] Level 1:colcon.colcon_core.package_identification:_identify(venv/lib/python3.12/site-packages/pip/_internal/resolution) by extensions ['ros']
[0.530s] Level 1:colcon.colcon_core.package_identification:_identify(venv/lib/python3.12/site-packages/pip/_internal/resolution) by extension 'ros'
[0.530s] Level 1:colcon.colcon_core.package_identification:_identify(venv/lib/python3.12/site-packages/pip/_internal/resolution) by extensions ['cmake', 'python']
[0.530s] Level 1:colcon.colcon_core.package_identification:_identify(venv/lib/python3.12/site-packages/pip/_internal/resolution) by extension 'cmake'
[0.530s] Level 1:colcon.colcon_core.package_identification:_identify(venv/lib/python3.12/site-packages/pip/_internal/resolution) by extension 'python'
[0.530s] Level 1:colcon.colcon_core.package_identification:_identify(venv/lib/python3.12/site-packages/pip/_internal/resolution) by extensions ['python_setup_py']
[0.530s] Level 1:colcon.colcon_core.package_identification:_identify(venv/lib/python3.12/site-packages/pip/_internal/resolution) by extension 'python_setup_py'
[0.530s] Level 1:colcon.colcon_core.package_identification:_identify(venv/lib/python3.12/site-packages/pip/_internal/resolution/__pycache__) by extensions ['ignore', 'ignore_ament_install']
[0.530s] Level 1:colcon.colcon_core.package_identification:_identify(venv/lib/python3.12/site-packages/pip/_internal/resolution/__pycache__) by extension 'ignore'
[0.530s] Level 1:colcon.colcon_core.package_identification:_identify(venv/lib/python3.12/site-packages/pip/_internal/resolution/__pycache__) by extension 'ignore_ament_install'
[0.530s] Level 1:colcon.colcon_core.package_identification:_identify(venv/lib/python3.12/site-packages/pip/_internal/resolution/__pycache__) by extensions ['colcon_pkg']
[0.530s] Level 1:colcon.colcon_core.package_identification:_identify(venv/lib/python3.12/site-packages/pip/_internal/resolution/__pycache__) by extension 'colcon_pkg'
[0.530s] Level 1:colcon.colcon_core.package_identification:_identify(venv/lib/python3.12/site-packages/pip/_internal/resolution/__pycache__) by extensions ['colcon_meta']
[0.530s] Level 1:colcon.colcon_core.package_identification:_identify(venv/lib/python3.12/site-packages/pip/_internal/resolution/__pycache__) by extension 'colcon_meta'
[0.531s] Level 1:colcon.colcon_core.package_identification:_identify(venv/lib/python3.12/site-packages/pip/_internal/resolution/__pycache__) by extensions ['ros']
[0.531s] Level 1:colcon.colcon_core.package_identification:_identify(venv/lib/python3.12/site-packages/pip/_internal/resolution/__pycache__) by extension 'ros'
[0.531s] Level 1:colcon.colcon_core.package_identification:_identify(venv/lib/python3.12/site-packages/pip/_internal/resolution/__pycache__) by extensions ['cmake', 'python']
[0.531s] Level 1:colcon.colcon_core.package_identification:_identify(venv/lib/python3.12/site-packages/pip/_internal/resolution/__pycache__) by extension 'cmake'
[0.531s] Level 1:colcon.colcon_core.package_identification:_identify(venv/lib/python3.12/site-packages/pip/_internal/resolution/__pycache__) by extension 'python'
[0.531s] Level 1:colcon.colcon_core.package_identification:_identify(venv/lib/python3.12/site-packages/pip/_internal/resolution/__pycache__) by extensions ['python_setup_py']
[0.531s] Level 1:colcon.colcon_core.package_identification:_identify(venv/lib/python3.12/site-packages/pip/_internal/resolution/__pycache__) by extension 'python_setup_py'
[0.531s] Level 1:colcon.colcon_core.package_identification:_identify(venv/lib/python3.12/site-packages/pip/_internal/resolution/legacy) by extensions ['ignore', 'ignore_ament_install']
[0.531s] Level 1:colcon.colcon_core.package_identification:_identify(venv/lib/python3.12/site-packages/pip/_internal/resolution/legacy) by extension 'ignore'
[0.531s] Level 1:colcon.colcon_core.package_identification:_identify(venv/lib/python3.12/site-packages/pip/_internal/resolution/legacy) by extension 'ignore_ament_install'
[0.531s] Level 1:colcon.colcon_core.package_identification:_identify(venv/lib/python3.12/site-packages/pip/_internal/resolution/legacy) by extensions ['colcon_pkg']
[0.531s] Level 1:colcon.colcon_core.package_identification:_identify(venv/lib/python3.12/site-packages/pip/_internal/resolution/legacy) by extension 'colcon_pkg'
[0.531s] Level 1:colcon.colcon_core.package_identification:_identify(venv/lib/python3.12/site-packages/pip/_internal/resolution/legacy) by extensions ['colcon_meta']
[0.531s] Level 1:colcon.colcon_core.package_identification:_identify(venv/lib/python3.12/site-packages/pip/_internal/resolution/legacy) by extension 'colcon_meta'
[0.531s] Level 1:colcon.colcon_core.package_identification:_identify(venv/lib/python3.12/site-packages/pip/_internal/resolution/legacy) by extensions ['ros']
[0.531s] Level 1:colcon.colcon_core.package_identification:_identify(venv/lib/python3.12/site-packages/pip/_internal/resolution/legacy) by extension 'ros'
[0.532s] Level 1:colcon.colcon_core.package_identification:_identify(venv/lib/python3.12/site-packages/pip/_internal/resolution/legacy) by extensions ['cmake', 'python']
[0.532s] Level 1:colcon.colcon_core.package_identification:_identify(venv/lib/python3.12/site-packages/pip/_internal/resolution/legacy) by extension 'cmake'
[0.532s] Level 1:colcon.colcon_core.package_identification:_identify(venv/lib/python3.12/site-packages/pip/_internal/resolution/legacy) by extension 'python'
[0.532s] Level 1:colcon.colcon_core.package_identification:_identify(venv/lib/python3.12/site-packages/pip/_internal/resolution/legacy) by extensions ['python_setup_py']
[0.532s] Level 1:colcon.colcon_core.package_identification:_identify(venv/lib/python3.12/site-packages/pip/_internal/resolution/legacy) by extension 'python_setup_py'
[0.532s] Level 1:colcon.colcon_core.package_identification:_identify(venv/lib/python3.12/site-packages/pip/_internal/resolution/legacy/__pycache__) by extensions ['ignore', 'ignore_ament_install']
[0.532s] Level 1:colcon.colcon_core.package_identification:_identify(venv/lib/python3.12/site-packages/pip/_internal/resolution/legacy/__pycache__) by extension 'ignore'
[0.532s] Level 1:colcon.colcon_core.package_identification:_identify(venv/lib/python3.12/site-packages/pip/_internal/resolution/legacy/__pycache__) by extension 'ignore_ament_install'
[0.532s] Level 1:colcon.colcon_core.package_identification:_identify(venv/lib/python3.12/site-packages/pip/_internal/resolution/legacy/__pycache__) by extensions ['colcon_pkg']
[0.532s] Level 1:colcon.colcon_core.package_identification:_identify(venv/lib/python3.12/site-packages/pip/_internal/resolution/legacy/__pycache__) by extension 'colcon_pkg'
[0.532s] Level 1:colcon.colcon_core.package_identification:_identify(venv/lib/python3.12/site-packages/pip/_internal/resolution/legacy/__pycache__) by extensions ['colcon_meta']
[0.532s] Level 1:colcon.colcon_core.package_identification:_identify(venv/lib/python3.12/site-packages/pip/_internal/resolution/legacy/__pycache__) by extension 'colcon_meta'
[0.532s] Level 1:colcon.colcon_core.package_identification:_identify(venv/lib/python3.12/site-packages/pip/_internal/resolution/legacy/__pycache__) by extensions ['ros']
[0.532s] Level 1:colcon.colcon_core.package_identification:_identify(venv/lib/python3.12/site-packages/pip/_internal/resolution/legacy/__pycache__) by extension 'ros'
[0.532s] Level 1:colcon.colcon_core.package_identification:_identify(venv/lib/python3.12/site-packages/pip/_internal/resolution/legacy/__pycache__) by extensions ['cmake', 'python']
[0.532s] Level 1:colcon.colcon_core.package_identification:_identify(venv/lib/python3.12/site-packages/pip/_internal/resolution/legacy/__pycache__) by extension 'cmake'
[0.533s] Level 1:colcon.colcon_core.package_identification:_identify(venv/lib/python3.12/site-packages/pip/_internal/resolution/legacy/__pycache__) by extension 'python'
[0.533s] Level 1:colcon.colcon_core.package_identification:_identify(venv/lib/python3.12/site-packages/pip/_internal/resolution/legacy/__pycache__) by extensions ['python_setup_py']
[0.533s] Level 1:colcon.colcon_core.package_identification:_identify(venv/lib/python3.12/site-packages/pip/_internal/resolution/legacy/__pycache__) by extension 'python_setup_py'
[0.533s] Level 1:colcon.colcon_core.package_identification:_identify(venv/lib/python3.12/site-packages/pip/_internal/resolution/resolvelib) by extensions ['ignore', 'ignore_ament_install']
[0.533s] Level 1:colcon.colcon_core.package_identification:_identify(venv/lib/python3.12/site-packages/pip/_internal/resolution/resolvelib) by extension 'ignore'
[0.533s] Level 1:colcon.colcon_core.package_identification:_identify(venv/lib/python3.12/site-packages/pip/_internal/resolution/resolvelib) by extension 'ignore_ament_install'
[0.533s] Level 1:colcon.colcon_core.package_identification:_identify(venv/lib/python3.12/site-packages/pip/_internal/resolution/resolvelib) by extensions ['colcon_pkg']
[0.533s] Level 1:colcon.colcon_core.package_identification:_identify(venv/lib/python3.12/site-packages/pip/_internal/resolution/resolvelib) by extension 'colcon_pkg'
[0.533s] Level 1:colcon.colcon_core.package_identification:_identify(venv/lib/python3.12/site-packages/pip/_internal/resolution/resolvelib) by extensions ['colcon_meta']
[0.533s] Level 1:colcon.colcon_core.package_identification:_identify(venv/lib/python3.12/site-packages/pip/_internal/resolution/resolvelib) by extension 'colcon_meta'
[0.533s] Level 1:colcon.colcon_core.package_identification:_identify(venv/lib/python3.12/site-packages/pip/_internal/resolution/resolvelib) by extensions ['ros']
[0.533s] Level 1:colcon.colcon_core.package_identification:_identify(venv/lib/python3.12/site-packages/pip/_internal/resolution/resolvelib) by extension 'ros'
[0.533s] Level 1:colcon.colcon_core.package_identification:_identify(venv/lib/python3.12/site-packages/pip/_internal/resolution/resolvelib) by extensions ['cmake', 'python']
[0.533s] Level 1:colcon.colcon_core.package_identification:_identify(venv/lib/python3.12/site-packages/pip/_internal/resolution/resolvelib) by extension 'cmake'
[0.533s] Level 1:colcon.colcon_core.package_identification:_identify(venv/lib/python3.12/site-packages/pip/_internal/resolution/resolvelib) by extension 'python'
[0.533s] Level 1:colcon.colcon_core.package_identification:_identify(venv/lib/python3.12/site-packages/pip/_internal/resolution/resolvelib) by extensions ['python_setup_py']
[0.533s] Level 1:colcon.colcon_core.package_identification:_identify(venv/lib/python3.12/site-packages/pip/_internal/resolution/resolvelib) by extension 'python_setup_py'
[0.534s] Level 1:colcon.colcon_core.package_identification:_identify(venv/lib/python3.12/site-packages/pip/_internal/resolution/resolvelib/__pycache__) by extensions ['ignore', 'ignore_ament_install']
[0.534s] Level 1:colcon.colcon_core.package_identification:_identify(venv/lib/python3.12/site-packages/pip/_internal/resolution/resolvelib/__pycache__) by extension 'ignore'
[0.534s] Level 1:colcon.colcon_core.package_identification:_identify(venv/lib/python3.12/site-packages/pip/_internal/resolution/resolvelib/__pycache__) by extension 'ignore_ament_install'
[0.534s] Level 1:colcon.colcon_core.package_identification:_identify(venv/lib/python3.12/site-packages/pip/_internal/resolution/resolvelib/__pycache__) by extensions ['colcon_pkg']
[0.534s] Level 1:colcon.colcon_core.package_identification:_identify(venv/lib/python3.12/site-packages/pip/_internal/resolution/resolvelib/__pycache__) by extension 'colcon_pkg'
[0.534s] Level 1:colcon.colcon_core.package_identification:_identify(venv/lib/python3.12/site-packages/pip/_internal/resolution/resolvelib/__pycache__) by extensions ['colcon_meta']
[0.534s] Level 1:colcon.colcon_core.package_identification:_identify(venv/lib/python3.12/site-packages/pip/_internal/resolution/resolvelib/__pycache__) by extension 'colcon_meta'
[0.534s] Level 1:colcon.colcon_core.package_identification:_identify(venv/lib/python3.12/site-packages/pip/_internal/resolution/resolvelib/__pycache__) by extensions ['ros']
[0.534s] Level 1:colcon.colcon_core.package_identification:_identify(venv/lib/python3.12/site-packages/pip/_internal/resolution/resolvelib/__pycache__) by extension 'ros'
[0.534s] Level 1:colcon.colcon_core.package_identification:_identify(venv/lib/python3.12/site-packages/pip/_internal/resolution/resolvelib/__pycache__) by extensions ['cmake', 'python']
[0.534s] Level 1:colcon.colcon_core.package_identification:_identify(venv/lib/python3.12/site-packages/pip/_internal/resolution/resolvelib/__pycache__) by extension 'cmake'
[0.534s] Level 1:colcon.colcon_core.package_identification:_identify(venv/lib/python3.12/site-packages/pip/_internal/resolution/resolvelib/__pycache__) by extension 'python'
[0.534s] Level 1:colcon.colcon_core.package_identification:_identify(venv/lib/python3.12/site-packages/pip/_internal/resolution/resolvelib/__pycache__) by extensions ['python_setup_py']
[0.534s] Level 1:colcon.colcon_core.package_identification:_identify(venv/lib/python3.12/site-packages/pip/_internal/resolution/resolvelib/__pycache__) by extension 'python_setup_py'
[0.535s] Level 1:colcon.colcon_core.package_identification:_identify(venv/lib/python3.12/site-packages/pip/_internal/utils) by extensions ['ignore', 'ignore_ament_install']
[0.535s] Level 1:colcon.colcon_core.package_identification:_identify(venv/lib/python3.12/site-packages/pip/_internal/utils) by extension 'ignore'
[0.535s] Level 1:colcon.colcon_core.package_identification:_identify(venv/lib/python3.12/site-packages/pip/_internal/utils) by extension 'ignore_ament_install'
[0.535s] Level 1:colcon.colcon_core.package_identification:_identify(venv/lib/python3.12/site-packages/pip/_internal/utils) by extensions ['colcon_pkg']
[0.535s] Level 1:colcon.colcon_core.package_identification:_identify(venv/lib/python3.12/site-packages/pip/_internal/utils) by extension 'colcon_pkg'
[0.535s] Level 1:colcon.colcon_core.package_identification:_identify(venv/lib/python3.12/site-packages/pip/_internal/utils) by extensions ['colcon_meta']
[0.535s] Level 1:colcon.colcon_core.package_identification:_identify(venv/lib/python3.12/site-packages/pip/_internal/utils) by extension 'colcon_meta'
[0.535s] Level 1:colcon.colcon_core.package_identification:_identify(venv/lib/python3.12/site-packages/pip/_internal/utils) by extensions ['ros']
[0.535s] Level 1:colcon.colcon_core.package_identification:_identify(venv/lib/python3.12/site-packages/pip/_internal/utils) by extension 'ros'
[0.535s] Level 1:colcon.colcon_core.package_identification:_identify(venv/lib/python3.12/site-packages/pip/_internal/utils) by extensions ['cmake', 'python']
[0.535s] Level 1:colcon.colcon_core.package_identification:_identify(venv/lib/python3.12/site-packages/pip/_internal/utils) by extension 'cmake'
[0.535s] Level 1:colcon.colcon_core.package_identification:_identify(venv/lib/python3.12/site-packages/pip/_internal/utils) by extension 'python'
[0.535s] Level 1:colcon.colcon_core.package_identification:_identify(venv/lib/python3.12/site-packages/pip/_internal/utils) by extensions ['python_setup_py']
[0.535s] Level 1:colcon.colcon_core.package_identification:_identify(venv/lib/python3.12/site-packages/pip/_internal/utils) by extension 'python_setup_py'
[0.535s] Level 1:colcon.colcon_core.package_identification:_identify(venv/lib/python3.12/site-packages/pip/_internal/utils/__pycache__) by extensions ['ignore', 'ignore_ament_install']
[0.535s] Level 1:colcon.colcon_core.package_identification:_identify(venv/lib/python3.12/site-packages/pip/_internal/utils/__pycache__) by extension 'ignore'
[0.536s] Level 1:colcon.colcon_core.package_identification:_identify(venv/lib/python3.12/site-packages/pip/_internal/utils/__pycache__) by extension 'ignore_ament_install'
[0.536s] Level 1:colcon.colcon_core.package_identification:_identify(venv/lib/python3.12/site-packages/pip/_internal/utils/__pycache__) by extensions ['colcon_pkg']
[0.536s] Level 1:colcon.colcon_core.package_identification:_identify(venv/lib/python3.12/site-packages/pip/_internal/utils/__pycache__) by extension 'colcon_pkg'
[0.536s] Level 1:colcon.colcon_core.package_identification:_identify(venv/lib/python3.12/site-packages/pip/_internal/utils/__pycache__) by extensions ['colcon_meta']
[0.536s] Level 1:colcon.colcon_core.package_identification:_identify(venv/lib/python3.12/site-packages/pip/_internal/utils/__pycache__) by extension 'colcon_meta'
[0.536s] Level 1:colcon.colcon_core.package_identification:_identify(venv/lib/python3.12/site-packages/pip/_internal/utils/__pycache__) by extensions ['ros']
[0.536s] Level 1:colcon.colcon_core.package_identification:_identify(venv/lib/python3.12/site-packages/pip/_internal/utils/__pycache__) by extension 'ros'
[0.536s] Level 1:colcon.colcon_core.package_identification:_identify(venv/lib/python3.12/site-packages/pip/_internal/utils/__pycache__) by extensions ['cmake', 'python']
[0.536s] Level 1:colcon.colcon_core.package_identification:_identify(venv/lib/python3.12/site-packages/pip/_internal/utils/__pycache__) by extension 'cmake'
[0.536s] Level 1:colcon.colcon_core.package_identification:_identify(venv/lib/python3.12/site-packages/pip/_internal/utils/__pycache__) by extension 'python'
[0.536s] Level 1:colcon.colcon_core.package_identification:_identify(venv/lib/python3.12/site-packages/pip/_internal/utils/__pycache__) by extensions ['python_setup_py']
[0.536s] Level 1:colcon.colcon_core.package_identification:_identify(venv/lib/python3.12/site-packages/pip/_internal/utils/__pycache__) by extension 'python_setup_py'
[0.536s] Level 1:colcon.colcon_core.package_identification:_identify(venv/lib/python3.12/site-packages/pip/_internal/vcs) by extensions ['ignore', 'ignore_ament_install']
[0.536s] Level 1:colcon.colcon_core.package_identification:_identify(venv/lib/python3.12/site-packages/pip/_internal/vcs) by extension 'ignore'
[0.536s] Level 1:colcon.colcon_core.package_identification:_identify(venv/lib/python3.12/site-packages/pip/_internal/vcs) by extension 'ignore_ament_install'
[0.536s] Level 1:colcon.colcon_core.package_identification:_identify(venv/lib/python3.12/site-packages/pip/_internal/vcs) by extensions ['colcon_pkg']
[0.537s] Level 1:colcon.colcon_core.package_identification:_identify(venv/lib/python3.12/site-packages/pip/_internal/vcs) by extension 'colcon_pkg'
[0.537s] Level 1:colcon.colcon_core.package_identification:_identify(venv/lib/python3.12/site-packages/pip/_internal/vcs) by extensions ['colcon_meta']
[0.537s] Level 1:colcon.colcon_core.package_identification:_identify(venv/lib/python3.12/site-packages/pip/_internal/vcs) by extension 'colcon_meta'
[0.537s] Level 1:colcon.colcon_core.package_identification:_identify(venv/lib/python3.12/site-packages/pip/_internal/vcs) by extensions ['ros']
[0.537s] Level 1:colcon.colcon_core.package_identification:_identify(venv/lib/python3.12/site-packages/pip/_internal/vcs) by extension 'ros'
[0.537s] Level 1:colcon.colcon_core.package_identification:_identify(venv/lib/python3.12/site-packages/pip/_internal/vcs) by extensions ['cmake', 'python']
[0.537s] Level 1:colcon.colcon_core.package_identification:_identify(venv/lib/python3.12/site-packages/pip/_internal/vcs) by extension 'cmake'
[0.537s] Level 1:colcon.colcon_core.package_identification:_identify(venv/lib/python3.12/site-packages/pip/_internal/vcs) by extension 'python'
[0.537s] Level 1:colcon.colcon_core.package_identification:_identify(venv/lib/python3.12/site-packages/pip/_internal/vcs) by extensions ['python_setup_py']
[0.537s] Level 1:colcon.colcon_core.package_identification:_identify(venv/lib/python3.12/site-packages/pip/_internal/vcs) by extension 'python_setup_py'
[0.537s] Level 1:colcon.colcon_core.package_identification:_identify(venv/lib/python3.12/site-packages/pip/_internal/vcs/__pycache__) by extensions ['ignore', 'ignore_ament_install']
[0.537s] Level 1:colcon.colcon_core.package_identification:_identify(venv/lib/python3.12/site-packages/pip/_internal/vcs/__pycache__) by extension 'ignore'
[0.537s] Level 1:colcon.colcon_core.package_identification:_identify(venv/lib/python3.12/site-packages/pip/_internal/vcs/__pycache__) by extension 'ignore_ament_install'
[0.537s] Level 1:colcon.colcon_core.package_identification:_identify(venv/lib/python3.12/site-packages/pip/_internal/vcs/__pycache__) by extensions ['colcon_pkg']
[0.537s] Level 1:colcon.colcon_core.package_identification:_identify(venv/lib/python3.12/site-packages/pip/_internal/vcs/__pycache__) by extension 'colcon_pkg'
[0.537s] Level 1:colcon.colcon_core.package_identification:_identify(venv/lib/python3.12/site-packages/pip/_internal/vcs/__pycache__) by extensions ['colcon_meta']
[0.537s] Level 1:colcon.colcon_core.package_identification:_identify(venv/lib/python3.12/site-packages/pip/_internal/vcs/__pycache__) by extension 'colcon_meta'
[0.538s] Level 1:colcon.colcon_core.package_identification:_identify(venv/lib/python3.12/site-packages/pip/_internal/vcs/__pycache__) by extensions ['ros']
[0.538s] Level 1:colcon.colcon_core.package_identification:_identify(venv/lib/python3.12/site-packages/pip/_internal/vcs/__pycache__) by extension 'ros'
[0.538s] Level 1:colcon.colcon_core.package_identification:_identify(venv/lib/python3.12/site-packages/pip/_internal/vcs/__pycache__) by extensions ['cmake', 'python']
[0.538s] Level 1:colcon.colcon_core.package_identification:_identify(venv/lib/python3.12/site-packages/pip/_internal/vcs/__pycache__) by extension 'cmake'
[0.538s] Level 1:colcon.colcon_core.package_identification:_identify(venv/lib/python3.12/site-packages/pip/_internal/vcs/__pycache__) by extension 'python'
[0.538s] Level 1:colcon.colcon_core.package_identification:_identify(venv/lib/python3.12/site-packages/pip/_internal/vcs/__pycache__) by extensions ['python_setup_py']
[0.538s] Level 1:colcon.colcon_core.package_identification:_identify(venv/lib/python3.12/site-packages/pip/_internal/vcs/__pycache__) by extension 'python_setup_py'
[0.538s] Level 1:colcon.colcon_core.package_identification:_identify(venv/lib/python3.12/site-packages/pip/_vendor) by extensions ['ignore', 'ignore_ament_install']
[0.538s] Level 1:colcon.colcon_core.package_identification:_identify(venv/lib/python3.12/site-packages/pip/_vendor) by extension 'ignore'
[0.538s] Level 1:colcon.colcon_core.package_identification:_identify(venv/lib/python3.12/site-packages/pip/_vendor) by extension 'ignore_ament_install'
[0.538s] Level 1:colcon.colcon_core.package_identification:_identify(venv/lib/python3.12/site-packages/pip/_vendor) by extensions ['colcon_pkg']
[0.538s] Level 1:colcon.colcon_core.package_identification:_identify(venv/lib/python3.12/site-packages/pip/_vendor) by extension 'colcon_pkg'
[0.538s] Level 1:colcon.colcon_core.package_identification:_identify(venv/lib/python3.12/site-packages/pip/_vendor) by extensions ['colcon_meta']
[0.538s] Level 1:colcon.colcon_core.package_identification:_identify(venv/lib/python3.12/site-packages/pip/_vendor) by extension 'colcon_meta'
[0.538s] Level 1:colcon.colcon_core.package_identification:_identify(venv/lib/python3.12/site-packages/pip/_vendor) by extensions ['ros']
[0.538s] Level 1:colcon.colcon_core.package_identification:_identify(venv/lib/python3.12/site-packages/pip/_vendor) by extension 'ros'
[0.538s] Level 1:colcon.colcon_core.package_identification:_identify(venv/lib/python3.12/site-packages/pip/_vendor) by extensions ['cmake', 'python']
[0.539s] Level 1:colcon.colcon_core.package_identification:_identify(venv/lib/python3.12/site-packages/pip/_vendor) by extension 'cmake'
[0.539s] Level 1:colcon.colcon_core.package_identification:_identify(venv/lib/python3.12/site-packages/pip/_vendor) by extension 'python'
[0.539s] Level 1:colcon.colcon_core.package_identification:_identify(venv/lib/python3.12/site-packages/pip/_vendor) by extensions ['python_setup_py']
[0.539s] Level 1:colcon.colcon_core.package_identification:_identify(venv/lib/python3.12/site-packages/pip/_vendor) by extension 'python_setup_py'
[0.539s] Level 1:colcon.colcon_core.package_identification:_identify(venv/lib/python3.12/site-packages/pip/_vendor/__pycache__) by extensions ['ignore', 'ignore_ament_install']
[0.539s] Level 1:colcon.colcon_core.package_identification:_identify(venv/lib/python3.12/site-packages/pip/_vendor/__pycache__) by extension 'ignore'
[0.539s] Level 1:colcon.colcon_core.package_identification:_identify(venv/lib/python3.12/site-packages/pip/_vendor/__pycache__) by extension 'ignore_ament_install'
[0.539s] Level 1:colcon.colcon_core.package_identification:_identify(venv/lib/python3.12/site-packages/pip/_vendor/__pycache__) by extensions ['colcon_pkg']
[0.539s] Level 1:colcon.colcon_core.package_identification:_identify(venv/lib/python3.12/site-packages/pip/_vendor/__pycache__) by extension 'colcon_pkg'
[0.539s] Level 1:colcon.colcon_core.package_identification:_identify(venv/lib/python3.12/site-packages/pip/_vendor/__pycache__) by extensions ['colcon_meta']
[0.539s] Level 1:colcon.colcon_core.package_identification:_identify(venv/lib/python3.12/site-packages/pip/_vendor/__pycache__) by extension 'colcon_meta'
[0.539s] Level 1:colcon.colcon_core.package_identification:_identify(venv/lib/python3.12/site-packages/pip/_vendor/__pycache__) by extensions ['ros']
[0.539s] Level 1:colcon.colcon_core.package_identification:_identify(venv/lib/python3.12/site-packages/pip/_vendor/__pycache__) by extension 'ros'
[0.539s] Level 1:colcon.colcon_core.package_identification:_identify(venv/lib/python3.12/site-packages/pip/_vendor/__pycache__) by extensions ['cmake', 'python']
[0.539s] Level 1:colcon.colcon_core.package_identification:_identify(venv/lib/python3.12/site-packages/pip/_vendor/__pycache__) by extension 'cmake'
[0.539s] Level 1:colcon.colcon_core.package_identification:_identify(venv/lib/python3.12/site-packages/pip/_vendor/__pycache__) by extension 'python'
[0.539s] Level 1:colcon.colcon_core.package_identification:_identify(venv/lib/python3.12/site-packages/pip/_vendor/__pycache__) by extensions ['python_setup_py']
[0.540s] Level 1:colcon.colcon_core.package_identification:_identify(venv/lib/python3.12/site-packages/pip/_vendor/__pycache__) by extension 'python_setup_py'
[0.540s] Level 1:colcon.colcon_core.package_identification:_identify(venv/lib/python3.12/site-packages/pip/_vendor/cachecontrol) by extensions ['ignore', 'ignore_ament_install']
[0.540s] Level 1:colcon.colcon_core.package_identification:_identify(venv/lib/python3.12/site-packages/pip/_vendor/cachecontrol) by extension 'ignore'
[0.540s] Level 1:colcon.colcon_core.package_identification:_identify(venv/lib/python3.12/site-packages/pip/_vendor/cachecontrol) by extension 'ignore_ament_install'
[0.540s] Level 1:colcon.colcon_core.package_identification:_identify(venv/lib/python3.12/site-packages/pip/_vendor/cachecontrol) by extensions ['colcon_pkg']
[0.540s] Level 1:colcon.colcon_core.package_identification:_identify(venv/lib/python3.12/site-packages/pip/_vendor/cachecontrol) by extension 'colcon_pkg'
[0.540s] Level 1:colcon.colcon_core.package_identification:_identify(venv/lib/python3.12/site-packages/pip/_vendor/cachecontrol) by extensions ['colcon_meta']
[0.540s] Level 1:colcon.colcon_core.package_identification:_identify(venv/lib/python3.12/site-packages/pip/_vendor/cachecontrol) by extension 'colcon_meta'
[0.540s] Level 1:colcon.colcon_core.package_identification:_identify(venv/lib/python3.12/site-packages/pip/_vendor/cachecontrol) by extensions ['ros']
[0.540s] Level 1:colcon.colcon_core.package_identification:_identify(venv/lib/python3.12/site-packages/pip/_vendor/cachecontrol) by extension 'ros'
[0.540s] Level 1:colcon.colcon_core.package_identification:_identify(venv/lib/python3.12/site-packages/pip/_vendor/cachecontrol) by extensions ['cmake', 'python']
[0.540s] Level 1:colcon.colcon_core.package_identification:_identify(venv/lib/python3.12/site-packages/pip/_vendor/cachecontrol) by extension 'cmake'
[0.540s] Level 1:colcon.colcon_core.package_identification:_identify(venv/lib/python3.12/site-packages/pip/_vendor/cachecontrol) by extension 'python'
[0.540s] Level 1:colcon.colcon_core.package_identification:_identify(venv/lib/python3.12/site-packages/pip/_vendor/cachecontrol) by extensions ['python_setup_py']
[0.540s] Level 1:colcon.colcon_core.package_identification:_identify(venv/lib/python3.12/site-packages/pip/_vendor/cachecontrol) by extension 'python_setup_py'
[0.541s] Level 1:colcon.colcon_core.package_identification:_identify(venv/lib/python3.12/site-packages/pip/_vendor/cachecontrol/__pycache__) by extensions ['ignore', 'ignore_ament_install']
[0.541s] Level 1:colcon.colcon_core.package_identification:_identify(venv/lib/python3.12/site-packages/pip/_vendor/cachecontrol/__pycache__) by extension 'ignore'
[0.541s] Level 1:colcon.colcon_core.package_identification:_identify(venv/lib/python3.12/site-packages/pip/_vendor/cachecontrol/__pycache__) by extension 'ignore_ament_install'
[0.541s] Level 1:colcon.colcon_core.package_identification:_identify(venv/lib/python3.12/site-packages/pip/_vendor/cachecontrol/__pycache__) by extensions ['colcon_pkg']
[0.541s] Level 1:colcon.colcon_core.package_identification:_identify(venv/lib/python3.12/site-packages/pip/_vendor/cachecontrol/__pycache__) by extension 'colcon_pkg'
[0.541s] Level 1:colcon.colcon_core.package_identification:_identify(venv/lib/python3.12/site-packages/pip/_vendor/cachecontrol/__pycache__) by extensions ['colcon_meta']
[0.541s] Level 1:colcon.colcon_core.package_identification:_identify(venv/lib/python3.12/site-packages/pip/_vendor/cachecontrol/__pycache__) by extension 'colcon_meta'
[0.541s] Level 1:colcon.colcon_core.package_identification:_identify(venv/lib/python3.12/site-packages/pip/_vendor/cachecontrol/__pycache__) by extensions ['ros']
[0.541s] Level 1:colcon.colcon_core.package_identification:_identify(venv/lib/python3.12/site-packages/pip/_vendor/cachecontrol/__pycache__) by extension 'ros'
[0.541s] Level 1:colcon.colcon_core.package_identification:_identify(venv/lib/python3.12/site-packages/pip/_vendor/cachecontrol/__pycache__) by extensions ['cmake', 'python']
[0.541s] Level 1:colcon.colcon_core.package_identification:_identify(venv/lib/python3.12/site-packages/pip/_vendor/cachecontrol/__pycache__) by extension 'cmake'
[0.541s] Level 1:colcon.colcon_core.package_identification:_identify(venv/lib/python3.12/site-packages/pip/_vendor/cachecontrol/__pycache__) by extension 'python'
[0.541s] Level 1:colcon.colcon_core.package_identification:_identify(venv/lib/python3.12/site-packages/pip/_vendor/cachecontrol/__pycache__) by extensions ['python_setup_py']
[0.541s] Level 1:colcon.colcon_core.package_identification:_identify(venv/lib/python3.12/site-packages/pip/_vendor/cachecontrol/__pycache__) by extension 'python_setup_py'
[0.541s] Level 1:colcon.colcon_core.package_identification:_identify(venv/lib/python3.12/site-packages/pip/_vendor/cachecontrol/caches) by extensions ['ignore', 'ignore_ament_install']
[0.541s] Level 1:colcon.colcon_core.package_identification:_identify(venv/lib/python3.12/site-packages/pip/_vendor/cachecontrol/caches) by extension 'ignore'
[0.542s] Level 1:colcon.colcon_core.package_identification:_identify(venv/lib/python3.12/site-packages/pip/_vendor/cachecontrol/caches) by extension 'ignore_ament_install'
[0.542s] Level 1:colcon.colcon_core.package_identification:_identify(venv/lib/python3.12/site-packages/pip/_vendor/cachecontrol/caches) by extensions ['colcon_pkg']
[0.542s] Level 1:colcon.colcon_core.package_identification:_identify(venv/lib/python3.12/site-packages/pip/_vendor/cachecontrol/caches) by extension 'colcon_pkg'
[0.542s] Level 1:colcon.colcon_core.package_identification:_identify(venv/lib/python3.12/site-packages/pip/_vendor/cachecontrol/caches) by extensions ['colcon_meta']
[0.542s] Level 1:colcon.colcon_core.package_identification:_identify(venv/lib/python3.12/site-packages/pip/_vendor/cachecontrol/caches) by extension 'colcon_meta'
[0.542s] Level 1:colcon.colcon_core.package_identification:_identify(venv/lib/python3.12/site-packages/pip/_vendor/cachecontrol/caches) by extensions ['ros']
[0.542s] Level 1:colcon.colcon_core.package_identification:_identify(venv/lib/python3.12/site-packages/pip/_vendor/cachecontrol/caches) by extension 'ros'
[0.542s] Level 1:colcon.colcon_core.package_identification:_identify(venv/lib/python3.12/site-packages/pip/_vendor/cachecontrol/caches) by extensions ['cmake', 'python']
[0.542s] Level 1:colcon.colcon_core.package_identification:_identify(venv/lib/python3.12/site-packages/pip/_vendor/cachecontrol/caches) by extension 'cmake'
[0.542s] Level 1:colcon.colcon_core.package_identification:_identify(venv/lib/python3.12/site-packages/pip/_vendor/cachecontrol/caches) by extension 'python'
[0.542s] Level 1:colcon.colcon_core.package_identification:_identify(venv/lib/python3.12/site-packages/pip/_vendor/cachecontrol/caches) by extensions ['python_setup_py']
[0.542s] Level 1:colcon.colcon_core.package_identification:_identify(venv/lib/python3.12/site-packages/pip/_vendor/cachecontrol/caches) by extension 'python_setup_py'
[0.542s] Level 1:colcon.colcon_core.package_identification:_identify(venv/lib/python3.12/site-packages/pip/_vendor/cachecontrol/caches/__pycache__) by extensions ['ignore', 'ignore_ament_install']
[0.542s] Level 1:colcon.colcon_core.package_identification:_identify(venv/lib/python3.12/site-packages/pip/_vendor/cachecontrol/caches/__pycache__) by extension 'ignore'
[0.542s] Level 1:colcon.colcon_core.package_identification:_identify(venv/lib/python3.12/site-packages/pip/_vendor/cachecontrol/caches/__pycache__) by extension 'ignore_ament_install'
[0.542s] Level 1:colcon.colcon_core.package_identification:_identify(venv/lib/python3.12/site-packages/pip/_vendor/cachecontrol/caches/__pycache__) by extensions ['colcon_pkg']
[0.543s] Level 1:colcon.colcon_core.package_identification:_identify(venv/lib/python3.12/site-packages/pip/_vendor/cachecontrol/caches/__pycache__) by extension 'colcon_pkg'
[0.543s] Level 1:colcon.colcon_core.package_identification:_identify(venv/lib/python3.12/site-packages/pip/_vendor/cachecontrol/caches/__pycache__) by extensions ['colcon_meta']
[0.543s] Level 1:colcon.colcon_core.package_identification:_identify(venv/lib/python3.12/site-packages/pip/_vendor/cachecontrol/caches/__pycache__) by extension 'colcon_meta'
[0.543s] Level 1:colcon.colcon_core.package_identification:_identify(venv/lib/python3.12/site-packages/pip/_vendor/cachecontrol/caches/__pycache__) by extensions ['ros']
[0.543s] Level 1:colcon.colcon_core.package_identification:_identify(venv/lib/python3.12/site-packages/pip/_vendor/cachecontrol/caches/__pycache__) by extension 'ros'
[0.543s] Level 1:colcon.colcon_core.package_identification:_identify(venv/lib/python3.12/site-packages/pip/_vendor/cachecontrol/caches/__pycache__) by extensions ['cmake', 'python']
[0.543s] Level 1:colcon.colcon_core.package_identification:_identify(venv/lib/python3.12/site-packages/pip/_vendor/cachecontrol/caches/__pycache__) by extension 'cmake'
[0.543s] Level 1:colcon.colcon_core.package_identification:_identify(venv/lib/python3.12/site-packages/pip/_vendor/cachecontrol/caches/__pycache__) by extension 'python'
[0.543s] Level 1:colcon.colcon_core.package_identification:_identify(venv/lib/python3.12/site-packages/pip/_vendor/cachecontrol/caches/__pycache__) by extensions ['python_setup_py']
[0.543s] Level 1:colcon.colcon_core.package_identification:_identify(venv/lib/python3.12/site-packages/pip/_vendor/cachecontrol/caches/__pycache__) by extension 'python_setup_py'
[0.543s] Level 1:colcon.colcon_core.package_identification:_identify(venv/lib/python3.12/site-packages/pip/_vendor/certifi) by extensions ['ignore', 'ignore_ament_install']
[0.543s] Level 1:colcon.colcon_core.package_identification:_identify(venv/lib/python3.12/site-packages/pip/_vendor/certifi) by extension 'ignore'
[0.543s] Level 1:colcon.colcon_core.package_identification:_identify(venv/lib/python3.12/site-packages/pip/_vendor/certifi) by extension 'ignore_ament_install'
[0.543s] Level 1:colcon.colcon_core.package_identification:_identify(venv/lib/python3.12/site-packages/pip/_vendor/certifi) by extensions ['colcon_pkg']
[0.543s] Level 1:colcon.colcon_core.package_identification:_identify(venv/lib/python3.12/site-packages/pip/_vendor/certifi) by extension 'colcon_pkg'
[0.543s] Level 1:colcon.colcon_core.package_identification:_identify(venv/lib/python3.12/site-packages/pip/_vendor/certifi) by extensions ['colcon_meta']
[0.543s] Level 1:colcon.colcon_core.package_identification:_identify(venv/lib/python3.12/site-packages/pip/_vendor/certifi) by extension 'colcon_meta'
[0.544s] Level 1:colcon.colcon_core.package_identification:_identify(venv/lib/python3.12/site-packages/pip/_vendor/certifi) by extensions ['ros']
[0.544s] Level 1:colcon.colcon_core.package_identification:_identify(venv/lib/python3.12/site-packages/pip/_vendor/certifi) by extension 'ros'
[0.544s] Level 1:colcon.colcon_core.package_identification:_identify(venv/lib/python3.12/site-packages/pip/_vendor/certifi) by extensions ['cmake', 'python']
[0.544s] Level 1:colcon.colcon_core.package_identification:_identify(venv/lib/python3.12/site-packages/pip/_vendor/certifi) by extension 'cmake'
[0.544s] Level 1:colcon.colcon_core.package_identification:_identify(venv/lib/python3.12/site-packages/pip/_vendor/certifi) by extension 'python'
[0.544s] Level 1:colcon.colcon_core.package_identification:_identify(venv/lib/python3.12/site-packages/pip/_vendor/certifi) by extensions ['python_setup_py']
[0.544s] Level 1:colcon.colcon_core.package_identification:_identify(venv/lib/python3.12/site-packages/pip/_vendor/certifi) by extension 'python_setup_py'
[0.544s] Level 1:colcon.colcon_core.package_identification:_identify(venv/lib/python3.12/site-packages/pip/_vendor/certifi/__pycache__) by extensions ['ignore', 'ignore_ament_install']
[0.544s] Level 1:colcon.colcon_core.package_identification:_identify(venv/lib/python3.12/site-packages/pip/_vendor/certifi/__pycache__) by extension 'ignore'
[0.544s] Level 1:colcon.colcon_core.package_identification:_identify(venv/lib/python3.12/site-packages/pip/_vendor/certifi/__pycache__) by extension 'ignore_ament_install'
[0.544s] Level 1:colcon.colcon_core.package_identification:_identify(venv/lib/python3.12/site-packages/pip/_vendor/certifi/__pycache__) by extensions ['colcon_pkg']
[0.544s] Level 1:colcon.colcon_core.package_identification:_identify(venv/lib/python3.12/site-packages/pip/_vendor/certifi/__pycache__) by extension 'colcon_pkg'
[0.544s] Level 1:colcon.colcon_core.package_identification:_identify(venv/lib/python3.12/site-packages/pip/_vendor/certifi/__pycache__) by extensions ['colcon_meta']
[0.544s] Level 1:colcon.colcon_core.package_identification:_identify(venv/lib/python3.12/site-packages/pip/_vendor/certifi/__pycache__) by extension 'colcon_meta'
[0.544s] Level 1:colcon.colcon_core.package_identification:_identify(venv/lib/python3.12/site-packages/pip/_vendor/certifi/__pycache__) by extensions ['ros']
[0.544s] Level 1:colcon.colcon_core.package_identification:_identify(venv/lib/python3.12/site-packages/pip/_vendor/certifi/__pycache__) by extension 'ros'
[0.545s] Level 1:colcon.colcon_core.package_identification:_identify(venv/lib/python3.12/site-packages/pip/_vendor/certifi/__pycache__) by extensions ['cmake', 'python']
[0.545s] Level 1:colcon.colcon_core.package_identification:_identify(venv/lib/python3.12/site-packages/pip/_vendor/certifi/__pycache__) by extension 'cmake'
[0.545s] Level 1:colcon.colcon_core.package_identification:_identify(venv/lib/python3.12/site-packages/pip/_vendor/certifi/__pycache__) by extension 'python'
[0.545s] Level 1:colcon.colcon_core.package_identification:_identify(venv/lib/python3.12/site-packages/pip/_vendor/certifi/__pycache__) by extensions ['python_setup_py']
[0.545s] Level 1:colcon.colcon_core.package_identification:_identify(venv/lib/python3.12/site-packages/pip/_vendor/certifi/__pycache__) by extension 'python_setup_py'
[0.545s] Level 1:colcon.colcon_core.package_identification:_identify(venv/lib/python3.12/site-packages/pip/_vendor/distlib) by extensions ['ignore', 'ignore_ament_install']
[0.545s] Level 1:colcon.colcon_core.package_identification:_identify(venv/lib/python3.12/site-packages/pip/_vendor/distlib) by extension 'ignore'
[0.545s] Level 1:colcon.colcon_core.package_identification:_identify(venv/lib/python3.12/site-packages/pip/_vendor/distlib) by extension 'ignore_ament_install'
[0.545s] Level 1:colcon.colcon_core.package_identification:_identify(venv/lib/python3.12/site-packages/pip/_vendor/distlib) by extensions ['colcon_pkg']
[0.545s] Level 1:colcon.colcon_core.package_identification:_identify(venv/lib/python3.12/site-packages/pip/_vendor/distlib) by extension 'colcon_pkg'
[0.545s] Level 1:colcon.colcon_core.package_identification:_identify(venv/lib/python3.12/site-packages/pip/_vendor/distlib) by extensions ['colcon_meta']
[0.545s] Level 1:colcon.colcon_core.package_identification:_identify(venv/lib/python3.12/site-packages/pip/_vendor/distlib) by extension 'colcon_meta'
[0.545s] Level 1:colcon.colcon_core.package_identification:_identify(venv/lib/python3.12/site-packages/pip/_vendor/distlib) by extensions ['ros']
[0.545s] Level 1:colcon.colcon_core.package_identification:_identify(venv/lib/python3.12/site-packages/pip/_vendor/distlib) by extension 'ros'
[0.545s] Level 1:colcon.colcon_core.package_identification:_identify(venv/lib/python3.12/site-packages/pip/_vendor/distlib) by extensions ['cmake', 'python']
[0.545s] Level 1:colcon.colcon_core.package_identification:_identify(venv/lib/python3.12/site-packages/pip/_vendor/distlib) by extension 'cmake'
[0.545s] Level 1:colcon.colcon_core.package_identification:_identify(venv/lib/python3.12/site-packages/pip/_vendor/distlib) by extension 'python'
[0.545s] Level 1:colcon.colcon_core.package_identification:_identify(venv/lib/python3.12/site-packages/pip/_vendor/distlib) by extensions ['python_setup_py']
[0.546s] Level 1:colcon.colcon_core.package_identification:_identify(venv/lib/python3.12/site-packages/pip/_vendor/distlib) by extension 'python_setup_py'
[0.546s] Level 1:colcon.colcon_core.package_identification:_identify(venv/lib/python3.12/site-packages/pip/_vendor/distlib/__pycache__) by extensions ['ignore', 'ignore_ament_install']
[0.546s] Level 1:colcon.colcon_core.package_identification:_identify(venv/lib/python3.12/site-packages/pip/_vendor/distlib/__pycache__) by extension 'ignore'
[0.546s] Level 1:colcon.colcon_core.package_identification:_identify(venv/lib/python3.12/site-packages/pip/_vendor/distlib/__pycache__) by extension 'ignore_ament_install'
[0.546s] Level 1:colcon.colcon_core.package_identification:_identify(venv/lib/python3.12/site-packages/pip/_vendor/distlib/__pycache__) by extensions ['colcon_pkg']
[0.546s] Level 1:colcon.colcon_core.package_identification:_identify(venv/lib/python3.12/site-packages/pip/_vendor/distlib/__pycache__) by extension 'colcon_pkg'
[0.546s] Level 1:colcon.colcon_core.package_identification:_identify(venv/lib/python3.12/site-packages/pip/_vendor/distlib/__pycache__) by extensions ['colcon_meta']
[0.546s] Level 1:colcon.colcon_core.package_identification:_identify(venv/lib/python3.12/site-packages/pip/_vendor/distlib/__pycache__) by extension 'colcon_meta'
[0.546s] Level 1:colcon.colcon_core.package_identification:_identify(venv/lib/python3.12/site-packages/pip/_vendor/distlib/__pycache__) by extensions ['ros']
[0.546s] Level 1:colcon.colcon_core.package_identification:_identify(venv/lib/python3.12/site-packages/pip/_vendor/distlib/__pycache__) by extension 'ros'
[0.546s] Level 1:colcon.colcon_core.package_identification:_identify(venv/lib/python3.12/site-packages/pip/_vendor/distlib/__pycache__) by extensions ['cmake', 'python']
[0.546s] Level 1:colcon.colcon_core.package_identification:_identify(venv/lib/python3.12/site-packages/pip/_vendor/distlib/__pycache__) by extension 'cmake'
[0.546s] Level 1:colcon.colcon_core.package_identification:_identify(venv/lib/python3.12/site-packages/pip/_vendor/distlib/__pycache__) by extension 'python'
[0.546s] Level 1:colcon.colcon_core.package_identification:_identify(venv/lib/python3.12/site-packages/pip/_vendor/distlib/__pycache__) by extensions ['python_setup_py']
[0.546s] Level 1:colcon.colcon_core.package_identification:_identify(venv/lib/python3.12/site-packages/pip/_vendor/distlib/__pycache__) by extension 'python_setup_py'
[0.546s] Level 1:colcon.colcon_core.package_identification:_identify(venv/lib/python3.12/site-packages/pip/_vendor/distro) by extensions ['ignore', 'ignore_ament_install']
[0.547s] Level 1:colcon.colcon_core.package_identification:_identify(venv/lib/python3.12/site-packages/pip/_vendor/distro) by extension 'ignore'
[0.547s] Level 1:colcon.colcon_core.package_identification:_identify(venv/lib/python3.12/site-packages/pip/_vendor/distro) by extension 'ignore_ament_install'
[0.547s] Level 1:colcon.colcon_core.package_identification:_identify(venv/lib/python3.12/site-packages/pip/_vendor/distro) by extensions ['colcon_pkg']
[0.547s] Level 1:colcon.colcon_core.package_identification:_identify(venv/lib/python3.12/site-packages/pip/_vendor/distro) by extension 'colcon_pkg'
[0.547s] Level 1:colcon.colcon_core.package_identification:_identify(venv/lib/python3.12/site-packages/pip/_vendor/distro) by extensions ['colcon_meta']
[0.547s] Level 1:colcon.colcon_core.package_identification:_identify(venv/lib/python3.12/site-packages/pip/_vendor/distro) by extension 'colcon_meta'
[0.547s] Level 1:colcon.colcon_core.package_identification:_identify(venv/lib/python3.12/site-packages/pip/_vendor/distro) by extensions ['ros']
[0.547s] Level 1:colcon.colcon_core.package_identification:_identify(venv/lib/python3.12/site-packages/pip/_vendor/distro) by extension 'ros'
[0.547s] Level 1:colcon.colcon_core.package_identification:_identify(venv/lib/python3.12/site-packages/pip/_vendor/distro) by extensions ['cmake', 'python']
[0.547s] Level 1:colcon.colcon_core.package_identification:_identify(venv/lib/python3.12/site-packages/pip/_vendor/distro) by extension 'cmake'
[0.547s] Level 1:colcon.colcon_core.package_identification:_identify(venv/lib/python3.12/site-packages/pip/_vendor/distro) by extension 'python'
[0.547s] Level 1:colcon.colcon_core.package_identification:_identify(venv/lib/python3.12/site-packages/pip/_vendor/distro) by extensions ['python_setup_py']
[0.547s] Level 1:colcon.colcon_core.package_identification:_identify(venv/lib/python3.12/site-packages/pip/_vendor/distro) by extension 'python_setup_py'
[0.547s] Level 1:colcon.colcon_core.package_identification:_identify(venv/lib/python3.12/site-packages/pip/_vendor/distro/__pycache__) by extensions ['ignore', 'ignore_ament_install']
[0.547s] Level 1:colcon.colcon_core.package_identification:_identify(venv/lib/python3.12/site-packages/pip/_vendor/distro/__pycache__) by extension 'ignore'
[0.547s] Level 1:colcon.colcon_core.package_identification:_identify(venv/lib/python3.12/site-packages/pip/_vendor/distro/__pycache__) by extension 'ignore_ament_install'
[0.548s] Level 1:colcon.colcon_core.package_identification:_identify(venv/lib/python3.12/site-packages/pip/_vendor/distro/__pycache__) by extensions ['colcon_pkg']
[0.548s] Level 1:colcon.colcon_core.package_identification:_identify(venv/lib/python3.12/site-packages/pip/_vendor/distro/__pycache__) by extension 'colcon_pkg'
[0.548s] Level 1:colcon.colcon_core.package_identification:_identify(venv/lib/python3.12/site-packages/pip/_vendor/distro/__pycache__) by extensions ['colcon_meta']
[0.548s] Level 1:colcon.colcon_core.package_identification:_identify(venv/lib/python3.12/site-packages/pip/_vendor/distro/__pycache__) by extension 'colcon_meta'
[0.548s] Level 1:colcon.colcon_core.package_identification:_identify(venv/lib/python3.12/site-packages/pip/_vendor/distro/__pycache__) by extensions ['ros']
[0.548s] Level 1:colcon.colcon_core.package_identification:_identify(venv/lib/python3.12/site-packages/pip/_vendor/distro/__pycache__) by extension 'ros'
[0.548s] Level 1:colcon.colcon_core.package_identification:_identify(venv/lib/python3.12/site-packages/pip/_vendor/distro/__pycache__) by extensions ['cmake', 'python']
[0.548s] Level 1:colcon.colcon_core.package_identification:_identify(venv/lib/python3.12/site-packages/pip/_vendor/distro/__pycache__) by extension 'cmake'
[0.548s] Level 1:colcon.colcon_core.package_identification:_identify(venv/lib/python3.12/site-packages/pip/_vendor/distro/__pycache__) by extension 'python'
[0.548s] Level 1:colcon.colcon_core.package_identification:_identify(venv/lib/python3.12/site-packages/pip/_vendor/distro/__pycache__) by extensions ['python_setup_py']
[0.548s] Level 1:colcon.colcon_core.package_identification:_identify(venv/lib/python3.12/site-packages/pip/_vendor/distro/__pycache__) by extension 'python_setup_py'
[0.548s] Level 1:colcon.colcon_core.package_identification:_identify(venv/lib/python3.12/site-packages/pip/_vendor/idna) by extensions ['ignore', 'ignore_ament_install']
[0.548s] Level 1:colcon.colcon_core.package_identification:_identify(venv/lib/python3.12/site-packages/pip/_vendor/idna) by extension 'ignore'
[0.548s] Level 1:colcon.colcon_core.package_identification:_identify(venv/lib/python3.12/site-packages/pip/_vendor/idna) by extension 'ignore_ament_install'
[0.548s] Level 1:colcon.colcon_core.package_identification:_identify(venv/lib/python3.12/site-packages/pip/_vendor/idna) by extensions ['colcon_pkg']
[0.548s] Level 1:colcon.colcon_core.package_identification:_identify(venv/lib/python3.12/site-packages/pip/_vendor/idna) by extension 'colcon_pkg'
[0.548s] Level 1:colcon.colcon_core.package_identification:_identify(venv/lib/python3.12/site-packages/pip/_vendor/idna) by extensions ['colcon_meta']
[0.549s] Level 1:colcon.colcon_core.package_identification:_identify(venv/lib/python3.12/site-packages/pip/_vendor/idna) by extension 'colcon_meta'
[0.549s] Level 1:colcon.colcon_core.package_identification:_identify(venv/lib/python3.12/site-packages/pip/_vendor/idna) by extensions ['ros']
[0.549s] Level 1:colcon.colcon_core.package_identification:_identify(venv/lib/python3.12/site-packages/pip/_vendor/idna) by extension 'ros'
[0.549s] Level 1:colcon.colcon_core.package_identification:_identify(venv/lib/python3.12/site-packages/pip/_vendor/idna) by extensions ['cmake', 'python']
[0.549s] Level 1:colcon.colcon_core.package_identification:_identify(venv/lib/python3.12/site-packages/pip/_vendor/idna) by extension 'cmake'
[0.549s] Level 1:colcon.colcon_core.package_identification:_identify(venv/lib/python3.12/site-packages/pip/_vendor/idna) by extension 'python'
[0.549s] Level 1:colcon.colcon_core.package_identification:_identify(venv/lib/python3.12/site-packages/pip/_vendor/idna) by extensions ['python_setup_py']
[0.549s] Level 1:colcon.colcon_core.package_identification:_identify(venv/lib/python3.12/site-packages/pip/_vendor/idna) by extension 'python_setup_py'
[0.549s] Level 1:colcon.colcon_core.package_identification:_identify(venv/lib/python3.12/site-packages/pip/_vendor/idna/__pycache__) by extensions ['ignore', 'ignore_ament_install']
[0.549s] Level 1:colcon.colcon_core.package_identification:_identify(venv/lib/python3.12/site-packages/pip/_vendor/idna/__pycache__) by extension 'ignore'
[0.549s] Level 1:colcon.colcon_core.package_identification:_identify(venv/lib/python3.12/site-packages/pip/_vendor/idna/__pycache__) by extension 'ignore_ament_install'
[0.549s] Level 1:colcon.colcon_core.package_identification:_identify(venv/lib/python3.12/site-packages/pip/_vendor/idna/__pycache__) by extensions ['colcon_pkg']
[0.549s] Level 1:colcon.colcon_core.package_identification:_identify(venv/lib/python3.12/site-packages/pip/_vendor/idna/__pycache__) by extension 'colcon_pkg'
[0.549s] Level 1:colcon.colcon_core.package_identification:_identify(venv/lib/python3.12/site-packages/pip/_vendor/idna/__pycache__) by extensions ['colcon_meta']
[0.549s] Level 1:colcon.colcon_core.package_identification:_identify(venv/lib/python3.12/site-packages/pip/_vendor/idna/__pycache__) by extension 'colcon_meta'
[0.549s] Level 1:colcon.colcon_core.package_identification:_identify(venv/lib/python3.12/site-packages/pip/_vendor/idna/__pycache__) by extensions ['ros']
[0.549s] Level 1:colcon.colcon_core.package_identification:_identify(venv/lib/python3.12/site-packages/pip/_vendor/idna/__pycache__) by extension 'ros'
[0.550s] Level 1:colcon.colcon_core.package_identification:_identify(venv/lib/python3.12/site-packages/pip/_vendor/idna/__pycache__) by extensions ['cmake', 'python']
[0.550s] Level 1:colcon.colcon_core.package_identification:_identify(venv/lib/python3.12/site-packages/pip/_vendor/idna/__pycache__) by extension 'cmake'
[0.550s] Level 1:colcon.colcon_core.package_identification:_identify(venv/lib/python3.12/site-packages/pip/_vendor/idna/__pycache__) by extension 'python'
[0.550s] Level 1:colcon.colcon_core.package_identification:_identify(venv/lib/python3.12/site-packages/pip/_vendor/idna/__pycache__) by extensions ['python_setup_py']
[0.550s] Level 1:colcon.colcon_core.package_identification:_identify(venv/lib/python3.12/site-packages/pip/_vendor/idna/__pycache__) by extension 'python_setup_py'
[0.550s] Level 1:colcon.colcon_core.package_identification:_identify(venv/lib/python3.12/site-packages/pip/_vendor/msgpack) by extensions ['ignore', 'ignore_ament_install']
[0.550s] Level 1:colcon.colcon_core.package_identification:_identify(venv/lib/python3.12/site-packages/pip/_vendor/msgpack) by extension 'ignore'
[0.550s] Level 1:colcon.colcon_core.package_identification:_identify(venv/lib/python3.12/site-packages/pip/_vendor/msgpack) by extension 'ignore_ament_install'
[0.550s] Level 1:colcon.colcon_core.package_identification:_identify(venv/lib/python3.12/site-packages/pip/_vendor/msgpack) by extensions ['colcon_pkg']
[0.550s] Level 1:colcon.colcon_core.package_identification:_identify(venv/lib/python3.12/site-packages/pip/_vendor/msgpack) by extension 'colcon_pkg'
[0.550s] Level 1:colcon.colcon_core.package_identification:_identify(venv/lib/python3.12/site-packages/pip/_vendor/msgpack) by extensions ['colcon_meta']
[0.550s] Level 1:colcon.colcon_core.package_identification:_identify(venv/lib/python3.12/site-packages/pip/_vendor/msgpack) by extension 'colcon_meta'
[0.550s] Level 1:colcon.colcon_core.package_identification:_identify(venv/lib/python3.12/site-packages/pip/_vendor/msgpack) by extensions ['ros']
[0.550s] Level 1:colcon.colcon_core.package_identification:_identify(venv/lib/python3.12/site-packages/pip/_vendor/msgpack) by extension 'ros'
[0.550s] Level 1:colcon.colcon_core.package_identification:_identify(venv/lib/python3.12/site-packages/pip/_vendor/msgpack) by extensions ['cmake', 'python']
[0.550s] Level 1:colcon.colcon_core.package_identification:_identify(venv/lib/python3.12/site-packages/pip/_vendor/msgpack) by extension 'cmake'
[0.550s] Level 1:colcon.colcon_core.package_identification:_identify(venv/lib/python3.12/site-packages/pip/_vendor/msgpack) by extension 'python'
[0.551s] Level 1:colcon.colcon_core.package_identification:_identify(venv/lib/python3.12/site-packages/pip/_vendor/msgpack) by extensions ['python_setup_py']
[0.551s] Level 1:colcon.colcon_core.package_identification:_identify(venv/lib/python3.12/site-packages/pip/_vendor/msgpack) by extension 'python_setup_py'
[0.551s] Level 1:colcon.colcon_core.package_identification:_identify(venv/lib/python3.12/site-packages/pip/_vendor/msgpack/__pycache__) by extensions ['ignore', 'ignore_ament_install']
[0.551s] Level 1:colcon.colcon_core.package_identification:_identify(venv/lib/python3.12/site-packages/pip/_vendor/msgpack/__pycache__) by extension 'ignore'
[0.551s] Level 1:colcon.colcon_core.package_identification:_identify(venv/lib/python3.12/site-packages/pip/_vendor/msgpack/__pycache__) by extension 'ignore_ament_install'
[0.551s] Level 1:colcon.colcon_core.package_identification:_identify(venv/lib/python3.12/site-packages/pip/_vendor/msgpack/__pycache__) by extensions ['colcon_pkg']
[0.551s] Level 1:colcon.colcon_core.package_identification:_identify(venv/lib/python3.12/site-packages/pip/_vendor/msgpack/__pycache__) by extension 'colcon_pkg'
[0.551s] Level 1:colcon.colcon_core.package_identification:_identify(venv/lib/python3.12/site-packages/pip/_vendor/msgpack/__pycache__) by extensions ['colcon_meta']
[0.551s] Level 1:colcon.colcon_core.package_identification:_identify(venv/lib/python3.12/site-packages/pip/_vendor/msgpack/__pycache__) by extension 'colcon_meta'
[0.551s] Level 1:colcon.colcon_core.package_identification:_identify(venv/lib/python3.12/site-packages/pip/_vendor/msgpack/__pycache__) by extensions ['ros']
[0.551s] Level 1:colcon.colcon_core.package_identification:_identify(venv/lib/python3.12/site-packages/pip/_vendor/msgpack/__pycache__) by extension 'ros'
[0.551s] Level 1:colcon.colcon_core.package_identification:_identify(venv/lib/python3.12/site-packages/pip/_vendor/msgpack/__pycache__) by extensions ['cmake', 'python']
[0.551s] Level 1:colcon.colcon_core.package_identification:_identify(venv/lib/python3.12/site-packages/pip/_vendor/msgpack/__pycache__) by extension 'cmake'
[0.551s] Level 1:colcon.colcon_core.package_identification:_identify(venv/lib/python3.12/site-packages/pip/_vendor/msgpack/__pycache__) by extension 'python'
[0.551s] Level 1:colcon.colcon_core.package_identification:_identify(venv/lib/python3.12/site-packages/pip/_vendor/msgpack/__pycache__) by extensions ['python_setup_py']
[0.551s] Level 1:colcon.colcon_core.package_identification:_identify(venv/lib/python3.12/site-packages/pip/_vendor/msgpack/__pycache__) by extension 'python_setup_py'
[0.552s] Level 1:colcon.colcon_core.package_identification:_identify(venv/lib/python3.12/site-packages/pip/_vendor/packaging) by extensions ['ignore', 'ignore_ament_install']
[0.552s] Level 1:colcon.colcon_core.package_identification:_identify(venv/lib/python3.12/site-packages/pip/_vendor/packaging) by extension 'ignore'
[0.552s] Level 1:colcon.colcon_core.package_identification:_identify(venv/lib/python3.12/site-packages/pip/_vendor/packaging) by extension 'ignore_ament_install'
[0.552s] Level 1:colcon.colcon_core.package_identification:_identify(venv/lib/python3.12/site-packages/pip/_vendor/packaging) by extensions ['colcon_pkg']
[0.552s] Level 1:colcon.colcon_core.package_identification:_identify(venv/lib/python3.12/site-packages/pip/_vendor/packaging) by extension 'colcon_pkg'
[0.552s] Level 1:colcon.colcon_core.package_identification:_identify(venv/lib/python3.12/site-packages/pip/_vendor/packaging) by extensions ['colcon_meta']
[0.552s] Level 1:colcon.colcon_core.package_identification:_identify(venv/lib/python3.12/site-packages/pip/_vendor/packaging) by extension 'colcon_meta'
[0.552s] Level 1:colcon.colcon_core.package_identification:_identify(venv/lib/python3.12/site-packages/pip/_vendor/packaging) by extensions ['ros']
[0.552s] Level 1:colcon.colcon_core.package_identification:_identify(venv/lib/python3.12/site-packages/pip/_vendor/packaging) by extension 'ros'
[0.552s] Level 1:colcon.colcon_core.package_identification:_identify(venv/lib/python3.12/site-packages/pip/_vendor/packaging) by extensions ['cmake', 'python']
[0.552s] Level 1:colcon.colcon_core.package_identification:_identify(venv/lib/python3.12/site-packages/pip/_vendor/packaging) by extension 'cmake'
[0.552s] Level 1:colcon.colcon_core.package_identification:_identify(venv/lib/python3.12/site-packages/pip/_vendor/packaging) by extension 'python'
[0.552s] Level 1:colcon.colcon_core.package_identification:_identify(venv/lib/python3.12/site-packages/pip/_vendor/packaging) by extensions ['python_setup_py']
[0.552s] Level 1:colcon.colcon_core.package_identification:_identify(venv/lib/python3.12/site-packages/pip/_vendor/packaging) by extension 'python_setup_py'
[0.552s] Level 1:colcon.colcon_core.package_identification:_identify(venv/lib/python3.12/site-packages/pip/_vendor/packaging/__pycache__) by extensions ['ignore', 'ignore_ament_install']
[0.552s] Level 1:colcon.colcon_core.package_identification:_identify(venv/lib/python3.12/site-packages/pip/_vendor/packaging/__pycache__) by extension 'ignore'
[0.553s] Level 1:colcon.colcon_core.package_identification:_identify(venv/lib/python3.12/site-packages/pip/_vendor/packaging/__pycache__) by extension 'ignore_ament_install'
[0.553s] Level 1:colcon.colcon_core.package_identification:_identify(venv/lib/python3.12/site-packages/pip/_vendor/packaging/__pycache__) by extensions ['colcon_pkg']
[0.553s] Level 1:colcon.colcon_core.package_identification:_identify(venv/lib/python3.12/site-packages/pip/_vendor/packaging/__pycache__) by extension 'colcon_pkg'
[0.553s] Level 1:colcon.colcon_core.package_identification:_identify(venv/lib/python3.12/site-packages/pip/_vendor/packaging/__pycache__) by extensions ['colcon_meta']
[0.553s] Level 1:colcon.colcon_core.package_identification:_identify(venv/lib/python3.12/site-packages/pip/_vendor/packaging/__pycache__) by extension 'colcon_meta'
[0.553s] Level 1:colcon.colcon_core.package_identification:_identify(venv/lib/python3.12/site-packages/pip/_vendor/packaging/__pycache__) by extensions ['ros']
[0.553s] Level 1:colcon.colcon_core.package_identification:_identify(venv/lib/python3.12/site-packages/pip/_vendor/packaging/__pycache__) by extension 'ros'
[0.553s] Level 1:colcon.colcon_core.package_identification:_identify(venv/lib/python3.12/site-packages/pip/_vendor/packaging/__pycache__) by extensions ['cmake', 'python']
[0.553s] Level 1:colcon.colcon_core.package_identification:_identify(venv/lib/python3.12/site-packages/pip/_vendor/packaging/__pycache__) by extension 'cmake'
[0.553s] Level 1:colcon.colcon_core.package_identification:_identify(venv/lib/python3.12/site-packages/pip/_vendor/packaging/__pycache__) by extension 'python'
[0.553s] Level 1:colcon.colcon_core.package_identification:_identify(venv/lib/python3.12/site-packages/pip/_vendor/packaging/__pycache__) by extensions ['python_setup_py']
[0.553s] Level 1:colcon.colcon_core.package_identification:_identify(venv/lib/python3.12/site-packages/pip/_vendor/packaging/__pycache__) by extension 'python_setup_py'
[0.553s] Level 1:colcon.colcon_core.package_identification:_identify(venv/lib/python3.12/site-packages/pip/_vendor/packaging/licenses) by extensions ['ignore', 'ignore_ament_install']
[0.553s] Level 1:colcon.colcon_core.package_identification:_identify(venv/lib/python3.12/site-packages/pip/_vendor/packaging/licenses) by extension 'ignore'
[0.553s] Level 1:colcon.colcon_core.package_identification:_identify(venv/lib/python3.12/site-packages/pip/_vendor/packaging/licenses) by extension 'ignore_ament_install'
[0.553s] Level 1:colcon.colcon_core.package_identification:_identify(venv/lib/python3.12/site-packages/pip/_vendor/packaging/licenses) by extensions ['colcon_pkg']
[0.554s] Level 1:colcon.colcon_core.package_identification:_identify(venv/lib/python3.12/site-packages/pip/_vendor/packaging/licenses) by extension 'colcon_pkg'
[0.554s] Level 1:colcon.colcon_core.package_identification:_identify(venv/lib/python3.12/site-packages/pip/_vendor/packaging/licenses) by extensions ['colcon_meta']
[0.554s] Level 1:colcon.colcon_core.package_identification:_identify(venv/lib/python3.12/site-packages/pip/_vendor/packaging/licenses) by extension 'colcon_meta'
[0.554s] Level 1:colcon.colcon_core.package_identification:_identify(venv/lib/python3.12/site-packages/pip/_vendor/packaging/licenses) by extensions ['ros']
[0.554s] Level 1:colcon.colcon_core.package_identification:_identify(venv/lib/python3.12/site-packages/pip/_vendor/packaging/licenses) by extension 'ros'
[0.554s] Level 1:colcon.colcon_core.package_identification:_identify(venv/lib/python3.12/site-packages/pip/_vendor/packaging/licenses) by extensions ['cmake', 'python']
[0.554s] Level 1:colcon.colcon_core.package_identification:_identify(venv/lib/python3.12/site-packages/pip/_vendor/packaging/licenses) by extension 'cmake'
[0.554s] Level 1:colcon.colcon_core.package_identification:_identify(venv/lib/python3.12/site-packages/pip/_vendor/packaging/licenses) by extension 'python'
[0.554s] Level 1:colcon.colcon_core.package_identification:_identify(venv/lib/python3.12/site-packages/pip/_vendor/packaging/licenses) by extensions ['python_setup_py']
[0.554s] Level 1:colcon.colcon_core.package_identification:_identify(venv/lib/python3.12/site-packages/pip/_vendor/packaging/licenses) by extension 'python_setup_py'
[0.554s] Level 1:colcon.colcon_core.package_identification:_identify(venv/lib/python3.12/site-packages/pip/_vendor/packaging/licenses/__pycache__) by extensions ['ignore', 'ignore_ament_install']
[0.554s] Level 1:colcon.colcon_core.package_identification:_identify(venv/lib/python3.12/site-packages/pip/_vendor/packaging/licenses/__pycache__) by extension 'ignore'
[0.554s] Level 1:colcon.colcon_core.package_identification:_identify(venv/lib/python3.12/site-packages/pip/_vendor/packaging/licenses/__pycache__) by extension 'ignore_ament_install'
[0.554s] Level 1:colcon.colcon_core.package_identification:_identify(venv/lib/python3.12/site-packages/pip/_vendor/packaging/licenses/__pycache__) by extensions ['colcon_pkg']
[0.554s] Level 1:colcon.colcon_core.package_identification:_identify(venv/lib/python3.12/site-packages/pip/_vendor/packaging/licenses/__pycache__) by extension 'colcon_pkg'
[0.554s] Level 1:colcon.colcon_core.package_identification:_identify(venv/lib/python3.12/site-packages/pip/_vendor/packaging/licenses/__pycache__) by extensions ['colcon_meta']
[0.554s] Level 1:colcon.colcon_core.package_identification:_identify(venv/lib/python3.12/site-packages/pip/_vendor/packaging/licenses/__pycache__) by extension 'colcon_meta'
[0.555s] Level 1:colcon.colcon_core.package_identification:_identify(venv/lib/python3.12/site-packages/pip/_vendor/packaging/licenses/__pycache__) by extensions ['ros']
[0.555s] Level 1:colcon.colcon_core.package_identification:_identify(venv/lib/python3.12/site-packages/pip/_vendor/packaging/licenses/__pycache__) by extension 'ros'
[0.555s] Level 1:colcon.colcon_core.package_identification:_identify(venv/lib/python3.12/site-packages/pip/_vendor/packaging/licenses/__pycache__) by extensions ['cmake', 'python']
[0.555s] Level 1:colcon.colcon_core.package_identification:_identify(venv/lib/python3.12/site-packages/pip/_vendor/packaging/licenses/__pycache__) by extension 'cmake'
[0.555s] Level 1:colcon.colcon_core.package_identification:_identify(venv/lib/python3.12/site-packages/pip/_vendor/packaging/licenses/__pycache__) by extension 'python'
[0.555s] Level 1:colcon.colcon_core.package_identification:_identify(venv/lib/python3.12/site-packages/pip/_vendor/packaging/licenses/__pycache__) by extensions ['python_setup_py']
[0.555s] Level 1:colcon.colcon_core.package_identification:_identify(venv/lib/python3.12/site-packages/pip/_vendor/packaging/licenses/__pycache__) by extension 'python_setup_py'
[0.555s] Level 1:colcon.colcon_core.package_identification:_identify(venv/lib/python3.12/site-packages/pip/_vendor/pkg_resources) by extensions ['ignore', 'ignore_ament_install']
[0.555s] Level 1:colcon.colcon_core.package_identification:_identify(venv/lib/python3.12/site-packages/pip/_vendor/pkg_resources) by extension 'ignore'
[0.555s] Level 1:colcon.colcon_core.package_identification:_identify(venv/lib/python3.12/site-packages/pip/_vendor/pkg_resources) by extension 'ignore_ament_install'
[0.555s] Level 1:colcon.colcon_core.package_identification:_identify(venv/lib/python3.12/site-packages/pip/_vendor/pkg_resources) by extensions ['colcon_pkg']
[0.555s] Level 1:colcon.colcon_core.package_identification:_identify(venv/lib/python3.12/site-packages/pip/_vendor/pkg_resources) by extension 'colcon_pkg'
[0.555s] Level 1:colcon.colcon_core.package_identification:_identify(venv/lib/python3.12/site-packages/pip/_vendor/pkg_resources) by extensions ['colcon_meta']
[0.555s] Level 1:colcon.colcon_core.package_identification:_identify(venv/lib/python3.12/site-packages/pip/_vendor/pkg_resources) by extension 'colcon_meta'
[0.555s] Level 1:colcon.colcon_core.package_identification:_identify(venv/lib/python3.12/site-packages/pip/_vendor/pkg_resources) by extensions ['ros']
[0.555s] Level 1:colcon.colcon_core.package_identification:_identify(venv/lib/python3.12/site-packages/pip/_vendor/pkg_resources) by extension 'ros'
[0.556s] Level 1:colcon.colcon_core.package_identification:_identify(venv/lib/python3.12/site-packages/pip/_vendor/pkg_resources) by extensions ['cmake', 'python']
[0.556s] Level 1:colcon.colcon_core.package_identification:_identify(venv/lib/python3.12/site-packages/pip/_vendor/pkg_resources) by extension 'cmake'
[0.556s] Level 1:colcon.colcon_core.package_identification:_identify(venv/lib/python3.12/site-packages/pip/_vendor/pkg_resources) by extension 'python'
[0.556s] Level 1:colcon.colcon_core.package_identification:_identify(venv/lib/python3.12/site-packages/pip/_vendor/pkg_resources) by extensions ['python_setup_py']
[0.556s] Level 1:colcon.colcon_core.package_identification:_identify(venv/lib/python3.12/site-packages/pip/_vendor/pkg_resources) by extension 'python_setup_py'
[0.556s] Level 1:colcon.colcon_core.package_identification:_identify(venv/lib/python3.12/site-packages/pip/_vendor/pkg_resources/__pycache__) by extensions ['ignore', 'ignore_ament_install']
[0.556s] Level 1:colcon.colcon_core.package_identification:_identify(venv/lib/python3.12/site-packages/pip/_vendor/pkg_resources/__pycache__) by extension 'ignore'
[0.556s] Level 1:colcon.colcon_core.package_identification:_identify(venv/lib/python3.12/site-packages/pip/_vendor/pkg_resources/__pycache__) by extension 'ignore_ament_install'
[0.556s] Level 1:colcon.colcon_core.package_identification:_identify(venv/lib/python3.12/site-packages/pip/_vendor/pkg_resources/__pycache__) by extensions ['colcon_pkg']
[0.556s] Level 1:colcon.colcon_core.package_identification:_identify(venv/lib/python3.12/site-packages/pip/_vendor/pkg_resources/__pycache__) by extension 'colcon_pkg'
[0.556s] Level 1:colcon.colcon_core.package_identification:_identify(venv/lib/python3.12/site-packages/pip/_vendor/pkg_resources/__pycache__) by extensions ['colcon_meta']
[0.556s] Level 1:colcon.colcon_core.package_identification:_identify(venv/lib/python3.12/site-packages/pip/_vendor/pkg_resources/__pycache__) by extension 'colcon_meta'
[0.556s] Level 1:colcon.colcon_core.package_identification:_identify(venv/lib/python3.12/site-packages/pip/_vendor/pkg_resources/__pycache__) by extensions ['ros']
[0.556s] Level 1:colcon.colcon_core.package_identification:_identify(venv/lib/python3.12/site-packages/pip/_vendor/pkg_resources/__pycache__) by extension 'ros'
[0.556s] Level 1:colcon.colcon_core.package_identification:_identify(venv/lib/python3.12/site-packages/pip/_vendor/pkg_resources/__pycache__) by extensions ['cmake', 'python']
[0.556s] Level 1:colcon.colcon_core.package_identification:_identify(venv/lib/python3.12/site-packages/pip/_vendor/pkg_resources/__pycache__) by extension 'cmake'
[0.556s] Level 1:colcon.colcon_core.package_identification:_identify(venv/lib/python3.12/site-packages/pip/_vendor/pkg_resources/__pycache__) by extension 'python'
[0.557s] Level 1:colcon.colcon_core.package_identification:_identify(venv/lib/python3.12/site-packages/pip/_vendor/pkg_resources/__pycache__) by extensions ['python_setup_py']
[0.557s] Level 1:colcon.colcon_core.package_identification:_identify(venv/lib/python3.12/site-packages/pip/_vendor/pkg_resources/__pycache__) by extension 'python_setup_py'
[0.557s] Level 1:colcon.colcon_core.package_identification:_identify(venv/lib/python3.12/site-packages/pip/_vendor/platformdirs) by extensions ['ignore', 'ignore_ament_install']
[0.557s] Level 1:colcon.colcon_core.package_identification:_identify(venv/lib/python3.12/site-packages/pip/_vendor/platformdirs) by extension 'ignore'
[0.557s] Level 1:colcon.colcon_core.package_identification:_identify(venv/lib/python3.12/site-packages/pip/_vendor/platformdirs) by extension 'ignore_ament_install'
[0.557s] Level 1:colcon.colcon_core.package_identification:_identify(venv/lib/python3.12/site-packages/pip/_vendor/platformdirs) by extensions ['colcon_pkg']
[0.557s] Level 1:colcon.colcon_core.package_identification:_identify(venv/lib/python3.12/site-packages/pip/_vendor/platformdirs) by extension 'colcon_pkg'
[0.557s] Level 1:colcon.colcon_core.package_identification:_identify(venv/lib/python3.12/site-packages/pip/_vendor/platformdirs) by extensions ['colcon_meta']
[0.557s] Level 1:colcon.colcon_core.package_identification:_identify(venv/lib/python3.12/site-packages/pip/_vendor/platformdirs) by extension 'colcon_meta'
[0.557s] Level 1:colcon.colcon_core.package_identification:_identify(venv/lib/python3.12/site-packages/pip/_vendor/platformdirs) by extensions ['ros']
[0.557s] Level 1:colcon.colcon_core.package_identification:_identify(venv/lib/python3.12/site-packages/pip/_vendor/platformdirs) by extension 'ros'
[0.557s] Level 1:colcon.colcon_core.package_identification:_identify(venv/lib/python3.12/site-packages/pip/_vendor/platformdirs) by extensions ['cmake', 'python']
[0.557s] Level 1:colcon.colcon_core.package_identification:_identify(venv/lib/python3.12/site-packages/pip/_vendor/platformdirs) by extension 'cmake'
[0.557s] Level 1:colcon.colcon_core.package_identification:_identify(venv/lib/python3.12/site-packages/pip/_vendor/platformdirs) by extension 'python'
[0.557s] Level 1:colcon.colcon_core.package_identification:_identify(venv/lib/python3.12/site-packages/pip/_vendor/platformdirs) by extensions ['python_setup_py']
[0.557s] Level 1:colcon.colcon_core.package_identification:_identify(venv/lib/python3.12/site-packages/pip/_vendor/platformdirs) by extension 'python_setup_py'
[0.558s] Level 1:colcon.colcon_core.package_identification:_identify(venv/lib/python3.12/site-packages/pip/_vendor/platformdirs/__pycache__) by extensions ['ignore', 'ignore_ament_install']
[0.558s] Level 1:colcon.colcon_core.package_identification:_identify(venv/lib/python3.12/site-packages/pip/_vendor/platformdirs/__pycache__) by extension 'ignore'
[0.558s] Level 1:colcon.colcon_core.package_identification:_identify(venv/lib/python3.12/site-packages/pip/_vendor/platformdirs/__pycache__) by extension 'ignore_ament_install'
[0.558s] Level 1:colcon.colcon_core.package_identification:_identify(venv/lib/python3.12/site-packages/pip/_vendor/platformdirs/__pycache__) by extensions ['colcon_pkg']
[0.558s] Level 1:colcon.colcon_core.package_identification:_identify(venv/lib/python3.12/site-packages/pip/_vendor/platformdirs/__pycache__) by extension 'colcon_pkg'
[0.558s] Level 1:colcon.colcon_core.package_identification:_identify(venv/lib/python3.12/site-packages/pip/_vendor/platformdirs/__pycache__) by extensions ['colcon_meta']
[0.558s] Level 1:colcon.colcon_core.package_identification:_identify(venv/lib/python3.12/site-packages/pip/_vendor/platformdirs/__pycache__) by extension 'colcon_meta'
[0.558s] Level 1:colcon.colcon_core.package_identification:_identify(venv/lib/python3.12/site-packages/pip/_vendor/platformdirs/__pycache__) by extensions ['ros']
[0.558s] Level 1:colcon.colcon_core.package_identification:_identify(venv/lib/python3.12/site-packages/pip/_vendor/platformdirs/__pycache__) by extension 'ros'
[0.558s] Level 1:colcon.colcon_core.package_identification:_identify(venv/lib/python3.12/site-packages/pip/_vendor/platformdirs/__pycache__) by extensions ['cmake', 'python']
[0.558s] Level 1:colcon.colcon_core.package_identification:_identify(venv/lib/python3.12/site-packages/pip/_vendor/platformdirs/__pycache__) by extension 'cmake'
[0.558s] Level 1:colcon.colcon_core.package_identification:_identify(venv/lib/python3.12/site-packages/pip/_vendor/platformdirs/__pycache__) by extension 'python'
[0.558s] Level 1:colcon.colcon_core.package_identification:_identify(venv/lib/python3.12/site-packages/pip/_vendor/platformdirs/__pycache__) by extensions ['python_setup_py']
[0.558s] Level 1:colcon.colcon_core.package_identification:_identify(venv/lib/python3.12/site-packages/pip/_vendor/platformdirs/__pycache__) by extension 'python_setup_py'
[0.558s] Level 1:colcon.colcon_core.package_identification:_identify(venv/lib/python3.12/site-packages/pip/_vendor/pygments) by extensions ['ignore', 'ignore_ament_install']
[0.558s] Level 1:colcon.colcon_core.package_identification:_identify(venv/lib/python3.12/site-packages/pip/_vendor/pygments) by extension 'ignore'
[0.559s] Level 1:colcon.colcon_core.package_identification:_identify(venv/lib/python3.12/site-packages/pip/_vendor/pygments) by extension 'ignore_ament_install'
[0.559s] Level 1:colcon.colcon_core.package_identification:_identify(venv/lib/python3.12/site-packages/pip/_vendor/pygments) by extensions ['colcon_pkg']
[0.559s] Level 1:colcon.colcon_core.package_identification:_identify(venv/lib/python3.12/site-packages/pip/_vendor/pygments) by extension 'colcon_pkg'
[0.559s] Level 1:colcon.colcon_core.package_identification:_identify(venv/lib/python3.12/site-packages/pip/_vendor/pygments) by extensions ['colcon_meta']
[0.559s] Level 1:colcon.colcon_core.package_identification:_identify(venv/lib/python3.12/site-packages/pip/_vendor/pygments) by extension 'colcon_meta'
[0.559s] Level 1:colcon.colcon_core.package_identification:_identify(venv/lib/python3.12/site-packages/pip/_vendor/pygments) by extensions ['ros']
[0.559s] Level 1:colcon.colcon_core.package_identification:_identify(venv/lib/python3.12/site-packages/pip/_vendor/pygments) by extension 'ros'
[0.559s] Level 1:colcon.colcon_core.package_identification:_identify(venv/lib/python3.12/site-packages/pip/_vendor/pygments) by extensions ['cmake', 'python']
[0.559s] Level 1:colcon.colcon_core.package_identification:_identify(venv/lib/python3.12/site-packages/pip/_vendor/pygments) by extension 'cmake'
[0.559s] Level 1:colcon.colcon_core.package_identification:_identify(venv/lib/python3.12/site-packages/pip/_vendor/pygments) by extension 'python'
[0.559s] Level 1:colcon.colcon_core.package_identification:_identify(venv/lib/python3.12/site-packages/pip/_vendor/pygments) by extensions ['python_setup_py']
[0.559s] Level 1:colcon.colcon_core.package_identification:_identify(venv/lib/python3.12/site-packages/pip/_vendor/pygments) by extension 'python_setup_py'
[0.559s] Level 1:colcon.colcon_core.package_identification:_identify(venv/lib/python3.12/site-packages/pip/_vendor/pygments/__pycache__) by extensions ['ignore', 'ignore_ament_install']
[0.559s] Level 1:colcon.colcon_core.package_identification:_identify(venv/lib/python3.12/site-packages/pip/_vendor/pygments/__pycache__) by extension 'ignore'
[0.559s] Level 1:colcon.colcon_core.package_identification:_identify(venv/lib/python3.12/site-packages/pip/_vendor/pygments/__pycache__) by extension 'ignore_ament_install'
[0.559s] Level 1:colcon.colcon_core.package_identification:_identify(venv/lib/python3.12/site-packages/pip/_vendor/pygments/__pycache__) by extensions ['colcon_pkg']
[0.560s] Level 1:colcon.colcon_core.package_identification:_identify(venv/lib/python3.12/site-packages/pip/_vendor/pygments/__pycache__) by extension 'colcon_pkg'
[0.560s] Level 1:colcon.colcon_core.package_identification:_identify(venv/lib/python3.12/site-packages/pip/_vendor/pygments/__pycache__) by extensions ['colcon_meta']
[0.560s] Level 1:colcon.colcon_core.package_identification:_identify(venv/lib/python3.12/site-packages/pip/_vendor/pygments/__pycache__) by extension 'colcon_meta'
[0.560s] Level 1:colcon.colcon_core.package_identification:_identify(venv/lib/python3.12/site-packages/pip/_vendor/pygments/__pycache__) by extensions ['ros']
[0.560s] Level 1:colcon.colcon_core.package_identification:_identify(venv/lib/python3.12/site-packages/pip/_vendor/pygments/__pycache__) by extension 'ros'
[0.560s] Level 1:colcon.colcon_core.package_identification:_identify(venv/lib/python3.12/site-packages/pip/_vendor/pygments/__pycache__) by extensions ['cmake', 'python']
[0.560s] Level 1:colcon.colcon_core.package_identification:_identify(venv/lib/python3.12/site-packages/pip/_vendor/pygments/__pycache__) by extension 'cmake'
[0.560s] Level 1:colcon.colcon_core.package_identification:_identify(venv/lib/python3.12/site-packages/pip/_vendor/pygments/__pycache__) by extension 'python'
[0.560s] Level 1:colcon.colcon_core.package_identification:_identify(venv/lib/python3.12/site-packages/pip/_vendor/pygments/__pycache__) by extensions ['python_setup_py']
[0.560s] Level 1:colcon.colcon_core.package_identification:_identify(venv/lib/python3.12/site-packages/pip/_vendor/pygments/__pycache__) by extension 'python_setup_py'
[0.560s] Level 1:colcon.colcon_core.package_identification:_identify(venv/lib/python3.12/site-packages/pip/_vendor/pygments/filters) by extensions ['ignore', 'ignore_ament_install']
[0.560s] Level 1:colcon.colcon_core.package_identification:_identify(venv/lib/python3.12/site-packages/pip/_vendor/pygments/filters) by extension 'ignore'
[0.560s] Level 1:colcon.colcon_core.package_identification:_identify(venv/lib/python3.12/site-packages/pip/_vendor/pygments/filters) by extension 'ignore_ament_install'
[0.560s] Level 1:colcon.colcon_core.package_identification:_identify(venv/lib/python3.12/site-packages/pip/_vendor/pygments/filters) by extensions ['colcon_pkg']
[0.560s] Level 1:colcon.colcon_core.package_identification:_identify(venv/lib/python3.12/site-packages/pip/_vendor/pygments/filters) by extension 'colcon_pkg'
[0.560s] Level 1:colcon.colcon_core.package_identification:_identify(venv/lib/python3.12/site-packages/pip/_vendor/pygments/filters) by extensions ['colcon_meta']
[0.560s] Level 1:colcon.colcon_core.package_identification:_identify(venv/lib/python3.12/site-packages/pip/_vendor/pygments/filters) by extension 'colcon_meta'
[0.561s] Level 1:colcon.colcon_core.package_identification:_identify(venv/lib/python3.12/site-packages/pip/_vendor/pygments/filters) by extensions ['ros']
[0.561s] Level 1:colcon.colcon_core.package_identification:_identify(venv/lib/python3.12/site-packages/pip/_vendor/pygments/filters) by extension 'ros'
[0.561s] Level 1:colcon.colcon_core.package_identification:_identify(venv/lib/python3.12/site-packages/pip/_vendor/pygments/filters) by extensions ['cmake', 'python']
[0.561s] Level 1:colcon.colcon_core.package_identification:_identify(venv/lib/python3.12/site-packages/pip/_vendor/pygments/filters) by extension 'cmake'
[0.561s] Level 1:colcon.colcon_core.package_identification:_identify(venv/lib/python3.12/site-packages/pip/_vendor/pygments/filters) by extension 'python'
[0.561s] Level 1:colcon.colcon_core.package_identification:_identify(venv/lib/python3.12/site-packages/pip/_vendor/pygments/filters) by extensions ['python_setup_py']
[0.561s] Level 1:colcon.colcon_core.package_identification:_identify(venv/lib/python3.12/site-packages/pip/_vendor/pygments/filters) by extension 'python_setup_py'
[0.561s] Level 1:colcon.colcon_core.package_identification:_identify(venv/lib/python3.12/site-packages/pip/_vendor/pygments/filters/__pycache__) by extensions ['ignore', 'ignore_ament_install']
[0.561s] Level 1:colcon.colcon_core.package_identification:_identify(venv/lib/python3.12/site-packages/pip/_vendor/pygments/filters/__pycache__) by extension 'ignore'
[0.561s] Level 1:colcon.colcon_core.package_identification:_identify(venv/lib/python3.12/site-packages/pip/_vendor/pygments/filters/__pycache__) by extension 'ignore_ament_install'
[0.561s] Level 1:colcon.colcon_core.package_identification:_identify(venv/lib/python3.12/site-packages/pip/_vendor/pygments/filters/__pycache__) by extensions ['colcon_pkg']
[0.561s] Level 1:colcon.colcon_core.package_identification:_identify(venv/lib/python3.12/site-packages/pip/_vendor/pygments/filters/__pycache__) by extension 'colcon_pkg'
[0.561s] Level 1:colcon.colcon_core.package_identification:_identify(venv/lib/python3.12/site-packages/pip/_vendor/pygments/filters/__pycache__) by extensions ['colcon_meta']
[0.561s] Level 1:colcon.colcon_core.package_identification:_identify(venv/lib/python3.12/site-packages/pip/_vendor/pygments/filters/__pycache__) by extension 'colcon_meta'
[0.561s] Level 1:colcon.colcon_core.package_identification:_identify(venv/lib/python3.12/site-packages/pip/_vendor/pygments/filters/__pycache__) by extensions ['ros']
[0.561s] Level 1:colcon.colcon_core.package_identification:_identify(venv/lib/python3.12/site-packages/pip/_vendor/pygments/filters/__pycache__) by extension 'ros'
[0.562s] Level 1:colcon.colcon_core.package_identification:_identify(venv/lib/python3.12/site-packages/pip/_vendor/pygments/filters/__pycache__) by extensions ['cmake', 'python']
[0.562s] Level 1:colcon.colcon_core.package_identification:_identify(venv/lib/python3.12/site-packages/pip/_vendor/pygments/filters/__pycache__) by extension 'cmake'
[0.562s] Level 1:colcon.colcon_core.package_identification:_identify(venv/lib/python3.12/site-packages/pip/_vendor/pygments/filters/__pycache__) by extension 'python'
[0.562s] Level 1:colcon.colcon_core.package_identification:_identify(venv/lib/python3.12/site-packages/pip/_vendor/pygments/filters/__pycache__) by extensions ['python_setup_py']
[0.562s] Level 1:colcon.colcon_core.package_identification:_identify(venv/lib/python3.12/site-packages/pip/_vendor/pygments/filters/__pycache__) by extension 'python_setup_py'
[0.562s] Level 1:colcon.colcon_core.package_identification:_identify(venv/lib/python3.12/site-packages/pip/_vendor/pygments/formatters) by extensions ['ignore', 'ignore_ament_install']
[0.562s] Level 1:colcon.colcon_core.package_identification:_identify(venv/lib/python3.12/site-packages/pip/_vendor/pygments/formatters) by extension 'ignore'
[0.562s] Level 1:colcon.colcon_core.package_identification:_identify(venv/lib/python3.12/site-packages/pip/_vendor/pygments/formatters) by extension 'ignore_ament_install'
[0.562s] Level 1:colcon.colcon_core.package_identification:_identify(venv/lib/python3.12/site-packages/pip/_vendor/pygments/formatters) by extensions ['colcon_pkg']
[0.562s] Level 1:colcon.colcon_core.package_identification:_identify(venv/lib/python3.12/site-packages/pip/_vendor/pygments/formatters) by extension 'colcon_pkg'
[0.562s] Level 1:colcon.colcon_core.package_identification:_identify(venv/lib/python3.12/site-packages/pip/_vendor/pygments/formatters) by extensions ['colcon_meta']
[0.562s] Level 1:colcon.colcon_core.package_identification:_identify(venv/lib/python3.12/site-packages/pip/_vendor/pygments/formatters) by extension 'colcon_meta'
[0.562s] Level 1:colcon.colcon_core.package_identification:_identify(venv/lib/python3.12/site-packages/pip/_vendor/pygments/formatters) by extensions ['ros']
[0.562s] Level 1:colcon.colcon_core.package_identification:_identify(venv/lib/python3.12/site-packages/pip/_vendor/pygments/formatters) by extension 'ros'
[0.562s] Level 1:colcon.colcon_core.package_identification:_identify(venv/lib/python3.12/site-packages/pip/_vendor/pygments/formatters) by extensions ['cmake', 'python']
[0.562s] Level 1:colcon.colcon_core.package_identification:_identify(venv/lib/python3.12/site-packages/pip/_vendor/pygments/formatters) by extension 'cmake'
[0.562s] Level 1:colcon.colcon_core.package_identification:_identify(venv/lib/python3.12/site-packages/pip/_vendor/pygments/formatters) by extension 'python'
[0.563s] Level 1:colcon.colcon_core.package_identification:_identify(venv/lib/python3.12/site-packages/pip/_vendor/pygments/formatters) by extensions ['python_setup_py']
[0.563s] Level 1:colcon.colcon_core.package_identification:_identify(venv/lib/python3.12/site-packages/pip/_vendor/pygments/formatters) by extension 'python_setup_py'
[0.563s] Level 1:colcon.colcon_core.package_identification:_identify(venv/lib/python3.12/site-packages/pip/_vendor/pygments/formatters/__pycache__) by extensions ['ignore', 'ignore_ament_install']
[0.563s] Level 1:colcon.colcon_core.package_identification:_identify(venv/lib/python3.12/site-packages/pip/_vendor/pygments/formatters/__pycache__) by extension 'ignore'
[0.563s] Level 1:colcon.colcon_core.package_identification:_identify(venv/lib/python3.12/site-packages/pip/_vendor/pygments/formatters/__pycache__) by extension 'ignore_ament_install'
[0.563s] Level 1:colcon.colcon_core.package_identification:_identify(venv/lib/python3.12/site-packages/pip/_vendor/pygments/formatters/__pycache__) by extensions ['colcon_pkg']
[0.563s] Level 1:colcon.colcon_core.package_identification:_identify(venv/lib/python3.12/site-packages/pip/_vendor/pygments/formatters/__pycache__) by extension 'colcon_pkg'
[0.563s] Level 1:colcon.colcon_core.package_identification:_identify(venv/lib/python3.12/site-packages/pip/_vendor/pygments/formatters/__pycache__) by extensions ['colcon_meta']
[0.563s] Level 1:colcon.colcon_core.package_identification:_identify(venv/lib/python3.12/site-packages/pip/_vendor/pygments/formatters/__pycache__) by extension 'colcon_meta'
[0.563s] Level 1:colcon.colcon_core.package_identification:_identify(venv/lib/python3.12/site-packages/pip/_vendor/pygments/formatters/__pycache__) by extensions ['ros']
[0.563s] Level 1:colcon.colcon_core.package_identification:_identify(venv/lib/python3.12/site-packages/pip/_vendor/pygments/formatters/__pycache__) by extension 'ros'
[0.563s] Level 1:colcon.colcon_core.package_identification:_identify(venv/lib/python3.12/site-packages/pip/_vendor/pygments/formatters/__pycache__) by extensions ['cmake', 'python']
[0.563s] Level 1:colcon.colcon_core.package_identification:_identify(venv/lib/python3.12/site-packages/pip/_vendor/pygments/formatters/__pycache__) by extension 'cmake'
[0.563s] Level 1:colcon.colcon_core.package_identification:_identify(venv/lib/python3.12/site-packages/pip/_vendor/pygments/formatters/__pycache__) by extension 'python'
[0.563s] Level 1:colcon.colcon_core.package_identification:_identify(venv/lib/python3.12/site-packages/pip/_vendor/pygments/formatters/__pycache__) by extensions ['python_setup_py']
[0.563s] Level 1:colcon.colcon_core.package_identification:_identify(venv/lib/python3.12/site-packages/pip/_vendor/pygments/formatters/__pycache__) by extension 'python_setup_py'
[0.564s] Level 1:colcon.colcon_core.package_identification:_identify(venv/lib/python3.12/site-packages/pip/_vendor/pygments/lexers) by extensions ['ignore', 'ignore_ament_install']
[0.564s] Level 1:colcon.colcon_core.package_identification:_identify(venv/lib/python3.12/site-packages/pip/_vendor/pygments/lexers) by extension 'ignore'
[0.564s] Level 1:colcon.colcon_core.package_identification:_identify(venv/lib/python3.12/site-packages/pip/_vendor/pygments/lexers) by extension 'ignore_ament_install'
[0.564s] Level 1:colcon.colcon_core.package_identification:_identify(venv/lib/python3.12/site-packages/pip/_vendor/pygments/lexers) by extensions ['colcon_pkg']
[0.564s] Level 1:colcon.colcon_core.package_identification:_identify(venv/lib/python3.12/site-packages/pip/_vendor/pygments/lexers) by extension 'colcon_pkg'
[0.564s] Level 1:colcon.colcon_core.package_identification:_identify(venv/lib/python3.12/site-packages/pip/_vendor/pygments/lexers) by extensions ['colcon_meta']
[0.564s] Level 1:colcon.colcon_core.package_identification:_identify(venv/lib/python3.12/site-packages/pip/_vendor/pygments/lexers) by extension 'colcon_meta'
[0.564s] Level 1:colcon.colcon_core.package_identification:_identify(venv/lib/python3.12/site-packages/pip/_vendor/pygments/lexers) by extensions ['ros']
[0.564s] Level 1:colcon.colcon_core.package_identification:_identify(venv/lib/python3.12/site-packages/pip/_vendor/pygments/lexers) by extension 'ros'
[0.564s] Level 1:colcon.colcon_core.package_identification:_identify(venv/lib/python3.12/site-packages/pip/_vendor/pygments/lexers) by extensions ['cmake', 'python']
[0.564s] Level 1:colcon.colcon_core.package_identification:_identify(venv/lib/python3.12/site-packages/pip/_vendor/pygments/lexers) by extension 'cmake'
[0.564s] Level 1:colcon.colcon_core.package_identification:_identify(venv/lib/python3.12/site-packages/pip/_vendor/pygments/lexers) by extension 'python'
[0.564s] Level 1:colcon.colcon_core.package_identification:_identify(venv/lib/python3.12/site-packages/pip/_vendor/pygments/lexers) by extensions ['python_setup_py']
[0.564s] Level 1:colcon.colcon_core.package_identification:_identify(venv/lib/python3.12/site-packages/pip/_vendor/pygments/lexers) by extension 'python_setup_py'
[0.564s] Level 1:colcon.colcon_core.package_identification:_identify(venv/lib/python3.12/site-packages/pip/_vendor/pygments/lexers/__pycache__) by extensions ['ignore', 'ignore_ament_install']
[0.564s] Level 1:colcon.colcon_core.package_identification:_identify(venv/lib/python3.12/site-packages/pip/_vendor/pygments/lexers/__pycache__) by extension 'ignore'
[0.565s] Level 1:colcon.colcon_core.package_identification:_identify(venv/lib/python3.12/site-packages/pip/_vendor/pygments/lexers/__pycache__) by extension 'ignore_ament_install'
[0.565s] Level 1:colcon.colcon_core.package_identification:_identify(venv/lib/python3.12/site-packages/pip/_vendor/pygments/lexers/__pycache__) by extensions ['colcon_pkg']
[0.565s] Level 1:colcon.colcon_core.package_identification:_identify(venv/lib/python3.12/site-packages/pip/_vendor/pygments/lexers/__pycache__) by extension 'colcon_pkg'
[0.565s] Level 1:colcon.colcon_core.package_identification:_identify(venv/lib/python3.12/site-packages/pip/_vendor/pygments/lexers/__pycache__) by extensions ['colcon_meta']
[0.565s] Level 1:colcon.colcon_core.package_identification:_identify(venv/lib/python3.12/site-packages/pip/_vendor/pygments/lexers/__pycache__) by extension 'colcon_meta'
[0.565s] Level 1:colcon.colcon_core.package_identification:_identify(venv/lib/python3.12/site-packages/pip/_vendor/pygments/lexers/__pycache__) by extensions ['ros']
[0.565s] Level 1:colcon.colcon_core.package_identification:_identify(venv/lib/python3.12/site-packages/pip/_vendor/pygments/lexers/__pycache__) by extension 'ros'
[0.565s] Level 1:colcon.colcon_core.package_identification:_identify(venv/lib/python3.12/site-packages/pip/_vendor/pygments/lexers/__pycache__) by extensions ['cmake', 'python']
[0.565s] Level 1:colcon.colcon_core.package_identification:_identify(venv/lib/python3.12/site-packages/pip/_vendor/pygments/lexers/__pycache__) by extension 'cmake'
[0.565s] Level 1:colcon.colcon_core.package_identification:_identify(venv/lib/python3.12/site-packages/pip/_vendor/pygments/lexers/__pycache__) by extension 'python'
[0.565s] Level 1:colcon.colcon_core.package_identification:_identify(venv/lib/python3.12/site-packages/pip/_vendor/pygments/lexers/__pycache__) by extensions ['python_setup_py']
[0.565s] Level 1:colcon.colcon_core.package_identification:_identify(venv/lib/python3.12/site-packages/pip/_vendor/pygments/lexers/__pycache__) by extension 'python_setup_py'
[0.565s] Level 1:colcon.colcon_core.package_identification:_identify(venv/lib/python3.12/site-packages/pip/_vendor/pygments/styles) by extensions ['ignore', 'ignore_ament_install']
[0.565s] Level 1:colcon.colcon_core.package_identification:_identify(venv/lib/python3.12/site-packages/pip/_vendor/pygments/styles) by extension 'ignore'
[0.565s] Level 1:colcon.colcon_core.package_identification:_identify(venv/lib/python3.12/site-packages/pip/_vendor/pygments/styles) by extension 'ignore_ament_install'
[0.566s] Level 1:colcon.colcon_core.package_identification:_identify(venv/lib/python3.12/site-packages/pip/_vendor/pygments/styles) by extensions ['colcon_pkg']
[0.566s] Level 1:colcon.colcon_core.package_identification:_identify(venv/lib/python3.12/site-packages/pip/_vendor/pygments/styles) by extension 'colcon_pkg'
[0.566s] Level 1:colcon.colcon_core.package_identification:_identify(venv/lib/python3.12/site-packages/pip/_vendor/pygments/styles) by extensions ['colcon_meta']
[0.566s] Level 1:colcon.colcon_core.package_identification:_identify(venv/lib/python3.12/site-packages/pip/_vendor/pygments/styles) by extension 'colcon_meta'
[0.566s] Level 1:colcon.colcon_core.package_identification:_identify(venv/lib/python3.12/site-packages/pip/_vendor/pygments/styles) by extensions ['ros']
[0.566s] Level 1:colcon.colcon_core.package_identification:_identify(venv/lib/python3.12/site-packages/pip/_vendor/pygments/styles) by extension 'ros'
[0.566s] Level 1:colcon.colcon_core.package_identification:_identify(venv/lib/python3.12/site-packages/pip/_vendor/pygments/styles) by extensions ['cmake', 'python']
[0.566s] Level 1:colcon.colcon_core.package_identification:_identify(venv/lib/python3.12/site-packages/pip/_vendor/pygments/styles) by extension 'cmake'
[0.566s] Level 1:colcon.colcon_core.package_identification:_identify(venv/lib/python3.12/site-packages/pip/_vendor/pygments/styles) by extension 'python'
[0.566s] Level 1:colcon.colcon_core.package_identification:_identify(venv/lib/python3.12/site-packages/pip/_vendor/pygments/styles) by extensions ['python_setup_py']
[0.566s] Level 1:colcon.colcon_core.package_identification:_identify(venv/lib/python3.12/site-packages/pip/_vendor/pygments/styles) by extension 'python_setup_py'
[0.566s] Level 1:colcon.colcon_core.package_identification:_identify(venv/lib/python3.12/site-packages/pip/_vendor/pygments/styles/__pycache__) by extensions ['ignore', 'ignore_ament_install']
[0.566s] Level 1:colcon.colcon_core.package_identification:_identify(venv/lib/python3.12/site-packages/pip/_vendor/pygments/styles/__pycache__) by extension 'ignore'
[0.566s] Level 1:colcon.colcon_core.package_identification:_identify(venv/lib/python3.12/site-packages/pip/_vendor/pygments/styles/__pycache__) by extension 'ignore_ament_install'
[0.566s] Level 1:colcon.colcon_core.package_identification:_identify(venv/lib/python3.12/site-packages/pip/_vendor/pygments/styles/__pycache__) by extensions ['colcon_pkg']
[0.566s] Level 1:colcon.colcon_core.package_identification:_identify(venv/lib/python3.12/site-packages/pip/_vendor/pygments/styles/__pycache__) by extension 'colcon_pkg'
[0.566s] Level 1:colcon.colcon_core.package_identification:_identify(venv/lib/python3.12/site-packages/pip/_vendor/pygments/styles/__pycache__) by extensions ['colcon_meta']
[0.566s] Level 1:colcon.colcon_core.package_identification:_identify(venv/lib/python3.12/site-packages/pip/_vendor/pygments/styles/__pycache__) by extension 'colcon_meta'
[0.567s] Level 1:colcon.colcon_core.package_identification:_identify(venv/lib/python3.12/site-packages/pip/_vendor/pygments/styles/__pycache__) by extensions ['ros']
[0.567s] Level 1:colcon.colcon_core.package_identification:_identify(venv/lib/python3.12/site-packages/pip/_vendor/pygments/styles/__pycache__) by extension 'ros'
[0.567s] Level 1:colcon.colcon_core.package_identification:_identify(venv/lib/python3.12/site-packages/pip/_vendor/pygments/styles/__pycache__) by extensions ['cmake', 'python']
[0.567s] Level 1:colcon.colcon_core.package_identification:_identify(venv/lib/python3.12/site-packages/pip/_vendor/pygments/styles/__pycache__) by extension 'cmake'
[0.567s] Level 1:colcon.colcon_core.package_identification:_identify(venv/lib/python3.12/site-packages/pip/_vendor/pygments/styles/__pycache__) by extension 'python'
[0.567s] Level 1:colcon.colcon_core.package_identification:_identify(venv/lib/python3.12/site-packages/pip/_vendor/pygments/styles/__pycache__) by extensions ['python_setup_py']
[0.567s] Level 1:colcon.colcon_core.package_identification:_identify(venv/lib/python3.12/site-packages/pip/_vendor/pygments/styles/__pycache__) by extension 'python_setup_py'
[0.567s] Level 1:colcon.colcon_core.package_identification:_identify(venv/lib/python3.12/site-packages/pip/_vendor/pyproject_hooks) by extensions ['ignore', 'ignore_ament_install']
[0.567s] Level 1:colcon.colcon_core.package_identification:_identify(venv/lib/python3.12/site-packages/pip/_vendor/pyproject_hooks) by extension 'ignore'
[0.567s] Level 1:colcon.colcon_core.package_identification:_identify(venv/lib/python3.12/site-packages/pip/_vendor/pyproject_hooks) by extension 'ignore_ament_install'
[0.567s] Level 1:colcon.colcon_core.package_identification:_identify(venv/lib/python3.12/site-packages/pip/_vendor/pyproject_hooks) by extensions ['colcon_pkg']
[0.567s] Level 1:colcon.colcon_core.package_identification:_identify(venv/lib/python3.12/site-packages/pip/_vendor/pyproject_hooks) by extension 'colcon_pkg'
[0.567s] Level 1:colcon.colcon_core.package_identification:_identify(venv/lib/python3.12/site-packages/pip/_vendor/pyproject_hooks) by extensions ['colcon_meta']
[0.567s] Level 1:colcon.colcon_core.package_identification:_identify(venv/lib/python3.12/site-packages/pip/_vendor/pyproject_hooks) by extension 'colcon_meta'
[0.567s] Level 1:colcon.colcon_core.package_identification:_identify(venv/lib/python3.12/site-packages/pip/_vendor/pyproject_hooks) by extensions ['ros']
[0.567s] Level 1:colcon.colcon_core.package_identification:_identify(venv/lib/python3.12/site-packages/pip/_vendor/pyproject_hooks) by extension 'ros'
[0.568s] Level 1:colcon.colcon_core.package_identification:_identify(venv/lib/python3.12/site-packages/pip/_vendor/pyproject_hooks) by extensions ['cmake', 'python']
[0.568s] Level 1:colcon.colcon_core.package_identification:_identify(venv/lib/python3.12/site-packages/pip/_vendor/pyproject_hooks) by extension 'cmake'
[0.568s] Level 1:colcon.colcon_core.package_identification:_identify(venv/lib/python3.12/site-packages/pip/_vendor/pyproject_hooks) by extension 'python'
[0.568s] Level 1:colcon.colcon_core.package_identification:_identify(venv/lib/python3.12/site-packages/pip/_vendor/pyproject_hooks) by extensions ['python_setup_py']
[0.568s] Level 1:colcon.colcon_core.package_identification:_identify(venv/lib/python3.12/site-packages/pip/_vendor/pyproject_hooks) by extension 'python_setup_py'
[0.568s] Level 1:colcon.colcon_core.package_identification:_identify(venv/lib/python3.12/site-packages/pip/_vendor/pyproject_hooks/__pycache__) by extensions ['ignore', 'ignore_ament_install']
[0.568s] Level 1:colcon.colcon_core.package_identification:_identify(venv/lib/python3.12/site-packages/pip/_vendor/pyproject_hooks/__pycache__) by extension 'ignore'
[0.568s] Level 1:colcon.colcon_core.package_identification:_identify(venv/lib/python3.12/site-packages/pip/_vendor/pyproject_hooks/__pycache__) by extension 'ignore_ament_install'
[0.568s] Level 1:colcon.colcon_core.package_identification:_identify(venv/lib/python3.12/site-packages/pip/_vendor/pyproject_hooks/__pycache__) by extensions ['colcon_pkg']
[0.568s] Level 1:colcon.colcon_core.package_identification:_identify(venv/lib/python3.12/site-packages/pip/_vendor/pyproject_hooks/__pycache__) by extension 'colcon_pkg'
[0.568s] Level 1:colcon.colcon_core.package_identification:_identify(venv/lib/python3.12/site-packages/pip/_vendor/pyproject_hooks/__pycache__) by extensions ['colcon_meta']
[0.568s] Level 1:colcon.colcon_core.package_identification:_identify(venv/lib/python3.12/site-packages/pip/_vendor/pyproject_hooks/__pycache__) by extension 'colcon_meta'
[0.568s] Level 1:colcon.colcon_core.package_identification:_identify(venv/lib/python3.12/site-packages/pip/_vendor/pyproject_hooks/__pycache__) by extensions ['ros']
[0.568s] Level 1:colcon.colcon_core.package_identification:_identify(venv/lib/python3.12/site-packages/pip/_vendor/pyproject_hooks/__pycache__) by extension 'ros'
[0.568s] Level 1:colcon.colcon_core.package_identification:_identify(venv/lib/python3.12/site-packages/pip/_vendor/pyproject_hooks/__pycache__) by extensions ['cmake', 'python']
[0.568s] Level 1:colcon.colcon_core.package_identification:_identify(venv/lib/python3.12/site-packages/pip/_vendor/pyproject_hooks/__pycache__) by extension 'cmake'
[0.568s] Level 1:colcon.colcon_core.package_identification:_identify(venv/lib/python3.12/site-packages/pip/_vendor/pyproject_hooks/__pycache__) by extension 'python'
[0.569s] Level 1:colcon.colcon_core.package_identification:_identify(venv/lib/python3.12/site-packages/pip/_vendor/pyproject_hooks/__pycache__) by extensions ['python_setup_py']
[0.569s] Level 1:colcon.colcon_core.package_identification:_identify(venv/lib/python3.12/site-packages/pip/_vendor/pyproject_hooks/__pycache__) by extension 'python_setup_py'
[0.569s] Level 1:colcon.colcon_core.package_identification:_identify(venv/lib/python3.12/site-packages/pip/_vendor/pyproject_hooks/_in_process) by extensions ['ignore', 'ignore_ament_install']
[0.569s] Level 1:colcon.colcon_core.package_identification:_identify(venv/lib/python3.12/site-packages/pip/_vendor/pyproject_hooks/_in_process) by extension 'ignore'
[0.569s] Level 1:colcon.colcon_core.package_identification:_identify(venv/lib/python3.12/site-packages/pip/_vendor/pyproject_hooks/_in_process) by extension 'ignore_ament_install'
[0.569s] Level 1:colcon.colcon_core.package_identification:_identify(venv/lib/python3.12/site-packages/pip/_vendor/pyproject_hooks/_in_process) by extensions ['colcon_pkg']
[0.569s] Level 1:colcon.colcon_core.package_identification:_identify(venv/lib/python3.12/site-packages/pip/_vendor/pyproject_hooks/_in_process) by extension 'colcon_pkg'
[0.569s] Level 1:colcon.colcon_core.package_identification:_identify(venv/lib/python3.12/site-packages/pip/_vendor/pyproject_hooks/_in_process) by extensions ['colcon_meta']
[0.569s] Level 1:colcon.colcon_core.package_identification:_identify(venv/lib/python3.12/site-packages/pip/_vendor/pyproject_hooks/_in_process) by extension 'colcon_meta'
[0.569s] Level 1:colcon.colcon_core.package_identification:_identify(venv/lib/python3.12/site-packages/pip/_vendor/pyproject_hooks/_in_process) by extensions ['ros']
[0.569s] Level 1:colcon.colcon_core.package_identification:_identify(venv/lib/python3.12/site-packages/pip/_vendor/pyproject_hooks/_in_process) by extension 'ros'
[0.569s] Level 1:colcon.colcon_core.package_identification:_identify(venv/lib/python3.12/site-packages/pip/_vendor/pyproject_hooks/_in_process) by extensions ['cmake', 'python']
[0.569s] Level 1:colcon.colcon_core.package_identification:_identify(venv/lib/python3.12/site-packages/pip/_vendor/pyproject_hooks/_in_process) by extension 'cmake'
[0.569s] Level 1:colcon.colcon_core.package_identification:_identify(venv/lib/python3.12/site-packages/pip/_vendor/pyproject_hooks/_in_process) by extension 'python'
[0.569s] Level 1:colcon.colcon_core.package_identification:_identify(venv/lib/python3.12/site-packages/pip/_vendor/pyproject_hooks/_in_process) by extensions ['python_setup_py']
[0.569s] Level 1:colcon.colcon_core.package_identification:_identify(venv/lib/python3.12/site-packages/pip/_vendor/pyproject_hooks/_in_process) by extension 'python_setup_py'
[0.570s] Level 1:colcon.colcon_core.package_identification:_identify(venv/lib/python3.12/site-packages/pip/_vendor/pyproject_hooks/_in_process/__pycache__) by extensions ['ignore', 'ignore_ament_install']
[0.570s] Level 1:colcon.colcon_core.package_identification:_identify(venv/lib/python3.12/site-packages/pip/_vendor/pyproject_hooks/_in_process/__pycache__) by extension 'ignore'
[0.570s] Level 1:colcon.colcon_core.package_identification:_identify(venv/lib/python3.12/site-packages/pip/_vendor/pyproject_hooks/_in_process/__pycache__) by extension 'ignore_ament_install'
[0.570s] Level 1:colcon.colcon_core.package_identification:_identify(venv/lib/python3.12/site-packages/pip/_vendor/pyproject_hooks/_in_process/__pycache__) by extensions ['colcon_pkg']
[0.570s] Level 1:colcon.colcon_core.package_identification:_identify(venv/lib/python3.12/site-packages/pip/_vendor/pyproject_hooks/_in_process/__pycache__) by extension 'colcon_pkg'
[0.570s] Level 1:colcon.colcon_core.package_identification:_identify(venv/lib/python3.12/site-packages/pip/_vendor/pyproject_hooks/_in_process/__pycache__) by extensions ['colcon_meta']
[0.570s] Level 1:colcon.colcon_core.package_identification:_identify(venv/lib/python3.12/site-packages/pip/_vendor/pyproject_hooks/_in_process/__pycache__) by extension 'colcon_meta'
[0.570s] Level 1:colcon.colcon_core.package_identification:_identify(venv/lib/python3.12/site-packages/pip/_vendor/pyproject_hooks/_in_process/__pycache__) by extensions ['ros']
[0.570s] Level 1:colcon.colcon_core.package_identification:_identify(venv/lib/python3.12/site-packages/pip/_vendor/pyproject_hooks/_in_process/__pycache__) by extension 'ros'
[0.570s] Level 1:colcon.colcon_core.package_identification:_identify(venv/lib/python3.12/site-packages/pip/_vendor/pyproject_hooks/_in_process/__pycache__) by extensions ['cmake', 'python']
[0.570s] Level 1:colcon.colcon_core.package_identification:_identify(venv/lib/python3.12/site-packages/pip/_vendor/pyproject_hooks/_in_process/__pycache__) by extension 'cmake'
[0.570s] Level 1:colcon.colcon_core.package_identification:_identify(venv/lib/python3.12/site-packages/pip/_vendor/pyproject_hooks/_in_process/__pycache__) by extension 'python'
[0.570s] Level 1:colcon.colcon_core.package_identification:_identify(venv/lib/python3.12/site-packages/pip/_vendor/pyproject_hooks/_in_process/__pycache__) by extensions ['python_setup_py']
[0.570s] Level 1:colcon.colcon_core.package_identification:_identify(venv/lib/python3.12/site-packages/pip/_vendor/pyproject_hooks/_in_process/__pycache__) by extension 'python_setup_py'
[0.570s] Level 1:colcon.colcon_core.package_identification:_identify(venv/lib/python3.12/site-packages/pip/_vendor/requests) by extensions ['ignore', 'ignore_ament_install']
[0.571s] Level 1:colcon.colcon_core.package_identification:_identify(venv/lib/python3.12/site-packages/pip/_vendor/requests) by extension 'ignore'
[0.571s] Level 1:colcon.colcon_core.package_identification:_identify(venv/lib/python3.12/site-packages/pip/_vendor/requests) by extension 'ignore_ament_install'
[0.571s] Level 1:colcon.colcon_core.package_identification:_identify(venv/lib/python3.12/site-packages/pip/_vendor/requests) by extensions ['colcon_pkg']
[0.571s] Level 1:colcon.colcon_core.package_identification:_identify(venv/lib/python3.12/site-packages/pip/_vendor/requests) by extension 'colcon_pkg'
[0.571s] Level 1:colcon.colcon_core.package_identification:_identify(venv/lib/python3.12/site-packages/pip/_vendor/requests) by extensions ['colcon_meta']
[0.571s] Level 1:colcon.colcon_core.package_identification:_identify(venv/lib/python3.12/site-packages/pip/_vendor/requests) by extension 'colcon_meta'
[0.571s] Level 1:colcon.colcon_core.package_identification:_identify(venv/lib/python3.12/site-packages/pip/_vendor/requests) by extensions ['ros']
[0.571s] Level 1:colcon.colcon_core.package_identification:_identify(venv/lib/python3.12/site-packages/pip/_vendor/requests) by extension 'ros'
[0.571s] Level 1:colcon.colcon_core.package_identification:_identify(venv/lib/python3.12/site-packages/pip/_vendor/requests) by extensions ['cmake', 'python']
[0.571s] Level 1:colcon.colcon_core.package_identification:_identify(venv/lib/python3.12/site-packages/pip/_vendor/requests) by extension 'cmake'
[0.571s] Level 1:colcon.colcon_core.package_identification:_identify(venv/lib/python3.12/site-packages/pip/_vendor/requests) by extension 'python'
[0.571s] Level 1:colcon.colcon_core.package_identification:_identify(venv/lib/python3.12/site-packages/pip/_vendor/requests) by extensions ['python_setup_py']
[0.571s] Level 1:colcon.colcon_core.package_identification:_identify(venv/lib/python3.12/site-packages/pip/_vendor/requests) by extension 'python_setup_py'
[0.571s] Level 1:colcon.colcon_core.package_identification:_identify(venv/lib/python3.12/site-packages/pip/_vendor/requests/__pycache__) by extensions ['ignore', 'ignore_ament_install']
[0.571s] Level 1:colcon.colcon_core.package_identification:_identify(venv/lib/python3.12/site-packages/pip/_vendor/requests/__pycache__) by extension 'ignore'
[0.571s] Level 1:colcon.colcon_core.package_identification:_identify(venv/lib/python3.12/site-packages/pip/_vendor/requests/__pycache__) by extension 'ignore_ament_install'
[0.572s] Level 1:colcon.colcon_core.package_identification:_identify(venv/lib/python3.12/site-packages/pip/_vendor/requests/__pycache__) by extensions ['colcon_pkg']
[0.572s] Level 1:colcon.colcon_core.package_identification:_identify(venv/lib/python3.12/site-packages/pip/_vendor/requests/__pycache__) by extension 'colcon_pkg'
[0.572s] Level 1:colcon.colcon_core.package_identification:_identify(venv/lib/python3.12/site-packages/pip/_vendor/requests/__pycache__) by extensions ['colcon_meta']
[0.572s] Level 1:colcon.colcon_core.package_identification:_identify(venv/lib/python3.12/site-packages/pip/_vendor/requests/__pycache__) by extension 'colcon_meta'
[0.572s] Level 1:colcon.colcon_core.package_identification:_identify(venv/lib/python3.12/site-packages/pip/_vendor/requests/__pycache__) by extensions ['ros']
[0.572s] Level 1:colcon.colcon_core.package_identification:_identify(venv/lib/python3.12/site-packages/pip/_vendor/requests/__pycache__) by extension 'ros'
[0.572s] Level 1:colcon.colcon_core.package_identification:_identify(venv/lib/python3.12/site-packages/pip/_vendor/requests/__pycache__) by extensions ['cmake', 'python']
[0.572s] Level 1:colcon.colcon_core.package_identification:_identify(venv/lib/python3.12/site-packages/pip/_vendor/requests/__pycache__) by extension 'cmake'
[0.572s] Level 1:colcon.colcon_core.package_identification:_identify(venv/lib/python3.12/site-packages/pip/_vendor/requests/__pycache__) by extension 'python'
[0.572s] Level 1:colcon.colcon_core.package_identification:_identify(venv/lib/python3.12/site-packages/pip/_vendor/requests/__pycache__) by extensions ['python_setup_py']
[0.572s] Level 1:colcon.colcon_core.package_identification:_identify(venv/lib/python3.12/site-packages/pip/_vendor/requests/__pycache__) by extension 'python_setup_py'
[0.572s] Level 1:colcon.colcon_core.package_identification:_identify(venv/lib/python3.12/site-packages/pip/_vendor/resolvelib) by extensions ['ignore', 'ignore_ament_install']
[0.572s] Level 1:colcon.colcon_core.package_identification:_identify(venv/lib/python3.12/site-packages/pip/_vendor/resolvelib) by extension 'ignore'
[0.572s] Level 1:colcon.colcon_core.package_identification:_identify(venv/lib/python3.12/site-packages/pip/_vendor/resolvelib) by extension 'ignore_ament_install'
[0.572s] Level 1:colcon.colcon_core.package_identification:_identify(venv/lib/python3.12/site-packages/pip/_vendor/resolvelib) by extensions ['colcon_pkg']
[0.572s] Level 1:colcon.colcon_core.package_identification:_identify(venv/lib/python3.12/site-packages/pip/_vendor/resolvelib) by extension 'colcon_pkg'
[0.572s] Level 1:colcon.colcon_core.package_identification:_identify(venv/lib/python3.12/site-packages/pip/_vendor/resolvelib) by extensions ['colcon_meta']
[0.572s] Level 1:colcon.colcon_core.package_identification:_identify(venv/lib/python3.12/site-packages/pip/_vendor/resolvelib) by extension 'colcon_meta'
[0.573s] Level 1:colcon.colcon_core.package_identification:_identify(venv/lib/python3.12/site-packages/pip/_vendor/resolvelib) by extensions ['ros']
[0.573s] Level 1:colcon.colcon_core.package_identification:_identify(venv/lib/python3.12/site-packages/pip/_vendor/resolvelib) by extension 'ros'
[0.573s] Level 1:colcon.colcon_core.package_identification:_identify(venv/lib/python3.12/site-packages/pip/_vendor/resolvelib) by extensions ['cmake', 'python']
[0.573s] Level 1:colcon.colcon_core.package_identification:_identify(venv/lib/python3.12/site-packages/pip/_vendor/resolvelib) by extension 'cmake'
[0.573s] Level 1:colcon.colcon_core.package_identification:_identify(venv/lib/python3.12/site-packages/pip/_vendor/resolvelib) by extension 'python'
[0.573s] Level 1:colcon.colcon_core.package_identification:_identify(venv/lib/python3.12/site-packages/pip/_vendor/resolvelib) by extensions ['python_setup_py']
[0.573s] Level 1:colcon.colcon_core.package_identification:_identify(venv/lib/python3.12/site-packages/pip/_vendor/resolvelib) by extension 'python_setup_py'
[0.573s] Level 1:colcon.colcon_core.package_identification:_identify(venv/lib/python3.12/site-packages/pip/_vendor/resolvelib/__pycache__) by extensions ['ignore', 'ignore_ament_install']
[0.573s] Level 1:colcon.colcon_core.package_identification:_identify(venv/lib/python3.12/site-packages/pip/_vendor/resolvelib/__pycache__) by extension 'ignore'
[0.573s] Level 1:colcon.colcon_core.package_identification:_identify(venv/lib/python3.12/site-packages/pip/_vendor/resolvelib/__pycache__) by extension 'ignore_ament_install'
[0.573s] Level 1:colcon.colcon_core.package_identification:_identify(venv/lib/python3.12/site-packages/pip/_vendor/resolvelib/__pycache__) by extensions ['colcon_pkg']
[0.573s] Level 1:colcon.colcon_core.package_identification:_identify(venv/lib/python3.12/site-packages/pip/_vendor/resolvelib/__pycache__) by extension 'colcon_pkg'
[0.573s] Level 1:colcon.colcon_core.package_identification:_identify(venv/lib/python3.12/site-packages/pip/_vendor/resolvelib/__pycache__) by extensions ['colcon_meta']
[0.573s] Level 1:colcon.colcon_core.package_identification:_identify(venv/lib/python3.12/site-packages/pip/_vendor/resolvelib/__pycache__) by extension 'colcon_meta'
[0.573s] Level 1:colcon.colcon_core.package_identification:_identify(venv/lib/python3.12/site-packages/pip/_vendor/resolvelib/__pycache__) by extensions ['ros']
[0.573s] Level 1:colcon.colcon_core.package_identification:_identify(venv/lib/python3.12/site-packages/pip/_vendor/resolvelib/__pycache__) by extension 'ros'
[0.574s] Level 1:colcon.colcon_core.package_identification:_identify(venv/lib/python3.12/site-packages/pip/_vendor/resolvelib/__pycache__) by extensions ['cmake', 'python']
[0.574s] Level 1:colcon.colcon_core.package_identification:_identify(venv/lib/python3.12/site-packages/pip/_vendor/resolvelib/__pycache__) by extension 'cmake'
[0.574s] Level 1:colcon.colcon_core.package_identification:_identify(venv/lib/python3.12/site-packages/pip/_vendor/resolvelib/__pycache__) by extension 'python'
[0.574s] Level 1:colcon.colcon_core.package_identification:_identify(venv/lib/python3.12/site-packages/pip/_vendor/resolvelib/__pycache__) by extensions ['python_setup_py']
[0.574s] Level 1:colcon.colcon_core.package_identification:_identify(venv/lib/python3.12/site-packages/pip/_vendor/resolvelib/__pycache__) by extension 'python_setup_py'
[0.574s] Level 1:colcon.colcon_core.package_identification:_identify(venv/lib/python3.12/site-packages/pip/_vendor/resolvelib/resolvers) by extensions ['ignore', 'ignore_ament_install']
[0.574s] Level 1:colcon.colcon_core.package_identification:_identify(venv/lib/python3.12/site-packages/pip/_vendor/resolvelib/resolvers) by extension 'ignore'
[0.574s] Level 1:colcon.colcon_core.package_identification:_identify(venv/lib/python3.12/site-packages/pip/_vendor/resolvelib/resolvers) by extension 'ignore_ament_install'
[0.574s] Level 1:colcon.colcon_core.package_identification:_identify(venv/lib/python3.12/site-packages/pip/_vendor/resolvelib/resolvers) by extensions ['colcon_pkg']
[0.574s] Level 1:colcon.colcon_core.package_identification:_identify(venv/lib/python3.12/site-packages/pip/_vendor/resolvelib/resolvers) by extension 'colcon_pkg'
[0.574s] Level 1:colcon.colcon_core.package_identification:_identify(venv/lib/python3.12/site-packages/pip/_vendor/resolvelib/resolvers) by extensions ['colcon_meta']
[0.574s] Level 1:colcon.colcon_core.package_identification:_identify(venv/lib/python3.12/site-packages/pip/_vendor/resolvelib/resolvers) by extension 'colcon_meta'
[0.574s] Level 1:colcon.colcon_core.package_identification:_identify(venv/lib/python3.12/site-packages/pip/_vendor/resolvelib/resolvers) by extensions ['ros']
[0.574s] Level 1:colcon.colcon_core.package_identification:_identify(venv/lib/python3.12/site-packages/pip/_vendor/resolvelib/resolvers) by extension 'ros'
[0.574s] Level 1:colcon.colcon_core.package_identification:_identify(venv/lib/python3.12/site-packages/pip/_vendor/resolvelib/resolvers) by extensions ['cmake', 'python']
[0.574s] Level 1:colcon.colcon_core.package_identification:_identify(venv/lib/python3.12/site-packages/pip/_vendor/resolvelib/resolvers) by extension 'cmake'
[0.574s] Level 1:colcon.colcon_core.package_identification:_identify(venv/lib/python3.12/site-packages/pip/_vendor/resolvelib/resolvers) by extension 'python'
[0.575s] Level 1:colcon.colcon_core.package_identification:_identify(venv/lib/python3.12/site-packages/pip/_vendor/resolvelib/resolvers) by extensions ['python_setup_py']
[0.575s] Level 1:colcon.colcon_core.package_identification:_identify(venv/lib/python3.12/site-packages/pip/_vendor/resolvelib/resolvers) by extension 'python_setup_py'
[0.575s] Level 1:colcon.colcon_core.package_identification:_identify(venv/lib/python3.12/site-packages/pip/_vendor/resolvelib/resolvers/__pycache__) by extensions ['ignore', 'ignore_ament_install']
[0.575s] Level 1:colcon.colcon_core.package_identification:_identify(venv/lib/python3.12/site-packages/pip/_vendor/resolvelib/resolvers/__pycache__) by extension 'ignore'
[0.575s] Level 1:colcon.colcon_core.package_identification:_identify(venv/lib/python3.12/site-packages/pip/_vendor/resolvelib/resolvers/__pycache__) by extension 'ignore_ament_install'
[0.575s] Level 1:colcon.colcon_core.package_identification:_identify(venv/lib/python3.12/site-packages/pip/_vendor/resolvelib/resolvers/__pycache__) by extensions ['colcon_pkg']
[0.575s] Level 1:colcon.colcon_core.package_identification:_identify(venv/lib/python3.12/site-packages/pip/_vendor/resolvelib/resolvers/__pycache__) by extension 'colcon_pkg'
[0.575s] Level 1:colcon.colcon_core.package_identification:_identify(venv/lib/python3.12/site-packages/pip/_vendor/resolvelib/resolvers/__pycache__) by extensions ['colcon_meta']
[0.575s] Level 1:colcon.colcon_core.package_identification:_identify(venv/lib/python3.12/site-packages/pip/_vendor/resolvelib/resolvers/__pycache__) by extension 'colcon_meta'
[0.575s] Level 1:colcon.colcon_core.package_identification:_identify(venv/lib/python3.12/site-packages/pip/_vendor/resolvelib/resolvers/__pycache__) by extensions ['ros']
[0.575s] Level 1:colcon.colcon_core.package_identification:_identify(venv/lib/python3.12/site-packages/pip/_vendor/resolvelib/resolvers/__pycache__) by extension 'ros'
[0.575s] Level 1:colcon.colcon_core.package_identification:_identify(venv/lib/python3.12/site-packages/pip/_vendor/resolvelib/resolvers/__pycache__) by extensions ['cmake', 'python']
[0.575s] Level 1:colcon.colcon_core.package_identification:_identify(venv/lib/python3.12/site-packages/pip/_vendor/resolvelib/resolvers/__pycache__) by extension 'cmake'
[0.575s] Level 1:colcon.colcon_core.package_identification:_identify(venv/lib/python3.12/site-packages/pip/_vendor/resolvelib/resolvers/__pycache__) by extension 'python'
[0.575s] Level 1:colcon.colcon_core.package_identification:_identify(venv/lib/python3.12/site-packages/pip/_vendor/resolvelib/resolvers/__pycache__) by extensions ['python_setup_py']
[0.575s] Level 1:colcon.colcon_core.package_identification:_identify(venv/lib/python3.12/site-packages/pip/_vendor/resolvelib/resolvers/__pycache__) by extension 'python_setup_py'
[0.576s] Level 1:colcon.colcon_core.package_identification:_identify(venv/lib/python3.12/site-packages/pip/_vendor/rich) by extensions ['ignore', 'ignore_ament_install']
[0.576s] Level 1:colcon.colcon_core.package_identification:_identify(venv/lib/python3.12/site-packages/pip/_vendor/rich) by extension 'ignore'
[0.576s] Level 1:colcon.colcon_core.package_identification:_identify(venv/lib/python3.12/site-packages/pip/_vendor/rich) by extension 'ignore_ament_install'
[0.576s] Level 1:colcon.colcon_core.package_identification:_identify(venv/lib/python3.12/site-packages/pip/_vendor/rich) by extensions ['colcon_pkg']
[0.576s] Level 1:colcon.colcon_core.package_identification:_identify(venv/lib/python3.12/site-packages/pip/_vendor/rich) by extension 'colcon_pkg'
[0.576s] Level 1:colcon.colcon_core.package_identification:_identify(venv/lib/python3.12/site-packages/pip/_vendor/rich) by extensions ['colcon_meta']
[0.576s] Level 1:colcon.colcon_core.package_identification:_identify(venv/lib/python3.12/site-packages/pip/_vendor/rich) by extension 'colcon_meta'
[0.576s] Level 1:colcon.colcon_core.package_identification:_identify(venv/lib/python3.12/site-packages/pip/_vendor/rich) by extensions ['ros']
[0.576s] Level 1:colcon.colcon_core.package_identification:_identify(venv/lib/python3.12/site-packages/pip/_vendor/rich) by extension 'ros'
[0.576s] Level 1:colcon.colcon_core.package_identification:_identify(venv/lib/python3.12/site-packages/pip/_vendor/rich) by extensions ['cmake', 'python']
[0.576s] Level 1:colcon.colcon_core.package_identification:_identify(venv/lib/python3.12/site-packages/pip/_vendor/rich) by extension 'cmake'
[0.576s] Level 1:colcon.colcon_core.package_identification:_identify(venv/lib/python3.12/site-packages/pip/_vendor/rich) by extension 'python'
[0.576s] Level 1:colcon.colcon_core.package_identification:_identify(venv/lib/python3.12/site-packages/pip/_vendor/rich) by extensions ['python_setup_py']
[0.576s] Level 1:colcon.colcon_core.package_identification:_identify(venv/lib/python3.12/site-packages/pip/_vendor/rich) by extension 'python_setup_py'
[0.577s] Level 1:colcon.colcon_core.package_identification:_identify(venv/lib/python3.12/site-packages/pip/_vendor/rich/__pycache__) by extensions ['ignore', 'ignore_ament_install']
[0.577s] Level 1:colcon.colcon_core.package_identification:_identify(venv/lib/python3.12/site-packages/pip/_vendor/rich/__pycache__) by extension 'ignore'
[0.577s] Level 1:colcon.colcon_core.package_identification:_identify(venv/lib/python3.12/site-packages/pip/_vendor/rich/__pycache__) by extension 'ignore_ament_install'
[0.577s] Level 1:colcon.colcon_core.package_identification:_identify(venv/lib/python3.12/site-packages/pip/_vendor/rich/__pycache__) by extensions ['colcon_pkg']
[0.577s] Level 1:colcon.colcon_core.package_identification:_identify(venv/lib/python3.12/site-packages/pip/_vendor/rich/__pycache__) by extension 'colcon_pkg'
[0.577s] Level 1:colcon.colcon_core.package_identification:_identify(venv/lib/python3.12/site-packages/pip/_vendor/rich/__pycache__) by extensions ['colcon_meta']
[0.577s] Level 1:colcon.colcon_core.package_identification:_identify(venv/lib/python3.12/site-packages/pip/_vendor/rich/__pycache__) by extension 'colcon_meta'
[0.577s] Level 1:colcon.colcon_core.package_identification:_identify(venv/lib/python3.12/site-packages/pip/_vendor/rich/__pycache__) by extensions ['ros']
[0.577s] Level 1:colcon.colcon_core.package_identification:_identify(venv/lib/python3.12/site-packages/pip/_vendor/rich/__pycache__) by extension 'ros'
[0.577s] Level 1:colcon.colcon_core.package_identification:_identify(venv/lib/python3.12/site-packages/pip/_vendor/rich/__pycache__) by extensions ['cmake', 'python']
[0.577s] Level 1:colcon.colcon_core.package_identification:_identify(venv/lib/python3.12/site-packages/pip/_vendor/rich/__pycache__) by extension 'cmake'
[0.577s] Level 1:colcon.colcon_core.package_identification:_identify(venv/lib/python3.12/site-packages/pip/_vendor/rich/__pycache__) by extension 'python'
[0.577s] Level 1:colcon.colcon_core.package_identification:_identify(venv/lib/python3.12/site-packages/pip/_vendor/rich/__pycache__) by extensions ['python_setup_py']
[0.577s] Level 1:colcon.colcon_core.package_identification:_identify(venv/lib/python3.12/site-packages/pip/_vendor/rich/__pycache__) by extension 'python_setup_py'
[0.577s] Level 1:colcon.colcon_core.package_identification:_identify(venv/lib/python3.12/site-packages/pip/_vendor/tomli) by extensions ['ignore', 'ignore_ament_install']
[0.577s] Level 1:colcon.colcon_core.package_identification:_identify(venv/lib/python3.12/site-packages/pip/_vendor/tomli) by extension 'ignore'
[0.578s] Level 1:colcon.colcon_core.package_identification:_identify(venv/lib/python3.12/site-packages/pip/_vendor/tomli) by extension 'ignore_ament_install'
[0.578s] Level 1:colcon.colcon_core.package_identification:_identify(venv/lib/python3.12/site-packages/pip/_vendor/tomli) by extensions ['colcon_pkg']
[0.578s] Level 1:colcon.colcon_core.package_identification:_identify(venv/lib/python3.12/site-packages/pip/_vendor/tomli) by extension 'colcon_pkg'
[0.578s] Level 1:colcon.colcon_core.package_identification:_identify(venv/lib/python3.12/site-packages/pip/_vendor/tomli) by extensions ['colcon_meta']
[0.578s] Level 1:colcon.colcon_core.package_identification:_identify(venv/lib/python3.12/site-packages/pip/_vendor/tomli) by extension 'colcon_meta'
[0.578s] Level 1:colcon.colcon_core.package_identification:_identify(venv/lib/python3.12/site-packages/pip/_vendor/tomli) by extensions ['ros']
[0.578s] Level 1:colcon.colcon_core.package_identification:_identify(venv/lib/python3.12/site-packages/pip/_vendor/tomli) by extension 'ros'
[0.578s] Level 1:colcon.colcon_core.package_identification:_identify(venv/lib/python3.12/site-packages/pip/_vendor/tomli) by extensions ['cmake', 'python']
[0.578s] Level 1:colcon.colcon_core.package_identification:_identify(venv/lib/python3.12/site-packages/pip/_vendor/tomli) by extension 'cmake'
[0.578s] Level 1:colcon.colcon_core.package_identification:_identify(venv/lib/python3.12/site-packages/pip/_vendor/tomli) by extension 'python'
[0.578s] Level 1:colcon.colcon_core.package_identification:_identify(venv/lib/python3.12/site-packages/pip/_vendor/tomli) by extensions ['python_setup_py']
[0.578s] Level 1:colcon.colcon_core.package_identification:_identify(venv/lib/python3.12/site-packages/pip/_vendor/tomli) by extension 'python_setup_py'
[0.578s] Level 1:colcon.colcon_core.package_identification:_identify(venv/lib/python3.12/site-packages/pip/_vendor/tomli/__pycache__) by extensions ['ignore', 'ignore_ament_install']
[0.578s] Level 1:colcon.colcon_core.package_identification:_identify(venv/lib/python3.12/site-packages/pip/_vendor/tomli/__pycache__) by extension 'ignore'
[0.578s] Level 1:colcon.colcon_core.package_identification:_identify(venv/lib/python3.12/site-packages/pip/_vendor/tomli/__pycache__) by extension 'ignore_ament_install'
[0.578s] Level 1:colcon.colcon_core.package_identification:_identify(venv/lib/python3.12/site-packages/pip/_vendor/tomli/__pycache__) by extensions ['colcon_pkg']
[0.578s] Level 1:colcon.colcon_core.package_identification:_identify(venv/lib/python3.12/site-packages/pip/_vendor/tomli/__pycache__) by extension 'colcon_pkg'
[0.579s] Level 1:colcon.colcon_core.package_identification:_identify(venv/lib/python3.12/site-packages/pip/_vendor/tomli/__pycache__) by extensions ['colcon_meta']
[0.579s] Level 1:colcon.colcon_core.package_identification:_identify(venv/lib/python3.12/site-packages/pip/_vendor/tomli/__pycache__) by extension 'colcon_meta'
[0.579s] Level 1:colcon.colcon_core.package_identification:_identify(venv/lib/python3.12/site-packages/pip/_vendor/tomli/__pycache__) by extensions ['ros']
[0.579s] Level 1:colcon.colcon_core.package_identification:_identify(venv/lib/python3.12/site-packages/pip/_vendor/tomli/__pycache__) by extension 'ros'
[0.579s] Level 1:colcon.colcon_core.package_identification:_identify(venv/lib/python3.12/site-packages/pip/_vendor/tomli/__pycache__) by extensions ['cmake', 'python']
[0.579s] Level 1:colcon.colcon_core.package_identification:_identify(venv/lib/python3.12/site-packages/pip/_vendor/tomli/__pycache__) by extension 'cmake'
[0.579s] Level 1:colcon.colcon_core.package_identification:_identify(venv/lib/python3.12/site-packages/pip/_vendor/tomli/__pycache__) by extension 'python'
[0.579s] Level 1:colcon.colcon_core.package_identification:_identify(venv/lib/python3.12/site-packages/pip/_vendor/tomli/__pycache__) by extensions ['python_setup_py']
[0.579s] Level 1:colcon.colcon_core.package_identification:_identify(venv/lib/python3.12/site-packages/pip/_vendor/tomli/__pycache__) by extension 'python_setup_py'
[0.579s] Level 1:colcon.colcon_core.package_identification:_identify(venv/lib/python3.12/site-packages/pip/_vendor/tomli_w) by extensions ['ignore', 'ignore_ament_install']
[0.579s] Level 1:colcon.colcon_core.package_identification:_identify(venv/lib/python3.12/site-packages/pip/_vendor/tomli_w) by extension 'ignore'
[0.579s] Level 1:colcon.colcon_core.package_identification:_identify(venv/lib/python3.12/site-packages/pip/_vendor/tomli_w) by extension 'ignore_ament_install'
[0.579s] Level 1:colcon.colcon_core.package_identification:_identify(venv/lib/python3.12/site-packages/pip/_vendor/tomli_w) by extensions ['colcon_pkg']
[0.579s] Level 1:colcon.colcon_core.package_identification:_identify(venv/lib/python3.12/site-packages/pip/_vendor/tomli_w) by extension 'colcon_pkg'
[0.579s] Level 1:colcon.colcon_core.package_identification:_identify(venv/lib/python3.12/site-packages/pip/_vendor/tomli_w) by extensions ['colcon_meta']
[0.579s] Level 1:colcon.colcon_core.package_identification:_identify(venv/lib/python3.12/site-packages/pip/_vendor/tomli_w) by extension 'colcon_meta'
[0.579s] Level 1:colcon.colcon_core.package_identification:_identify(venv/lib/python3.12/site-packages/pip/_vendor/tomli_w) by extensions ['ros']
[0.580s] Level 1:colcon.colcon_core.package_identification:_identify(venv/lib/python3.12/site-packages/pip/_vendor/tomli_w) by extension 'ros'
[0.580s] Level 1:colcon.colcon_core.package_identification:_identify(venv/lib/python3.12/site-packages/pip/_vendor/tomli_w) by extensions ['cmake', 'python']
[0.580s] Level 1:colcon.colcon_core.package_identification:_identify(venv/lib/python3.12/site-packages/pip/_vendor/tomli_w) by extension 'cmake'
[0.580s] Level 1:colcon.colcon_core.package_identification:_identify(venv/lib/python3.12/site-packages/pip/_vendor/tomli_w) by extension 'python'
[0.580s] Level 1:colcon.colcon_core.package_identification:_identify(venv/lib/python3.12/site-packages/pip/_vendor/tomli_w) by extensions ['python_setup_py']
[0.580s] Level 1:colcon.colcon_core.package_identification:_identify(venv/lib/python3.12/site-packages/pip/_vendor/tomli_w) by extension 'python_setup_py'
[0.580s] Level 1:colcon.colcon_core.package_identification:_identify(venv/lib/python3.12/site-packages/pip/_vendor/tomli_w/__pycache__) by extensions ['ignore', 'ignore_ament_install']
[0.580s] Level 1:colcon.colcon_core.package_identification:_identify(venv/lib/python3.12/site-packages/pip/_vendor/tomli_w/__pycache__) by extension 'ignore'
[0.580s] Level 1:colcon.colcon_core.package_identification:_identify(venv/lib/python3.12/site-packages/pip/_vendor/tomli_w/__pycache__) by extension 'ignore_ament_install'
[0.580s] Level 1:colcon.colcon_core.package_identification:_identify(venv/lib/python3.12/site-packages/pip/_vendor/tomli_w/__pycache__) by extensions ['colcon_pkg']
[0.580s] Level 1:colcon.colcon_core.package_identification:_identify(venv/lib/python3.12/site-packages/pip/_vendor/tomli_w/__pycache__) by extension 'colcon_pkg'
[0.580s] Level 1:colcon.colcon_core.package_identification:_identify(venv/lib/python3.12/site-packages/pip/_vendor/tomli_w/__pycache__) by extensions ['colcon_meta']
[0.580s] Level 1:colcon.colcon_core.package_identification:_identify(venv/lib/python3.12/site-packages/pip/_vendor/tomli_w/__pycache__) by extension 'colcon_meta'
[0.580s] Level 1:colcon.colcon_core.package_identification:_identify(venv/lib/python3.12/site-packages/pip/_vendor/tomli_w/__pycache__) by extensions ['ros']
[0.580s] Level 1:colcon.colcon_core.package_identification:_identify(venv/lib/python3.12/site-packages/pip/_vendor/tomli_w/__pycache__) by extension 'ros'
[0.580s] Level 1:colcon.colcon_core.package_identification:_identify(venv/lib/python3.12/site-packages/pip/_vendor/tomli_w/__pycache__) by extensions ['cmake', 'python']
[0.581s] Level 1:colcon.colcon_core.package_identification:_identify(venv/lib/python3.12/site-packages/pip/_vendor/tomli_w/__pycache__) by extension 'cmake'
[0.581s] Level 1:colcon.colcon_core.package_identification:_identify(venv/lib/python3.12/site-packages/pip/_vendor/tomli_w/__pycache__) by extension 'python'
[0.581s] Level 1:colcon.colcon_core.package_identification:_identify(venv/lib/python3.12/site-packages/pip/_vendor/tomli_w/__pycache__) by extensions ['python_setup_py']
[0.581s] Level 1:colcon.colcon_core.package_identification:_identify(venv/lib/python3.12/site-packages/pip/_vendor/tomli_w/__pycache__) by extension 'python_setup_py'
[0.581s] Level 1:colcon.colcon_core.package_identification:_identify(venv/lib/python3.12/site-packages/pip/_vendor/truststore) by extensions ['ignore', 'ignore_ament_install']
[0.581s] Level 1:colcon.colcon_core.package_identification:_identify(venv/lib/python3.12/site-packages/pip/_vendor/truststore) by extension 'ignore'
[0.581s] Level 1:colcon.colcon_core.package_identification:_identify(venv/lib/python3.12/site-packages/pip/_vendor/truststore) by extension 'ignore_ament_install'
[0.581s] Level 1:colcon.colcon_core.package_identification:_identify(venv/lib/python3.12/site-packages/pip/_vendor/truststore) by extensions ['colcon_pkg']
[0.581s] Level 1:colcon.colcon_core.package_identification:_identify(venv/lib/python3.12/site-packages/pip/_vendor/truststore) by extension 'colcon_pkg'
[0.581s] Level 1:colcon.colcon_core.package_identification:_identify(venv/lib/python3.12/site-packages/pip/_vendor/truststore) by extensions ['colcon_meta']
[0.581s] Level 1:colcon.colcon_core.package_identification:_identify(venv/lib/python3.12/site-packages/pip/_vendor/truststore) by extension 'colcon_meta'
[0.581s] Level 1:colcon.colcon_core.package_identification:_identify(venv/lib/python3.12/site-packages/pip/_vendor/truststore) by extensions ['ros']
[0.581s] Level 1:colcon.colcon_core.package_identification:_identify(venv/lib/python3.12/site-packages/pip/_vendor/truststore) by extension 'ros'
[0.581s] Level 1:colcon.colcon_core.package_identification:_identify(venv/lib/python3.12/site-packages/pip/_vendor/truststore) by extensions ['cmake', 'python']
[0.581s] Level 1:colcon.colcon_core.package_identification:_identify(venv/lib/python3.12/site-packages/pip/_vendor/truststore) by extension 'cmake'
[0.581s] Level 1:colcon.colcon_core.package_identification:_identify(venv/lib/python3.12/site-packages/pip/_vendor/truststore) by extension 'python'
[0.581s] Level 1:colcon.colcon_core.package_identification:_identify(venv/lib/python3.12/site-packages/pip/_vendor/truststore) by extensions ['python_setup_py']
[0.581s] Level 1:colcon.colcon_core.package_identification:_identify(venv/lib/python3.12/site-packages/pip/_vendor/truststore) by extension 'python_setup_py'
[0.582s] Level 1:colcon.colcon_core.package_identification:_identify(venv/lib/python3.12/site-packages/pip/_vendor/truststore/__pycache__) by extensions ['ignore', 'ignore_ament_install']
[0.582s] Level 1:colcon.colcon_core.package_identification:_identify(venv/lib/python3.12/site-packages/pip/_vendor/truststore/__pycache__) by extension 'ignore'
[0.582s] Level 1:colcon.colcon_core.package_identification:_identify(venv/lib/python3.12/site-packages/pip/_vendor/truststore/__pycache__) by extension 'ignore_ament_install'
[0.582s] Level 1:colcon.colcon_core.package_identification:_identify(venv/lib/python3.12/site-packages/pip/_vendor/truststore/__pycache__) by extensions ['colcon_pkg']
[0.582s] Level 1:colcon.colcon_core.package_identification:_identify(venv/lib/python3.12/site-packages/pip/_vendor/truststore/__pycache__) by extension 'colcon_pkg'
[0.582s] Level 1:colcon.colcon_core.package_identification:_identify(venv/lib/python3.12/site-packages/pip/_vendor/truststore/__pycache__) by extensions ['colcon_meta']
[0.582s] Level 1:colcon.colcon_core.package_identification:_identify(venv/lib/python3.12/site-packages/pip/_vendor/truststore/__pycache__) by extension 'colcon_meta'
[0.582s] Level 1:colcon.colcon_core.package_identification:_identify(venv/lib/python3.12/site-packages/pip/_vendor/truststore/__pycache__) by extensions ['ros']
[0.582s] Level 1:colcon.colcon_core.package_identification:_identify(venv/lib/python3.12/site-packages/pip/_vendor/truststore/__pycache__) by extension 'ros'
[0.582s] Level 1:colcon.colcon_core.package_identification:_identify(venv/lib/python3.12/site-packages/pip/_vendor/truststore/__pycache__) by extensions ['cmake', 'python']
[0.582s] Level 1:colcon.colcon_core.package_identification:_identify(venv/lib/python3.12/site-packages/pip/_vendor/truststore/__pycache__) by extension 'cmake'
[0.582s] Level 1:colcon.colcon_core.package_identification:_identify(venv/lib/python3.12/site-packages/pip/_vendor/truststore/__pycache__) by extension 'python'
[0.582s] Level 1:colcon.colcon_core.package_identification:_identify(venv/lib/python3.12/site-packages/pip/_vendor/truststore/__pycache__) by extensions ['python_setup_py']
[0.582s] Level 1:colcon.colcon_core.package_identification:_identify(venv/lib/python3.12/site-packages/pip/_vendor/truststore/__pycache__) by extension 'python_setup_py'
[0.582s] Level 1:colcon.colcon_core.package_identification:_identify(venv/lib/python3.12/site-packages/pip/_vendor/urllib3) by extensions ['ignore', 'ignore_ament_install']
[0.583s] Level 1:colcon.colcon_core.package_identification:_identify(venv/lib/python3.12/site-packages/pip/_vendor/urllib3) by extension 'ignore'
[0.583s] Level 1:colcon.colcon_core.package_identification:_identify(venv/lib/python3.12/site-packages/pip/_vendor/urllib3) by extension 'ignore_ament_install'
[0.583s] Level 1:colcon.colcon_core.package_identification:_identify(venv/lib/python3.12/site-packages/pip/_vendor/urllib3) by extensions ['colcon_pkg']
[0.583s] Level 1:colcon.colcon_core.package_identification:_identify(venv/lib/python3.12/site-packages/pip/_vendor/urllib3) by extension 'colcon_pkg'
[0.583s] Level 1:colcon.colcon_core.package_identification:_identify(venv/lib/python3.12/site-packages/pip/_vendor/urllib3) by extensions ['colcon_meta']
[0.583s] Level 1:colcon.colcon_core.package_identification:_identify(venv/lib/python3.12/site-packages/pip/_vendor/urllib3) by extension 'colcon_meta'
[0.583s] Level 1:colcon.colcon_core.package_identification:_identify(venv/lib/python3.12/site-packages/pip/_vendor/urllib3) by extensions ['ros']
[0.583s] Level 1:colcon.colcon_core.package_identification:_identify(venv/lib/python3.12/site-packages/pip/_vendor/urllib3) by extension 'ros'
[0.583s] Level 1:colcon.colcon_core.package_identification:_identify(venv/lib/python3.12/site-packages/pip/_vendor/urllib3) by extensions ['cmake', 'python']
[0.583s] Level 1:colcon.colcon_core.package_identification:_identify(venv/lib/python3.12/site-packages/pip/_vendor/urllib3) by extension 'cmake'
[0.583s] Level 1:colcon.colcon_core.package_identification:_identify(venv/lib/python3.12/site-packages/pip/_vendor/urllib3) by extension 'python'
[0.583s] Level 1:colcon.colcon_core.package_identification:_identify(venv/lib/python3.12/site-packages/pip/_vendor/urllib3) by extensions ['python_setup_py']
[0.583s] Level 1:colcon.colcon_core.package_identification:_identify(venv/lib/python3.12/site-packages/pip/_vendor/urllib3) by extension 'python_setup_py'
[0.583s] Level 1:colcon.colcon_core.package_identification:_identify(venv/lib/python3.12/site-packages/pip/_vendor/urllib3/__pycache__) by extensions ['ignore', 'ignore_ament_install']
[0.583s] Level 1:colcon.colcon_core.package_identification:_identify(venv/lib/python3.12/site-packages/pip/_vendor/urllib3/__pycache__) by extension 'ignore'
[0.583s] Level 1:colcon.colcon_core.package_identification:_identify(venv/lib/python3.12/site-packages/pip/_vendor/urllib3/__pycache__) by extension 'ignore_ament_install'
[0.584s] Level 1:colcon.colcon_core.package_identification:_identify(venv/lib/python3.12/site-packages/pip/_vendor/urllib3/__pycache__) by extensions ['colcon_pkg']
[0.584s] Level 1:colcon.colcon_core.package_identification:_identify(venv/lib/python3.12/site-packages/pip/_vendor/urllib3/__pycache__) by extension 'colcon_pkg'
[0.584s] Level 1:colcon.colcon_core.package_identification:_identify(venv/lib/python3.12/site-packages/pip/_vendor/urllib3/__pycache__) by extensions ['colcon_meta']
[0.584s] Level 1:colcon.colcon_core.package_identification:_identify(venv/lib/python3.12/site-packages/pip/_vendor/urllib3/__pycache__) by extension 'colcon_meta'
[0.584s] Level 1:colcon.colcon_core.package_identification:_identify(venv/lib/python3.12/site-packages/pip/_vendor/urllib3/__pycache__) by extensions ['ros']
[0.584s] Level 1:colcon.colcon_core.package_identification:_identify(venv/lib/python3.12/site-packages/pip/_vendor/urllib3/__pycache__) by extension 'ros'
[0.584s] Level 1:colcon.colcon_core.package_identification:_identify(venv/lib/python3.12/site-packages/pip/_vendor/urllib3/__pycache__) by extensions ['cmake', 'python']
[0.584s] Level 1:colcon.colcon_core.package_identification:_identify(venv/lib/python3.12/site-packages/pip/_vendor/urllib3/__pycache__) by extension 'cmake'
[0.584s] Level 1:colcon.colcon_core.package_identification:_identify(venv/lib/python3.12/site-packages/pip/_vendor/urllib3/__pycache__) by extension 'python'
[0.584s] Level 1:colcon.colcon_core.package_identification:_identify(venv/lib/python3.12/site-packages/pip/_vendor/urllib3/__pycache__) by extensions ['python_setup_py']
[0.584s] Level 1:colcon.colcon_core.package_identification:_identify(venv/lib/python3.12/site-packages/pip/_vendor/urllib3/__pycache__) by extension 'python_setup_py'
[0.584s] Level 1:colcon.colcon_core.package_identification:_identify(venv/lib/python3.12/site-packages/pip/_vendor/urllib3/contrib) by extensions ['ignore', 'ignore_ament_install']
[0.584s] Level 1:colcon.colcon_core.package_identification:_identify(venv/lib/python3.12/site-packages/pip/_vendor/urllib3/contrib) by extension 'ignore'
[0.584s] Level 1:colcon.colcon_core.package_identification:_identify(venv/lib/python3.12/site-packages/pip/_vendor/urllib3/contrib) by extension 'ignore_ament_install'
[0.584s] Level 1:colcon.colcon_core.package_identification:_identify(venv/lib/python3.12/site-packages/pip/_vendor/urllib3/contrib) by extensions ['colcon_pkg']
[0.584s] Level 1:colcon.colcon_core.package_identification:_identify(venv/lib/python3.12/site-packages/pip/_vendor/urllib3/contrib) by extension 'colcon_pkg'
[0.585s] Level 1:colcon.colcon_core.package_identification:_identify(venv/lib/python3.12/site-packages/pip/_vendor/urllib3/contrib) by extensions ['colcon_meta']
[0.585s] Level 1:colcon.colcon_core.package_identification:_identify(venv/lib/python3.12/site-packages/pip/_vendor/urllib3/contrib) by extension 'colcon_meta'
[0.585s] Level 1:colcon.colcon_core.package_identification:_identify(venv/lib/python3.12/site-packages/pip/_vendor/urllib3/contrib) by extensions ['ros']
[0.585s] Level 1:colcon.colcon_core.package_identification:_identify(venv/lib/python3.12/site-packages/pip/_vendor/urllib3/contrib) by extension 'ros'
[0.585s] Level 1:colcon.colcon_core.package_identification:_identify(venv/lib/python3.12/site-packages/pip/_vendor/urllib3/contrib) by extensions ['cmake', 'python']
[0.585s] Level 1:colcon.colcon_core.package_identification:_identify(venv/lib/python3.12/site-packages/pip/_vendor/urllib3/contrib) by extension 'cmake'
[0.585s] Level 1:colcon.colcon_core.package_identification:_identify(venv/lib/python3.12/site-packages/pip/_vendor/urllib3/contrib) by extension 'python'
[0.585s] Level 1:colcon.colcon_core.package_identification:_identify(venv/lib/python3.12/site-packages/pip/_vendor/urllib3/contrib) by extensions ['python_setup_py']
[0.585s] Level 1:colcon.colcon_core.package_identification:_identify(venv/lib/python3.12/site-packages/pip/_vendor/urllib3/contrib) by extension 'python_setup_py'
[0.585s] Level 1:colcon.colcon_core.package_identification:_identify(venv/lib/python3.12/site-packages/pip/_vendor/urllib3/contrib/__pycache__) by extensions ['ignore', 'ignore_ament_install']
[0.585s] Level 1:colcon.colcon_core.package_identification:_identify(venv/lib/python3.12/site-packages/pip/_vendor/urllib3/contrib/__pycache__) by extension 'ignore'
[0.585s] Level 1:colcon.colcon_core.package_identification:_identify(venv/lib/python3.12/site-packages/pip/_vendor/urllib3/contrib/__pycache__) by extension 'ignore_ament_install'
[0.585s] Level 1:colcon.colcon_core.package_identification:_identify(venv/lib/python3.12/site-packages/pip/_vendor/urllib3/contrib/__pycache__) by extensions ['colcon_pkg']
[0.585s] Level 1:colcon.colcon_core.package_identification:_identify(venv/lib/python3.12/site-packages/pip/_vendor/urllib3/contrib/__pycache__) by extension 'colcon_pkg'
[0.585s] Level 1:colcon.colcon_core.package_identification:_identify(venv/lib/python3.12/site-packages/pip/_vendor/urllib3/contrib/__pycache__) by extensions ['colcon_meta']
[0.585s] Level 1:colcon.colcon_core.package_identification:_identify(venv/lib/python3.12/site-packages/pip/_vendor/urllib3/contrib/__pycache__) by extension 'colcon_meta'
[0.585s] Level 1:colcon.colcon_core.package_identification:_identify(venv/lib/python3.12/site-packages/pip/_vendor/urllib3/contrib/__pycache__) by extensions ['ros']
[0.585s] Level 1:colcon.colcon_core.package_identification:_identify(venv/lib/python3.12/site-packages/pip/_vendor/urllib3/contrib/__pycache__) by extension 'ros'
[0.586s] Level 1:colcon.colcon_core.package_identification:_identify(venv/lib/python3.12/site-packages/pip/_vendor/urllib3/contrib/__pycache__) by extensions ['cmake', 'python']
[0.586s] Level 1:colcon.colcon_core.package_identification:_identify(venv/lib/python3.12/site-packages/pip/_vendor/urllib3/contrib/__pycache__) by extension 'cmake'
[0.586s] Level 1:colcon.colcon_core.package_identification:_identify(venv/lib/python3.12/site-packages/pip/_vendor/urllib3/contrib/__pycache__) by extension 'python'
[0.586s] Level 1:colcon.colcon_core.package_identification:_identify(venv/lib/python3.12/site-packages/pip/_vendor/urllib3/contrib/__pycache__) by extensions ['python_setup_py']
[0.586s] Level 1:colcon.colcon_core.package_identification:_identify(venv/lib/python3.12/site-packages/pip/_vendor/urllib3/contrib/__pycache__) by extension 'python_setup_py'
[0.586s] Level 1:colcon.colcon_core.package_identification:_identify(venv/lib/python3.12/site-packages/pip/_vendor/urllib3/contrib/emscripten) by extensions ['ignore', 'ignore_ament_install']
[0.586s] Level 1:colcon.colcon_core.package_identification:_identify(venv/lib/python3.12/site-packages/pip/_vendor/urllib3/contrib/emscripten) by extension 'ignore'
[0.586s] Level 1:colcon.colcon_core.package_identification:_identify(venv/lib/python3.12/site-packages/pip/_vendor/urllib3/contrib/emscripten) by extension 'ignore_ament_install'
[0.586s] Level 1:colcon.colcon_core.package_identification:_identify(venv/lib/python3.12/site-packages/pip/_vendor/urllib3/contrib/emscripten) by extensions ['colcon_pkg']
[0.586s] Level 1:colcon.colcon_core.package_identification:_identify(venv/lib/python3.12/site-packages/pip/_vendor/urllib3/contrib/emscripten) by extension 'colcon_pkg'
[0.586s] Level 1:colcon.colcon_core.package_identification:_identify(venv/lib/python3.12/site-packages/pip/_vendor/urllib3/contrib/emscripten) by extensions ['colcon_meta']
[0.586s] Level 1:colcon.colcon_core.package_identification:_identify(venv/lib/python3.12/site-packages/pip/_vendor/urllib3/contrib/emscripten) by extension 'colcon_meta'
[0.586s] Level 1:colcon.colcon_core.package_identification:_identify(venv/lib/python3.12/site-packages/pip/_vendor/urllib3/contrib/emscripten) by extensions ['ros']
[0.587s] Level 1:colcon.colcon_core.package_identification:_identify(venv/lib/python3.12/site-packages/pip/_vendor/urllib3/contrib/emscripten) by extension 'ros'
[0.587s] Level 1:colcon.colcon_core.package_identification:_identify(venv/lib/python3.12/site-packages/pip/_vendor/urllib3/contrib/emscripten) by extensions ['cmake', 'python']
[0.587s] Level 1:colcon.colcon_core.package_identification:_identify(venv/lib/python3.12/site-packages/pip/_vendor/urllib3/contrib/emscripten) by extension 'cmake'
[0.587s] Level 1:colcon.colcon_core.package_identification:_identify(venv/lib/python3.12/site-packages/pip/_vendor/urllib3/contrib/emscripten) by extension 'python'
[0.587s] Level 1:colcon.colcon_core.package_identification:_identify(venv/lib/python3.12/site-packages/pip/_vendor/urllib3/contrib/emscripten) by extensions ['python_setup_py']
[0.587s] Level 1:colcon.colcon_core.package_identification:_identify(venv/lib/python3.12/site-packages/pip/_vendor/urllib3/contrib/emscripten) by extension 'python_setup_py'
[0.587s] Level 1:colcon.colcon_core.package_identification:_identify(venv/lib/python3.12/site-packages/pip/_vendor/urllib3/contrib/emscripten/__pycache__) by extensions ['ignore', 'ignore_ament_install']
[0.587s] Level 1:colcon.colcon_core.package_identification:_identify(venv/lib/python3.12/site-packages/pip/_vendor/urllib3/contrib/emscripten/__pycache__) by extension 'ignore'
[0.587s] Level 1:colcon.colcon_core.package_identification:_identify(venv/lib/python3.12/site-packages/pip/_vendor/urllib3/contrib/emscripten/__pycache__) by extension 'ignore_ament_install'
[0.587s] Level 1:colcon.colcon_core.package_identification:_identify(venv/lib/python3.12/site-packages/pip/_vendor/urllib3/contrib/emscripten/__pycache__) by extensions ['colcon_pkg']
[0.587s] Level 1:colcon.colcon_core.package_identification:_identify(venv/lib/python3.12/site-packages/pip/_vendor/urllib3/contrib/emscripten/__pycache__) by extension 'colcon_pkg'
[0.587s] Level 1:colcon.colcon_core.package_identification:_identify(venv/lib/python3.12/site-packages/pip/_vendor/urllib3/contrib/emscripten/__pycache__) by extensions ['colcon_meta']
[0.587s] Level 1:colcon.colcon_core.package_identification:_identify(venv/lib/python3.12/site-packages/pip/_vendor/urllib3/contrib/emscripten/__pycache__) by extension 'colcon_meta'
[0.587s] Level 1:colcon.colcon_core.package_identification:_identify(venv/lib/python3.12/site-packages/pip/_vendor/urllib3/contrib/emscripten/__pycache__) by extensions ['ros']
[0.587s] Level 1:colcon.colcon_core.package_identification:_identify(venv/lib/python3.12/site-packages/pip/_vendor/urllib3/contrib/emscripten/__pycache__) by extension 'ros'
[0.588s] Level 1:colcon.colcon_core.package_identification:_identify(venv/lib/python3.12/site-packages/pip/_vendor/urllib3/contrib/emscripten/__pycache__) by extensions ['cmake', 'python']
[0.588s] Level 1:colcon.colcon_core.package_identification:_identify(venv/lib/python3.12/site-packages/pip/_vendor/urllib3/contrib/emscripten/__pycache__) by extension 'cmake'
[0.588s] Level 1:colcon.colcon_core.package_identification:_identify(venv/lib/python3.12/site-packages/pip/_vendor/urllib3/contrib/emscripten/__pycache__) by extension 'python'
[0.588s] Level 1:colcon.colcon_core.package_identification:_identify(venv/lib/python3.12/site-packages/pip/_vendor/urllib3/contrib/emscripten/__pycache__) by extensions ['python_setup_py']
[0.588s] Level 1:colcon.colcon_core.package_identification:_identify(venv/lib/python3.12/site-packages/pip/_vendor/urllib3/contrib/emscripten/__pycache__) by extension 'python_setup_py'
[0.588s] Level 1:colcon.colcon_core.package_identification:_identify(venv/lib/python3.12/site-packages/pip/_vendor/urllib3/http2) by extensions ['ignore', 'ignore_ament_install']
[0.588s] Level 1:colcon.colcon_core.package_identification:_identify(venv/lib/python3.12/site-packages/pip/_vendor/urllib3/http2) by extension 'ignore'
[0.588s] Level 1:colcon.colcon_core.package_identification:_identify(venv/lib/python3.12/site-packages/pip/_vendor/urllib3/http2) by extension 'ignore_ament_install'
[0.588s] Level 1:colcon.colcon_core.package_identification:_identify(venv/lib/python3.12/site-packages/pip/_vendor/urllib3/http2) by extensions ['colcon_pkg']
[0.588s] Level 1:colcon.colcon_core.package_identification:_identify(venv/lib/python3.12/site-packages/pip/_vendor/urllib3/http2) by extension 'colcon_pkg'
[0.588s] Level 1:colcon.colcon_core.package_identification:_identify(venv/lib/python3.12/site-packages/pip/_vendor/urllib3/http2) by extensions ['colcon_meta']
[0.588s] Level 1:colcon.colcon_core.package_identification:_identify(venv/lib/python3.12/site-packages/pip/_vendor/urllib3/http2) by extension 'colcon_meta'
[0.588s] Level 1:colcon.colcon_core.package_identification:_identify(venv/lib/python3.12/site-packages/pip/_vendor/urllib3/http2) by extensions ['ros']
[0.588s] Level 1:colcon.colcon_core.package_identification:_identify(venv/lib/python3.12/site-packages/pip/_vendor/urllib3/http2) by extension 'ros'
[0.588s] Level 1:colcon.colcon_core.package_identification:_identify(venv/lib/python3.12/site-packages/pip/_vendor/urllib3/http2) by extensions ['cmake', 'python']
[0.588s] Level 1:colcon.colcon_core.package_identification:_identify(venv/lib/python3.12/site-packages/pip/_vendor/urllib3/http2) by extension 'cmake'
[0.588s] Level 1:colcon.colcon_core.package_identification:_identify(venv/lib/python3.12/site-packages/pip/_vendor/urllib3/http2) by extension 'python'
[0.589s] Level 1:colcon.colcon_core.package_identification:_identify(venv/lib/python3.12/site-packages/pip/_vendor/urllib3/http2) by extensions ['python_setup_py']
[0.589s] Level 1:colcon.colcon_core.package_identification:_identify(venv/lib/python3.12/site-packages/pip/_vendor/urllib3/http2) by extension 'python_setup_py'
[0.589s] Level 1:colcon.colcon_core.package_identification:_identify(venv/lib/python3.12/site-packages/pip/_vendor/urllib3/http2/__pycache__) by extensions ['ignore', 'ignore_ament_install']
[0.589s] Level 1:colcon.colcon_core.package_identification:_identify(venv/lib/python3.12/site-packages/pip/_vendor/urllib3/http2/__pycache__) by extension 'ignore'
[0.589s] Level 1:colcon.colcon_core.package_identification:_identify(venv/lib/python3.12/site-packages/pip/_vendor/urllib3/http2/__pycache__) by extension 'ignore_ament_install'
[0.589s] Level 1:colcon.colcon_core.package_identification:_identify(venv/lib/python3.12/site-packages/pip/_vendor/urllib3/http2/__pycache__) by extensions ['colcon_pkg']
[0.589s] Level 1:colcon.colcon_core.package_identification:_identify(venv/lib/python3.12/site-packages/pip/_vendor/urllib3/http2/__pycache__) by extension 'colcon_pkg'
[0.589s] Level 1:colcon.colcon_core.package_identification:_identify(venv/lib/python3.12/site-packages/pip/_vendor/urllib3/http2/__pycache__) by extensions ['colcon_meta']
[0.589s] Level 1:colcon.colcon_core.package_identification:_identify(venv/lib/python3.12/site-packages/pip/_vendor/urllib3/http2/__pycache__) by extension 'colcon_meta'
[0.589s] Level 1:colcon.colcon_core.package_identification:_identify(venv/lib/python3.12/site-packages/pip/_vendor/urllib3/http2/__pycache__) by extensions ['ros']
[0.589s] Level 1:colcon.colcon_core.package_identification:_identify(venv/lib/python3.12/site-packages/pip/_vendor/urllib3/http2/__pycache__) by extension 'ros'
[0.589s] Level 1:colcon.colcon_core.package_identification:_identify(venv/lib/python3.12/site-packages/pip/_vendor/urllib3/http2/__pycache__) by extensions ['cmake', 'python']
[0.589s] Level 1:colcon.colcon_core.package_identification:_identify(venv/lib/python3.12/site-packages/pip/_vendor/urllib3/http2/__pycache__) by extension 'cmake'
[0.589s] Level 1:colcon.colcon_core.package_identification:_identify(venv/lib/python3.12/site-packages/pip/_vendor/urllib3/http2/__pycache__) by extension 'python'
[0.589s] Level 1:colcon.colcon_core.package_identification:_identify(venv/lib/python3.12/site-packages/pip/_vendor/urllib3/http2/__pycache__) by extensions ['python_setup_py']
[0.589s] Level 1:colcon.colcon_core.package_identification:_identify(venv/lib/python3.12/site-packages/pip/_vendor/urllib3/http2/__pycache__) by extension 'python_setup_py'
[0.590s] Level 1:colcon.colcon_core.package_identification:_identify(venv/lib/python3.12/site-packages/pip/_vendor/urllib3/util) by extensions ['ignore', 'ignore_ament_install']
[0.590s] Level 1:colcon.colcon_core.package_identification:_identify(venv/lib/python3.12/site-packages/pip/_vendor/urllib3/util) by extension 'ignore'
[0.590s] Level 1:colcon.colcon_core.package_identification:_identify(venv/lib/python3.12/site-packages/pip/_vendor/urllib3/util) by extension 'ignore_ament_install'
[0.590s] Level 1:colcon.colcon_core.package_identification:_identify(venv/lib/python3.12/site-packages/pip/_vendor/urllib3/util) by extensions ['colcon_pkg']
[0.590s] Level 1:colcon.colcon_core.package_identification:_identify(venv/lib/python3.12/site-packages/pip/_vendor/urllib3/util) by extension 'colcon_pkg'
[0.590s] Level 1:colcon.colcon_core.package_identification:_identify(venv/lib/python3.12/site-packages/pip/_vendor/urllib3/util) by extensions ['colcon_meta']
[0.590s] Level 1:colcon.colcon_core.package_identification:_identify(venv/lib/python3.12/site-packages/pip/_vendor/urllib3/util) by extension 'colcon_meta'
[0.590s] Level 1:colcon.colcon_core.package_identification:_identify(venv/lib/python3.12/site-packages/pip/_vendor/urllib3/util) by extensions ['ros']
[0.590s] Level 1:colcon.colcon_core.package_identification:_identify(venv/lib/python3.12/site-packages/pip/_vendor/urllib3/util) by extension 'ros'
[0.590s] Level 1:colcon.colcon_core.package_identification:_identify(venv/lib/python3.12/site-packages/pip/_vendor/urllib3/util) by extensions ['cmake', 'python']
[0.590s] Level 1:colcon.colcon_core.package_identification:_identify(venv/lib/python3.12/site-packages/pip/_vendor/urllib3/util) by extension 'cmake'
[0.590s] Level 1:colcon.colcon_core.package_identification:_identify(venv/lib/python3.12/site-packages/pip/_vendor/urllib3/util) by extension 'python'
[0.590s] Level 1:colcon.colcon_core.package_identification:_identify(venv/lib/python3.12/site-packages/pip/_vendor/urllib3/util) by extensions ['python_setup_py']
[0.590s] Level 1:colcon.colcon_core.package_identification:_identify(venv/lib/python3.12/site-packages/pip/_vendor/urllib3/util) by extension 'python_setup_py'
[0.590s] Level 1:colcon.colcon_core.package_identification:_identify(venv/lib/python3.12/site-packages/pip/_vendor/urllib3/util/__pycache__) by extensions ['ignore', 'ignore_ament_install']
[0.591s] Level 1:colcon.colcon_core.package_identification:_identify(venv/lib/python3.12/site-packages/pip/_vendor/urllib3/util/__pycache__) by extension 'ignore'
[0.591s] Level 1:colcon.colcon_core.package_identification:_identify(venv/lib/python3.12/site-packages/pip/_vendor/urllib3/util/__pycache__) by extension 'ignore_ament_install'
[0.591s] Level 1:colcon.colcon_core.package_identification:_identify(venv/lib/python3.12/site-packages/pip/_vendor/urllib3/util/__pycache__) by extensions ['colcon_pkg']
[0.591s] Level 1:colcon.colcon_core.package_identification:_identify(venv/lib/python3.12/site-packages/pip/_vendor/urllib3/util/__pycache__) by extension 'colcon_pkg'
[0.591s] Level 1:colcon.colcon_core.package_identification:_identify(venv/lib/python3.12/site-packages/pip/_vendor/urllib3/util/__pycache__) by extensions ['colcon_meta']
[0.591s] Level 1:colcon.colcon_core.package_identification:_identify(venv/lib/python3.12/site-packages/pip/_vendor/urllib3/util/__pycache__) by extension 'colcon_meta'
[0.591s] Level 1:colcon.colcon_core.package_identification:_identify(venv/lib/python3.12/site-packages/pip/_vendor/urllib3/util/__pycache__) by extensions ['ros']
[0.591s] Level 1:colcon.colcon_core.package_identification:_identify(venv/lib/python3.12/site-packages/pip/_vendor/urllib3/util/__pycache__) by extension 'ros'
[0.591s] Level 1:colcon.colcon_core.package_identification:_identify(venv/lib/python3.12/site-packages/pip/_vendor/urllib3/util/__pycache__) by extensions ['cmake', 'python']
[0.591s] Level 1:colcon.colcon_core.package_identification:_identify(venv/lib/python3.12/site-packages/pip/_vendor/urllib3/util/__pycache__) by extension 'cmake'
[0.591s] Level 1:colcon.colcon_core.package_identification:_identify(venv/lib/python3.12/site-packages/pip/_vendor/urllib3/util/__pycache__) by extension 'python'
[0.591s] Level 1:colcon.colcon_core.package_identification:_identify(venv/lib/python3.12/site-packages/pip/_vendor/urllib3/util/__pycache__) by extensions ['python_setup_py']
[0.591s] Level 1:colcon.colcon_core.package_identification:_identify(venv/lib/python3.12/site-packages/pip/_vendor/urllib3/util/__pycache__) by extension 'python_setup_py'
[0.591s] Level 1:colcon.colcon_core.package_identification:_identify(venv/lib/python3.12/site-packages/pip-26.1.1.dist-info) by extensions ['ignore', 'ignore_ament_install']
[0.591s] Level 1:colcon.colcon_core.package_identification:_identify(venv/lib/python3.12/site-packages/pip-26.1.1.dist-info) by extension 'ignore'
[0.591s] Level 1:colcon.colcon_core.package_identification:_identify(venv/lib/python3.12/site-packages/pip-26.1.1.dist-info) by extension 'ignore_ament_install'
[0.592s] Level 1:colcon.colcon_core.package_identification:_identify(venv/lib/python3.12/site-packages/pip-26.1.1.dist-info) by extensions ['colcon_pkg']
[0.592s] Level 1:colcon.colcon_core.package_identification:_identify(venv/lib/python3.12/site-packages/pip-26.1.1.dist-info) by extension 'colcon_pkg'
[0.592s] Level 1:colcon.colcon_core.package_identification:_identify(venv/lib/python3.12/site-packages/pip-26.1.1.dist-info) by extensions ['colcon_meta']
[0.592s] Level 1:colcon.colcon_core.package_identification:_identify(venv/lib/python3.12/site-packages/pip-26.1.1.dist-info) by extension 'colcon_meta'
[0.592s] Level 1:colcon.colcon_core.package_identification:_identify(venv/lib/python3.12/site-packages/pip-26.1.1.dist-info) by extensions ['ros']
[0.592s] Level 1:colcon.colcon_core.package_identification:_identify(venv/lib/python3.12/site-packages/pip-26.1.1.dist-info) by extension 'ros'
[0.592s] Level 1:colcon.colcon_core.package_identification:_identify(venv/lib/python3.12/site-packages/pip-26.1.1.dist-info) by extensions ['cmake', 'python']
[0.592s] Level 1:colcon.colcon_core.package_identification:_identify(venv/lib/python3.12/site-packages/pip-26.1.1.dist-info) by extension 'cmake'
[0.592s] Level 1:colcon.colcon_core.package_identification:_identify(venv/lib/python3.12/site-packages/pip-26.1.1.dist-info) by extension 'python'
[0.592s] Level 1:colcon.colcon_core.package_identification:_identify(venv/lib/python3.12/site-packages/pip-26.1.1.dist-info) by extensions ['python_setup_py']
[0.592s] Level 1:colcon.colcon_core.package_identification:_identify(venv/lib/python3.12/site-packages/pip-26.1.1.dist-info) by extension 'python_setup_py'
[0.592s] Level 1:colcon.colcon_core.package_identification:_identify(venv/lib/python3.12/site-packages/pip-26.1.1.dist-info/licenses) by extensions ['ignore', 'ignore_ament_install']
[0.592s] Level 1:colcon.colcon_core.package_identification:_identify(venv/lib/python3.12/site-packages/pip-26.1.1.dist-info/licenses) by extension 'ignore'
[0.592s] Level 1:colcon.colcon_core.package_identification:_identify(venv/lib/python3.12/site-packages/pip-26.1.1.dist-info/licenses) by extension 'ignore_ament_install'
[0.592s] Level 1:colcon.colcon_core.package_identification:_identify(venv/lib/python3.12/site-packages/pip-26.1.1.dist-info/licenses) by extensions ['colcon_pkg']
[0.592s] Level 1:colcon.colcon_core.package_identification:_identify(venv/lib/python3.12/site-packages/pip-26.1.1.dist-info/licenses) by extension 'colcon_pkg'
[0.592s] Level 1:colcon.colcon_core.package_identification:_identify(venv/lib/python3.12/site-packages/pip-26.1.1.dist-info/licenses) by extensions ['colcon_meta']
[0.592s] Level 1:colcon.colcon_core.package_identification:_identify(venv/lib/python3.12/site-packages/pip-26.1.1.dist-info/licenses) by extension 'colcon_meta'
[0.593s] Level 1:colcon.colcon_core.package_identification:_identify(venv/lib/python3.12/site-packages/pip-26.1.1.dist-info/licenses) by extensions ['ros']
[0.593s] Level 1:colcon.colcon_core.package_identification:_identify(venv/lib/python3.12/site-packages/pip-26.1.1.dist-info/licenses) by extension 'ros'
[0.593s] Level 1:colcon.colcon_core.package_identification:_identify(venv/lib/python3.12/site-packages/pip-26.1.1.dist-info/licenses) by extensions ['cmake', 'python']
[0.593s] Level 1:colcon.colcon_core.package_identification:_identify(venv/lib/python3.12/site-packages/pip-26.1.1.dist-info/licenses) by extension 'cmake'
[0.593s] Level 1:colcon.colcon_core.package_identification:_identify(venv/lib/python3.12/site-packages/pip-26.1.1.dist-info/licenses) by extension 'python'
[0.593s] Level 1:colcon.colcon_core.package_identification:_identify(venv/lib/python3.12/site-packages/pip-26.1.1.dist-info/licenses) by extensions ['python_setup_py']
[0.593s] Level 1:colcon.colcon_core.package_identification:_identify(venv/lib/python3.12/site-packages/pip-26.1.1.dist-info/licenses) by extension 'python_setup_py'
[0.593s] Level 1:colcon.colcon_core.package_identification:_identify(venv/lib/python3.12/site-packages/pip-26.1.1.dist-info/licenses/src) by extensions ['ignore', 'ignore_ament_install']
[0.593s] Level 1:colcon.colcon_core.package_identification:_identify(venv/lib/python3.12/site-packages/pip-26.1.1.dist-info/licenses/src) by extension 'ignore'
[0.593s] Level 1:colcon.colcon_core.package_identification:_identify(venv/lib/python3.12/site-packages/pip-26.1.1.dist-info/licenses/src) by extension 'ignore_ament_install'
[0.593s] Level 1:colcon.colcon_core.package_identification:_identify(venv/lib/python3.12/site-packages/pip-26.1.1.dist-info/licenses/src) by extensions ['colcon_pkg']
[0.593s] Level 1:colcon.colcon_core.package_identification:_identify(venv/lib/python3.12/site-packages/pip-26.1.1.dist-info/licenses/src) by extension 'colcon_pkg'
[0.593s] Level 1:colcon.colcon_core.package_identification:_identify(venv/lib/python3.12/site-packages/pip-26.1.1.dist-info/licenses/src) by extensions ['colcon_meta']
[0.593s] Level 1:colcon.colcon_core.package_identification:_identify(venv/lib/python3.12/site-packages/pip-26.1.1.dist-info/licenses/src) by extension 'colcon_meta'
[0.593s] Level 1:colcon.colcon_core.package_identification:_identify(venv/lib/python3.12/site-packages/pip-26.1.1.dist-info/licenses/src) by extensions ['ros']
[0.593s] Level 1:colcon.colcon_core.package_identification:_identify(venv/lib/python3.12/site-packages/pip-26.1.1.dist-info/licenses/src) by extension 'ros'
[0.593s] Level 1:colcon.colcon_core.package_identification:_identify(venv/lib/python3.12/site-packages/pip-26.1.1.dist-info/licenses/src) by extensions ['cmake', 'python']
[0.594s] Level 1:colcon.colcon_core.package_identification:_identify(venv/lib/python3.12/site-packages/pip-26.1.1.dist-info/licenses/src) by extension 'cmake'
[0.594s] Level 1:colcon.colcon_core.package_identification:_identify(venv/lib/python3.12/site-packages/pip-26.1.1.dist-info/licenses/src) by extension 'python'
[0.594s] Level 1:colcon.colcon_core.package_identification:_identify(venv/lib/python3.12/site-packages/pip-26.1.1.dist-info/licenses/src) by extensions ['python_setup_py']
[0.594s] Level 1:colcon.colcon_core.package_identification:_identify(venv/lib/python3.12/site-packages/pip-26.1.1.dist-info/licenses/src) by extension 'python_setup_py'
[0.594s] Level 1:colcon.colcon_core.package_identification:_identify(venv/lib/python3.12/site-packages/pip-26.1.1.dist-info/licenses/src/pip) by extensions ['ignore', 'ignore_ament_install']
[0.594s] Level 1:colcon.colcon_core.package_identification:_identify(venv/lib/python3.12/site-packages/pip-26.1.1.dist-info/licenses/src/pip) by extension 'ignore'
[0.594s] Level 1:colcon.colcon_core.package_identification:_identify(venv/lib/python3.12/site-packages/pip-26.1.1.dist-info/licenses/src/pip) by extension 'ignore_ament_install'
[0.594s] Level 1:colcon.colcon_core.package_identification:_identify(venv/lib/python3.12/site-packages/pip-26.1.1.dist-info/licenses/src/pip) by extensions ['colcon_pkg']
[0.594s] Level 1:colcon.colcon_core.package_identification:_identify(venv/lib/python3.12/site-packages/pip-26.1.1.dist-info/licenses/src/pip) by extension 'colcon_pkg'
[0.594s] Level 1:colcon.colcon_core.package_identification:_identify(venv/lib/python3.12/site-packages/pip-26.1.1.dist-info/licenses/src/pip) by extensions ['colcon_meta']
[0.594s] Level 1:colcon.colcon_core.package_identification:_identify(venv/lib/python3.12/site-packages/pip-26.1.1.dist-info/licenses/src/pip) by extension 'colcon_meta'
[0.594s] Level 1:colcon.colcon_core.package_identification:_identify(venv/lib/python3.12/site-packages/pip-26.1.1.dist-info/licenses/src/pip) by extensions ['ros']
[0.594s] Level 1:colcon.colcon_core.package_identification:_identify(venv/lib/python3.12/site-packages/pip-26.1.1.dist-info/licenses/src/pip) by extension 'ros'
[0.594s] Level 1:colcon.colcon_core.package_identification:_identify(venv/lib/python3.12/site-packages/pip-26.1.1.dist-info/licenses/src/pip) by extensions ['cmake', 'python']
[0.594s] Level 1:colcon.colcon_core.package_identification:_identify(venv/lib/python3.12/site-packages/pip-26.1.1.dist-info/licenses/src/pip) by extension 'cmake'
[0.594s] Level 1:colcon.colcon_core.package_identification:_identify(venv/lib/python3.12/site-packages/pip-26.1.1.dist-info/licenses/src/pip) by extension 'python'
[0.594s] Level 1:colcon.colcon_core.package_identification:_identify(venv/lib/python3.12/site-packages/pip-26.1.1.dist-info/licenses/src/pip) by extensions ['python_setup_py']
[0.594s] Level 1:colcon.colcon_core.package_identification:_identify(venv/lib/python3.12/site-packages/pip-26.1.1.dist-info/licenses/src/pip) by extension 'python_setup_py'
[0.595s] Level 1:colcon.colcon_core.package_identification:_identify(venv/lib/python3.12/site-packages/pip-26.1.1.dist-info/licenses/src/pip/_vendor) by extensions ['ignore', 'ignore_ament_install']
[0.595s] Level 1:colcon.colcon_core.package_identification:_identify(venv/lib/python3.12/site-packages/pip-26.1.1.dist-info/licenses/src/pip/_vendor) by extension 'ignore'
[0.595s] Level 1:colcon.colcon_core.package_identification:_identify(venv/lib/python3.12/site-packages/pip-26.1.1.dist-info/licenses/src/pip/_vendor) by extension 'ignore_ament_install'
[0.595s] Level 1:colcon.colcon_core.package_identification:_identify(venv/lib/python3.12/site-packages/pip-26.1.1.dist-info/licenses/src/pip/_vendor) by extensions ['colcon_pkg']
[0.595s] Level 1:colcon.colcon_core.package_identification:_identify(venv/lib/python3.12/site-packages/pip-26.1.1.dist-info/licenses/src/pip/_vendor) by extension 'colcon_pkg'
[0.595s] Level 1:colcon.colcon_core.package_identification:_identify(venv/lib/python3.12/site-packages/pip-26.1.1.dist-info/licenses/src/pip/_vendor) by extensions ['colcon_meta']
[0.595s] Level 1:colcon.colcon_core.package_identification:_identify(venv/lib/python3.12/site-packages/pip-26.1.1.dist-info/licenses/src/pip/_vendor) by extension 'colcon_meta'
[0.595s] Level 1:colcon.colcon_core.package_identification:_identify(venv/lib/python3.12/site-packages/pip-26.1.1.dist-info/licenses/src/pip/_vendor) by extensions ['ros']
[0.595s] Level 1:colcon.colcon_core.package_identification:_identify(venv/lib/python3.12/site-packages/pip-26.1.1.dist-info/licenses/src/pip/_vendor) by extension 'ros'
[0.595s] Level 1:colcon.colcon_core.package_identification:_identify(venv/lib/python3.12/site-packages/pip-26.1.1.dist-info/licenses/src/pip/_vendor) by extensions ['cmake', 'python']
[0.595s] Level 1:colcon.colcon_core.package_identification:_identify(venv/lib/python3.12/site-packages/pip-26.1.1.dist-info/licenses/src/pip/_vendor) by extension 'cmake'
[0.595s] Level 1:colcon.colcon_core.package_identification:_identify(venv/lib/python3.12/site-packages/pip-26.1.1.dist-info/licenses/src/pip/_vendor) by extension 'python'
[0.595s] Level 1:colcon.colcon_core.package_identification:_identify(venv/lib/python3.12/site-packages/pip-26.1.1.dist-info/licenses/src/pip/_vendor) by extensions ['python_setup_py']
[0.595s] Level 1:colcon.colcon_core.package_identification:_identify(venv/lib/python3.12/site-packages/pip-26.1.1.dist-info/licenses/src/pip/_vendor) by extension 'python_setup_py'
[0.596s] Level 1:colcon.colcon_core.package_identification:_identify(venv/lib/python3.12/site-packages/pip-26.1.1.dist-info/licenses/src/pip/_vendor/cachecontrol) by extensions ['ignore', 'ignore_ament_install']
[0.596s] Level 1:colcon.colcon_core.package_identification:_identify(venv/lib/python3.12/site-packages/pip-26.1.1.dist-info/licenses/src/pip/_vendor/cachecontrol) by extension 'ignore'
[0.596s] Level 1:colcon.colcon_core.package_identification:_identify(venv/lib/python3.12/site-packages/pip-26.1.1.dist-info/licenses/src/pip/_vendor/cachecontrol) by extension 'ignore_ament_install'
[0.596s] Level 1:colcon.colcon_core.package_identification:_identify(venv/lib/python3.12/site-packages/pip-26.1.1.dist-info/licenses/src/pip/_vendor/cachecontrol) by extensions ['colcon_pkg']
[0.596s] Level 1:colcon.colcon_core.package_identification:_identify(venv/lib/python3.12/site-packages/pip-26.1.1.dist-info/licenses/src/pip/_vendor/cachecontrol) by extension 'colcon_pkg'
[0.596s] Level 1:colcon.colcon_core.package_identification:_identify(venv/lib/python3.12/site-packages/pip-26.1.1.dist-info/licenses/src/pip/_vendor/cachecontrol) by extensions ['colcon_meta']
[0.596s] Level 1:colcon.colcon_core.package_identification:_identify(venv/lib/python3.12/site-packages/pip-26.1.1.dist-info/licenses/src/pip/_vendor/cachecontrol) by extension 'colcon_meta'
[0.596s] Level 1:colcon.colcon_core.package_identification:_identify(venv/lib/python3.12/site-packages/pip-26.1.1.dist-info/licenses/src/pip/_vendor/cachecontrol) by extensions ['ros']
[0.596s] Level 1:colcon.colcon_core.package_identification:_identify(venv/lib/python3.12/site-packages/pip-26.1.1.dist-info/licenses/src/pip/_vendor/cachecontrol) by extension 'ros'
[0.596s] Level 1:colcon.colcon_core.package_identification:_identify(venv/lib/python3.12/site-packages/pip-26.1.1.dist-info/licenses/src/pip/_vendor/cachecontrol) by extensions ['cmake', 'python']
[0.596s] Level 1:colcon.colcon_core.package_identification:_identify(venv/lib/python3.12/site-packages/pip-26.1.1.dist-info/licenses/src/pip/_vendor/cachecontrol) by extension 'cmake'
[0.596s] Level 1:colcon.colcon_core.package_identification:_identify(venv/lib/python3.12/site-packages/pip-26.1.1.dist-info/licenses/src/pip/_vendor/cachecontrol) by extension 'python'
[0.596s] Level 1:colcon.colcon_core.package_identification:_identify(venv/lib/python3.12/site-packages/pip-26.1.1.dist-info/licenses/src/pip/_vendor/cachecontrol) by extensions ['python_setup_py']
[0.596s] Level 1:colcon.colcon_core.package_identification:_identify(venv/lib/python3.12/site-packages/pip-26.1.1.dist-info/licenses/src/pip/_vendor/cachecontrol) by extension 'python_setup_py'
[0.596s] Level 1:colcon.colcon_core.package_identification:_identify(venv/lib/python3.12/site-packages/pip-26.1.1.dist-info/licenses/src/pip/_vendor/certifi) by extensions ['ignore', 'ignore_ament_install']
[0.597s] Level 1:colcon.colcon_core.package_identification:_identify(venv/lib/python3.12/site-packages/pip-26.1.1.dist-info/licenses/src/pip/_vendor/certifi) by extension 'ignore'
[0.597s] Level 1:colcon.colcon_core.package_identification:_identify(venv/lib/python3.12/site-packages/pip-26.1.1.dist-info/licenses/src/pip/_vendor/certifi) by extension 'ignore_ament_install'
[0.597s] Level 1:colcon.colcon_core.package_identification:_identify(venv/lib/python3.12/site-packages/pip-26.1.1.dist-info/licenses/src/pip/_vendor/certifi) by extensions ['colcon_pkg']
[0.597s] Level 1:colcon.colcon_core.package_identification:_identify(venv/lib/python3.12/site-packages/pip-26.1.1.dist-info/licenses/src/pip/_vendor/certifi) by extension 'colcon_pkg'
[0.597s] Level 1:colcon.colcon_core.package_identification:_identify(venv/lib/python3.12/site-packages/pip-26.1.1.dist-info/licenses/src/pip/_vendor/certifi) by extensions ['colcon_meta']
[0.597s] Level 1:colcon.colcon_core.package_identification:_identify(venv/lib/python3.12/site-packages/pip-26.1.1.dist-info/licenses/src/pip/_vendor/certifi) by extension 'colcon_meta'
[0.597s] Level 1:colcon.colcon_core.package_identification:_identify(venv/lib/python3.12/site-packages/pip-26.1.1.dist-info/licenses/src/pip/_vendor/certifi) by extensions ['ros']
[0.597s] Level 1:colcon.colcon_core.package_identification:_identify(venv/lib/python3.12/site-packages/pip-26.1.1.dist-info/licenses/src/pip/_vendor/certifi) by extension 'ros'
[0.597s] Level 1:colcon.colcon_core.package_identification:_identify(venv/lib/python3.12/site-packages/pip-26.1.1.dist-info/licenses/src/pip/_vendor/certifi) by extensions ['cmake', 'python']
[0.597s] Level 1:colcon.colcon_core.package_identification:_identify(venv/lib/python3.12/site-packages/pip-26.1.1.dist-info/licenses/src/pip/_vendor/certifi) by extension 'cmake'
[0.597s] Level 1:colcon.colcon_core.package_identification:_identify(venv/lib/python3.12/site-packages/pip-26.1.1.dist-info/licenses/src/pip/_vendor/certifi) by extension 'python'
[0.597s] Level 1:colcon.colcon_core.package_identification:_identify(venv/lib/python3.12/site-packages/pip-26.1.1.dist-info/licenses/src/pip/_vendor/certifi) by extensions ['python_setup_py']
[0.597s] Level 1:colcon.colcon_core.package_identification:_identify(venv/lib/python3.12/site-packages/pip-26.1.1.dist-info/licenses/src/pip/_vendor/certifi) by extension 'python_setup_py'
[0.597s] Level 1:colcon.colcon_core.package_identification:_identify(venv/lib/python3.12/site-packages/pip-26.1.1.dist-info/licenses/src/pip/_vendor/distlib) by extensions ['ignore', 'ignore_ament_install']
[0.597s] Level 1:colcon.colcon_core.package_identification:_identify(venv/lib/python3.12/site-packages/pip-26.1.1.dist-info/licenses/src/pip/_vendor/distlib) by extension 'ignore'
[0.598s] Level 1:colcon.colcon_core.package_identification:_identify(venv/lib/python3.12/site-packages/pip-26.1.1.dist-info/licenses/src/pip/_vendor/distlib) by extension 'ignore_ament_install'
[0.598s] Level 1:colcon.colcon_core.package_identification:_identify(venv/lib/python3.12/site-packages/pip-26.1.1.dist-info/licenses/src/pip/_vendor/distlib) by extensions ['colcon_pkg']
[0.598s] Level 1:colcon.colcon_core.package_identification:_identify(venv/lib/python3.12/site-packages/pip-26.1.1.dist-info/licenses/src/pip/_vendor/distlib) by extension 'colcon_pkg'
[0.598s] Level 1:colcon.colcon_core.package_identification:_identify(venv/lib/python3.12/site-packages/pip-26.1.1.dist-info/licenses/src/pip/_vendor/distlib) by extensions ['colcon_meta']
[0.598s] Level 1:colcon.colcon_core.package_identification:_identify(venv/lib/python3.12/site-packages/pip-26.1.1.dist-info/licenses/src/pip/_vendor/distlib) by extension 'colcon_meta'
[0.598s] Level 1:colcon.colcon_core.package_identification:_identify(venv/lib/python3.12/site-packages/pip-26.1.1.dist-info/licenses/src/pip/_vendor/distlib) by extensions ['ros']
[0.598s] Level 1:colcon.colcon_core.package_identification:_identify(venv/lib/python3.12/site-packages/pip-26.1.1.dist-info/licenses/src/pip/_vendor/distlib) by extension 'ros'
[0.598s] Level 1:colcon.colcon_core.package_identification:_identify(venv/lib/python3.12/site-packages/pip-26.1.1.dist-info/licenses/src/pip/_vendor/distlib) by extensions ['cmake', 'python']
[0.598s] Level 1:colcon.colcon_core.package_identification:_identify(venv/lib/python3.12/site-packages/pip-26.1.1.dist-info/licenses/src/pip/_vendor/distlib) by extension 'cmake'
[0.598s] Level 1:colcon.colcon_core.package_identification:_identify(venv/lib/python3.12/site-packages/pip-26.1.1.dist-info/licenses/src/pip/_vendor/distlib) by extension 'python'
[0.598s] Level 1:colcon.colcon_core.package_identification:_identify(venv/lib/python3.12/site-packages/pip-26.1.1.dist-info/licenses/src/pip/_vendor/distlib) by extensions ['python_setup_py']
[0.598s] Level 1:colcon.colcon_core.package_identification:_identify(venv/lib/python3.12/site-packages/pip-26.1.1.dist-info/licenses/src/pip/_vendor/distlib) by extension 'python_setup_py'
[0.598s] Level 1:colcon.colcon_core.package_identification:_identify(venv/lib/python3.12/site-packages/pip-26.1.1.dist-info/licenses/src/pip/_vendor/distro) by extensions ['ignore', 'ignore_ament_install']
[0.598s] Level 1:colcon.colcon_core.package_identification:_identify(venv/lib/python3.12/site-packages/pip-26.1.1.dist-info/licenses/src/pip/_vendor/distro) by extension 'ignore'
[0.598s] Level 1:colcon.colcon_core.package_identification:_identify(venv/lib/python3.12/site-packages/pip-26.1.1.dist-info/licenses/src/pip/_vendor/distro) by extension 'ignore_ament_install'
[0.598s] Level 1:colcon.colcon_core.package_identification:_identify(venv/lib/python3.12/site-packages/pip-26.1.1.dist-info/licenses/src/pip/_vendor/distro) by extensions ['colcon_pkg']
[0.599s] Level 1:colcon.colcon_core.package_identification:_identify(venv/lib/python3.12/site-packages/pip-26.1.1.dist-info/licenses/src/pip/_vendor/distro) by extension 'colcon_pkg'
[0.599s] Level 1:colcon.colcon_core.package_identification:_identify(venv/lib/python3.12/site-packages/pip-26.1.1.dist-info/licenses/src/pip/_vendor/distro) by extensions ['colcon_meta']
[0.599s] Level 1:colcon.colcon_core.package_identification:_identify(venv/lib/python3.12/site-packages/pip-26.1.1.dist-info/licenses/src/pip/_vendor/distro) by extension 'colcon_meta'
[0.599s] Level 1:colcon.colcon_core.package_identification:_identify(venv/lib/python3.12/site-packages/pip-26.1.1.dist-info/licenses/src/pip/_vendor/distro) by extensions ['ros']
[0.599s] Level 1:colcon.colcon_core.package_identification:_identify(venv/lib/python3.12/site-packages/pip-26.1.1.dist-info/licenses/src/pip/_vendor/distro) by extension 'ros'
[0.599s] Level 1:colcon.colcon_core.package_identification:_identify(venv/lib/python3.12/site-packages/pip-26.1.1.dist-info/licenses/src/pip/_vendor/distro) by extensions ['cmake', 'python']
[0.599s] Level 1:colcon.colcon_core.package_identification:_identify(venv/lib/python3.12/site-packages/pip-26.1.1.dist-info/licenses/src/pip/_vendor/distro) by extension 'cmake'
[0.599s] Level 1:colcon.colcon_core.package_identification:_identify(venv/lib/python3.12/site-packages/pip-26.1.1.dist-info/licenses/src/pip/_vendor/distro) by extension 'python'
[0.599s] Level 1:colcon.colcon_core.package_identification:_identify(venv/lib/python3.12/site-packages/pip-26.1.1.dist-info/licenses/src/pip/_vendor/distro) by extensions ['python_setup_py']
[0.599s] Level 1:colcon.colcon_core.package_identification:_identify(venv/lib/python3.12/site-packages/pip-26.1.1.dist-info/licenses/src/pip/_vendor/distro) by extension 'python_setup_py'
[0.599s] Level 1:colcon.colcon_core.package_identification:_identify(venv/lib/python3.12/site-packages/pip-26.1.1.dist-info/licenses/src/pip/_vendor/idna) by extensions ['ignore', 'ignore_ament_install']
[0.599s] Level 1:colcon.colcon_core.package_identification:_identify(venv/lib/python3.12/site-packages/pip-26.1.1.dist-info/licenses/src/pip/_vendor/idna) by extension 'ignore'
[0.599s] Level 1:colcon.colcon_core.package_identification:_identify(venv/lib/python3.12/site-packages/pip-26.1.1.dist-info/licenses/src/pip/_vendor/idna) by extension 'ignore_ament_install'
[0.599s] Level 1:colcon.colcon_core.package_identification:_identify(venv/lib/python3.12/site-packages/pip-26.1.1.dist-info/licenses/src/pip/_vendor/idna) by extensions ['colcon_pkg']
[0.599s] Level 1:colcon.colcon_core.package_identification:_identify(venv/lib/python3.12/site-packages/pip-26.1.1.dist-info/licenses/src/pip/_vendor/idna) by extension 'colcon_pkg'
[0.599s] Level 1:colcon.colcon_core.package_identification:_identify(venv/lib/python3.12/site-packages/pip-26.1.1.dist-info/licenses/src/pip/_vendor/idna) by extensions ['colcon_meta']
[0.600s] Level 1:colcon.colcon_core.package_identification:_identify(venv/lib/python3.12/site-packages/pip-26.1.1.dist-info/licenses/src/pip/_vendor/idna) by extension 'colcon_meta'
[0.600s] Level 1:colcon.colcon_core.package_identification:_identify(venv/lib/python3.12/site-packages/pip-26.1.1.dist-info/licenses/src/pip/_vendor/idna) by extensions ['ros']
[0.600s] Level 1:colcon.colcon_core.package_identification:_identify(venv/lib/python3.12/site-packages/pip-26.1.1.dist-info/licenses/src/pip/_vendor/idna) by extension 'ros'
[0.600s] Level 1:colcon.colcon_core.package_identification:_identify(venv/lib/python3.12/site-packages/pip-26.1.1.dist-info/licenses/src/pip/_vendor/idna) by extensions ['cmake', 'python']
[0.600s] Level 1:colcon.colcon_core.package_identification:_identify(venv/lib/python3.12/site-packages/pip-26.1.1.dist-info/licenses/src/pip/_vendor/idna) by extension 'cmake'
[0.600s] Level 1:colcon.colcon_core.package_identification:_identify(venv/lib/python3.12/site-packages/pip-26.1.1.dist-info/licenses/src/pip/_vendor/idna) by extension 'python'
[0.600s] Level 1:colcon.colcon_core.package_identification:_identify(venv/lib/python3.12/site-packages/pip-26.1.1.dist-info/licenses/src/pip/_vendor/idna) by extensions ['python_setup_py']
[0.600s] Level 1:colcon.colcon_core.package_identification:_identify(venv/lib/python3.12/site-packages/pip-26.1.1.dist-info/licenses/src/pip/_vendor/idna) by extension 'python_setup_py'
[0.600s] Level 1:colcon.colcon_core.package_identification:_identify(venv/lib/python3.12/site-packages/pip-26.1.1.dist-info/licenses/src/pip/_vendor/msgpack) by extensions ['ignore', 'ignore_ament_install']
[0.600s] Level 1:colcon.colcon_core.package_identification:_identify(venv/lib/python3.12/site-packages/pip-26.1.1.dist-info/licenses/src/pip/_vendor/msgpack) by extension 'ignore'
[0.600s] Level 1:colcon.colcon_core.package_identification:_identify(venv/lib/python3.12/site-packages/pip-26.1.1.dist-info/licenses/src/pip/_vendor/msgpack) by extension 'ignore_ament_install'
[0.600s] Level 1:colcon.colcon_core.package_identification:_identify(venv/lib/python3.12/site-packages/pip-26.1.1.dist-info/licenses/src/pip/_vendor/msgpack) by extensions ['colcon_pkg']
[0.600s] Level 1:colcon.colcon_core.package_identification:_identify(venv/lib/python3.12/site-packages/pip-26.1.1.dist-info/licenses/src/pip/_vendor/msgpack) by extension 'colcon_pkg'
[0.600s] Level 1:colcon.colcon_core.package_identification:_identify(venv/lib/python3.12/site-packages/pip-26.1.1.dist-info/licenses/src/pip/_vendor/msgpack) by extensions ['colcon_meta']
[0.600s] Level 1:colcon.colcon_core.package_identification:_identify(venv/lib/python3.12/site-packages/pip-26.1.1.dist-info/licenses/src/pip/_vendor/msgpack) by extension 'colcon_meta'
[0.600s] Level 1:colcon.colcon_core.package_identification:_identify(venv/lib/python3.12/site-packages/pip-26.1.1.dist-info/licenses/src/pip/_vendor/msgpack) by extensions ['ros']
[0.601s] Level 1:colcon.colcon_core.package_identification:_identify(venv/lib/python3.12/site-packages/pip-26.1.1.dist-info/licenses/src/pip/_vendor/msgpack) by extension 'ros'
[0.601s] Level 1:colcon.colcon_core.package_identification:_identify(venv/lib/python3.12/site-packages/pip-26.1.1.dist-info/licenses/src/pip/_vendor/msgpack) by extensions ['cmake', 'python']
[0.601s] Level 1:colcon.colcon_core.package_identification:_identify(venv/lib/python3.12/site-packages/pip-26.1.1.dist-info/licenses/src/pip/_vendor/msgpack) by extension 'cmake'
[0.601s] Level 1:colcon.colcon_core.package_identification:_identify(venv/lib/python3.12/site-packages/pip-26.1.1.dist-info/licenses/src/pip/_vendor/msgpack) by extension 'python'
[0.601s] Level 1:colcon.colcon_core.package_identification:_identify(venv/lib/python3.12/site-packages/pip-26.1.1.dist-info/licenses/src/pip/_vendor/msgpack) by extensions ['python_setup_py']
[0.601s] Level 1:colcon.colcon_core.package_identification:_identify(venv/lib/python3.12/site-packages/pip-26.1.1.dist-info/licenses/src/pip/_vendor/msgpack) by extension 'python_setup_py'
[0.601s] Level 1:colcon.colcon_core.package_identification:_identify(venv/lib/python3.12/site-packages/pip-26.1.1.dist-info/licenses/src/pip/_vendor/packaging) by extensions ['ignore', 'ignore_ament_install']
[0.601s] Level 1:colcon.colcon_core.package_identification:_identify(venv/lib/python3.12/site-packages/pip-26.1.1.dist-info/licenses/src/pip/_vendor/packaging) by extension 'ignore'
[0.601s] Level 1:colcon.colcon_core.package_identification:_identify(venv/lib/python3.12/site-packages/pip-26.1.1.dist-info/licenses/src/pip/_vendor/packaging) by extension 'ignore_ament_install'
[0.601s] Level 1:colcon.colcon_core.package_identification:_identify(venv/lib/python3.12/site-packages/pip-26.1.1.dist-info/licenses/src/pip/_vendor/packaging) by extensions ['colcon_pkg']
[0.601s] Level 1:colcon.colcon_core.package_identification:_identify(venv/lib/python3.12/site-packages/pip-26.1.1.dist-info/licenses/src/pip/_vendor/packaging) by extension 'colcon_pkg'
[0.601s] Level 1:colcon.colcon_core.package_identification:_identify(venv/lib/python3.12/site-packages/pip-26.1.1.dist-info/licenses/src/pip/_vendor/packaging) by extensions ['colcon_meta']
[0.601s] Level 1:colcon.colcon_core.package_identification:_identify(venv/lib/python3.12/site-packages/pip-26.1.1.dist-info/licenses/src/pip/_vendor/packaging) by extension 'colcon_meta'
[0.601s] Level 1:colcon.colcon_core.package_identification:_identify(venv/lib/python3.12/site-packages/pip-26.1.1.dist-info/licenses/src/pip/_vendor/packaging) by extensions ['ros']
[0.601s] Level 1:colcon.colcon_core.package_identification:_identify(venv/lib/python3.12/site-packages/pip-26.1.1.dist-info/licenses/src/pip/_vendor/packaging) by extension 'ros'
[0.602s] Level 1:colcon.colcon_core.package_identification:_identify(venv/lib/python3.12/site-packages/pip-26.1.1.dist-info/licenses/src/pip/_vendor/packaging) by extensions ['cmake', 'python']
[0.602s] Level 1:colcon.colcon_core.package_identification:_identify(venv/lib/python3.12/site-packages/pip-26.1.1.dist-info/licenses/src/pip/_vendor/packaging) by extension 'cmake'
[0.602s] Level 1:colcon.colcon_core.package_identification:_identify(venv/lib/python3.12/site-packages/pip-26.1.1.dist-info/licenses/src/pip/_vendor/packaging) by extension 'python'
[0.602s] Level 1:colcon.colcon_core.package_identification:_identify(venv/lib/python3.12/site-packages/pip-26.1.1.dist-info/licenses/src/pip/_vendor/packaging) by extensions ['python_setup_py']
[0.602s] Level 1:colcon.colcon_core.package_identification:_identify(venv/lib/python3.12/site-packages/pip-26.1.1.dist-info/licenses/src/pip/_vendor/packaging) by extension 'python_setup_py'
[0.602s] Level 1:colcon.colcon_core.package_identification:_identify(venv/lib/python3.12/site-packages/pip-26.1.1.dist-info/licenses/src/pip/_vendor/pkg_resources) by extensions ['ignore', 'ignore_ament_install']
[0.602s] Level 1:colcon.colcon_core.package_identification:_identify(venv/lib/python3.12/site-packages/pip-26.1.1.dist-info/licenses/src/pip/_vendor/pkg_resources) by extension 'ignore'
[0.602s] Level 1:colcon.colcon_core.package_identification:_identify(venv/lib/python3.12/site-packages/pip-26.1.1.dist-info/licenses/src/pip/_vendor/pkg_resources) by extension 'ignore_ament_install'
[0.602s] Level 1:colcon.colcon_core.package_identification:_identify(venv/lib/python3.12/site-packages/pip-26.1.1.dist-info/licenses/src/pip/_vendor/pkg_resources) by extensions ['colcon_pkg']
[0.602s] Level 1:colcon.colcon_core.package_identification:_identify(venv/lib/python3.12/site-packages/pip-26.1.1.dist-info/licenses/src/pip/_vendor/pkg_resources) by extension 'colcon_pkg'
[0.602s] Level 1:colcon.colcon_core.package_identification:_identify(venv/lib/python3.12/site-packages/pip-26.1.1.dist-info/licenses/src/pip/_vendor/pkg_resources) by extensions ['colcon_meta']
[0.602s] Level 1:colcon.colcon_core.package_identification:_identify(venv/lib/python3.12/site-packages/pip-26.1.1.dist-info/licenses/src/pip/_vendor/pkg_resources) by extension 'colcon_meta'
[0.602s] Level 1:colcon.colcon_core.package_identification:_identify(venv/lib/python3.12/site-packages/pip-26.1.1.dist-info/licenses/src/pip/_vendor/pkg_resources) by extensions ['ros']
[0.602s] Level 1:colcon.colcon_core.package_identification:_identify(venv/lib/python3.12/site-packages/pip-26.1.1.dist-info/licenses/src/pip/_vendor/pkg_resources) by extension 'ros'
[0.602s] Level 1:colcon.colcon_core.package_identification:_identify(venv/lib/python3.12/site-packages/pip-26.1.1.dist-info/licenses/src/pip/_vendor/pkg_resources) by extensions ['cmake', 'python']
[0.602s] Level 1:colcon.colcon_core.package_identification:_identify(venv/lib/python3.12/site-packages/pip-26.1.1.dist-info/licenses/src/pip/_vendor/pkg_resources) by extension 'cmake'
[0.602s] Level 1:colcon.colcon_core.package_identification:_identify(venv/lib/python3.12/site-packages/pip-26.1.1.dist-info/licenses/src/pip/_vendor/pkg_resources) by extension 'python'
[0.603s] Level 1:colcon.colcon_core.package_identification:_identify(venv/lib/python3.12/site-packages/pip-26.1.1.dist-info/licenses/src/pip/_vendor/pkg_resources) by extensions ['python_setup_py']
[0.603s] Level 1:colcon.colcon_core.package_identification:_identify(venv/lib/python3.12/site-packages/pip-26.1.1.dist-info/licenses/src/pip/_vendor/pkg_resources) by extension 'python_setup_py'
[0.603s] Level 1:colcon.colcon_core.package_identification:_identify(venv/lib/python3.12/site-packages/pip-26.1.1.dist-info/licenses/src/pip/_vendor/platformdirs) by extensions ['ignore', 'ignore_ament_install']
[0.603s] Level 1:colcon.colcon_core.package_identification:_identify(venv/lib/python3.12/site-packages/pip-26.1.1.dist-info/licenses/src/pip/_vendor/platformdirs) by extension 'ignore'
[0.603s] Level 1:colcon.colcon_core.package_identification:_identify(venv/lib/python3.12/site-packages/pip-26.1.1.dist-info/licenses/src/pip/_vendor/platformdirs) by extension 'ignore_ament_install'
[0.603s] Level 1:colcon.colcon_core.package_identification:_identify(venv/lib/python3.12/site-packages/pip-26.1.1.dist-info/licenses/src/pip/_vendor/platformdirs) by extensions ['colcon_pkg']
[0.603s] Level 1:colcon.colcon_core.package_identification:_identify(venv/lib/python3.12/site-packages/pip-26.1.1.dist-info/licenses/src/pip/_vendor/platformdirs) by extension 'colcon_pkg'
[0.603s] Level 1:colcon.colcon_core.package_identification:_identify(venv/lib/python3.12/site-packages/pip-26.1.1.dist-info/licenses/src/pip/_vendor/platformdirs) by extensions ['colcon_meta']
[0.603s] Level 1:colcon.colcon_core.package_identification:_identify(venv/lib/python3.12/site-packages/pip-26.1.1.dist-info/licenses/src/pip/_vendor/platformdirs) by extension 'colcon_meta'
[0.603s] Level 1:colcon.colcon_core.package_identification:_identify(venv/lib/python3.12/site-packages/pip-26.1.1.dist-info/licenses/src/pip/_vendor/platformdirs) by extensions ['ros']
[0.603s] Level 1:colcon.colcon_core.package_identification:_identify(venv/lib/python3.12/site-packages/pip-26.1.1.dist-info/licenses/src/pip/_vendor/platformdirs) by extension 'ros'
[0.603s] Level 1:colcon.colcon_core.package_identification:_identify(venv/lib/python3.12/site-packages/pip-26.1.1.dist-info/licenses/src/pip/_vendor/platformdirs) by extensions ['cmake', 'python']
[0.603s] Level 1:colcon.colcon_core.package_identification:_identify(venv/lib/python3.12/site-packages/pip-26.1.1.dist-info/licenses/src/pip/_vendor/platformdirs) by extension 'cmake'
[0.603s] Level 1:colcon.colcon_core.package_identification:_identify(venv/lib/python3.12/site-packages/pip-26.1.1.dist-info/licenses/src/pip/_vendor/platformdirs) by extension 'python'
[0.603s] Level 1:colcon.colcon_core.package_identification:_identify(venv/lib/python3.12/site-packages/pip-26.1.1.dist-info/licenses/src/pip/_vendor/platformdirs) by extensions ['python_setup_py']
[0.603s] Level 1:colcon.colcon_core.package_identification:_identify(venv/lib/python3.12/site-packages/pip-26.1.1.dist-info/licenses/src/pip/_vendor/platformdirs) by extension 'python_setup_py'
[0.604s] Level 1:colcon.colcon_core.package_identification:_identify(venv/lib/python3.12/site-packages/pip-26.1.1.dist-info/licenses/src/pip/_vendor/pygments) by extensions ['ignore', 'ignore_ament_install']
[0.604s] Level 1:colcon.colcon_core.package_identification:_identify(venv/lib/python3.12/site-packages/pip-26.1.1.dist-info/licenses/src/pip/_vendor/pygments) by extension 'ignore'
[0.604s] Level 1:colcon.colcon_core.package_identification:_identify(venv/lib/python3.12/site-packages/pip-26.1.1.dist-info/licenses/src/pip/_vendor/pygments) by extension 'ignore_ament_install'
[0.604s] Level 1:colcon.colcon_core.package_identification:_identify(venv/lib/python3.12/site-packages/pip-26.1.1.dist-info/licenses/src/pip/_vendor/pygments) by extensions ['colcon_pkg']
[0.604s] Level 1:colcon.colcon_core.package_identification:_identify(venv/lib/python3.12/site-packages/pip-26.1.1.dist-info/licenses/src/pip/_vendor/pygments) by extension 'colcon_pkg'
[0.604s] Level 1:colcon.colcon_core.package_identification:_identify(venv/lib/python3.12/site-packages/pip-26.1.1.dist-info/licenses/src/pip/_vendor/pygments) by extensions ['colcon_meta']
[0.604s] Level 1:colcon.colcon_core.package_identification:_identify(venv/lib/python3.12/site-packages/pip-26.1.1.dist-info/licenses/src/pip/_vendor/pygments) by extension 'colcon_meta'
[0.604s] Level 1:colcon.colcon_core.package_identification:_identify(venv/lib/python3.12/site-packages/pip-26.1.1.dist-info/licenses/src/pip/_vendor/pygments) by extensions ['ros']
[0.604s] Level 1:colcon.colcon_core.package_identification:_identify(venv/lib/python3.12/site-packages/pip-26.1.1.dist-info/licenses/src/pip/_vendor/pygments) by extension 'ros'
[0.604s] Level 1:colcon.colcon_core.package_identification:_identify(venv/lib/python3.12/site-packages/pip-26.1.1.dist-info/licenses/src/pip/_vendor/pygments) by extensions ['cmake', 'python']
[0.604s] Level 1:colcon.colcon_core.package_identification:_identify(venv/lib/python3.12/site-packages/pip-26.1.1.dist-info/licenses/src/pip/_vendor/pygments) by extension 'cmake'
[0.604s] Level 1:colcon.colcon_core.package_identification:_identify(venv/lib/python3.12/site-packages/pip-26.1.1.dist-info/licenses/src/pip/_vendor/pygments) by extension 'python'
[0.604s] Level 1:colcon.colcon_core.package_identification:_identify(venv/lib/python3.12/site-packages/pip-26.1.1.dist-info/licenses/src/pip/_vendor/pygments) by extensions ['python_setup_py']
[0.604s] Level 1:colcon.colcon_core.package_identification:_identify(venv/lib/python3.12/site-packages/pip-26.1.1.dist-info/licenses/src/pip/_vendor/pygments) by extension 'python_setup_py'
[0.604s] Level 1:colcon.colcon_core.package_identification:_identify(venv/lib/python3.12/site-packages/pip-26.1.1.dist-info/licenses/src/pip/_vendor/pyproject_hooks) by extensions ['ignore', 'ignore_ament_install']
[0.605s] Level 1:colcon.colcon_core.package_identification:_identify(venv/lib/python3.12/site-packages/pip-26.1.1.dist-info/licenses/src/pip/_vendor/pyproject_hooks) by extension 'ignore'
[0.605s] Level 1:colcon.colcon_core.package_identification:_identify(venv/lib/python3.12/site-packages/pip-26.1.1.dist-info/licenses/src/pip/_vendor/pyproject_hooks) by extension 'ignore_ament_install'
[0.605s] Level 1:colcon.colcon_core.package_identification:_identify(venv/lib/python3.12/site-packages/pip-26.1.1.dist-info/licenses/src/pip/_vendor/pyproject_hooks) by extensions ['colcon_pkg']
[0.605s] Level 1:colcon.colcon_core.package_identification:_identify(venv/lib/python3.12/site-packages/pip-26.1.1.dist-info/licenses/src/pip/_vendor/pyproject_hooks) by extension 'colcon_pkg'
[0.605s] Level 1:colcon.colcon_core.package_identification:_identify(venv/lib/python3.12/site-packages/pip-26.1.1.dist-info/licenses/src/pip/_vendor/pyproject_hooks) by extensions ['colcon_meta']
[0.605s] Level 1:colcon.colcon_core.package_identification:_identify(venv/lib/python3.12/site-packages/pip-26.1.1.dist-info/licenses/src/pip/_vendor/pyproject_hooks) by extension 'colcon_meta'
[0.605s] Level 1:colcon.colcon_core.package_identification:_identify(venv/lib/python3.12/site-packages/pip-26.1.1.dist-info/licenses/src/pip/_vendor/pyproject_hooks) by extensions ['ros']
[0.605s] Level 1:colcon.colcon_core.package_identification:_identify(venv/lib/python3.12/site-packages/pip-26.1.1.dist-info/licenses/src/pip/_vendor/pyproject_hooks) by extension 'ros'
[0.605s] Level 1:colcon.colcon_core.package_identification:_identify(venv/lib/python3.12/site-packages/pip-26.1.1.dist-info/licenses/src/pip/_vendor/pyproject_hooks) by extensions ['cmake', 'python']
[0.605s] Level 1:colcon.colcon_core.package_identification:_identify(venv/lib/python3.12/site-packages/pip-26.1.1.dist-info/licenses/src/pip/_vendor/pyproject_hooks) by extension 'cmake'
[0.605s] Level 1:colcon.colcon_core.package_identification:_identify(venv/lib/python3.12/site-packages/pip-26.1.1.dist-info/licenses/src/pip/_vendor/pyproject_hooks) by extension 'python'
[0.605s] Level 1:colcon.colcon_core.package_identification:_identify(venv/lib/python3.12/site-packages/pip-26.1.1.dist-info/licenses/src/pip/_vendor/pyproject_hooks) by extensions ['python_setup_py']
[0.605s] Level 1:colcon.colcon_core.package_identification:_identify(venv/lib/python3.12/site-packages/pip-26.1.1.dist-info/licenses/src/pip/_vendor/pyproject_hooks) by extension 'python_setup_py'
[0.605s] Level 1:colcon.colcon_core.package_identification:_identify(venv/lib/python3.12/site-packages/pip-26.1.1.dist-info/licenses/src/pip/_vendor/requests) by extensions ['ignore', 'ignore_ament_install']
[0.605s] Level 1:colcon.colcon_core.package_identification:_identify(venv/lib/python3.12/site-packages/pip-26.1.1.dist-info/licenses/src/pip/_vendor/requests) by extension 'ignore'
[0.606s] Level 1:colcon.colcon_core.package_identification:_identify(venv/lib/python3.12/site-packages/pip-26.1.1.dist-info/licenses/src/pip/_vendor/requests) by extension 'ignore_ament_install'
[0.606s] Level 1:colcon.colcon_core.package_identification:_identify(venv/lib/python3.12/site-packages/pip-26.1.1.dist-info/licenses/src/pip/_vendor/requests) by extensions ['colcon_pkg']
[0.606s] Level 1:colcon.colcon_core.package_identification:_identify(venv/lib/python3.12/site-packages/pip-26.1.1.dist-info/licenses/src/pip/_vendor/requests) by extension 'colcon_pkg'
[0.606s] Level 1:colcon.colcon_core.package_identification:_identify(venv/lib/python3.12/site-packages/pip-26.1.1.dist-info/licenses/src/pip/_vendor/requests) by extensions ['colcon_meta']
[0.606s] Level 1:colcon.colcon_core.package_identification:_identify(venv/lib/python3.12/site-packages/pip-26.1.1.dist-info/licenses/src/pip/_vendor/requests) by extension 'colcon_meta'
[0.606s] Level 1:colcon.colcon_core.package_identification:_identify(venv/lib/python3.12/site-packages/pip-26.1.1.dist-info/licenses/src/pip/_vendor/requests) by extensions ['ros']
[0.606s] Level 1:colcon.colcon_core.package_identification:_identify(venv/lib/python3.12/site-packages/pip-26.1.1.dist-info/licenses/src/pip/_vendor/requests) by extension 'ros'
[0.606s] Level 1:colcon.colcon_core.package_identification:_identify(venv/lib/python3.12/site-packages/pip-26.1.1.dist-info/licenses/src/pip/_vendor/requests) by extensions ['cmake', 'python']
[0.606s] Level 1:colcon.colcon_core.package_identification:_identify(venv/lib/python3.12/site-packages/pip-26.1.1.dist-info/licenses/src/pip/_vendor/requests) by extension 'cmake'
[0.606s] Level 1:colcon.colcon_core.package_identification:_identify(venv/lib/python3.12/site-packages/pip-26.1.1.dist-info/licenses/src/pip/_vendor/requests) by extension 'python'
[0.606s] Level 1:colcon.colcon_core.package_identification:_identify(venv/lib/python3.12/site-packages/pip-26.1.1.dist-info/licenses/src/pip/_vendor/requests) by extensions ['python_setup_py']
[0.606s] Level 1:colcon.colcon_core.package_identification:_identify(venv/lib/python3.12/site-packages/pip-26.1.1.dist-info/licenses/src/pip/_vendor/requests) by extension 'python_setup_py'
[0.606s] Level 1:colcon.colcon_core.package_identification:_identify(venv/lib/python3.12/site-packages/pip-26.1.1.dist-info/licenses/src/pip/_vendor/resolvelib) by extensions ['ignore', 'ignore_ament_install']
[0.606s] Level 1:colcon.colcon_core.package_identification:_identify(venv/lib/python3.12/site-packages/pip-26.1.1.dist-info/licenses/src/pip/_vendor/resolvelib) by extension 'ignore'
[0.606s] Level 1:colcon.colcon_core.package_identification:_identify(venv/lib/python3.12/site-packages/pip-26.1.1.dist-info/licenses/src/pip/_vendor/resolvelib) by extension 'ignore_ament_install'
[0.607s] Level 1:colcon.colcon_core.package_identification:_identify(venv/lib/python3.12/site-packages/pip-26.1.1.dist-info/licenses/src/pip/_vendor/resolvelib) by extensions ['colcon_pkg']
[0.607s] Level 1:colcon.colcon_core.package_identification:_identify(venv/lib/python3.12/site-packages/pip-26.1.1.dist-info/licenses/src/pip/_vendor/resolvelib) by extension 'colcon_pkg'
[0.607s] Level 1:colcon.colcon_core.package_identification:_identify(venv/lib/python3.12/site-packages/pip-26.1.1.dist-info/licenses/src/pip/_vendor/resolvelib) by extensions ['colcon_meta']
[0.607s] Level 1:colcon.colcon_core.package_identification:_identify(venv/lib/python3.12/site-packages/pip-26.1.1.dist-info/licenses/src/pip/_vendor/resolvelib) by extension 'colcon_meta'
[0.607s] Level 1:colcon.colcon_core.package_identification:_identify(venv/lib/python3.12/site-packages/pip-26.1.1.dist-info/licenses/src/pip/_vendor/resolvelib) by extensions ['ros']
[0.607s] Level 1:colcon.colcon_core.package_identification:_identify(venv/lib/python3.12/site-packages/pip-26.1.1.dist-info/licenses/src/pip/_vendor/resolvelib) by extension 'ros'
[0.607s] Level 1:colcon.colcon_core.package_identification:_identify(venv/lib/python3.12/site-packages/pip-26.1.1.dist-info/licenses/src/pip/_vendor/resolvelib) by extensions ['cmake', 'python']
[0.607s] Level 1:colcon.colcon_core.package_identification:_identify(venv/lib/python3.12/site-packages/pip-26.1.1.dist-info/licenses/src/pip/_vendor/resolvelib) by extension 'cmake'
[0.607s] Level 1:colcon.colcon_core.package_identification:_identify(venv/lib/python3.12/site-packages/pip-26.1.1.dist-info/licenses/src/pip/_vendor/resolvelib) by extension 'python'
[0.607s] Level 1:colcon.colcon_core.package_identification:_identify(venv/lib/python3.12/site-packages/pip-26.1.1.dist-info/licenses/src/pip/_vendor/resolvelib) by extensions ['python_setup_py']
[0.607s] Level 1:colcon.colcon_core.package_identification:_identify(venv/lib/python3.12/site-packages/pip-26.1.1.dist-info/licenses/src/pip/_vendor/resolvelib) by extension 'python_setup_py'
[0.607s] Level 1:colcon.colcon_core.package_identification:_identify(venv/lib/python3.12/site-packages/pip-26.1.1.dist-info/licenses/src/pip/_vendor/rich) by extensions ['ignore', 'ignore_ament_install']
[0.607s] Level 1:colcon.colcon_core.package_identification:_identify(venv/lib/python3.12/site-packages/pip-26.1.1.dist-info/licenses/src/pip/_vendor/rich) by extension 'ignore'
[0.607s] Level 1:colcon.colcon_core.package_identification:_identify(venv/lib/python3.12/site-packages/pip-26.1.1.dist-info/licenses/src/pip/_vendor/rich) by extension 'ignore_ament_install'
[0.607s] Level 1:colcon.colcon_core.package_identification:_identify(venv/lib/python3.12/site-packages/pip-26.1.1.dist-info/licenses/src/pip/_vendor/rich) by extensions ['colcon_pkg']
[0.607s] Level 1:colcon.colcon_core.package_identification:_identify(venv/lib/python3.12/site-packages/pip-26.1.1.dist-info/licenses/src/pip/_vendor/rich) by extension 'colcon_pkg'
[0.608s] Level 1:colcon.colcon_core.package_identification:_identify(venv/lib/python3.12/site-packages/pip-26.1.1.dist-info/licenses/src/pip/_vendor/rich) by extensions ['colcon_meta']
[0.608s] Level 1:colcon.colcon_core.package_identification:_identify(venv/lib/python3.12/site-packages/pip-26.1.1.dist-info/licenses/src/pip/_vendor/rich) by extension 'colcon_meta'
[0.608s] Level 1:colcon.colcon_core.package_identification:_identify(venv/lib/python3.12/site-packages/pip-26.1.1.dist-info/licenses/src/pip/_vendor/rich) by extensions ['ros']
[0.608s] Level 1:colcon.colcon_core.package_identification:_identify(venv/lib/python3.12/site-packages/pip-26.1.1.dist-info/licenses/src/pip/_vendor/rich) by extension 'ros'
[0.608s] Level 1:colcon.colcon_core.package_identification:_identify(venv/lib/python3.12/site-packages/pip-26.1.1.dist-info/licenses/src/pip/_vendor/rich) by extensions ['cmake', 'python']
[0.608s] Level 1:colcon.colcon_core.package_identification:_identify(venv/lib/python3.12/site-packages/pip-26.1.1.dist-info/licenses/src/pip/_vendor/rich) by extension 'cmake'
[0.608s] Level 1:colcon.colcon_core.package_identification:_identify(venv/lib/python3.12/site-packages/pip-26.1.1.dist-info/licenses/src/pip/_vendor/rich) by extension 'python'
[0.608s] Level 1:colcon.colcon_core.package_identification:_identify(venv/lib/python3.12/site-packages/pip-26.1.1.dist-info/licenses/src/pip/_vendor/rich) by extensions ['python_setup_py']
[0.608s] Level 1:colcon.colcon_core.package_identification:_identify(venv/lib/python3.12/site-packages/pip-26.1.1.dist-info/licenses/src/pip/_vendor/rich) by extension 'python_setup_py'
[0.608s] Level 1:colcon.colcon_core.package_identification:_identify(venv/lib/python3.12/site-packages/pip-26.1.1.dist-info/licenses/src/pip/_vendor/tomli) by extensions ['ignore', 'ignore_ament_install']
[0.608s] Level 1:colcon.colcon_core.package_identification:_identify(venv/lib/python3.12/site-packages/pip-26.1.1.dist-info/licenses/src/pip/_vendor/tomli) by extension 'ignore'
[0.608s] Level 1:colcon.colcon_core.package_identification:_identify(venv/lib/python3.12/site-packages/pip-26.1.1.dist-info/licenses/src/pip/_vendor/tomli) by extension 'ignore_ament_install'
[0.608s] Level 1:colcon.colcon_core.package_identification:_identify(venv/lib/python3.12/site-packages/pip-26.1.1.dist-info/licenses/src/pip/_vendor/tomli) by extensions ['colcon_pkg']
[0.608s] Level 1:colcon.colcon_core.package_identification:_identify(venv/lib/python3.12/site-packages/pip-26.1.1.dist-info/licenses/src/pip/_vendor/tomli) by extension 'colcon_pkg'
[0.608s] Level 1:colcon.colcon_core.package_identification:_identify(venv/lib/python3.12/site-packages/pip-26.1.1.dist-info/licenses/src/pip/_vendor/tomli) by extensions ['colcon_meta']
[0.608s] Level 1:colcon.colcon_core.package_identification:_identify(venv/lib/python3.12/site-packages/pip-26.1.1.dist-info/licenses/src/pip/_vendor/tomli) by extension 'colcon_meta'
[0.609s] Level 1:colcon.colcon_core.package_identification:_identify(venv/lib/python3.12/site-packages/pip-26.1.1.dist-info/licenses/src/pip/_vendor/tomli) by extensions ['ros']
[0.609s] Level 1:colcon.colcon_core.package_identification:_identify(venv/lib/python3.12/site-packages/pip-26.1.1.dist-info/licenses/src/pip/_vendor/tomli) by extension 'ros'
[0.609s] Level 1:colcon.colcon_core.package_identification:_identify(venv/lib/python3.12/site-packages/pip-26.1.1.dist-info/licenses/src/pip/_vendor/tomli) by extensions ['cmake', 'python']
[0.609s] Level 1:colcon.colcon_core.package_identification:_identify(venv/lib/python3.12/site-packages/pip-26.1.1.dist-info/licenses/src/pip/_vendor/tomli) by extension 'cmake'
[0.609s] Level 1:colcon.colcon_core.package_identification:_identify(venv/lib/python3.12/site-packages/pip-26.1.1.dist-info/licenses/src/pip/_vendor/tomli) by extension 'python'
[0.609s] Level 1:colcon.colcon_core.package_identification:_identify(venv/lib/python3.12/site-packages/pip-26.1.1.dist-info/licenses/src/pip/_vendor/tomli) by extensions ['python_setup_py']
[0.609s] Level 1:colcon.colcon_core.package_identification:_identify(venv/lib/python3.12/site-packages/pip-26.1.1.dist-info/licenses/src/pip/_vendor/tomli) by extension 'python_setup_py'
[0.609s] Level 1:colcon.colcon_core.package_identification:_identify(venv/lib/python3.12/site-packages/pip-26.1.1.dist-info/licenses/src/pip/_vendor/tomli_w) by extensions ['ignore', 'ignore_ament_install']
[0.609s] Level 1:colcon.colcon_core.package_identification:_identify(venv/lib/python3.12/site-packages/pip-26.1.1.dist-info/licenses/src/pip/_vendor/tomli_w) by extension 'ignore'
[0.609s] Level 1:colcon.colcon_core.package_identification:_identify(venv/lib/python3.12/site-packages/pip-26.1.1.dist-info/licenses/src/pip/_vendor/tomli_w) by extension 'ignore_ament_install'
[0.609s] Level 1:colcon.colcon_core.package_identification:_identify(venv/lib/python3.12/site-packages/pip-26.1.1.dist-info/licenses/src/pip/_vendor/tomli_w) by extensions ['colcon_pkg']
[0.609s] Level 1:colcon.colcon_core.package_identification:_identify(venv/lib/python3.12/site-packages/pip-26.1.1.dist-info/licenses/src/pip/_vendor/tomli_w) by extension 'colcon_pkg'
[0.609s] Level 1:colcon.colcon_core.package_identification:_identify(venv/lib/python3.12/site-packages/pip-26.1.1.dist-info/licenses/src/pip/_vendor/tomli_w) by extensions ['colcon_meta']
[0.609s] Level 1:colcon.colcon_core.package_identification:_identify(venv/lib/python3.12/site-packages/pip-26.1.1.dist-info/licenses/src/pip/_vendor/tomli_w) by extension 'colcon_meta'
[0.609s] Level 1:colcon.colcon_core.package_identification:_identify(venv/lib/python3.12/site-packages/pip-26.1.1.dist-info/licenses/src/pip/_vendor/tomli_w) by extensions ['ros']
[0.609s] Level 1:colcon.colcon_core.package_identification:_identify(venv/lib/python3.12/site-packages/pip-26.1.1.dist-info/licenses/src/pip/_vendor/tomli_w) by extension 'ros'
[0.610s] Level 1:colcon.colcon_core.package_identification:_identify(venv/lib/python3.12/site-packages/pip-26.1.1.dist-info/licenses/src/pip/_vendor/tomli_w) by extensions ['cmake', 'python']
[0.610s] Level 1:colcon.colcon_core.package_identification:_identify(venv/lib/python3.12/site-packages/pip-26.1.1.dist-info/licenses/src/pip/_vendor/tomli_w) by extension 'cmake'
[0.610s] Level 1:colcon.colcon_core.package_identification:_identify(venv/lib/python3.12/site-packages/pip-26.1.1.dist-info/licenses/src/pip/_vendor/tomli_w) by extension 'python'
[0.610s] Level 1:colcon.colcon_core.package_identification:_identify(venv/lib/python3.12/site-packages/pip-26.1.1.dist-info/licenses/src/pip/_vendor/tomli_w) by extensions ['python_setup_py']
[0.610s] Level 1:colcon.colcon_core.package_identification:_identify(venv/lib/python3.12/site-packages/pip-26.1.1.dist-info/licenses/src/pip/_vendor/tomli_w) by extension 'python_setup_py'
[0.610s] Level 1:colcon.colcon_core.package_identification:_identify(venv/lib/python3.12/site-packages/pip-26.1.1.dist-info/licenses/src/pip/_vendor/truststore) by extensions ['ignore', 'ignore_ament_install']
[0.610s] Level 1:colcon.colcon_core.package_identification:_identify(venv/lib/python3.12/site-packages/pip-26.1.1.dist-info/licenses/src/pip/_vendor/truststore) by extension 'ignore'
[0.610s] Level 1:colcon.colcon_core.package_identification:_identify(venv/lib/python3.12/site-packages/pip-26.1.1.dist-info/licenses/src/pip/_vendor/truststore) by extension 'ignore_ament_install'
[0.610s] Level 1:colcon.colcon_core.package_identification:_identify(venv/lib/python3.12/site-packages/pip-26.1.1.dist-info/licenses/src/pip/_vendor/truststore) by extensions ['colcon_pkg']
[0.610s] Level 1:colcon.colcon_core.package_identification:_identify(venv/lib/python3.12/site-packages/pip-26.1.1.dist-info/licenses/src/pip/_vendor/truststore) by extension 'colcon_pkg'
[0.610s] Level 1:colcon.colcon_core.package_identification:_identify(venv/lib/python3.12/site-packages/pip-26.1.1.dist-info/licenses/src/pip/_vendor/truststore) by extensions ['colcon_meta']
[0.610s] Level 1:colcon.colcon_core.package_identification:_identify(venv/lib/python3.12/site-packages/pip-26.1.1.dist-info/licenses/src/pip/_vendor/truststore) by extension 'colcon_meta'
[0.610s] Level 1:colcon.colcon_core.package_identification:_identify(venv/lib/python3.12/site-packages/pip-26.1.1.dist-info/licenses/src/pip/_vendor/truststore) by extensions ['ros']
[0.610s] Level 1:colcon.colcon_core.package_identification:_identify(venv/lib/python3.12/site-packages/pip-26.1.1.dist-info/licenses/src/pip/_vendor/truststore) by extension 'ros'
[0.610s] Level 1:colcon.colcon_core.package_identification:_identify(venv/lib/python3.12/site-packages/pip-26.1.1.dist-info/licenses/src/pip/_vendor/truststore) by extensions ['cmake', 'python']
[0.610s] Level 1:colcon.colcon_core.package_identification:_identify(venv/lib/python3.12/site-packages/pip-26.1.1.dist-info/licenses/src/pip/_vendor/truststore) by extension 'cmake'
[0.611s] Level 1:colcon.colcon_core.package_identification:_identify(venv/lib/python3.12/site-packages/pip-26.1.1.dist-info/licenses/src/pip/_vendor/truststore) by extension 'python'
[0.611s] Level 1:colcon.colcon_core.package_identification:_identify(venv/lib/python3.12/site-packages/pip-26.1.1.dist-info/licenses/src/pip/_vendor/truststore) by extensions ['python_setup_py']
[0.611s] Level 1:colcon.colcon_core.package_identification:_identify(venv/lib/python3.12/site-packages/pip-26.1.1.dist-info/licenses/src/pip/_vendor/truststore) by extension 'python_setup_py'
[0.611s] Level 1:colcon.colcon_core.package_identification:_identify(venv/lib/python3.12/site-packages/pip-26.1.1.dist-info/licenses/src/pip/_vendor/urllib3) by extensions ['ignore', 'ignore_ament_install']
[0.611s] Level 1:colcon.colcon_core.package_identification:_identify(venv/lib/python3.12/site-packages/pip-26.1.1.dist-info/licenses/src/pip/_vendor/urllib3) by extension 'ignore'
[0.611s] Level 1:colcon.colcon_core.package_identification:_identify(venv/lib/python3.12/site-packages/pip-26.1.1.dist-info/licenses/src/pip/_vendor/urllib3) by extension 'ignore_ament_install'
[0.611s] Level 1:colcon.colcon_core.package_identification:_identify(venv/lib/python3.12/site-packages/pip-26.1.1.dist-info/licenses/src/pip/_vendor/urllib3) by extensions ['colcon_pkg']
[0.611s] Level 1:colcon.colcon_core.package_identification:_identify(venv/lib/python3.12/site-packages/pip-26.1.1.dist-info/licenses/src/pip/_vendor/urllib3) by extension 'colcon_pkg'
[0.611s] Level 1:colcon.colcon_core.package_identification:_identify(venv/lib/python3.12/site-packages/pip-26.1.1.dist-info/licenses/src/pip/_vendor/urllib3) by extensions ['colcon_meta']
[0.611s] Level 1:colcon.colcon_core.package_identification:_identify(venv/lib/python3.12/site-packages/pip-26.1.1.dist-info/licenses/src/pip/_vendor/urllib3) by extension 'colcon_meta'
[0.611s] Level 1:colcon.colcon_core.package_identification:_identify(venv/lib/python3.12/site-packages/pip-26.1.1.dist-info/licenses/src/pip/_vendor/urllib3) by extensions ['ros']
[0.611s] Level 1:colcon.colcon_core.package_identification:_identify(venv/lib/python3.12/site-packages/pip-26.1.1.dist-info/licenses/src/pip/_vendor/urllib3) by extension 'ros'
[0.611s] Level 1:colcon.colcon_core.package_identification:_identify(venv/lib/python3.12/site-packages/pip-26.1.1.dist-info/licenses/src/pip/_vendor/urllib3) by extensions ['cmake', 'python']
[0.611s] Level 1:colcon.colcon_core.package_identification:_identify(venv/lib/python3.12/site-packages/pip-26.1.1.dist-info/licenses/src/pip/_vendor/urllib3) by extension 'cmake'
[0.611s] Level 1:colcon.colcon_core.package_identification:_identify(venv/lib/python3.12/site-packages/pip-26.1.1.dist-info/licenses/src/pip/_vendor/urllib3) by extension 'python'
[0.611s] Level 1:colcon.colcon_core.package_identification:_identify(venv/lib/python3.12/site-packages/pip-26.1.1.dist-info/licenses/src/pip/_vendor/urllib3) by extensions ['python_setup_py']
[0.612s] Level 1:colcon.colcon_core.package_identification:_identify(venv/lib/python3.12/site-packages/pip-26.1.1.dist-info/licenses/src/pip/_vendor/urllib3) by extension 'python_setup_py'
[0.612s] Level 1:colcon.colcon_core.package_identification:_identify(venv/lib/python3.12/site-packages/setuptools) by extensions ['ignore', 'ignore_ament_install']
[0.612s] Level 1:colcon.colcon_core.package_identification:_identify(venv/lib/python3.12/site-packages/setuptools) by extension 'ignore'
[0.612s] Level 1:colcon.colcon_core.package_identification:_identify(venv/lib/python3.12/site-packages/setuptools) by extension 'ignore_ament_install'
[0.612s] Level 1:colcon.colcon_core.package_identification:_identify(venv/lib/python3.12/site-packages/setuptools) by extensions ['colcon_pkg']
[0.612s] Level 1:colcon.colcon_core.package_identification:_identify(venv/lib/python3.12/site-packages/setuptools) by extension 'colcon_pkg'
[0.612s] Level 1:colcon.colcon_core.package_identification:_identify(venv/lib/python3.12/site-packages/setuptools) by extensions ['colcon_meta']
[0.612s] Level 1:colcon.colcon_core.package_identification:_identify(venv/lib/python3.12/site-packages/setuptools) by extension 'colcon_meta'
[0.612s] Level 1:colcon.colcon_core.package_identification:_identify(venv/lib/python3.12/site-packages/setuptools) by extensions ['ros']
[0.612s] Level 1:colcon.colcon_core.package_identification:_identify(venv/lib/python3.12/site-packages/setuptools) by extension 'ros'
[0.612s] Level 1:colcon.colcon_core.package_identification:_identify(venv/lib/python3.12/site-packages/setuptools) by extensions ['cmake', 'python']
[0.612s] Level 1:colcon.colcon_core.package_identification:_identify(venv/lib/python3.12/site-packages/setuptools) by extension 'cmake'
[0.612s] Level 1:colcon.colcon_core.package_identification:_identify(venv/lib/python3.12/site-packages/setuptools) by extension 'python'
[0.612s] Level 1:colcon.colcon_core.package_identification:_identify(venv/lib/python3.12/site-packages/setuptools) by extensions ['python_setup_py']
[0.612s] Level 1:colcon.colcon_core.package_identification:_identify(venv/lib/python3.12/site-packages/setuptools) by extension 'python_setup_py'
[0.612s] Level 1:colcon.colcon_core.package_identification:_identify(venv/lib/python3.12/site-packages/setuptools/__pycache__) by extensions ['ignore', 'ignore_ament_install']
[0.613s] Level 1:colcon.colcon_core.package_identification:_identify(venv/lib/python3.12/site-packages/setuptools/__pycache__) by extension 'ignore'
[0.613s] Level 1:colcon.colcon_core.package_identification:_identify(venv/lib/python3.12/site-packages/setuptools/__pycache__) by extension 'ignore_ament_install'
[0.613s] Level 1:colcon.colcon_core.package_identification:_identify(venv/lib/python3.12/site-packages/setuptools/__pycache__) by extensions ['colcon_pkg']
[0.613s] Level 1:colcon.colcon_core.package_identification:_identify(venv/lib/python3.12/site-packages/setuptools/__pycache__) by extension 'colcon_pkg'
[0.613s] Level 1:colcon.colcon_core.package_identification:_identify(venv/lib/python3.12/site-packages/setuptools/__pycache__) by extensions ['colcon_meta']
[0.613s] Level 1:colcon.colcon_core.package_identification:_identify(venv/lib/python3.12/site-packages/setuptools/__pycache__) by extension 'colcon_meta'
[0.613s] Level 1:colcon.colcon_core.package_identification:_identify(venv/lib/python3.12/site-packages/setuptools/__pycache__) by extensions ['ros']
[0.613s] Level 1:colcon.colcon_core.package_identification:_identify(venv/lib/python3.12/site-packages/setuptools/__pycache__) by extension 'ros'
[0.613s] Level 1:colcon.colcon_core.package_identification:_identify(venv/lib/python3.12/site-packages/setuptools/__pycache__) by extensions ['cmake', 'python']
[0.613s] Level 1:colcon.colcon_core.package_identification:_identify(venv/lib/python3.12/site-packages/setuptools/__pycache__) by extension 'cmake'
[0.613s] Level 1:colcon.colcon_core.package_identification:_identify(venv/lib/python3.12/site-packages/setuptools/__pycache__) by extension 'python'
[0.613s] Level 1:colcon.colcon_core.package_identification:_identify(venv/lib/python3.12/site-packages/setuptools/__pycache__) by extensions ['python_setup_py']
[0.613s] Level 1:colcon.colcon_core.package_identification:_identify(venv/lib/python3.12/site-packages/setuptools/__pycache__) by extension 'python_setup_py'
[0.613s] Level 1:colcon.colcon_core.package_identification:_identify(venv/lib/python3.12/site-packages/setuptools/_distutils) by extensions ['ignore', 'ignore_ament_install']
[0.613s] Level 1:colcon.colcon_core.package_identification:_identify(venv/lib/python3.12/site-packages/setuptools/_distutils) by extension 'ignore'
[0.614s] Level 1:colcon.colcon_core.package_identification:_identify(venv/lib/python3.12/site-packages/setuptools/_distutils) by extension 'ignore_ament_install'
[0.614s] Level 1:colcon.colcon_core.package_identification:_identify(venv/lib/python3.12/site-packages/setuptools/_distutils) by extensions ['colcon_pkg']
[0.614s] Level 1:colcon.colcon_core.package_identification:_identify(venv/lib/python3.12/site-packages/setuptools/_distutils) by extension 'colcon_pkg'
[0.614s] Level 1:colcon.colcon_core.package_identification:_identify(venv/lib/python3.12/site-packages/setuptools/_distutils) by extensions ['colcon_meta']
[0.614s] Level 1:colcon.colcon_core.package_identification:_identify(venv/lib/python3.12/site-packages/setuptools/_distutils) by extension 'colcon_meta'
[0.614s] Level 1:colcon.colcon_core.package_identification:_identify(venv/lib/python3.12/site-packages/setuptools/_distutils) by extensions ['ros']
[0.614s] Level 1:colcon.colcon_core.package_identification:_identify(venv/lib/python3.12/site-packages/setuptools/_distutils) by extension 'ros'
[0.614s] Level 1:colcon.colcon_core.package_identification:_identify(venv/lib/python3.12/site-packages/setuptools/_distutils) by extensions ['cmake', 'python']
[0.614s] Level 1:colcon.colcon_core.package_identification:_identify(venv/lib/python3.12/site-packages/setuptools/_distutils) by extension 'cmake'
[0.614s] Level 1:colcon.colcon_core.package_identification:_identify(venv/lib/python3.12/site-packages/setuptools/_distutils) by extension 'python'
[0.614s] Level 1:colcon.colcon_core.package_identification:_identify(venv/lib/python3.12/site-packages/setuptools/_distutils) by extensions ['python_setup_py']
[0.614s] Level 1:colcon.colcon_core.package_identification:_identify(venv/lib/python3.12/site-packages/setuptools/_distutils) by extension 'python_setup_py'
[0.614s] Level 1:colcon.colcon_core.package_identification:_identify(venv/lib/python3.12/site-packages/setuptools/_distutils/__pycache__) by extensions ['ignore', 'ignore_ament_install']
[0.614s] Level 1:colcon.colcon_core.package_identification:_identify(venv/lib/python3.12/site-packages/setuptools/_distutils/__pycache__) by extension 'ignore'
[0.614s] Level 1:colcon.colcon_core.package_identification:_identify(venv/lib/python3.12/site-packages/setuptools/_distutils/__pycache__) by extension 'ignore_ament_install'
[0.614s] Level 1:colcon.colcon_core.package_identification:_identify(venv/lib/python3.12/site-packages/setuptools/_distutils/__pycache__) by extensions ['colcon_pkg']
[0.614s] Level 1:colcon.colcon_core.package_identification:_identify(venv/lib/python3.12/site-packages/setuptools/_distutils/__pycache__) by extension 'colcon_pkg'
[0.615s] Level 1:colcon.colcon_core.package_identification:_identify(venv/lib/python3.12/site-packages/setuptools/_distutils/__pycache__) by extensions ['colcon_meta']
[0.615s] Level 1:colcon.colcon_core.package_identification:_identify(venv/lib/python3.12/site-packages/setuptools/_distutils/__pycache__) by extension 'colcon_meta'
[0.615s] Level 1:colcon.colcon_core.package_identification:_identify(venv/lib/python3.12/site-packages/setuptools/_distutils/__pycache__) by extensions ['ros']
[0.615s] Level 1:colcon.colcon_core.package_identification:_identify(venv/lib/python3.12/site-packages/setuptools/_distutils/__pycache__) by extension 'ros'
[0.615s] Level 1:colcon.colcon_core.package_identification:_identify(venv/lib/python3.12/site-packages/setuptools/_distutils/__pycache__) by extensions ['cmake', 'python']
[0.615s] Level 1:colcon.colcon_core.package_identification:_identify(venv/lib/python3.12/site-packages/setuptools/_distutils/__pycache__) by extension 'cmake'
[0.615s] Level 1:colcon.colcon_core.package_identification:_identify(venv/lib/python3.12/site-packages/setuptools/_distutils/__pycache__) by extension 'python'
[0.615s] Level 1:colcon.colcon_core.package_identification:_identify(venv/lib/python3.12/site-packages/setuptools/_distutils/__pycache__) by extensions ['python_setup_py']
[0.615s] Level 1:colcon.colcon_core.package_identification:_identify(venv/lib/python3.12/site-packages/setuptools/_distutils/__pycache__) by extension 'python_setup_py'
[0.615s] Level 1:colcon.colcon_core.package_identification:_identify(venv/lib/python3.12/site-packages/setuptools/_distutils/command) by extensions ['ignore', 'ignore_ament_install']
[0.615s] Level 1:colcon.colcon_core.package_identification:_identify(venv/lib/python3.12/site-packages/setuptools/_distutils/command) by extension 'ignore'
[0.615s] Level 1:colcon.colcon_core.package_identification:_identify(venv/lib/python3.12/site-packages/setuptools/_distutils/command) by extension 'ignore_ament_install'
[0.615s] Level 1:colcon.colcon_core.package_identification:_identify(venv/lib/python3.12/site-packages/setuptools/_distutils/command) by extensions ['colcon_pkg']
[0.615s] Level 1:colcon.colcon_core.package_identification:_identify(venv/lib/python3.12/site-packages/setuptools/_distutils/command) by extension 'colcon_pkg'
[0.615s] Level 1:colcon.colcon_core.package_identification:_identify(venv/lib/python3.12/site-packages/setuptools/_distutils/command) by extensions ['colcon_meta']
[0.615s] Level 1:colcon.colcon_core.package_identification:_identify(venv/lib/python3.12/site-packages/setuptools/_distutils/command) by extension 'colcon_meta'
[0.615s] Level 1:colcon.colcon_core.package_identification:_identify(venv/lib/python3.12/site-packages/setuptools/_distutils/command) by extensions ['ros']
[0.615s] Level 1:colcon.colcon_core.package_identification:_identify(venv/lib/python3.12/site-packages/setuptools/_distutils/command) by extension 'ros'
[0.616s] Level 1:colcon.colcon_core.package_identification:_identify(venv/lib/python3.12/site-packages/setuptools/_distutils/command) by extensions ['cmake', 'python']
[0.616s] Level 1:colcon.colcon_core.package_identification:_identify(venv/lib/python3.12/site-packages/setuptools/_distutils/command) by extension 'cmake'
[0.616s] Level 1:colcon.colcon_core.package_identification:_identify(venv/lib/python3.12/site-packages/setuptools/_distutils/command) by extension 'python'
[0.616s] Level 1:colcon.colcon_core.package_identification:_identify(venv/lib/python3.12/site-packages/setuptools/_distutils/command) by extensions ['python_setup_py']
[0.616s] Level 1:colcon.colcon_core.package_identification:_identify(venv/lib/python3.12/site-packages/setuptools/_distutils/command) by extension 'python_setup_py'
[0.616s] Level 1:colcon.colcon_core.package_identification:_identify(venv/lib/python3.12/site-packages/setuptools/_distutils/command/__pycache__) by extensions ['ignore', 'ignore_ament_install']
[0.616s] Level 1:colcon.colcon_core.package_identification:_identify(venv/lib/python3.12/site-packages/setuptools/_distutils/command/__pycache__) by extension 'ignore'
[0.616s] Level 1:colcon.colcon_core.package_identification:_identify(venv/lib/python3.12/site-packages/setuptools/_distutils/command/__pycache__) by extension 'ignore_ament_install'
[0.616s] Level 1:colcon.colcon_core.package_identification:_identify(venv/lib/python3.12/site-packages/setuptools/_distutils/command/__pycache__) by extensions ['colcon_pkg']
[0.616s] Level 1:colcon.colcon_core.package_identification:_identify(venv/lib/python3.12/site-packages/setuptools/_distutils/command/__pycache__) by extension 'colcon_pkg'
[0.616s] Level 1:colcon.colcon_core.package_identification:_identify(venv/lib/python3.12/site-packages/setuptools/_distutils/command/__pycache__) by extensions ['colcon_meta']
[0.616s] Level 1:colcon.colcon_core.package_identification:_identify(venv/lib/python3.12/site-packages/setuptools/_distutils/command/__pycache__) by extension 'colcon_meta'
[0.616s] Level 1:colcon.colcon_core.package_identification:_identify(venv/lib/python3.12/site-packages/setuptools/_distutils/command/__pycache__) by extensions ['ros']
[0.616s] Level 1:colcon.colcon_core.package_identification:_identify(venv/lib/python3.12/site-packages/setuptools/_distutils/command/__pycache__) by extension 'ros'
[0.616s] Level 1:colcon.colcon_core.package_identification:_identify(venv/lib/python3.12/site-packages/setuptools/_distutils/command/__pycache__) by extensions ['cmake', 'python']
[0.616s] Level 1:colcon.colcon_core.package_identification:_identify(venv/lib/python3.12/site-packages/setuptools/_distutils/command/__pycache__) by extension 'cmake'
[0.617s] Level 1:colcon.colcon_core.package_identification:_identify(venv/lib/python3.12/site-packages/setuptools/_distutils/command/__pycache__) by extension 'python'
[0.617s] Level 1:colcon.colcon_core.package_identification:_identify(venv/lib/python3.12/site-packages/setuptools/_distutils/command/__pycache__) by extensions ['python_setup_py']
[0.617s] Level 1:colcon.colcon_core.package_identification:_identify(venv/lib/python3.12/site-packages/setuptools/_distutils/command/__pycache__) by extension 'python_setup_py'
[0.617s] Level 1:colcon.colcon_core.package_identification:_identify(venv/lib/python3.12/site-packages/setuptools/_distutils/compat) by extensions ['ignore', 'ignore_ament_install']
[0.617s] Level 1:colcon.colcon_core.package_identification:_identify(venv/lib/python3.12/site-packages/setuptools/_distutils/compat) by extension 'ignore'
[0.617s] Level 1:colcon.colcon_core.package_identification:_identify(venv/lib/python3.12/site-packages/setuptools/_distutils/compat) by extension 'ignore_ament_install'
[0.617s] Level 1:colcon.colcon_core.package_identification:_identify(venv/lib/python3.12/site-packages/setuptools/_distutils/compat) by extensions ['colcon_pkg']
[0.617s] Level 1:colcon.colcon_core.package_identification:_identify(venv/lib/python3.12/site-packages/setuptools/_distutils/compat) by extension 'colcon_pkg'
[0.617s] Level 1:colcon.colcon_core.package_identification:_identify(venv/lib/python3.12/site-packages/setuptools/_distutils/compat) by extensions ['colcon_meta']
[0.617s] Level 1:colcon.colcon_core.package_identification:_identify(venv/lib/python3.12/site-packages/setuptools/_distutils/compat) by extension 'colcon_meta'
[0.617s] Level 1:colcon.colcon_core.package_identification:_identify(venv/lib/python3.12/site-packages/setuptools/_distutils/compat) by extensions ['ros']
[0.617s] Level 1:colcon.colcon_core.package_identification:_identify(venv/lib/python3.12/site-packages/setuptools/_distutils/compat) by extension 'ros'
[0.617s] Level 1:colcon.colcon_core.package_identification:_identify(venv/lib/python3.12/site-packages/setuptools/_distutils/compat) by extensions ['cmake', 'python']
[0.617s] Level 1:colcon.colcon_core.package_identification:_identify(venv/lib/python3.12/site-packages/setuptools/_distutils/compat) by extension 'cmake'
[0.617s] Level 1:colcon.colcon_core.package_identification:_identify(venv/lib/python3.12/site-packages/setuptools/_distutils/compat) by extension 'python'
[0.617s] Level 1:colcon.colcon_core.package_identification:_identify(venv/lib/python3.12/site-packages/setuptools/_distutils/compat) by extensions ['python_setup_py']
[0.617s] Level 1:colcon.colcon_core.package_identification:_identify(venv/lib/python3.12/site-packages/setuptools/_distutils/compat) by extension 'python_setup_py'
[0.618s] Level 1:colcon.colcon_core.package_identification:_identify(venv/lib/python3.12/site-packages/setuptools/_distutils/compat/__pycache__) by extensions ['ignore', 'ignore_ament_install']
[0.618s] Level 1:colcon.colcon_core.package_identification:_identify(venv/lib/python3.12/site-packages/setuptools/_distutils/compat/__pycache__) by extension 'ignore'
[0.618s] Level 1:colcon.colcon_core.package_identification:_identify(venv/lib/python3.12/site-packages/setuptools/_distutils/compat/__pycache__) by extension 'ignore_ament_install'
[0.618s] Level 1:colcon.colcon_core.package_identification:_identify(venv/lib/python3.12/site-packages/setuptools/_distutils/compat/__pycache__) by extensions ['colcon_pkg']
[0.618s] Level 1:colcon.colcon_core.package_identification:_identify(venv/lib/python3.12/site-packages/setuptools/_distutils/compat/__pycache__) by extension 'colcon_pkg'
[0.618s] Level 1:colcon.colcon_core.package_identification:_identify(venv/lib/python3.12/site-packages/setuptools/_distutils/compat/__pycache__) by extensions ['colcon_meta']
[0.618s] Level 1:colcon.colcon_core.package_identification:_identify(venv/lib/python3.12/site-packages/setuptools/_distutils/compat/__pycache__) by extension 'colcon_meta'
[0.618s] Level 1:colcon.colcon_core.package_identification:_identify(venv/lib/python3.12/site-packages/setuptools/_distutils/compat/__pycache__) by extensions ['ros']
[0.618s] Level 1:colcon.colcon_core.package_identification:_identify(venv/lib/python3.12/site-packages/setuptools/_distutils/compat/__pycache__) by extension 'ros'
[0.618s] Level 1:colcon.colcon_core.package_identification:_identify(venv/lib/python3.12/site-packages/setuptools/_distutils/compat/__pycache__) by extensions ['cmake', 'python']
[0.618s] Level 1:colcon.colcon_core.package_identification:_identify(venv/lib/python3.12/site-packages/setuptools/_distutils/compat/__pycache__) by extension 'cmake'
[0.618s] Level 1:colcon.colcon_core.package_identification:_identify(venv/lib/python3.12/site-packages/setuptools/_distutils/compat/__pycache__) by extension 'python'
[0.618s] Level 1:colcon.colcon_core.package_identification:_identify(venv/lib/python3.12/site-packages/setuptools/_distutils/compat/__pycache__) by extensions ['python_setup_py']
[0.618s] Level 1:colcon.colcon_core.package_identification:_identify(venv/lib/python3.12/site-packages/setuptools/_distutils/compat/__pycache__) by extension 'python_setup_py'
[0.618s] Level 1:colcon.colcon_core.package_identification:_identify(venv/lib/python3.12/site-packages/setuptools/_distutils/compilers) by extensions ['ignore', 'ignore_ament_install']
[0.618s] Level 1:colcon.colcon_core.package_identification:_identify(venv/lib/python3.12/site-packages/setuptools/_distutils/compilers) by extension 'ignore'
[0.619s] Level 1:colcon.colcon_core.package_identification:_identify(venv/lib/python3.12/site-packages/setuptools/_distutils/compilers) by extension 'ignore_ament_install'
[0.619s] Level 1:colcon.colcon_core.package_identification:_identify(venv/lib/python3.12/site-packages/setuptools/_distutils/compilers) by extensions ['colcon_pkg']
[0.619s] Level 1:colcon.colcon_core.package_identification:_identify(venv/lib/python3.12/site-packages/setuptools/_distutils/compilers) by extension 'colcon_pkg'
[0.619s] Level 1:colcon.colcon_core.package_identification:_identify(venv/lib/python3.12/site-packages/setuptools/_distutils/compilers) by extensions ['colcon_meta']
[0.619s] Level 1:colcon.colcon_core.package_identification:_identify(venv/lib/python3.12/site-packages/setuptools/_distutils/compilers) by extension 'colcon_meta'
[0.619s] Level 1:colcon.colcon_core.package_identification:_identify(venv/lib/python3.12/site-packages/setuptools/_distutils/compilers) by extensions ['ros']
[0.619s] Level 1:colcon.colcon_core.package_identification:_identify(venv/lib/python3.12/site-packages/setuptools/_distutils/compilers) by extension 'ros'
[0.619s] Level 1:colcon.colcon_core.package_identification:_identify(venv/lib/python3.12/site-packages/setuptools/_distutils/compilers) by extensions ['cmake', 'python']
[0.619s] Level 1:colcon.colcon_core.package_identification:_identify(venv/lib/python3.12/site-packages/setuptools/_distutils/compilers) by extension 'cmake'
[0.619s] Level 1:colcon.colcon_core.package_identification:_identify(venv/lib/python3.12/site-packages/setuptools/_distutils/compilers) by extension 'python'
[0.619s] Level 1:colcon.colcon_core.package_identification:_identify(venv/lib/python3.12/site-packages/setuptools/_distutils/compilers) by extensions ['python_setup_py']
[0.619s] Level 1:colcon.colcon_core.package_identification:_identify(venv/lib/python3.12/site-packages/setuptools/_distutils/compilers) by extension 'python_setup_py'
[0.619s] Level 1:colcon.colcon_core.package_identification:_identify(venv/lib/python3.12/site-packages/setuptools/_distutils/compilers/C) by extensions ['ignore', 'ignore_ament_install']
[0.619s] Level 1:colcon.colcon_core.package_identification:_identify(venv/lib/python3.12/site-packages/setuptools/_distutils/compilers/C) by extension 'ignore'
[0.619s] Level 1:colcon.colcon_core.package_identification:_identify(venv/lib/python3.12/site-packages/setuptools/_distutils/compilers/C) by extension 'ignore_ament_install'
[0.619s] Level 1:colcon.colcon_core.package_identification:_identify(venv/lib/python3.12/site-packages/setuptools/_distutils/compilers/C) by extensions ['colcon_pkg']
[0.620s] Level 1:colcon.colcon_core.package_identification:_identify(venv/lib/python3.12/site-packages/setuptools/_distutils/compilers/C) by extension 'colcon_pkg'
[0.620s] Level 1:colcon.colcon_core.package_identification:_identify(venv/lib/python3.12/site-packages/setuptools/_distutils/compilers/C) by extensions ['colcon_meta']
[0.620s] Level 1:colcon.colcon_core.package_identification:_identify(venv/lib/python3.12/site-packages/setuptools/_distutils/compilers/C) by extension 'colcon_meta'
[0.620s] Level 1:colcon.colcon_core.package_identification:_identify(venv/lib/python3.12/site-packages/setuptools/_distutils/compilers/C) by extensions ['ros']
[0.620s] Level 1:colcon.colcon_core.package_identification:_identify(venv/lib/python3.12/site-packages/setuptools/_distutils/compilers/C) by extension 'ros'
[0.620s] Level 1:colcon.colcon_core.package_identification:_identify(venv/lib/python3.12/site-packages/setuptools/_distutils/compilers/C) by extensions ['cmake', 'python']
[0.620s] Level 1:colcon.colcon_core.package_identification:_identify(venv/lib/python3.12/site-packages/setuptools/_distutils/compilers/C) by extension 'cmake'
[0.620s] Level 1:colcon.colcon_core.package_identification:_identify(venv/lib/python3.12/site-packages/setuptools/_distutils/compilers/C) by extension 'python'
[0.620s] Level 1:colcon.colcon_core.package_identification:_identify(venv/lib/python3.12/site-packages/setuptools/_distutils/compilers/C) by extensions ['python_setup_py']
[0.620s] Level 1:colcon.colcon_core.package_identification:_identify(venv/lib/python3.12/site-packages/setuptools/_distutils/compilers/C) by extension 'python_setup_py'
[0.620s] Level 1:colcon.colcon_core.package_identification:_identify(venv/lib/python3.12/site-packages/setuptools/_distutils/compilers/C/__pycache__) by extensions ['ignore', 'ignore_ament_install']
[0.620s] Level 1:colcon.colcon_core.package_identification:_identify(venv/lib/python3.12/site-packages/setuptools/_distutils/compilers/C/__pycache__) by extension 'ignore'
[0.620s] Level 1:colcon.colcon_core.package_identification:_identify(venv/lib/python3.12/site-packages/setuptools/_distutils/compilers/C/__pycache__) by extension 'ignore_ament_install'
[0.620s] Level 1:colcon.colcon_core.package_identification:_identify(venv/lib/python3.12/site-packages/setuptools/_distutils/compilers/C/__pycache__) by extensions ['colcon_pkg']
[0.620s] Level 1:colcon.colcon_core.package_identification:_identify(venv/lib/python3.12/site-packages/setuptools/_distutils/compilers/C/__pycache__) by extension 'colcon_pkg'
[0.620s] Level 1:colcon.colcon_core.package_identification:_identify(venv/lib/python3.12/site-packages/setuptools/_distutils/compilers/C/__pycache__) by extensions ['colcon_meta']
[0.620s] Level 1:colcon.colcon_core.package_identification:_identify(venv/lib/python3.12/site-packages/setuptools/_distutils/compilers/C/__pycache__) by extension 'colcon_meta'
[0.621s] Level 1:colcon.colcon_core.package_identification:_identify(venv/lib/python3.12/site-packages/setuptools/_distutils/compilers/C/__pycache__) by extensions ['ros']
[0.621s] Level 1:colcon.colcon_core.package_identification:_identify(venv/lib/python3.12/site-packages/setuptools/_distutils/compilers/C/__pycache__) by extension 'ros'
[0.621s] Level 1:colcon.colcon_core.package_identification:_identify(venv/lib/python3.12/site-packages/setuptools/_distutils/compilers/C/__pycache__) by extensions ['cmake', 'python']
[0.621s] Level 1:colcon.colcon_core.package_identification:_identify(venv/lib/python3.12/site-packages/setuptools/_distutils/compilers/C/__pycache__) by extension 'cmake'
[0.621s] Level 1:colcon.colcon_core.package_identification:_identify(venv/lib/python3.12/site-packages/setuptools/_distutils/compilers/C/__pycache__) by extension 'python'
[0.621s] Level 1:colcon.colcon_core.package_identification:_identify(venv/lib/python3.12/site-packages/setuptools/_distutils/compilers/C/__pycache__) by extensions ['python_setup_py']
[0.621s] Level 1:colcon.colcon_core.package_identification:_identify(venv/lib/python3.12/site-packages/setuptools/_distutils/compilers/C/__pycache__) by extension 'python_setup_py'
[0.621s] Level 1:colcon.colcon_core.package_identification:_identify(venv/lib/python3.12/site-packages/setuptools/_distutils/compilers/C/tests) by extensions ['ignore', 'ignore_ament_install']
[0.621s] Level 1:colcon.colcon_core.package_identification:_identify(venv/lib/python3.12/site-packages/setuptools/_distutils/compilers/C/tests) by extension 'ignore'
[0.621s] Level 1:colcon.colcon_core.package_identification:_identify(venv/lib/python3.12/site-packages/setuptools/_distutils/compilers/C/tests) by extension 'ignore_ament_install'
[0.621s] Level 1:colcon.colcon_core.package_identification:_identify(venv/lib/python3.12/site-packages/setuptools/_distutils/compilers/C/tests) by extensions ['colcon_pkg']
[0.621s] Level 1:colcon.colcon_core.package_identification:_identify(venv/lib/python3.12/site-packages/setuptools/_distutils/compilers/C/tests) by extension 'colcon_pkg'
[0.621s] Level 1:colcon.colcon_core.package_identification:_identify(venv/lib/python3.12/site-packages/setuptools/_distutils/compilers/C/tests) by extensions ['colcon_meta']
[0.621s] Level 1:colcon.colcon_core.package_identification:_identify(venv/lib/python3.12/site-packages/setuptools/_distutils/compilers/C/tests) by extension 'colcon_meta'
[0.621s] Level 1:colcon.colcon_core.package_identification:_identify(venv/lib/python3.12/site-packages/setuptools/_distutils/compilers/C/tests) by extensions ['ros']
[0.621s] Level 1:colcon.colcon_core.package_identification:_identify(venv/lib/python3.12/site-packages/setuptools/_distutils/compilers/C/tests) by extension 'ros'
[0.622s] Level 1:colcon.colcon_core.package_identification:_identify(venv/lib/python3.12/site-packages/setuptools/_distutils/compilers/C/tests) by extensions ['cmake', 'python']
[0.622s] Level 1:colcon.colcon_core.package_identification:_identify(venv/lib/python3.12/site-packages/setuptools/_distutils/compilers/C/tests) by extension 'cmake'
[0.622s] Level 1:colcon.colcon_core.package_identification:_identify(venv/lib/python3.12/site-packages/setuptools/_distutils/compilers/C/tests) by extension 'python'
[0.622s] Level 1:colcon.colcon_core.package_identification:_identify(venv/lib/python3.12/site-packages/setuptools/_distutils/compilers/C/tests) by extensions ['python_setup_py']
[0.622s] Level 1:colcon.colcon_core.package_identification:_identify(venv/lib/python3.12/site-packages/setuptools/_distutils/compilers/C/tests) by extension 'python_setup_py'
[0.622s] Level 1:colcon.colcon_core.package_identification:_identify(venv/lib/python3.12/site-packages/setuptools/_distutils/compilers/C/tests/__pycache__) by extensions ['ignore', 'ignore_ament_install']
[0.622s] Level 1:colcon.colcon_core.package_identification:_identify(venv/lib/python3.12/site-packages/setuptools/_distutils/compilers/C/tests/__pycache__) by extension 'ignore'
[0.622s] Level 1:colcon.colcon_core.package_identification:_identify(venv/lib/python3.12/site-packages/setuptools/_distutils/compilers/C/tests/__pycache__) by extension 'ignore_ament_install'
[0.622s] Level 1:colcon.colcon_core.package_identification:_identify(venv/lib/python3.12/site-packages/setuptools/_distutils/compilers/C/tests/__pycache__) by extensions ['colcon_pkg']
[0.622s] Level 1:colcon.colcon_core.package_identification:_identify(venv/lib/python3.12/site-packages/setuptools/_distutils/compilers/C/tests/__pycache__) by extension 'colcon_pkg'
[0.622s] Level 1:colcon.colcon_core.package_identification:_identify(venv/lib/python3.12/site-packages/setuptools/_distutils/compilers/C/tests/__pycache__) by extensions ['colcon_meta']
[0.622s] Level 1:colcon.colcon_core.package_identification:_identify(venv/lib/python3.12/site-packages/setuptools/_distutils/compilers/C/tests/__pycache__) by extension 'colcon_meta'
[0.622s] Level 1:colcon.colcon_core.package_identification:_identify(venv/lib/python3.12/site-packages/setuptools/_distutils/compilers/C/tests/__pycache__) by extensions ['ros']
[0.622s] Level 1:colcon.colcon_core.package_identification:_identify(venv/lib/python3.12/site-packages/setuptools/_distutils/compilers/C/tests/__pycache__) by extension 'ros'
[0.622s] Level 1:colcon.colcon_core.package_identification:_identify(venv/lib/python3.12/site-packages/setuptools/_distutils/compilers/C/tests/__pycache__) by extensions ['cmake', 'python']
[0.623s] Level 1:colcon.colcon_core.package_identification:_identify(venv/lib/python3.12/site-packages/setuptools/_distutils/compilers/C/tests/__pycache__) by extension 'cmake'
[0.623s] Level 1:colcon.colcon_core.package_identification:_identify(venv/lib/python3.12/site-packages/setuptools/_distutils/compilers/C/tests/__pycache__) by extension 'python'
[0.623s] Level 1:colcon.colcon_core.package_identification:_identify(venv/lib/python3.12/site-packages/setuptools/_distutils/compilers/C/tests/__pycache__) by extensions ['python_setup_py']
[0.623s] Level 1:colcon.colcon_core.package_identification:_identify(venv/lib/python3.12/site-packages/setuptools/_distutils/compilers/C/tests/__pycache__) by extension 'python_setup_py'
[0.623s] Level 1:colcon.colcon_core.package_identification:_identify(venv/lib/python3.12/site-packages/setuptools/_distutils/tests) by extensions ['ignore', 'ignore_ament_install']
[0.623s] Level 1:colcon.colcon_core.package_identification:_identify(venv/lib/python3.12/site-packages/setuptools/_distutils/tests) by extension 'ignore'
[0.623s] Level 1:colcon.colcon_core.package_identification:_identify(venv/lib/python3.12/site-packages/setuptools/_distutils/tests) by extension 'ignore_ament_install'
[0.623s] Level 1:colcon.colcon_core.package_identification:_identify(venv/lib/python3.12/site-packages/setuptools/_distutils/tests) by extensions ['colcon_pkg']
[0.623s] Level 1:colcon.colcon_core.package_identification:_identify(venv/lib/python3.12/site-packages/setuptools/_distutils/tests) by extension 'colcon_pkg'
[0.623s] Level 1:colcon.colcon_core.package_identification:_identify(venv/lib/python3.12/site-packages/setuptools/_distutils/tests) by extensions ['colcon_meta']
[0.623s] Level 1:colcon.colcon_core.package_identification:_identify(venv/lib/python3.12/site-packages/setuptools/_distutils/tests) by extension 'colcon_meta'
[0.623s] Level 1:colcon.colcon_core.package_identification:_identify(venv/lib/python3.12/site-packages/setuptools/_distutils/tests) by extensions ['ros']
[0.623s] Level 1:colcon.colcon_core.package_identification:_identify(venv/lib/python3.12/site-packages/setuptools/_distutils/tests) by extension 'ros'
[0.623s] Level 1:colcon.colcon_core.package_identification:_identify(venv/lib/python3.12/site-packages/setuptools/_distutils/tests) by extensions ['cmake', 'python']
[0.623s] Level 1:colcon.colcon_core.package_identification:_identify(venv/lib/python3.12/site-packages/setuptools/_distutils/tests) by extension 'cmake'
[0.623s] Level 1:colcon.colcon_core.package_identification:_identify(venv/lib/python3.12/site-packages/setuptools/_distutils/tests) by extension 'python'
[0.623s] Level 1:colcon.colcon_core.package_identification:_identify(venv/lib/python3.12/site-packages/setuptools/_distutils/tests) by extensions ['python_setup_py']
[0.624s] Level 1:colcon.colcon_core.package_identification:_identify(venv/lib/python3.12/site-packages/setuptools/_distutils/tests) by extension 'python_setup_py'
[0.624s] Level 1:colcon.colcon_core.package_identification:_identify(venv/lib/python3.12/site-packages/setuptools/_distutils/tests/__pycache__) by extensions ['ignore', 'ignore_ament_install']
[0.624s] Level 1:colcon.colcon_core.package_identification:_identify(venv/lib/python3.12/site-packages/setuptools/_distutils/tests/__pycache__) by extension 'ignore'
[0.624s] Level 1:colcon.colcon_core.package_identification:_identify(venv/lib/python3.12/site-packages/setuptools/_distutils/tests/__pycache__) by extension 'ignore_ament_install'
[0.624s] Level 1:colcon.colcon_core.package_identification:_identify(venv/lib/python3.12/site-packages/setuptools/_distutils/tests/__pycache__) by extensions ['colcon_pkg']
[0.624s] Level 1:colcon.colcon_core.package_identification:_identify(venv/lib/python3.12/site-packages/setuptools/_distutils/tests/__pycache__) by extension 'colcon_pkg'
[0.624s] Level 1:colcon.colcon_core.package_identification:_identify(venv/lib/python3.12/site-packages/setuptools/_distutils/tests/__pycache__) by extensions ['colcon_meta']
[0.624s] Level 1:colcon.colcon_core.package_identification:_identify(venv/lib/python3.12/site-packages/setuptools/_distutils/tests/__pycache__) by extension 'colcon_meta'
[0.624s] Level 1:colcon.colcon_core.package_identification:_identify(venv/lib/python3.12/site-packages/setuptools/_distutils/tests/__pycache__) by extensions ['ros']
[0.624s] Level 1:colcon.colcon_core.package_identification:_identify(venv/lib/python3.12/site-packages/setuptools/_distutils/tests/__pycache__) by extension 'ros'
[0.624s] Level 1:colcon.colcon_core.package_identification:_identify(venv/lib/python3.12/site-packages/setuptools/_distutils/tests/__pycache__) by extensions ['cmake', 'python']
[0.624s] Level 1:colcon.colcon_core.package_identification:_identify(venv/lib/python3.12/site-packages/setuptools/_distutils/tests/__pycache__) by extension 'cmake'
[0.624s] Level 1:colcon.colcon_core.package_identification:_identify(venv/lib/python3.12/site-packages/setuptools/_distutils/tests/__pycache__) by extension 'python'
[0.624s] Level 1:colcon.colcon_core.package_identification:_identify(venv/lib/python3.12/site-packages/setuptools/_distutils/tests/__pycache__) by extensions ['python_setup_py']
[0.624s] Level 1:colcon.colcon_core.package_identification:_identify(venv/lib/python3.12/site-packages/setuptools/_distutils/tests/__pycache__) by extension 'python_setup_py'
[0.625s] Level 1:colcon.colcon_core.package_identification:_identify(venv/lib/python3.12/site-packages/setuptools/_distutils/tests/compat) by extensions ['ignore', 'ignore_ament_install']
[0.625s] Level 1:colcon.colcon_core.package_identification:_identify(venv/lib/python3.12/site-packages/setuptools/_distutils/tests/compat) by extension 'ignore'
[0.625s] Level 1:colcon.colcon_core.package_identification:_identify(venv/lib/python3.12/site-packages/setuptools/_distutils/tests/compat) by extension 'ignore_ament_install'
[0.625s] Level 1:colcon.colcon_core.package_identification:_identify(venv/lib/python3.12/site-packages/setuptools/_distutils/tests/compat) by extensions ['colcon_pkg']
[0.625s] Level 1:colcon.colcon_core.package_identification:_identify(venv/lib/python3.12/site-packages/setuptools/_distutils/tests/compat) by extension 'colcon_pkg'
[0.625s] Level 1:colcon.colcon_core.package_identification:_identify(venv/lib/python3.12/site-packages/setuptools/_distutils/tests/compat) by extensions ['colcon_meta']
[0.625s] Level 1:colcon.colcon_core.package_identification:_identify(venv/lib/python3.12/site-packages/setuptools/_distutils/tests/compat) by extension 'colcon_meta'
[0.625s] Level 1:colcon.colcon_core.package_identification:_identify(venv/lib/python3.12/site-packages/setuptools/_distutils/tests/compat) by extensions ['ros']
[0.625s] Level 1:colcon.colcon_core.package_identification:_identify(venv/lib/python3.12/site-packages/setuptools/_distutils/tests/compat) by extension 'ros'
[0.625s] Level 1:colcon.colcon_core.package_identification:_identify(venv/lib/python3.12/site-packages/setuptools/_distutils/tests/compat) by extensions ['cmake', 'python']
[0.625s] Level 1:colcon.colcon_core.package_identification:_identify(venv/lib/python3.12/site-packages/setuptools/_distutils/tests/compat) by extension 'cmake'
[0.625s] Level 1:colcon.colcon_core.package_identification:_identify(venv/lib/python3.12/site-packages/setuptools/_distutils/tests/compat) by extension 'python'
[0.625s] Level 1:colcon.colcon_core.package_identification:_identify(venv/lib/python3.12/site-packages/setuptools/_distutils/tests/compat) by extensions ['python_setup_py']
[0.625s] Level 1:colcon.colcon_core.package_identification:_identify(venv/lib/python3.12/site-packages/setuptools/_distutils/tests/compat) by extension 'python_setup_py'
[0.625s] Level 1:colcon.colcon_core.package_identification:_identify(venv/lib/python3.12/site-packages/setuptools/_distutils/tests/compat/__pycache__) by extensions ['ignore', 'ignore_ament_install']
[0.625s] Level 1:colcon.colcon_core.package_identification:_identify(venv/lib/python3.12/site-packages/setuptools/_distutils/tests/compat/__pycache__) by extension 'ignore'
[0.626s] Level 1:colcon.colcon_core.package_identification:_identify(venv/lib/python3.12/site-packages/setuptools/_distutils/tests/compat/__pycache__) by extension 'ignore_ament_install'
[0.626s] Level 1:colcon.colcon_core.package_identification:_identify(venv/lib/python3.12/site-packages/setuptools/_distutils/tests/compat/__pycache__) by extensions ['colcon_pkg']
[0.626s] Level 1:colcon.colcon_core.package_identification:_identify(venv/lib/python3.12/site-packages/setuptools/_distutils/tests/compat/__pycache__) by extension 'colcon_pkg'
[0.626s] Level 1:colcon.colcon_core.package_identification:_identify(venv/lib/python3.12/site-packages/setuptools/_distutils/tests/compat/__pycache__) by extensions ['colcon_meta']
[0.626s] Level 1:colcon.colcon_core.package_identification:_identify(venv/lib/python3.12/site-packages/setuptools/_distutils/tests/compat/__pycache__) by extension 'colcon_meta'
[0.626s] Level 1:colcon.colcon_core.package_identification:_identify(venv/lib/python3.12/site-packages/setuptools/_distutils/tests/compat/__pycache__) by extensions ['ros']
[0.626s] Level 1:colcon.colcon_core.package_identification:_identify(venv/lib/python3.12/site-packages/setuptools/_distutils/tests/compat/__pycache__) by extension 'ros'
[0.626s] Level 1:colcon.colcon_core.package_identification:_identify(venv/lib/python3.12/site-packages/setuptools/_distutils/tests/compat/__pycache__) by extensions ['cmake', 'python']
[0.626s] Level 1:colcon.colcon_core.package_identification:_identify(venv/lib/python3.12/site-packages/setuptools/_distutils/tests/compat/__pycache__) by extension 'cmake'
[0.626s] Level 1:colcon.colcon_core.package_identification:_identify(venv/lib/python3.12/site-packages/setuptools/_distutils/tests/compat/__pycache__) by extension 'python'
[0.626s] Level 1:colcon.colcon_core.package_identification:_identify(venv/lib/python3.12/site-packages/setuptools/_distutils/tests/compat/__pycache__) by extensions ['python_setup_py']
[0.626s] Level 1:colcon.colcon_core.package_identification:_identify(venv/lib/python3.12/site-packages/setuptools/_distutils/tests/compat/__pycache__) by extension 'python_setup_py'
[0.626s] Level 1:colcon.colcon_core.package_identification:_identify(venv/lib/python3.12/site-packages/setuptools/_vendor) by extensions ['ignore', 'ignore_ament_install']
[0.626s] Level 1:colcon.colcon_core.package_identification:_identify(venv/lib/python3.12/site-packages/setuptools/_vendor) by extension 'ignore'
[0.626s] Level 1:colcon.colcon_core.package_identification:_identify(venv/lib/python3.12/site-packages/setuptools/_vendor) by extension 'ignore_ament_install'
[0.626s] Level 1:colcon.colcon_core.package_identification:_identify(venv/lib/python3.12/site-packages/setuptools/_vendor) by extensions ['colcon_pkg']
[0.627s] Level 1:colcon.colcon_core.package_identification:_identify(venv/lib/python3.12/site-packages/setuptools/_vendor) by extension 'colcon_pkg'
[0.627s] Level 1:colcon.colcon_core.package_identification:_identify(venv/lib/python3.12/site-packages/setuptools/_vendor) by extensions ['colcon_meta']
[0.627s] Level 1:colcon.colcon_core.package_identification:_identify(venv/lib/python3.12/site-packages/setuptools/_vendor) by extension 'colcon_meta'
[0.627s] Level 1:colcon.colcon_core.package_identification:_identify(venv/lib/python3.12/site-packages/setuptools/_vendor) by extensions ['ros']
[0.627s] Level 1:colcon.colcon_core.package_identification:_identify(venv/lib/python3.12/site-packages/setuptools/_vendor) by extension 'ros'
[0.627s] Level 1:colcon.colcon_core.package_identification:_identify(venv/lib/python3.12/site-packages/setuptools/_vendor) by extensions ['cmake', 'python']
[0.627s] Level 1:colcon.colcon_core.package_identification:_identify(venv/lib/python3.12/site-packages/setuptools/_vendor) by extension 'cmake'
[0.627s] Level 1:colcon.colcon_core.package_identification:_identify(venv/lib/python3.12/site-packages/setuptools/_vendor) by extension 'python'
[0.627s] Level 1:colcon.colcon_core.package_identification:_identify(venv/lib/python3.12/site-packages/setuptools/_vendor) by extensions ['python_setup_py']
[0.627s] Level 1:colcon.colcon_core.package_identification:_identify(venv/lib/python3.12/site-packages/setuptools/_vendor) by extension 'python_setup_py'
[0.627s] Level 1:colcon.colcon_core.package_identification:_identify(venv/lib/python3.12/site-packages/setuptools/_vendor/autocommand) by extensions ['ignore', 'ignore_ament_install']
[0.627s] Level 1:colcon.colcon_core.package_identification:_identify(venv/lib/python3.12/site-packages/setuptools/_vendor/autocommand) by extension 'ignore'
[0.627s] Level 1:colcon.colcon_core.package_identification:_identify(venv/lib/python3.12/site-packages/setuptools/_vendor/autocommand) by extension 'ignore_ament_install'
[0.627s] Level 1:colcon.colcon_core.package_identification:_identify(venv/lib/python3.12/site-packages/setuptools/_vendor/autocommand) by extensions ['colcon_pkg']
[0.627s] Level 1:colcon.colcon_core.package_identification:_identify(venv/lib/python3.12/site-packages/setuptools/_vendor/autocommand) by extension 'colcon_pkg'
[0.627s] Level 1:colcon.colcon_core.package_identification:_identify(venv/lib/python3.12/site-packages/setuptools/_vendor/autocommand) by extensions ['colcon_meta']
[0.627s] Level 1:colcon.colcon_core.package_identification:_identify(venv/lib/python3.12/site-packages/setuptools/_vendor/autocommand) by extension 'colcon_meta'
[0.628s] Level 1:colcon.colcon_core.package_identification:_identify(venv/lib/python3.12/site-packages/setuptools/_vendor/autocommand) by extensions ['ros']
[0.628s] Level 1:colcon.colcon_core.package_identification:_identify(venv/lib/python3.12/site-packages/setuptools/_vendor/autocommand) by extension 'ros'
[0.628s] Level 1:colcon.colcon_core.package_identification:_identify(venv/lib/python3.12/site-packages/setuptools/_vendor/autocommand) by extensions ['cmake', 'python']
[0.628s] Level 1:colcon.colcon_core.package_identification:_identify(venv/lib/python3.12/site-packages/setuptools/_vendor/autocommand) by extension 'cmake'
[0.628s] Level 1:colcon.colcon_core.package_identification:_identify(venv/lib/python3.12/site-packages/setuptools/_vendor/autocommand) by extension 'python'
[0.628s] Level 1:colcon.colcon_core.package_identification:_identify(venv/lib/python3.12/site-packages/setuptools/_vendor/autocommand) by extensions ['python_setup_py']
[0.628s] Level 1:colcon.colcon_core.package_identification:_identify(venv/lib/python3.12/site-packages/setuptools/_vendor/autocommand) by extension 'python_setup_py'
[0.628s] Level 1:colcon.colcon_core.package_identification:_identify(venv/lib/python3.12/site-packages/setuptools/_vendor/autocommand/__pycache__) by extensions ['ignore', 'ignore_ament_install']
[0.628s] Level 1:colcon.colcon_core.package_identification:_identify(venv/lib/python3.12/site-packages/setuptools/_vendor/autocommand/__pycache__) by extension 'ignore'
[0.628s] Level 1:colcon.colcon_core.package_identification:_identify(venv/lib/python3.12/site-packages/setuptools/_vendor/autocommand/__pycache__) by extension 'ignore_ament_install'
[0.628s] Level 1:colcon.colcon_core.package_identification:_identify(venv/lib/python3.12/site-packages/setuptools/_vendor/autocommand/__pycache__) by extensions ['colcon_pkg']
[0.628s] Level 1:colcon.colcon_core.package_identification:_identify(venv/lib/python3.12/site-packages/setuptools/_vendor/autocommand/__pycache__) by extension 'colcon_pkg'
[0.628s] Level 1:colcon.colcon_core.package_identification:_identify(venv/lib/python3.12/site-packages/setuptools/_vendor/autocommand/__pycache__) by extensions ['colcon_meta']
[0.628s] Level 1:colcon.colcon_core.package_identification:_identify(venv/lib/python3.12/site-packages/setuptools/_vendor/autocommand/__pycache__) by extension 'colcon_meta'
[0.628s] Level 1:colcon.colcon_core.package_identification:_identify(venv/lib/python3.12/site-packages/setuptools/_vendor/autocommand/__pycache__) by extensions ['ros']
[0.628s] Level 1:colcon.colcon_core.package_identification:_identify(venv/lib/python3.12/site-packages/setuptools/_vendor/autocommand/__pycache__) by extension 'ros'
[0.629s] Level 1:colcon.colcon_core.package_identification:_identify(venv/lib/python3.12/site-packages/setuptools/_vendor/autocommand/__pycache__) by extensions ['cmake', 'python']
[0.629s] Level 1:colcon.colcon_core.package_identification:_identify(venv/lib/python3.12/site-packages/setuptools/_vendor/autocommand/__pycache__) by extension 'cmake'
[0.629s] Level 1:colcon.colcon_core.package_identification:_identify(venv/lib/python3.12/site-packages/setuptools/_vendor/autocommand/__pycache__) by extension 'python'
[0.629s] Level 1:colcon.colcon_core.package_identification:_identify(venv/lib/python3.12/site-packages/setuptools/_vendor/autocommand/__pycache__) by extensions ['python_setup_py']
[0.629s] Level 1:colcon.colcon_core.package_identification:_identify(venv/lib/python3.12/site-packages/setuptools/_vendor/autocommand/__pycache__) by extension 'python_setup_py'
[0.629s] Level 1:colcon.colcon_core.package_identification:_identify(venv/lib/python3.12/site-packages/setuptools/_vendor/autocommand-2.2.2.dist-info) by extensions ['ignore', 'ignore_ament_install']
[0.629s] Level 1:colcon.colcon_core.package_identification:_identify(venv/lib/python3.12/site-packages/setuptools/_vendor/autocommand-2.2.2.dist-info) by extension 'ignore'
[0.629s] Level 1:colcon.colcon_core.package_identification:_identify(venv/lib/python3.12/site-packages/setuptools/_vendor/autocommand-2.2.2.dist-info) by extension 'ignore_ament_install'
[0.629s] Level 1:colcon.colcon_core.package_identification:_identify(venv/lib/python3.12/site-packages/setuptools/_vendor/autocommand-2.2.2.dist-info) by extensions ['colcon_pkg']
[0.629s] Level 1:colcon.colcon_core.package_identification:_identify(venv/lib/python3.12/site-packages/setuptools/_vendor/autocommand-2.2.2.dist-info) by extension 'colcon_pkg'
[0.629s] Level 1:colcon.colcon_core.package_identification:_identify(venv/lib/python3.12/site-packages/setuptools/_vendor/autocommand-2.2.2.dist-info) by extensions ['colcon_meta']
[0.629s] Level 1:colcon.colcon_core.package_identification:_identify(venv/lib/python3.12/site-packages/setuptools/_vendor/autocommand-2.2.2.dist-info) by extension 'colcon_meta'
[0.629s] Level 1:colcon.colcon_core.package_identification:_identify(venv/lib/python3.12/site-packages/setuptools/_vendor/autocommand-2.2.2.dist-info) by extensions ['ros']
[0.629s] Level 1:colcon.colcon_core.package_identification:_identify(venv/lib/python3.12/site-packages/setuptools/_vendor/autocommand-2.2.2.dist-info) by extension 'ros'
[0.629s] Level 1:colcon.colcon_core.package_identification:_identify(venv/lib/python3.12/site-packages/setuptools/_vendor/autocommand-2.2.2.dist-info) by extensions ['cmake', 'python']
[0.629s] Level 1:colcon.colcon_core.package_identification:_identify(venv/lib/python3.12/site-packages/setuptools/_vendor/autocommand-2.2.2.dist-info) by extension 'cmake'
[0.629s] Level 1:colcon.colcon_core.package_identification:_identify(venv/lib/python3.12/site-packages/setuptools/_vendor/autocommand-2.2.2.dist-info) by extension 'python'
[0.629s] Level 1:colcon.colcon_core.package_identification:_identify(venv/lib/python3.12/site-packages/setuptools/_vendor/autocommand-2.2.2.dist-info) by extensions ['python_setup_py']
[0.630s] Level 1:colcon.colcon_core.package_identification:_identify(venv/lib/python3.12/site-packages/setuptools/_vendor/autocommand-2.2.2.dist-info) by extension 'python_setup_py'
[0.630s] Level 1:colcon.colcon_core.package_identification:_identify(venv/lib/python3.12/site-packages/setuptools/_vendor/backports) by extensions ['ignore', 'ignore_ament_install']
[0.630s] Level 1:colcon.colcon_core.package_identification:_identify(venv/lib/python3.12/site-packages/setuptools/_vendor/backports) by extension 'ignore'
[0.630s] Level 1:colcon.colcon_core.package_identification:_identify(venv/lib/python3.12/site-packages/setuptools/_vendor/backports) by extension 'ignore_ament_install'
[0.630s] Level 1:colcon.colcon_core.package_identification:_identify(venv/lib/python3.12/site-packages/setuptools/_vendor/backports) by extensions ['colcon_pkg']
[0.630s] Level 1:colcon.colcon_core.package_identification:_identify(venv/lib/python3.12/site-packages/setuptools/_vendor/backports) by extension 'colcon_pkg'
[0.630s] Level 1:colcon.colcon_core.package_identification:_identify(venv/lib/python3.12/site-packages/setuptools/_vendor/backports) by extensions ['colcon_meta']
[0.630s] Level 1:colcon.colcon_core.package_identification:_identify(venv/lib/python3.12/site-packages/setuptools/_vendor/backports) by extension 'colcon_meta'
[0.630s] Level 1:colcon.colcon_core.package_identification:_identify(venv/lib/python3.12/site-packages/setuptools/_vendor/backports) by extensions ['ros']
[0.630s] Level 1:colcon.colcon_core.package_identification:_identify(venv/lib/python3.12/site-packages/setuptools/_vendor/backports) by extension 'ros'
[0.630s] Level 1:colcon.colcon_core.package_identification:_identify(venv/lib/python3.12/site-packages/setuptools/_vendor/backports) by extensions ['cmake', 'python']
[0.630s] Level 1:colcon.colcon_core.package_identification:_identify(venv/lib/python3.12/site-packages/setuptools/_vendor/backports) by extension 'cmake'
[0.630s] Level 1:colcon.colcon_core.package_identification:_identify(venv/lib/python3.12/site-packages/setuptools/_vendor/backports) by extension 'python'
[0.630s] Level 1:colcon.colcon_core.package_identification:_identify(venv/lib/python3.12/site-packages/setuptools/_vendor/backports) by extensions ['python_setup_py']
[0.630s] Level 1:colcon.colcon_core.package_identification:_identify(venv/lib/python3.12/site-packages/setuptools/_vendor/backports) by extension 'python_setup_py'
[0.630s] Level 1:colcon.colcon_core.package_identification:_identify(venv/lib/python3.12/site-packages/setuptools/_vendor/backports/__pycache__) by extensions ['ignore', 'ignore_ament_install']
[0.631s] Level 1:colcon.colcon_core.package_identification:_identify(venv/lib/python3.12/site-packages/setuptools/_vendor/backports/__pycache__) by extension 'ignore'
[0.631s] Level 1:colcon.colcon_core.package_identification:_identify(venv/lib/python3.12/site-packages/setuptools/_vendor/backports/__pycache__) by extension 'ignore_ament_install'
[0.631s] Level 1:colcon.colcon_core.package_identification:_identify(venv/lib/python3.12/site-packages/setuptools/_vendor/backports/__pycache__) by extensions ['colcon_pkg']
[0.631s] Level 1:colcon.colcon_core.package_identification:_identify(venv/lib/python3.12/site-packages/setuptools/_vendor/backports/__pycache__) by extension 'colcon_pkg'
[0.631s] Level 1:colcon.colcon_core.package_identification:_identify(venv/lib/python3.12/site-packages/setuptools/_vendor/backports/__pycache__) by extensions ['colcon_meta']
[0.631s] Level 1:colcon.colcon_core.package_identification:_identify(venv/lib/python3.12/site-packages/setuptools/_vendor/backports/__pycache__) by extension 'colcon_meta'
[0.631s] Level 1:colcon.colcon_core.package_identification:_identify(venv/lib/python3.12/site-packages/setuptools/_vendor/backports/__pycache__) by extensions ['ros']
[0.631s] Level 1:colcon.colcon_core.package_identification:_identify(venv/lib/python3.12/site-packages/setuptools/_vendor/backports/__pycache__) by extension 'ros'
[0.631s] Level 1:colcon.colcon_core.package_identification:_identify(venv/lib/python3.12/site-packages/setuptools/_vendor/backports/__pycache__) by extensions ['cmake', 'python']
[0.631s] Level 1:colcon.colcon_core.package_identification:_identify(venv/lib/python3.12/site-packages/setuptools/_vendor/backports/__pycache__) by extension 'cmake'
[0.631s] Level 1:colcon.colcon_core.package_identification:_identify(venv/lib/python3.12/site-packages/setuptools/_vendor/backports/__pycache__) by extension 'python'
[0.631s] Level 1:colcon.colcon_core.package_identification:_identify(venv/lib/python3.12/site-packages/setuptools/_vendor/backports/__pycache__) by extensions ['python_setup_py']
[0.631s] Level 1:colcon.colcon_core.package_identification:_identify(venv/lib/python3.12/site-packages/setuptools/_vendor/backports/__pycache__) by extension 'python_setup_py'
[0.631s] Level 1:colcon.colcon_core.package_identification:_identify(venv/lib/python3.12/site-packages/setuptools/_vendor/backports/tarfile) by extensions ['ignore', 'ignore_ament_install']
[0.631s] Level 1:colcon.colcon_core.package_identification:_identify(venv/lib/python3.12/site-packages/setuptools/_vendor/backports/tarfile) by extension 'ignore'
[0.631s] Level 1:colcon.colcon_core.package_identification:_identify(venv/lib/python3.12/site-packages/setuptools/_vendor/backports/tarfile) by extension 'ignore_ament_install'
[0.632s] Level 1:colcon.colcon_core.package_identification:_identify(venv/lib/python3.12/site-packages/setuptools/_vendor/backports/tarfile) by extensions ['colcon_pkg']
[0.632s] Level 1:colcon.colcon_core.package_identification:_identify(venv/lib/python3.12/site-packages/setuptools/_vendor/backports/tarfile) by extension 'colcon_pkg'
[0.632s] Level 1:colcon.colcon_core.package_identification:_identify(venv/lib/python3.12/site-packages/setuptools/_vendor/backports/tarfile) by extensions ['colcon_meta']
[0.632s] Level 1:colcon.colcon_core.package_identification:_identify(venv/lib/python3.12/site-packages/setuptools/_vendor/backports/tarfile) by extension 'colcon_meta'
[0.632s] Level 1:colcon.colcon_core.package_identification:_identify(venv/lib/python3.12/site-packages/setuptools/_vendor/backports/tarfile) by extensions ['ros']
[0.632s] Level 1:colcon.colcon_core.package_identification:_identify(venv/lib/python3.12/site-packages/setuptools/_vendor/backports/tarfile) by extension 'ros'
[0.632s] Level 1:colcon.colcon_core.package_identification:_identify(venv/lib/python3.12/site-packages/setuptools/_vendor/backports/tarfile) by extensions ['cmake', 'python']
[0.632s] Level 1:colcon.colcon_core.package_identification:_identify(venv/lib/python3.12/site-packages/setuptools/_vendor/backports/tarfile) by extension 'cmake'
[0.632s] Level 1:colcon.colcon_core.package_identification:_identify(venv/lib/python3.12/site-packages/setuptools/_vendor/backports/tarfile) by extension 'python'
[0.632s] Level 1:colcon.colcon_core.package_identification:_identify(venv/lib/python3.12/site-packages/setuptools/_vendor/backports/tarfile) by extensions ['python_setup_py']
[0.632s] Level 1:colcon.colcon_core.package_identification:_identify(venv/lib/python3.12/site-packages/setuptools/_vendor/backports/tarfile) by extension 'python_setup_py'
[0.632s] Level 1:colcon.colcon_core.package_identification:_identify(venv/lib/python3.12/site-packages/setuptools/_vendor/backports/tarfile/__pycache__) by extensions ['ignore', 'ignore_ament_install']
[0.632s] Level 1:colcon.colcon_core.package_identification:_identify(venv/lib/python3.12/site-packages/setuptools/_vendor/backports/tarfile/__pycache__) by extension 'ignore'
[0.632s] Level 1:colcon.colcon_core.package_identification:_identify(venv/lib/python3.12/site-packages/setuptools/_vendor/backports/tarfile/__pycache__) by extension 'ignore_ament_install'
[0.632s] Level 1:colcon.colcon_core.package_identification:_identify(venv/lib/python3.12/site-packages/setuptools/_vendor/backports/tarfile/__pycache__) by extensions ['colcon_pkg']
[0.632s] Level 1:colcon.colcon_core.package_identification:_identify(venv/lib/python3.12/site-packages/setuptools/_vendor/backports/tarfile/__pycache__) by extension 'colcon_pkg'
[0.633s] Level 1:colcon.colcon_core.package_identification:_identify(venv/lib/python3.12/site-packages/setuptools/_vendor/backports/tarfile/__pycache__) by extensions ['colcon_meta']
[0.633s] Level 1:colcon.colcon_core.package_identification:_identify(venv/lib/python3.12/site-packages/setuptools/_vendor/backports/tarfile/__pycache__) by extension 'colcon_meta'
[0.633s] Level 1:colcon.colcon_core.package_identification:_identify(venv/lib/python3.12/site-packages/setuptools/_vendor/backports/tarfile/__pycache__) by extensions ['ros']
[0.633s] Level 1:colcon.colcon_core.package_identification:_identify(venv/lib/python3.12/site-packages/setuptools/_vendor/backports/tarfile/__pycache__) by extension 'ros'
[0.633s] Level 1:colcon.colcon_core.package_identification:_identify(venv/lib/python3.12/site-packages/setuptools/_vendor/backports/tarfile/__pycache__) by extensions ['cmake', 'python']
[0.633s] Level 1:colcon.colcon_core.package_identification:_identify(venv/lib/python3.12/site-packages/setuptools/_vendor/backports/tarfile/__pycache__) by extension 'cmake'
[0.633s] Level 1:colcon.colcon_core.package_identification:_identify(venv/lib/python3.12/site-packages/setuptools/_vendor/backports/tarfile/__pycache__) by extension 'python'
[0.633s] Level 1:colcon.colcon_core.package_identification:_identify(venv/lib/python3.12/site-packages/setuptools/_vendor/backports/tarfile/__pycache__) by extensions ['python_setup_py']
[0.633s] Level 1:colcon.colcon_core.package_identification:_identify(venv/lib/python3.12/site-packages/setuptools/_vendor/backports/tarfile/__pycache__) by extension 'python_setup_py'
[0.633s] Level 1:colcon.colcon_core.package_identification:_identify(venv/lib/python3.12/site-packages/setuptools/_vendor/backports/tarfile/compat) by extensions ['ignore', 'ignore_ament_install']
[0.633s] Level 1:colcon.colcon_core.package_identification:_identify(venv/lib/python3.12/site-packages/setuptools/_vendor/backports/tarfile/compat) by extension 'ignore'
[0.633s] Level 1:colcon.colcon_core.package_identification:_identify(venv/lib/python3.12/site-packages/setuptools/_vendor/backports/tarfile/compat) by extension 'ignore_ament_install'
[0.633s] Level 1:colcon.colcon_core.package_identification:_identify(venv/lib/python3.12/site-packages/setuptools/_vendor/backports/tarfile/compat) by extensions ['colcon_pkg']
[0.633s] Level 1:colcon.colcon_core.package_identification:_identify(venv/lib/python3.12/site-packages/setuptools/_vendor/backports/tarfile/compat) by extension 'colcon_pkg'
[0.633s] Level 1:colcon.colcon_core.package_identification:_identify(venv/lib/python3.12/site-packages/setuptools/_vendor/backports/tarfile/compat) by extensions ['colcon_meta']
[0.633s] Level 1:colcon.colcon_core.package_identification:_identify(venv/lib/python3.12/site-packages/setuptools/_vendor/backports/tarfile/compat) by extension 'colcon_meta'
[0.633s] Level 1:colcon.colcon_core.package_identification:_identify(venv/lib/python3.12/site-packages/setuptools/_vendor/backports/tarfile/compat) by extensions ['ros']
[0.634s] Level 1:colcon.colcon_core.package_identification:_identify(venv/lib/python3.12/site-packages/setuptools/_vendor/backports/tarfile/compat) by extension 'ros'
[0.634s] Level 1:colcon.colcon_core.package_identification:_identify(venv/lib/python3.12/site-packages/setuptools/_vendor/backports/tarfile/compat) by extensions ['cmake', 'python']
[0.634s] Level 1:colcon.colcon_core.package_identification:_identify(venv/lib/python3.12/site-packages/setuptools/_vendor/backports/tarfile/compat) by extension 'cmake'
[0.634s] Level 1:colcon.colcon_core.package_identification:_identify(venv/lib/python3.12/site-packages/setuptools/_vendor/backports/tarfile/compat) by extension 'python'
[0.634s] Level 1:colcon.colcon_core.package_identification:_identify(venv/lib/python3.12/site-packages/setuptools/_vendor/backports/tarfile/compat) by extensions ['python_setup_py']
[0.634s] Level 1:colcon.colcon_core.package_identification:_identify(venv/lib/python3.12/site-packages/setuptools/_vendor/backports/tarfile/compat) by extension 'python_setup_py'
[0.634s] Level 1:colcon.colcon_core.package_identification:_identify(venv/lib/python3.12/site-packages/setuptools/_vendor/backports/tarfile/compat/__pycache__) by extensions ['ignore', 'ignore_ament_install']
[0.634s] Level 1:colcon.colcon_core.package_identification:_identify(venv/lib/python3.12/site-packages/setuptools/_vendor/backports/tarfile/compat/__pycache__) by extension 'ignore'
[0.634s] Level 1:colcon.colcon_core.package_identification:_identify(venv/lib/python3.12/site-packages/setuptools/_vendor/backports/tarfile/compat/__pycache__) by extension 'ignore_ament_install'
[0.634s] Level 1:colcon.colcon_core.package_identification:_identify(venv/lib/python3.12/site-packages/setuptools/_vendor/backports/tarfile/compat/__pycache__) by extensions ['colcon_pkg']
[0.634s] Level 1:colcon.colcon_core.package_identification:_identify(venv/lib/python3.12/site-packages/setuptools/_vendor/backports/tarfile/compat/__pycache__) by extension 'colcon_pkg'
[0.634s] Level 1:colcon.colcon_core.package_identification:_identify(venv/lib/python3.12/site-packages/setuptools/_vendor/backports/tarfile/compat/__pycache__) by extensions ['colcon_meta']
[0.634s] Level 1:colcon.colcon_core.package_identification:_identify(venv/lib/python3.12/site-packages/setuptools/_vendor/backports/tarfile/compat/__pycache__) by extension 'colcon_meta'
[0.634s] Level 1:colcon.colcon_core.package_identification:_identify(venv/lib/python3.12/site-packages/setuptools/_vendor/backports/tarfile/compat/__pycache__) by extensions ['ros']
[0.634s] Level 1:colcon.colcon_core.package_identification:_identify(venv/lib/python3.12/site-packages/setuptools/_vendor/backports/tarfile/compat/__pycache__) by extension 'ros'
[0.635s] Level 1:colcon.colcon_core.package_identification:_identify(venv/lib/python3.12/site-packages/setuptools/_vendor/backports/tarfile/compat/__pycache__) by extensions ['cmake', 'python']
[0.635s] Level 1:colcon.colcon_core.package_identification:_identify(venv/lib/python3.12/site-packages/setuptools/_vendor/backports/tarfile/compat/__pycache__) by extension 'cmake'
[0.635s] Level 1:colcon.colcon_core.package_identification:_identify(venv/lib/python3.12/site-packages/setuptools/_vendor/backports/tarfile/compat/__pycache__) by extension 'python'
[0.635s] Level 1:colcon.colcon_core.package_identification:_identify(venv/lib/python3.12/site-packages/setuptools/_vendor/backports/tarfile/compat/__pycache__) by extensions ['python_setup_py']
[0.635s] Level 1:colcon.colcon_core.package_identification:_identify(venv/lib/python3.12/site-packages/setuptools/_vendor/backports/tarfile/compat/__pycache__) by extension 'python_setup_py'
[0.635s] Level 1:colcon.colcon_core.package_identification:_identify(venv/lib/python3.12/site-packages/setuptools/_vendor/backports.tarfile-1.2.0.dist-info) by extensions ['ignore', 'ignore_ament_install']
[0.635s] Level 1:colcon.colcon_core.package_identification:_identify(venv/lib/python3.12/site-packages/setuptools/_vendor/backports.tarfile-1.2.0.dist-info) by extension 'ignore'
[0.635s] Level 1:colcon.colcon_core.package_identification:_identify(venv/lib/python3.12/site-packages/setuptools/_vendor/backports.tarfile-1.2.0.dist-info) by extension 'ignore_ament_install'
[0.635s] Level 1:colcon.colcon_core.package_identification:_identify(venv/lib/python3.12/site-packages/setuptools/_vendor/backports.tarfile-1.2.0.dist-info) by extensions ['colcon_pkg']
[0.635s] Level 1:colcon.colcon_core.package_identification:_identify(venv/lib/python3.12/site-packages/setuptools/_vendor/backports.tarfile-1.2.0.dist-info) by extension 'colcon_pkg'
[0.635s] Level 1:colcon.colcon_core.package_identification:_identify(venv/lib/python3.12/site-packages/setuptools/_vendor/backports.tarfile-1.2.0.dist-info) by extensions ['colcon_meta']
[0.635s] Level 1:colcon.colcon_core.package_identification:_identify(venv/lib/python3.12/site-packages/setuptools/_vendor/backports.tarfile-1.2.0.dist-info) by extension 'colcon_meta'
[0.635s] Level 1:colcon.colcon_core.package_identification:_identify(venv/lib/python3.12/site-packages/setuptools/_vendor/backports.tarfile-1.2.0.dist-info) by extensions ['ros']
[0.635s] Level 1:colcon.colcon_core.package_identification:_identify(venv/lib/python3.12/site-packages/setuptools/_vendor/backports.tarfile-1.2.0.dist-info) by extension 'ros'
[0.635s] Level 1:colcon.colcon_core.package_identification:_identify(venv/lib/python3.12/site-packages/setuptools/_vendor/backports.tarfile-1.2.0.dist-info) by extensions ['cmake', 'python']
[0.635s] Level 1:colcon.colcon_core.package_identification:_identify(venv/lib/python3.12/site-packages/setuptools/_vendor/backports.tarfile-1.2.0.dist-info) by extension 'cmake'
[0.635s] Level 1:colcon.colcon_core.package_identification:_identify(venv/lib/python3.12/site-packages/setuptools/_vendor/backports.tarfile-1.2.0.dist-info) by extension 'python'
[0.636s] Level 1:colcon.colcon_core.package_identification:_identify(venv/lib/python3.12/site-packages/setuptools/_vendor/backports.tarfile-1.2.0.dist-info) by extensions ['python_setup_py']
[0.636s] Level 1:colcon.colcon_core.package_identification:_identify(venv/lib/python3.12/site-packages/setuptools/_vendor/backports.tarfile-1.2.0.dist-info) by extension 'python_setup_py'
[0.636s] Level 1:colcon.colcon_core.package_identification:_identify(venv/lib/python3.12/site-packages/setuptools/_vendor/importlib_metadata) by extensions ['ignore', 'ignore_ament_install']
[0.636s] Level 1:colcon.colcon_core.package_identification:_identify(venv/lib/python3.12/site-packages/setuptools/_vendor/importlib_metadata) by extension 'ignore'
[0.636s] Level 1:colcon.colcon_core.package_identification:_identify(venv/lib/python3.12/site-packages/setuptools/_vendor/importlib_metadata) by extension 'ignore_ament_install'
[0.636s] Level 1:colcon.colcon_core.package_identification:_identify(venv/lib/python3.12/site-packages/setuptools/_vendor/importlib_metadata) by extensions ['colcon_pkg']
[0.636s] Level 1:colcon.colcon_core.package_identification:_identify(venv/lib/python3.12/site-packages/setuptools/_vendor/importlib_metadata) by extension 'colcon_pkg'
[0.636s] Level 1:colcon.colcon_core.package_identification:_identify(venv/lib/python3.12/site-packages/setuptools/_vendor/importlib_metadata) by extensions ['colcon_meta']
[0.636s] Level 1:colcon.colcon_core.package_identification:_identify(venv/lib/python3.12/site-packages/setuptools/_vendor/importlib_metadata) by extension 'colcon_meta'
[0.636s] Level 1:colcon.colcon_core.package_identification:_identify(venv/lib/python3.12/site-packages/setuptools/_vendor/importlib_metadata) by extensions ['ros']
[0.636s] Level 1:colcon.colcon_core.package_identification:_identify(venv/lib/python3.12/site-packages/setuptools/_vendor/importlib_metadata) by extension 'ros'
[0.636s] Level 1:colcon.colcon_core.package_identification:_identify(venv/lib/python3.12/site-packages/setuptools/_vendor/importlib_metadata) by extensions ['cmake', 'python']
[0.636s] Level 1:colcon.colcon_core.package_identification:_identify(venv/lib/python3.12/site-packages/setuptools/_vendor/importlib_metadata) by extension 'cmake'
[0.636s] Level 1:colcon.colcon_core.package_identification:_identify(venv/lib/python3.12/site-packages/setuptools/_vendor/importlib_metadata) by extension 'python'
[0.636s] Level 1:colcon.colcon_core.package_identification:_identify(venv/lib/python3.12/site-packages/setuptools/_vendor/importlib_metadata) by extensions ['python_setup_py']
[0.636s] Level 1:colcon.colcon_core.package_identification:_identify(venv/lib/python3.12/site-packages/setuptools/_vendor/importlib_metadata) by extension 'python_setup_py'
[0.637s] Level 1:colcon.colcon_core.package_identification:_identify(venv/lib/python3.12/site-packages/setuptools/_vendor/importlib_metadata/__pycache__) by extensions ['ignore', 'ignore_ament_install']
[0.637s] Level 1:colcon.colcon_core.package_identification:_identify(venv/lib/python3.12/site-packages/setuptools/_vendor/importlib_metadata/__pycache__) by extension 'ignore'
[0.637s] Level 1:colcon.colcon_core.package_identification:_identify(venv/lib/python3.12/site-packages/setuptools/_vendor/importlib_metadata/__pycache__) by extension 'ignore_ament_install'
[0.637s] Level 1:colcon.colcon_core.package_identification:_identify(venv/lib/python3.12/site-packages/setuptools/_vendor/importlib_metadata/__pycache__) by extensions ['colcon_pkg']
[0.637s] Level 1:colcon.colcon_core.package_identification:_identify(venv/lib/python3.12/site-packages/setuptools/_vendor/importlib_metadata/__pycache__) by extension 'colcon_pkg'
[0.637s] Level 1:colcon.colcon_core.package_identification:_identify(venv/lib/python3.12/site-packages/setuptools/_vendor/importlib_metadata/__pycache__) by extensions ['colcon_meta']
[0.637s] Level 1:colcon.colcon_core.package_identification:_identify(venv/lib/python3.12/site-packages/setuptools/_vendor/importlib_metadata/__pycache__) by extension 'colcon_meta'
[0.637s] Level 1:colcon.colcon_core.package_identification:_identify(venv/lib/python3.12/site-packages/setuptools/_vendor/importlib_metadata/__pycache__) by extensions ['ros']
[0.637s] Level 1:colcon.colcon_core.package_identification:_identify(venv/lib/python3.12/site-packages/setuptools/_vendor/importlib_metadata/__pycache__) by extension 'ros'
[0.637s] Level 1:colcon.colcon_core.package_identification:_identify(venv/lib/python3.12/site-packages/setuptools/_vendor/importlib_metadata/__pycache__) by extensions ['cmake', 'python']
[0.637s] Level 1:colcon.colcon_core.package_identification:_identify(venv/lib/python3.12/site-packages/setuptools/_vendor/importlib_metadata/__pycache__) by extension 'cmake'
[0.637s] Level 1:colcon.colcon_core.package_identification:_identify(venv/lib/python3.12/site-packages/setuptools/_vendor/importlib_metadata/__pycache__) by extension 'python'
[0.637s] Level 1:colcon.colcon_core.package_identification:_identify(venv/lib/python3.12/site-packages/setuptools/_vendor/importlib_metadata/__pycache__) by extensions ['python_setup_py']
[0.637s] Level 1:colcon.colcon_core.package_identification:_identify(venv/lib/python3.12/site-packages/setuptools/_vendor/importlib_metadata/__pycache__) by extension 'python_setup_py'
[0.638s] Level 1:colcon.colcon_core.package_identification:_identify(venv/lib/python3.12/site-packages/setuptools/_vendor/importlib_metadata/compat) by extensions ['ignore', 'ignore_ament_install']
[0.638s] Level 1:colcon.colcon_core.package_identification:_identify(venv/lib/python3.12/site-packages/setuptools/_vendor/importlib_metadata/compat) by extension 'ignore'
[0.638s] Level 1:colcon.colcon_core.package_identification:_identify(venv/lib/python3.12/site-packages/setuptools/_vendor/importlib_metadata/compat) by extension 'ignore_ament_install'
[0.638s] Level 1:colcon.colcon_core.package_identification:_identify(venv/lib/python3.12/site-packages/setuptools/_vendor/importlib_metadata/compat) by extensions ['colcon_pkg']
[0.638s] Level 1:colcon.colcon_core.package_identification:_identify(venv/lib/python3.12/site-packages/setuptools/_vendor/importlib_metadata/compat) by extension 'colcon_pkg'
[0.638s] Level 1:colcon.colcon_core.package_identification:_identify(venv/lib/python3.12/site-packages/setuptools/_vendor/importlib_metadata/compat) by extensions ['colcon_meta']
[0.638s] Level 1:colcon.colcon_core.package_identification:_identify(venv/lib/python3.12/site-packages/setuptools/_vendor/importlib_metadata/compat) by extension 'colcon_meta'
[0.638s] Level 1:colcon.colcon_core.package_identification:_identify(venv/lib/python3.12/site-packages/setuptools/_vendor/importlib_metadata/compat) by extensions ['ros']
[0.638s] Level 1:colcon.colcon_core.package_identification:_identify(venv/lib/python3.12/site-packages/setuptools/_vendor/importlib_metadata/compat) by extension 'ros'
[0.638s] Level 1:colcon.colcon_core.package_identification:_identify(venv/lib/python3.12/site-packages/setuptools/_vendor/importlib_metadata/compat) by extensions ['cmake', 'python']
[0.638s] Level 1:colcon.colcon_core.package_identification:_identify(venv/lib/python3.12/site-packages/setuptools/_vendor/importlib_metadata/compat) by extension 'cmake'
[0.638s] Level 1:colcon.colcon_core.package_identification:_identify(venv/lib/python3.12/site-packages/setuptools/_vendor/importlib_metadata/compat) by extension 'python'
[0.638s] Level 1:colcon.colcon_core.package_identification:_identify(venv/lib/python3.12/site-packages/setuptools/_vendor/importlib_metadata/compat) by extensions ['python_setup_py']
[0.638s] Level 1:colcon.colcon_core.package_identification:_identify(venv/lib/python3.12/site-packages/setuptools/_vendor/importlib_metadata/compat) by extension 'python_setup_py'
[0.639s] Level 1:colcon.colcon_core.package_identification:_identify(venv/lib/python3.12/site-packages/setuptools/_vendor/importlib_metadata/compat/__pycache__) by extensions ['ignore', 'ignore_ament_install']
[0.639s] Level 1:colcon.colcon_core.package_identification:_identify(venv/lib/python3.12/site-packages/setuptools/_vendor/importlib_metadata/compat/__pycache__) by extension 'ignore'
[0.639s] Level 1:colcon.colcon_core.package_identification:_identify(venv/lib/python3.12/site-packages/setuptools/_vendor/importlib_metadata/compat/__pycache__) by extension 'ignore_ament_install'
[0.639s] Level 1:colcon.colcon_core.package_identification:_identify(venv/lib/python3.12/site-packages/setuptools/_vendor/importlib_metadata/compat/__pycache__) by extensions ['colcon_pkg']
[0.639s] Level 1:colcon.colcon_core.package_identification:_identify(venv/lib/python3.12/site-packages/setuptools/_vendor/importlib_metadata/compat/__pycache__) by extension 'colcon_pkg'
[0.639s] Level 1:colcon.colcon_core.package_identification:_identify(venv/lib/python3.12/site-packages/setuptools/_vendor/importlib_metadata/compat/__pycache__) by extensions ['colcon_meta']
[0.639s] Level 1:colcon.colcon_core.package_identification:_identify(venv/lib/python3.12/site-packages/setuptools/_vendor/importlib_metadata/compat/__pycache__) by extension 'colcon_meta'
[0.639s] Level 1:colcon.colcon_core.package_identification:_identify(venv/lib/python3.12/site-packages/setuptools/_vendor/importlib_metadata/compat/__pycache__) by extensions ['ros']
[0.639s] Level 1:colcon.colcon_core.package_identification:_identify(venv/lib/python3.12/site-packages/setuptools/_vendor/importlib_metadata/compat/__pycache__) by extension 'ros'
[0.639s] Level 1:colcon.colcon_core.package_identification:_identify(venv/lib/python3.12/site-packages/setuptools/_vendor/importlib_metadata/compat/__pycache__) by extensions ['cmake', 'python']
[0.639s] Level 1:colcon.colcon_core.package_identification:_identify(venv/lib/python3.12/site-packages/setuptools/_vendor/importlib_metadata/compat/__pycache__) by extension 'cmake'
[0.639s] Level 1:colcon.colcon_core.package_identification:_identify(venv/lib/python3.12/site-packages/setuptools/_vendor/importlib_metadata/compat/__pycache__) by extension 'python'
[0.640s] Level 1:colcon.colcon_core.package_identification:_identify(venv/lib/python3.12/site-packages/setuptools/_vendor/importlib_metadata/compat/__pycache__) by extensions ['python_setup_py']
[0.640s] Level 1:colcon.colcon_core.package_identification:_identify(venv/lib/python3.12/site-packages/setuptools/_vendor/importlib_metadata/compat/__pycache__) by extension 'python_setup_py'
[0.640s] Level 1:colcon.colcon_core.package_identification:_identify(venv/lib/python3.12/site-packages/setuptools/_vendor/importlib_metadata-8.7.1.dist-info) by extensions ['ignore', 'ignore_ament_install']
[0.640s] Level 1:colcon.colcon_core.package_identification:_identify(venv/lib/python3.12/site-packages/setuptools/_vendor/importlib_metadata-8.7.1.dist-info) by extension 'ignore'
[0.640s] Level 1:colcon.colcon_core.package_identification:_identify(venv/lib/python3.12/site-packages/setuptools/_vendor/importlib_metadata-8.7.1.dist-info) by extension 'ignore_ament_install'
[0.640s] Level 1:colcon.colcon_core.package_identification:_identify(venv/lib/python3.12/site-packages/setuptools/_vendor/importlib_metadata-8.7.1.dist-info) by extensions ['colcon_pkg']
[0.640s] Level 1:colcon.colcon_core.package_identification:_identify(venv/lib/python3.12/site-packages/setuptools/_vendor/importlib_metadata-8.7.1.dist-info) by extension 'colcon_pkg'
[0.640s] Level 1:colcon.colcon_core.package_identification:_identify(venv/lib/python3.12/site-packages/setuptools/_vendor/importlib_metadata-8.7.1.dist-info) by extensions ['colcon_meta']
[0.640s] Level 1:colcon.colcon_core.package_identification:_identify(venv/lib/python3.12/site-packages/setuptools/_vendor/importlib_metadata-8.7.1.dist-info) by extension 'colcon_meta'
[0.640s] Level 1:colcon.colcon_core.package_identification:_identify(venv/lib/python3.12/site-packages/setuptools/_vendor/importlib_metadata-8.7.1.dist-info) by extensions ['ros']
[0.640s] Level 1:colcon.colcon_core.package_identification:_identify(venv/lib/python3.12/site-packages/setuptools/_vendor/importlib_metadata-8.7.1.dist-info) by extension 'ros'
[0.640s] Level 1:colcon.colcon_core.package_identification:_identify(venv/lib/python3.12/site-packages/setuptools/_vendor/importlib_metadata-8.7.1.dist-info) by extensions ['cmake', 'python']
[0.640s] Level 1:colcon.colcon_core.package_identification:_identify(venv/lib/python3.12/site-packages/setuptools/_vendor/importlib_metadata-8.7.1.dist-info) by extension 'cmake'
[0.641s] Level 1:colcon.colcon_core.package_identification:_identify(venv/lib/python3.12/site-packages/setuptools/_vendor/importlib_metadata-8.7.1.dist-info) by extension 'python'
[0.641s] Level 1:colcon.colcon_core.package_identification:_identify(venv/lib/python3.12/site-packages/setuptools/_vendor/importlib_metadata-8.7.1.dist-info) by extensions ['python_setup_py']
[0.641s] Level 1:colcon.colcon_core.package_identification:_identify(venv/lib/python3.12/site-packages/setuptools/_vendor/importlib_metadata-8.7.1.dist-info) by extension 'python_setup_py'
[0.641s] Level 1:colcon.colcon_core.package_identification:_identify(venv/lib/python3.12/site-packages/setuptools/_vendor/importlib_metadata-8.7.1.dist-info/licenses) by extensions ['ignore', 'ignore_ament_install']
[0.641s] Level 1:colcon.colcon_core.package_identification:_identify(venv/lib/python3.12/site-packages/setuptools/_vendor/importlib_metadata-8.7.1.dist-info/licenses) by extension 'ignore'
[0.641s] Level 1:colcon.colcon_core.package_identification:_identify(venv/lib/python3.12/site-packages/setuptools/_vendor/importlib_metadata-8.7.1.dist-info/licenses) by extension 'ignore_ament_install'
[0.641s] Level 1:colcon.colcon_core.package_identification:_identify(venv/lib/python3.12/site-packages/setuptools/_vendor/importlib_metadata-8.7.1.dist-info/licenses) by extensions ['colcon_pkg']
[0.641s] Level 1:colcon.colcon_core.package_identification:_identify(venv/lib/python3.12/site-packages/setuptools/_vendor/importlib_metadata-8.7.1.dist-info/licenses) by extension 'colcon_pkg'
[0.641s] Level 1:colcon.colcon_core.package_identification:_identify(venv/lib/python3.12/site-packages/setuptools/_vendor/importlib_metadata-8.7.1.dist-info/licenses) by extensions ['colcon_meta']
[0.641s] Level 1:colcon.colcon_core.package_identification:_identify(venv/lib/python3.12/site-packages/setuptools/_vendor/importlib_metadata-8.7.1.dist-info/licenses) by extension 'colcon_meta'
[0.641s] Level 1:colcon.colcon_core.package_identification:_identify(venv/lib/python3.12/site-packages/setuptools/_vendor/importlib_metadata-8.7.1.dist-info/licenses) by extensions ['ros']
[0.641s] Level 1:colcon.colcon_core.package_identification:_identify(venv/lib/python3.12/site-packages/setuptools/_vendor/importlib_metadata-8.7.1.dist-info/licenses) by extension 'ros'
[0.642s] Level 1:colcon.colcon_core.package_identification:_identify(venv/lib/python3.12/site-packages/setuptools/_vendor/importlib_metadata-8.7.1.dist-info/licenses) by extensions ['cmake', 'python']
[0.642s] Level 1:colcon.colcon_core.package_identification:_identify(venv/lib/python3.12/site-packages/setuptools/_vendor/importlib_metadata-8.7.1.dist-info/licenses) by extension 'cmake'
[0.642s] Level 1:colcon.colcon_core.package_identification:_identify(venv/lib/python3.12/site-packages/setuptools/_vendor/importlib_metadata-8.7.1.dist-info/licenses) by extension 'python'
[0.642s] Level 1:colcon.colcon_core.package_identification:_identify(venv/lib/python3.12/site-packages/setuptools/_vendor/importlib_metadata-8.7.1.dist-info/licenses) by extensions ['python_setup_py']
[0.642s] Level 1:colcon.colcon_core.package_identification:_identify(venv/lib/python3.12/site-packages/setuptools/_vendor/importlib_metadata-8.7.1.dist-info/licenses) by extension 'python_setup_py'
[0.642s] Level 1:colcon.colcon_core.package_identification:_identify(venv/lib/python3.12/site-packages/setuptools/_vendor/jaraco) by extensions ['ignore', 'ignore_ament_install']
[0.642s] Level 1:colcon.colcon_core.package_identification:_identify(venv/lib/python3.12/site-packages/setuptools/_vendor/jaraco) by extension 'ignore'
[0.642s] Level 1:colcon.colcon_core.package_identification:_identify(venv/lib/python3.12/site-packages/setuptools/_vendor/jaraco) by extension 'ignore_ament_install'
[0.642s] Level 1:colcon.colcon_core.package_identification:_identify(venv/lib/python3.12/site-packages/setuptools/_vendor/jaraco) by extensions ['colcon_pkg']
[0.642s] Level 1:colcon.colcon_core.package_identification:_identify(venv/lib/python3.12/site-packages/setuptools/_vendor/jaraco) by extension 'colcon_pkg'
[0.642s] Level 1:colcon.colcon_core.package_identification:_identify(venv/lib/python3.12/site-packages/setuptools/_vendor/jaraco) by extensions ['colcon_meta']
[0.642s] Level 1:colcon.colcon_core.package_identification:_identify(venv/lib/python3.12/site-packages/setuptools/_vendor/jaraco) by extension 'colcon_meta'
[0.642s] Level 1:colcon.colcon_core.package_identification:_identify(venv/lib/python3.12/site-packages/setuptools/_vendor/jaraco) by extensions ['ros']
[0.642s] Level 1:colcon.colcon_core.package_identification:_identify(venv/lib/python3.12/site-packages/setuptools/_vendor/jaraco) by extension 'ros'
[0.643s] Level 1:colcon.colcon_core.package_identification:_identify(venv/lib/python3.12/site-packages/setuptools/_vendor/jaraco) by extensions ['cmake', 'python']
[0.643s] Level 1:colcon.colcon_core.package_identification:_identify(venv/lib/python3.12/site-packages/setuptools/_vendor/jaraco) by extension 'cmake'
[0.643s] Level 1:colcon.colcon_core.package_identification:_identify(venv/lib/python3.12/site-packages/setuptools/_vendor/jaraco) by extension 'python'
[0.643s] Level 1:colcon.colcon_core.package_identification:_identify(venv/lib/python3.12/site-packages/setuptools/_vendor/jaraco) by extensions ['python_setup_py']
[0.643s] Level 1:colcon.colcon_core.package_identification:_identify(venv/lib/python3.12/site-packages/setuptools/_vendor/jaraco) by extension 'python_setup_py'
[0.643s] Level 1:colcon.colcon_core.package_identification:_identify(venv/lib/python3.12/site-packages/setuptools/_vendor/jaraco/context) by extensions ['ignore', 'ignore_ament_install']
[0.643s] Level 1:colcon.colcon_core.package_identification:_identify(venv/lib/python3.12/site-packages/setuptools/_vendor/jaraco/context) by extension 'ignore'
[0.643s] Level 1:colcon.colcon_core.package_identification:_identify(venv/lib/python3.12/site-packages/setuptools/_vendor/jaraco/context) by extension 'ignore_ament_install'
[0.643s] Level 1:colcon.colcon_core.package_identification:_identify(venv/lib/python3.12/site-packages/setuptools/_vendor/jaraco/context) by extensions ['colcon_pkg']
[0.643s] Level 1:colcon.colcon_core.package_identification:_identify(venv/lib/python3.12/site-packages/setuptools/_vendor/jaraco/context) by extension 'colcon_pkg'
[0.643s] Level 1:colcon.colcon_core.package_identification:_identify(venv/lib/python3.12/site-packages/setuptools/_vendor/jaraco/context) by extensions ['colcon_meta']
[0.643s] Level 1:colcon.colcon_core.package_identification:_identify(venv/lib/python3.12/site-packages/setuptools/_vendor/jaraco/context) by extension 'colcon_meta'
[0.644s] Level 1:colcon.colcon_core.package_identification:_identify(venv/lib/python3.12/site-packages/setuptools/_vendor/jaraco/context) by extensions ['ros']
[0.644s] Level 1:colcon.colcon_core.package_identification:_identify(venv/lib/python3.12/site-packages/setuptools/_vendor/jaraco/context) by extension 'ros'
[0.644s] Level 1:colcon.colcon_core.package_identification:_identify(venv/lib/python3.12/site-packages/setuptools/_vendor/jaraco/context) by extensions ['cmake', 'python']
[0.644s] Level 1:colcon.colcon_core.package_identification:_identify(venv/lib/python3.12/site-packages/setuptools/_vendor/jaraco/context) by extension 'cmake'
[0.644s] Level 1:colcon.colcon_core.package_identification:_identify(venv/lib/python3.12/site-packages/setuptools/_vendor/jaraco/context) by extension 'python'
[0.644s] Level 1:colcon.colcon_core.package_identification:_identify(venv/lib/python3.12/site-packages/setuptools/_vendor/jaraco/context) by extensions ['python_setup_py']
[0.644s] Level 1:colcon.colcon_core.package_identification:_identify(venv/lib/python3.12/site-packages/setuptools/_vendor/jaraco/context) by extension 'python_setup_py'
[0.644s] Level 1:colcon.colcon_core.package_identification:_identify(venv/lib/python3.12/site-packages/setuptools/_vendor/jaraco/context/__pycache__) by extensions ['ignore', 'ignore_ament_install']
[0.644s] Level 1:colcon.colcon_core.package_identification:_identify(venv/lib/python3.12/site-packages/setuptools/_vendor/jaraco/context/__pycache__) by extension 'ignore'
[0.644s] Level 1:colcon.colcon_core.package_identification:_identify(venv/lib/python3.12/site-packages/setuptools/_vendor/jaraco/context/__pycache__) by extension 'ignore_ament_install'
[0.645s] Level 1:colcon.colcon_core.package_identification:_identify(venv/lib/python3.12/site-packages/setuptools/_vendor/jaraco/context/__pycache__) by extensions ['colcon_pkg']
[0.645s] Level 1:colcon.colcon_core.package_identification:_identify(venv/lib/python3.12/site-packages/setuptools/_vendor/jaraco/context/__pycache__) by extension 'colcon_pkg'
[0.645s] Level 1:colcon.colcon_core.package_identification:_identify(venv/lib/python3.12/site-packages/setuptools/_vendor/jaraco/context/__pycache__) by extensions ['colcon_meta']
[0.645s] Level 1:colcon.colcon_core.package_identification:_identify(venv/lib/python3.12/site-packages/setuptools/_vendor/jaraco/context/__pycache__) by extension 'colcon_meta'
[0.645s] Level 1:colcon.colcon_core.package_identification:_identify(venv/lib/python3.12/site-packages/setuptools/_vendor/jaraco/context/__pycache__) by extensions ['ros']
[0.645s] Level 1:colcon.colcon_core.package_identification:_identify(venv/lib/python3.12/site-packages/setuptools/_vendor/jaraco/context/__pycache__) by extension 'ros'
[0.645s] Level 1:colcon.colcon_core.package_identification:_identify(venv/lib/python3.12/site-packages/setuptools/_vendor/jaraco/context/__pycache__) by extensions ['cmake', 'python']
[0.645s] Level 1:colcon.colcon_core.package_identification:_identify(venv/lib/python3.12/site-packages/setuptools/_vendor/jaraco/context/__pycache__) by extension 'cmake'
[0.645s] Level 1:colcon.colcon_core.package_identification:_identify(venv/lib/python3.12/site-packages/setuptools/_vendor/jaraco/context/__pycache__) by extension 'python'
[0.645s] Level 1:colcon.colcon_core.package_identification:_identify(venv/lib/python3.12/site-packages/setuptools/_vendor/jaraco/context/__pycache__) by extensions ['python_setup_py']
[0.645s] Level 1:colcon.colcon_core.package_identification:_identify(venv/lib/python3.12/site-packages/setuptools/_vendor/jaraco/context/__pycache__) by extension 'python_setup_py'
[0.645s] Level 1:colcon.colcon_core.package_identification:_identify(venv/lib/python3.12/site-packages/setuptools/_vendor/jaraco/functools) by extensions ['ignore', 'ignore_ament_install']
[0.645s] Level 1:colcon.colcon_core.package_identification:_identify(venv/lib/python3.12/site-packages/setuptools/_vendor/jaraco/functools) by extension 'ignore'
[0.646s] Level 1:colcon.colcon_core.package_identification:_identify(venv/lib/python3.12/site-packages/setuptools/_vendor/jaraco/functools) by extension 'ignore_ament_install'
[0.646s] Level 1:colcon.colcon_core.package_identification:_identify(venv/lib/python3.12/site-packages/setuptools/_vendor/jaraco/functools) by extensions ['colcon_pkg']
[0.646s] Level 1:colcon.colcon_core.package_identification:_identify(venv/lib/python3.12/site-packages/setuptools/_vendor/jaraco/functools) by extension 'colcon_pkg'
[0.646s] Level 1:colcon.colcon_core.package_identification:_identify(venv/lib/python3.12/site-packages/setuptools/_vendor/jaraco/functools) by extensions ['colcon_meta']
[0.646s] Level 1:colcon.colcon_core.package_identification:_identify(venv/lib/python3.12/site-packages/setuptools/_vendor/jaraco/functools) by extension 'colcon_meta'
[0.646s] Level 1:colcon.colcon_core.package_identification:_identify(venv/lib/python3.12/site-packages/setuptools/_vendor/jaraco/functools) by extensions ['ros']
[0.646s] Level 1:colcon.colcon_core.package_identification:_identify(venv/lib/python3.12/site-packages/setuptools/_vendor/jaraco/functools) by extension 'ros'
[0.646s] Level 1:colcon.colcon_core.package_identification:_identify(venv/lib/python3.12/site-packages/setuptools/_vendor/jaraco/functools) by extensions ['cmake', 'python']
[0.646s] Level 1:colcon.colcon_core.package_identification:_identify(venv/lib/python3.12/site-packages/setuptools/_vendor/jaraco/functools) by extension 'cmake'
[0.646s] Level 1:colcon.colcon_core.package_identification:_identify(venv/lib/python3.12/site-packages/setuptools/_vendor/jaraco/functools) by extension 'python'
[0.646s] Level 1:colcon.colcon_core.package_identification:_identify(venv/lib/python3.12/site-packages/setuptools/_vendor/jaraco/functools) by extensions ['python_setup_py']
[0.646s] Level 1:colcon.colcon_core.package_identification:_identify(venv/lib/python3.12/site-packages/setuptools/_vendor/jaraco/functools) by extension 'python_setup_py'
[0.646s] Level 1:colcon.colcon_core.package_identification:_identify(venv/lib/python3.12/site-packages/setuptools/_vendor/jaraco/functools/__pycache__) by extensions ['ignore', 'ignore_ament_install']
[0.646s] Level 1:colcon.colcon_core.package_identification:_identify(venv/lib/python3.12/site-packages/setuptools/_vendor/jaraco/functools/__pycache__) by extension 'ignore'
[0.647s] Level 1:colcon.colcon_core.package_identification:_identify(venv/lib/python3.12/site-packages/setuptools/_vendor/jaraco/functools/__pycache__) by extension 'ignore_ament_install'
[0.647s] Level 1:colcon.colcon_core.package_identification:_identify(venv/lib/python3.12/site-packages/setuptools/_vendor/jaraco/functools/__pycache__) by extensions ['colcon_pkg']
[0.647s] Level 1:colcon.colcon_core.package_identification:_identify(venv/lib/python3.12/site-packages/setuptools/_vendor/jaraco/functools/__pycache__) by extension 'colcon_pkg'
[0.647s] Level 1:colcon.colcon_core.package_identification:_identify(venv/lib/python3.12/site-packages/setuptools/_vendor/jaraco/functools/__pycache__) by extensions ['colcon_meta']
[0.647s] Level 1:colcon.colcon_core.package_identification:_identify(venv/lib/python3.12/site-packages/setuptools/_vendor/jaraco/functools/__pycache__) by extension 'colcon_meta'
[0.647s] Level 1:colcon.colcon_core.package_identification:_identify(venv/lib/python3.12/site-packages/setuptools/_vendor/jaraco/functools/__pycache__) by extensions ['ros']
[0.647s] Level 1:colcon.colcon_core.package_identification:_identify(venv/lib/python3.12/site-packages/setuptools/_vendor/jaraco/functools/__pycache__) by extension 'ros'
[0.647s] Level 1:colcon.colcon_core.package_identification:_identify(venv/lib/python3.12/site-packages/setuptools/_vendor/jaraco/functools/__pycache__) by extensions ['cmake', 'python']
[0.647s] Level 1:colcon.colcon_core.package_identification:_identify(venv/lib/python3.12/site-packages/setuptools/_vendor/jaraco/functools/__pycache__) by extension 'cmake'
[0.647s] Level 1:colcon.colcon_core.package_identification:_identify(venv/lib/python3.12/site-packages/setuptools/_vendor/jaraco/functools/__pycache__) by extension 'python'
[0.647s] Level 1:colcon.colcon_core.package_identification:_identify(venv/lib/python3.12/site-packages/setuptools/_vendor/jaraco/functools/__pycache__) by extensions ['python_setup_py']
[0.647s] Level 1:colcon.colcon_core.package_identification:_identify(venv/lib/python3.12/site-packages/setuptools/_vendor/jaraco/functools/__pycache__) by extension 'python_setup_py'
[0.647s] Level 1:colcon.colcon_core.package_identification:_identify(venv/lib/python3.12/site-packages/setuptools/_vendor/jaraco/text) by extensions ['ignore', 'ignore_ament_install']
[0.648s] Level 1:colcon.colcon_core.package_identification:_identify(venv/lib/python3.12/site-packages/setuptools/_vendor/jaraco/text) by extension 'ignore'
[0.648s] Level 1:colcon.colcon_core.package_identification:_identify(venv/lib/python3.12/site-packages/setuptools/_vendor/jaraco/text) by extension 'ignore_ament_install'
[0.648s] Level 1:colcon.colcon_core.package_identification:_identify(venv/lib/python3.12/site-packages/setuptools/_vendor/jaraco/text) by extensions ['colcon_pkg']
[0.648s] Level 1:colcon.colcon_core.package_identification:_identify(venv/lib/python3.12/site-packages/setuptools/_vendor/jaraco/text) by extension 'colcon_pkg'
[0.648s] Level 1:colcon.colcon_core.package_identification:_identify(venv/lib/python3.12/site-packages/setuptools/_vendor/jaraco/text) by extensions ['colcon_meta']
[0.648s] Level 1:colcon.colcon_core.package_identification:_identify(venv/lib/python3.12/site-packages/setuptools/_vendor/jaraco/text) by extension 'colcon_meta'
[0.648s] Level 1:colcon.colcon_core.package_identification:_identify(venv/lib/python3.12/site-packages/setuptools/_vendor/jaraco/text) by extensions ['ros']
[0.648s] Level 1:colcon.colcon_core.package_identification:_identify(venv/lib/python3.12/site-packages/setuptools/_vendor/jaraco/text) by extension 'ros'
[0.648s] Level 1:colcon.colcon_core.package_identification:_identify(venv/lib/python3.12/site-packages/setuptools/_vendor/jaraco/text) by extensions ['cmake', 'python']
[0.648s] Level 1:colcon.colcon_core.package_identification:_identify(venv/lib/python3.12/site-packages/setuptools/_vendor/jaraco/text) by extension 'cmake'
[0.648s] Level 1:colcon.colcon_core.package_identification:_identify(venv/lib/python3.12/site-packages/setuptools/_vendor/jaraco/text) by extension 'python'
[0.648s] Level 1:colcon.colcon_core.package_identification:_identify(venv/lib/python3.12/site-packages/setuptools/_vendor/jaraco/text) by extensions ['python_setup_py']
[0.648s] Level 1:colcon.colcon_core.package_identification:_identify(venv/lib/python3.12/site-packages/setuptools/_vendor/jaraco/text) by extension 'python_setup_py'
[0.648s] Level 1:colcon.colcon_core.package_identification:_identify(venv/lib/python3.12/site-packages/setuptools/_vendor/jaraco/text/__pycache__) by extensions ['ignore', 'ignore_ament_install']
[0.648s] Level 1:colcon.colcon_core.package_identification:_identify(venv/lib/python3.12/site-packages/setuptools/_vendor/jaraco/text/__pycache__) by extension 'ignore'
[0.649s] Level 1:colcon.colcon_core.package_identification:_identify(venv/lib/python3.12/site-packages/setuptools/_vendor/jaraco/text/__pycache__) by extension 'ignore_ament_install'
[0.649s] Level 1:colcon.colcon_core.package_identification:_identify(venv/lib/python3.12/site-packages/setuptools/_vendor/jaraco/text/__pycache__) by extensions ['colcon_pkg']
[0.649s] Level 1:colcon.colcon_core.package_identification:_identify(venv/lib/python3.12/site-packages/setuptools/_vendor/jaraco/text/__pycache__) by extension 'colcon_pkg'
[0.649s] Level 1:colcon.colcon_core.package_identification:_identify(venv/lib/python3.12/site-packages/setuptools/_vendor/jaraco/text/__pycache__) by extensions ['colcon_meta']
[0.649s] Level 1:colcon.colcon_core.package_identification:_identify(venv/lib/python3.12/site-packages/setuptools/_vendor/jaraco/text/__pycache__) by extension 'colcon_meta'
[0.649s] Level 1:colcon.colcon_core.package_identification:_identify(venv/lib/python3.12/site-packages/setuptools/_vendor/jaraco/text/__pycache__) by extensions ['ros']
[0.649s] Level 1:colcon.colcon_core.package_identification:_identify(venv/lib/python3.12/site-packages/setuptools/_vendor/jaraco/text/__pycache__) by extension 'ros'
[0.649s] Level 1:colcon.colcon_core.package_identification:_identify(venv/lib/python3.12/site-packages/setuptools/_vendor/jaraco/text/__pycache__) by extensions ['cmake', 'python']
[0.649s] Level 1:colcon.colcon_core.package_identification:_identify(venv/lib/python3.12/site-packages/setuptools/_vendor/jaraco/text/__pycache__) by extension 'cmake'
[0.649s] Level 1:colcon.colcon_core.package_identification:_identify(venv/lib/python3.12/site-packages/setuptools/_vendor/jaraco/text/__pycache__) by extension 'python'
[0.649s] Level 1:colcon.colcon_core.package_identification:_identify(venv/lib/python3.12/site-packages/setuptools/_vendor/jaraco/text/__pycache__) by extensions ['python_setup_py']
[0.649s] Level 1:colcon.colcon_core.package_identification:_identify(venv/lib/python3.12/site-packages/setuptools/_vendor/jaraco/text/__pycache__) by extension 'python_setup_py'
[0.649s] Level 1:colcon.colcon_core.package_identification:_identify(venv/lib/python3.12/site-packages/setuptools/_vendor/jaraco.text-4.0.0.dist-info) by extensions ['ignore', 'ignore_ament_install']
[0.649s] Level 1:colcon.colcon_core.package_identification:_identify(venv/lib/python3.12/site-packages/setuptools/_vendor/jaraco.text-4.0.0.dist-info) by extension 'ignore'
[0.649s] Level 1:colcon.colcon_core.package_identification:_identify(venv/lib/python3.12/site-packages/setuptools/_vendor/jaraco.text-4.0.0.dist-info) by extension 'ignore_ament_install'
[0.650s] Level 1:colcon.colcon_core.package_identification:_identify(venv/lib/python3.12/site-packages/setuptools/_vendor/jaraco.text-4.0.0.dist-info) by extensions ['colcon_pkg']
[0.650s] Level 1:colcon.colcon_core.package_identification:_identify(venv/lib/python3.12/site-packages/setuptools/_vendor/jaraco.text-4.0.0.dist-info) by extension 'colcon_pkg'
[0.650s] Level 1:colcon.colcon_core.package_identification:_identify(venv/lib/python3.12/site-packages/setuptools/_vendor/jaraco.text-4.0.0.dist-info) by extensions ['colcon_meta']
[0.650s] Level 1:colcon.colcon_core.package_identification:_identify(venv/lib/python3.12/site-packages/setuptools/_vendor/jaraco.text-4.0.0.dist-info) by extension 'colcon_meta'
[0.650s] Level 1:colcon.colcon_core.package_identification:_identify(venv/lib/python3.12/site-packages/setuptools/_vendor/jaraco.text-4.0.0.dist-info) by extensions ['ros']
[0.650s] Level 1:colcon.colcon_core.package_identification:_identify(venv/lib/python3.12/site-packages/setuptools/_vendor/jaraco.text-4.0.0.dist-info) by extension 'ros'
[0.650s] Level 1:colcon.colcon_core.package_identification:_identify(venv/lib/python3.12/site-packages/setuptools/_vendor/jaraco.text-4.0.0.dist-info) by extensions ['cmake', 'python']
[0.650s] Level 1:colcon.colcon_core.package_identification:_identify(venv/lib/python3.12/site-packages/setuptools/_vendor/jaraco.text-4.0.0.dist-info) by extension 'cmake'
[0.650s] Level 1:colcon.colcon_core.package_identification:_identify(venv/lib/python3.12/site-packages/setuptools/_vendor/jaraco.text-4.0.0.dist-info) by extension 'python'
[0.650s] Level 1:colcon.colcon_core.package_identification:_identify(venv/lib/python3.12/site-packages/setuptools/_vendor/jaraco.text-4.0.0.dist-info) by extensions ['python_setup_py']
[0.650s] Level 1:colcon.colcon_core.package_identification:_identify(venv/lib/python3.12/site-packages/setuptools/_vendor/jaraco.text-4.0.0.dist-info) by extension 'python_setup_py'
[0.650s] Level 1:colcon.colcon_core.package_identification:_identify(venv/lib/python3.12/site-packages/setuptools/_vendor/jaraco_context-6.1.0.dist-info) by extensions ['ignore', 'ignore_ament_install']
[0.650s] Level 1:colcon.colcon_core.package_identification:_identify(venv/lib/python3.12/site-packages/setuptools/_vendor/jaraco_context-6.1.0.dist-info) by extension 'ignore'
[0.650s] Level 1:colcon.colcon_core.package_identification:_identify(venv/lib/python3.12/site-packages/setuptools/_vendor/jaraco_context-6.1.0.dist-info) by extension 'ignore_ament_install'
[0.650s] Level 1:colcon.colcon_core.package_identification:_identify(venv/lib/python3.12/site-packages/setuptools/_vendor/jaraco_context-6.1.0.dist-info) by extensions ['colcon_pkg']
[0.650s] Level 1:colcon.colcon_core.package_identification:_identify(venv/lib/python3.12/site-packages/setuptools/_vendor/jaraco_context-6.1.0.dist-info) by extension 'colcon_pkg'
[0.651s] Level 1:colcon.colcon_core.package_identification:_identify(venv/lib/python3.12/site-packages/setuptools/_vendor/jaraco_context-6.1.0.dist-info) by extensions ['colcon_meta']
[0.651s] Level 1:colcon.colcon_core.package_identification:_identify(venv/lib/python3.12/site-packages/setuptools/_vendor/jaraco_context-6.1.0.dist-info) by extension 'colcon_meta'
[0.651s] Level 1:colcon.colcon_core.package_identification:_identify(venv/lib/python3.12/site-packages/setuptools/_vendor/jaraco_context-6.1.0.dist-info) by extensions ['ros']
[0.651s] Level 1:colcon.colcon_core.package_identification:_identify(venv/lib/python3.12/site-packages/setuptools/_vendor/jaraco_context-6.1.0.dist-info) by extension 'ros'
[0.651s] Level 1:colcon.colcon_core.package_identification:_identify(venv/lib/python3.12/site-packages/setuptools/_vendor/jaraco_context-6.1.0.dist-info) by extensions ['cmake', 'python']
[0.651s] Level 1:colcon.colcon_core.package_identification:_identify(venv/lib/python3.12/site-packages/setuptools/_vendor/jaraco_context-6.1.0.dist-info) by extension 'cmake'
[0.651s] Level 1:colcon.colcon_core.package_identification:_identify(venv/lib/python3.12/site-packages/setuptools/_vendor/jaraco_context-6.1.0.dist-info) by extension 'python'
[0.651s] Level 1:colcon.colcon_core.package_identification:_identify(venv/lib/python3.12/site-packages/setuptools/_vendor/jaraco_context-6.1.0.dist-info) by extensions ['python_setup_py']
[0.651s] Level 1:colcon.colcon_core.package_identification:_identify(venv/lib/python3.12/site-packages/setuptools/_vendor/jaraco_context-6.1.0.dist-info) by extension 'python_setup_py'
[0.651s] Level 1:colcon.colcon_core.package_identification:_identify(venv/lib/python3.12/site-packages/setuptools/_vendor/jaraco_context-6.1.0.dist-info/licenses) by extensions ['ignore', 'ignore_ament_install']
[0.651s] Level 1:colcon.colcon_core.package_identification:_identify(venv/lib/python3.12/site-packages/setuptools/_vendor/jaraco_context-6.1.0.dist-info/licenses) by extension 'ignore'
[0.651s] Level 1:colcon.colcon_core.package_identification:_identify(venv/lib/python3.12/site-packages/setuptools/_vendor/jaraco_context-6.1.0.dist-info/licenses) by extension 'ignore_ament_install'
[0.651s] Level 1:colcon.colcon_core.package_identification:_identify(venv/lib/python3.12/site-packages/setuptools/_vendor/jaraco_context-6.1.0.dist-info/licenses) by extensions ['colcon_pkg']
[0.651s] Level 1:colcon.colcon_core.package_identification:_identify(venv/lib/python3.12/site-packages/setuptools/_vendor/jaraco_context-6.1.0.dist-info/licenses) by extension 'colcon_pkg'
[0.651s] Level 1:colcon.colcon_core.package_identification:_identify(venv/lib/python3.12/site-packages/setuptools/_vendor/jaraco_context-6.1.0.dist-info/licenses) by extensions ['colcon_meta']
[0.651s] Level 1:colcon.colcon_core.package_identification:_identify(venv/lib/python3.12/site-packages/setuptools/_vendor/jaraco_context-6.1.0.dist-info/licenses) by extension 'colcon_meta'
[0.651s] Level 1:colcon.colcon_core.package_identification:_identify(venv/lib/python3.12/site-packages/setuptools/_vendor/jaraco_context-6.1.0.dist-info/licenses) by extensions ['ros']
[0.652s] Level 1:colcon.colcon_core.package_identification:_identify(venv/lib/python3.12/site-packages/setuptools/_vendor/jaraco_context-6.1.0.dist-info/licenses) by extension 'ros'
[0.652s] Level 1:colcon.colcon_core.package_identification:_identify(venv/lib/python3.12/site-packages/setuptools/_vendor/jaraco_context-6.1.0.dist-info/licenses) by extensions ['cmake', 'python']
[0.652s] Level 1:colcon.colcon_core.package_identification:_identify(venv/lib/python3.12/site-packages/setuptools/_vendor/jaraco_context-6.1.0.dist-info/licenses) by extension 'cmake'
[0.652s] Level 1:colcon.colcon_core.package_identification:_identify(venv/lib/python3.12/site-packages/setuptools/_vendor/jaraco_context-6.1.0.dist-info/licenses) by extension 'python'
[0.652s] Level 1:colcon.colcon_core.package_identification:_identify(venv/lib/python3.12/site-packages/setuptools/_vendor/jaraco_context-6.1.0.dist-info/licenses) by extensions ['python_setup_py']
[0.652s] Level 1:colcon.colcon_core.package_identification:_identify(venv/lib/python3.12/site-packages/setuptools/_vendor/jaraco_context-6.1.0.dist-info/licenses) by extension 'python_setup_py'
[0.652s] Level 1:colcon.colcon_core.package_identification:_identify(venv/lib/python3.12/site-packages/setuptools/_vendor/jaraco_functools-4.4.0.dist-info) by extensions ['ignore', 'ignore_ament_install']
[0.652s] Level 1:colcon.colcon_core.package_identification:_identify(venv/lib/python3.12/site-packages/setuptools/_vendor/jaraco_functools-4.4.0.dist-info) by extension 'ignore'
[0.652s] Level 1:colcon.colcon_core.package_identification:_identify(venv/lib/python3.12/site-packages/setuptools/_vendor/jaraco_functools-4.4.0.dist-info) by extension 'ignore_ament_install'
[0.652s] Level 1:colcon.colcon_core.package_identification:_identify(venv/lib/python3.12/site-packages/setuptools/_vendor/jaraco_functools-4.4.0.dist-info) by extensions ['colcon_pkg']
[0.652s] Level 1:colcon.colcon_core.package_identification:_identify(venv/lib/python3.12/site-packages/setuptools/_vendor/jaraco_functools-4.4.0.dist-info) by extension 'colcon_pkg'
[0.652s] Level 1:colcon.colcon_core.package_identification:_identify(venv/lib/python3.12/site-packages/setuptools/_vendor/jaraco_functools-4.4.0.dist-info) by extensions ['colcon_meta']
[0.652s] Level 1:colcon.colcon_core.package_identification:_identify(venv/lib/python3.12/site-packages/setuptools/_vendor/jaraco_functools-4.4.0.dist-info) by extension 'colcon_meta'
[0.652s] Level 1:colcon.colcon_core.package_identification:_identify(venv/lib/python3.12/site-packages/setuptools/_vendor/jaraco_functools-4.4.0.dist-info) by extensions ['ros']
[0.652s] Level 1:colcon.colcon_core.package_identification:_identify(venv/lib/python3.12/site-packages/setuptools/_vendor/jaraco_functools-4.4.0.dist-info) by extension 'ros'
[0.653s] Level 1:colcon.colcon_core.package_identification:_identify(venv/lib/python3.12/site-packages/setuptools/_vendor/jaraco_functools-4.4.0.dist-info) by extensions ['cmake', 'python']
[0.653s] Level 1:colcon.colcon_core.package_identification:_identify(venv/lib/python3.12/site-packages/setuptools/_vendor/jaraco_functools-4.4.0.dist-info) by extension 'cmake'
[0.653s] Level 1:colcon.colcon_core.package_identification:_identify(venv/lib/python3.12/site-packages/setuptools/_vendor/jaraco_functools-4.4.0.dist-info) by extension 'python'
[0.653s] Level 1:colcon.colcon_core.package_identification:_identify(venv/lib/python3.12/site-packages/setuptools/_vendor/jaraco_functools-4.4.0.dist-info) by extensions ['python_setup_py']
[0.653s] Level 1:colcon.colcon_core.package_identification:_identify(venv/lib/python3.12/site-packages/setuptools/_vendor/jaraco_functools-4.4.0.dist-info) by extension 'python_setup_py'
[0.653s] Level 1:colcon.colcon_core.package_identification:_identify(venv/lib/python3.12/site-packages/setuptools/_vendor/jaraco_functools-4.4.0.dist-info/licenses) by extensions ['ignore', 'ignore_ament_install']
[0.653s] Level 1:colcon.colcon_core.package_identification:_identify(venv/lib/python3.12/site-packages/setuptools/_vendor/jaraco_functools-4.4.0.dist-info/licenses) by extension 'ignore'
[0.653s] Level 1:colcon.colcon_core.package_identification:_identify(venv/lib/python3.12/site-packages/setuptools/_vendor/jaraco_functools-4.4.0.dist-info/licenses) by extension 'ignore_ament_install'
[0.653s] Level 1:colcon.colcon_core.package_identification:_identify(venv/lib/python3.12/site-packages/setuptools/_vendor/jaraco_functools-4.4.0.dist-info/licenses) by extensions ['colcon_pkg']
[0.653s] Level 1:colcon.colcon_core.package_identification:_identify(venv/lib/python3.12/site-packages/setuptools/_vendor/jaraco_functools-4.4.0.dist-info/licenses) by extension 'colcon_pkg'
[0.653s] Level 1:colcon.colcon_core.package_identification:_identify(venv/lib/python3.12/site-packages/setuptools/_vendor/jaraco_functools-4.4.0.dist-info/licenses) by extensions ['colcon_meta']
[0.653s] Level 1:colcon.colcon_core.package_identification:_identify(venv/lib/python3.12/site-packages/setuptools/_vendor/jaraco_functools-4.4.0.dist-info/licenses) by extension 'colcon_meta'
[0.653s] Level 1:colcon.colcon_core.package_identification:_identify(venv/lib/python3.12/site-packages/setuptools/_vendor/jaraco_functools-4.4.0.dist-info/licenses) by extensions ['ros']
[0.653s] Level 1:colcon.colcon_core.package_identification:_identify(venv/lib/python3.12/site-packages/setuptools/_vendor/jaraco_functools-4.4.0.dist-info/licenses) by extension 'ros'
[0.653s] Level 1:colcon.colcon_core.package_identification:_identify(venv/lib/python3.12/site-packages/setuptools/_vendor/jaraco_functools-4.4.0.dist-info/licenses) by extensions ['cmake', 'python']
[0.653s] Level 1:colcon.colcon_core.package_identification:_identify(venv/lib/python3.12/site-packages/setuptools/_vendor/jaraco_functools-4.4.0.dist-info/licenses) by extension 'cmake'
[0.654s] Level 1:colcon.colcon_core.package_identification:_identify(venv/lib/python3.12/site-packages/setuptools/_vendor/jaraco_functools-4.4.0.dist-info/licenses) by extension 'python'
[0.654s] Level 1:colcon.colcon_core.package_identification:_identify(venv/lib/python3.12/site-packages/setuptools/_vendor/jaraco_functools-4.4.0.dist-info/licenses) by extensions ['python_setup_py']
[0.654s] Level 1:colcon.colcon_core.package_identification:_identify(venv/lib/python3.12/site-packages/setuptools/_vendor/jaraco_functools-4.4.0.dist-info/licenses) by extension 'python_setup_py'
[0.654s] Level 1:colcon.colcon_core.package_identification:_identify(venv/lib/python3.12/site-packages/setuptools/_vendor/more_itertools) by extensions ['ignore', 'ignore_ament_install']
[0.654s] Level 1:colcon.colcon_core.package_identification:_identify(venv/lib/python3.12/site-packages/setuptools/_vendor/more_itertools) by extension 'ignore'
[0.654s] Level 1:colcon.colcon_core.package_identification:_identify(venv/lib/python3.12/site-packages/setuptools/_vendor/more_itertools) by extension 'ignore_ament_install'
[0.654s] Level 1:colcon.colcon_core.package_identification:_identify(venv/lib/python3.12/site-packages/setuptools/_vendor/more_itertools) by extensions ['colcon_pkg']
[0.654s] Level 1:colcon.colcon_core.package_identification:_identify(venv/lib/python3.12/site-packages/setuptools/_vendor/more_itertools) by extension 'colcon_pkg'
[0.654s] Level 1:colcon.colcon_core.package_identification:_identify(venv/lib/python3.12/site-packages/setuptools/_vendor/more_itertools) by extensions ['colcon_meta']
[0.654s] Level 1:colcon.colcon_core.package_identification:_identify(venv/lib/python3.12/site-packages/setuptools/_vendor/more_itertools) by extension 'colcon_meta'
[0.654s] Level 1:colcon.colcon_core.package_identification:_identify(venv/lib/python3.12/site-packages/setuptools/_vendor/more_itertools) by extensions ['ros']
[0.654s] Level 1:colcon.colcon_core.package_identification:_identify(venv/lib/python3.12/site-packages/setuptools/_vendor/more_itertools) by extension 'ros'
[0.654s] Level 1:colcon.colcon_core.package_identification:_identify(venv/lib/python3.12/site-packages/setuptools/_vendor/more_itertools) by extensions ['cmake', 'python']
[0.654s] Level 1:colcon.colcon_core.package_identification:_identify(venv/lib/python3.12/site-packages/setuptools/_vendor/more_itertools) by extension 'cmake'
[0.654s] Level 1:colcon.colcon_core.package_identification:_identify(venv/lib/python3.12/site-packages/setuptools/_vendor/more_itertools) by extension 'python'
[0.654s] Level 1:colcon.colcon_core.package_identification:_identify(venv/lib/python3.12/site-packages/setuptools/_vendor/more_itertools) by extensions ['python_setup_py']
[0.654s] Level 1:colcon.colcon_core.package_identification:_identify(venv/lib/python3.12/site-packages/setuptools/_vendor/more_itertools) by extension 'python_setup_py'
[0.655s] Level 1:colcon.colcon_core.package_identification:_identify(venv/lib/python3.12/site-packages/setuptools/_vendor/more_itertools/__pycache__) by extensions ['ignore', 'ignore_ament_install']
[0.655s] Level 1:colcon.colcon_core.package_identification:_identify(venv/lib/python3.12/site-packages/setuptools/_vendor/more_itertools/__pycache__) by extension 'ignore'
[0.655s] Level 1:colcon.colcon_core.package_identification:_identify(venv/lib/python3.12/site-packages/setuptools/_vendor/more_itertools/__pycache__) by extension 'ignore_ament_install'
[0.655s] Level 1:colcon.colcon_core.package_identification:_identify(venv/lib/python3.12/site-packages/setuptools/_vendor/more_itertools/__pycache__) by extensions ['colcon_pkg']
[0.655s] Level 1:colcon.colcon_core.package_identification:_identify(venv/lib/python3.12/site-packages/setuptools/_vendor/more_itertools/__pycache__) by extension 'colcon_pkg'
[0.655s] Level 1:colcon.colcon_core.package_identification:_identify(venv/lib/python3.12/site-packages/setuptools/_vendor/more_itertools/__pycache__) by extensions ['colcon_meta']
[0.655s] Level 1:colcon.colcon_core.package_identification:_identify(venv/lib/python3.12/site-packages/setuptools/_vendor/more_itertools/__pycache__) by extension 'colcon_meta'
[0.655s] Level 1:colcon.colcon_core.package_identification:_identify(venv/lib/python3.12/site-packages/setuptools/_vendor/more_itertools/__pycache__) by extensions ['ros']
[0.655s] Level 1:colcon.colcon_core.package_identification:_identify(venv/lib/python3.12/site-packages/setuptools/_vendor/more_itertools/__pycache__) by extension 'ros'
[0.655s] Level 1:colcon.colcon_core.package_identification:_identify(venv/lib/python3.12/site-packages/setuptools/_vendor/more_itertools/__pycache__) by extensions ['cmake', 'python']
[0.655s] Level 1:colcon.colcon_core.package_identification:_identify(venv/lib/python3.12/site-packages/setuptools/_vendor/more_itertools/__pycache__) by extension 'cmake'
[0.655s] Level 1:colcon.colcon_core.package_identification:_identify(venv/lib/python3.12/site-packages/setuptools/_vendor/more_itertools/__pycache__) by extension 'python'
[0.655s] Level 1:colcon.colcon_core.package_identification:_identify(venv/lib/python3.12/site-packages/setuptools/_vendor/more_itertools/__pycache__) by extensions ['python_setup_py']
[0.655s] Level 1:colcon.colcon_core.package_identification:_identify(venv/lib/python3.12/site-packages/setuptools/_vendor/more_itertools/__pycache__) by extension 'python_setup_py'
[0.655s] Level 1:colcon.colcon_core.package_identification:_identify(venv/lib/python3.12/site-packages/setuptools/_vendor/more_itertools-10.8.0.dist-info) by extensions ['ignore', 'ignore_ament_install']
[0.656s] Level 1:colcon.colcon_core.package_identification:_identify(venv/lib/python3.12/site-packages/setuptools/_vendor/more_itertools-10.8.0.dist-info) by extension 'ignore'
[0.656s] Level 1:colcon.colcon_core.package_identification:_identify(venv/lib/python3.12/site-packages/setuptools/_vendor/more_itertools-10.8.0.dist-info) by extension 'ignore_ament_install'
[0.656s] Level 1:colcon.colcon_core.package_identification:_identify(venv/lib/python3.12/site-packages/setuptools/_vendor/more_itertools-10.8.0.dist-info) by extensions ['colcon_pkg']
[0.656s] Level 1:colcon.colcon_core.package_identification:_identify(venv/lib/python3.12/site-packages/setuptools/_vendor/more_itertools-10.8.0.dist-info) by extension 'colcon_pkg'
[0.656s] Level 1:colcon.colcon_core.package_identification:_identify(venv/lib/python3.12/site-packages/setuptools/_vendor/more_itertools-10.8.0.dist-info) by extensions ['colcon_meta']
[0.656s] Level 1:colcon.colcon_core.package_identification:_identify(venv/lib/python3.12/site-packages/setuptools/_vendor/more_itertools-10.8.0.dist-info) by extension 'colcon_meta'
[0.656s] Level 1:colcon.colcon_core.package_identification:_identify(venv/lib/python3.12/site-packages/setuptools/_vendor/more_itertools-10.8.0.dist-info) by extensions ['ros']
[0.656s] Level 1:colcon.colcon_core.package_identification:_identify(venv/lib/python3.12/site-packages/setuptools/_vendor/more_itertools-10.8.0.dist-info) by extension 'ros'
[0.656s] Level 1:colcon.colcon_core.package_identification:_identify(venv/lib/python3.12/site-packages/setuptools/_vendor/more_itertools-10.8.0.dist-info) by extensions ['cmake', 'python']
[0.656s] Level 1:colcon.colcon_core.package_identification:_identify(venv/lib/python3.12/site-packages/setuptools/_vendor/more_itertools-10.8.0.dist-info) by extension 'cmake'
[0.657s] Level 1:colcon.colcon_core.package_identification:_identify(venv/lib/python3.12/site-packages/setuptools/_vendor/more_itertools-10.8.0.dist-info) by extension 'python'
[0.657s] Level 1:colcon.colcon_core.package_identification:_identify(venv/lib/python3.12/site-packages/setuptools/_vendor/more_itertools-10.8.0.dist-info) by extensions ['python_setup_py']
[0.657s] Level 1:colcon.colcon_core.package_identification:_identify(venv/lib/python3.12/site-packages/setuptools/_vendor/more_itertools-10.8.0.dist-info) by extension 'python_setup_py'
[0.657s] Level 1:colcon.colcon_core.package_identification:_identify(venv/lib/python3.12/site-packages/setuptools/_vendor/more_itertools-10.8.0.dist-info/licenses) by extensions ['ignore', 'ignore_ament_install']
[0.657s] Level 1:colcon.colcon_core.package_identification:_identify(venv/lib/python3.12/site-packages/setuptools/_vendor/more_itertools-10.8.0.dist-info/licenses) by extension 'ignore'
[0.657s] Level 1:colcon.colcon_core.package_identification:_identify(venv/lib/python3.12/site-packages/setuptools/_vendor/more_itertools-10.8.0.dist-info/licenses) by extension 'ignore_ament_install'
[0.657s] Level 1:colcon.colcon_core.package_identification:_identify(venv/lib/python3.12/site-packages/setuptools/_vendor/more_itertools-10.8.0.dist-info/licenses) by extensions ['colcon_pkg']
[0.657s] Level 1:colcon.colcon_core.package_identification:_identify(venv/lib/python3.12/site-packages/setuptools/_vendor/more_itertools-10.8.0.dist-info/licenses) by extension 'colcon_pkg'
[0.657s] Level 1:colcon.colcon_core.package_identification:_identify(venv/lib/python3.12/site-packages/setuptools/_vendor/more_itertools-10.8.0.dist-info/licenses) by extensions ['colcon_meta']
[0.657s] Level 1:colcon.colcon_core.package_identification:_identify(venv/lib/python3.12/site-packages/setuptools/_vendor/more_itertools-10.8.0.dist-info/licenses) by extension 'colcon_meta'
[0.657s] Level 1:colcon.colcon_core.package_identification:_identify(venv/lib/python3.12/site-packages/setuptools/_vendor/more_itertools-10.8.0.dist-info/licenses) by extensions ['ros']
[0.657s] Level 1:colcon.colcon_core.package_identification:_identify(venv/lib/python3.12/site-packages/setuptools/_vendor/more_itertools-10.8.0.dist-info/licenses) by extension 'ros'
[0.657s] Level 1:colcon.colcon_core.package_identification:_identify(venv/lib/python3.12/site-packages/setuptools/_vendor/more_itertools-10.8.0.dist-info/licenses) by extensions ['cmake', 'python']
[0.658s] Level 1:colcon.colcon_core.package_identification:_identify(venv/lib/python3.12/site-packages/setuptools/_vendor/more_itertools-10.8.0.dist-info/licenses) by extension 'cmake'
[0.658s] Level 1:colcon.colcon_core.package_identification:_identify(venv/lib/python3.12/site-packages/setuptools/_vendor/more_itertools-10.8.0.dist-info/licenses) by extension 'python'
[0.658s] Level 1:colcon.colcon_core.package_identification:_identify(venv/lib/python3.12/site-packages/setuptools/_vendor/more_itertools-10.8.0.dist-info/licenses) by extensions ['python_setup_py']
[0.658s] Level 1:colcon.colcon_core.package_identification:_identify(venv/lib/python3.12/site-packages/setuptools/_vendor/more_itertools-10.8.0.dist-info/licenses) by extension 'python_setup_py'
[0.658s] Level 1:colcon.colcon_core.package_identification:_identify(venv/lib/python3.12/site-packages/setuptools/_vendor/packaging) by extensions ['ignore', 'ignore_ament_install']
[0.658s] Level 1:colcon.colcon_core.package_identification:_identify(venv/lib/python3.12/site-packages/setuptools/_vendor/packaging) by extension 'ignore'
[0.658s] Level 1:colcon.colcon_core.package_identification:_identify(venv/lib/python3.12/site-packages/setuptools/_vendor/packaging) by extension 'ignore_ament_install'
[0.658s] Level 1:colcon.colcon_core.package_identification:_identify(venv/lib/python3.12/site-packages/setuptools/_vendor/packaging) by extensions ['colcon_pkg']
[0.658s] Level 1:colcon.colcon_core.package_identification:_identify(venv/lib/python3.12/site-packages/setuptools/_vendor/packaging) by extension 'colcon_pkg'
[0.658s] Level 1:colcon.colcon_core.package_identification:_identify(venv/lib/python3.12/site-packages/setuptools/_vendor/packaging) by extensions ['colcon_meta']
[0.658s] Level 1:colcon.colcon_core.package_identification:_identify(venv/lib/python3.12/site-packages/setuptools/_vendor/packaging) by extension 'colcon_meta'
[0.658s] Level 1:colcon.colcon_core.package_identification:_identify(venv/lib/python3.12/site-packages/setuptools/_vendor/packaging) by extensions ['ros']
[0.658s] Level 1:colcon.colcon_core.package_identification:_identify(venv/lib/python3.12/site-packages/setuptools/_vendor/packaging) by extension 'ros'
[0.658s] Level 1:colcon.colcon_core.package_identification:_identify(venv/lib/python3.12/site-packages/setuptools/_vendor/packaging) by extensions ['cmake', 'python']
[0.659s] Level 1:colcon.colcon_core.package_identification:_identify(venv/lib/python3.12/site-packages/setuptools/_vendor/packaging) by extension 'cmake'
[0.659s] Level 1:colcon.colcon_core.package_identification:_identify(venv/lib/python3.12/site-packages/setuptools/_vendor/packaging) by extension 'python'
[0.659s] Level 1:colcon.colcon_core.package_identification:_identify(venv/lib/python3.12/site-packages/setuptools/_vendor/packaging) by extensions ['python_setup_py']
[0.659s] Level 1:colcon.colcon_core.package_identification:_identify(venv/lib/python3.12/site-packages/setuptools/_vendor/packaging) by extension 'python_setup_py'
[0.659s] Level 1:colcon.colcon_core.package_identification:_identify(venv/lib/python3.12/site-packages/setuptools/_vendor/packaging/__pycache__) by extensions ['ignore', 'ignore_ament_install']
[0.659s] Level 1:colcon.colcon_core.package_identification:_identify(venv/lib/python3.12/site-packages/setuptools/_vendor/packaging/__pycache__) by extension 'ignore'
[0.659s] Level 1:colcon.colcon_core.package_identification:_identify(venv/lib/python3.12/site-packages/setuptools/_vendor/packaging/__pycache__) by extension 'ignore_ament_install'
[0.659s] Level 1:colcon.colcon_core.package_identification:_identify(venv/lib/python3.12/site-packages/setuptools/_vendor/packaging/__pycache__) by extensions ['colcon_pkg']
[0.659s] Level 1:colcon.colcon_core.package_identification:_identify(venv/lib/python3.12/site-packages/setuptools/_vendor/packaging/__pycache__) by extension 'colcon_pkg'
[0.659s] Level 1:colcon.colcon_core.package_identification:_identify(venv/lib/python3.12/site-packages/setuptools/_vendor/packaging/__pycache__) by extensions ['colcon_meta']
[0.659s] Level 1:colcon.colcon_core.package_identification:_identify(venv/lib/python3.12/site-packages/setuptools/_vendor/packaging/__pycache__) by extension 'colcon_meta'
[0.659s] Level 1:colcon.colcon_core.package_identification:_identify(venv/lib/python3.12/site-packages/setuptools/_vendor/packaging/__pycache__) by extensions ['ros']
[0.659s] Level 1:colcon.colcon_core.package_identification:_identify(venv/lib/python3.12/site-packages/setuptools/_vendor/packaging/__pycache__) by extension 'ros'
[0.659s] Level 1:colcon.colcon_core.package_identification:_identify(venv/lib/python3.12/site-packages/setuptools/_vendor/packaging/__pycache__) by extensions ['cmake', 'python']
[0.660s] Level 1:colcon.colcon_core.package_identification:_identify(venv/lib/python3.12/site-packages/setuptools/_vendor/packaging/__pycache__) by extension 'cmake'
[0.660s] Level 1:colcon.colcon_core.package_identification:_identify(venv/lib/python3.12/site-packages/setuptools/_vendor/packaging/__pycache__) by extension 'python'
[0.660s] Level 1:colcon.colcon_core.package_identification:_identify(venv/lib/python3.12/site-packages/setuptools/_vendor/packaging/__pycache__) by extensions ['python_setup_py']
[0.660s] Level 1:colcon.colcon_core.package_identification:_identify(venv/lib/python3.12/site-packages/setuptools/_vendor/packaging/__pycache__) by extension 'python_setup_py'
[0.660s] Level 1:colcon.colcon_core.package_identification:_identify(venv/lib/python3.12/site-packages/setuptools/_vendor/packaging/licenses) by extensions ['ignore', 'ignore_ament_install']
[0.660s] Level 1:colcon.colcon_core.package_identification:_identify(venv/lib/python3.12/site-packages/setuptools/_vendor/packaging/licenses) by extension 'ignore'
[0.660s] Level 1:colcon.colcon_core.package_identification:_identify(venv/lib/python3.12/site-packages/setuptools/_vendor/packaging/licenses) by extension 'ignore_ament_install'
[0.660s] Level 1:colcon.colcon_core.package_identification:_identify(venv/lib/python3.12/site-packages/setuptools/_vendor/packaging/licenses) by extensions ['colcon_pkg']
[0.660s] Level 1:colcon.colcon_core.package_identification:_identify(venv/lib/python3.12/site-packages/setuptools/_vendor/packaging/licenses) by extension 'colcon_pkg'
[0.660s] Level 1:colcon.colcon_core.package_identification:_identify(venv/lib/python3.12/site-packages/setuptools/_vendor/packaging/licenses) by extensions ['colcon_meta']
[0.660s] Level 1:colcon.colcon_core.package_identification:_identify(venv/lib/python3.12/site-packages/setuptools/_vendor/packaging/licenses) by extension 'colcon_meta'
[0.660s] Level 1:colcon.colcon_core.package_identification:_identify(venv/lib/python3.12/site-packages/setuptools/_vendor/packaging/licenses) by extensions ['ros']
[0.660s] Level 1:colcon.colcon_core.package_identification:_identify(venv/lib/python3.12/site-packages/setuptools/_vendor/packaging/licenses) by extension 'ros'
[0.661s] Level 1:colcon.colcon_core.package_identification:_identify(venv/lib/python3.12/site-packages/setuptools/_vendor/packaging/licenses) by extensions ['cmake', 'python']
[0.661s] Level 1:colcon.colcon_core.package_identification:_identify(venv/lib/python3.12/site-packages/setuptools/_vendor/packaging/licenses) by extension 'cmake'
[0.661s] Level 1:colcon.colcon_core.package_identification:_identify(venv/lib/python3.12/site-packages/setuptools/_vendor/packaging/licenses) by extension 'python'
[0.661s] Level 1:colcon.colcon_core.package_identification:_identify(venv/lib/python3.12/site-packages/setuptools/_vendor/packaging/licenses) by extensions ['python_setup_py']
[0.661s] Level 1:colcon.colcon_core.package_identification:_identify(venv/lib/python3.12/site-packages/setuptools/_vendor/packaging/licenses) by extension 'python_setup_py'
[0.661s] Level 1:colcon.colcon_core.package_identification:_identify(venv/lib/python3.12/site-packages/setuptools/_vendor/packaging/licenses/__pycache__) by extensions ['ignore', 'ignore_ament_install']
[0.661s] Level 1:colcon.colcon_core.package_identification:_identify(venv/lib/python3.12/site-packages/setuptools/_vendor/packaging/licenses/__pycache__) by extension 'ignore'
[0.661s] Level 1:colcon.colcon_core.package_identification:_identify(venv/lib/python3.12/site-packages/setuptools/_vendor/packaging/licenses/__pycache__) by extension 'ignore_ament_install'
[0.661s] Level 1:colcon.colcon_core.package_identification:_identify(venv/lib/python3.12/site-packages/setuptools/_vendor/packaging/licenses/__pycache__) by extensions ['colcon_pkg']
[0.661s] Level 1:colcon.colcon_core.package_identification:_identify(venv/lib/python3.12/site-packages/setuptools/_vendor/packaging/licenses/__pycache__) by extension 'colcon_pkg'
[0.661s] Level 1:colcon.colcon_core.package_identification:_identify(venv/lib/python3.12/site-packages/setuptools/_vendor/packaging/licenses/__pycache__) by extensions ['colcon_meta']
[0.661s] Level 1:colcon.colcon_core.package_identification:_identify(venv/lib/python3.12/site-packages/setuptools/_vendor/packaging/licenses/__pycache__) by extension 'colcon_meta'
[0.662s] Level 1:colcon.colcon_core.package_identification:_identify(venv/lib/python3.12/site-packages/setuptools/_vendor/packaging/licenses/__pycache__) by extensions ['ros']
[0.662s] Level 1:colcon.colcon_core.package_identification:_identify(venv/lib/python3.12/site-packages/setuptools/_vendor/packaging/licenses/__pycache__) by extension 'ros'
[0.662s] Level 1:colcon.colcon_core.package_identification:_identify(venv/lib/python3.12/site-packages/setuptools/_vendor/packaging/licenses/__pycache__) by extensions ['cmake', 'python']
[0.662s] Level 1:colcon.colcon_core.package_identification:_identify(venv/lib/python3.12/site-packages/setuptools/_vendor/packaging/licenses/__pycache__) by extension 'cmake'
[0.662s] Level 1:colcon.colcon_core.package_identification:_identify(venv/lib/python3.12/site-packages/setuptools/_vendor/packaging/licenses/__pycache__) by extension 'python'
[0.662s] Level 1:colcon.colcon_core.package_identification:_identify(venv/lib/python3.12/site-packages/setuptools/_vendor/packaging/licenses/__pycache__) by extensions ['python_setup_py']
[0.662s] Level 1:colcon.colcon_core.package_identification:_identify(venv/lib/python3.12/site-packages/setuptools/_vendor/packaging/licenses/__pycache__) by extension 'python_setup_py'
[0.662s] Level 1:colcon.colcon_core.package_identification:_identify(venv/lib/python3.12/site-packages/setuptools/_vendor/packaging-26.0.dist-info) by extensions ['ignore', 'ignore_ament_install']
[0.662s] Level 1:colcon.colcon_core.package_identification:_identify(venv/lib/python3.12/site-packages/setuptools/_vendor/packaging-26.0.dist-info) by extension 'ignore'
[0.662s] Level 1:colcon.colcon_core.package_identification:_identify(venv/lib/python3.12/site-packages/setuptools/_vendor/packaging-26.0.dist-info) by extension 'ignore_ament_install'
[0.662s] Level 1:colcon.colcon_core.package_identification:_identify(venv/lib/python3.12/site-packages/setuptools/_vendor/packaging-26.0.dist-info) by extensions ['colcon_pkg']
[0.662s] Level 1:colcon.colcon_core.package_identification:_identify(venv/lib/python3.12/site-packages/setuptools/_vendor/packaging-26.0.dist-info) by extension 'colcon_pkg'
[0.662s] Level 1:colcon.colcon_core.package_identification:_identify(venv/lib/python3.12/site-packages/setuptools/_vendor/packaging-26.0.dist-info) by extensions ['colcon_meta']
[0.662s] Level 1:colcon.colcon_core.package_identification:_identify(venv/lib/python3.12/site-packages/setuptools/_vendor/packaging-26.0.dist-info) by extension 'colcon_meta'
[0.663s] Level 1:colcon.colcon_core.package_identification:_identify(venv/lib/python3.12/site-packages/setuptools/_vendor/packaging-26.0.dist-info) by extensions ['ros']
[0.663s] Level 1:colcon.colcon_core.package_identification:_identify(venv/lib/python3.12/site-packages/setuptools/_vendor/packaging-26.0.dist-info) by extension 'ros'
[0.663s] Level 1:colcon.colcon_core.package_identification:_identify(venv/lib/python3.12/site-packages/setuptools/_vendor/packaging-26.0.dist-info) by extensions ['cmake', 'python']
[0.663s] Level 1:colcon.colcon_core.package_identification:_identify(venv/lib/python3.12/site-packages/setuptools/_vendor/packaging-26.0.dist-info) by extension 'cmake'
[0.663s] Level 1:colcon.colcon_core.package_identification:_identify(venv/lib/python3.12/site-packages/setuptools/_vendor/packaging-26.0.dist-info) by extension 'python'
[0.663s] Level 1:colcon.colcon_core.package_identification:_identify(venv/lib/python3.12/site-packages/setuptools/_vendor/packaging-26.0.dist-info) by extensions ['python_setup_py']
[0.663s] Level 1:colcon.colcon_core.package_identification:_identify(venv/lib/python3.12/site-packages/setuptools/_vendor/packaging-26.0.dist-info) by extension 'python_setup_py'
[0.663s] Level 1:colcon.colcon_core.package_identification:_identify(venv/lib/python3.12/site-packages/setuptools/_vendor/packaging-26.0.dist-info/licenses) by extensions ['ignore', 'ignore_ament_install']
[0.663s] Level 1:colcon.colcon_core.package_identification:_identify(venv/lib/python3.12/site-packages/setuptools/_vendor/packaging-26.0.dist-info/licenses) by extension 'ignore'
[0.663s] Level 1:colcon.colcon_core.package_identification:_identify(venv/lib/python3.12/site-packages/setuptools/_vendor/packaging-26.0.dist-info/licenses) by extension 'ignore_ament_install'
[0.663s] Level 1:colcon.colcon_core.package_identification:_identify(venv/lib/python3.12/site-packages/setuptools/_vendor/packaging-26.0.dist-info/licenses) by extensions ['colcon_pkg']
[0.663s] Level 1:colcon.colcon_core.package_identification:_identify(venv/lib/python3.12/site-packages/setuptools/_vendor/packaging-26.0.dist-info/licenses) by extension 'colcon_pkg'
[0.663s] Level 1:colcon.colcon_core.package_identification:_identify(venv/lib/python3.12/site-packages/setuptools/_vendor/packaging-26.0.dist-info/licenses) by extensions ['colcon_meta']
[0.663s] Level 1:colcon.colcon_core.package_identification:_identify(venv/lib/python3.12/site-packages/setuptools/_vendor/packaging-26.0.dist-info/licenses) by extension 'colcon_meta'
[0.664s] Level 1:colcon.colcon_core.package_identification:_identify(venv/lib/python3.12/site-packages/setuptools/_vendor/packaging-26.0.dist-info/licenses) by extensions ['ros']
[0.664s] Level 1:colcon.colcon_core.package_identification:_identify(venv/lib/python3.12/site-packages/setuptools/_vendor/packaging-26.0.dist-info/licenses) by extension 'ros'
[0.664s] Level 1:colcon.colcon_core.package_identification:_identify(venv/lib/python3.12/site-packages/setuptools/_vendor/packaging-26.0.dist-info/licenses) by extensions ['cmake', 'python']
[0.664s] Level 1:colcon.colcon_core.package_identification:_identify(venv/lib/python3.12/site-packages/setuptools/_vendor/packaging-26.0.dist-info/licenses) by extension 'cmake'
[0.664s] Level 1:colcon.colcon_core.package_identification:_identify(venv/lib/python3.12/site-packages/setuptools/_vendor/packaging-26.0.dist-info/licenses) by extension 'python'
[0.664s] Level 1:colcon.colcon_core.package_identification:_identify(venv/lib/python3.12/site-packages/setuptools/_vendor/packaging-26.0.dist-info/licenses) by extensions ['python_setup_py']
[0.664s] Level 1:colcon.colcon_core.package_identification:_identify(venv/lib/python3.12/site-packages/setuptools/_vendor/packaging-26.0.dist-info/licenses) by extension 'python_setup_py'
[0.664s] Level 1:colcon.colcon_core.package_identification:_identify(venv/lib/python3.12/site-packages/setuptools/_vendor/platformdirs) by extensions ['ignore', 'ignore_ament_install']
[0.664s] Level 1:colcon.colcon_core.package_identification:_identify(venv/lib/python3.12/site-packages/setuptools/_vendor/platformdirs) by extension 'ignore'
[0.664s] Level 1:colcon.colcon_core.package_identification:_identify(venv/lib/python3.12/site-packages/setuptools/_vendor/platformdirs) by extension 'ignore_ament_install'
[0.664s] Level 1:colcon.colcon_core.package_identification:_identify(venv/lib/python3.12/site-packages/setuptools/_vendor/platformdirs) by extensions ['colcon_pkg']
[0.664s] Level 1:colcon.colcon_core.package_identification:_identify(venv/lib/python3.12/site-packages/setuptools/_vendor/platformdirs) by extension 'colcon_pkg'
[0.664s] Level 1:colcon.colcon_core.package_identification:_identify(venv/lib/python3.12/site-packages/setuptools/_vendor/platformdirs) by extensions ['colcon_meta']
[0.664s] Level 1:colcon.colcon_core.package_identification:_identify(venv/lib/python3.12/site-packages/setuptools/_vendor/platformdirs) by extension 'colcon_meta'
[0.665s] Level 1:colcon.colcon_core.package_identification:_identify(venv/lib/python3.12/site-packages/setuptools/_vendor/platformdirs) by extensions ['ros']
[0.665s] Level 1:colcon.colcon_core.package_identification:_identify(venv/lib/python3.12/site-packages/setuptools/_vendor/platformdirs) by extension 'ros'
[0.665s] Level 1:colcon.colcon_core.package_identification:_identify(venv/lib/python3.12/site-packages/setuptools/_vendor/platformdirs) by extensions ['cmake', 'python']
[0.665s] Level 1:colcon.colcon_core.package_identification:_identify(venv/lib/python3.12/site-packages/setuptools/_vendor/platformdirs) by extension 'cmake'
[0.665s] Level 1:colcon.colcon_core.package_identification:_identify(venv/lib/python3.12/site-packages/setuptools/_vendor/platformdirs) by extension 'python'
[0.665s] Level 1:colcon.colcon_core.package_identification:_identify(venv/lib/python3.12/site-packages/setuptools/_vendor/platformdirs) by extensions ['python_setup_py']
[0.665s] Level 1:colcon.colcon_core.package_identification:_identify(venv/lib/python3.12/site-packages/setuptools/_vendor/platformdirs) by extension 'python_setup_py'
[0.665s] Level 1:colcon.colcon_core.package_identification:_identify(venv/lib/python3.12/site-packages/setuptools/_vendor/platformdirs/__pycache__) by extensions ['ignore', 'ignore_ament_install']
[0.665s] Level 1:colcon.colcon_core.package_identification:_identify(venv/lib/python3.12/site-packages/setuptools/_vendor/platformdirs/__pycache__) by extension 'ignore'
[0.665s] Level 1:colcon.colcon_core.package_identification:_identify(venv/lib/python3.12/site-packages/setuptools/_vendor/platformdirs/__pycache__) by extension 'ignore_ament_install'
[0.665s] Level 1:colcon.colcon_core.package_identification:_identify(venv/lib/python3.12/site-packages/setuptools/_vendor/platformdirs/__pycache__) by extensions ['colcon_pkg']
[0.665s] Level 1:colcon.colcon_core.package_identification:_identify(venv/lib/python3.12/site-packages/setuptools/_vendor/platformdirs/__pycache__) by extension 'colcon_pkg'
[0.665s] Level 1:colcon.colcon_core.package_identification:_identify(venv/lib/python3.12/site-packages/setuptools/_vendor/platformdirs/__pycache__) by extensions ['colcon_meta']
[0.665s] Level 1:colcon.colcon_core.package_identification:_identify(venv/lib/python3.12/site-packages/setuptools/_vendor/platformdirs/__pycache__) by extension 'colcon_meta'
[0.666s] Level 1:colcon.colcon_core.package_identification:_identify(venv/lib/python3.12/site-packages/setuptools/_vendor/platformdirs/__pycache__) by extensions ['ros']
[0.666s] Level 1:colcon.colcon_core.package_identification:_identify(venv/lib/python3.12/site-packages/setuptools/_vendor/platformdirs/__pycache__) by extension 'ros'
[0.666s] Level 1:colcon.colcon_core.package_identification:_identify(venv/lib/python3.12/site-packages/setuptools/_vendor/platformdirs/__pycache__) by extensions ['cmake', 'python']
[0.666s] Level 1:colcon.colcon_core.package_identification:_identify(venv/lib/python3.12/site-packages/setuptools/_vendor/platformdirs/__pycache__) by extension 'cmake'
[0.666s] Level 1:colcon.colcon_core.package_identification:_identify(venv/lib/python3.12/site-packages/setuptools/_vendor/platformdirs/__pycache__) by extension 'python'
[0.666s] Level 1:colcon.colcon_core.package_identification:_identify(venv/lib/python3.12/site-packages/setuptools/_vendor/platformdirs/__pycache__) by extensions ['python_setup_py']
[0.666s] Level 1:colcon.colcon_core.package_identification:_identify(venv/lib/python3.12/site-packages/setuptools/_vendor/platformdirs/__pycache__) by extension 'python_setup_py'
[0.666s] Level 1:colcon.colcon_core.package_identification:_identify(venv/lib/python3.12/site-packages/setuptools/_vendor/platformdirs-4.4.0.dist-info) by extensions ['ignore', 'ignore_ament_install']
[0.666s] Level 1:colcon.colcon_core.package_identification:_identify(venv/lib/python3.12/site-packages/setuptools/_vendor/platformdirs-4.4.0.dist-info) by extension 'ignore'
[0.666s] Level 1:colcon.colcon_core.package_identification:_identify(venv/lib/python3.12/site-packages/setuptools/_vendor/platformdirs-4.4.0.dist-info) by extension 'ignore_ament_install'
[0.666s] Level 1:colcon.colcon_core.package_identification:_identify(venv/lib/python3.12/site-packages/setuptools/_vendor/platformdirs-4.4.0.dist-info) by extensions ['colcon_pkg']
[0.666s] Level 1:colcon.colcon_core.package_identification:_identify(venv/lib/python3.12/site-packages/setuptools/_vendor/platformdirs-4.4.0.dist-info) by extension 'colcon_pkg'
[0.666s] Level 1:colcon.colcon_core.package_identification:_identify(venv/lib/python3.12/site-packages/setuptools/_vendor/platformdirs-4.4.0.dist-info) by extensions ['colcon_meta']
[0.666s] Level 1:colcon.colcon_core.package_identification:_identify(venv/lib/python3.12/site-packages/setuptools/_vendor/platformdirs-4.4.0.dist-info) by extension 'colcon_meta'
[0.667s] Level 1:colcon.colcon_core.package_identification:_identify(venv/lib/python3.12/site-packages/setuptools/_vendor/platformdirs-4.4.0.dist-info) by extensions ['ros']
[0.667s] Level 1:colcon.colcon_core.package_identification:_identify(venv/lib/python3.12/site-packages/setuptools/_vendor/platformdirs-4.4.0.dist-info) by extension 'ros'
[0.667s] Level 1:colcon.colcon_core.package_identification:_identify(venv/lib/python3.12/site-packages/setuptools/_vendor/platformdirs-4.4.0.dist-info) by extensions ['cmake', 'python']
[0.667s] Level 1:colcon.colcon_core.package_identification:_identify(venv/lib/python3.12/site-packages/setuptools/_vendor/platformdirs-4.4.0.dist-info) by extension 'cmake'
[0.667s] Level 1:colcon.colcon_core.package_identification:_identify(venv/lib/python3.12/site-packages/setuptools/_vendor/platformdirs-4.4.0.dist-info) by extension 'python'
[0.667s] Level 1:colcon.colcon_core.package_identification:_identify(venv/lib/python3.12/site-packages/setuptools/_vendor/platformdirs-4.4.0.dist-info) by extensions ['python_setup_py']
[0.667s] Level 1:colcon.colcon_core.package_identification:_identify(venv/lib/python3.12/site-packages/setuptools/_vendor/platformdirs-4.4.0.dist-info) by extension 'python_setup_py'
[0.667s] Level 1:colcon.colcon_core.package_identification:_identify(venv/lib/python3.12/site-packages/setuptools/_vendor/platformdirs-4.4.0.dist-info/licenses) by extensions ['ignore', 'ignore_ament_install']
[0.667s] Level 1:colcon.colcon_core.package_identification:_identify(venv/lib/python3.12/site-packages/setuptools/_vendor/platformdirs-4.4.0.dist-info/licenses) by extension 'ignore'
[0.667s] Level 1:colcon.colcon_core.package_identification:_identify(venv/lib/python3.12/site-packages/setuptools/_vendor/platformdirs-4.4.0.dist-info/licenses) by extension 'ignore_ament_install'
[0.667s] Level 1:colcon.colcon_core.package_identification:_identify(venv/lib/python3.12/site-packages/setuptools/_vendor/platformdirs-4.4.0.dist-info/licenses) by extensions ['colcon_pkg']
[0.667s] Level 1:colcon.colcon_core.package_identification:_identify(venv/lib/python3.12/site-packages/setuptools/_vendor/platformdirs-4.4.0.dist-info/licenses) by extension 'colcon_pkg'
[0.667s] Level 1:colcon.colcon_core.package_identification:_identify(venv/lib/python3.12/site-packages/setuptools/_vendor/platformdirs-4.4.0.dist-info/licenses) by extensions ['colcon_meta']
[0.668s] Level 1:colcon.colcon_core.package_identification:_identify(venv/lib/python3.12/site-packages/setuptools/_vendor/platformdirs-4.4.0.dist-info/licenses) by extension 'colcon_meta'
[0.668s] Level 1:colcon.colcon_core.package_identification:_identify(venv/lib/python3.12/site-packages/setuptools/_vendor/platformdirs-4.4.0.dist-info/licenses) by extensions ['ros']
[0.668s] Level 1:colcon.colcon_core.package_identification:_identify(venv/lib/python3.12/site-packages/setuptools/_vendor/platformdirs-4.4.0.dist-info/licenses) by extension 'ros'
[0.668s] Level 1:colcon.colcon_core.package_identification:_identify(venv/lib/python3.12/site-packages/setuptools/_vendor/platformdirs-4.4.0.dist-info/licenses) by extensions ['cmake', 'python']
[0.668s] Level 1:colcon.colcon_core.package_identification:_identify(venv/lib/python3.12/site-packages/setuptools/_vendor/platformdirs-4.4.0.dist-info/licenses) by extension 'cmake'
[0.668s] Level 1:colcon.colcon_core.package_identification:_identify(venv/lib/python3.12/site-packages/setuptools/_vendor/platformdirs-4.4.0.dist-info/licenses) by extension 'python'
[0.668s] Level 1:colcon.colcon_core.package_identification:_identify(venv/lib/python3.12/site-packages/setuptools/_vendor/platformdirs-4.4.0.dist-info/licenses) by extensions ['python_setup_py']
[0.668s] Level 1:colcon.colcon_core.package_identification:_identify(venv/lib/python3.12/site-packages/setuptools/_vendor/platformdirs-4.4.0.dist-info/licenses) by extension 'python_setup_py'
[0.668s] Level 1:colcon.colcon_core.package_identification:_identify(venv/lib/python3.12/site-packages/setuptools/_vendor/tomli) by extensions ['ignore', 'ignore_ament_install']
[0.668s] Level 1:colcon.colcon_core.package_identification:_identify(venv/lib/python3.12/site-packages/setuptools/_vendor/tomli) by extension 'ignore'
[0.668s] Level 1:colcon.colcon_core.package_identification:_identify(venv/lib/python3.12/site-packages/setuptools/_vendor/tomli) by extension 'ignore_ament_install'
[0.668s] Level 1:colcon.colcon_core.package_identification:_identify(venv/lib/python3.12/site-packages/setuptools/_vendor/tomli) by extensions ['colcon_pkg']
[0.668s] Level 1:colcon.colcon_core.package_identification:_identify(venv/lib/python3.12/site-packages/setuptools/_vendor/tomli) by extension 'colcon_pkg'
[0.668s] Level 1:colcon.colcon_core.package_identification:_identify(venv/lib/python3.12/site-packages/setuptools/_vendor/tomli) by extensions ['colcon_meta']
[0.669s] Level 1:colcon.colcon_core.package_identification:_identify(venv/lib/python3.12/site-packages/setuptools/_vendor/tomli) by extension 'colcon_meta'
[0.669s] Level 1:colcon.colcon_core.package_identification:_identify(venv/lib/python3.12/site-packages/setuptools/_vendor/tomli) by extensions ['ros']
[0.669s] Level 1:colcon.colcon_core.package_identification:_identify(venv/lib/python3.12/site-packages/setuptools/_vendor/tomli) by extension 'ros'
[0.669s] Level 1:colcon.colcon_core.package_identification:_identify(venv/lib/python3.12/site-packages/setuptools/_vendor/tomli) by extensions ['cmake', 'python']
[0.669s] Level 1:colcon.colcon_core.package_identification:_identify(venv/lib/python3.12/site-packages/setuptools/_vendor/tomli) by extension 'cmake'
[0.669s] Level 1:colcon.colcon_core.package_identification:_identify(venv/lib/python3.12/site-packages/setuptools/_vendor/tomli) by extension 'python'
[0.669s] Level 1:colcon.colcon_core.package_identification:_identify(venv/lib/python3.12/site-packages/setuptools/_vendor/tomli) by extensions ['python_setup_py']
[0.669s] Level 1:colcon.colcon_core.package_identification:_identify(venv/lib/python3.12/site-packages/setuptools/_vendor/tomli) by extension 'python_setup_py'
[0.669s] Level 1:colcon.colcon_core.package_identification:_identify(venv/lib/python3.12/site-packages/setuptools/_vendor/tomli/__pycache__) by extensions ['ignore', 'ignore_ament_install']
[0.669s] Level 1:colcon.colcon_core.package_identification:_identify(venv/lib/python3.12/site-packages/setuptools/_vendor/tomli/__pycache__) by extension 'ignore'
[0.669s] Level 1:colcon.colcon_core.package_identification:_identify(venv/lib/python3.12/site-packages/setuptools/_vendor/tomli/__pycache__) by extension 'ignore_ament_install'
[0.669s] Level 1:colcon.colcon_core.package_identification:_identify(venv/lib/python3.12/site-packages/setuptools/_vendor/tomli/__pycache__) by extensions ['colcon_pkg']
[0.669s] Level 1:colcon.colcon_core.package_identification:_identify(venv/lib/python3.12/site-packages/setuptools/_vendor/tomli/__pycache__) by extension 'colcon_pkg'
[0.670s] Level 1:colcon.colcon_core.package_identification:_identify(venv/lib/python3.12/site-packages/setuptools/_vendor/tomli/__pycache__) by extensions ['colcon_meta']
[0.670s] Level 1:colcon.colcon_core.package_identification:_identify(venv/lib/python3.12/site-packages/setuptools/_vendor/tomli/__pycache__) by extension 'colcon_meta'
[0.670s] Level 1:colcon.colcon_core.package_identification:_identify(venv/lib/python3.12/site-packages/setuptools/_vendor/tomli/__pycache__) by extensions ['ros']
[0.670s] Level 1:colcon.colcon_core.package_identification:_identify(venv/lib/python3.12/site-packages/setuptools/_vendor/tomli/__pycache__) by extension 'ros'
[0.670s] Level 1:colcon.colcon_core.package_identification:_identify(venv/lib/python3.12/site-packages/setuptools/_vendor/tomli/__pycache__) by extensions ['cmake', 'python']
[0.670s] Level 1:colcon.colcon_core.package_identification:_identify(venv/lib/python3.12/site-packages/setuptools/_vendor/tomli/__pycache__) by extension 'cmake'
[0.670s] Level 1:colcon.colcon_core.package_identification:_identify(venv/lib/python3.12/site-packages/setuptools/_vendor/tomli/__pycache__) by extension 'python'
[0.670s] Level 1:colcon.colcon_core.package_identification:_identify(venv/lib/python3.12/site-packages/setuptools/_vendor/tomli/__pycache__) by extensions ['python_setup_py']
[0.670s] Level 1:colcon.colcon_core.package_identification:_identify(venv/lib/python3.12/site-packages/setuptools/_vendor/tomli/__pycache__) by extension 'python_setup_py'
[0.670s] Level 1:colcon.colcon_core.package_identification:_identify(venv/lib/python3.12/site-packages/setuptools/_vendor/tomli-2.4.0.dist-info) by extensions ['ignore', 'ignore_ament_install']
[0.670s] Level 1:colcon.colcon_core.package_identification:_identify(venv/lib/python3.12/site-packages/setuptools/_vendor/tomli-2.4.0.dist-info) by extension 'ignore'
[0.670s] Level 1:colcon.colcon_core.package_identification:_identify(venv/lib/python3.12/site-packages/setuptools/_vendor/tomli-2.4.0.dist-info) by extension 'ignore_ament_install'
[0.670s] Level 1:colcon.colcon_core.package_identification:_identify(venv/lib/python3.12/site-packages/setuptools/_vendor/tomli-2.4.0.dist-info) by extensions ['colcon_pkg']
[0.670s] Level 1:colcon.colcon_core.package_identification:_identify(venv/lib/python3.12/site-packages/setuptools/_vendor/tomli-2.4.0.dist-info) by extension 'colcon_pkg'
[0.670s] Level 1:colcon.colcon_core.package_identification:_identify(venv/lib/python3.12/site-packages/setuptools/_vendor/tomli-2.4.0.dist-info) by extensions ['colcon_meta']
[0.670s] Level 1:colcon.colcon_core.package_identification:_identify(venv/lib/python3.12/site-packages/setuptools/_vendor/tomli-2.4.0.dist-info) by extension 'colcon_meta'
[0.671s] Level 1:colcon.colcon_core.package_identification:_identify(venv/lib/python3.12/site-packages/setuptools/_vendor/tomli-2.4.0.dist-info) by extensions ['ros']
[0.671s] Level 1:colcon.colcon_core.package_identification:_identify(venv/lib/python3.12/site-packages/setuptools/_vendor/tomli-2.4.0.dist-info) by extension 'ros'
[0.671s] Level 1:colcon.colcon_core.package_identification:_identify(venv/lib/python3.12/site-packages/setuptools/_vendor/tomli-2.4.0.dist-info) by extensions ['cmake', 'python']
[0.671s] Level 1:colcon.colcon_core.package_identification:_identify(venv/lib/python3.12/site-packages/setuptools/_vendor/tomli-2.4.0.dist-info) by extension 'cmake'
[0.671s] Level 1:colcon.colcon_core.package_identification:_identify(venv/lib/python3.12/site-packages/setuptools/_vendor/tomli-2.4.0.dist-info) by extension 'python'
[0.671s] Level 1:colcon.colcon_core.package_identification:_identify(venv/lib/python3.12/site-packages/setuptools/_vendor/tomli-2.4.0.dist-info) by extensions ['python_setup_py']
[0.671s] Level 1:colcon.colcon_core.package_identification:_identify(venv/lib/python3.12/site-packages/setuptools/_vendor/tomli-2.4.0.dist-info) by extension 'python_setup_py'
[0.671s] Level 1:colcon.colcon_core.package_identification:_identify(venv/lib/python3.12/site-packages/setuptools/_vendor/tomli-2.4.0.dist-info/licenses) by extensions ['ignore', 'ignore_ament_install']
[0.671s] Level 1:colcon.colcon_core.package_identification:_identify(venv/lib/python3.12/site-packages/setuptools/_vendor/tomli-2.4.0.dist-info/licenses) by extension 'ignore'
[0.671s] Level 1:colcon.colcon_core.package_identification:_identify(venv/lib/python3.12/site-packages/setuptools/_vendor/tomli-2.4.0.dist-info/licenses) by extension 'ignore_ament_install'
[0.671s] Level 1:colcon.colcon_core.package_identification:_identify(venv/lib/python3.12/site-packages/setuptools/_vendor/tomli-2.4.0.dist-info/licenses) by extensions ['colcon_pkg']
[0.671s] Level 1:colcon.colcon_core.package_identification:_identify(venv/lib/python3.12/site-packages/setuptools/_vendor/tomli-2.4.0.dist-info/licenses) by extension 'colcon_pkg'
[0.671s] Level 1:colcon.colcon_core.package_identification:_identify(venv/lib/python3.12/site-packages/setuptools/_vendor/tomli-2.4.0.dist-info/licenses) by extensions ['colcon_meta']
[0.671s] Level 1:colcon.colcon_core.package_identification:_identify(venv/lib/python3.12/site-packages/setuptools/_vendor/tomli-2.4.0.dist-info/licenses) by extension 'colcon_meta'
[0.671s] Level 1:colcon.colcon_core.package_identification:_identify(venv/lib/python3.12/site-packages/setuptools/_vendor/tomli-2.4.0.dist-info/licenses) by extensions ['ros']
[0.671s] Level 1:colcon.colcon_core.package_identification:_identify(venv/lib/python3.12/site-packages/setuptools/_vendor/tomli-2.4.0.dist-info/licenses) by extension 'ros'
[0.672s] Level 1:colcon.colcon_core.package_identification:_identify(venv/lib/python3.12/site-packages/setuptools/_vendor/tomli-2.4.0.dist-info/licenses) by extensions ['cmake', 'python']
[0.672s] Level 1:colcon.colcon_core.package_identification:_identify(venv/lib/python3.12/site-packages/setuptools/_vendor/tomli-2.4.0.dist-info/licenses) by extension 'cmake'
[0.672s] Level 1:colcon.colcon_core.package_identification:_identify(venv/lib/python3.12/site-packages/setuptools/_vendor/tomli-2.4.0.dist-info/licenses) by extension 'python'
[0.672s] Level 1:colcon.colcon_core.package_identification:_identify(venv/lib/python3.12/site-packages/setuptools/_vendor/tomli-2.4.0.dist-info/licenses) by extensions ['python_setup_py']
[0.672s] Level 1:colcon.colcon_core.package_identification:_identify(venv/lib/python3.12/site-packages/setuptools/_vendor/tomli-2.4.0.dist-info/licenses) by extension 'python_setup_py'
[0.672s] Level 1:colcon.colcon_core.package_identification:_identify(venv/lib/python3.12/site-packages/setuptools/_vendor/wheel) by extensions ['ignore', 'ignore_ament_install']
[0.672s] Level 1:colcon.colcon_core.package_identification:_identify(venv/lib/python3.12/site-packages/setuptools/_vendor/wheel) by extension 'ignore'
[0.672s] Level 1:colcon.colcon_core.package_identification:_identify(venv/lib/python3.12/site-packages/setuptools/_vendor/wheel) by extension 'ignore_ament_install'
[0.672s] Level 1:colcon.colcon_core.package_identification:_identify(venv/lib/python3.12/site-packages/setuptools/_vendor/wheel) by extensions ['colcon_pkg']
[0.672s] Level 1:colcon.colcon_core.package_identification:_identify(venv/lib/python3.12/site-packages/setuptools/_vendor/wheel) by extension 'colcon_pkg'
[0.672s] Level 1:colcon.colcon_core.package_identification:_identify(venv/lib/python3.12/site-packages/setuptools/_vendor/wheel) by extensions ['colcon_meta']
[0.672s] Level 1:colcon.colcon_core.package_identification:_identify(venv/lib/python3.12/site-packages/setuptools/_vendor/wheel) by extension 'colcon_meta'
[0.672s] Level 1:colcon.colcon_core.package_identification:_identify(venv/lib/python3.12/site-packages/setuptools/_vendor/wheel) by extensions ['ros']
[0.672s] Level 1:colcon.colcon_core.package_identification:_identify(venv/lib/python3.12/site-packages/setuptools/_vendor/wheel) by extension 'ros'
[0.672s] Level 1:colcon.colcon_core.package_identification:_identify(venv/lib/python3.12/site-packages/setuptools/_vendor/wheel) by extensions ['cmake', 'python']
[0.672s] Level 1:colcon.colcon_core.package_identification:_identify(venv/lib/python3.12/site-packages/setuptools/_vendor/wheel) by extension 'cmake'
[0.673s] Level 1:colcon.colcon_core.package_identification:_identify(venv/lib/python3.12/site-packages/setuptools/_vendor/wheel) by extension 'python'
[0.673s] Level 1:colcon.colcon_core.package_identification:_identify(venv/lib/python3.12/site-packages/setuptools/_vendor/wheel) by extensions ['python_setup_py']
[0.673s] Level 1:colcon.colcon_core.package_identification:_identify(venv/lib/python3.12/site-packages/setuptools/_vendor/wheel) by extension 'python_setup_py'
[0.673s] Level 1:colcon.colcon_core.package_identification:_identify(venv/lib/python3.12/site-packages/setuptools/_vendor/wheel/__pycache__) by extensions ['ignore', 'ignore_ament_install']
[0.673s] Level 1:colcon.colcon_core.package_identification:_identify(venv/lib/python3.12/site-packages/setuptools/_vendor/wheel/__pycache__) by extension 'ignore'
[0.673s] Level 1:colcon.colcon_core.package_identification:_identify(venv/lib/python3.12/site-packages/setuptools/_vendor/wheel/__pycache__) by extension 'ignore_ament_install'
[0.673s] Level 1:colcon.colcon_core.package_identification:_identify(venv/lib/python3.12/site-packages/setuptools/_vendor/wheel/__pycache__) by extensions ['colcon_pkg']
[0.673s] Level 1:colcon.colcon_core.package_identification:_identify(venv/lib/python3.12/site-packages/setuptools/_vendor/wheel/__pycache__) by extension 'colcon_pkg'
[0.673s] Level 1:colcon.colcon_core.package_identification:_identify(venv/lib/python3.12/site-packages/setuptools/_vendor/wheel/__pycache__) by extensions ['colcon_meta']
[0.673s] Level 1:colcon.colcon_core.package_identification:_identify(venv/lib/python3.12/site-packages/setuptools/_vendor/wheel/__pycache__) by extension 'colcon_meta'
[0.673s] Level 1:colcon.colcon_core.package_identification:_identify(venv/lib/python3.12/site-packages/setuptools/_vendor/wheel/__pycache__) by extensions ['ros']
[0.673s] Level 1:colcon.colcon_core.package_identification:_identify(venv/lib/python3.12/site-packages/setuptools/_vendor/wheel/__pycache__) by extension 'ros'
[0.673s] Level 1:colcon.colcon_core.package_identification:_identify(venv/lib/python3.12/site-packages/setuptools/_vendor/wheel/__pycache__) by extensions ['cmake', 'python']
[0.673s] Level 1:colcon.colcon_core.package_identification:_identify(venv/lib/python3.12/site-packages/setuptools/_vendor/wheel/__pycache__) by extension 'cmake'
[0.673s] Level 1:colcon.colcon_core.package_identification:_identify(venv/lib/python3.12/site-packages/setuptools/_vendor/wheel/__pycache__) by extension 'python'
[0.673s] Level 1:colcon.colcon_core.package_identification:_identify(venv/lib/python3.12/site-packages/setuptools/_vendor/wheel/__pycache__) by extensions ['python_setup_py']
[0.673s] Level 1:colcon.colcon_core.package_identification:_identify(venv/lib/python3.12/site-packages/setuptools/_vendor/wheel/__pycache__) by extension 'python_setup_py'
[0.674s] Level 1:colcon.colcon_core.package_identification:_identify(venv/lib/python3.12/site-packages/setuptools/_vendor/wheel/_commands) by extensions ['ignore', 'ignore_ament_install']
[0.674s] Level 1:colcon.colcon_core.package_identification:_identify(venv/lib/python3.12/site-packages/setuptools/_vendor/wheel/_commands) by extension 'ignore'
[0.674s] Level 1:colcon.colcon_core.package_identification:_identify(venv/lib/python3.12/site-packages/setuptools/_vendor/wheel/_commands) by extension 'ignore_ament_install'
[0.674s] Level 1:colcon.colcon_core.package_identification:_identify(venv/lib/python3.12/site-packages/setuptools/_vendor/wheel/_commands) by extensions ['colcon_pkg']
[0.674s] Level 1:colcon.colcon_core.package_identification:_identify(venv/lib/python3.12/site-packages/setuptools/_vendor/wheel/_commands) by extension 'colcon_pkg'
[0.674s] Level 1:colcon.colcon_core.package_identification:_identify(venv/lib/python3.12/site-packages/setuptools/_vendor/wheel/_commands) by extensions ['colcon_meta']
[0.674s] Level 1:colcon.colcon_core.package_identification:_identify(venv/lib/python3.12/site-packages/setuptools/_vendor/wheel/_commands) by extension 'colcon_meta'
[0.674s] Level 1:colcon.colcon_core.package_identification:_identify(venv/lib/python3.12/site-packages/setuptools/_vendor/wheel/_commands) by extensions ['ros']
[0.674s] Level 1:colcon.colcon_core.package_identification:_identify(venv/lib/python3.12/site-packages/setuptools/_vendor/wheel/_commands) by extension 'ros'
[0.674s] Level 1:colcon.colcon_core.package_identification:_identify(venv/lib/python3.12/site-packages/setuptools/_vendor/wheel/_commands) by extensions ['cmake', 'python']
[0.674s] Level 1:colcon.colcon_core.package_identification:_identify(venv/lib/python3.12/site-packages/setuptools/_vendor/wheel/_commands) by extension 'cmake'
[0.674s] Level 1:colcon.colcon_core.package_identification:_identify(venv/lib/python3.12/site-packages/setuptools/_vendor/wheel/_commands) by extension 'python'
[0.674s] Level 1:colcon.colcon_core.package_identification:_identify(venv/lib/python3.12/site-packages/setuptools/_vendor/wheel/_commands) by extensions ['python_setup_py']
[0.674s] Level 1:colcon.colcon_core.package_identification:_identify(venv/lib/python3.12/site-packages/setuptools/_vendor/wheel/_commands) by extension 'python_setup_py'
[0.674s] Level 1:colcon.colcon_core.package_identification:_identify(venv/lib/python3.12/site-packages/setuptools/_vendor/wheel/_commands/__pycache__) by extensions ['ignore', 'ignore_ament_install']
[0.675s] Level 1:colcon.colcon_core.package_identification:_identify(venv/lib/python3.12/site-packages/setuptools/_vendor/wheel/_commands/__pycache__) by extension 'ignore'
[0.675s] Level 1:colcon.colcon_core.package_identification:_identify(venv/lib/python3.12/site-packages/setuptools/_vendor/wheel/_commands/__pycache__) by extension 'ignore_ament_install'
[0.675s] Level 1:colcon.colcon_core.package_identification:_identify(venv/lib/python3.12/site-packages/setuptools/_vendor/wheel/_commands/__pycache__) by extensions ['colcon_pkg']
[0.675s] Level 1:colcon.colcon_core.package_identification:_identify(venv/lib/python3.12/site-packages/setuptools/_vendor/wheel/_commands/__pycache__) by extension 'colcon_pkg'
[0.675s] Level 1:colcon.colcon_core.package_identification:_identify(venv/lib/python3.12/site-packages/setuptools/_vendor/wheel/_commands/__pycache__) by extensions ['colcon_meta']
[0.675s] Level 1:colcon.colcon_core.package_identification:_identify(venv/lib/python3.12/site-packages/setuptools/_vendor/wheel/_commands/__pycache__) by extension 'colcon_meta'
[0.675s] Level 1:colcon.colcon_core.package_identification:_identify(venv/lib/python3.12/site-packages/setuptools/_vendor/wheel/_commands/__pycache__) by extensions ['ros']
[0.675s] Level 1:colcon.colcon_core.package_identification:_identify(venv/lib/python3.12/site-packages/setuptools/_vendor/wheel/_commands/__pycache__) by extension 'ros'
[0.675s] Level 1:colcon.colcon_core.package_identification:_identify(venv/lib/python3.12/site-packages/setuptools/_vendor/wheel/_commands/__pycache__) by extensions ['cmake', 'python']
[0.675s] Level 1:colcon.colcon_core.package_identification:_identify(venv/lib/python3.12/site-packages/setuptools/_vendor/wheel/_commands/__pycache__) by extension 'cmake'
[0.675s] Level 1:colcon.colcon_core.package_identification:_identify(venv/lib/python3.12/site-packages/setuptools/_vendor/wheel/_commands/__pycache__) by extension 'python'
[0.675s] Level 1:colcon.colcon_core.package_identification:_identify(venv/lib/python3.12/site-packages/setuptools/_vendor/wheel/_commands/__pycache__) by extensions ['python_setup_py']
[0.675s] Level 1:colcon.colcon_core.package_identification:_identify(venv/lib/python3.12/site-packages/setuptools/_vendor/wheel/_commands/__pycache__) by extension 'python_setup_py'
[0.675s] Level 1:colcon.colcon_core.package_identification:_identify(venv/lib/python3.12/site-packages/setuptools/_vendor/wheel-0.46.3.dist-info) by extensions ['ignore', 'ignore_ament_install']
[0.675s] Level 1:colcon.colcon_core.package_identification:_identify(venv/lib/python3.12/site-packages/setuptools/_vendor/wheel-0.46.3.dist-info) by extension 'ignore'
[0.675s] Level 1:colcon.colcon_core.package_identification:_identify(venv/lib/python3.12/site-packages/setuptools/_vendor/wheel-0.46.3.dist-info) by extension 'ignore_ament_install'
[0.676s] Level 1:colcon.colcon_core.package_identification:_identify(venv/lib/python3.12/site-packages/setuptools/_vendor/wheel-0.46.3.dist-info) by extensions ['colcon_pkg']
[0.676s] Level 1:colcon.colcon_core.package_identification:_identify(venv/lib/python3.12/site-packages/setuptools/_vendor/wheel-0.46.3.dist-info) by extension 'colcon_pkg'
[0.676s] Level 1:colcon.colcon_core.package_identification:_identify(venv/lib/python3.12/site-packages/setuptools/_vendor/wheel-0.46.3.dist-info) by extensions ['colcon_meta']
[0.676s] Level 1:colcon.colcon_core.package_identification:_identify(venv/lib/python3.12/site-packages/setuptools/_vendor/wheel-0.46.3.dist-info) by extension 'colcon_meta'
[0.676s] Level 1:colcon.colcon_core.package_identification:_identify(venv/lib/python3.12/site-packages/setuptools/_vendor/wheel-0.46.3.dist-info) by extensions ['ros']
[0.676s] Level 1:colcon.colcon_core.package_identification:_identify(venv/lib/python3.12/site-packages/setuptools/_vendor/wheel-0.46.3.dist-info) by extension 'ros'
[0.676s] Level 1:colcon.colcon_core.package_identification:_identify(venv/lib/python3.12/site-packages/setuptools/_vendor/wheel-0.46.3.dist-info) by extensions ['cmake', 'python']
[0.676s] Level 1:colcon.colcon_core.package_identification:_identify(venv/lib/python3.12/site-packages/setuptools/_vendor/wheel-0.46.3.dist-info) by extension 'cmake'
[0.676s] Level 1:colcon.colcon_core.package_identification:_identify(venv/lib/python3.12/site-packages/setuptools/_vendor/wheel-0.46.3.dist-info) by extension 'python'
[0.676s] Level 1:colcon.colcon_core.package_identification:_identify(venv/lib/python3.12/site-packages/setuptools/_vendor/wheel-0.46.3.dist-info) by extensions ['python_setup_py']
[0.676s] Level 1:colcon.colcon_core.package_identification:_identify(venv/lib/python3.12/site-packages/setuptools/_vendor/wheel-0.46.3.dist-info) by extension 'python_setup_py'
[0.676s] Level 1:colcon.colcon_core.package_identification:_identify(venv/lib/python3.12/site-packages/setuptools/_vendor/wheel-0.46.3.dist-info/licenses) by extensions ['ignore', 'ignore_ament_install']
[0.676s] Level 1:colcon.colcon_core.package_identification:_identify(venv/lib/python3.12/site-packages/setuptools/_vendor/wheel-0.46.3.dist-info/licenses) by extension 'ignore'
[0.676s] Level 1:colcon.colcon_core.package_identification:_identify(venv/lib/python3.12/site-packages/setuptools/_vendor/wheel-0.46.3.dist-info/licenses) by extension 'ignore_ament_install'
[0.676s] Level 1:colcon.colcon_core.package_identification:_identify(venv/lib/python3.12/site-packages/setuptools/_vendor/wheel-0.46.3.dist-info/licenses) by extensions ['colcon_pkg']
[0.676s] Level 1:colcon.colcon_core.package_identification:_identify(venv/lib/python3.12/site-packages/setuptools/_vendor/wheel-0.46.3.dist-info/licenses) by extension 'colcon_pkg'
[0.677s] Level 1:colcon.colcon_core.package_identification:_identify(venv/lib/python3.12/site-packages/setuptools/_vendor/wheel-0.46.3.dist-info/licenses) by extensions ['colcon_meta']
[0.677s] Level 1:colcon.colcon_core.package_identification:_identify(venv/lib/python3.12/site-packages/setuptools/_vendor/wheel-0.46.3.dist-info/licenses) by extension 'colcon_meta'
[0.677s] Level 1:colcon.colcon_core.package_identification:_identify(venv/lib/python3.12/site-packages/setuptools/_vendor/wheel-0.46.3.dist-info/licenses) by extensions ['ros']
[0.677s] Level 1:colcon.colcon_core.package_identification:_identify(venv/lib/python3.12/site-packages/setuptools/_vendor/wheel-0.46.3.dist-info/licenses) by extension 'ros'
[0.677s] Level 1:colcon.colcon_core.package_identification:_identify(venv/lib/python3.12/site-packages/setuptools/_vendor/wheel-0.46.3.dist-info/licenses) by extensions ['cmake', 'python']
[0.677s] Level 1:colcon.colcon_core.package_identification:_identify(venv/lib/python3.12/site-packages/setuptools/_vendor/wheel-0.46.3.dist-info/licenses) by extension 'cmake'
[0.677s] Level 1:colcon.colcon_core.package_identification:_identify(venv/lib/python3.12/site-packages/setuptools/_vendor/wheel-0.46.3.dist-info/licenses) by extension 'python'
[0.677s] Level 1:colcon.colcon_core.package_identification:_identify(venv/lib/python3.12/site-packages/setuptools/_vendor/wheel-0.46.3.dist-info/licenses) by extensions ['python_setup_py']
[0.677s] Level 1:colcon.colcon_core.package_identification:_identify(venv/lib/python3.12/site-packages/setuptools/_vendor/wheel-0.46.3.dist-info/licenses) by extension 'python_setup_py'
[0.677s] Level 1:colcon.colcon_core.package_identification:_identify(venv/lib/python3.12/site-packages/setuptools/_vendor/zipp) by extensions ['ignore', 'ignore_ament_install']
[0.677s] Level 1:colcon.colcon_core.package_identification:_identify(venv/lib/python3.12/site-packages/setuptools/_vendor/zipp) by extension 'ignore'
[0.677s] Level 1:colcon.colcon_core.package_identification:_identify(venv/lib/python3.12/site-packages/setuptools/_vendor/zipp) by extension 'ignore_ament_install'
[0.677s] Level 1:colcon.colcon_core.package_identification:_identify(venv/lib/python3.12/site-packages/setuptools/_vendor/zipp) by extensions ['colcon_pkg']
[0.677s] Level 1:colcon.colcon_core.package_identification:_identify(venv/lib/python3.12/site-packages/setuptools/_vendor/zipp) by extension 'colcon_pkg'
[0.677s] Level 1:colcon.colcon_core.package_identification:_identify(venv/lib/python3.12/site-packages/setuptools/_vendor/zipp) by extensions ['colcon_meta']
[0.677s] Level 1:colcon.colcon_core.package_identification:_identify(venv/lib/python3.12/site-packages/setuptools/_vendor/zipp) by extension 'colcon_meta'
[0.677s] Level 1:colcon.colcon_core.package_identification:_identify(venv/lib/python3.12/site-packages/setuptools/_vendor/zipp) by extensions ['ros']
[0.677s] Level 1:colcon.colcon_core.package_identification:_identify(venv/lib/python3.12/site-packages/setuptools/_vendor/zipp) by extension 'ros'
[0.678s] Level 1:colcon.colcon_core.package_identification:_identify(venv/lib/python3.12/site-packages/setuptools/_vendor/zipp) by extensions ['cmake', 'python']
[0.678s] Level 1:colcon.colcon_core.package_identification:_identify(venv/lib/python3.12/site-packages/setuptools/_vendor/zipp) by extension 'cmake'
[0.678s] Level 1:colcon.colcon_core.package_identification:_identify(venv/lib/python3.12/site-packages/setuptools/_vendor/zipp) by extension 'python'
[0.678s] Level 1:colcon.colcon_core.package_identification:_identify(venv/lib/python3.12/site-packages/setuptools/_vendor/zipp) by extensions ['python_setup_py']
[0.678s] Level 1:colcon.colcon_core.package_identification:_identify(venv/lib/python3.12/site-packages/setuptools/_vendor/zipp) by extension 'python_setup_py'
[0.678s] Level 1:colcon.colcon_core.package_identification:_identify(venv/lib/python3.12/site-packages/setuptools/_vendor/zipp/__pycache__) by extensions ['ignore', 'ignore_ament_install']
[0.678s] Level 1:colcon.colcon_core.package_identification:_identify(venv/lib/python3.12/site-packages/setuptools/_vendor/zipp/__pycache__) by extension 'ignore'
[0.678s] Level 1:colcon.colcon_core.package_identification:_identify(venv/lib/python3.12/site-packages/setuptools/_vendor/zipp/__pycache__) by extension 'ignore_ament_install'
[0.678s] Level 1:colcon.colcon_core.package_identification:_identify(venv/lib/python3.12/site-packages/setuptools/_vendor/zipp/__pycache__) by extensions ['colcon_pkg']
[0.678s] Level 1:colcon.colcon_core.package_identification:_identify(venv/lib/python3.12/site-packages/setuptools/_vendor/zipp/__pycache__) by extension 'colcon_pkg'
[0.678s] Level 1:colcon.colcon_core.package_identification:_identify(venv/lib/python3.12/site-packages/setuptools/_vendor/zipp/__pycache__) by extensions ['colcon_meta']
[0.678s] Level 1:colcon.colcon_core.package_identification:_identify(venv/lib/python3.12/site-packages/setuptools/_vendor/zipp/__pycache__) by extension 'colcon_meta'
[0.678s] Level 1:colcon.colcon_core.package_identification:_identify(venv/lib/python3.12/site-packages/setuptools/_vendor/zipp/__pycache__) by extensions ['ros']
[0.678s] Level 1:colcon.colcon_core.package_identification:_identify(venv/lib/python3.12/site-packages/setuptools/_vendor/zipp/__pycache__) by extension 'ros'
[0.678s] Level 1:colcon.colcon_core.package_identification:_identify(venv/lib/python3.12/site-packages/setuptools/_vendor/zipp/__pycache__) by extensions ['cmake', 'python']
[0.678s] Level 1:colcon.colcon_core.package_identification:_identify(venv/lib/python3.12/site-packages/setuptools/_vendor/zipp/__pycache__) by extension 'cmake'
[0.679s] Level 1:colcon.colcon_core.package_identification:_identify(venv/lib/python3.12/site-packages/setuptools/_vendor/zipp/__pycache__) by extension 'python'
[0.679s] Level 1:colcon.colcon_core.package_identification:_identify(venv/lib/python3.12/site-packages/setuptools/_vendor/zipp/__pycache__) by extensions ['python_setup_py']
[0.679s] Level 1:colcon.colcon_core.package_identification:_identify(venv/lib/python3.12/site-packages/setuptools/_vendor/zipp/__pycache__) by extension 'python_setup_py'
[0.679s] Level 1:colcon.colcon_core.package_identification:_identify(venv/lib/python3.12/site-packages/setuptools/_vendor/zipp/compat) by extensions ['ignore', 'ignore_ament_install']
[0.679s] Level 1:colcon.colcon_core.package_identification:_identify(venv/lib/python3.12/site-packages/setuptools/_vendor/zipp/compat) by extension 'ignore'
[0.679s] Level 1:colcon.colcon_core.package_identification:_identify(venv/lib/python3.12/site-packages/setuptools/_vendor/zipp/compat) by extension 'ignore_ament_install'
[0.679s] Level 1:colcon.colcon_core.package_identification:_identify(venv/lib/python3.12/site-packages/setuptools/_vendor/zipp/compat) by extensions ['colcon_pkg']
[0.679s] Level 1:colcon.colcon_core.package_identification:_identify(venv/lib/python3.12/site-packages/setuptools/_vendor/zipp/compat) by extension 'colcon_pkg'
[0.679s] Level 1:colcon.colcon_core.package_identification:_identify(venv/lib/python3.12/site-packages/setuptools/_vendor/zipp/compat) by extensions ['colcon_meta']
[0.679s] Level 1:colcon.colcon_core.package_identification:_identify(venv/lib/python3.12/site-packages/setuptools/_vendor/zipp/compat) by extension 'colcon_meta'
[0.679s] Level 1:colcon.colcon_core.package_identification:_identify(venv/lib/python3.12/site-packages/setuptools/_vendor/zipp/compat) by extensions ['ros']
[0.679s] Level 1:colcon.colcon_core.package_identification:_identify(venv/lib/python3.12/site-packages/setuptools/_vendor/zipp/compat) by extension 'ros'
[0.679s] Level 1:colcon.colcon_core.package_identification:_identify(venv/lib/python3.12/site-packages/setuptools/_vendor/zipp/compat) by extensions ['cmake', 'python']
[0.679s] Level 1:colcon.colcon_core.package_identification:_identify(venv/lib/python3.12/site-packages/setuptools/_vendor/zipp/compat) by extension 'cmake'
[0.679s] Level 1:colcon.colcon_core.package_identification:_identify(venv/lib/python3.12/site-packages/setuptools/_vendor/zipp/compat) by extension 'python'
[0.679s] Level 1:colcon.colcon_core.package_identification:_identify(venv/lib/python3.12/site-packages/setuptools/_vendor/zipp/compat) by extensions ['python_setup_py']
[0.679s] Level 1:colcon.colcon_core.package_identification:_identify(venv/lib/python3.12/site-packages/setuptools/_vendor/zipp/compat) by extension 'python_setup_py'
[0.680s] Level 1:colcon.colcon_core.package_identification:_identify(venv/lib/python3.12/site-packages/setuptools/_vendor/zipp/compat/__pycache__) by extensions ['ignore', 'ignore_ament_install']
[0.680s] Level 1:colcon.colcon_core.package_identification:_identify(venv/lib/python3.12/site-packages/setuptools/_vendor/zipp/compat/__pycache__) by extension 'ignore'
[0.680s] Level 1:colcon.colcon_core.package_identification:_identify(venv/lib/python3.12/site-packages/setuptools/_vendor/zipp/compat/__pycache__) by extension 'ignore_ament_install'
[0.680s] Level 1:colcon.colcon_core.package_identification:_identify(venv/lib/python3.12/site-packages/setuptools/_vendor/zipp/compat/__pycache__) by extensions ['colcon_pkg']
[0.680s] Level 1:colcon.colcon_core.package_identification:_identify(venv/lib/python3.12/site-packages/setuptools/_vendor/zipp/compat/__pycache__) by extension 'colcon_pkg'
[0.680s] Level 1:colcon.colcon_core.package_identification:_identify(venv/lib/python3.12/site-packages/setuptools/_vendor/zipp/compat/__pycache__) by extensions ['colcon_meta']
[0.680s] Level 1:colcon.colcon_core.package_identification:_identify(venv/lib/python3.12/site-packages/setuptools/_vendor/zipp/compat/__pycache__) by extension 'colcon_meta'
[0.680s] Level 1:colcon.colcon_core.package_identification:_identify(venv/lib/python3.12/site-packages/setuptools/_vendor/zipp/compat/__pycache__) by extensions ['ros']
[0.680s] Level 1:colcon.colcon_core.package_identification:_identify(venv/lib/python3.12/site-packages/setuptools/_vendor/zipp/compat/__pycache__) by extension 'ros'
[0.680s] Level 1:colcon.colcon_core.package_identification:_identify(venv/lib/python3.12/site-packages/setuptools/_vendor/zipp/compat/__pycache__) by extensions ['cmake', 'python']
[0.680s] Level 1:colcon.colcon_core.package_identification:_identify(venv/lib/python3.12/site-packages/setuptools/_vendor/zipp/compat/__pycache__) by extension 'cmake'
[0.680s] Level 1:colcon.colcon_core.package_identification:_identify(venv/lib/python3.12/site-packages/setuptools/_vendor/zipp/compat/__pycache__) by extension 'python'
[0.680s] Level 1:colcon.colcon_core.package_identification:_identify(venv/lib/python3.12/site-packages/setuptools/_vendor/zipp/compat/__pycache__) by extensions ['python_setup_py']
[0.680s] Level 1:colcon.colcon_core.package_identification:_identify(venv/lib/python3.12/site-packages/setuptools/_vendor/zipp/compat/__pycache__) by extension 'python_setup_py'
[0.680s] Level 1:colcon.colcon_core.package_identification:_identify(venv/lib/python3.12/site-packages/setuptools/_vendor/zipp-3.23.0.dist-info) by extensions ['ignore', 'ignore_ament_install']
[0.681s] Level 1:colcon.colcon_core.package_identification:_identify(venv/lib/python3.12/site-packages/setuptools/_vendor/zipp-3.23.0.dist-info) by extension 'ignore'
[0.681s] Level 1:colcon.colcon_core.package_identification:_identify(venv/lib/python3.12/site-packages/setuptools/_vendor/zipp-3.23.0.dist-info) by extension 'ignore_ament_install'
[0.681s] Level 1:colcon.colcon_core.package_identification:_identify(venv/lib/python3.12/site-packages/setuptools/_vendor/zipp-3.23.0.dist-info) by extensions ['colcon_pkg']
[0.681s] Level 1:colcon.colcon_core.package_identification:_identify(venv/lib/python3.12/site-packages/setuptools/_vendor/zipp-3.23.0.dist-info) by extension 'colcon_pkg'
[0.681s] Level 1:colcon.colcon_core.package_identification:_identify(venv/lib/python3.12/site-packages/setuptools/_vendor/zipp-3.23.0.dist-info) by extensions ['colcon_meta']
[0.681s] Level 1:colcon.colcon_core.package_identification:_identify(venv/lib/python3.12/site-packages/setuptools/_vendor/zipp-3.23.0.dist-info) by extension 'colcon_meta'
[0.681s] Level 1:colcon.colcon_core.package_identification:_identify(venv/lib/python3.12/site-packages/setuptools/_vendor/zipp-3.23.0.dist-info) by extensions ['ros']
[0.681s] Level 1:colcon.colcon_core.package_identification:_identify(venv/lib/python3.12/site-packages/setuptools/_vendor/zipp-3.23.0.dist-info) by extension 'ros'
[0.681s] Level 1:colcon.colcon_core.package_identification:_identify(venv/lib/python3.12/site-packages/setuptools/_vendor/zipp-3.23.0.dist-info) by extensions ['cmake', 'python']
[0.681s] Level 1:colcon.colcon_core.package_identification:_identify(venv/lib/python3.12/site-packages/setuptools/_vendor/zipp-3.23.0.dist-info) by extension 'cmake'
[0.681s] Level 1:colcon.colcon_core.package_identification:_identify(venv/lib/python3.12/site-packages/setuptools/_vendor/zipp-3.23.0.dist-info) by extension 'python'
[0.681s] Level 1:colcon.colcon_core.package_identification:_identify(venv/lib/python3.12/site-packages/setuptools/_vendor/zipp-3.23.0.dist-info) by extensions ['python_setup_py']
[0.681s] Level 1:colcon.colcon_core.package_identification:_identify(venv/lib/python3.12/site-packages/setuptools/_vendor/zipp-3.23.0.dist-info) by extension 'python_setup_py'
[0.681s] Level 1:colcon.colcon_core.package_identification:_identify(venv/lib/python3.12/site-packages/setuptools/_vendor/zipp-3.23.0.dist-info/licenses) by extensions ['ignore', 'ignore_ament_install']
[0.681s] Level 1:colcon.colcon_core.package_identification:_identify(venv/lib/python3.12/site-packages/setuptools/_vendor/zipp-3.23.0.dist-info/licenses) by extension 'ignore'
[0.681s] Level 1:colcon.colcon_core.package_identification:_identify(venv/lib/python3.12/site-packages/setuptools/_vendor/zipp-3.23.0.dist-info/licenses) by extension 'ignore_ament_install'
[0.682s] Level 1:colcon.colcon_core.package_identification:_identify(venv/lib/python3.12/site-packages/setuptools/_vendor/zipp-3.23.0.dist-info/licenses) by extensions ['colcon_pkg']
[0.682s] Level 1:colcon.colcon_core.package_identification:_identify(venv/lib/python3.12/site-packages/setuptools/_vendor/zipp-3.23.0.dist-info/licenses) by extension 'colcon_pkg'
[0.682s] Level 1:colcon.colcon_core.package_identification:_identify(venv/lib/python3.12/site-packages/setuptools/_vendor/zipp-3.23.0.dist-info/licenses) by extensions ['colcon_meta']
[0.682s] Level 1:colcon.colcon_core.package_identification:_identify(venv/lib/python3.12/site-packages/setuptools/_vendor/zipp-3.23.0.dist-info/licenses) by extension 'colcon_meta'
[0.682s] Level 1:colcon.colcon_core.package_identification:_identify(venv/lib/python3.12/site-packages/setuptools/_vendor/zipp-3.23.0.dist-info/licenses) by extensions ['ros']
[0.682s] Level 1:colcon.colcon_core.package_identification:_identify(venv/lib/python3.12/site-packages/setuptools/_vendor/zipp-3.23.0.dist-info/licenses) by extension 'ros'
[0.682s] Level 1:colcon.colcon_core.package_identification:_identify(venv/lib/python3.12/site-packages/setuptools/_vendor/zipp-3.23.0.dist-info/licenses) by extensions ['cmake', 'python']
[0.682s] Level 1:colcon.colcon_core.package_identification:_identify(venv/lib/python3.12/site-packages/setuptools/_vendor/zipp-3.23.0.dist-info/licenses) by extension 'cmake'
[0.682s] Level 1:colcon.colcon_core.package_identification:_identify(venv/lib/python3.12/site-packages/setuptools/_vendor/zipp-3.23.0.dist-info/licenses) by extension 'python'
[0.682s] Level 1:colcon.colcon_core.package_identification:_identify(venv/lib/python3.12/site-packages/setuptools/_vendor/zipp-3.23.0.dist-info/licenses) by extensions ['python_setup_py']
[0.682s] Level 1:colcon.colcon_core.package_identification:_identify(venv/lib/python3.12/site-packages/setuptools/_vendor/zipp-3.23.0.dist-info/licenses) by extension 'python_setup_py'
[0.682s] Level 1:colcon.colcon_core.package_identification:_identify(venv/lib/python3.12/site-packages/setuptools/command) by extensions ['ignore', 'ignore_ament_install']
[0.682s] Level 1:colcon.colcon_core.package_identification:_identify(venv/lib/python3.12/site-packages/setuptools/command) by extension 'ignore'
[0.682s] Level 1:colcon.colcon_core.package_identification:_identify(venv/lib/python3.12/site-packages/setuptools/command) by extension 'ignore_ament_install'
[0.682s] Level 1:colcon.colcon_core.package_identification:_identify(venv/lib/python3.12/site-packages/setuptools/command) by extensions ['colcon_pkg']
[0.682s] Level 1:colcon.colcon_core.package_identification:_identify(venv/lib/python3.12/site-packages/setuptools/command) by extension 'colcon_pkg'
[0.682s] Level 1:colcon.colcon_core.package_identification:_identify(venv/lib/python3.12/site-packages/setuptools/command) by extensions ['colcon_meta']
[0.683s] Level 1:colcon.colcon_core.package_identification:_identify(venv/lib/python3.12/site-packages/setuptools/command) by extension 'colcon_meta'
[0.683s] Level 1:colcon.colcon_core.package_identification:_identify(venv/lib/python3.12/site-packages/setuptools/command) by extensions ['ros']
[0.683s] Level 1:colcon.colcon_core.package_identification:_identify(venv/lib/python3.12/site-packages/setuptools/command) by extension 'ros'
[0.683s] Level 1:colcon.colcon_core.package_identification:_identify(venv/lib/python3.12/site-packages/setuptools/command) by extensions ['cmake', 'python']
[0.683s] Level 1:colcon.colcon_core.package_identification:_identify(venv/lib/python3.12/site-packages/setuptools/command) by extension 'cmake'
[0.683s] Level 1:colcon.colcon_core.package_identification:_identify(venv/lib/python3.12/site-packages/setuptools/command) by extension 'python'
[0.683s] Level 1:colcon.colcon_core.package_identification:_identify(venv/lib/python3.12/site-packages/setuptools/command) by extensions ['python_setup_py']
[0.683s] Level 1:colcon.colcon_core.package_identification:_identify(venv/lib/python3.12/site-packages/setuptools/command) by extension 'python_setup_py'
[0.683s] Level 1:colcon.colcon_core.package_identification:_identify(venv/lib/python3.12/site-packages/setuptools/command/__pycache__) by extensions ['ignore', 'ignore_ament_install']
[0.683s] Level 1:colcon.colcon_core.package_identification:_identify(venv/lib/python3.12/site-packages/setuptools/command/__pycache__) by extension 'ignore'
[0.683s] Level 1:colcon.colcon_core.package_identification:_identify(venv/lib/python3.12/site-packages/setuptools/command/__pycache__) by extension 'ignore_ament_install'
[0.683s] Level 1:colcon.colcon_core.package_identification:_identify(venv/lib/python3.12/site-packages/setuptools/command/__pycache__) by extensions ['colcon_pkg']
[0.683s] Level 1:colcon.colcon_core.package_identification:_identify(venv/lib/python3.12/site-packages/setuptools/command/__pycache__) by extension 'colcon_pkg'
[0.683s] Level 1:colcon.colcon_core.package_identification:_identify(venv/lib/python3.12/site-packages/setuptools/command/__pycache__) by extensions ['colcon_meta']
[0.683s] Level 1:colcon.colcon_core.package_identification:_identify(venv/lib/python3.12/site-packages/setuptools/command/__pycache__) by extension 'colcon_meta'
[0.683s] Level 1:colcon.colcon_core.package_identification:_identify(venv/lib/python3.12/site-packages/setuptools/command/__pycache__) by extensions ['ros']
[0.683s] Level 1:colcon.colcon_core.package_identification:_identify(venv/lib/python3.12/site-packages/setuptools/command/__pycache__) by extension 'ros'
[0.684s] Level 1:colcon.colcon_core.package_identification:_identify(venv/lib/python3.12/site-packages/setuptools/command/__pycache__) by extensions ['cmake', 'python']
[0.684s] Level 1:colcon.colcon_core.package_identification:_identify(venv/lib/python3.12/site-packages/setuptools/command/__pycache__) by extension 'cmake'
[0.684s] Level 1:colcon.colcon_core.package_identification:_identify(venv/lib/python3.12/site-packages/setuptools/command/__pycache__) by extension 'python'
[0.684s] Level 1:colcon.colcon_core.package_identification:_identify(venv/lib/python3.12/site-packages/setuptools/command/__pycache__) by extensions ['python_setup_py']
[0.684s] Level 1:colcon.colcon_core.package_identification:_identify(venv/lib/python3.12/site-packages/setuptools/command/__pycache__) by extension 'python_setup_py'
[0.684s] Level 1:colcon.colcon_core.package_identification:_identify(venv/lib/python3.12/site-packages/setuptools/compat) by extensions ['ignore', 'ignore_ament_install']
[0.684s] Level 1:colcon.colcon_core.package_identification:_identify(venv/lib/python3.12/site-packages/setuptools/compat) by extension 'ignore'
[0.684s] Level 1:colcon.colcon_core.package_identification:_identify(venv/lib/python3.12/site-packages/setuptools/compat) by extension 'ignore_ament_install'
[0.684s] Level 1:colcon.colcon_core.package_identification:_identify(venv/lib/python3.12/site-packages/setuptools/compat) by extensions ['colcon_pkg']
[0.684s] Level 1:colcon.colcon_core.package_identification:_identify(venv/lib/python3.12/site-packages/setuptools/compat) by extension 'colcon_pkg'
[0.684s] Level 1:colcon.colcon_core.package_identification:_identify(venv/lib/python3.12/site-packages/setuptools/compat) by extensions ['colcon_meta']
[0.684s] Level 1:colcon.colcon_core.package_identification:_identify(venv/lib/python3.12/site-packages/setuptools/compat) by extension 'colcon_meta'
[0.684s] Level 1:colcon.colcon_core.package_identification:_identify(venv/lib/python3.12/site-packages/setuptools/compat) by extensions ['ros']
[0.684s] Level 1:colcon.colcon_core.package_identification:_identify(venv/lib/python3.12/site-packages/setuptools/compat) by extension 'ros'
[0.684s] Level 1:colcon.colcon_core.package_identification:_identify(venv/lib/python3.12/site-packages/setuptools/compat) by extensions ['cmake', 'python']
[0.684s] Level 1:colcon.colcon_core.package_identification:_identify(venv/lib/python3.12/site-packages/setuptools/compat) by extension 'cmake'
[0.684s] Level 1:colcon.colcon_core.package_identification:_identify(venv/lib/python3.12/site-packages/setuptools/compat) by extension 'python'
[0.685s] Level 1:colcon.colcon_core.package_identification:_identify(venv/lib/python3.12/site-packages/setuptools/compat) by extensions ['python_setup_py']
[0.685s] Level 1:colcon.colcon_core.package_identification:_identify(venv/lib/python3.12/site-packages/setuptools/compat) by extension 'python_setup_py'
[0.685s] Level 1:colcon.colcon_core.package_identification:_identify(venv/lib/python3.12/site-packages/setuptools/compat/__pycache__) by extensions ['ignore', 'ignore_ament_install']
[0.685s] Level 1:colcon.colcon_core.package_identification:_identify(venv/lib/python3.12/site-packages/setuptools/compat/__pycache__) by extension 'ignore'
[0.685s] Level 1:colcon.colcon_core.package_identification:_identify(venv/lib/python3.12/site-packages/setuptools/compat/__pycache__) by extension 'ignore_ament_install'
[0.685s] Level 1:colcon.colcon_core.package_identification:_identify(venv/lib/python3.12/site-packages/setuptools/compat/__pycache__) by extensions ['colcon_pkg']
[0.685s] Level 1:colcon.colcon_core.package_identification:_identify(venv/lib/python3.12/site-packages/setuptools/compat/__pycache__) by extension 'colcon_pkg'
[0.685s] Level 1:colcon.colcon_core.package_identification:_identify(venv/lib/python3.12/site-packages/setuptools/compat/__pycache__) by extensions ['colcon_meta']
[0.685s] Level 1:colcon.colcon_core.package_identification:_identify(venv/lib/python3.12/site-packages/setuptools/compat/__pycache__) by extension 'colcon_meta'
[0.685s] Level 1:colcon.colcon_core.package_identification:_identify(venv/lib/python3.12/site-packages/setuptools/compat/__pycache__) by extensions ['ros']
[0.685s] Level 1:colcon.colcon_core.package_identification:_identify(venv/lib/python3.12/site-packages/setuptools/compat/__pycache__) by extension 'ros'
[0.685s] Level 1:colcon.colcon_core.package_identification:_identify(venv/lib/python3.12/site-packages/setuptools/compat/__pycache__) by extensions ['cmake', 'python']
[0.685s] Level 1:colcon.colcon_core.package_identification:_identify(venv/lib/python3.12/site-packages/setuptools/compat/__pycache__) by extension 'cmake'
[0.685s] Level 1:colcon.colcon_core.package_identification:_identify(venv/lib/python3.12/site-packages/setuptools/compat/__pycache__) by extension 'python'
[0.685s] Level 1:colcon.colcon_core.package_identification:_identify(venv/lib/python3.12/site-packages/setuptools/compat/__pycache__) by extensions ['python_setup_py']
[0.685s] Level 1:colcon.colcon_core.package_identification:_identify(venv/lib/python3.12/site-packages/setuptools/compat/__pycache__) by extension 'python_setup_py'
[0.685s] Level 1:colcon.colcon_core.package_identification:_identify(venv/lib/python3.12/site-packages/setuptools/config) by extensions ['ignore', 'ignore_ament_install']
[0.686s] Level 1:colcon.colcon_core.package_identification:_identify(venv/lib/python3.12/site-packages/setuptools/config) by extension 'ignore'
[0.686s] Level 1:colcon.colcon_core.package_identification:_identify(venv/lib/python3.12/site-packages/setuptools/config) by extension 'ignore_ament_install'
[0.686s] Level 1:colcon.colcon_core.package_identification:_identify(venv/lib/python3.12/site-packages/setuptools/config) by extensions ['colcon_pkg']
[0.686s] Level 1:colcon.colcon_core.package_identification:_identify(venv/lib/python3.12/site-packages/setuptools/config) by extension 'colcon_pkg'
[0.686s] Level 1:colcon.colcon_core.package_identification:_identify(venv/lib/python3.12/site-packages/setuptools/config) by extensions ['colcon_meta']
[0.686s] Level 1:colcon.colcon_core.package_identification:_identify(venv/lib/python3.12/site-packages/setuptools/config) by extension 'colcon_meta'
[0.686s] Level 1:colcon.colcon_core.package_identification:_identify(venv/lib/python3.12/site-packages/setuptools/config) by extensions ['ros']
[0.686s] Level 1:colcon.colcon_core.package_identification:_identify(venv/lib/python3.12/site-packages/setuptools/config) by extension 'ros'
[0.686s] Level 1:colcon.colcon_core.package_identification:_identify(venv/lib/python3.12/site-packages/setuptools/config) by extensions ['cmake', 'python']
[0.686s] Level 1:colcon.colcon_core.package_identification:_identify(venv/lib/python3.12/site-packages/setuptools/config) by extension 'cmake'
[0.686s] Level 1:colcon.colcon_core.package_identification:_identify(venv/lib/python3.12/site-packages/setuptools/config) by extension 'python'
[0.686s] Level 1:colcon.colcon_core.package_identification:_identify(venv/lib/python3.12/site-packages/setuptools/config) by extensions ['python_setup_py']
[0.686s] Level 1:colcon.colcon_core.package_identification:_identify(venv/lib/python3.12/site-packages/setuptools/config) by extension 'python_setup_py'
[0.686s] Level 1:colcon.colcon_core.package_identification:_identify(venv/lib/python3.12/site-packages/setuptools/config/__pycache__) by extensions ['ignore', 'ignore_ament_install']
[0.686s] Level 1:colcon.colcon_core.package_identification:_identify(venv/lib/python3.12/site-packages/setuptools/config/__pycache__) by extension 'ignore'
[0.686s] Level 1:colcon.colcon_core.package_identification:_identify(venv/lib/python3.12/site-packages/setuptools/config/__pycache__) by extension 'ignore_ament_install'
[0.687s] Level 1:colcon.colcon_core.package_identification:_identify(venv/lib/python3.12/site-packages/setuptools/config/__pycache__) by extensions ['colcon_pkg']
[0.687s] Level 1:colcon.colcon_core.package_identification:_identify(venv/lib/python3.12/site-packages/setuptools/config/__pycache__) by extension 'colcon_pkg'
[0.687s] Level 1:colcon.colcon_core.package_identification:_identify(venv/lib/python3.12/site-packages/setuptools/config/__pycache__) by extensions ['colcon_meta']
[0.687s] Level 1:colcon.colcon_core.package_identification:_identify(venv/lib/python3.12/site-packages/setuptools/config/__pycache__) by extension 'colcon_meta'
[0.687s] Level 1:colcon.colcon_core.package_identification:_identify(venv/lib/python3.12/site-packages/setuptools/config/__pycache__) by extensions ['ros']
[0.687s] Level 1:colcon.colcon_core.package_identification:_identify(venv/lib/python3.12/site-packages/setuptools/config/__pycache__) by extension 'ros'
[0.687s] Level 1:colcon.colcon_core.package_identification:_identify(venv/lib/python3.12/site-packages/setuptools/config/__pycache__) by extensions ['cmake', 'python']
[0.687s] Level 1:colcon.colcon_core.package_identification:_identify(venv/lib/python3.12/site-packages/setuptools/config/__pycache__) by extension 'cmake'
[0.687s] Level 1:colcon.colcon_core.package_identification:_identify(venv/lib/python3.12/site-packages/setuptools/config/__pycache__) by extension 'python'
[0.687s] Level 1:colcon.colcon_core.package_identification:_identify(venv/lib/python3.12/site-packages/setuptools/config/__pycache__) by extensions ['python_setup_py']
[0.687s] Level 1:colcon.colcon_core.package_identification:_identify(venv/lib/python3.12/site-packages/setuptools/config/__pycache__) by extension 'python_setup_py'
[0.687s] Level 1:colcon.colcon_core.package_identification:_identify(venv/lib/python3.12/site-packages/setuptools/config/_validate_pyproject) by extensions ['ignore', 'ignore_ament_install']
[0.687s] Level 1:colcon.colcon_core.package_identification:_identify(venv/lib/python3.12/site-packages/setuptools/config/_validate_pyproject) by extension 'ignore'
[0.687s] Level 1:colcon.colcon_core.package_identification:_identify(venv/lib/python3.12/site-packages/setuptools/config/_validate_pyproject) by extension 'ignore_ament_install'
[0.687s] Level 1:colcon.colcon_core.package_identification:_identify(venv/lib/python3.12/site-packages/setuptools/config/_validate_pyproject) by extensions ['colcon_pkg']
[0.687s] Level 1:colcon.colcon_core.package_identification:_identify(venv/lib/python3.12/site-packages/setuptools/config/_validate_pyproject) by extension 'colcon_pkg'
[0.687s] Level 1:colcon.colcon_core.package_identification:_identify(venv/lib/python3.12/site-packages/setuptools/config/_validate_pyproject) by extensions ['colcon_meta']
[0.688s] Level 1:colcon.colcon_core.package_identification:_identify(venv/lib/python3.12/site-packages/setuptools/config/_validate_pyproject) by extension 'colcon_meta'
[0.688s] Level 1:colcon.colcon_core.package_identification:_identify(venv/lib/python3.12/site-packages/setuptools/config/_validate_pyproject) by extensions ['ros']
[0.688s] Level 1:colcon.colcon_core.package_identification:_identify(venv/lib/python3.12/site-packages/setuptools/config/_validate_pyproject) by extension 'ros'
[0.688s] Level 1:colcon.colcon_core.package_identification:_identify(venv/lib/python3.12/site-packages/setuptools/config/_validate_pyproject) by extensions ['cmake', 'python']
[0.688s] Level 1:colcon.colcon_core.package_identification:_identify(venv/lib/python3.12/site-packages/setuptools/config/_validate_pyproject) by extension 'cmake'
[0.688s] Level 1:colcon.colcon_core.package_identification:_identify(venv/lib/python3.12/site-packages/setuptools/config/_validate_pyproject) by extension 'python'
[0.688s] Level 1:colcon.colcon_core.package_identification:_identify(venv/lib/python3.12/site-packages/setuptools/config/_validate_pyproject) by extensions ['python_setup_py']
[0.688s] Level 1:colcon.colcon_core.package_identification:_identify(venv/lib/python3.12/site-packages/setuptools/config/_validate_pyproject) by extension 'python_setup_py'
[0.688s] Level 1:colcon.colcon_core.package_identification:_identify(venv/lib/python3.12/site-packages/setuptools/config/_validate_pyproject/__pycache__) by extensions ['ignore', 'ignore_ament_install']
[0.688s] Level 1:colcon.colcon_core.package_identification:_identify(venv/lib/python3.12/site-packages/setuptools/config/_validate_pyproject/__pycache__) by extension 'ignore'
[0.688s] Level 1:colcon.colcon_core.package_identification:_identify(venv/lib/python3.12/site-packages/setuptools/config/_validate_pyproject/__pycache__) by extension 'ignore_ament_install'
[0.688s] Level 1:colcon.colcon_core.package_identification:_identify(venv/lib/python3.12/site-packages/setuptools/config/_validate_pyproject/__pycache__) by extensions ['colcon_pkg']
[0.688s] Level 1:colcon.colcon_core.package_identification:_identify(venv/lib/python3.12/site-packages/setuptools/config/_validate_pyproject/__pycache__) by extension 'colcon_pkg'
[0.688s] Level 1:colcon.colcon_core.package_identification:_identify(venv/lib/python3.12/site-packages/setuptools/config/_validate_pyproject/__pycache__) by extensions ['colcon_meta']
[0.688s] Level 1:colcon.colcon_core.package_identification:_identify(venv/lib/python3.12/site-packages/setuptools/config/_validate_pyproject/__pycache__) by extension 'colcon_meta'
[0.688s] Level 1:colcon.colcon_core.package_identification:_identify(venv/lib/python3.12/site-packages/setuptools/config/_validate_pyproject/__pycache__) by extensions ['ros']
[0.688s] Level 1:colcon.colcon_core.package_identification:_identify(venv/lib/python3.12/site-packages/setuptools/config/_validate_pyproject/__pycache__) by extension 'ros'
[0.689s] Level 1:colcon.colcon_core.package_identification:_identify(venv/lib/python3.12/site-packages/setuptools/config/_validate_pyproject/__pycache__) by extensions ['cmake', 'python']
[0.689s] Level 1:colcon.colcon_core.package_identification:_identify(venv/lib/python3.12/site-packages/setuptools/config/_validate_pyproject/__pycache__) by extension 'cmake'
[0.689s] Level 1:colcon.colcon_core.package_identification:_identify(venv/lib/python3.12/site-packages/setuptools/config/_validate_pyproject/__pycache__) by extension 'python'
[0.689s] Level 1:colcon.colcon_core.package_identification:_identify(venv/lib/python3.12/site-packages/setuptools/config/_validate_pyproject/__pycache__) by extensions ['python_setup_py']
[0.689s] Level 1:colcon.colcon_core.package_identification:_identify(venv/lib/python3.12/site-packages/setuptools/config/_validate_pyproject/__pycache__) by extension 'python_setup_py'
[0.689s] Level 1:colcon.colcon_core.package_identification:_identify(venv/lib/python3.12/site-packages/setuptools/tests) by extensions ['ignore', 'ignore_ament_install']
[0.689s] Level 1:colcon.colcon_core.package_identification:_identify(venv/lib/python3.12/site-packages/setuptools/tests) by extension 'ignore'
[0.689s] Level 1:colcon.colcon_core.package_identification:_identify(venv/lib/python3.12/site-packages/setuptools/tests) by extension 'ignore_ament_install'
[0.689s] Level 1:colcon.colcon_core.package_identification:_identify(venv/lib/python3.12/site-packages/setuptools/tests) by extensions ['colcon_pkg']
[0.689s] Level 1:colcon.colcon_core.package_identification:_identify(venv/lib/python3.12/site-packages/setuptools/tests) by extension 'colcon_pkg'
[0.689s] Level 1:colcon.colcon_core.package_identification:_identify(venv/lib/python3.12/site-packages/setuptools/tests) by extensions ['colcon_meta']
[0.689s] Level 1:colcon.colcon_core.package_identification:_identify(venv/lib/python3.12/site-packages/setuptools/tests) by extension 'colcon_meta'
[0.689s] Level 1:colcon.colcon_core.package_identification:_identify(venv/lib/python3.12/site-packages/setuptools/tests) by extensions ['ros']
[0.689s] Level 1:colcon.colcon_core.package_identification:_identify(venv/lib/python3.12/site-packages/setuptools/tests) by extension 'ros'
[0.689s] Level 1:colcon.colcon_core.package_identification:_identify(venv/lib/python3.12/site-packages/setuptools/tests) by extensions ['cmake', 'python']
[0.689s] Level 1:colcon.colcon_core.package_identification:_identify(venv/lib/python3.12/site-packages/setuptools/tests) by extension 'cmake'
[0.690s] Level 1:colcon.colcon_core.package_identification:_identify(venv/lib/python3.12/site-packages/setuptools/tests) by extension 'python'
[0.690s] Level 1:colcon.colcon_core.package_identification:_identify(venv/lib/python3.12/site-packages/setuptools/tests) by extensions ['python_setup_py']
[0.690s] Level 1:colcon.colcon_core.package_identification:_identify(venv/lib/python3.12/site-packages/setuptools/tests) by extension 'python_setup_py'
[0.690s] Level 1:colcon.colcon_core.package_identification:_identify(venv/lib/python3.12/site-packages/setuptools/tests/__pycache__) by extensions ['ignore', 'ignore_ament_install']
[0.690s] Level 1:colcon.colcon_core.package_identification:_identify(venv/lib/python3.12/site-packages/setuptools/tests/__pycache__) by extension 'ignore'
[0.690s] Level 1:colcon.colcon_core.package_identification:_identify(venv/lib/python3.12/site-packages/setuptools/tests/__pycache__) by extension 'ignore_ament_install'
[0.690s] Level 1:colcon.colcon_core.package_identification:_identify(venv/lib/python3.12/site-packages/setuptools/tests/__pycache__) by extensions ['colcon_pkg']
[0.690s] Level 1:colcon.colcon_core.package_identification:_identify(venv/lib/python3.12/site-packages/setuptools/tests/__pycache__) by extension 'colcon_pkg'
[0.690s] Level 1:colcon.colcon_core.package_identification:_identify(venv/lib/python3.12/site-packages/setuptools/tests/__pycache__) by extensions ['colcon_meta']
[0.690s] Level 1:colcon.colcon_core.package_identification:_identify(venv/lib/python3.12/site-packages/setuptools/tests/__pycache__) by extension 'colcon_meta'
[0.690s] Level 1:colcon.colcon_core.package_identification:_identify(venv/lib/python3.12/site-packages/setuptools/tests/__pycache__) by extensions ['ros']
[0.690s] Level 1:colcon.colcon_core.package_identification:_identify(venv/lib/python3.12/site-packages/setuptools/tests/__pycache__) by extension 'ros'
[0.690s] Level 1:colcon.colcon_core.package_identification:_identify(venv/lib/python3.12/site-packages/setuptools/tests/__pycache__) by extensions ['cmake', 'python']
[0.690s] Level 1:colcon.colcon_core.package_identification:_identify(venv/lib/python3.12/site-packages/setuptools/tests/__pycache__) by extension 'cmake'
[0.690s] Level 1:colcon.colcon_core.package_identification:_identify(venv/lib/python3.12/site-packages/setuptools/tests/__pycache__) by extension 'python'
[0.691s] Level 1:colcon.colcon_core.package_identification:_identify(venv/lib/python3.12/site-packages/setuptools/tests/__pycache__) by extensions ['python_setup_py']
[0.691s] Level 1:colcon.colcon_core.package_identification:_identify(venv/lib/python3.12/site-packages/setuptools/tests/__pycache__) by extension 'python_setup_py'
[0.691s] Level 1:colcon.colcon_core.package_identification:_identify(venv/lib/python3.12/site-packages/setuptools/tests/compat) by extensions ['ignore', 'ignore_ament_install']
[0.691s] Level 1:colcon.colcon_core.package_identification:_identify(venv/lib/python3.12/site-packages/setuptools/tests/compat) by extension 'ignore'
[0.691s] Level 1:colcon.colcon_core.package_identification:_identify(venv/lib/python3.12/site-packages/setuptools/tests/compat) by extension 'ignore_ament_install'
[0.691s] Level 1:colcon.colcon_core.package_identification:_identify(venv/lib/python3.12/site-packages/setuptools/tests/compat) by extensions ['colcon_pkg']
[0.691s] Level 1:colcon.colcon_core.package_identification:_identify(venv/lib/python3.12/site-packages/setuptools/tests/compat) by extension 'colcon_pkg'
[0.691s] Level 1:colcon.colcon_core.package_identification:_identify(venv/lib/python3.12/site-packages/setuptools/tests/compat) by extensions ['colcon_meta']
[0.691s] Level 1:colcon.colcon_core.package_identification:_identify(venv/lib/python3.12/site-packages/setuptools/tests/compat) by extension 'colcon_meta'
[0.691s] Level 1:colcon.colcon_core.package_identification:_identify(venv/lib/python3.12/site-packages/setuptools/tests/compat) by extensions ['ros']
[0.691s] Level 1:colcon.colcon_core.package_identification:_identify(venv/lib/python3.12/site-packages/setuptools/tests/compat) by extension 'ros'
[0.691s] Level 1:colcon.colcon_core.package_identification:_identify(venv/lib/python3.12/site-packages/setuptools/tests/compat) by extensions ['cmake', 'python']
[0.691s] Level 1:colcon.colcon_core.package_identification:_identify(venv/lib/python3.12/site-packages/setuptools/tests/compat) by extension 'cmake'
[0.691s] Level 1:colcon.colcon_core.package_identification:_identify(venv/lib/python3.12/site-packages/setuptools/tests/compat) by extension 'python'
[0.691s] Level 1:colcon.colcon_core.package_identification:_identify(venv/lib/python3.12/site-packages/setuptools/tests/compat) by extensions ['python_setup_py']
[0.691s] Level 1:colcon.colcon_core.package_identification:_identify(venv/lib/python3.12/site-packages/setuptools/tests/compat) by extension 'python_setup_py'
[0.691s] Level 1:colcon.colcon_core.package_identification:_identify(venv/lib/python3.12/site-packages/setuptools/tests/compat/__pycache__) by extensions ['ignore', 'ignore_ament_install']
[0.692s] Level 1:colcon.colcon_core.package_identification:_identify(venv/lib/python3.12/site-packages/setuptools/tests/compat/__pycache__) by extension 'ignore'
[0.692s] Level 1:colcon.colcon_core.package_identification:_identify(venv/lib/python3.12/site-packages/setuptools/tests/compat/__pycache__) by extension 'ignore_ament_install'
[0.692s] Level 1:colcon.colcon_core.package_identification:_identify(venv/lib/python3.12/site-packages/setuptools/tests/compat/__pycache__) by extensions ['colcon_pkg']
[0.692s] Level 1:colcon.colcon_core.package_identification:_identify(venv/lib/python3.12/site-packages/setuptools/tests/compat/__pycache__) by extension 'colcon_pkg'
[0.692s] Level 1:colcon.colcon_core.package_identification:_identify(venv/lib/python3.12/site-packages/setuptools/tests/compat/__pycache__) by extensions ['colcon_meta']
[0.692s] Level 1:colcon.colcon_core.package_identification:_identify(venv/lib/python3.12/site-packages/setuptools/tests/compat/__pycache__) by extension 'colcon_meta'
[0.692s] Level 1:colcon.colcon_core.package_identification:_identify(venv/lib/python3.12/site-packages/setuptools/tests/compat/__pycache__) by extensions ['ros']
[0.692s] Level 1:colcon.colcon_core.package_identification:_identify(venv/lib/python3.12/site-packages/setuptools/tests/compat/__pycache__) by extension 'ros'
[0.692s] Level 1:colcon.colcon_core.package_identification:_identify(venv/lib/python3.12/site-packages/setuptools/tests/compat/__pycache__) by extensions ['cmake', 'python']
[0.692s] Level 1:colcon.colcon_core.package_identification:_identify(venv/lib/python3.12/site-packages/setuptools/tests/compat/__pycache__) by extension 'cmake'
[0.692s] Level 1:colcon.colcon_core.package_identification:_identify(venv/lib/python3.12/site-packages/setuptools/tests/compat/__pycache__) by extension 'python'
[0.692s] Level 1:colcon.colcon_core.package_identification:_identify(venv/lib/python3.12/site-packages/setuptools/tests/compat/__pycache__) by extensions ['python_setup_py']
[0.692s] Level 1:colcon.colcon_core.package_identification:_identify(venv/lib/python3.12/site-packages/setuptools/tests/compat/__pycache__) by extension 'python_setup_py'
[0.692s] Level 1:colcon.colcon_core.package_identification:_identify(venv/lib/python3.12/site-packages/setuptools/tests/config) by extensions ['ignore', 'ignore_ament_install']
[0.692s] Level 1:colcon.colcon_core.package_identification:_identify(venv/lib/python3.12/site-packages/setuptools/tests/config) by extension 'ignore'
[0.693s] Level 1:colcon.colcon_core.package_identification:_identify(venv/lib/python3.12/site-packages/setuptools/tests/config) by extension 'ignore_ament_install'
[0.693s] Level 1:colcon.colcon_core.package_identification:_identify(venv/lib/python3.12/site-packages/setuptools/tests/config) by extensions ['colcon_pkg']
[0.693s] Level 1:colcon.colcon_core.package_identification:_identify(venv/lib/python3.12/site-packages/setuptools/tests/config) by extension 'colcon_pkg'
[0.693s] Level 1:colcon.colcon_core.package_identification:_identify(venv/lib/python3.12/site-packages/setuptools/tests/config) by extensions ['colcon_meta']
[0.693s] Level 1:colcon.colcon_core.package_identification:_identify(venv/lib/python3.12/site-packages/setuptools/tests/config) by extension 'colcon_meta'
[0.693s] Level 1:colcon.colcon_core.package_identification:_identify(venv/lib/python3.12/site-packages/setuptools/tests/config) by extensions ['ros']
[0.693s] Level 1:colcon.colcon_core.package_identification:_identify(venv/lib/python3.12/site-packages/setuptools/tests/config) by extension 'ros'
[0.693s] Level 1:colcon.colcon_core.package_identification:_identify(venv/lib/python3.12/site-packages/setuptools/tests/config) by extensions ['cmake', 'python']
[0.693s] Level 1:colcon.colcon_core.package_identification:_identify(venv/lib/python3.12/site-packages/setuptools/tests/config) by extension 'cmake'
[0.693s] Level 1:colcon.colcon_core.package_identification:_identify(venv/lib/python3.12/site-packages/setuptools/tests/config) by extension 'python'
[0.693s] Level 1:colcon.colcon_core.package_identification:_identify(venv/lib/python3.12/site-packages/setuptools/tests/config) by extensions ['python_setup_py']
[0.693s] Level 1:colcon.colcon_core.package_identification:_identify(venv/lib/python3.12/site-packages/setuptools/tests/config) by extension 'python_setup_py'
[0.693s] Level 1:colcon.colcon_core.package_identification:_identify(venv/lib/python3.12/site-packages/setuptools/tests/config/__pycache__) by extensions ['ignore', 'ignore_ament_install']
[0.693s] Level 1:colcon.colcon_core.package_identification:_identify(venv/lib/python3.12/site-packages/setuptools/tests/config/__pycache__) by extension 'ignore'
[0.693s] Level 1:colcon.colcon_core.package_identification:_identify(venv/lib/python3.12/site-packages/setuptools/tests/config/__pycache__) by extension 'ignore_ament_install'
[0.693s] Level 1:colcon.colcon_core.package_identification:_identify(venv/lib/python3.12/site-packages/setuptools/tests/config/__pycache__) by extensions ['colcon_pkg']
[0.693s] Level 1:colcon.colcon_core.package_identification:_identify(venv/lib/python3.12/site-packages/setuptools/tests/config/__pycache__) by extension 'colcon_pkg'
[0.694s] Level 1:colcon.colcon_core.package_identification:_identify(venv/lib/python3.12/site-packages/setuptools/tests/config/__pycache__) by extensions ['colcon_meta']
[0.694s] Level 1:colcon.colcon_core.package_identification:_identify(venv/lib/python3.12/site-packages/setuptools/tests/config/__pycache__) by extension 'colcon_meta'
[0.694s] Level 1:colcon.colcon_core.package_identification:_identify(venv/lib/python3.12/site-packages/setuptools/tests/config/__pycache__) by extensions ['ros']
[0.694s] Level 1:colcon.colcon_core.package_identification:_identify(venv/lib/python3.12/site-packages/setuptools/tests/config/__pycache__) by extension 'ros'
[0.694s] Level 1:colcon.colcon_core.package_identification:_identify(venv/lib/python3.12/site-packages/setuptools/tests/config/__pycache__) by extensions ['cmake', 'python']
[0.694s] Level 1:colcon.colcon_core.package_identification:_identify(venv/lib/python3.12/site-packages/setuptools/tests/config/__pycache__) by extension 'cmake'
[0.694s] Level 1:colcon.colcon_core.package_identification:_identify(venv/lib/python3.12/site-packages/setuptools/tests/config/__pycache__) by extension 'python'
[0.694s] Level 1:colcon.colcon_core.package_identification:_identify(venv/lib/python3.12/site-packages/setuptools/tests/config/__pycache__) by extensions ['python_setup_py']
[0.694s] Level 1:colcon.colcon_core.package_identification:_identify(venv/lib/python3.12/site-packages/setuptools/tests/config/__pycache__) by extension 'python_setup_py'
[0.694s] Level 1:colcon.colcon_core.package_identification:_identify(venv/lib/python3.12/site-packages/setuptools/tests/config/downloads) by extensions ['ignore', 'ignore_ament_install']
[0.694s] Level 1:colcon.colcon_core.package_identification:_identify(venv/lib/python3.12/site-packages/setuptools/tests/config/downloads) by extension 'ignore'
[0.694s] Level 1:colcon.colcon_core.package_identification:_identify(venv/lib/python3.12/site-packages/setuptools/tests/config/downloads) by extension 'ignore_ament_install'
[0.694s] Level 1:colcon.colcon_core.package_identification:_identify(venv/lib/python3.12/site-packages/setuptools/tests/config/downloads) by extensions ['colcon_pkg']
[0.694s] Level 1:colcon.colcon_core.package_identification:_identify(venv/lib/python3.12/site-packages/setuptools/tests/config/downloads) by extension 'colcon_pkg'
[0.694s] Level 1:colcon.colcon_core.package_identification:_identify(venv/lib/python3.12/site-packages/setuptools/tests/config/downloads) by extensions ['colcon_meta']
[0.694s] Level 1:colcon.colcon_core.package_identification:_identify(venv/lib/python3.12/site-packages/setuptools/tests/config/downloads) by extension 'colcon_meta'
[0.694s] Level 1:colcon.colcon_core.package_identification:_identify(venv/lib/python3.12/site-packages/setuptools/tests/config/downloads) by extensions ['ros']
[0.694s] Level 1:colcon.colcon_core.package_identification:_identify(venv/lib/python3.12/site-packages/setuptools/tests/config/downloads) by extension 'ros'
[0.695s] Level 1:colcon.colcon_core.package_identification:_identify(venv/lib/python3.12/site-packages/setuptools/tests/config/downloads) by extensions ['cmake', 'python']
[0.695s] Level 1:colcon.colcon_core.package_identification:_identify(venv/lib/python3.12/site-packages/setuptools/tests/config/downloads) by extension 'cmake'
[0.695s] Level 1:colcon.colcon_core.package_identification:_identify(venv/lib/python3.12/site-packages/setuptools/tests/config/downloads) by extension 'python'
[0.695s] Level 1:colcon.colcon_core.package_identification:_identify(venv/lib/python3.12/site-packages/setuptools/tests/config/downloads) by extensions ['python_setup_py']
[0.695s] Level 1:colcon.colcon_core.package_identification:_identify(venv/lib/python3.12/site-packages/setuptools/tests/config/downloads) by extension 'python_setup_py'
[0.695s] Level 1:colcon.colcon_core.package_identification:_identify(venv/lib/python3.12/site-packages/setuptools/tests/config/downloads/__pycache__) by extensions ['ignore', 'ignore_ament_install']
[0.695s] Level 1:colcon.colcon_core.package_identification:_identify(venv/lib/python3.12/site-packages/setuptools/tests/config/downloads/__pycache__) by extension 'ignore'
[0.695s] Level 1:colcon.colcon_core.package_identification:_identify(venv/lib/python3.12/site-packages/setuptools/tests/config/downloads/__pycache__) by extension 'ignore_ament_install'
[0.695s] Level 1:colcon.colcon_core.package_identification:_identify(venv/lib/python3.12/site-packages/setuptools/tests/config/downloads/__pycache__) by extensions ['colcon_pkg']
[0.695s] Level 1:colcon.colcon_core.package_identification:_identify(venv/lib/python3.12/site-packages/setuptools/tests/config/downloads/__pycache__) by extension 'colcon_pkg'
[0.695s] Level 1:colcon.colcon_core.package_identification:_identify(venv/lib/python3.12/site-packages/setuptools/tests/config/downloads/__pycache__) by extensions ['colcon_meta']
[0.695s] Level 1:colcon.colcon_core.package_identification:_identify(venv/lib/python3.12/site-packages/setuptools/tests/config/downloads/__pycache__) by extension 'colcon_meta'
[0.695s] Level 1:colcon.colcon_core.package_identification:_identify(venv/lib/python3.12/site-packages/setuptools/tests/config/downloads/__pycache__) by extensions ['ros']
[0.695s] Level 1:colcon.colcon_core.package_identification:_identify(venv/lib/python3.12/site-packages/setuptools/tests/config/downloads/__pycache__) by extension 'ros'
[0.695s] Level 1:colcon.colcon_core.package_identification:_identify(venv/lib/python3.12/site-packages/setuptools/tests/config/downloads/__pycache__) by extensions ['cmake', 'python']
[0.696s] Level 1:colcon.colcon_core.package_identification:_identify(venv/lib/python3.12/site-packages/setuptools/tests/config/downloads/__pycache__) by extension 'cmake'
[0.696s] Level 1:colcon.colcon_core.package_identification:_identify(venv/lib/python3.12/site-packages/setuptools/tests/config/downloads/__pycache__) by extension 'python'
[0.696s] Level 1:colcon.colcon_core.package_identification:_identify(venv/lib/python3.12/site-packages/setuptools/tests/config/downloads/__pycache__) by extensions ['python_setup_py']
[0.696s] Level 1:colcon.colcon_core.package_identification:_identify(venv/lib/python3.12/site-packages/setuptools/tests/config/downloads/__pycache__) by extension 'python_setup_py'
[0.696s] Level 1:colcon.colcon_core.package_identification:_identify(venv/lib/python3.12/site-packages/setuptools/tests/indexes) by extensions ['ignore', 'ignore_ament_install']
[0.696s] Level 1:colcon.colcon_core.package_identification:_identify(venv/lib/python3.12/site-packages/setuptools/tests/indexes) by extension 'ignore'
[0.696s] Level 1:colcon.colcon_core.package_identification:_identify(venv/lib/python3.12/site-packages/setuptools/tests/indexes) by extension 'ignore_ament_install'
[0.696s] Level 1:colcon.colcon_core.package_identification:_identify(venv/lib/python3.12/site-packages/setuptools/tests/indexes) by extensions ['colcon_pkg']
[0.696s] Level 1:colcon.colcon_core.package_identification:_identify(venv/lib/python3.12/site-packages/setuptools/tests/indexes) by extension 'colcon_pkg'
[0.696s] Level 1:colcon.colcon_core.package_identification:_identify(venv/lib/python3.12/site-packages/setuptools/tests/indexes) by extensions ['colcon_meta']
[0.696s] Level 1:colcon.colcon_core.package_identification:_identify(venv/lib/python3.12/site-packages/setuptools/tests/indexes) by extension 'colcon_meta'
[0.696s] Level 1:colcon.colcon_core.package_identification:_identify(venv/lib/python3.12/site-packages/setuptools/tests/indexes) by extensions ['ros']
[0.696s] Level 1:colcon.colcon_core.package_identification:_identify(venv/lib/python3.12/site-packages/setuptools/tests/indexes) by extension 'ros'
[0.696s] Level 1:colcon.colcon_core.package_identification:_identify(venv/lib/python3.12/site-packages/setuptools/tests/indexes) by extensions ['cmake', 'python']
[0.696s] Level 1:colcon.colcon_core.package_identification:_identify(venv/lib/python3.12/site-packages/setuptools/tests/indexes) by extension 'cmake'
[0.696s] Level 1:colcon.colcon_core.package_identification:_identify(venv/lib/python3.12/site-packages/setuptools/tests/indexes) by extension 'python'
[0.696s] Level 1:colcon.colcon_core.package_identification:_identify(venv/lib/python3.12/site-packages/setuptools/tests/indexes) by extensions ['python_setup_py']
[0.696s] Level 1:colcon.colcon_core.package_identification:_identify(venv/lib/python3.12/site-packages/setuptools/tests/indexes) by extension 'python_setup_py'
[0.697s] Level 1:colcon.colcon_core.package_identification:_identify(venv/lib/python3.12/site-packages/setuptools/tests/indexes/test_links_priority) by extensions ['ignore', 'ignore_ament_install']
[0.697s] Level 1:colcon.colcon_core.package_identification:_identify(venv/lib/python3.12/site-packages/setuptools/tests/indexes/test_links_priority) by extension 'ignore'
[0.697s] Level 1:colcon.colcon_core.package_identification:_identify(venv/lib/python3.12/site-packages/setuptools/tests/indexes/test_links_priority) by extension 'ignore_ament_install'
[0.697s] Level 1:colcon.colcon_core.package_identification:_identify(venv/lib/python3.12/site-packages/setuptools/tests/indexes/test_links_priority) by extensions ['colcon_pkg']
[0.697s] Level 1:colcon.colcon_core.package_identification:_identify(venv/lib/python3.12/site-packages/setuptools/tests/indexes/test_links_priority) by extension 'colcon_pkg'
[0.697s] Level 1:colcon.colcon_core.package_identification:_identify(venv/lib/python3.12/site-packages/setuptools/tests/indexes/test_links_priority) by extensions ['colcon_meta']
[0.697s] Level 1:colcon.colcon_core.package_identification:_identify(venv/lib/python3.12/site-packages/setuptools/tests/indexes/test_links_priority) by extension 'colcon_meta'
[0.697s] Level 1:colcon.colcon_core.package_identification:_identify(venv/lib/python3.12/site-packages/setuptools/tests/indexes/test_links_priority) by extensions ['ros']
[0.697s] Level 1:colcon.colcon_core.package_identification:_identify(venv/lib/python3.12/site-packages/setuptools/tests/indexes/test_links_priority) by extension 'ros'
[0.697s] Level 1:colcon.colcon_core.package_identification:_identify(venv/lib/python3.12/site-packages/setuptools/tests/indexes/test_links_priority) by extensions ['cmake', 'python']
[0.697s] Level 1:colcon.colcon_core.package_identification:_identify(venv/lib/python3.12/site-packages/setuptools/tests/indexes/test_links_priority) by extension 'cmake'
[0.697s] Level 1:colcon.colcon_core.package_identification:_identify(venv/lib/python3.12/site-packages/setuptools/tests/indexes/test_links_priority) by extension 'python'
[0.697s] Level 1:colcon.colcon_core.package_identification:_identify(venv/lib/python3.12/site-packages/setuptools/tests/indexes/test_links_priority) by extensions ['python_setup_py']
[0.697s] Level 1:colcon.colcon_core.package_identification:_identify(venv/lib/python3.12/site-packages/setuptools/tests/indexes/test_links_priority) by extension 'python_setup_py'
[0.697s] Level 1:colcon.colcon_core.package_identification:_identify(venv/lib/python3.12/site-packages/setuptools/tests/indexes/test_links_priority/simple) by extensions ['ignore', 'ignore_ament_install']
[0.698s] Level 1:colcon.colcon_core.package_identification:_identify(venv/lib/python3.12/site-packages/setuptools/tests/indexes/test_links_priority/simple) by extension 'ignore'
[0.698s] Level 1:colcon.colcon_core.package_identification:_identify(venv/lib/python3.12/site-packages/setuptools/tests/indexes/test_links_priority/simple) by extension 'ignore_ament_install'
[0.698s] Level 1:colcon.colcon_core.package_identification:_identify(venv/lib/python3.12/site-packages/setuptools/tests/indexes/test_links_priority/simple) by extensions ['colcon_pkg']
[0.698s] Level 1:colcon.colcon_core.package_identification:_identify(venv/lib/python3.12/site-packages/setuptools/tests/indexes/test_links_priority/simple) by extension 'colcon_pkg'
[0.698s] Level 1:colcon.colcon_core.package_identification:_identify(venv/lib/python3.12/site-packages/setuptools/tests/indexes/test_links_priority/simple) by extensions ['colcon_meta']
[0.698s] Level 1:colcon.colcon_core.package_identification:_identify(venv/lib/python3.12/site-packages/setuptools/tests/indexes/test_links_priority/simple) by extension 'colcon_meta'
[0.698s] Level 1:colcon.colcon_core.package_identification:_identify(venv/lib/python3.12/site-packages/setuptools/tests/indexes/test_links_priority/simple) by extensions ['ros']
[0.698s] Level 1:colcon.colcon_core.package_identification:_identify(venv/lib/python3.12/site-packages/setuptools/tests/indexes/test_links_priority/simple) by extension 'ros'
[0.698s] Level 1:colcon.colcon_core.package_identification:_identify(venv/lib/python3.12/site-packages/setuptools/tests/indexes/test_links_priority/simple) by extensions ['cmake', 'python']
[0.698s] Level 1:colcon.colcon_core.package_identification:_identify(venv/lib/python3.12/site-packages/setuptools/tests/indexes/test_links_priority/simple) by extension 'cmake'
[0.698s] Level 1:colcon.colcon_core.package_identification:_identify(venv/lib/python3.12/site-packages/setuptools/tests/indexes/test_links_priority/simple) by extension 'python'
[0.698s] Level 1:colcon.colcon_core.package_identification:_identify(venv/lib/python3.12/site-packages/setuptools/tests/indexes/test_links_priority/simple) by extensions ['python_setup_py']
[0.698s] Level 1:colcon.colcon_core.package_identification:_identify(venv/lib/python3.12/site-packages/setuptools/tests/indexes/test_links_priority/simple) by extension 'python_setup_py'
[0.698s] Level 1:colcon.colcon_core.package_identification:_identify(venv/lib/python3.12/site-packages/setuptools/tests/indexes/test_links_priority/simple/foobar) by extensions ['ignore', 'ignore_ament_install']
[0.698s] Level 1:colcon.colcon_core.package_identification:_identify(venv/lib/python3.12/site-packages/setuptools/tests/indexes/test_links_priority/simple/foobar) by extension 'ignore'
[0.698s] Level 1:colcon.colcon_core.package_identification:_identify(venv/lib/python3.12/site-packages/setuptools/tests/indexes/test_links_priority/simple/foobar) by extension 'ignore_ament_install'
[0.699s] Level 1:colcon.colcon_core.package_identification:_identify(venv/lib/python3.12/site-packages/setuptools/tests/indexes/test_links_priority/simple/foobar) by extensions ['colcon_pkg']
[0.699s] Level 1:colcon.colcon_core.package_identification:_identify(venv/lib/python3.12/site-packages/setuptools/tests/indexes/test_links_priority/simple/foobar) by extension 'colcon_pkg'
[0.699s] Level 1:colcon.colcon_core.package_identification:_identify(venv/lib/python3.12/site-packages/setuptools/tests/indexes/test_links_priority/simple/foobar) by extensions ['colcon_meta']
[0.699s] Level 1:colcon.colcon_core.package_identification:_identify(venv/lib/python3.12/site-packages/setuptools/tests/indexes/test_links_priority/simple/foobar) by extension 'colcon_meta'
[0.699s] Level 1:colcon.colcon_core.package_identification:_identify(venv/lib/python3.12/site-packages/setuptools/tests/indexes/test_links_priority/simple/foobar) by extensions ['ros']
[0.699s] Level 1:colcon.colcon_core.package_identification:_identify(venv/lib/python3.12/site-packages/setuptools/tests/indexes/test_links_priority/simple/foobar) by extension 'ros'
[0.699s] Level 1:colcon.colcon_core.package_identification:_identify(venv/lib/python3.12/site-packages/setuptools/tests/indexes/test_links_priority/simple/foobar) by extensions ['cmake', 'python']
[0.699s] Level 1:colcon.colcon_core.package_identification:_identify(venv/lib/python3.12/site-packages/setuptools/tests/indexes/test_links_priority/simple/foobar) by extension 'cmake'
[0.699s] Level 1:colcon.colcon_core.package_identification:_identify(venv/lib/python3.12/site-packages/setuptools/tests/indexes/test_links_priority/simple/foobar) by extension 'python'
[0.699s] Level 1:colcon.colcon_core.package_identification:_identify(venv/lib/python3.12/site-packages/setuptools/tests/indexes/test_links_priority/simple/foobar) by extensions ['python_setup_py']
[0.699s] Level 1:colcon.colcon_core.package_identification:_identify(venv/lib/python3.12/site-packages/setuptools/tests/indexes/test_links_priority/simple/foobar) by extension 'python_setup_py'
[0.699s] Level 1:colcon.colcon_core.package_identification:_identify(venv/lib/python3.12/site-packages/setuptools/tests/integration) by extensions ['ignore', 'ignore_ament_install']
[0.699s] Level 1:colcon.colcon_core.package_identification:_identify(venv/lib/python3.12/site-packages/setuptools/tests/integration) by extension 'ignore'
[0.699s] Level 1:colcon.colcon_core.package_identification:_identify(venv/lib/python3.12/site-packages/setuptools/tests/integration) by extension 'ignore_ament_install'
[0.699s] Level 1:colcon.colcon_core.package_identification:_identify(venv/lib/python3.12/site-packages/setuptools/tests/integration) by extensions ['colcon_pkg']
[0.699s] Level 1:colcon.colcon_core.package_identification:_identify(venv/lib/python3.12/site-packages/setuptools/tests/integration) by extension 'colcon_pkg'
[0.700s] Level 1:colcon.colcon_core.package_identification:_identify(venv/lib/python3.12/site-packages/setuptools/tests/integration) by extensions ['colcon_meta']
[0.700s] Level 1:colcon.colcon_core.package_identification:_identify(venv/lib/python3.12/site-packages/setuptools/tests/integration) by extension 'colcon_meta'
[0.700s] Level 1:colcon.colcon_core.package_identification:_identify(venv/lib/python3.12/site-packages/setuptools/tests/integration) by extensions ['ros']
[0.700s] Level 1:colcon.colcon_core.package_identification:_identify(venv/lib/python3.12/site-packages/setuptools/tests/integration) by extension 'ros'
[0.700s] Level 1:colcon.colcon_core.package_identification:_identify(venv/lib/python3.12/site-packages/setuptools/tests/integration) by extensions ['cmake', 'python']
[0.700s] Level 1:colcon.colcon_core.package_identification:_identify(venv/lib/python3.12/site-packages/setuptools/tests/integration) by extension 'cmake'
[0.700s] Level 1:colcon.colcon_core.package_identification:_identify(venv/lib/python3.12/site-packages/setuptools/tests/integration) by extension 'python'
[0.700s] Level 1:colcon.colcon_core.package_identification:_identify(venv/lib/python3.12/site-packages/setuptools/tests/integration) by extensions ['python_setup_py']
[0.700s] Level 1:colcon.colcon_core.package_identification:_identify(venv/lib/python3.12/site-packages/setuptools/tests/integration) by extension 'python_setup_py'
[0.700s] Level 1:colcon.colcon_core.package_identification:_identify(venv/lib/python3.12/site-packages/setuptools/tests/integration/__pycache__) by extensions ['ignore', 'ignore_ament_install']
[0.700s] Level 1:colcon.colcon_core.package_identification:_identify(venv/lib/python3.12/site-packages/setuptools/tests/integration/__pycache__) by extension 'ignore'
[0.700s] Level 1:colcon.colcon_core.package_identification:_identify(venv/lib/python3.12/site-packages/setuptools/tests/integration/__pycache__) by extension 'ignore_ament_install'
[0.700s] Level 1:colcon.colcon_core.package_identification:_identify(venv/lib/python3.12/site-packages/setuptools/tests/integration/__pycache__) by extensions ['colcon_pkg']
[0.700s] Level 1:colcon.colcon_core.package_identification:_identify(venv/lib/python3.12/site-packages/setuptools/tests/integration/__pycache__) by extension 'colcon_pkg'
[0.700s] Level 1:colcon.colcon_core.package_identification:_identify(venv/lib/python3.12/site-packages/setuptools/tests/integration/__pycache__) by extensions ['colcon_meta']
[0.700s] Level 1:colcon.colcon_core.package_identification:_identify(venv/lib/python3.12/site-packages/setuptools/tests/integration/__pycache__) by extension 'colcon_meta'
[0.700s] Level 1:colcon.colcon_core.package_identification:_identify(venv/lib/python3.12/site-packages/setuptools/tests/integration/__pycache__) by extensions ['ros']
[0.700s] Level 1:colcon.colcon_core.package_identification:_identify(venv/lib/python3.12/site-packages/setuptools/tests/integration/__pycache__) by extension 'ros'
[0.701s] Level 1:colcon.colcon_core.package_identification:_identify(venv/lib/python3.12/site-packages/setuptools/tests/integration/__pycache__) by extensions ['cmake', 'python']
[0.701s] Level 1:colcon.colcon_core.package_identification:_identify(venv/lib/python3.12/site-packages/setuptools/tests/integration/__pycache__) by extension 'cmake'
[0.701s] Level 1:colcon.colcon_core.package_identification:_identify(venv/lib/python3.12/site-packages/setuptools/tests/integration/__pycache__) by extension 'python'
[0.701s] Level 1:colcon.colcon_core.package_identification:_identify(venv/lib/python3.12/site-packages/setuptools/tests/integration/__pycache__) by extensions ['python_setup_py']
[0.701s] Level 1:colcon.colcon_core.package_identification:_identify(venv/lib/python3.12/site-packages/setuptools/tests/integration/__pycache__) by extension 'python_setup_py'
[0.701s] Level 1:colcon.colcon_core.package_identification:_identify(venv/lib/python3.12/site-packages/setuptools-82.0.1.dist-info) by extensions ['ignore', 'ignore_ament_install']
[0.701s] Level 1:colcon.colcon_core.package_identification:_identify(venv/lib/python3.12/site-packages/setuptools-82.0.1.dist-info) by extension 'ignore'
[0.701s] Level 1:colcon.colcon_core.package_identification:_identify(venv/lib/python3.12/site-packages/setuptools-82.0.1.dist-info) by extension 'ignore_ament_install'
[0.701s] Level 1:colcon.colcon_core.package_identification:_identify(venv/lib/python3.12/site-packages/setuptools-82.0.1.dist-info) by extensions ['colcon_pkg']
[0.701s] Level 1:colcon.colcon_core.package_identification:_identify(venv/lib/python3.12/site-packages/setuptools-82.0.1.dist-info) by extension 'colcon_pkg'
[0.701s] Level 1:colcon.colcon_core.package_identification:_identify(venv/lib/python3.12/site-packages/setuptools-82.0.1.dist-info) by extensions ['colcon_meta']
[0.701s] Level 1:colcon.colcon_core.package_identification:_identify(venv/lib/python3.12/site-packages/setuptools-82.0.1.dist-info) by extension 'colcon_meta'
[0.701s] Level 1:colcon.colcon_core.package_identification:_identify(venv/lib/python3.12/site-packages/setuptools-82.0.1.dist-info) by extensions ['ros']
[0.701s] Level 1:colcon.colcon_core.package_identification:_identify(venv/lib/python3.12/site-packages/setuptools-82.0.1.dist-info) by extension 'ros'
[0.701s] Level 1:colcon.colcon_core.package_identification:_identify(venv/lib/python3.12/site-packages/setuptools-82.0.1.dist-info) by extensions ['cmake', 'python']
[0.701s] Level 1:colcon.colcon_core.package_identification:_identify(venv/lib/python3.12/site-packages/setuptools-82.0.1.dist-info) by extension 'cmake'
[0.702s] Level 1:colcon.colcon_core.package_identification:_identify(venv/lib/python3.12/site-packages/setuptools-82.0.1.dist-info) by extension 'python'
[0.702s] Level 1:colcon.colcon_core.package_identification:_identify(venv/lib/python3.12/site-packages/setuptools-82.0.1.dist-info) by extensions ['python_setup_py']
[0.702s] Level 1:colcon.colcon_core.package_identification:_identify(venv/lib/python3.12/site-packages/setuptools-82.0.1.dist-info) by extension 'python_setup_py'
[0.702s] Level 1:colcon.colcon_core.package_identification:_identify(venv/lib/python3.12/site-packages/setuptools-82.0.1.dist-info/licenses) by extensions ['ignore', 'ignore_ament_install']
[0.702s] Level 1:colcon.colcon_core.package_identification:_identify(venv/lib/python3.12/site-packages/setuptools-82.0.1.dist-info/licenses) by extension 'ignore'
[0.702s] Level 1:colcon.colcon_core.package_identification:_identify(venv/lib/python3.12/site-packages/setuptools-82.0.1.dist-info/licenses) by extension 'ignore_ament_install'
[0.702s] Level 1:colcon.colcon_core.package_identification:_identify(venv/lib/python3.12/site-packages/setuptools-82.0.1.dist-info/licenses) by extensions ['colcon_pkg']
[0.702s] Level 1:colcon.colcon_core.package_identification:_identify(venv/lib/python3.12/site-packages/setuptools-82.0.1.dist-info/licenses) by extension 'colcon_pkg'
[0.702s] Level 1:colcon.colcon_core.package_identification:_identify(venv/lib/python3.12/site-packages/setuptools-82.0.1.dist-info/licenses) by extensions ['colcon_meta']
[0.702s] Level 1:colcon.colcon_core.package_identification:_identify(venv/lib/python3.12/site-packages/setuptools-82.0.1.dist-info/licenses) by extension 'colcon_meta'
[0.702s] Level 1:colcon.colcon_core.package_identification:_identify(venv/lib/python3.12/site-packages/setuptools-82.0.1.dist-info/licenses) by extensions ['ros']
[0.702s] Level 1:colcon.colcon_core.package_identification:_identify(venv/lib/python3.12/site-packages/setuptools-82.0.1.dist-info/licenses) by extension 'ros'
[0.702s] Level 1:colcon.colcon_core.package_identification:_identify(venv/lib/python3.12/site-packages/setuptools-82.0.1.dist-info/licenses) by extensions ['cmake', 'python']
[0.702s] Level 1:colcon.colcon_core.package_identification:_identify(venv/lib/python3.12/site-packages/setuptools-82.0.1.dist-info/licenses) by extension 'cmake'
[0.702s] Level 1:colcon.colcon_core.package_identification:_identify(venv/lib/python3.12/site-packages/setuptools-82.0.1.dist-info/licenses) by extension 'python'
[0.702s] Level 1:colcon.colcon_core.package_identification:_identify(venv/lib/python3.12/site-packages/setuptools-82.0.1.dist-info/licenses) by extensions ['python_setup_py']
[0.702s] Level 1:colcon.colcon_core.package_identification:_identify(venv/lib/python3.12/site-packages/setuptools-82.0.1.dist-info/licenses) by extension 'python_setup_py'
[0.703s] Level 1:colcon.colcon_core.package_identification:_identify(venv/lib/python3.12/site-packages/smbus2) by extensions ['ignore', 'ignore_ament_install']
[0.703s] Level 1:colcon.colcon_core.package_identification:_identify(venv/lib/python3.12/site-packages/smbus2) by extension 'ignore'
[0.703s] Level 1:colcon.colcon_core.package_identification:_identify(venv/lib/python3.12/site-packages/smbus2) by extension 'ignore_ament_install'
[0.703s] Level 1:colcon.colcon_core.package_identification:_identify(venv/lib/python3.12/site-packages/smbus2) by extensions ['colcon_pkg']
[0.703s] Level 1:colcon.colcon_core.package_identification:_identify(venv/lib/python3.12/site-packages/smbus2) by extension 'colcon_pkg'
[0.703s] Level 1:colcon.colcon_core.package_identification:_identify(venv/lib/python3.12/site-packages/smbus2) by extensions ['colcon_meta']
[0.703s] Level 1:colcon.colcon_core.package_identification:_identify(venv/lib/python3.12/site-packages/smbus2) by extension 'colcon_meta'
[0.703s] Level 1:colcon.colcon_core.package_identification:_identify(venv/lib/python3.12/site-packages/smbus2) by extensions ['ros']
[0.703s] Level 1:colcon.colcon_core.package_identification:_identify(venv/lib/python3.12/site-packages/smbus2) by extension 'ros'
[0.703s] Level 1:colcon.colcon_core.package_identification:_identify(venv/lib/python3.12/site-packages/smbus2) by extensions ['cmake', 'python']
[0.703s] Level 1:colcon.colcon_core.package_identification:_identify(venv/lib/python3.12/site-packages/smbus2) by extension 'cmake'
[0.703s] Level 1:colcon.colcon_core.package_identification:_identify(venv/lib/python3.12/site-packages/smbus2) by extension 'python'
[0.703s] Level 1:colcon.colcon_core.package_identification:_identify(venv/lib/python3.12/site-packages/smbus2) by extensions ['python_setup_py']
[0.703s] Level 1:colcon.colcon_core.package_identification:_identify(venv/lib/python3.12/site-packages/smbus2) by extension 'python_setup_py'
[0.703s] Level 1:colcon.colcon_core.package_identification:_identify(venv/lib/python3.12/site-packages/smbus2/__pycache__) by extensions ['ignore', 'ignore_ament_install']
[0.703s] Level 1:colcon.colcon_core.package_identification:_identify(venv/lib/python3.12/site-packages/smbus2/__pycache__) by extension 'ignore'
[0.703s] Level 1:colcon.colcon_core.package_identification:_identify(venv/lib/python3.12/site-packages/smbus2/__pycache__) by extension 'ignore_ament_install'
[0.704s] Level 1:colcon.colcon_core.package_identification:_identify(venv/lib/python3.12/site-packages/smbus2/__pycache__) by extensions ['colcon_pkg']
[0.704s] Level 1:colcon.colcon_core.package_identification:_identify(venv/lib/python3.12/site-packages/smbus2/__pycache__) by extension 'colcon_pkg'
[0.704s] Level 1:colcon.colcon_core.package_identification:_identify(venv/lib/python3.12/site-packages/smbus2/__pycache__) by extensions ['colcon_meta']
[0.704s] Level 1:colcon.colcon_core.package_identification:_identify(venv/lib/python3.12/site-packages/smbus2/__pycache__) by extension 'colcon_meta'
[0.704s] Level 1:colcon.colcon_core.package_identification:_identify(venv/lib/python3.12/site-packages/smbus2/__pycache__) by extensions ['ros']
[0.704s] Level 1:colcon.colcon_core.package_identification:_identify(venv/lib/python3.12/site-packages/smbus2/__pycache__) by extension 'ros'
[0.704s] Level 1:colcon.colcon_core.package_identification:_identify(venv/lib/python3.12/site-packages/smbus2/__pycache__) by extensions ['cmake', 'python']
[0.704s] Level 1:colcon.colcon_core.package_identification:_identify(venv/lib/python3.12/site-packages/smbus2/__pycache__) by extension 'cmake'
[0.704s] Level 1:colcon.colcon_core.package_identification:_identify(venv/lib/python3.12/site-packages/smbus2/__pycache__) by extension 'python'
[0.704s] Level 1:colcon.colcon_core.package_identification:_identify(venv/lib/python3.12/site-packages/smbus2/__pycache__) by extensions ['python_setup_py']
[0.704s] Level 1:colcon.colcon_core.package_identification:_identify(venv/lib/python3.12/site-packages/smbus2/__pycache__) by extension 'python_setup_py'
[0.704s] Level 1:colcon.colcon_core.package_identification:_identify(venv/lib/python3.12/site-packages/smbus2-0.6.1.dist-info) by extensions ['ignore', 'ignore_ament_install']
[0.704s] Level 1:colcon.colcon_core.package_identification:_identify(venv/lib/python3.12/site-packages/smbus2-0.6.1.dist-info) by extension 'ignore'
[0.704s] Level 1:colcon.colcon_core.package_identification:_identify(venv/lib/python3.12/site-packages/smbus2-0.6.1.dist-info) by extension 'ignore_ament_install'
[0.704s] Level 1:colcon.colcon_core.package_identification:_identify(venv/lib/python3.12/site-packages/smbus2-0.6.1.dist-info) by extensions ['colcon_pkg']
[0.704s] Level 1:colcon.colcon_core.package_identification:_identify(venv/lib/python3.12/site-packages/smbus2-0.6.1.dist-info) by extension 'colcon_pkg'
[0.704s] Level 1:colcon.colcon_core.package_identification:_identify(venv/lib/python3.12/site-packages/smbus2-0.6.1.dist-info) by extensions ['colcon_meta']
[0.704s] Level 1:colcon.colcon_core.package_identification:_identify(venv/lib/python3.12/site-packages/smbus2-0.6.1.dist-info) by extension 'colcon_meta'
[0.705s] Level 1:colcon.colcon_core.package_identification:_identify(venv/lib/python3.12/site-packages/smbus2-0.6.1.dist-info) by extensions ['ros']
[0.705s] Level 1:colcon.colcon_core.package_identification:_identify(venv/lib/python3.12/site-packages/smbus2-0.6.1.dist-info) by extension 'ros'
[0.705s] Level 1:colcon.colcon_core.package_identification:_identify(venv/lib/python3.12/site-packages/smbus2-0.6.1.dist-info) by extensions ['cmake', 'python']
[0.705s] Level 1:colcon.colcon_core.package_identification:_identify(venv/lib/python3.12/site-packages/smbus2-0.6.1.dist-info) by extension 'cmake'
[0.705s] Level 1:colcon.colcon_core.package_identification:_identify(venv/lib/python3.12/site-packages/smbus2-0.6.1.dist-info) by extension 'python'
[0.705s] Level 1:colcon.colcon_core.package_identification:_identify(venv/lib/python3.12/site-packages/smbus2-0.6.1.dist-info) by extensions ['python_setup_py']
[0.705s] Level 1:colcon.colcon_core.package_identification:_identify(venv/lib/python3.12/site-packages/smbus2-0.6.1.dist-info) by extension 'python_setup_py'
[0.705s] Level 1:colcon.colcon_core.package_identification:_identify(venv/lib/python3.12/site-packages/smbus2-0.6.1.dist-info/licenses) by extensions ['ignore', 'ignore_ament_install']
[0.705s] Level 1:colcon.colcon_core.package_identification:_identify(venv/lib/python3.12/site-packages/smbus2-0.6.1.dist-info/licenses) by extension 'ignore'
[0.705s] Level 1:colcon.colcon_core.package_identification:_identify(venv/lib/python3.12/site-packages/smbus2-0.6.1.dist-info/licenses) by extension 'ignore_ament_install'
[0.705s] Level 1:colcon.colcon_core.package_identification:_identify(venv/lib/python3.12/site-packages/smbus2-0.6.1.dist-info/licenses) by extensions ['colcon_pkg']
[0.705s] Level 1:colcon.colcon_core.package_identification:_identify(venv/lib/python3.12/site-packages/smbus2-0.6.1.dist-info/licenses) by extension 'colcon_pkg'
[0.705s] Level 1:colcon.colcon_core.package_identification:_identify(venv/lib/python3.12/site-packages/smbus2-0.6.1.dist-info/licenses) by extensions ['colcon_meta']
[0.705s] Level 1:colcon.colcon_core.package_identification:_identify(venv/lib/python3.12/site-packages/smbus2-0.6.1.dist-info/licenses) by extension 'colcon_meta'
[0.705s] Level 1:colcon.colcon_core.package_identification:_identify(venv/lib/python3.12/site-packages/smbus2-0.6.1.dist-info/licenses) by extensions ['ros']
[0.705s] Level 1:colcon.colcon_core.package_identification:_identify(venv/lib/python3.12/site-packages/smbus2-0.6.1.dist-info/licenses) by extension 'ros'
[0.706s] Level 1:colcon.colcon_core.package_identification:_identify(venv/lib/python3.12/site-packages/smbus2-0.6.1.dist-info/licenses) by extensions ['cmake', 'python']
[0.706s] Level 1:colcon.colcon_core.package_identification:_identify(venv/lib/python3.12/site-packages/smbus2-0.6.1.dist-info/licenses) by extension 'cmake'
[0.706s] Level 1:colcon.colcon_core.package_identification:_identify(venv/lib/python3.12/site-packages/smbus2-0.6.1.dist-info/licenses) by extension 'python'
[0.706s] Level 1:colcon.colcon_core.package_identification:_identify(venv/lib/python3.12/site-packages/smbus2-0.6.1.dist-info/licenses) by extensions ['python_setup_py']
[0.706s] Level 1:colcon.colcon_core.package_identification:_identify(venv/lib/python3.12/site-packages/smbus2-0.6.1.dist-info/licenses) by extension 'python_setup_py'
[0.706s] Level 1:colcon.colcon_core.package_identification:_identify(venv/lib/python3.12/site-packages/wheel) by extensions ['ignore', 'ignore_ament_install']
[0.706s] Level 1:colcon.colcon_core.package_identification:_identify(venv/lib/python3.12/site-packages/wheel) by extension 'ignore'
[0.706s] Level 1:colcon.colcon_core.package_identification:_identify(venv/lib/python3.12/site-packages/wheel) by extension 'ignore_ament_install'
[0.706s] Level 1:colcon.colcon_core.package_identification:_identify(venv/lib/python3.12/site-packages/wheel) by extensions ['colcon_pkg']
[0.706s] Level 1:colcon.colcon_core.package_identification:_identify(venv/lib/python3.12/site-packages/wheel) by extension 'colcon_pkg'
[0.706s] Level 1:colcon.colcon_core.package_identification:_identify(venv/lib/python3.12/site-packages/wheel) by extensions ['colcon_meta']
[0.706s] Level 1:colcon.colcon_core.package_identification:_identify(venv/lib/python3.12/site-packages/wheel) by extension 'colcon_meta'
[0.706s] Level 1:colcon.colcon_core.package_identification:_identify(venv/lib/python3.12/site-packages/wheel) by extensions ['ros']
[0.706s] Level 1:colcon.colcon_core.package_identification:_identify(venv/lib/python3.12/site-packages/wheel) by extension 'ros'
[0.706s] Level 1:colcon.colcon_core.package_identification:_identify(venv/lib/python3.12/site-packages/wheel) by extensions ['cmake', 'python']
[0.706s] Level 1:colcon.colcon_core.package_identification:_identify(venv/lib/python3.12/site-packages/wheel) by extension 'cmake'
[0.706s] Level 1:colcon.colcon_core.package_identification:_identify(venv/lib/python3.12/site-packages/wheel) by extension 'python'
[0.706s] Level 1:colcon.colcon_core.package_identification:_identify(venv/lib/python3.12/site-packages/wheel) by extensions ['python_setup_py']
[0.706s] Level 1:colcon.colcon_core.package_identification:_identify(venv/lib/python3.12/site-packages/wheel) by extension 'python_setup_py'
[0.707s] Level 1:colcon.colcon_core.package_identification:_identify(venv/lib/python3.12/site-packages/wheel/__pycache__) by extensions ['ignore', 'ignore_ament_install']
[0.707s] Level 1:colcon.colcon_core.package_identification:_identify(venv/lib/python3.12/site-packages/wheel/__pycache__) by extension 'ignore'
[0.707s] Level 1:colcon.colcon_core.package_identification:_identify(venv/lib/python3.12/site-packages/wheel/__pycache__) by extension 'ignore_ament_install'
[0.707s] Level 1:colcon.colcon_core.package_identification:_identify(venv/lib/python3.12/site-packages/wheel/__pycache__) by extensions ['colcon_pkg']
[0.707s] Level 1:colcon.colcon_core.package_identification:_identify(venv/lib/python3.12/site-packages/wheel/__pycache__) by extension 'colcon_pkg'
[0.707s] Level 1:colcon.colcon_core.package_identification:_identify(venv/lib/python3.12/site-packages/wheel/__pycache__) by extensions ['colcon_meta']
[0.707s] Level 1:colcon.colcon_core.package_identification:_identify(venv/lib/python3.12/site-packages/wheel/__pycache__) by extension 'colcon_meta'
[0.707s] Level 1:colcon.colcon_core.package_identification:_identify(venv/lib/python3.12/site-packages/wheel/__pycache__) by extensions ['ros']
[0.707s] Level 1:colcon.colcon_core.package_identification:_identify(venv/lib/python3.12/site-packages/wheel/__pycache__) by extension 'ros'
[0.707s] Level 1:colcon.colcon_core.package_identification:_identify(venv/lib/python3.12/site-packages/wheel/__pycache__) by extensions ['cmake', 'python']
[0.707s] Level 1:colcon.colcon_core.package_identification:_identify(venv/lib/python3.12/site-packages/wheel/__pycache__) by extension 'cmake'
[0.707s] Level 1:colcon.colcon_core.package_identification:_identify(venv/lib/python3.12/site-packages/wheel/__pycache__) by extension 'python'
[0.707s] Level 1:colcon.colcon_core.package_identification:_identify(venv/lib/python3.12/site-packages/wheel/__pycache__) by extensions ['python_setup_py']
[0.707s] Level 1:colcon.colcon_core.package_identification:_identify(venv/lib/python3.12/site-packages/wheel/__pycache__) by extension 'python_setup_py'
[0.707s] Level 1:colcon.colcon_core.package_identification:_identify(venv/lib/python3.12/site-packages/wheel/_commands) by extensions ['ignore', 'ignore_ament_install']
[0.707s] Level 1:colcon.colcon_core.package_identification:_identify(venv/lib/python3.12/site-packages/wheel/_commands) by extension 'ignore'
[0.708s] Level 1:colcon.colcon_core.package_identification:_identify(venv/lib/python3.12/site-packages/wheel/_commands) by extension 'ignore_ament_install'
[0.708s] Level 1:colcon.colcon_core.package_identification:_identify(venv/lib/python3.12/site-packages/wheel/_commands) by extensions ['colcon_pkg']
[0.708s] Level 1:colcon.colcon_core.package_identification:_identify(venv/lib/python3.12/site-packages/wheel/_commands) by extension 'colcon_pkg'
[0.708s] Level 1:colcon.colcon_core.package_identification:_identify(venv/lib/python3.12/site-packages/wheel/_commands) by extensions ['colcon_meta']
[0.708s] Level 1:colcon.colcon_core.package_identification:_identify(venv/lib/python3.12/site-packages/wheel/_commands) by extension 'colcon_meta'
[0.708s] Level 1:colcon.colcon_core.package_identification:_identify(venv/lib/python3.12/site-packages/wheel/_commands) by extensions ['ros']
[0.708s] Level 1:colcon.colcon_core.package_identification:_identify(venv/lib/python3.12/site-packages/wheel/_commands) by extension 'ros'
[0.708s] Level 1:colcon.colcon_core.package_identification:_identify(venv/lib/python3.12/site-packages/wheel/_commands) by extensions ['cmake', 'python']
[0.708s] Level 1:colcon.colcon_core.package_identification:_identify(venv/lib/python3.12/site-packages/wheel/_commands) by extension 'cmake'
[0.708s] Level 1:colcon.colcon_core.package_identification:_identify(venv/lib/python3.12/site-packages/wheel/_commands) by extension 'python'
[0.708s] Level 1:colcon.colcon_core.package_identification:_identify(venv/lib/python3.12/site-packages/wheel/_commands) by extensions ['python_setup_py']
[0.708s] Level 1:colcon.colcon_core.package_identification:_identify(venv/lib/python3.12/site-packages/wheel/_commands) by extension 'python_setup_py'
[0.708s] Level 1:colcon.colcon_core.package_identification:_identify(venv/lib/python3.12/site-packages/wheel/_commands/__pycache__) by extensions ['ignore', 'ignore_ament_install']
[0.708s] Level 1:colcon.colcon_core.package_identification:_identify(venv/lib/python3.12/site-packages/wheel/_commands/__pycache__) by extension 'ignore'
[0.708s] Level 1:colcon.colcon_core.package_identification:_identify(venv/lib/python3.12/site-packages/wheel/_commands/__pycache__) by extension 'ignore_ament_install'
[0.708s] Level 1:colcon.colcon_core.package_identification:_identify(venv/lib/python3.12/site-packages/wheel/_commands/__pycache__) by extensions ['colcon_pkg']
[0.708s] Level 1:colcon.colcon_core.package_identification:_identify(venv/lib/python3.12/site-packages/wheel/_commands/__pycache__) by extension 'colcon_pkg'
[0.709s] Level 1:colcon.colcon_core.package_identification:_identify(venv/lib/python3.12/site-packages/wheel/_commands/__pycache__) by extensions ['colcon_meta']
[0.709s] Level 1:colcon.colcon_core.package_identification:_identify(venv/lib/python3.12/site-packages/wheel/_commands/__pycache__) by extension 'colcon_meta'
[0.709s] Level 1:colcon.colcon_core.package_identification:_identify(venv/lib/python3.12/site-packages/wheel/_commands/__pycache__) by extensions ['ros']
[0.709s] Level 1:colcon.colcon_core.package_identification:_identify(venv/lib/python3.12/site-packages/wheel/_commands/__pycache__) by extension 'ros'
[0.709s] Level 1:colcon.colcon_core.package_identification:_identify(venv/lib/python3.12/site-packages/wheel/_commands/__pycache__) by extensions ['cmake', 'python']
[0.709s] Level 1:colcon.colcon_core.package_identification:_identify(venv/lib/python3.12/site-packages/wheel/_commands/__pycache__) by extension 'cmake'
[0.709s] Level 1:colcon.colcon_core.package_identification:_identify(venv/lib/python3.12/site-packages/wheel/_commands/__pycache__) by extension 'python'
[0.709s] Level 1:colcon.colcon_core.package_identification:_identify(venv/lib/python3.12/site-packages/wheel/_commands/__pycache__) by extensions ['python_setup_py']
[0.709s] Level 1:colcon.colcon_core.package_identification:_identify(venv/lib/python3.12/site-packages/wheel/_commands/__pycache__) by extension 'python_setup_py'
[0.709s] Level 1:colcon.colcon_core.package_identification:_identify(venv/lib/python3.12/site-packages/wheel-0.47.0.dist-info) by extensions ['ignore', 'ignore_ament_install']
[0.709s] Level 1:colcon.colcon_core.package_identification:_identify(venv/lib/python3.12/site-packages/wheel-0.47.0.dist-info) by extension 'ignore'
[0.709s] Level 1:colcon.colcon_core.package_identification:_identify(venv/lib/python3.12/site-packages/wheel-0.47.0.dist-info) by extension 'ignore_ament_install'
[0.709s] Level 1:colcon.colcon_core.package_identification:_identify(venv/lib/python3.12/site-packages/wheel-0.47.0.dist-info) by extensions ['colcon_pkg']
[0.709s] Level 1:colcon.colcon_core.package_identification:_identify(venv/lib/python3.12/site-packages/wheel-0.47.0.dist-info) by extension 'colcon_pkg'
[0.709s] Level 1:colcon.colcon_core.package_identification:_identify(venv/lib/python3.12/site-packages/wheel-0.47.0.dist-info) by extensions ['colcon_meta']
[0.709s] Level 1:colcon.colcon_core.package_identification:_identify(venv/lib/python3.12/site-packages/wheel-0.47.0.dist-info) by extension 'colcon_meta'
[0.709s] Level 1:colcon.colcon_core.package_identification:_identify(venv/lib/python3.12/site-packages/wheel-0.47.0.dist-info) by extensions ['ros']
[0.709s] Level 1:colcon.colcon_core.package_identification:_identify(venv/lib/python3.12/site-packages/wheel-0.47.0.dist-info) by extension 'ros'
[0.710s] Level 1:colcon.colcon_core.package_identification:_identify(venv/lib/python3.12/site-packages/wheel-0.47.0.dist-info) by extensions ['cmake', 'python']
[0.710s] Level 1:colcon.colcon_core.package_identification:_identify(venv/lib/python3.12/site-packages/wheel-0.47.0.dist-info) by extension 'cmake'
[0.710s] Level 1:colcon.colcon_core.package_identification:_identify(venv/lib/python3.12/site-packages/wheel-0.47.0.dist-info) by extension 'python'
[0.710s] Level 1:colcon.colcon_core.package_identification:_identify(venv/lib/python3.12/site-packages/wheel-0.47.0.dist-info) by extensions ['python_setup_py']
[0.710s] Level 1:colcon.colcon_core.package_identification:_identify(venv/lib/python3.12/site-packages/wheel-0.47.0.dist-info) by extension 'python_setup_py'
[0.710s] Level 1:colcon.colcon_core.package_identification:_identify(venv/lib/python3.12/site-packages/wheel-0.47.0.dist-info/licenses) by extensions ['ignore', 'ignore_ament_install']
[0.710s] Level 1:colcon.colcon_core.package_identification:_identify(venv/lib/python3.12/site-packages/wheel-0.47.0.dist-info/licenses) by extension 'ignore'
[0.710s] Level 1:colcon.colcon_core.package_identification:_identify(venv/lib/python3.12/site-packages/wheel-0.47.0.dist-info/licenses) by extension 'ignore_ament_install'
[0.710s] Level 1:colcon.colcon_core.package_identification:_identify(venv/lib/python3.12/site-packages/wheel-0.47.0.dist-info/licenses) by extensions ['colcon_pkg']
[0.710s] Level 1:colcon.colcon_core.package_identification:_identify(venv/lib/python3.12/site-packages/wheel-0.47.0.dist-info/licenses) by extension 'colcon_pkg'
[0.710s] Level 1:colcon.colcon_core.package_identification:_identify(venv/lib/python3.12/site-packages/wheel-0.47.0.dist-info/licenses) by extensions ['colcon_meta']
[0.710s] Level 1:colcon.colcon_core.package_identification:_identify(venv/lib/python3.12/site-packages/wheel-0.47.0.dist-info/licenses) by extension 'colcon_meta'
[0.710s] Level 1:colcon.colcon_core.package_identification:_identify(venv/lib/python3.12/site-packages/wheel-0.47.0.dist-info/licenses) by extensions ['ros']
[0.710s] Level 1:colcon.colcon_core.package_identification:_identify(venv/lib/python3.12/site-packages/wheel-0.47.0.dist-info/licenses) by extension 'ros'
[0.710s] Level 1:colcon.colcon_core.package_identification:_identify(venv/lib/python3.12/site-packages/wheel-0.47.0.dist-info/licenses) by extensions ['cmake', 'python']
[0.710s] Level 1:colcon.colcon_core.package_identification:_identify(venv/lib/python3.12/site-packages/wheel-0.47.0.dist-info/licenses) by extension 'cmake'
[0.710s] Level 1:colcon.colcon_core.package_identification:_identify(venv/lib/python3.12/site-packages/wheel-0.47.0.dist-info/licenses) by extension 'python'
[0.711s] Level 1:colcon.colcon_core.package_identification:_identify(venv/lib/python3.12/site-packages/wheel-0.47.0.dist-info/licenses) by extensions ['python_setup_py']
[0.711s] Level 1:colcon.colcon_core.package_identification:_identify(venv/lib/python3.12/site-packages/wheel-0.47.0.dist-info/licenses) by extension 'python_setup_py'
[0.711s] Level 1:colcon.colcon_core.package_discovery:discover_packages(recursive) using defaults
[0.711s] Level 1:colcon.colcon_core.package_discovery:discover_packages(ignore) discover
[0.711s] Level 1:colcon.colcon_core.package_discovery:discover_packages(ignore) using defaults
[0.711s] Level 1:colcon.colcon_core.package_discovery:discover_packages(path) discover
[0.711s] Level 1:colcon.colcon_core.package_discovery:discover_packages(path) using defaults
[0.764s] INFO:colcon.colcon_core.package_selection:Skipping not selected package 'agrobot_detect' in 'src/agrobot_detect'
[0.764s] INFO:colcon.colcon_core.package_selection:Skipping not selected package 'agrobot_interfaces' in 'src/agrobot_interfaces'
[0.764s] INFO:colcon.colcon_core.package_selection:Skipping not selected package 'basicmicro_ros2' in 'src/basicmicro_ros2'
[0.764s] INFO:colcon.colcon_core.package_selection:Skipping not selected package 'examples_rclcpp_async_client' in 'src/examples/rclcpp/services/async_client'
[0.764s] INFO:colcon.colcon_core.package_selection:Skipping not selected package 'examples_rclcpp_cbg_executor' in 'src/examples/rclcpp/executors/cbg_executor'
[0.764s] INFO:colcon.colcon_core.package_selection:Skipping not selected package 'examples_rclcpp_minimal_action_client' in 'src/examples/rclcpp/actions/minimal_action_client'
[0.764s] INFO:colcon.colcon_core.package_selection:Skipping not selected package 'examples_rclcpp_minimal_action_server' in 'src/examples/rclcpp/actions/minimal_action_server'
[0.765s] INFO:colcon.colcon_core.package_selection:Skipping not selected package 'examples_rclcpp_minimal_client' in 'src/examples/rclcpp/services/minimal_client'
[0.765s] INFO:colcon.colcon_core.package_selection:Skipping not selected package 'examples_rclcpp_minimal_composition' in 'src/examples/rclcpp/composition/minimal_composition'
[0.765s] INFO:colcon.colcon_core.package_selection:Skipping not selected package 'examples_rclcpp_minimal_publisher' in 'src/examples/rclcpp/topics/minimal_publisher'
[0.765s] INFO:colcon.colcon_core.package_selection:Skipping not selected package 'examples_rclcpp_minimal_service' in 'src/examples/rclcpp/services/minimal_service'
[0.765s] INFO:colcon.colcon_core.package_selection:Skipping not selected package 'examples_rclcpp_minimal_subscriber' in 'src/examples/rclcpp/topics/minimal_subscriber'
[0.765s] INFO:colcon.colcon_core.package_selection:Skipping not selected package 'examples_rclcpp_minimal_timer' in 'src/examples/rclcpp/timers/minimal_timer'
[0.765s] INFO:colcon.colcon_core.package_selection:Skipping not selected package 'examples_rclcpp_multithreaded_executor' in 'src/examples/rclcpp/executors/multithreaded_executor'
[0.765s] INFO:colcon.colcon_core.package_selection:Skipping not selected package 'examples_rclcpp_wait_set' in 'src/examples/rclcpp/wait_set'
[0.765s] INFO:colcon.colcon_core.package_selection:Skipping not selected package 'examples_rclpy_executors' in 'src/examples/rclpy/executors'
[0.765s] INFO:colcon.colcon_core.package_selection:Skipping not selected package 'examples_rclpy_guard_conditions' in 'src/examples/rclpy/guard_conditions'
[0.765s] INFO:colcon.colcon_core.package_selection:Skipping not selected package 'examples_rclpy_minimal_action_client' in 'src/examples/rclpy/actions/minimal_action_client'
[0.765s] INFO:colcon.colcon_core.package_selection:Skipping not selected package 'examples_rclpy_minimal_action_server' in 'src/examples/rclpy/actions/minimal_action_server'
[0.765s] INFO:colcon.colcon_core.package_selection:Skipping not selected package 'examples_rclpy_minimal_client' in 'src/examples/rclpy/services/minimal_client'
[0.765s] INFO:colcon.colcon_core.package_selection:Skipping not selected package 'examples_rclpy_minimal_publisher' in 'src/examples/rclpy/topics/minimal_publisher'
[0.765s] INFO:colcon.colcon_core.package_selection:Skipping not selected package 'examples_rclpy_minimal_service' in 'src/examples/rclpy/services/minimal_service'
[0.765s] INFO:colcon.colcon_core.package_selection:Skipping not selected package 'examples_rclpy_minimal_subscriber' in 'src/examples/rclpy/topics/minimal_subscriber'
[0.765s] INFO:colcon.colcon_core.package_selection:Skipping not selected package 'examples_rclpy_pointcloud_publisher' in 'src/examples/rclpy/topics/pointcloud_publisher'
[0.765s] INFO:colcon.colcon_core.package_selection:Skipping not selected package 'launch_testing_examples' in 'src/examples/launch_testing/launch_testing_examples'
[0.765s] INFO:colcon.colcon_core.package_selection:Skipping not selected package 'tutorial_interfaces' in 'src/tutorial_interfaces'
[0.765s] INFO:colcon.colcon_core.package_selection:Skipping not selected package 'agrobot_actuation' in 'src/agrobot_actuation'
[0.766s] Level 1:colcon.colcon_core.package_discovery:discover_packages(prefix_path) check parameters
[0.766s] Level 1:colcon.colcon_core.package_discovery:discover_packages(prefix_path) discover
[0.771s] DEBUG:colcon.colcon_installed_package_information.package_discovery:Found 7 installed packages in /home/agrobot/ros2_ws/install
[0.773s] DEBUG:colcon.colcon_installed_package_information.package_discovery:Found 254 installed packages in /opt/ros/kilted
[0.774s] Level 1:colcon.colcon_core.package_discovery:discover_packages(prefix_path) using defaults
[0.829s] Level 5:colcon.colcon_core.verb:set package 'agrobot_nav' build argument 'cmake_args' from command line to 'None'
[0.829s] Level 5:colcon.colcon_core.verb:set package 'agrobot_nav' build argument 'cmake_target' from command line to 'None'
[0.829s] Level 5:colcon.colcon_core.verb:set package 'agrobot_nav' build argument 'cmake_target_skip_unavailable' from command line to 'False'
[0.829s] Level 5:colcon.colcon_core.verb:set package 'agrobot_nav' build argument 'cmake_clean_cache' from command line to 'False'
[0.829s] Level 5:colcon.colcon_core.verb:set package 'agrobot_nav' build argument 'cmake_clean_first' from command line to 'False'
[0.829s] Level 5:colcon.colcon_core.verb:set package 'agrobot_nav' build argument 'cmake_force_configure' from command line to 'False'
[0.829s] Level 5:colcon.colcon_core.verb:set package 'agrobot_nav' build argument 'ament_cmake_args' from command line to 'None'
[0.829s] Level 5:colcon.colcon_core.verb:set package 'agrobot_nav' build argument 'catkin_cmake_args' from command line to 'None'
[0.829s] Level 5:colcon.colcon_core.verb:set package 'agrobot_nav' build argument 'catkin_skip_building_tests' from command line to 'False'
[0.829s] DEBUG:colcon.colcon_core.verb:Building package 'agrobot_nav' with the following arguments: {'ament_cmake_args': None, 'build_base': '/home/agrobot/ros2_ws/build/agrobot_nav', 'catkin_cmake_args': None, 'catkin_skip_building_tests': False, 'cmake_args': None, 'cmake_clean_cache': False, 'cmake_clean_first': False, 'cmake_force_configure': False, 'cmake_target': None, 'cmake_target_skip_unavailable': False, 'install_base': '/home/agrobot/ros2_ws/install/agrobot_nav', 'merge_install': False, 'path': '/home/agrobot/ros2_ws/src/agrobot_nav', 'symlink_install': False, 'test_result_base': None}
[0.830s] INFO:colcon.colcon_core.executor:Executing jobs using 'parallel' executor
[0.831s] DEBUG:colcon.colcon_parallel_executor.executor.parallel:run_until_complete
[0.831s] INFO:colcon.colcon_ros.task.ament_python.build:Building ROS package in '/home/agrobot/ros2_ws/src/agrobot_nav' with build type 'ament_python'
[0.832s] Level 1:colcon.colcon_core.shell:create_environment_hook('agrobot_nav', 'ament_prefix_path')
[0.840s] INFO:colcon.colcon_core.plugin_system:Skipping extension 'colcon_core.shell.bat': Not used on non-Windows systems
[0.841s] INFO:colcon.colcon_core.shell:Creating environment hook '/home/agrobot/ros2_ws/install/agrobot_nav/share/agrobot_nav/hook/ament_prefix_path.ps1'
[0.842s] INFO:colcon.colcon_core.shell:Creating environment descriptor '/home/agrobot/ros2_ws/install/agrobot_nav/share/agrobot_nav/hook/ament_prefix_path.dsv'
[0.844s] INFO:colcon.colcon_core.shell:Creating environment hook '/home/agrobot/ros2_ws/install/agrobot_nav/share/agrobot_nav/hook/ament_prefix_path.sh'
[0.846s] INFO:colcon.colcon_core.shell:Skip shell extension 'powershell' for command environment: Not usable outside of PowerShell
[0.846s] DEBUG:colcon.colcon_core.shell:Skip shell extension 'dsv' for command environment
[1.182s] INFO:colcon.colcon_core.task.python.build:Building Python package in '/home/agrobot/ros2_ws/src/agrobot_nav'
[1.183s] INFO:colcon.colcon_core.shell:Skip shell extension 'powershell' for command environment: Not usable outside of PowerShell
[1.183s] DEBUG:colcon.colcon_core.shell:Skip shell extension 'dsv' for command environment
[2.319s] DEBUG:colcon.colcon_core.event_handler.log_command:Invoking command in '/home/agrobot/ros2_ws/src/agrobot_nav': PYTHONPATH=/home/agrobot/ros2_ws/build/agrobot_nav/prefix_override:/usr/lib/python3/dist-packages/colcon_core/task/python/colcon_distutils_commands:/home/agrobot/ros2_ws/install/agrobot_nav/lib/python3.12/site-packages:/home/agrobot/ros2_ws/install/tutorial_interfaces/lib/python3.12/site-packages:/home/agrobot/ros2_ws/install/agrobot_nav/lib/python3.12/site-packages:/home/agrobot/ros2_ws/install/basicmicro_ros2/lib/python3.12/site-packages:/home/agrobot/ros2_ws/install/agrobot_actuation/lib/python3.12/site-packages:/home/agrobot/ros2_ws/install/agrobot_interfaces/lib/python3.12/site-packages:/home/agrobot/ros2_ws/install/agrobot_detect/lib/python3.12/site-packages:/opt/ros/kilted/lib/python3.12/site-packages /usr/bin/python3 -W ignore:setup.py install is deprecated -W ignore:easy_install command is deprecated setup.py egg_info --egg-base ../../build/agrobot_nav build --build-base /home/agrobot/ros2_ws/build/agrobot_nav/build install --record /home/agrobot/ros2_ws/build/agrobot_nav/install.log --single-version-externally-managed install_data
[3.074s] DEBUG:colcon.colcon_core.event_handler.log_command:Invoked command in '/home/agrobot/ros2_ws/src/agrobot_nav' returned '0': PYTHONPATH=/home/agrobot/ros2_ws/build/agrobot_nav/prefix_override:/usr/lib/python3/dist-packages/colcon_core/task/python/colcon_distutils_commands:/home/agrobot/ros2_ws/install/agrobot_nav/lib/python3.12/site-packages:/home/agrobot/ros2_ws/install/tutorial_interfaces/lib/python3.12/site-packages:/home/agrobot/ros2_ws/install/agrobot_nav/lib/python3.12/site-packages:/home/agrobot/ros2_ws/install/basicmicro_ros2/lib/python3.12/site-packages:/home/agrobot/ros2_ws/install/agrobot_actuation/lib/python3.12/site-packages:/home/agrobot/ros2_ws/install/agrobot_interfaces/lib/python3.12/site-packages:/home/agrobot/ros2_ws/install/agrobot_detect/lib/python3.12/site-packages:/opt/ros/kilted/lib/python3.12/site-packages /usr/bin/python3 -W ignore:setup.py install is deprecated -W ignore:easy_install command is deprecated setup.py egg_info --egg-base ../../build/agrobot_nav build --build-base /home/agrobot/ros2_ws/build/agrobot_nav/build install --record /home/agrobot/ros2_ws/build/agrobot_nav/install.log --single-version-externally-managed install_data
[3.083s] Level 1:colcon.colcon_core.environment:checking '/home/agrobot/ros2_ws/install/agrobot_nav' for CMake module files
[3.084s] Level 1:colcon.colcon_core.environment:checking '/home/agrobot/ros2_ws/install/agrobot_nav' for CMake config files
[3.084s] Level 1:colcon.colcon_core.environment:checking '/home/agrobot/ros2_ws/install/agrobot_nav/lib'
[3.085s] Level 1:colcon.colcon_core.environment:checking '/home/agrobot/ros2_ws/install/agrobot_nav/bin'
[3.085s] Level 1:colcon.colcon_core.environment:checking '/home/agrobot/ros2_ws/install/agrobot_nav/lib/pkgconfig/agrobot_nav.pc'
[3.085s] Level 1:colcon.colcon_core.environment:checking '/home/agrobot/ros2_ws/install/agrobot_nav/lib/python3.12/site-packages'
[3.085s] Level 1:colcon.colcon_core.shell:create_environment_hook('agrobot_nav', 'pythonpath')
[3.086s] INFO:colcon.colcon_core.shell:Creating environment hook '/home/agrobot/ros2_ws/install/agrobot_nav/share/agrobot_nav/hook/pythonpath.ps1'
[3.086s] INFO:colcon.colcon_core.shell:Creating environment descriptor '/home/agrobot/ros2_ws/install/agrobot_nav/share/agrobot_nav/hook/pythonpath.dsv'
[3.087s] INFO:colcon.colcon_core.shell:Creating environment hook '/home/agrobot/ros2_ws/install/agrobot_nav/share/agrobot_nav/hook/pythonpath.sh'
[3.089s] Level 1:colcon.colcon_core.environment:checking '/home/agrobot/ros2_ws/install/agrobot_nav/bin'
[3.089s] Level 1:colcon.colcon_core.environment:create_environment_scripts_only(agrobot_nav)
[3.089s] INFO:colcon.colcon_core.shell:Creating package script '/home/agrobot/ros2_ws/install/agrobot_nav/share/agrobot_nav/package.ps1'
[3.091s] INFO:colcon.colcon_core.shell:Creating package descriptor '/home/agrobot/ros2_ws/install/agrobot_nav/share/agrobot_nav/package.dsv'
[3.093s] INFO:colcon.colcon_core.shell:Creating package script '/home/agrobot/ros2_ws/install/agrobot_nav/share/agrobot_nav/package.sh'
[3.096s] INFO:colcon.colcon_core.shell:Creating package script '/home/agrobot/ros2_ws/install/agrobot_nav/share/agrobot_nav/package.bash'
[3.099s] INFO:colcon.colcon_core.shell:Creating package script '/home/agrobot/ros2_ws/install/agrobot_nav/share/agrobot_nav/package.zsh'
[3.101s] Level 1:colcon.colcon_core.environment:create_file_with_runtime_dependencies(/home/agrobot/ros2_ws/install/agrobot_nav/share/colcon-core/packages/agrobot_nav)
[3.103s] DEBUG:colcon.colcon_parallel_executor.executor.parallel:closing loop
[3.104s] DEBUG:colcon.colcon_parallel_executor.executor.parallel:loop closed
[3.104s] DEBUG:colcon.colcon_parallel_executor.executor.parallel:run_until_complete finished with '0'
[3.104s] DEBUG:colcon.colcon_core.event_reactor:joining thread
[3.115s] INFO:colcon.colcon_core.plugin_system:Skipping extension 'colcon_notification.desktop_notification.notify_send': Could not find 'notify-send'
[3.115s] INFO:colcon.colcon_core.plugin_system:Skipping extension 'colcon_notification.desktop_notification.terminal_notifier': Not used on non-Darwin systems
[3.115s] INFO:colcon.colcon_core.plugin_system:Skipping extension 'colcon_notification.desktop_notification.win32': Not used on non-Windows systems
[3.115s] INFO:colcon.colcon_notification.desktop_notification:Sending desktop notification using 'notify2'
[3.136s] DEBUG:colcon.colcon_notification.desktop_notification.notify2:Failed to initialize notify2: org.freedesktop.DBus.Error.ServiceUnknown: The name org.freedesktop.Notifications was not provided by any .service files
[3.136s] DEBUG:colcon.colcon_core.event_reactor:joined thread
[3.137s] INFO:colcon.colcon_core.shell:Creating prefix script '/home/agrobot/ros2_ws/install/local_setup.ps1'
[3.139s] INFO:colcon.colcon_core.shell:Creating prefix util module '/home/agrobot/ros2_ws/install/_local_setup_util_ps1.py'
[3.142s] INFO:colcon.colcon_core.shell:Creating prefix chain script '/home/agrobot/ros2_ws/install/setup.ps1'
[3.144s] INFO:colcon.colcon_core.shell:Creating prefix script '/home/agrobot/ros2_ws/install/local_setup.sh'
[3.146s] INFO:colcon.colcon_core.shell:Creating prefix util module '/home/agrobot/ros2_ws/install/_local_setup_util_sh.py'
[3.147s] INFO:colcon.colcon_core.shell:Creating prefix chain script '/home/agrobot/ros2_ws/install/setup.sh'
[3.149s] INFO:colcon.colcon_core.shell:Creating prefix script '/home/agrobot/ros2_ws/install/local_setup.bash'
[3.152s] INFO:colcon.colcon_core.shell:Creating prefix chain script '/home/agrobot/ros2_ws/install/setup.bash'
[3.154s] INFO:colcon.colcon_core.shell:Creating prefix script '/home/agrobot/ros2_ws/install/local_setup.zsh'
[3.156s] INFO:colcon.colcon_core.shell:Creating prefix chain script '/home/agrobot/ros2_ws/install/setup.zsh'
