[0.376s] DEBUG:colcon:Command line arguments: ['/usr/bin/colcon', 'build', '--packages-select', 'agrobot_nav']
[0.377s] DEBUG:colcon:Parsed command line arguments: Namespace(log_base=None, log_level=None, verb_name='build', build_base='build', install_base='install', merge_install=False, symlink_install=False, test_result_base=None, continue_on_error=False, executor='parallel', parallel_workers=4, event_handlers=None, ignore_user_meta=False, metas=['./colcon.meta'], base_paths=['.'], packages_ignore=None, packages_ignore_regex=None, paths=None, packages_up_to=None, packages_up_to_regex=None, packages_above=None, packages_above_and_dependencies=None, packages_above_depth=None, packages_select_by_dep=None, packages_skip_by_dep=None, packages_skip_up_to=None, packages_select_build_failed=False, packages_skip_build_finished=False, packages_select_test_failures=False, packages_skip_test_passed=False, packages_select=['agrobot_nav'], packages_skip=None, packages_select_regex=None, packages_skip_regex=None, packages_start=None, packages_end=None, allow_overriding=[], cmake_args=None, cmake_target=None, cmake_target_skip_unavailable=False, cmake_clean_cache=False, cmake_clean_first=False, cmake_force_configure=False, ament_cmake_args=None, catkin_cmake_args=None, catkin_skip_building_tests=False, verb_parser=<colcon_defaults.argument_parser.defaults.DefaultArgumentsDecorator object at 0xffffa5dd5490>, verb_extension=<colcon_core.verb.build.BuildVerb object at 0xffffa6067800>, main=<bound method BuildVerb.main of <colcon_core.verb.build.BuildVerb object at 0xffffa6067800>>)
[0.490s] Level 1:colcon.colcon_core.package_discovery:discover_packages(colcon_meta) check parameters
[0.490s] Level 1:colcon.colcon_core.package_discovery:discover_packages(recursive) check parameters
[0.490s] Level 1:colcon.colcon_core.package_discovery:discover_packages(ignore) check parameters
[0.490s] Level 1:colcon.colcon_core.package_discovery:discover_packages(path) check parameters
[0.490s] Level 1:colcon.colcon_core.package_discovery:discover_packages(colcon_meta) discover
[0.490s] Level 1:colcon.colcon_core.package_discovery:discover_packages(recursive) discover
[0.490s] INFO:colcon.colcon_core.package_discovery:Crawling recursively for packages in '/home/agrobot/ros2_ws'
[0.491s] Level 1:colcon.colcon_core.package_identification:_identify(.) by extensions ['ignore', 'ignore_ament_install']
[0.491s] Level 1:colcon.colcon_core.package_identification:_identify(.) by extension 'ignore'
[0.491s] Level 1:colcon.colcon_core.package_identification:_identify(.) by extension 'ignore_ament_install'
[0.491s] Level 1:colcon.colcon_core.package_identification:_identify(.) by extensions ['colcon_pkg']
[0.491s] Level 1:colcon.colcon_core.package_identification:_identify(.) by extension 'colcon_pkg'
[0.491s] Level 1:colcon.colcon_core.package_identification:_identify(.) by extensions ['colcon_meta']
[0.491s] Level 1:colcon.colcon_core.package_identification:_identify(.) by extension 'colcon_meta'
[0.491s] Level 1:colcon.colcon_core.package_identification:_identify(.) by extensions ['ros']
[0.491s] Level 1:colcon.colcon_core.package_identification:_identify(.) by extension 'ros'
[0.545s] Level 1:colcon.colcon_core.package_identification:_identify(.) by extensions ['cmake', 'python']
[0.545s] Level 1:colcon.colcon_core.package_identification:_identify(.) by extension 'cmake'
[0.545s] Level 1:colcon.colcon_core.package_identification:_identify(.) by extension 'python'
[0.545s] Level 1:colcon.colcon_core.package_identification:_identify(.) by extensions ['python_setup_py']
[0.546s] Level 1:colcon.colcon_core.package_identification:_identify(.) by extension 'python_setup_py'
[0.546s] Level 1:colcon.colcon_core.package_identification:_identify(build) by extensions ['ignore', 'ignore_ament_install']
[0.546s] Level 1:colcon.colcon_core.package_identification:_identify(build) by extension 'ignore'
[0.546s] Level 1:colcon.colcon_core.package_identification:_identify(build) ignored
[0.546s] Level 1:colcon.colcon_core.package_identification:_identify(install) by extensions ['ignore', 'ignore_ament_install']
[0.546s] Level 1:colcon.colcon_core.package_identification:_identify(install) by extension 'ignore'
[0.546s] Level 1:colcon.colcon_core.package_identification:_identify(install) ignored
[0.546s] Level 1:colcon.colcon_core.package_identification:_identify(lib) by extensions ['ignore', 'ignore_ament_install']
[0.546s] Level 1:colcon.colcon_core.package_identification:_identify(lib) by extension 'ignore'
[0.546s] Level 1:colcon.colcon_core.package_identification:_identify(lib) by extension 'ignore_ament_install'
[0.547s] Level 1:colcon.colcon_core.package_identification:_identify(lib) by extensions ['colcon_pkg']
[0.547s] Level 1:colcon.colcon_core.package_identification:_identify(lib) by extension 'colcon_pkg'
[0.547s] Level 1:colcon.colcon_core.package_identification:_identify(lib) by extensions ['colcon_meta']
[0.547s] Level 1:colcon.colcon_core.package_identification:_identify(lib) by extension 'colcon_meta'
[0.547s] Level 1:colcon.colcon_core.package_identification:_identify(lib) by extensions ['ros']
[0.547s] Level 1:colcon.colcon_core.package_identification:_identify(lib) by extension 'ros'
[0.547s] Level 1:colcon.colcon_core.package_identification:_identify(lib) by extensions ['cmake', 'python']
[0.547s] Level 1:colcon.colcon_core.package_identification:_identify(lib) by extension 'cmake'
[0.547s] Level 1:colcon.colcon_core.package_identification:_identify(lib) by extension 'python'
[0.547s] Level 1:colcon.colcon_core.package_identification:_identify(lib) by extensions ['python_setup_py']
[0.547s] Level 1:colcon.colcon_core.package_identification:_identify(lib) by extension 'python_setup_py'
[0.547s] Level 1:colcon.colcon_core.package_identification:_identify(lib/__pycache__) by extensions ['ignore', 'ignore_ament_install']
[0.547s] Level 1:colcon.colcon_core.package_identification:_identify(lib/__pycache__) by extension 'ignore'
[0.547s] Level 1:colcon.colcon_core.package_identification:_identify(lib/__pycache__) by extension 'ignore_ament_install'
[0.547s] Level 1:colcon.colcon_core.package_identification:_identify(lib/__pycache__) by extensions ['colcon_pkg']
[0.547s] Level 1:colcon.colcon_core.package_identification:_identify(lib/__pycache__) by extension 'colcon_pkg'
[0.547s] Level 1:colcon.colcon_core.package_identification:_identify(lib/__pycache__) by extensions ['colcon_meta']
[0.548s] Level 1:colcon.colcon_core.package_identification:_identify(lib/__pycache__) by extension 'colcon_meta'
[0.548s] Level 1:colcon.colcon_core.package_identification:_identify(lib/__pycache__) by extensions ['ros']
[0.548s] Level 1:colcon.colcon_core.package_identification:_identify(lib/__pycache__) by extension 'ros'
[0.548s] Level 1:colcon.colcon_core.package_identification:_identify(lib/__pycache__) by extensions ['cmake', 'python']
[0.548s] Level 1:colcon.colcon_core.package_identification:_identify(lib/__pycache__) by extension 'cmake'
[0.548s] Level 1:colcon.colcon_core.package_identification:_identify(lib/__pycache__) by extension 'python'
[0.548s] Level 1:colcon.colcon_core.package_identification:_identify(lib/__pycache__) by extensions ['python_setup_py']
[0.548s] Level 1:colcon.colcon_core.package_identification:_identify(lib/__pycache__) by extension 'python_setup_py'
[0.548s] Level 1:colcon.colcon_core.package_identification:_identify(log) by extensions ['ignore', 'ignore_ament_install']
[0.548s] Level 1:colcon.colcon_core.package_identification:_identify(log) by extension 'ignore'
[0.548s] Level 1:colcon.colcon_core.package_identification:_identify(log) ignored
[0.548s] Level 1:colcon.colcon_core.package_identification:_identify(src) by extensions ['ignore', 'ignore_ament_install']
[0.548s] Level 1:colcon.colcon_core.package_identification:_identify(src) by extension 'ignore'
[0.548s] Level 1:colcon.colcon_core.package_identification:_identify(src) by extension 'ignore_ament_install'
[0.549s] Level 1:colcon.colcon_core.package_identification:_identify(src) by extensions ['colcon_pkg']
[0.549s] Level 1:colcon.colcon_core.package_identification:_identify(src) by extension 'colcon_pkg'
[0.549s] Level 1:colcon.colcon_core.package_identification:_identify(src) by extensions ['colcon_meta']
[0.549s] Level 1:colcon.colcon_core.package_identification:_identify(src) by extension 'colcon_meta'
[0.549s] Level 1:colcon.colcon_core.package_identification:_identify(src) by extensions ['ros']
[0.549s] Level 1:colcon.colcon_core.package_identification:_identify(src) by extension 'ros'
[0.549s] Level 1:colcon.colcon_core.package_identification:_identify(src) by extensions ['cmake', 'python']
[0.549s] Level 1:colcon.colcon_core.package_identification:_identify(src) by extension 'cmake'
[0.549s] Level 1:colcon.colcon_core.package_identification:_identify(src) by extension 'python'
[0.549s] Level 1:colcon.colcon_core.package_identification:_identify(src) by extensions ['python_setup_py']
[0.549s] Level 1:colcon.colcon_core.package_identification:_identify(src) by extension 'python_setup_py'
[0.549s] Level 1:colcon.colcon_core.package_identification:_identify(src/agrobot_actuation) by extensions ['ignore', 'ignore_ament_install']
[0.549s] Level 1:colcon.colcon_core.package_identification:_identify(src/agrobot_actuation) by extension 'ignore'
[0.549s] Level 1:colcon.colcon_core.package_identification:_identify(src/agrobot_actuation) by extension 'ignore_ament_install'
[0.549s] Level 1:colcon.colcon_core.package_identification:_identify(src/agrobot_actuation) by extensions ['colcon_pkg']
[0.549s] Level 1:colcon.colcon_core.package_identification:_identify(src/agrobot_actuation) by extension 'colcon_pkg'
[0.549s] Level 1:colcon.colcon_core.package_identification:_identify(src/agrobot_actuation) by extensions ['colcon_meta']
[0.549s] Level 1:colcon.colcon_core.package_identification:_identify(src/agrobot_actuation) by extension 'colcon_meta'
[0.549s] Level 1:colcon.colcon_core.package_identification:_identify(src/agrobot_actuation) by extensions ['ros']
[0.550s] Level 1:colcon.colcon_core.package_identification:_identify(src/agrobot_actuation) by extension 'ros'
[0.557s] DEBUG:colcon.colcon_core.package_identification:Package 'src/agrobot_actuation' with type 'ros.ament_python' and name 'agrobot_actuation'
[0.557s] Level 1:colcon.colcon_core.package_identification:_identify(src/agrobot_detect) by extensions ['ignore', 'ignore_ament_install']
[0.557s] Level 1:colcon.colcon_core.package_identification:_identify(src/agrobot_detect) by extension 'ignore'
[0.557s] Level 1:colcon.colcon_core.package_identification:_identify(src/agrobot_detect) by extension 'ignore_ament_install'
[0.557s] Level 1:colcon.colcon_core.package_identification:_identify(src/agrobot_detect) by extensions ['colcon_pkg']
[0.557s] Level 1:colcon.colcon_core.package_identification:_identify(src/agrobot_detect) by extension 'colcon_pkg'
[0.557s] Level 1:colcon.colcon_core.package_identification:_identify(src/agrobot_detect) by extensions ['colcon_meta']
[0.558s] Level 1:colcon.colcon_core.package_identification:_identify(src/agrobot_detect) by extension 'colcon_meta'
[0.558s] Level 1:colcon.colcon_core.package_identification:_identify(src/agrobot_detect) by extensions ['ros']
[0.558s] Level 1:colcon.colcon_core.package_identification:_identify(src/agrobot_detect) by extension 'ros'
[0.559s] DEBUG:colcon.colcon_core.package_identification:Package 'src/agrobot_detect' with type 'ros.ament_python' and name 'agrobot_detect'
[0.559s] Level 1:colcon.colcon_core.package_identification:_identify(src/agrobot_interfaces) by extensions ['ignore', 'ignore_ament_install']
[0.559s] Level 1:colcon.colcon_core.package_identification:_identify(src/agrobot_interfaces) by extension 'ignore'
[0.559s] Level 1:colcon.colcon_core.package_identification:_identify(src/agrobot_interfaces) by extension 'ignore_ament_install'
[0.559s] Level 1:colcon.colcon_core.package_identification:_identify(src/agrobot_interfaces) by extensions ['colcon_pkg']
[0.559s] Level 1:colcon.colcon_core.package_identification:_identify(src/agrobot_interfaces) by extension 'colcon_pkg'
[0.559s] Level 1:colcon.colcon_core.package_identification:_identify(src/agrobot_interfaces) by extensions ['colcon_meta']
[0.559s] Level 1:colcon.colcon_core.package_identification:_identify(src/agrobot_interfaces) by extension 'colcon_meta'
[0.559s] Level 1:colcon.colcon_core.package_identification:_identify(src/agrobot_interfaces) by extensions ['ros']
[0.559s] Level 1:colcon.colcon_core.package_identification:_identify(src/agrobot_interfaces) by extension 'ros'
[0.560s] DEBUG:colcon.colcon_core.package_identification:Package 'src/agrobot_interfaces' with type 'ros.ament_cmake' and name 'agrobot_interfaces'
[0.560s] Level 1:colcon.colcon_core.package_identification:_identify(src/agrobot_nav) by extensions ['ignore', 'ignore_ament_install']
[0.560s] Level 1:colcon.colcon_core.package_identification:_identify(src/agrobot_nav) by extension 'ignore'
[0.560s] Level 1:colcon.colcon_core.package_identification:_identify(src/agrobot_nav) by extension 'ignore_ament_install'
[0.560s] Level 1:colcon.colcon_core.package_identification:_identify(src/agrobot_nav) by extensions ['colcon_pkg']
[0.561s] Level 1:colcon.colcon_core.package_identification:_identify(src/agrobot_nav) by extension 'colcon_pkg'
[0.561s] Level 1:colcon.colcon_core.package_identification:_identify(src/agrobot_nav) by extensions ['colcon_meta']
[0.561s] Level 1:colcon.colcon_core.package_identification:_identify(src/agrobot_nav) by extension 'colcon_meta'
[0.561s] Level 1:colcon.colcon_core.package_identification:_identify(src/agrobot_nav) by extensions ['ros']
[0.561s] Level 1:colcon.colcon_core.package_identification:_identify(src/agrobot_nav) by extension 'ros'
[0.562s] DEBUG:colcon.colcon_core.package_identification:Package 'src/agrobot_nav' with type 'ros.ament_python' and name 'agrobot_nav'
[0.562s] Level 1:colcon.colcon_core.package_identification:_identify(src/basicmicro_ros2) by extensions ['ignore', 'ignore_ament_install']
[0.562s] Level 1:colcon.colcon_core.package_identification:_identify(src/basicmicro_ros2) by extension 'ignore'
[0.562s] Level 1:colcon.colcon_core.package_identification:_identify(src/basicmicro_ros2) by extension 'ignore_ament_install'
[0.562s] Level 1:colcon.colcon_core.package_identification:_identify(src/basicmicro_ros2) by extensions ['colcon_pkg']
[0.562s] Level 1:colcon.colcon_core.package_identification:_identify(src/basicmicro_ros2) by extension 'colcon_pkg'
[0.562s] Level 1:colcon.colcon_core.package_identification:_identify(src/basicmicro_ros2) by extensions ['colcon_meta']
[0.562s] Level 1:colcon.colcon_core.package_identification:_identify(src/basicmicro_ros2) by extension 'colcon_meta'
[0.562s] Level 1:colcon.colcon_core.package_identification:_identify(src/basicmicro_ros2) by extensions ['ros']
[0.562s] Level 1:colcon.colcon_core.package_identification:_identify(src/basicmicro_ros2) by extension 'ros'
[0.565s] DEBUG:colcon.colcon_core.package_identification:Package 'src/basicmicro_ros2' with type 'ros.ament_cmake' and name 'basicmicro_ros2'
[0.565s] Level 1:colcon.colcon_core.package_identification:_identify(src/examples) by extensions ['ignore', 'ignore_ament_install']
[0.565s] Level 1:colcon.colcon_core.package_identification:_identify(src/examples) by extension 'ignore'
[0.565s] Level 1:colcon.colcon_core.package_identification:_identify(src/examples) by extension 'ignore_ament_install'
[0.565s] Level 1:colcon.colcon_core.package_identification:_identify(src/examples) by extensions ['colcon_pkg']
[0.565s] Level 1:colcon.colcon_core.package_identification:_identify(src/examples) by extension 'colcon_pkg'
[0.565s] Level 1:colcon.colcon_core.package_identification:_identify(src/examples) by extensions ['colcon_meta']
[0.565s] Level 1:colcon.colcon_core.package_identification:_identify(src/examples) by extension 'colcon_meta'
[0.565s] Level 1:colcon.colcon_core.package_identification:_identify(src/examples) by extensions ['ros']
[0.565s] Level 1:colcon.colcon_core.package_identification:_identify(src/examples) by extension 'ros'
[0.565s] Level 1:colcon.colcon_core.package_identification:_identify(src/examples) by extensions ['cmake', 'python']
[0.565s] Level 1:colcon.colcon_core.package_identification:_identify(src/examples) by extension 'cmake'
[0.565s] Level 1:colcon.colcon_core.package_identification:_identify(src/examples) by extension 'python'
[0.565s] Level 1:colcon.colcon_core.package_identification:_identify(src/examples) by extensions ['python_setup_py']
[0.565s] Level 1:colcon.colcon_core.package_identification:_identify(src/examples) by extension 'python_setup_py'
[0.566s] Level 1:colcon.colcon_core.package_identification:_identify(src/examples/launch_testing) by extensions ['ignore', 'ignore_ament_install']
[0.566s] Level 1:colcon.colcon_core.package_identification:_identify(src/examples/launch_testing) by extension 'ignore'
[0.566s] Level 1:colcon.colcon_core.package_identification:_identify(src/examples/launch_testing) by extension 'ignore_ament_install'
[0.566s] Level 1:colcon.colcon_core.package_identification:_identify(src/examples/launch_testing) by extensions ['colcon_pkg']
[0.566s] Level 1:colcon.colcon_core.package_identification:_identify(src/examples/launch_testing) by extension 'colcon_pkg'
[0.566s] Level 1:colcon.colcon_core.package_identification:_identify(src/examples/launch_testing) by extensions ['colcon_meta']
[0.566s] Level 1:colcon.colcon_core.package_identification:_identify(src/examples/launch_testing) by extension 'colcon_meta'
[0.566s] Level 1:colcon.colcon_core.package_identification:_identify(src/examples/launch_testing) by extensions ['ros']
[0.566s] Level 1:colcon.colcon_core.package_identification:_identify(src/examples/launch_testing) by extension 'ros'
[0.566s] Level 1:colcon.colcon_core.package_identification:_identify(src/examples/launch_testing) by extensions ['cmake', 'python']
[0.566s] Level 1:colcon.colcon_core.package_identification:_identify(src/examples/launch_testing) by extension 'cmake'
[0.566s] Level 1:colcon.colcon_core.package_identification:_identify(src/examples/launch_testing) by extension 'python'
[0.566s] Level 1:colcon.colcon_core.package_identification:_identify(src/examples/launch_testing) by extensions ['python_setup_py']
[0.566s] Level 1:colcon.colcon_core.package_identification:_identify(src/examples/launch_testing) by extension 'python_setup_py'
[0.566s] Level 1:colcon.colcon_core.package_identification:_identify(src/examples/launch_testing/launch_testing_examples) by extensions ['ignore', 'ignore_ament_install']
[0.567s] Level 1:colcon.colcon_core.package_identification:_identify(src/examples/launch_testing/launch_testing_examples) by extension 'ignore'
[0.567s] Level 1:colcon.colcon_core.package_identification:_identify(src/examples/launch_testing/launch_testing_examples) by extension 'ignore_ament_install'
[0.567s] Level 1:colcon.colcon_core.package_identification:_identify(src/examples/launch_testing/launch_testing_examples) by extensions ['colcon_pkg']
[0.567s] Level 1:colcon.colcon_core.package_identification:_identify(src/examples/launch_testing/launch_testing_examples) by extension 'colcon_pkg'
[0.567s] Level 1:colcon.colcon_core.package_identification:_identify(src/examples/launch_testing/launch_testing_examples) by extensions ['colcon_meta']
[0.567s] Level 1:colcon.colcon_core.package_identification:_identify(src/examples/launch_testing/launch_testing_examples) by extension 'colcon_meta'
[0.567s] Level 1:colcon.colcon_core.package_identification:_identify(src/examples/launch_testing/launch_testing_examples) by extensions ['ros']
[0.567s] Level 1:colcon.colcon_core.package_identification:_identify(src/examples/launch_testing/launch_testing_examples) by extension 'ros'
[0.568s] DEBUG:colcon.colcon_core.package_identification:Package 'src/examples/launch_testing/launch_testing_examples' with type 'ros.ament_python' and name 'launch_testing_examples'
[0.568s] Level 1:colcon.colcon_core.package_identification:_identify(src/examples/rclcpp) by extensions ['ignore', 'ignore_ament_install']
[0.568s] Level 1:colcon.colcon_core.package_identification:_identify(src/examples/rclcpp) by extension 'ignore'
[0.568s] Level 1:colcon.colcon_core.package_identification:_identify(src/examples/rclcpp) by extension 'ignore_ament_install'
[0.568s] Level 1:colcon.colcon_core.package_identification:_identify(src/examples/rclcpp) by extensions ['colcon_pkg']
[0.568s] Level 1:colcon.colcon_core.package_identification:_identify(src/examples/rclcpp) by extension 'colcon_pkg'
[0.569s] Level 1:colcon.colcon_core.package_identification:_identify(src/examples/rclcpp) by extensions ['colcon_meta']
[0.569s] Level 1:colcon.colcon_core.package_identification:_identify(src/examples/rclcpp) by extension 'colcon_meta'
[0.569s] Level 1:colcon.colcon_core.package_identification:_identify(src/examples/rclcpp) by extensions ['ros']
[0.569s] Level 1:colcon.colcon_core.package_identification:_identify(src/examples/rclcpp) by extension 'ros'
[0.569s] Level 1:colcon.colcon_core.package_identification:_identify(src/examples/rclcpp) by extensions ['cmake', 'python']
[0.569s] Level 1:colcon.colcon_core.package_identification:_identify(src/examples/rclcpp) by extension 'cmake'
[0.569s] Level 1:colcon.colcon_core.package_identification:_identify(src/examples/rclcpp) by extension 'python'
[0.569s] Level 1:colcon.colcon_core.package_identification:_identify(src/examples/rclcpp) by extensions ['python_setup_py']
[0.569s] Level 1:colcon.colcon_core.package_identification:_identify(src/examples/rclcpp) by extension 'python_setup_py'
[0.569s] Level 1:colcon.colcon_core.package_identification:_identify(src/examples/rclcpp/actions) by extensions ['ignore', 'ignore_ament_install']
[0.569s] Level 1:colcon.colcon_core.package_identification:_identify(src/examples/rclcpp/actions) by extension 'ignore'
[0.569s] Level 1:colcon.colcon_core.package_identification:_identify(src/examples/rclcpp/actions) by extension 'ignore_ament_install'
[0.569s] Level 1:colcon.colcon_core.package_identification:_identify(src/examples/rclcpp/actions) by extensions ['colcon_pkg']
[0.569s] Level 1:colcon.colcon_core.package_identification:_identify(src/examples/rclcpp/actions) by extension 'colcon_pkg'
[0.569s] Level 1:colcon.colcon_core.package_identification:_identify(src/examples/rclcpp/actions) by extensions ['colcon_meta']
[0.569s] Level 1:colcon.colcon_core.package_identification:_identify(src/examples/rclcpp/actions) by extension 'colcon_meta'
[0.569s] Level 1:colcon.colcon_core.package_identification:_identify(src/examples/rclcpp/actions) by extensions ['ros']
[0.569s] Level 1:colcon.colcon_core.package_identification:_identify(src/examples/rclcpp/actions) by extension 'ros'
[0.570s] Level 1:colcon.colcon_core.package_identification:_identify(src/examples/rclcpp/actions) by extensions ['cmake', 'python']
[0.570s] Level 1:colcon.colcon_core.package_identification:_identify(src/examples/rclcpp/actions) by extension 'cmake'
[0.570s] Level 1:colcon.colcon_core.package_identification:_identify(src/examples/rclcpp/actions) by extension 'python'
[0.570s] Level 1:colcon.colcon_core.package_identification:_identify(src/examples/rclcpp/actions) by extensions ['python_setup_py']
[0.570s] Level 1:colcon.colcon_core.package_identification:_identify(src/examples/rclcpp/actions) by extension 'python_setup_py'
[0.570s] Level 1:colcon.colcon_core.package_identification:_identify(src/examples/rclcpp/actions/minimal_action_client) by extensions ['ignore', 'ignore_ament_install']
[0.570s] Level 1:colcon.colcon_core.package_identification:_identify(src/examples/rclcpp/actions/minimal_action_client) by extension 'ignore'
[0.570s] Level 1:colcon.colcon_core.package_identification:_identify(src/examples/rclcpp/actions/minimal_action_client) by extension 'ignore_ament_install'
[0.570s] Level 1:colcon.colcon_core.package_identification:_identify(src/examples/rclcpp/actions/minimal_action_client) by extensions ['colcon_pkg']
[0.570s] Level 1:colcon.colcon_core.package_identification:_identify(src/examples/rclcpp/actions/minimal_action_client) by extension 'colcon_pkg'
[0.570s] Level 1:colcon.colcon_core.package_identification:_identify(src/examples/rclcpp/actions/minimal_action_client) by extensions ['colcon_meta']
[0.570s] Level 1:colcon.colcon_core.package_identification:_identify(src/examples/rclcpp/actions/minimal_action_client) by extension 'colcon_meta'
[0.570s] Level 1:colcon.colcon_core.package_identification:_identify(src/examples/rclcpp/actions/minimal_action_client) by extensions ['ros']
[0.570s] Level 1:colcon.colcon_core.package_identification:_identify(src/examples/rclcpp/actions/minimal_action_client) by extension 'ros'
[0.572s] DEBUG:colcon.colcon_core.package_identification:Package 'src/examples/rclcpp/actions/minimal_action_client' with type 'ros.ament_cmake' and name 'examples_rclcpp_minimal_action_client'
[0.572s] Level 1:colcon.colcon_core.package_identification:_identify(src/examples/rclcpp/actions/minimal_action_server) by extensions ['ignore', 'ignore_ament_install']
[0.572s] Level 1:colcon.colcon_core.package_identification:_identify(src/examples/rclcpp/actions/minimal_action_server) by extension 'ignore'
[0.572s] Level 1:colcon.colcon_core.package_identification:_identify(src/examples/rclcpp/actions/minimal_action_server) by extension 'ignore_ament_install'
[0.572s] Level 1:colcon.colcon_core.package_identification:_identify(src/examples/rclcpp/actions/minimal_action_server) by extensions ['colcon_pkg']
[0.572s] Level 1:colcon.colcon_core.package_identification:_identify(src/examples/rclcpp/actions/minimal_action_server) by extension 'colcon_pkg'
[0.572s] Level 1:colcon.colcon_core.package_identification:_identify(src/examples/rclcpp/actions/minimal_action_server) by extensions ['colcon_meta']
[0.572s] Level 1:colcon.colcon_core.package_identification:_identify(src/examples/rclcpp/actions/minimal_action_server) by extension 'colcon_meta'
[0.572s] Level 1:colcon.colcon_core.package_identification:_identify(src/examples/rclcpp/actions/minimal_action_server) by extensions ['ros']
[0.572s] Level 1:colcon.colcon_core.package_identification:_identify(src/examples/rclcpp/actions/minimal_action_server) by extension 'ros'
[0.573s] DEBUG:colcon.colcon_core.package_identification:Package 'src/examples/rclcpp/actions/minimal_action_server' with type 'ros.ament_cmake' and name 'examples_rclcpp_minimal_action_server'
[0.573s] Level 1:colcon.colcon_core.package_identification:_identify(src/examples/rclcpp/composition) by extensions ['ignore', 'ignore_ament_install']
[0.573s] Level 1:colcon.colcon_core.package_identification:_identify(src/examples/rclcpp/composition) by extension 'ignore'
[0.573s] Level 1:colcon.colcon_core.package_identification:_identify(src/examples/rclcpp/composition) by extension 'ignore_ament_install'
[0.573s] Level 1:colcon.colcon_core.package_identification:_identify(src/examples/rclcpp/composition) by extensions ['colcon_pkg']
[0.573s] Level 1:colcon.colcon_core.package_identification:_identify(src/examples/rclcpp/composition) by extension 'colcon_pkg'
[0.574s] Level 1:colcon.colcon_core.package_identification:_identify(src/examples/rclcpp/composition) by extensions ['colcon_meta']
[0.574s] Level 1:colcon.colcon_core.package_identification:_identify(src/examples/rclcpp/composition) by extension 'colcon_meta'
[0.574s] Level 1:colcon.colcon_core.package_identification:_identify(src/examples/rclcpp/composition) by extensions ['ros']
[0.574s] Level 1:colcon.colcon_core.package_identification:_identify(src/examples/rclcpp/composition) by extension 'ros'
[0.574s] Level 1:colcon.colcon_core.package_identification:_identify(src/examples/rclcpp/composition) by extensions ['cmake', 'python']
[0.574s] Level 1:colcon.colcon_core.package_identification:_identify(src/examples/rclcpp/composition) by extension 'cmake'
[0.574s] Level 1:colcon.colcon_core.package_identification:_identify(src/examples/rclcpp/composition) by extension 'python'
[0.574s] Level 1:colcon.colcon_core.package_identification:_identify(src/examples/rclcpp/composition) by extensions ['python_setup_py']
[0.574s] Level 1:colcon.colcon_core.package_identification:_identify(src/examples/rclcpp/composition) by extension 'python_setup_py'
[0.574s] Level 1:colcon.colcon_core.package_identification:_identify(src/examples/rclcpp/composition/minimal_composition) by extensions ['ignore', 'ignore_ament_install']
[0.574s] Level 1:colcon.colcon_core.package_identification:_identify(src/examples/rclcpp/composition/minimal_composition) by extension 'ignore'
[0.574s] Level 1:colcon.colcon_core.package_identification:_identify(src/examples/rclcpp/composition/minimal_composition) by extension 'ignore_ament_install'
[0.574s] Level 1:colcon.colcon_core.package_identification:_identify(src/examples/rclcpp/composition/minimal_composition) by extensions ['colcon_pkg']
[0.574s] Level 1:colcon.colcon_core.package_identification:_identify(src/examples/rclcpp/composition/minimal_composition) by extension 'colcon_pkg'
[0.574s] Level 1:colcon.colcon_core.package_identification:_identify(src/examples/rclcpp/composition/minimal_composition) by extensions ['colcon_meta']
[0.574s] Level 1:colcon.colcon_core.package_identification:_identify(src/examples/rclcpp/composition/minimal_composition) by extension 'colcon_meta'
[0.574s] Level 1:colcon.colcon_core.package_identification:_identify(src/examples/rclcpp/composition/minimal_composition) by extensions ['ros']
[0.575s] Level 1:colcon.colcon_core.package_identification:_identify(src/examples/rclcpp/composition/minimal_composition) by extension 'ros'
[0.575s] DEBUG:colcon.colcon_core.package_identification:Package 'src/examples/rclcpp/composition/minimal_composition' with type 'ros.ament_cmake' and name 'examples_rclcpp_minimal_composition'
[0.575s] Level 1:colcon.colcon_core.package_identification:_identify(src/examples/rclcpp/executors) by extensions ['ignore', 'ignore_ament_install']
[0.576s] Level 1:colcon.colcon_core.package_identification:_identify(src/examples/rclcpp/executors) by extension 'ignore'
[0.576s] Level 1:colcon.colcon_core.package_identification:_identify(src/examples/rclcpp/executors) by extension 'ignore_ament_install'
[0.576s] Level 1:colcon.colcon_core.package_identification:_identify(src/examples/rclcpp/executors) by extensions ['colcon_pkg']
[0.576s] Level 1:colcon.colcon_core.package_identification:_identify(src/examples/rclcpp/executors) by extension 'colcon_pkg'
[0.576s] Level 1:colcon.colcon_core.package_identification:_identify(src/examples/rclcpp/executors) by extensions ['colcon_meta']
[0.576s] Level 1:colcon.colcon_core.package_identification:_identify(src/examples/rclcpp/executors) by extension 'colcon_meta'
[0.576s] Level 1:colcon.colcon_core.package_identification:_identify(src/examples/rclcpp/executors) by extensions ['ros']
[0.576s] Level 1:colcon.colcon_core.package_identification:_identify(src/examples/rclcpp/executors) by extension 'ros'
[0.576s] Level 1:colcon.colcon_core.package_identification:_identify(src/examples/rclcpp/executors) by extensions ['cmake', 'python']
[0.576s] Level 1:colcon.colcon_core.package_identification:_identify(src/examples/rclcpp/executors) by extension 'cmake'
[0.576s] Level 1:colcon.colcon_core.package_identification:_identify(src/examples/rclcpp/executors) by extension 'python'
[0.576s] Level 1:colcon.colcon_core.package_identification:_identify(src/examples/rclcpp/executors) by extensions ['python_setup_py']
[0.576s] Level 1:colcon.colcon_core.package_identification:_identify(src/examples/rclcpp/executors) by extension 'python_setup_py'
[0.576s] Level 1:colcon.colcon_core.package_identification:_identify(src/examples/rclcpp/executors/cbg_executor) by extensions ['ignore', 'ignore_ament_install']
[0.576s] Level 1:colcon.colcon_core.package_identification:_identify(src/examples/rclcpp/executors/cbg_executor) by extension 'ignore'
[0.576s] Level 1:colcon.colcon_core.package_identification:_identify(src/examples/rclcpp/executors/cbg_executor) by extension 'ignore_ament_install'
[0.577s] Level 1:colcon.colcon_core.package_identification:_identify(src/examples/rclcpp/executors/cbg_executor) by extensions ['colcon_pkg']
[0.577s] Level 1:colcon.colcon_core.package_identification:_identify(src/examples/rclcpp/executors/cbg_executor) by extension 'colcon_pkg'
[0.577s] Level 1:colcon.colcon_core.package_identification:_identify(src/examples/rclcpp/executors/cbg_executor) by extensions ['colcon_meta']
[0.577s] Level 1:colcon.colcon_core.package_identification:_identify(src/examples/rclcpp/executors/cbg_executor) by extension 'colcon_meta'
[0.577s] Level 1:colcon.colcon_core.package_identification:_identify(src/examples/rclcpp/executors/cbg_executor) by extensions ['ros']
[0.577s] Level 1:colcon.colcon_core.package_identification:_identify(src/examples/rclcpp/executors/cbg_executor) by extension 'ros'
[0.578s] DEBUG:colcon.colcon_core.package_identification:Package 'src/examples/rclcpp/executors/cbg_executor' with type 'ros.ament_cmake' and name 'examples_rclcpp_cbg_executor'
[0.578s] Level 1:colcon.colcon_core.package_identification:_identify(src/examples/rclcpp/executors/multithreaded_executor) by extensions ['ignore', 'ignore_ament_install']
[0.578s] Level 1:colcon.colcon_core.package_identification:_identify(src/examples/rclcpp/executors/multithreaded_executor) by extension 'ignore'
[0.578s] Level 1:colcon.colcon_core.package_identification:_identify(src/examples/rclcpp/executors/multithreaded_executor) by extension 'ignore_ament_install'
[0.578s] Level 1:colcon.colcon_core.package_identification:_identify(src/examples/rclcpp/executors/multithreaded_executor) by extensions ['colcon_pkg']
[0.578s] Level 1:colcon.colcon_core.package_identification:_identify(src/examples/rclcpp/executors/multithreaded_executor) by extension 'colcon_pkg'
[0.578s] Level 1:colcon.colcon_core.package_identification:_identify(src/examples/rclcpp/executors/multithreaded_executor) by extensions ['colcon_meta']
[0.578s] Level 1:colcon.colcon_core.package_identification:_identify(src/examples/rclcpp/executors/multithreaded_executor) by extension 'colcon_meta'
[0.578s] Level 1:colcon.colcon_core.package_identification:_identify(src/examples/rclcpp/executors/multithreaded_executor) by extensions ['ros']
[0.578s] Level 1:colcon.colcon_core.package_identification:_identify(src/examples/rclcpp/executors/multithreaded_executor) by extension 'ros'
[0.579s] DEBUG:colcon.colcon_core.package_identification:Package 'src/examples/rclcpp/executors/multithreaded_executor' with type 'ros.ament_cmake' and name 'examples_rclcpp_multithreaded_executor'
[0.579s] Level 1:colcon.colcon_core.package_identification:_identify(src/examples/rclcpp/services) by extensions ['ignore', 'ignore_ament_install']
[0.579s] Level 1:colcon.colcon_core.package_identification:_identify(src/examples/rclcpp/services) by extension 'ignore'
[0.579s] Level 1:colcon.colcon_core.package_identification:_identify(src/examples/rclcpp/services) by extension 'ignore_ament_install'
[0.579s] Level 1:colcon.colcon_core.package_identification:_identify(src/examples/rclcpp/services) by extensions ['colcon_pkg']
[0.579s] Level 1:colcon.colcon_core.package_identification:_identify(src/examples/rclcpp/services) by extension 'colcon_pkg'
[0.579s] Level 1:colcon.colcon_core.package_identification:_identify(src/examples/rclcpp/services) by extensions ['colcon_meta']
[0.579s] Level 1:colcon.colcon_core.package_identification:_identify(src/examples/rclcpp/services) by extension 'colcon_meta'
[0.580s] Level 1:colcon.colcon_core.package_identification:_identify(src/examples/rclcpp/services) by extensions ['ros']
[0.580s] Level 1:colcon.colcon_core.package_identification:_identify(src/examples/rclcpp/services) by extension 'ros'
[0.580s] Level 1:colcon.colcon_core.package_identification:_identify(src/examples/rclcpp/services) by extensions ['cmake', 'python']
[0.580s] Level 1:colcon.colcon_core.package_identification:_identify(src/examples/rclcpp/services) by extension 'cmake'
[0.580s] Level 1:colcon.colcon_core.package_identification:_identify(src/examples/rclcpp/services) by extension 'python'
[0.580s] Level 1:colcon.colcon_core.package_identification:_identify(src/examples/rclcpp/services) by extensions ['python_setup_py']
[0.580s] Level 1:colcon.colcon_core.package_identification:_identify(src/examples/rclcpp/services) by extension 'python_setup_py'
[0.580s] Level 1:colcon.colcon_core.package_identification:_identify(src/examples/rclcpp/services/async_client) by extensions ['ignore', 'ignore_ament_install']
[0.580s] Level 1:colcon.colcon_core.package_identification:_identify(src/examples/rclcpp/services/async_client) by extension 'ignore'
[0.580s] Level 1:colcon.colcon_core.package_identification:_identify(src/examples/rclcpp/services/async_client) by extension 'ignore_ament_install'
[0.580s] Level 1:colcon.colcon_core.package_identification:_identify(src/examples/rclcpp/services/async_client) by extensions ['colcon_pkg']
[0.580s] Level 1:colcon.colcon_core.package_identification:_identify(src/examples/rclcpp/services/async_client) by extension 'colcon_pkg'
[0.580s] Level 1:colcon.colcon_core.package_identification:_identify(src/examples/rclcpp/services/async_client) by extensions ['colcon_meta']
[0.580s] Level 1:colcon.colcon_core.package_identification:_identify(src/examples/rclcpp/services/async_client) by extension 'colcon_meta'
[0.580s] Level 1:colcon.colcon_core.package_identification:_identify(src/examples/rclcpp/services/async_client) by extensions ['ros']
[0.580s] Level 1:colcon.colcon_core.package_identification:_identify(src/examples/rclcpp/services/async_client) by extension 'ros'
[0.581s] DEBUG:colcon.colcon_core.package_identification:Package 'src/examples/rclcpp/services/async_client' with type 'ros.ament_cmake' and name 'examples_rclcpp_async_client'
[0.581s] Level 1:colcon.colcon_core.package_identification:_identify(src/examples/rclcpp/services/minimal_client) by extensions ['ignore', 'ignore_ament_install']
[0.582s] Level 1:colcon.colcon_core.package_identification:_identify(src/examples/rclcpp/services/minimal_client) by extension 'ignore'
[0.582s] Level 1:colcon.colcon_core.package_identification:_identify(src/examples/rclcpp/services/minimal_client) by extension 'ignore_ament_install'
[0.582s] Level 1:colcon.colcon_core.package_identification:_identify(src/examples/rclcpp/services/minimal_client) by extensions ['colcon_pkg']
[0.582s] Level 1:colcon.colcon_core.package_identification:_identify(src/examples/rclcpp/services/minimal_client) by extension 'colcon_pkg'
[0.582s] Level 1:colcon.colcon_core.package_identification:_identify(src/examples/rclcpp/services/minimal_client) by extensions ['colcon_meta']
[0.582s] Level 1:colcon.colcon_core.package_identification:_identify(src/examples/rclcpp/services/minimal_client) by extension 'colcon_meta'
[0.582s] Level 1:colcon.colcon_core.package_identification:_identify(src/examples/rclcpp/services/minimal_client) by extensions ['ros']
[0.582s] Level 1:colcon.colcon_core.package_identification:_identify(src/examples/rclcpp/services/minimal_client) by extension 'ros'
[0.583s] DEBUG:colcon.colcon_core.package_identification:Package 'src/examples/rclcpp/services/minimal_client' with type 'ros.ament_cmake' and name 'examples_rclcpp_minimal_client'
[0.583s] Level 1:colcon.colcon_core.package_identification:_identify(src/examples/rclcpp/services/minimal_service) by extensions ['ignore', 'ignore_ament_install']
[0.583s] Level 1:colcon.colcon_core.package_identification:_identify(src/examples/rclcpp/services/minimal_service) by extension 'ignore'
[0.583s] Level 1:colcon.colcon_core.package_identification:_identify(src/examples/rclcpp/services/minimal_service) by extension 'ignore_ament_install'
[0.583s] Level 1:colcon.colcon_core.package_identification:_identify(src/examples/rclcpp/services/minimal_service) by extensions ['colcon_pkg']
[0.583s] Level 1:colcon.colcon_core.package_identification:_identify(src/examples/rclcpp/services/minimal_service) by extension 'colcon_pkg'
[0.583s] Level 1:colcon.colcon_core.package_identification:_identify(src/examples/rclcpp/services/minimal_service) by extensions ['colcon_meta']
[0.583s] Level 1:colcon.colcon_core.package_identification:_identify(src/examples/rclcpp/services/minimal_service) by extension 'colcon_meta'
[0.583s] Level 1:colcon.colcon_core.package_identification:_identify(src/examples/rclcpp/services/minimal_service) by extensions ['ros']
[0.583s] Level 1:colcon.colcon_core.package_identification:_identify(src/examples/rclcpp/services/minimal_service) by extension 'ros'
[0.584s] DEBUG:colcon.colcon_core.package_identification:Package 'src/examples/rclcpp/services/minimal_service' with type 'ros.ament_cmake' and name 'examples_rclcpp_minimal_service'
[0.584s] Level 1:colcon.colcon_core.package_identification:_identify(src/examples/rclcpp/timers) by extensions ['ignore', 'ignore_ament_install']
[0.584s] Level 1:colcon.colcon_core.package_identification:_identify(src/examples/rclcpp/timers) by extension 'ignore'
[0.584s] Level 1:colcon.colcon_core.package_identification:_identify(src/examples/rclcpp/timers) by extension 'ignore_ament_install'
[0.584s] Level 1:colcon.colcon_core.package_identification:_identify(src/examples/rclcpp/timers) by extensions ['colcon_pkg']
[0.585s] Level 1:colcon.colcon_core.package_identification:_identify(src/examples/rclcpp/timers) by extension 'colcon_pkg'
[0.585s] Level 1:colcon.colcon_core.package_identification:_identify(src/examples/rclcpp/timers) by extensions ['colcon_meta']
[0.585s] Level 1:colcon.colcon_core.package_identification:_identify(src/examples/rclcpp/timers) by extension 'colcon_meta'
[0.585s] Level 1:colcon.colcon_core.package_identification:_identify(src/examples/rclcpp/timers) by extensions ['ros']
[0.585s] Level 1:colcon.colcon_core.package_identification:_identify(src/examples/rclcpp/timers) by extension 'ros'
[0.585s] Level 1:colcon.colcon_core.package_identification:_identify(src/examples/rclcpp/timers) by extensions ['cmake', 'python']
[0.585s] Level 1:colcon.colcon_core.package_identification:_identify(src/examples/rclcpp/timers) by extension 'cmake'
[0.585s] Level 1:colcon.colcon_core.package_identification:_identify(src/examples/rclcpp/timers) by extension 'python'
[0.585s] Level 1:colcon.colcon_core.package_identification:_identify(src/examples/rclcpp/timers) by extensions ['python_setup_py']
[0.585s] Level 1:colcon.colcon_core.package_identification:_identify(src/examples/rclcpp/timers) by extension 'python_setup_py'
[0.585s] Level 1:colcon.colcon_core.package_identification:_identify(src/examples/rclcpp/timers/minimal_timer) by extensions ['ignore', 'ignore_ament_install']
[0.585s] Level 1:colcon.colcon_core.package_identification:_identify(src/examples/rclcpp/timers/minimal_timer) by extension 'ignore'
[0.585s] Level 1:colcon.colcon_core.package_identification:_identify(src/examples/rclcpp/timers/minimal_timer) by extension 'ignore_ament_install'
[0.585s] Level 1:colcon.colcon_core.package_identification:_identify(src/examples/rclcpp/timers/minimal_timer) by extensions ['colcon_pkg']
[0.585s] Level 1:colcon.colcon_core.package_identification:_identify(src/examples/rclcpp/timers/minimal_timer) by extension 'colcon_pkg'
[0.585s] Level 1:colcon.colcon_core.package_identification:_identify(src/examples/rclcpp/timers/minimal_timer) by extensions ['colcon_meta']
[0.585s] Level 1:colcon.colcon_core.package_identification:_identify(src/examples/rclcpp/timers/minimal_timer) by extension 'colcon_meta'
[0.586s] Level 1:colcon.colcon_core.package_identification:_identify(src/examples/rclcpp/timers/minimal_timer) by extensions ['ros']
[0.586s] Level 1:colcon.colcon_core.package_identification:_identify(src/examples/rclcpp/timers/minimal_timer) by extension 'ros'
[0.586s] DEBUG:colcon.colcon_core.package_identification:Package 'src/examples/rclcpp/timers/minimal_timer' with type 'ros.ament_cmake' and name 'examples_rclcpp_minimal_timer'
[0.586s] Level 1:colcon.colcon_core.package_identification:_identify(src/examples/rclcpp/topics) by extensions ['ignore', 'ignore_ament_install']
[0.586s] Level 1:colcon.colcon_core.package_identification:_identify(src/examples/rclcpp/topics) by extension 'ignore'
[0.587s] Level 1:colcon.colcon_core.package_identification:_identify(src/examples/rclcpp/topics) by extension 'ignore_ament_install'
[0.587s] Level 1:colcon.colcon_core.package_identification:_identify(src/examples/rclcpp/topics) by extensions ['colcon_pkg']
[0.587s] Level 1:colcon.colcon_core.package_identification:_identify(src/examples/rclcpp/topics) by extension 'colcon_pkg'
[0.587s] Level 1:colcon.colcon_core.package_identification:_identify(src/examples/rclcpp/topics) by extensions ['colcon_meta']
[0.587s] Level 1:colcon.colcon_core.package_identification:_identify(src/examples/rclcpp/topics) by extension 'colcon_meta'
[0.587s] Level 1:colcon.colcon_core.package_identification:_identify(src/examples/rclcpp/topics) by extensions ['ros']
[0.587s] Level 1:colcon.colcon_core.package_identification:_identify(src/examples/rclcpp/topics) by extension 'ros'
[0.587s] Level 1:colcon.colcon_core.package_identification:_identify(src/examples/rclcpp/topics) by extensions ['cmake', 'python']
[0.587s] Level 1:colcon.colcon_core.package_identification:_identify(src/examples/rclcpp/topics) by extension 'cmake'
[0.587s] Level 1:colcon.colcon_core.package_identification:_identify(src/examples/rclcpp/topics) by extension 'python'
[0.587s] Level 1:colcon.colcon_core.package_identification:_identify(src/examples/rclcpp/topics) by extensions ['python_setup_py']
[0.587s] Level 1:colcon.colcon_core.package_identification:_identify(src/examples/rclcpp/topics) by extension 'python_setup_py'
[0.587s] Level 1:colcon.colcon_core.package_identification:_identify(src/examples/rclcpp/topics/minimal_publisher) by extensions ['ignore', 'ignore_ament_install']
[0.587s] Level 1:colcon.colcon_core.package_identification:_identify(src/examples/rclcpp/topics/minimal_publisher) by extension 'ignore'
[0.587s] Level 1:colcon.colcon_core.package_identification:_identify(src/examples/rclcpp/topics/minimal_publisher) by extension 'ignore_ament_install'
[0.588s] Level 1:colcon.colcon_core.package_identification:_identify(src/examples/rclcpp/topics/minimal_publisher) by extensions ['colcon_pkg']
[0.588s] Level 1:colcon.colcon_core.package_identification:_identify(src/examples/rclcpp/topics/minimal_publisher) by extension 'colcon_pkg'
[0.588s] Level 1:colcon.colcon_core.package_identification:_identify(src/examples/rclcpp/topics/minimal_publisher) by extensions ['colcon_meta']
[0.588s] Level 1:colcon.colcon_core.package_identification:_identify(src/examples/rclcpp/topics/minimal_publisher) by extension 'colcon_meta'
[0.588s] Level 1:colcon.colcon_core.package_identification:_identify(src/examples/rclcpp/topics/minimal_publisher) by extensions ['ros']
[0.588s] Level 1:colcon.colcon_core.package_identification:_identify(src/examples/rclcpp/topics/minimal_publisher) by extension 'ros'
[0.589s] DEBUG:colcon.colcon_core.package_identification:Package 'src/examples/rclcpp/topics/minimal_publisher' with type 'ros.ament_cmake' and name 'examples_rclcpp_minimal_publisher'
[0.589s] Level 1:colcon.colcon_core.package_identification:_identify(src/examples/rclcpp/topics/minimal_subscriber) by extensions ['ignore', 'ignore_ament_install']
[0.589s] Level 1:colcon.colcon_core.package_identification:_identify(src/examples/rclcpp/topics/minimal_subscriber) by extension 'ignore'
[0.589s] Level 1:colcon.colcon_core.package_identification:_identify(src/examples/rclcpp/topics/minimal_subscriber) by extension 'ignore_ament_install'
[0.589s] Level 1:colcon.colcon_core.package_identification:_identify(src/examples/rclcpp/topics/minimal_subscriber) by extensions ['colcon_pkg']
[0.589s] Level 1:colcon.colcon_core.package_identification:_identify(src/examples/rclcpp/topics/minimal_subscriber) by extension 'colcon_pkg'
[0.589s] Level 1:colcon.colcon_core.package_identification:_identify(src/examples/rclcpp/topics/minimal_subscriber) by extensions ['colcon_meta']
[0.589s] Level 1:colcon.colcon_core.package_identification:_identify(src/examples/rclcpp/topics/minimal_subscriber) by extension 'colcon_meta'
[0.589s] Level 1:colcon.colcon_core.package_identification:_identify(src/examples/rclcpp/topics/minimal_subscriber) by extensions ['ros']
[0.589s] Level 1:colcon.colcon_core.package_identification:_identify(src/examples/rclcpp/topics/minimal_subscriber) by extension 'ros'
[0.590s] DEBUG:colcon.colcon_core.package_identification:Package 'src/examples/rclcpp/topics/minimal_subscriber' with type 'ros.ament_cmake' and name 'examples_rclcpp_minimal_subscriber'
[0.590s] Level 1:colcon.colcon_core.package_identification:_identify(src/examples/rclcpp/wait_set) by extensions ['ignore', 'ignore_ament_install']
[0.590s] Level 1:colcon.colcon_core.package_identification:_identify(src/examples/rclcpp/wait_set) by extension 'ignore'
[0.590s] Level 1:colcon.colcon_core.package_identification:_identify(src/examples/rclcpp/wait_set) by extension 'ignore_ament_install'
[0.591s] Level 1:colcon.colcon_core.package_identification:_identify(src/examples/rclcpp/wait_set) by extensions ['colcon_pkg']
[0.591s] Level 1:colcon.colcon_core.package_identification:_identify(src/examples/rclcpp/wait_set) by extension 'colcon_pkg'
[0.591s] Level 1:colcon.colcon_core.package_identification:_identify(src/examples/rclcpp/wait_set) by extensions ['colcon_meta']
[0.591s] Level 1:colcon.colcon_core.package_identification:_identify(src/examples/rclcpp/wait_set) by extension 'colcon_meta'
[0.591s] Level 1:colcon.colcon_core.package_identification:_identify(src/examples/rclcpp/wait_set) by extensions ['ros']
[0.591s] Level 1:colcon.colcon_core.package_identification:_identify(src/examples/rclcpp/wait_set) by extension 'ros'
[0.592s] DEBUG:colcon.colcon_core.package_identification:Package 'src/examples/rclcpp/wait_set' with type 'ros.ament_cmake' and name 'examples_rclcpp_wait_set'
[0.592s] Level 1:colcon.colcon_core.package_identification:_identify(src/examples/rclpy) by extensions ['ignore', 'ignore_ament_install']
[0.592s] Level 1:colcon.colcon_core.package_identification:_identify(src/examples/rclpy) by extension 'ignore'
[0.592s] Level 1:colcon.colcon_core.package_identification:_identify(src/examples/rclpy) by extension 'ignore_ament_install'
[0.592s] Level 1:colcon.colcon_core.package_identification:_identify(src/examples/rclpy) by extensions ['colcon_pkg']
[0.592s] Level 1:colcon.colcon_core.package_identification:_identify(src/examples/rclpy) by extension 'colcon_pkg'
[0.592s] Level 1:colcon.colcon_core.package_identification:_identify(src/examples/rclpy) by extensions ['colcon_meta']
[0.592s] Level 1:colcon.colcon_core.package_identification:_identify(src/examples/rclpy) by extension 'colcon_meta'
[0.592s] Level 1:colcon.colcon_core.package_identification:_identify(src/examples/rclpy) by extensions ['ros']
[0.592s] Level 1:colcon.colcon_core.package_identification:_identify(src/examples/rclpy) by extension 'ros'
[0.592s] Level 1:colcon.colcon_core.package_identification:_identify(src/examples/rclpy) by extensions ['cmake', 'python']
[0.592s] Level 1:colcon.colcon_core.package_identification:_identify(src/examples/rclpy) by extension 'cmake'
[0.592s] Level 1:colcon.colcon_core.package_identification:_identify(src/examples/rclpy) by extension 'python'
[0.592s] Level 1:colcon.colcon_core.package_identification:_identify(src/examples/rclpy) by extensions ['python_setup_py']
[0.592s] Level 1:colcon.colcon_core.package_identification:_identify(src/examples/rclpy) by extension 'python_setup_py'
[0.593s] Level 1:colcon.colcon_core.package_identification:_identify(src/examples/rclpy/actions) by extensions ['ignore', 'ignore_ament_install']
[0.593s] Level 1:colcon.colcon_core.package_identification:_identify(src/examples/rclpy/actions) by extension 'ignore'
[0.593s] Level 1:colcon.colcon_core.package_identification:_identify(src/examples/rclpy/actions) by extension 'ignore_ament_install'
[0.593s] Level 1:colcon.colcon_core.package_identification:_identify(src/examples/rclpy/actions) by extensions ['colcon_pkg']
[0.593s] Level 1:colcon.colcon_core.package_identification:_identify(src/examples/rclpy/actions) by extension 'colcon_pkg'
[0.593s] Level 1:colcon.colcon_core.package_identification:_identify(src/examples/rclpy/actions) by extensions ['colcon_meta']
[0.593s] Level 1:colcon.colcon_core.package_identification:_identify(src/examples/rclpy/actions) by extension 'colcon_meta'
[0.593s] Level 1:colcon.colcon_core.package_identification:_identify(src/examples/rclpy/actions) by extensions ['ros']
[0.593s] Level 1:colcon.colcon_core.package_identification:_identify(src/examples/rclpy/actions) by extension 'ros'
[0.593s] Level 1:colcon.colcon_core.package_identification:_identify(src/examples/rclpy/actions) by extensions ['cmake', 'python']
[0.593s] Level 1:colcon.colcon_core.package_identification:_identify(src/examples/rclpy/actions) by extension 'cmake'
[0.593s] Level 1:colcon.colcon_core.package_identification:_identify(src/examples/rclpy/actions) by extension 'python'
[0.593s] Level 1:colcon.colcon_core.package_identification:_identify(src/examples/rclpy/actions) by extensions ['python_setup_py']
[0.593s] Level 1:colcon.colcon_core.package_identification:_identify(src/examples/rclpy/actions) by extension 'python_setup_py'
[0.593s] Level 1:colcon.colcon_core.package_identification:_identify(src/examples/rclpy/actions/minimal_action_client) by extensions ['ignore', 'ignore_ament_install']
[0.594s] Level 1:colcon.colcon_core.package_identification:_identify(src/examples/rclpy/actions/minimal_action_client) by extension 'ignore'
[0.594s] Level 1:colcon.colcon_core.package_identification:_identify(src/examples/rclpy/actions/minimal_action_client) by extension 'ignore_ament_install'
[0.594s] Level 1:colcon.colcon_core.package_identification:_identify(src/examples/rclpy/actions/minimal_action_client) by extensions ['colcon_pkg']
[0.594s] Level 1:colcon.colcon_core.package_identification:_identify(src/examples/rclpy/actions/minimal_action_client) by extension 'colcon_pkg'
[0.594s] Level 1:colcon.colcon_core.package_identification:_identify(src/examples/rclpy/actions/minimal_action_client) by extensions ['colcon_meta']
[0.594s] Level 1:colcon.colcon_core.package_identification:_identify(src/examples/rclpy/actions/minimal_action_client) by extension 'colcon_meta'
[0.594s] Level 1:colcon.colcon_core.package_identification:_identify(src/examples/rclpy/actions/minimal_action_client) by extensions ['ros']
[0.594s] Level 1:colcon.colcon_core.package_identification:_identify(src/examples/rclpy/actions/minimal_action_client) by extension 'ros'
[0.595s] DEBUG:colcon.colcon_core.package_identification:Package 'src/examples/rclpy/actions/minimal_action_client' with type 'ros.ament_python' and name 'examples_rclpy_minimal_action_client'
[0.596s] Level 1:colcon.colcon_core.package_identification:_identify(src/examples/rclpy/actions/minimal_action_server) by extensions ['ignore', 'ignore_ament_install']
[0.596s] Level 1:colcon.colcon_core.package_identification:_identify(src/examples/rclpy/actions/minimal_action_server) by extension 'ignore'
[0.596s] Level 1:colcon.colcon_core.package_identification:_identify(src/examples/rclpy/actions/minimal_action_server) by extension 'ignore_ament_install'
[0.596s] Level 1:colcon.colcon_core.package_identification:_identify(src/examples/rclpy/actions/minimal_action_server) by extensions ['colcon_pkg']
[0.596s] Level 1:colcon.colcon_core.package_identification:_identify(src/examples/rclpy/actions/minimal_action_server) by extension 'colcon_pkg'
[0.596s] Level 1:colcon.colcon_core.package_identification:_identify(src/examples/rclpy/actions/minimal_action_server) by extensions ['colcon_meta']
[0.596s] Level 1:colcon.colcon_core.package_identification:_identify(src/examples/rclpy/actions/minimal_action_server) by extension 'colcon_meta'
[0.596s] Level 1:colcon.colcon_core.package_identification:_identify(src/examples/rclpy/actions/minimal_action_server) by extensions ['ros']
[0.596s] Level 1:colcon.colcon_core.package_identification:_identify(src/examples/rclpy/actions/minimal_action_server) by extension 'ros'
[0.597s] DEBUG:colcon.colcon_core.package_identification:Package 'src/examples/rclpy/actions/minimal_action_server' with type 'ros.ament_python' and name 'examples_rclpy_minimal_action_server'
[0.597s] Level 1:colcon.colcon_core.package_identification:_identify(src/examples/rclpy/executors) by extensions ['ignore', 'ignore_ament_install']
[0.597s] Level 1:colcon.colcon_core.package_identification:_identify(src/examples/rclpy/executors) by extension 'ignore'
[0.597s] Level 1:colcon.colcon_core.package_identification:_identify(src/examples/rclpy/executors) by extension 'ignore_ament_install'
[0.598s] Level 1:colcon.colcon_core.package_identification:_identify(src/examples/rclpy/executors) by extensions ['colcon_pkg']
[0.598s] Level 1:colcon.colcon_core.package_identification:_identify(src/examples/rclpy/executors) by extension 'colcon_pkg'
[0.598s] Level 1:colcon.colcon_core.package_identification:_identify(src/examples/rclpy/executors) by extensions ['colcon_meta']
[0.598s] Level 1:colcon.colcon_core.package_identification:_identify(src/examples/rclpy/executors) by extension 'colcon_meta'
[0.598s] Level 1:colcon.colcon_core.package_identification:_identify(src/examples/rclpy/executors) by extensions ['ros']
[0.598s] Level 1:colcon.colcon_core.package_identification:_identify(src/examples/rclpy/executors) by extension 'ros'
[0.599s] DEBUG:colcon.colcon_core.package_identification:Package 'src/examples/rclpy/executors' with type 'ros.ament_python' and name 'examples_rclpy_executors'
[0.599s] Level 1:colcon.colcon_core.package_identification:_identify(src/examples/rclpy/guard_conditions) by extensions ['ignore', 'ignore_ament_install']
[0.599s] Level 1:colcon.colcon_core.package_identification:_identify(src/examples/rclpy/guard_conditions) by extension 'ignore'
[0.599s] Level 1:colcon.colcon_core.package_identification:_identify(src/examples/rclpy/guard_conditions) by extension 'ignore_ament_install'
[0.599s] Level 1:colcon.colcon_core.package_identification:_identify(src/examples/rclpy/guard_conditions) by extensions ['colcon_pkg']
[0.599s] Level 1:colcon.colcon_core.package_identification:_identify(src/examples/rclpy/guard_conditions) by extension 'colcon_pkg'
[0.599s] Level 1:colcon.colcon_core.package_identification:_identify(src/examples/rclpy/guard_conditions) by extensions ['colcon_meta']
[0.599s] Level 1:colcon.colcon_core.package_identification:_identify(src/examples/rclpy/guard_conditions) by extension 'colcon_meta'
[0.599s] Level 1:colcon.colcon_core.package_identification:_identify(src/examples/rclpy/guard_conditions) by extensions ['ros']
[0.599s] Level 1:colcon.colcon_core.package_identification:_identify(src/examples/rclpy/guard_conditions) by extension 'ros'
[0.600s] DEBUG:colcon.colcon_core.package_identification:Package 'src/examples/rclpy/guard_conditions' with type 'ros.ament_python' and name 'examples_rclpy_guard_conditions'
[0.600s] Level 1:colcon.colcon_core.package_identification:_identify(src/examples/rclpy/services) by extensions ['ignore', 'ignore_ament_install']
[0.601s] Level 1:colcon.colcon_core.package_identification:_identify(src/examples/rclpy/services) by extension 'ignore'
[0.601s] Level 1:colcon.colcon_core.package_identification:_identify(src/examples/rclpy/services) by extension 'ignore_ament_install'
[0.601s] Level 1:colcon.colcon_core.package_identification:_identify(src/examples/rclpy/services) by extensions ['colcon_pkg']
[0.601s] Level 1:colcon.colcon_core.package_identification:_identify(src/examples/rclpy/services) by extension 'colcon_pkg'
[0.601s] Level 1:colcon.colcon_core.package_identification:_identify(src/examples/rclpy/services) by extensions ['colcon_meta']
[0.601s] Level 1:colcon.colcon_core.package_identification:_identify(src/examples/rclpy/services) by extension 'colcon_meta'
[0.601s] Level 1:colcon.colcon_core.package_identification:_identify(src/examples/rclpy/services) by extensions ['ros']
[0.601s] Level 1:colcon.colcon_core.package_identification:_identify(src/examples/rclpy/services) by extension 'ros'
[0.601s] Level 1:colcon.colcon_core.package_identification:_identify(src/examples/rclpy/services) by extensions ['cmake', 'python']
[0.601s] Level 1:colcon.colcon_core.package_identification:_identify(src/examples/rclpy/services) by extension 'cmake'
[0.601s] Level 1:colcon.colcon_core.package_identification:_identify(src/examples/rclpy/services) by extension 'python'
[0.601s] Level 1:colcon.colcon_core.package_identification:_identify(src/examples/rclpy/services) by extensions ['python_setup_py']
[0.601s] Level 1:colcon.colcon_core.package_identification:_identify(src/examples/rclpy/services) by extension 'python_setup_py'
[0.601s] Level 1:colcon.colcon_core.package_identification:_identify(src/examples/rclpy/services/minimal_client) by extensions ['ignore', 'ignore_ament_install']
[0.601s] Level 1:colcon.colcon_core.package_identification:_identify(src/examples/rclpy/services/minimal_client) by extension 'ignore'
[0.602s] Level 1:colcon.colcon_core.package_identification:_identify(src/examples/rclpy/services/minimal_client) by extension 'ignore_ament_install'
[0.602s] Level 1:colcon.colcon_core.package_identification:_identify(src/examples/rclpy/services/minimal_client) by extensions ['colcon_pkg']
[0.602s] Level 1:colcon.colcon_core.package_identification:_identify(src/examples/rclpy/services/minimal_client) by extension 'colcon_pkg'
[0.602s] Level 1:colcon.colcon_core.package_identification:_identify(src/examples/rclpy/services/minimal_client) by extensions ['colcon_meta']
[0.602s] Level 1:colcon.colcon_core.package_identification:_identify(src/examples/rclpy/services/minimal_client) by extension 'colcon_meta'
[0.602s] Level 1:colcon.colcon_core.package_identification:_identify(src/examples/rclpy/services/minimal_client) by extensions ['ros']
[0.602s] Level 1:colcon.colcon_core.package_identification:_identify(src/examples/rclpy/services/minimal_client) by extension 'ros'
[0.603s] DEBUG:colcon.colcon_core.package_identification:Package 'src/examples/rclpy/services/minimal_client' with type 'ros.ament_python' and name 'examples_rclpy_minimal_client'
[0.603s] Level 1:colcon.colcon_core.package_identification:_identify(src/examples/rclpy/services/minimal_service) by extensions ['ignore', 'ignore_ament_install']
[0.603s] Level 1:colcon.colcon_core.package_identification:_identify(src/examples/rclpy/services/minimal_service) by extension 'ignore'
[0.603s] Level 1:colcon.colcon_core.package_identification:_identify(src/examples/rclpy/services/minimal_service) by extension 'ignore_ament_install'
[0.603s] Level 1:colcon.colcon_core.package_identification:_identify(src/examples/rclpy/services/minimal_service) by extensions ['colcon_pkg']
[0.603s] Level 1:colcon.colcon_core.package_identification:_identify(src/examples/rclpy/services/minimal_service) by extension 'colcon_pkg'
[0.603s] Level 1:colcon.colcon_core.package_identification:_identify(src/examples/rclpy/services/minimal_service) by extensions ['colcon_meta']
[0.603s] Level 1:colcon.colcon_core.package_identification:_identify(src/examples/rclpy/services/minimal_service) by extension 'colcon_meta'
[0.603s] Level 1:colcon.colcon_core.package_identification:_identify(src/examples/rclpy/services/minimal_service) by extensions ['ros']
[0.603s] Level 1:colcon.colcon_core.package_identification:_identify(src/examples/rclpy/services/minimal_service) by extension 'ros'
[0.604s] DEBUG:colcon.colcon_core.package_identification:Package 'src/examples/rclpy/services/minimal_service' with type 'ros.ament_python' and name 'examples_rclpy_minimal_service'
[0.604s] Level 1:colcon.colcon_core.package_identification:_identify(src/examples/rclpy/topics) by extensions ['ignore', 'ignore_ament_install']
[0.604s] Level 1:colcon.colcon_core.package_identification:_identify(src/examples/rclpy/topics) by extension 'ignore'
[0.604s] Level 1:colcon.colcon_core.package_identification:_identify(src/examples/rclpy/topics) by extension 'ignore_ament_install'
[0.605s] Level 1:colcon.colcon_core.package_identification:_identify(src/examples/rclpy/topics) by extensions ['colcon_pkg']
[0.605s] Level 1:colcon.colcon_core.package_identification:_identify(src/examples/rclpy/topics) by extension 'colcon_pkg'
[0.605s] Level 1:colcon.colcon_core.package_identification:_identify(src/examples/rclpy/topics) by extensions ['colcon_meta']
[0.605s] Level 1:colcon.colcon_core.package_identification:_identify(src/examples/rclpy/topics) by extension 'colcon_meta'
[0.605s] Level 1:colcon.colcon_core.package_identification:_identify(src/examples/rclpy/topics) by extensions ['ros']
[0.605s] Level 1:colcon.colcon_core.package_identification:_identify(src/examples/rclpy/topics) by extension 'ros'
[0.605s] Level 1:colcon.colcon_core.package_identification:_identify(src/examples/rclpy/topics) by extensions ['cmake', 'python']
[0.605s] Level 1:colcon.colcon_core.package_identification:_identify(src/examples/rclpy/topics) by extension 'cmake'
[0.605s] Level 1:colcon.colcon_core.package_identification:_identify(src/examples/rclpy/topics) by extension 'python'
[0.605s] Level 1:colcon.colcon_core.package_identification:_identify(src/examples/rclpy/topics) by extensions ['python_setup_py']
[0.605s] Level 1:colcon.colcon_core.package_identification:_identify(src/examples/rclpy/topics) by extension 'python_setup_py'
[0.605s] Level 1:colcon.colcon_core.package_identification:_identify(src/examples/rclpy/topics/minimal_publisher) by extensions ['ignore', 'ignore_ament_install']
[0.605s] Level 1:colcon.colcon_core.package_identification:_identify(src/examples/rclpy/topics/minimal_publisher) by extension 'ignore'
[0.605s] Level 1:colcon.colcon_core.package_identification:_identify(src/examples/rclpy/topics/minimal_publisher) by extension 'ignore_ament_install'
[0.605s] Level 1:colcon.colcon_core.package_identification:_identify(src/examples/rclpy/topics/minimal_publisher) by extensions ['colcon_pkg']
[0.605s] Level 1:colcon.colcon_core.package_identification:_identify(src/examples/rclpy/topics/minimal_publisher) by extension 'colcon_pkg'
[0.605s] Level 1:colcon.colcon_core.package_identification:_identify(src/examples/rclpy/topics/minimal_publisher) by extensions ['colcon_meta']
[0.605s] Level 1:colcon.colcon_core.package_identification:_identify(src/examples/rclpy/topics/minimal_publisher) by extension 'colcon_meta'
[0.606s] Level 1:colcon.colcon_core.package_identification:_identify(src/examples/rclpy/topics/minimal_publisher) by extensions ['ros']
[0.606s] Level 1:colcon.colcon_core.package_identification:_identify(src/examples/rclpy/topics/minimal_publisher) by extension 'ros'
[0.606s] DEBUG:colcon.colcon_core.package_identification:Package 'src/examples/rclpy/topics/minimal_publisher' with type 'ros.ament_python' and name 'examples_rclpy_minimal_publisher'
[0.606s] Level 1:colcon.colcon_core.package_identification:_identify(src/examples/rclpy/topics/minimal_subscriber) by extensions ['ignore', 'ignore_ament_install']
[0.607s] Level 1:colcon.colcon_core.package_identification:_identify(src/examples/rclpy/topics/minimal_subscriber) by extension 'ignore'
[0.607s] Level 1:colcon.colcon_core.package_identification:_identify(src/examples/rclpy/topics/minimal_subscriber) by extension 'ignore_ament_install'
[0.607s] Level 1:colcon.colcon_core.package_identification:_identify(src/examples/rclpy/topics/minimal_subscriber) by extensions ['colcon_pkg']
[0.607s] Level 1:colcon.colcon_core.package_identification:_identify(src/examples/rclpy/topics/minimal_subscriber) by extension 'colcon_pkg'
[0.607s] Level 1:colcon.colcon_core.package_identification:_identify(src/examples/rclpy/topics/minimal_subscriber) by extensions ['colcon_meta']
[0.607s] Level 1:colcon.colcon_core.package_identification:_identify(src/examples/rclpy/topics/minimal_subscriber) by extension 'colcon_meta'
[0.607s] Level 1:colcon.colcon_core.package_identification:_identify(src/examples/rclpy/topics/minimal_subscriber) by extensions ['ros']
[0.607s] Level 1:colcon.colcon_core.package_identification:_identify(src/examples/rclpy/topics/minimal_subscriber) by extension 'ros'
[0.608s] DEBUG:colcon.colcon_core.package_identification:Package 'src/examples/rclpy/topics/minimal_subscriber' with type 'ros.ament_python' and name 'examples_rclpy_minimal_subscriber'
[0.608s] Level 1:colcon.colcon_core.package_identification:_identify(src/examples/rclpy/topics/pointcloud_publisher) by extensions ['ignore', 'ignore_ament_install']
[0.608s] Level 1:colcon.colcon_core.package_identification:_identify(src/examples/rclpy/topics/pointcloud_publisher) by extension 'ignore'
[0.608s] Level 1:colcon.colcon_core.package_identification:_identify(src/examples/rclpy/topics/pointcloud_publisher) by extension 'ignore_ament_install'
[0.608s] Level 1:colcon.colcon_core.package_identification:_identify(src/examples/rclpy/topics/pointcloud_publisher) by extensions ['colcon_pkg']
[0.608s] Level 1:colcon.colcon_core.package_identification:_identify(src/examples/rclpy/topics/pointcloud_publisher) by extension 'colcon_pkg'
[0.608s] Level 1:colcon.colcon_core.package_identification:_identify(src/examples/rclpy/topics/pointcloud_publisher) by extensions ['colcon_meta']
[0.608s] Level 1:colcon.colcon_core.package_identification:_identify(src/examples/rclpy/topics/pointcloud_publisher) by extension 'colcon_meta'
[0.608s] Level 1:colcon.colcon_core.package_identification:_identify(src/examples/rclpy/topics/pointcloud_publisher) by extensions ['ros']
[0.608s] Level 1:colcon.colcon_core.package_identification:_identify(src/examples/rclpy/topics/pointcloud_publisher) by extension 'ros'
[0.609s] DEBUG:colcon.colcon_core.package_identification:Package 'src/examples/rclpy/topics/pointcloud_publisher' with type 'ros.ament_python' and name 'examples_rclpy_pointcloud_publisher'
[0.609s] Level 1:colcon.colcon_core.package_identification:_identify(src/tutorial_interfaces) by extensions ['ignore', 'ignore_ament_install']
[0.610s] Level 1:colcon.colcon_core.package_identification:_identify(src/tutorial_interfaces) by extension 'ignore'
[0.610s] Level 1:colcon.colcon_core.package_identification:_identify(src/tutorial_interfaces) by extension 'ignore_ament_install'
[0.610s] Level 1:colcon.colcon_core.package_identification:_identify(src/tutorial_interfaces) by extensions ['colcon_pkg']
[0.610s] Level 1:colcon.colcon_core.package_identification:_identify(src/tutorial_interfaces) by extension 'colcon_pkg'
[0.610s] Level 1:colcon.colcon_core.package_identification:_identify(src/tutorial_interfaces) by extensions ['colcon_meta']
[0.610s] Level 1:colcon.colcon_core.package_identification:_identify(src/tutorial_interfaces) by extension 'colcon_meta'
[0.610s] Level 1:colcon.colcon_core.package_identification:_identify(src/tutorial_interfaces) by extensions ['ros']
[0.610s] Level 1:colcon.colcon_core.package_identification:_identify(src/tutorial_interfaces) by extension 'ros'
[0.611s] DEBUG:colcon.colcon_core.package_identification:Package 'src/tutorial_interfaces' with type 'ros.ament_cmake' and name 'tutorial_interfaces'
[0.611s] Level 1:colcon.colcon_core.package_identification:_identify(venv) by extensions ['ignore', 'ignore_ament_install']
[0.611s] Level 1:colcon.colcon_core.package_identification:_identify(venv) by extension 'ignore'
[0.611s] Level 1:colcon.colcon_core.package_identification:_identify(venv) by extension 'ignore_ament_install'
[0.611s] Level 1:colcon.colcon_core.package_identification:_identify(venv) by extensions ['colcon_pkg']
[0.611s] Level 1:colcon.colcon_core.package_identification:_identify(venv) by extension 'colcon_pkg'
[0.611s] Level 1:colcon.colcon_core.package_identification:_identify(venv) by extensions ['colcon_meta']
[0.611s] Level 1:colcon.colcon_core.package_identification:_identify(venv) by extension 'colcon_meta'
[0.611s] Level 1:colcon.colcon_core.package_identification:_identify(venv) by extensions ['ros']
[0.611s] Level 1:colcon.colcon_core.package_identification:_identify(venv) by extension 'ros'
[0.611s] Level 1:colcon.colcon_core.package_identification:_identify(venv) by extensions ['cmake', 'python']
[0.611s] Level 1:colcon.colcon_core.package_identification:_identify(venv) by extension 'cmake'
[0.611s] Level 1:colcon.colcon_core.package_identification:_identify(venv) by extension 'python'
[0.611s] Level 1:colcon.colcon_core.package_identification:_identify(venv) by extensions ['python_setup_py']
[0.611s] Level 1:colcon.colcon_core.package_identification:_identify(venv) by extension 'python_setup_py'
[0.612s] Level 1:colcon.colcon_core.package_identification:_identify(venv/bin) by extensions ['ignore', 'ignore_ament_install']
[0.612s] Level 1:colcon.colcon_core.package_identification:_identify(venv/bin) by extension 'ignore'
[0.612s] Level 1:colcon.colcon_core.package_identification:_identify(venv/bin) by extension 'ignore_ament_install'
[0.612s] Level 1:colcon.colcon_core.package_identification:_identify(venv/bin) by extensions ['colcon_pkg']
[0.612s] Level 1:colcon.colcon_core.package_identification:_identify(venv/bin) by extension 'colcon_pkg'
[0.612s] Level 1:colcon.colcon_core.package_identification:_identify(venv/bin) by extensions ['colcon_meta']
[0.612s] Level 1:colcon.colcon_core.package_identification:_identify(venv/bin) by extension 'colcon_meta'
[0.612s] Level 1:colcon.colcon_core.package_identification:_identify(venv/bin) by extensions ['ros']
[0.612s] Level 1:colcon.colcon_core.package_identification:_identify(venv/bin) by extension 'ros'
[0.612s] Level 1:colcon.colcon_core.package_identification:_identify(venv/bin) by extensions ['cmake', 'python']
[0.612s] Level 1:colcon.colcon_core.package_identification:_identify(venv/bin) by extension 'cmake'
[0.612s] Level 1:colcon.colcon_core.package_identification:_identify(venv/bin) by extension 'python'
[0.612s] Level 1:colcon.colcon_core.package_identification:_identify(venv/bin) by extensions ['python_setup_py']
[0.612s] Level 1:colcon.colcon_core.package_identification:_identify(venv/bin) by extension 'python_setup_py'
[0.612s] Level 1:colcon.colcon_core.package_identification:_identify(venv/include) by extensions ['ignore', 'ignore_ament_install']
[0.612s] Level 1:colcon.colcon_core.package_identification:_identify(venv/include) by extension 'ignore'
[0.612s] Level 1:colcon.colcon_core.package_identification:_identify(venv/include) by extension 'ignore_ament_install'
[0.613s] Level 1:colcon.colcon_core.package_identification:_identify(venv/include) by extensions ['colcon_pkg']
[0.613s] Level 1:colcon.colcon_core.package_identification:_identify(venv/include) by extension 'colcon_pkg'
[0.613s] Level 1:colcon.colcon_core.package_identification:_identify(venv/include) by extensions ['colcon_meta']
[0.613s] Level 1:colcon.colcon_core.package_identification:_identify(venv/include) by extension 'colcon_meta'
[0.613s] Level 1:colcon.colcon_core.package_identification:_identify(venv/include) by extensions ['ros']
[0.613s] Level 1:colcon.colcon_core.package_identification:_identify(venv/include) by extension 'ros'
[0.613s] Level 1:colcon.colcon_core.package_identification:_identify(venv/include) by extensions ['cmake', 'python']
[0.613s] Level 1:colcon.colcon_core.package_identification:_identify(venv/include) by extension 'cmake'
[0.613s] Level 1:colcon.colcon_core.package_identification:_identify(venv/include) by extension 'python'
[0.613s] Level 1:colcon.colcon_core.package_identification:_identify(venv/include) by extensions ['python_setup_py']
[0.613s] Level 1:colcon.colcon_core.package_identification:_identify(venv/include) by extension 'python_setup_py'
[0.613s] Level 1:colcon.colcon_core.package_identification:_identify(venv/include/python3.12) by extensions ['ignore', 'ignore_ament_install']
[0.613s] Level 1:colcon.colcon_core.package_identification:_identify(venv/include/python3.12) by extension 'ignore'
[0.613s] Level 1:colcon.colcon_core.package_identification:_identify(venv/include/python3.12) by extension 'ignore_ament_install'
[0.613s] Level 1:colcon.colcon_core.package_identification:_identify(venv/include/python3.12) by extensions ['colcon_pkg']
[0.613s] Level 1:colcon.colcon_core.package_identification:_identify(venv/include/python3.12) by extension 'colcon_pkg'
[0.613s] Level 1:colcon.colcon_core.package_identification:_identify(venv/include/python3.12) by extensions ['colcon_meta']
[0.613s] Level 1:colcon.colcon_core.package_identification:_identify(venv/include/python3.12) by extension 'colcon_meta'
[0.613s] Level 1:colcon.colcon_core.package_identification:_identify(venv/include/python3.12) by extensions ['ros']
[0.614s] Level 1:colcon.colcon_core.package_identification:_identify(venv/include/python3.12) by extension 'ros'
[0.614s] Level 1:colcon.colcon_core.package_identification:_identify(venv/include/python3.12) by extensions ['cmake', 'python']
[0.614s] Level 1:colcon.colcon_core.package_identification:_identify(venv/include/python3.12) by extension 'cmake'
[0.614s] Level 1:colcon.colcon_core.package_identification:_identify(venv/include/python3.12) by extension 'python'
[0.614s] Level 1:colcon.colcon_core.package_identification:_identify(venv/include/python3.12) by extensions ['python_setup_py']
[0.614s] Level 1:colcon.colcon_core.package_identification:_identify(venv/include/python3.12) by extension 'python_setup_py'
[0.614s] Level 1:colcon.colcon_core.package_identification:_identify(venv/lib) by extensions ['ignore', 'ignore_ament_install']
[0.614s] Level 1:colcon.colcon_core.package_identification:_identify(venv/lib) by extension 'ignore'
[0.614s] Level 1:colcon.colcon_core.package_identification:_identify(venv/lib) by extension 'ignore_ament_install'
[0.614s] Level 1:colcon.colcon_core.package_identification:_identify(venv/lib) by extensions ['colcon_pkg']
[0.614s] Level 1:colcon.colcon_core.package_identification:_identify(venv/lib) by extension 'colcon_pkg'
[0.614s] Level 1:colcon.colcon_core.package_identification:_identify(venv/lib) by extensions ['colcon_meta']
[0.614s] Level 1:colcon.colcon_core.package_identification:_identify(venv/lib) by extension 'colcon_meta'
[0.614s] Level 1:colcon.colcon_core.package_identification:_identify(venv/lib) by extensions ['ros']
[0.614s] Level 1:colcon.colcon_core.package_identification:_identify(venv/lib) by extension 'ros'
[0.614s] Level 1:colcon.colcon_core.package_identification:_identify(venv/lib) by extensions ['cmake', 'python']
[0.614s] Level 1:colcon.colcon_core.package_identification:_identify(venv/lib) by extension 'cmake'
[0.614s] Level 1:colcon.colcon_core.package_identification:_identify(venv/lib) by extension 'python'
[0.615s] Level 1:colcon.colcon_core.package_identification:_identify(venv/lib) by extensions ['python_setup_py']
[0.615s] Level 1:colcon.colcon_core.package_identification:_identify(venv/lib) by extension 'python_setup_py'
[0.615s] Level 1:colcon.colcon_core.package_identification:_identify(venv/lib/python3.12) by extensions ['ignore', 'ignore_ament_install']
[0.615s] Level 1:colcon.colcon_core.package_identification:_identify(venv/lib/python3.12) by extension 'ignore'
[0.615s] Level 1:colcon.colcon_core.package_identification:_identify(venv/lib/python3.12) by extension 'ignore_ament_install'
[0.615s] Level 1:colcon.colcon_core.package_identification:_identify(venv/lib/python3.12) by extensions ['colcon_pkg']
[0.615s] Level 1:colcon.colcon_core.package_identification:_identify(venv/lib/python3.12) by extension 'colcon_pkg'
[0.615s] Level 1:colcon.colcon_core.package_identification:_identify(venv/lib/python3.12) by extensions ['colcon_meta']
[0.615s] Level 1:colcon.colcon_core.package_identification:_identify(venv/lib/python3.12) by extension 'colcon_meta'
[0.615s] Level 1:colcon.colcon_core.package_identification:_identify(venv/lib/python3.12) by extensions ['ros']
[0.615s] Level 1:colcon.colcon_core.package_identification:_identify(venv/lib/python3.12) by extension 'ros'
[0.615s] Level 1:colcon.colcon_core.package_identification:_identify(venv/lib/python3.12) by extensions ['cmake', 'python']
[0.615s] Level 1:colcon.colcon_core.package_identification:_identify(venv/lib/python3.12) by extension 'cmake'
[0.615s] Level 1:colcon.colcon_core.package_identification:_identify(venv/lib/python3.12) by extension 'python'
[0.615s] Level 1:colcon.colcon_core.package_identification:_identify(venv/lib/python3.12) by extensions ['python_setup_py']
[0.615s] Level 1:colcon.colcon_core.package_identification:_identify(venv/lib/python3.12) by extension 'python_setup_py'
[0.615s] Level 1:colcon.colcon_core.package_identification:_identify(venv/lib/python3.12/site-packages) by extensions ['ignore', 'ignore_ament_install']
[0.616s] Level 1:colcon.colcon_core.package_identification:_identify(venv/lib/python3.12/site-packages) by extension 'ignore'
[0.616s] Level 1:colcon.colcon_core.package_identification:_identify(venv/lib/python3.12/site-packages) by extension 'ignore_ament_install'
[0.616s] Level 1:colcon.colcon_core.package_identification:_identify(venv/lib/python3.12/site-packages) by extensions ['colcon_pkg']
[0.616s] Level 1:colcon.colcon_core.package_identification:_identify(venv/lib/python3.12/site-packages) by extension 'colcon_pkg'
[0.616s] Level 1:colcon.colcon_core.package_identification:_identify(venv/lib/python3.12/site-packages) by extensions ['colcon_meta']
[0.616s] Level 1:colcon.colcon_core.package_identification:_identify(venv/lib/python3.12/site-packages) by extension 'colcon_meta'
[0.616s] Level 1:colcon.colcon_core.package_identification:_identify(venv/lib/python3.12/site-packages) by extensions ['ros']
[0.616s] Level 1:colcon.colcon_core.package_identification:_identify(venv/lib/python3.12/site-packages) by extension 'ros'
[0.616s] Level 1:colcon.colcon_core.package_identification:_identify(venv/lib/python3.12/site-packages) by extensions ['cmake', 'python']
[0.616s] Level 1:colcon.colcon_core.package_identification:_identify(venv/lib/python3.12/site-packages) by extension 'cmake'
[0.616s] Level 1:colcon.colcon_core.package_identification:_identify(venv/lib/python3.12/site-packages) by extension 'python'
[0.616s] Level 1:colcon.colcon_core.package_identification:_identify(venv/lib/python3.12/site-packages) by extensions ['python_setup_py']
[0.616s] Level 1:colcon.colcon_core.package_identification:_identify(venv/lib/python3.12/site-packages) by extension 'python_setup_py'
[0.616s] Level 1:colcon.colcon_core.package_identification:_identify(venv/lib/python3.12/site-packages/_distutils_hack) by extensions ['ignore', 'ignore_ament_install']
[0.616s] Level 1:colcon.colcon_core.package_identification:_identify(venv/lib/python3.12/site-packages/_distutils_hack) by extension 'ignore'
[0.616s] Level 1:colcon.colcon_core.package_identification:_identify(venv/lib/python3.12/site-packages/_distutils_hack) by extension 'ignore_ament_install'
[0.617s] Level 1:colcon.colcon_core.package_identification:_identify(venv/lib/python3.12/site-packages/_distutils_hack) by extensions ['colcon_pkg']
[0.617s] Level 1:colcon.colcon_core.package_identification:_identify(venv/lib/python3.12/site-packages/_distutils_hack) by extension 'colcon_pkg'
[0.617s] Level 1:colcon.colcon_core.package_identification:_identify(venv/lib/python3.12/site-packages/_distutils_hack) by extensions ['colcon_meta']
[0.617s] Level 1:colcon.colcon_core.package_identification:_identify(venv/lib/python3.12/site-packages/_distutils_hack) by extension 'colcon_meta'
[0.617s] Level 1:colcon.colcon_core.package_identification:_identify(venv/lib/python3.12/site-packages/_distutils_hack) by extensions ['ros']
[0.617s] Level 1:colcon.colcon_core.package_identification:_identify(venv/lib/python3.12/site-packages/_distutils_hack) by extension 'ros'
[0.617s] Level 1:colcon.colcon_core.package_identification:_identify(venv/lib/python3.12/site-packages/_distutils_hack) by extensions ['cmake', 'python']
[0.617s] Level 1:colcon.colcon_core.package_identification:_identify(venv/lib/python3.12/site-packages/_distutils_hack) by extension 'cmake'
[0.617s] Level 1:colcon.colcon_core.package_identification:_identify(venv/lib/python3.12/site-packages/_distutils_hack) by extension 'python'
[0.617s] Level 1:colcon.colcon_core.package_identification:_identify(venv/lib/python3.12/site-packages/_distutils_hack) by extensions ['python_setup_py']
[0.617s] Level 1:colcon.colcon_core.package_identification:_identify(venv/lib/python3.12/site-packages/_distutils_hack) by extension 'python_setup_py'
[0.617s] Level 1:colcon.colcon_core.package_identification:_identify(venv/lib/python3.12/site-packages/_distutils_hack/__pycache__) by extensions ['ignore', 'ignore_ament_install']
[0.617s] Level 1:colcon.colcon_core.package_identification:_identify(venv/lib/python3.12/site-packages/_distutils_hack/__pycache__) by extension 'ignore'
[0.617s] Level 1:colcon.colcon_core.package_identification:_identify(venv/lib/python3.12/site-packages/_distutils_hack/__pycache__) by extension 'ignore_ament_install'
[0.617s] Level 1:colcon.colcon_core.package_identification:_identify(venv/lib/python3.12/site-packages/_distutils_hack/__pycache__) by extensions ['colcon_pkg']
[0.618s] Level 1:colcon.colcon_core.package_identification:_identify(venv/lib/python3.12/site-packages/_distutils_hack/__pycache__) by extension 'colcon_pkg'
[0.618s] Level 1:colcon.colcon_core.package_identification:_identify(venv/lib/python3.12/site-packages/_distutils_hack/__pycache__) by extensions ['colcon_meta']
[0.618s] Level 1:colcon.colcon_core.package_identification:_identify(venv/lib/python3.12/site-packages/_distutils_hack/__pycache__) by extension 'colcon_meta'
[0.618s] Level 1:colcon.colcon_core.package_identification:_identify(venv/lib/python3.12/site-packages/_distutils_hack/__pycache__) by extensions ['ros']
[0.618s] Level 1:colcon.colcon_core.package_identification:_identify(venv/lib/python3.12/site-packages/_distutils_hack/__pycache__) by extension 'ros'
[0.618s] Level 1:colcon.colcon_core.package_identification:_identify(venv/lib/python3.12/site-packages/_distutils_hack/__pycache__) by extensions ['cmake', 'python']
[0.618s] Level 1:colcon.colcon_core.package_identification:_identify(venv/lib/python3.12/site-packages/_distutils_hack/__pycache__) by extension 'cmake'
[0.618s] Level 1:colcon.colcon_core.package_identification:_identify(venv/lib/python3.12/site-packages/_distutils_hack/__pycache__) by extension 'python'
[0.618s] Level 1:colcon.colcon_core.package_identification:_identify(venv/lib/python3.12/site-packages/_distutils_hack/__pycache__) by extensions ['python_setup_py']
[0.618s] Level 1:colcon.colcon_core.package_identification:_identify(venv/lib/python3.12/site-packages/_distutils_hack/__pycache__) by extension 'python_setup_py'
[0.618s] Level 1:colcon.colcon_core.package_identification:_identify(venv/lib/python3.12/site-packages/basicmicro) by extensions ['ignore', 'ignore_ament_install']
[0.618s] Level 1:colcon.colcon_core.package_identification:_identify(venv/lib/python3.12/site-packages/basicmicro) by extension 'ignore'
[0.618s] Level 1:colcon.colcon_core.package_identification:_identify(venv/lib/python3.12/site-packages/basicmicro) by extension 'ignore_ament_install'
[0.618s] Level 1:colcon.colcon_core.package_identification:_identify(venv/lib/python3.12/site-packages/basicmicro) by extensions ['colcon_pkg']
[0.618s] Level 1:colcon.colcon_core.package_identification:_identify(venv/lib/python3.12/site-packages/basicmicro) by extension 'colcon_pkg'
[0.618s] Level 1:colcon.colcon_core.package_identification:_identify(venv/lib/python3.12/site-packages/basicmicro) by extensions ['colcon_meta']
[0.619s] Level 1:colcon.colcon_core.package_identification:_identify(venv/lib/python3.12/site-packages/basicmicro) by extension 'colcon_meta'
[0.619s] Level 1:colcon.colcon_core.package_identification:_identify(venv/lib/python3.12/site-packages/basicmicro) by extensions ['ros']
[0.619s] Level 1:colcon.colcon_core.package_identification:_identify(venv/lib/python3.12/site-packages/basicmicro) by extension 'ros'
[0.619s] Level 1:colcon.colcon_core.package_identification:_identify(venv/lib/python3.12/site-packages/basicmicro) by extensions ['cmake', 'python']
[0.619s] Level 1:colcon.colcon_core.package_identification:_identify(venv/lib/python3.12/site-packages/basicmicro) by extension 'cmake'
[0.619s] Level 1:colcon.colcon_core.package_identification:_identify(venv/lib/python3.12/site-packages/basicmicro) by extension 'python'
[0.619s] Level 1:colcon.colcon_core.package_identification:_identify(venv/lib/python3.12/site-packages/basicmicro) by extensions ['python_setup_py']
[0.619s] Level 1:colcon.colcon_core.package_identification:_identify(venv/lib/python3.12/site-packages/basicmicro) by extension 'python_setup_py'
[0.619s] Level 1:colcon.colcon_core.package_identification:_identify(venv/lib/python3.12/site-packages/basicmicro/__pycache__) by extensions ['ignore', 'ignore_ament_install']
[0.619s] Level 1:colcon.colcon_core.package_identification:_identify(venv/lib/python3.12/site-packages/basicmicro/__pycache__) by extension 'ignore'
[0.619s] Level 1:colcon.colcon_core.package_identification:_identify(venv/lib/python3.12/site-packages/basicmicro/__pycache__) by extension 'ignore_ament_install'
[0.619s] Level 1:colcon.colcon_core.package_identification:_identify(venv/lib/python3.12/site-packages/basicmicro/__pycache__) by extensions ['colcon_pkg']
[0.619s] Level 1:colcon.colcon_core.package_identification:_identify(venv/lib/python3.12/site-packages/basicmicro/__pycache__) by extension 'colcon_pkg'
[0.619s] Level 1:colcon.colcon_core.package_identification:_identify(venv/lib/python3.12/site-packages/basicmicro/__pycache__) by extensions ['colcon_meta']
[0.619s] Level 1:colcon.colcon_core.package_identification:_identify(venv/lib/python3.12/site-packages/basicmicro/__pycache__) by extension 'colcon_meta'
[0.620s] Level 1:colcon.colcon_core.package_identification:_identify(venv/lib/python3.12/site-packages/basicmicro/__pycache__) by extensions ['ros']
[0.620s] Level 1:colcon.colcon_core.package_identification:_identify(venv/lib/python3.12/site-packages/basicmicro/__pycache__) by extension 'ros'
[0.620s] Level 1:colcon.colcon_core.package_identification:_identify(venv/lib/python3.12/site-packages/basicmicro/__pycache__) by extensions ['cmake', 'python']
[0.620s] Level 1:colcon.colcon_core.package_identification:_identify(venv/lib/python3.12/site-packages/basicmicro/__pycache__) by extension 'cmake'
[0.620s] Level 1:colcon.colcon_core.package_identification:_identify(venv/lib/python3.12/site-packages/basicmicro/__pycache__) by extension 'python'
[0.620s] Level 1:colcon.colcon_core.package_identification:_identify(venv/lib/python3.12/site-packages/basicmicro/__pycache__) by extensions ['python_setup_py']
[0.620s] Level 1:colcon.colcon_core.package_identification:_identify(venv/lib/python3.12/site-packages/basicmicro/__pycache__) by extension 'python_setup_py'
[0.620s] Level 1:colcon.colcon_core.package_identification:_identify(venv/lib/python3.12/site-packages/basicmicro-2.0.10.dist-info) by extensions ['ignore', 'ignore_ament_install']
[0.620s] Level 1:colcon.colcon_core.package_identification:_identify(venv/lib/python3.12/site-packages/basicmicro-2.0.10.dist-info) by extension 'ignore'
[0.620s] Level 1:colcon.colcon_core.package_identification:_identify(venv/lib/python3.12/site-packages/basicmicro-2.0.10.dist-info) by extension 'ignore_ament_install'
[0.620s] Level 1:colcon.colcon_core.package_identification:_identify(venv/lib/python3.12/site-packages/basicmicro-2.0.10.dist-info) by extensions ['colcon_pkg']
[0.620s] Level 1:colcon.colcon_core.package_identification:_identify(venv/lib/python3.12/site-packages/basicmicro-2.0.10.dist-info) by extension 'colcon_pkg'
[0.620s] Level 1:colcon.colcon_core.package_identification:_identify(venv/lib/python3.12/site-packages/basicmicro-2.0.10.dist-info) by extensions ['colcon_meta']
[0.620s] Level 1:colcon.colcon_core.package_identification:_identify(venv/lib/python3.12/site-packages/basicmicro-2.0.10.dist-info) by extension 'colcon_meta'
[0.620s] Level 1:colcon.colcon_core.package_identification:_identify(venv/lib/python3.12/site-packages/basicmicro-2.0.10.dist-info) by extensions ['ros']
[0.620s] Level 1:colcon.colcon_core.package_identification:_identify(venv/lib/python3.12/site-packages/basicmicro-2.0.10.dist-info) by extension 'ros'
[0.620s] Level 1:colcon.colcon_core.package_identification:_identify(venv/lib/python3.12/site-packages/basicmicro-2.0.10.dist-info) by extensions ['cmake', 'python']
[0.621s] Level 1:colcon.colcon_core.package_identification:_identify(venv/lib/python3.12/site-packages/basicmicro-2.0.10.dist-info) by extension 'cmake'
[0.621s] Level 1:colcon.colcon_core.package_identification:_identify(venv/lib/python3.12/site-packages/basicmicro-2.0.10.dist-info) by extension 'python'
[0.621s] Level 1:colcon.colcon_core.package_identification:_identify(venv/lib/python3.12/site-packages/basicmicro-2.0.10.dist-info) by extensions ['python_setup_py']
[0.621s] Level 1:colcon.colcon_core.package_identification:_identify(venv/lib/python3.12/site-packages/basicmicro-2.0.10.dist-info) by extension 'python_setup_py'
[0.621s] Level 1:colcon.colcon_core.package_identification:_identify(venv/lib/python3.12/site-packages/basicmicro-2.0.10.dist-info/licenses) by extensions ['ignore', 'ignore_ament_install']
[0.621s] Level 1:colcon.colcon_core.package_identification:_identify(venv/lib/python3.12/site-packages/basicmicro-2.0.10.dist-info/licenses) by extension 'ignore'
[0.621s] Level 1:colcon.colcon_core.package_identification:_identify(venv/lib/python3.12/site-packages/basicmicro-2.0.10.dist-info/licenses) by extension 'ignore_ament_install'
[0.621s] Level 1:colcon.colcon_core.package_identification:_identify(venv/lib/python3.12/site-packages/basicmicro-2.0.10.dist-info/licenses) by extensions ['colcon_pkg']
[0.621s] Level 1:colcon.colcon_core.package_identification:_identify(venv/lib/python3.12/site-packages/basicmicro-2.0.10.dist-info/licenses) by extension 'colcon_pkg'
[0.621s] Level 1:colcon.colcon_core.package_identification:_identify(venv/lib/python3.12/site-packages/basicmicro-2.0.10.dist-info/licenses) by extensions ['colcon_meta']
[0.621s] Level 1:colcon.colcon_core.package_identification:_identify(venv/lib/python3.12/site-packages/basicmicro-2.0.10.dist-info/licenses) by extension 'colcon_meta'
[0.621s] Level 1:colcon.colcon_core.package_identification:_identify(venv/lib/python3.12/site-packages/basicmicro-2.0.10.dist-info/licenses) by extensions ['ros']
[0.621s] Level 1:colcon.colcon_core.package_identification:_identify(venv/lib/python3.12/site-packages/basicmicro-2.0.10.dist-info/licenses) by extension 'ros'
[0.621s] Level 1:colcon.colcon_core.package_identification:_identify(venv/lib/python3.12/site-packages/basicmicro-2.0.10.dist-info/licenses) by extensions ['cmake', 'python']
[0.621s] Level 1:colcon.colcon_core.package_identification:_identify(venv/lib/python3.12/site-packages/basicmicro-2.0.10.dist-info/licenses) by extension 'cmake'
[0.621s] Level 1:colcon.colcon_core.package_identification:_identify(venv/lib/python3.12/site-packages/basicmicro-2.0.10.dist-info/licenses) by extension 'python'
[0.621s] Level 1:colcon.colcon_core.package_identification:_identify(venv/lib/python3.12/site-packages/basicmicro-2.0.10.dist-info/licenses) by extensions ['python_setup_py']
[0.621s] Level 1:colcon.colcon_core.package_identification:_identify(venv/lib/python3.12/site-packages/basicmicro-2.0.10.dist-info/licenses) by extension 'python_setup_py'
[0.622s] Level 1:colcon.colcon_core.package_identification:_identify(venv/lib/python3.12/site-packages/catkin_pkg) by extensions ['ignore', 'ignore_ament_install']
[0.622s] Level 1:colcon.colcon_core.package_identification:_identify(venv/lib/python3.12/site-packages/catkin_pkg) by extension 'ignore'
[0.622s] Level 1:colcon.colcon_core.package_identification:_identify(venv/lib/python3.12/site-packages/catkin_pkg) by extension 'ignore_ament_install'
[0.622s] Level 1:colcon.colcon_core.package_identification:_identify(venv/lib/python3.12/site-packages/catkin_pkg) by extensions ['colcon_pkg']
[0.622s] Level 1:colcon.colcon_core.package_identification:_identify(venv/lib/python3.12/site-packages/catkin_pkg) by extension 'colcon_pkg'
[0.622s] Level 1:colcon.colcon_core.package_identification:_identify(venv/lib/python3.12/site-packages/catkin_pkg) by extensions ['colcon_meta']
[0.622s] Level 1:colcon.colcon_core.package_identification:_identify(venv/lib/python3.12/site-packages/catkin_pkg) by extension 'colcon_meta'
[0.622s] Level 1:colcon.colcon_core.package_identification:_identify(venv/lib/python3.12/site-packages/catkin_pkg) by extensions ['ros']
[0.622s] Level 1:colcon.colcon_core.package_identification:_identify(venv/lib/python3.12/site-packages/catkin_pkg) by extension 'ros'
[0.622s] Level 1:colcon.colcon_core.package_identification:_identify(venv/lib/python3.12/site-packages/catkin_pkg) by extensions ['cmake', 'python']
[0.622s] Level 1:colcon.colcon_core.package_identification:_identify(venv/lib/python3.12/site-packages/catkin_pkg) by extension 'cmake'
[0.622s] Level 1:colcon.colcon_core.package_identification:_identify(venv/lib/python3.12/site-packages/catkin_pkg) by extension 'python'
[0.622s] Level 1:colcon.colcon_core.package_identification:_identify(venv/lib/python3.12/site-packages/catkin_pkg) by extensions ['python_setup_py']
[0.622s] Level 1:colcon.colcon_core.package_identification:_identify(venv/lib/python3.12/site-packages/catkin_pkg) by extension 'python_setup_py'
[0.622s] Level 1:colcon.colcon_core.package_identification:_identify(venv/lib/python3.12/site-packages/catkin_pkg/__pycache__) by extensions ['ignore', 'ignore_ament_install']
[0.623s] Level 1:colcon.colcon_core.package_identification:_identify(venv/lib/python3.12/site-packages/catkin_pkg/__pycache__) by extension 'ignore'
[0.623s] Level 1:colcon.colcon_core.package_identification:_identify(venv/lib/python3.12/site-packages/catkin_pkg/__pycache__) by extension 'ignore_ament_install'
[0.623s] Level 1:colcon.colcon_core.package_identification:_identify(venv/lib/python3.12/site-packages/catkin_pkg/__pycache__) by extensions ['colcon_pkg']
[0.623s] Level 1:colcon.colcon_core.package_identification:_identify(venv/lib/python3.12/site-packages/catkin_pkg/__pycache__) by extension 'colcon_pkg'
[0.623s] Level 1:colcon.colcon_core.package_identification:_identify(venv/lib/python3.12/site-packages/catkin_pkg/__pycache__) by extensions ['colcon_meta']
[0.623s] Level 1:colcon.colcon_core.package_identification:_identify(venv/lib/python3.12/site-packages/catkin_pkg/__pycache__) by extension 'colcon_meta'
[0.623s] Level 1:colcon.colcon_core.package_identification:_identify(venv/lib/python3.12/site-packages/catkin_pkg/__pycache__) by extensions ['ros']
[0.623s] Level 1:colcon.colcon_core.package_identification:_identify(venv/lib/python3.12/site-packages/catkin_pkg/__pycache__) by extension 'ros'
[0.623s] Level 1:colcon.colcon_core.package_identification:_identify(venv/lib/python3.12/site-packages/catkin_pkg/__pycache__) by extensions ['cmake', 'python']
[0.623s] Level 1:colcon.colcon_core.package_identification:_identify(venv/lib/python3.12/site-packages/catkin_pkg/__pycache__) by extension 'cmake'
[0.623s] Level 1:colcon.colcon_core.package_identification:_identify(venv/lib/python3.12/site-packages/catkin_pkg/__pycache__) by extension 'python'
[0.623s] Level 1:colcon.colcon_core.package_identification:_identify(venv/lib/python3.12/site-packages/catkin_pkg/__pycache__) by extensions ['python_setup_py']
[0.623s] Level 1:colcon.colcon_core.package_identification:_identify(venv/lib/python3.12/site-packages/catkin_pkg/__pycache__) by extension 'python_setup_py'
[0.623s] Level 1:colcon.colcon_core.package_identification:_identify(venv/lib/python3.12/site-packages/catkin_pkg/cli) by extensions ['ignore', 'ignore_ament_install']
[0.623s] Level 1:colcon.colcon_core.package_identification:_identify(venv/lib/python3.12/site-packages/catkin_pkg/cli) by extension 'ignore'
[0.623s] Level 1:colcon.colcon_core.package_identification:_identify(venv/lib/python3.12/site-packages/catkin_pkg/cli) by extension 'ignore_ament_install'
[0.623s] Level 1:colcon.colcon_core.package_identification:_identify(venv/lib/python3.12/site-packages/catkin_pkg/cli) by extensions ['colcon_pkg']
[0.624s] Level 1:colcon.colcon_core.package_identification:_identify(venv/lib/python3.12/site-packages/catkin_pkg/cli) by extension 'colcon_pkg'
[0.624s] Level 1:colcon.colcon_core.package_identification:_identify(venv/lib/python3.12/site-packages/catkin_pkg/cli) by extensions ['colcon_meta']
[0.624s] Level 1:colcon.colcon_core.package_identification:_identify(venv/lib/python3.12/site-packages/catkin_pkg/cli) by extension 'colcon_meta'
[0.624s] Level 1:colcon.colcon_core.package_identification:_identify(venv/lib/python3.12/site-packages/catkin_pkg/cli) by extensions ['ros']
[0.624s] Level 1:colcon.colcon_core.package_identification:_identify(venv/lib/python3.12/site-packages/catkin_pkg/cli) by extension 'ros'
[0.624s] Level 1:colcon.colcon_core.package_identification:_identify(venv/lib/python3.12/site-packages/catkin_pkg/cli) by extensions ['cmake', 'python']
[0.624s] Level 1:colcon.colcon_core.package_identification:_identify(venv/lib/python3.12/site-packages/catkin_pkg/cli) by extension 'cmake'
[0.624s] Level 1:colcon.colcon_core.package_identification:_identify(venv/lib/python3.12/site-packages/catkin_pkg/cli) by extension 'python'
[0.624s] Level 1:colcon.colcon_core.package_identification:_identify(venv/lib/python3.12/site-packages/catkin_pkg/cli) by extensions ['python_setup_py']
[0.624s] Level 1:colcon.colcon_core.package_identification:_identify(venv/lib/python3.12/site-packages/catkin_pkg/cli) by extension 'python_setup_py'
[0.624s] Level 1:colcon.colcon_core.package_identification:_identify(venv/lib/python3.12/site-packages/catkin_pkg/cli/__pycache__) by extensions ['ignore', 'ignore_ament_install']
[0.624s] Level 1:colcon.colcon_core.package_identification:_identify(venv/lib/python3.12/site-packages/catkin_pkg/cli/__pycache__) by extension 'ignore'
[0.624s] Level 1:colcon.colcon_core.package_identification:_identify(venv/lib/python3.12/site-packages/catkin_pkg/cli/__pycache__) by extension 'ignore_ament_install'
[0.624s] Level 1:colcon.colcon_core.package_identification:_identify(venv/lib/python3.12/site-packages/catkin_pkg/cli/__pycache__) by extensions ['colcon_pkg']
[0.624s] Level 1:colcon.colcon_core.package_identification:_identify(venv/lib/python3.12/site-packages/catkin_pkg/cli/__pycache__) by extension 'colcon_pkg'
[0.624s] Level 1:colcon.colcon_core.package_identification:_identify(venv/lib/python3.12/site-packages/catkin_pkg/cli/__pycache__) by extensions ['colcon_meta']
[0.624s] Level 1:colcon.colcon_core.package_identification:_identify(venv/lib/python3.12/site-packages/catkin_pkg/cli/__pycache__) by extension 'colcon_meta'
[0.625s] Level 1:colcon.colcon_core.package_identification:_identify(venv/lib/python3.12/site-packages/catkin_pkg/cli/__pycache__) by extensions ['ros']
[0.625s] Level 1:colcon.colcon_core.package_identification:_identify(venv/lib/python3.12/site-packages/catkin_pkg/cli/__pycache__) by extension 'ros'
[0.625s] Level 1:colcon.colcon_core.package_identification:_identify(venv/lib/python3.12/site-packages/catkin_pkg/cli/__pycache__) by extensions ['cmake', 'python']
[0.625s] Level 1:colcon.colcon_core.package_identification:_identify(venv/lib/python3.12/site-packages/catkin_pkg/cli/__pycache__) by extension 'cmake'
[0.625s] Level 1:colcon.colcon_core.package_identification:_identify(venv/lib/python3.12/site-packages/catkin_pkg/cli/__pycache__) by extension 'python'
[0.625s] Level 1:colcon.colcon_core.package_identification:_identify(venv/lib/python3.12/site-packages/catkin_pkg/cli/__pycache__) by extensions ['python_setup_py']
[0.625s] Level 1:colcon.colcon_core.package_identification:_identify(venv/lib/python3.12/site-packages/catkin_pkg/cli/__pycache__) by extension 'python_setup_py'
[0.625s] Level 1:colcon.colcon_core.package_identification:_identify(venv/lib/python3.12/site-packages/catkin_pkg/templates) by extensions ['ignore', 'ignore_ament_install']
[0.625s] Level 1:colcon.colcon_core.package_identification:_identify(venv/lib/python3.12/site-packages/catkin_pkg/templates) by extension 'ignore'
[0.625s] Level 1:colcon.colcon_core.package_identification:_identify(venv/lib/python3.12/site-packages/catkin_pkg/templates) by extension 'ignore_ament_install'
[0.625s] Level 1:colcon.colcon_core.package_identification:_identify(venv/lib/python3.12/site-packages/catkin_pkg/templates) by extensions ['colcon_pkg']
[0.625s] Level 1:colcon.colcon_core.package_identification:_identify(venv/lib/python3.12/site-packages/catkin_pkg/templates) by extension 'colcon_pkg'
[0.625s] Level 1:colcon.colcon_core.package_identification:_identify(venv/lib/python3.12/site-packages/catkin_pkg/templates) by extensions ['colcon_meta']
[0.625s] Level 1:colcon.colcon_core.package_identification:_identify(venv/lib/python3.12/site-packages/catkin_pkg/templates) by extension 'colcon_meta'
[0.625s] Level 1:colcon.colcon_core.package_identification:_identify(venv/lib/python3.12/site-packages/catkin_pkg/templates) by extensions ['ros']
[0.625s] Level 1:colcon.colcon_core.package_identification:_identify(venv/lib/python3.12/site-packages/catkin_pkg/templates) by extension 'ros'
[0.625s] Level 1:colcon.colcon_core.package_identification:_identify(venv/lib/python3.12/site-packages/catkin_pkg/templates) by extensions ['cmake', 'python']
[0.625s] Level 1:colcon.colcon_core.package_identification:_identify(venv/lib/python3.12/site-packages/catkin_pkg/templates) by extension 'cmake'
[0.626s] Level 1:colcon.colcon_core.package_identification:_identify(venv/lib/python3.12/site-packages/catkin_pkg/templates) by extension 'python'
[0.626s] Level 1:colcon.colcon_core.package_identification:_identify(venv/lib/python3.12/site-packages/catkin_pkg/templates) by extensions ['python_setup_py']
[0.626s] Level 1:colcon.colcon_core.package_identification:_identify(venv/lib/python3.12/site-packages/catkin_pkg/templates) by extension 'python_setup_py'
[0.626s] Level 1:colcon.colcon_core.package_identification:_identify(venv/lib/python3.12/site-packages/catkin_pkg-1.1.0.dist-info) by extensions ['ignore', 'ignore_ament_install']
[0.626s] Level 1:colcon.colcon_core.package_identification:_identify(venv/lib/python3.12/site-packages/catkin_pkg-1.1.0.dist-info) by extension 'ignore'
[0.626s] Level 1:colcon.colcon_core.package_identification:_identify(venv/lib/python3.12/site-packages/catkin_pkg-1.1.0.dist-info) by extension 'ignore_ament_install'
[0.626s] Level 1:colcon.colcon_core.package_identification:_identify(venv/lib/python3.12/site-packages/catkin_pkg-1.1.0.dist-info) by extensions ['colcon_pkg']
[0.626s] Level 1:colcon.colcon_core.package_identification:_identify(venv/lib/python3.12/site-packages/catkin_pkg-1.1.0.dist-info) by extension 'colcon_pkg'
[0.626s] Level 1:colcon.colcon_core.package_identification:_identify(venv/lib/python3.12/site-packages/catkin_pkg-1.1.0.dist-info) by extensions ['colcon_meta']
[0.626s] Level 1:colcon.colcon_core.package_identification:_identify(venv/lib/python3.12/site-packages/catkin_pkg-1.1.0.dist-info) by extension 'colcon_meta'
[0.626s] Level 1:colcon.colcon_core.package_identification:_identify(venv/lib/python3.12/site-packages/catkin_pkg-1.1.0.dist-info) by extensions ['ros']
[0.626s] Level 1:colcon.colcon_core.package_identification:_identify(venv/lib/python3.12/site-packages/catkin_pkg-1.1.0.dist-info) by extension 'ros'
[0.626s] Level 1:colcon.colcon_core.package_identification:_identify(venv/lib/python3.12/site-packages/catkin_pkg-1.1.0.dist-info) by extensions ['cmake', 'python']
[0.626s] Level 1:colcon.colcon_core.package_identification:_identify(venv/lib/python3.12/site-packages/catkin_pkg-1.1.0.dist-info) by extension 'cmake'
[0.626s] Level 1:colcon.colcon_core.package_identification:_identify(venv/lib/python3.12/site-packages/catkin_pkg-1.1.0.dist-info) by extension 'python'
[0.626s] Level 1:colcon.colcon_core.package_identification:_identify(venv/lib/python3.12/site-packages/catkin_pkg-1.1.0.dist-info) by extensions ['python_setup_py']
[0.626s] Level 1:colcon.colcon_core.package_identification:_identify(venv/lib/python3.12/site-packages/catkin_pkg-1.1.0.dist-info) by extension 'python_setup_py'
[0.627s] Level 1:colcon.colcon_core.package_identification:_identify(venv/lib/python3.12/site-packages/lark) by extensions ['ignore', 'ignore_ament_install']
[0.627s] Level 1:colcon.colcon_core.package_identification:_identify(venv/lib/python3.12/site-packages/lark) by extension 'ignore'
[0.627s] Level 1:colcon.colcon_core.package_identification:_identify(venv/lib/python3.12/site-packages/lark) by extension 'ignore_ament_install'
[0.627s] Level 1:colcon.colcon_core.package_identification:_identify(venv/lib/python3.12/site-packages/lark) by extensions ['colcon_pkg']
[0.627s] Level 1:colcon.colcon_core.package_identification:_identify(venv/lib/python3.12/site-packages/lark) by extension 'colcon_pkg'
[0.627s] Level 1:colcon.colcon_core.package_identification:_identify(venv/lib/python3.12/site-packages/lark) by extensions ['colcon_meta']
[0.627s] Level 1:colcon.colcon_core.package_identification:_identify(venv/lib/python3.12/site-packages/lark) by extension 'colcon_meta'
[0.627s] Level 1:colcon.colcon_core.package_identification:_identify(venv/lib/python3.12/site-packages/lark) by extensions ['ros']
[0.627s] Level 1:colcon.colcon_core.package_identification:_identify(venv/lib/python3.12/site-packages/lark) by extension 'ros'
[0.627s] Level 1:colcon.colcon_core.package_identification:_identify(venv/lib/python3.12/site-packages/lark) by extensions ['cmake', 'python']
[0.627s] Level 1:colcon.colcon_core.package_identification:_identify(venv/lib/python3.12/site-packages/lark) by extension 'cmake'
[0.627s] Level 1:colcon.colcon_core.package_identification:_identify(venv/lib/python3.12/site-packages/lark) by extension 'python'
[0.627s] Level 1:colcon.colcon_core.package_identification:_identify(venv/lib/python3.12/site-packages/lark) by extensions ['python_setup_py']
[0.627s] Level 1:colcon.colcon_core.package_identification:_identify(venv/lib/python3.12/site-packages/lark) by extension 'python_setup_py'
[0.628s] Level 1:colcon.colcon_core.package_identification:_identify(venv/lib/python3.12/site-packages/lark/__pycache__) by extensions ['ignore', 'ignore_ament_install']
[0.628s] Level 1:colcon.colcon_core.package_identification:_identify(venv/lib/python3.12/site-packages/lark/__pycache__) by extension 'ignore'
[0.628s] Level 1:colcon.colcon_core.package_identification:_identify(venv/lib/python3.12/site-packages/lark/__pycache__) by extension 'ignore_ament_install'
[0.628s] Level 1:colcon.colcon_core.package_identification:_identify(venv/lib/python3.12/site-packages/lark/__pycache__) by extensions ['colcon_pkg']
[0.628s] Level 1:colcon.colcon_core.package_identification:_identify(venv/lib/python3.12/site-packages/lark/__pycache__) by extension 'colcon_pkg'
[0.628s] Level 1:colcon.colcon_core.package_identification:_identify(venv/lib/python3.12/site-packages/lark/__pycache__) by extensions ['colcon_meta']
[0.628s] Level 1:colcon.colcon_core.package_identification:_identify(venv/lib/python3.12/site-packages/lark/__pycache__) by extension 'colcon_meta'
[0.628s] Level 1:colcon.colcon_core.package_identification:_identify(venv/lib/python3.12/site-packages/lark/__pycache__) by extensions ['ros']
[0.628s] Level 1:colcon.colcon_core.package_identification:_identify(venv/lib/python3.12/site-packages/lark/__pycache__) by extension 'ros'
[0.628s] Level 1:colcon.colcon_core.package_identification:_identify(venv/lib/python3.12/site-packages/lark/__pycache__) by extensions ['cmake', 'python']
[0.628s] Level 1:colcon.colcon_core.package_identification:_identify(venv/lib/python3.12/site-packages/lark/__pycache__) by extension 'cmake'
[0.628s] Level 1:colcon.colcon_core.package_identification:_identify(venv/lib/python3.12/site-packages/lark/__pycache__) by extension 'python'
[0.628s] Level 1:colcon.colcon_core.package_identification:_identify(venv/lib/python3.12/site-packages/lark/__pycache__) by extensions ['python_setup_py']
[0.628s] Level 1:colcon.colcon_core.package_identification:_identify(venv/lib/python3.12/site-packages/lark/__pycache__) by extension 'python_setup_py'
[0.629s] Level 1:colcon.colcon_core.package_identification:_identify(venv/lib/python3.12/site-packages/lark/__pyinstaller) by extensions ['ignore', 'ignore_ament_install']
[0.629s] Level 1:colcon.colcon_core.package_identification:_identify(venv/lib/python3.12/site-packages/lark/__pyinstaller) by extension 'ignore'
[0.629s] Level 1:colcon.colcon_core.package_identification:_identify(venv/lib/python3.12/site-packages/lark/__pyinstaller) by extension 'ignore_ament_install'
[0.629s] Level 1:colcon.colcon_core.package_identification:_identify(venv/lib/python3.12/site-packages/lark/__pyinstaller) by extensions ['colcon_pkg']
[0.629s] Level 1:colcon.colcon_core.package_identification:_identify(venv/lib/python3.12/site-packages/lark/__pyinstaller) by extension 'colcon_pkg'
[0.629s] Level 1:colcon.colcon_core.package_identification:_identify(venv/lib/python3.12/site-packages/lark/__pyinstaller) by extensions ['colcon_meta']
[0.629s] Level 1:colcon.colcon_core.package_identification:_identify(venv/lib/python3.12/site-packages/lark/__pyinstaller) by extension 'colcon_meta'
[0.629s] Level 1:colcon.colcon_core.package_identification:_identify(venv/lib/python3.12/site-packages/lark/__pyinstaller) by extensions ['ros']
[0.629s] Level 1:colcon.colcon_core.package_identification:_identify(venv/lib/python3.12/site-packages/lark/__pyinstaller) by extension 'ros'
[0.629s] Level 1:colcon.colcon_core.package_identification:_identify(venv/lib/python3.12/site-packages/lark/__pyinstaller) by extensions ['cmake', 'python']
[0.629s] Level 1:colcon.colcon_core.package_identification:_identify(venv/lib/python3.12/site-packages/lark/__pyinstaller) by extension 'cmake'
[0.629s] Level 1:colcon.colcon_core.package_identification:_identify(venv/lib/python3.12/site-packages/lark/__pyinstaller) by extension 'python'
[0.629s] Level 1:colcon.colcon_core.package_identification:_identify(venv/lib/python3.12/site-packages/lark/__pyinstaller) by extensions ['python_setup_py']
[0.629s] Level 1:colcon.colcon_core.package_identification:_identify(venv/lib/python3.12/site-packages/lark/__pyinstaller) by extension 'python_setup_py'
[0.630s] Level 1:colcon.colcon_core.package_identification:_identify(venv/lib/python3.12/site-packages/lark/__pyinstaller/__pycache__) by extensions ['ignore', 'ignore_ament_install']
[0.630s] Level 1:colcon.colcon_core.package_identification:_identify(venv/lib/python3.12/site-packages/lark/__pyinstaller/__pycache__) by extension 'ignore'
[0.630s] Level 1:colcon.colcon_core.package_identification:_identify(venv/lib/python3.12/site-packages/lark/__pyinstaller/__pycache__) by extension 'ignore_ament_install'
[0.630s] Level 1:colcon.colcon_core.package_identification:_identify(venv/lib/python3.12/site-packages/lark/__pyinstaller/__pycache__) by extensions ['colcon_pkg']
[0.630s] Level 1:colcon.colcon_core.package_identification:_identify(venv/lib/python3.12/site-packages/lark/__pyinstaller/__pycache__) by extension 'colcon_pkg'
[0.630s] Level 1:colcon.colcon_core.package_identification:_identify(venv/lib/python3.12/site-packages/lark/__pyinstaller/__pycache__) by extensions ['colcon_meta']
[0.630s] Level 1:colcon.colcon_core.package_identification:_identify(venv/lib/python3.12/site-packages/lark/__pyinstaller/__pycache__) by extension 'colcon_meta'
[0.630s] Level 1:colcon.colcon_core.package_identification:_identify(venv/lib/python3.12/site-packages/lark/__pyinstaller/__pycache__) by extensions ['ros']
[0.630s] Level 1:colcon.colcon_core.package_identification:_identify(venv/lib/python3.12/site-packages/lark/__pyinstaller/__pycache__) by extension 'ros'
[0.630s] Level 1:colcon.colcon_core.package_identification:_identify(venv/lib/python3.12/site-packages/lark/__pyinstaller/__pycache__) by extensions ['cmake', 'python']
[0.630s] Level 1:colcon.colcon_core.package_identification:_identify(venv/lib/python3.12/site-packages/lark/__pyinstaller/__pycache__) by extension 'cmake'
[0.630s] Level 1:colcon.colcon_core.package_identification:_identify(venv/lib/python3.12/site-packages/lark/__pyinstaller/__pycache__) by extension 'python'
[0.631s] Level 1:colcon.colcon_core.package_identification:_identify(venv/lib/python3.12/site-packages/lark/__pyinstaller/__pycache__) by extensions ['python_setup_py']
[0.631s] Level 1:colcon.colcon_core.package_identification:_identify(venv/lib/python3.12/site-packages/lark/__pyinstaller/__pycache__) by extension 'python_setup_py'
[0.631s] Level 1:colcon.colcon_core.package_identification:_identify(venv/lib/python3.12/site-packages/lark/grammars) by extensions ['ignore', 'ignore_ament_install']
[0.631s] Level 1:colcon.colcon_core.package_identification:_identify(venv/lib/python3.12/site-packages/lark/grammars) by extension 'ignore'
[0.631s] Level 1:colcon.colcon_core.package_identification:_identify(venv/lib/python3.12/site-packages/lark/grammars) by extension 'ignore_ament_install'
[0.631s] Level 1:colcon.colcon_core.package_identification:_identify(venv/lib/python3.12/site-packages/lark/grammars) by extensions ['colcon_pkg']
[0.631s] Level 1:colcon.colcon_core.package_identification:_identify(venv/lib/python3.12/site-packages/lark/grammars) by extension 'colcon_pkg'
[0.631s] Level 1:colcon.colcon_core.package_identification:_identify(venv/lib/python3.12/site-packages/lark/grammars) by extensions ['colcon_meta']
[0.631s] Level 1:colcon.colcon_core.package_identification:_identify(venv/lib/python3.12/site-packages/lark/grammars) by extension 'colcon_meta'
[0.631s] Level 1:colcon.colcon_core.package_identification:_identify(venv/lib/python3.12/site-packages/lark/grammars) by extensions ['ros']
[0.631s] Level 1:colcon.colcon_core.package_identification:_identify(venv/lib/python3.12/site-packages/lark/grammars) by extension 'ros'
[0.631s] Level 1:colcon.colcon_core.package_identification:_identify(venv/lib/python3.12/site-packages/lark/grammars) by extensions ['cmake', 'python']
[0.631s] Level 1:colcon.colcon_core.package_identification:_identify(venv/lib/python3.12/site-packages/lark/grammars) by extension 'cmake'
[0.631s] Level 1:colcon.colcon_core.package_identification:_identify(venv/lib/python3.12/site-packages/lark/grammars) by extension 'python'
[0.631s] Level 1:colcon.colcon_core.package_identification:_identify(venv/lib/python3.12/site-packages/lark/grammars) by extensions ['python_setup_py']
[0.631s] Level 1:colcon.colcon_core.package_identification:_identify(venv/lib/python3.12/site-packages/lark/grammars) by extension 'python_setup_py'
[0.632s] Level 1:colcon.colcon_core.package_identification:_identify(venv/lib/python3.12/site-packages/lark/parsers) by extensions ['ignore', 'ignore_ament_install']
[0.632s] Level 1:colcon.colcon_core.package_identification:_identify(venv/lib/python3.12/site-packages/lark/parsers) by extension 'ignore'
[0.632s] Level 1:colcon.colcon_core.package_identification:_identify(venv/lib/python3.12/site-packages/lark/parsers) by extension 'ignore_ament_install'
[0.632s] Level 1:colcon.colcon_core.package_identification:_identify(venv/lib/python3.12/site-packages/lark/parsers) by extensions ['colcon_pkg']
[0.632s] Level 1:colcon.colcon_core.package_identification:_identify(venv/lib/python3.12/site-packages/lark/parsers) by extension 'colcon_pkg'
[0.632s] Level 1:colcon.colcon_core.package_identification:_identify(venv/lib/python3.12/site-packages/lark/parsers) by extensions ['colcon_meta']
[0.632s] Level 1:colcon.colcon_core.package_identification:_identify(venv/lib/python3.12/site-packages/lark/parsers) by extension 'colcon_meta'
[0.632s] Level 1:colcon.colcon_core.package_identification:_identify(venv/lib/python3.12/site-packages/lark/parsers) by extensions ['ros']
[0.632s] Level 1:colcon.colcon_core.package_identification:_identify(venv/lib/python3.12/site-packages/lark/parsers) by extension 'ros'
[0.632s] Level 1:colcon.colcon_core.package_identification:_identify(venv/lib/python3.12/site-packages/lark/parsers) by extensions ['cmake', 'python']
[0.632s] Level 1:colcon.colcon_core.package_identification:_identify(venv/lib/python3.12/site-packages/lark/parsers) by extension 'cmake'
[0.632s] Level 1:colcon.colcon_core.package_identification:_identify(venv/lib/python3.12/site-packages/lark/parsers) by extension 'python'
[0.632s] Level 1:colcon.colcon_core.package_identification:_identify(venv/lib/python3.12/site-packages/lark/parsers) by extensions ['python_setup_py']
[0.632s] Level 1:colcon.colcon_core.package_identification:_identify(venv/lib/python3.12/site-packages/lark/parsers) by extension 'python_setup_py'
[0.632s] Level 1:colcon.colcon_core.package_identification:_identify(venv/lib/python3.12/site-packages/lark/parsers/__pycache__) by extensions ['ignore', 'ignore_ament_install']
[0.632s] Level 1:colcon.colcon_core.package_identification:_identify(venv/lib/python3.12/site-packages/lark/parsers/__pycache__) by extension 'ignore'
[0.633s] Level 1:colcon.colcon_core.package_identification:_identify(venv/lib/python3.12/site-packages/lark/parsers/__pycache__) by extension 'ignore_ament_install'
[0.633s] Level 1:colcon.colcon_core.package_identification:_identify(venv/lib/python3.12/site-packages/lark/parsers/__pycache__) by extensions ['colcon_pkg']
[0.633s] Level 1:colcon.colcon_core.package_identification:_identify(venv/lib/python3.12/site-packages/lark/parsers/__pycache__) by extension 'colcon_pkg'
[0.633s] Level 1:colcon.colcon_core.package_identification:_identify(venv/lib/python3.12/site-packages/lark/parsers/__pycache__) by extensions ['colcon_meta']
[0.633s] Level 1:colcon.colcon_core.package_identification:_identify(venv/lib/python3.12/site-packages/lark/parsers/__pycache__) by extension 'colcon_meta'
[0.633s] Level 1:colcon.colcon_core.package_identification:_identify(venv/lib/python3.12/site-packages/lark/parsers/__pycache__) by extensions ['ros']
[0.633s] Level 1:colcon.colcon_core.package_identification:_identify(venv/lib/python3.12/site-packages/lark/parsers/__pycache__) by extension 'ros'
[0.633s] Level 1:colcon.colcon_core.package_identification:_identify(venv/lib/python3.12/site-packages/lark/parsers/__pycache__) by extensions ['cmake', 'python']
[0.633s] Level 1:colcon.colcon_core.package_identification:_identify(venv/lib/python3.12/site-packages/lark/parsers/__pycache__) by extension 'cmake'
[0.633s] Level 1:colcon.colcon_core.package_identification:_identify(venv/lib/python3.12/site-packages/lark/parsers/__pycache__) by extension 'python'
[0.633s] Level 1:colcon.colcon_core.package_identification:_identify(venv/lib/python3.12/site-packages/lark/parsers/__pycache__) by extensions ['python_setup_py']
[0.633s] Level 1:colcon.colcon_core.package_identification:_identify(venv/lib/python3.12/site-packages/lark/parsers/__pycache__) by extension 'python_setup_py'
[0.633s] Level 1:colcon.colcon_core.package_identification:_identify(venv/lib/python3.12/site-packages/lark/tools) by extensions ['ignore', 'ignore_ament_install']
[0.633s] Level 1:colcon.colcon_core.package_identification:_identify(venv/lib/python3.12/site-packages/lark/tools) by extension 'ignore'
[0.633s] Level 1:colcon.colcon_core.package_identification:_identify(venv/lib/python3.12/site-packages/lark/tools) by extension 'ignore_ament_install'
[0.633s] Level 1:colcon.colcon_core.package_identification:_identify(venv/lib/python3.12/site-packages/lark/tools) by extensions ['colcon_pkg']
[0.633s] Level 1:colcon.colcon_core.package_identification:_identify(venv/lib/python3.12/site-packages/lark/tools) by extension 'colcon_pkg'
[0.634s] Level 1:colcon.colcon_core.package_identification:_identify(venv/lib/python3.12/site-packages/lark/tools) by extensions ['colcon_meta']
[0.634s] Level 1:colcon.colcon_core.package_identification:_identify(venv/lib/python3.12/site-packages/lark/tools) by extension 'colcon_meta'
[0.634s] Level 1:colcon.colcon_core.package_identification:_identify(venv/lib/python3.12/site-packages/lark/tools) by extensions ['ros']
[0.634s] Level 1:colcon.colcon_core.package_identification:_identify(venv/lib/python3.12/site-packages/lark/tools) by extension 'ros'
[0.634s] Level 1:colcon.colcon_core.package_identification:_identify(venv/lib/python3.12/site-packages/lark/tools) by extensions ['cmake', 'python']
[0.634s] Level 1:colcon.colcon_core.package_identification:_identify(venv/lib/python3.12/site-packages/lark/tools) by extension 'cmake'
[0.634s] Level 1:colcon.colcon_core.package_identification:_identify(venv/lib/python3.12/site-packages/lark/tools) by extension 'python'
[0.634s] Level 1:colcon.colcon_core.package_identification:_identify(venv/lib/python3.12/site-packages/lark/tools) by extensions ['python_setup_py']
[0.634s] Level 1:colcon.colcon_core.package_identification:_identify(venv/lib/python3.12/site-packages/lark/tools) by extension 'python_setup_py'
[0.634s] Level 1:colcon.colcon_core.package_identification:_identify(venv/lib/python3.12/site-packages/lark/tools/__pycache__) by extensions ['ignore', 'ignore_ament_install']
[0.634s] Level 1:colcon.colcon_core.package_identification:_identify(venv/lib/python3.12/site-packages/lark/tools/__pycache__) by extension 'ignore'
[0.634s] Level 1:colcon.colcon_core.package_identification:_identify(venv/lib/python3.12/site-packages/lark/tools/__pycache__) by extension 'ignore_ament_install'
[0.634s] Level 1:colcon.colcon_core.package_identification:_identify(venv/lib/python3.12/site-packages/lark/tools/__pycache__) by extensions ['colcon_pkg']
[0.634s] Level 1:colcon.colcon_core.package_identification:_identify(venv/lib/python3.12/site-packages/lark/tools/__pycache__) by extension 'colcon_pkg'
[0.634s] Level 1:colcon.colcon_core.package_identification:_identify(venv/lib/python3.12/site-packages/lark/tools/__pycache__) by extensions ['colcon_meta']
[0.634s] Level 1:colcon.colcon_core.package_identification:_identify(venv/lib/python3.12/site-packages/lark/tools/__pycache__) by extension 'colcon_meta'
[0.634s] Level 1:colcon.colcon_core.package_identification:_identify(venv/lib/python3.12/site-packages/lark/tools/__pycache__) by extensions ['ros']
[0.634s] Level 1:colcon.colcon_core.package_identification:_identify(venv/lib/python3.12/site-packages/lark/tools/__pycache__) by extension 'ros'
[0.635s] Level 1:colcon.colcon_core.package_identification:_identify(venv/lib/python3.12/site-packages/lark/tools/__pycache__) by extensions ['cmake', 'python']
[0.635s] Level 1:colcon.colcon_core.package_identification:_identify(venv/lib/python3.12/site-packages/lark/tools/__pycache__) by extension 'cmake'
[0.635s] Level 1:colcon.colcon_core.package_identification:_identify(venv/lib/python3.12/site-packages/lark/tools/__pycache__) by extension 'python'
[0.635s] Level 1:colcon.colcon_core.package_identification:_identify(venv/lib/python3.12/site-packages/lark/tools/__pycache__) by extensions ['python_setup_py']
[0.635s] Level 1:colcon.colcon_core.package_identification:_identify(venv/lib/python3.12/site-packages/lark/tools/__pycache__) by extension 'python_setup_py'
[0.635s] Level 1:colcon.colcon_core.package_identification:_identify(venv/lib/python3.12/site-packages/lark-stubs) by extensions ['ignore', 'ignore_ament_install']
[0.635s] Level 1:colcon.colcon_core.package_identification:_identify(venv/lib/python3.12/site-packages/lark-stubs) by extension 'ignore'
[0.635s] Level 1:colcon.colcon_core.package_identification:_identify(venv/lib/python3.12/site-packages/lark-stubs) by extension 'ignore_ament_install'
[0.635s] Level 1:colcon.colcon_core.package_identification:_identify(venv/lib/python3.12/site-packages/lark-stubs) by extensions ['colcon_pkg']
[0.635s] Level 1:colcon.colcon_core.package_identification:_identify(venv/lib/python3.12/site-packages/lark-stubs) by extension 'colcon_pkg'
[0.635s] Level 1:colcon.colcon_core.package_identification:_identify(venv/lib/python3.12/site-packages/lark-stubs) by extensions ['colcon_meta']
[0.635s] Level 1:colcon.colcon_core.package_identification:_identify(venv/lib/python3.12/site-packages/lark-stubs) by extension 'colcon_meta'
[0.635s] Level 1:colcon.colcon_core.package_identification:_identify(venv/lib/python3.12/site-packages/lark-stubs) by extensions ['ros']
[0.635s] Level 1:colcon.colcon_core.package_identification:_identify(venv/lib/python3.12/site-packages/lark-stubs) by extension 'ros'
[0.635s] Level 1:colcon.colcon_core.package_identification:_identify(venv/lib/python3.12/site-packages/lark-stubs) by extensions ['cmake', 'python']
[0.635s] Level 1:colcon.colcon_core.package_identification:_identify(venv/lib/python3.12/site-packages/lark-stubs) by extension 'cmake'
[0.635s] Level 1:colcon.colcon_core.package_identification:_identify(venv/lib/python3.12/site-packages/lark-stubs) by extension 'python'
[0.636s] Level 1:colcon.colcon_core.package_identification:_identify(venv/lib/python3.12/site-packages/lark-stubs) by extensions ['python_setup_py']
[0.636s] Level 1:colcon.colcon_core.package_identification:_identify(venv/lib/python3.12/site-packages/lark-stubs) by extension 'python_setup_py'
[0.636s] Level 1:colcon.colcon_core.package_identification:_identify(venv/lib/python3.12/site-packages/lark_parser-0.12.0.dist-info) by extensions ['ignore', 'ignore_ament_install']
[0.636s] Level 1:colcon.colcon_core.package_identification:_identify(venv/lib/python3.12/site-packages/lark_parser-0.12.0.dist-info) by extension 'ignore'
[0.636s] Level 1:colcon.colcon_core.package_identification:_identify(venv/lib/python3.12/site-packages/lark_parser-0.12.0.dist-info) by extension 'ignore_ament_install'
[0.636s] Level 1:colcon.colcon_core.package_identification:_identify(venv/lib/python3.12/site-packages/lark_parser-0.12.0.dist-info) by extensions ['colcon_pkg']
[0.636s] Level 1:colcon.colcon_core.package_identification:_identify(venv/lib/python3.12/site-packages/lark_parser-0.12.0.dist-info) by extension 'colcon_pkg'
[0.636s] Level 1:colcon.colcon_core.package_identification:_identify(venv/lib/python3.12/site-packages/lark_parser-0.12.0.dist-info) by extensions ['colcon_meta']
[0.636s] Level 1:colcon.colcon_core.package_identification:_identify(venv/lib/python3.12/site-packages/lark_parser-0.12.0.dist-info) by extension 'colcon_meta'
[0.636s] Level 1:colcon.colcon_core.package_identification:_identify(venv/lib/python3.12/site-packages/lark_parser-0.12.0.dist-info) by extensions ['ros']
[0.636s] Level 1:colcon.colcon_core.package_identification:_identify(venv/lib/python3.12/site-packages/lark_parser-0.12.0.dist-info) by extension 'ros'
[0.636s] Level 1:colcon.colcon_core.package_identification:_identify(venv/lib/python3.12/site-packages/lark_parser-0.12.0.dist-info) by extensions ['cmake', 'python']
[0.636s] Level 1:colcon.colcon_core.package_identification:_identify(venv/lib/python3.12/site-packages/lark_parser-0.12.0.dist-info) by extension 'cmake'
[0.636s] Level 1:colcon.colcon_core.package_identification:_identify(venv/lib/python3.12/site-packages/lark_parser-0.12.0.dist-info) by extension 'python'
[0.636s] Level 1:colcon.colcon_core.package_identification:_identify(venv/lib/python3.12/site-packages/lark_parser-0.12.0.dist-info) by extensions ['python_setup_py']
[0.636s] Level 1:colcon.colcon_core.package_identification:_identify(venv/lib/python3.12/site-packages/lark_parser-0.12.0.dist-info) by extension 'python_setup_py'
[0.636s] Level 1:colcon.colcon_core.package_identification:_identify(venv/lib/python3.12/site-packages/pip) by extensions ['ignore', 'ignore_ament_install']
[0.637s] Level 1:colcon.colcon_core.package_identification:_identify(venv/lib/python3.12/site-packages/pip) by extension 'ignore'
[0.637s] Level 1:colcon.colcon_core.package_identification:_identify(venv/lib/python3.12/site-packages/pip) by extension 'ignore_ament_install'
[0.637s] Level 1:colcon.colcon_core.package_identification:_identify(venv/lib/python3.12/site-packages/pip) by extensions ['colcon_pkg']
[0.637s] Level 1:colcon.colcon_core.package_identification:_identify(venv/lib/python3.12/site-packages/pip) by extension 'colcon_pkg'
[0.637s] Level 1:colcon.colcon_core.package_identification:_identify(venv/lib/python3.12/site-packages/pip) by extensions ['colcon_meta']
[0.637s] Level 1:colcon.colcon_core.package_identification:_identify(venv/lib/python3.12/site-packages/pip) by extension 'colcon_meta'
[0.637s] Level 1:colcon.colcon_core.package_identification:_identify(venv/lib/python3.12/site-packages/pip) by extensions ['ros']
[0.637s] Level 1:colcon.colcon_core.package_identification:_identify(venv/lib/python3.12/site-packages/pip) by extension 'ros'
[0.637s] Level 1:colcon.colcon_core.package_identification:_identify(venv/lib/python3.12/site-packages/pip) by extensions ['cmake', 'python']
[0.637s] Level 1:colcon.colcon_core.package_identification:_identify(venv/lib/python3.12/site-packages/pip) by extension 'cmake'
[0.637s] Level 1:colcon.colcon_core.package_identification:_identify(venv/lib/python3.12/site-packages/pip) by extension 'python'
[0.637s] Level 1:colcon.colcon_core.package_identification:_identify(venv/lib/python3.12/site-packages/pip) by extensions ['python_setup_py']
[0.637s] Level 1:colcon.colcon_core.package_identification:_identify(venv/lib/python3.12/site-packages/pip) by extension 'python_setup_py'
[0.637s] Level 1:colcon.colcon_core.package_identification:_identify(venv/lib/python3.12/site-packages/pip/__pycache__) by extensions ['ignore', 'ignore_ament_install']
[0.637s] Level 1:colcon.colcon_core.package_identification:_identify(venv/lib/python3.12/site-packages/pip/__pycache__) by extension 'ignore'
[0.637s] Level 1:colcon.colcon_core.package_identification:_identify(venv/lib/python3.12/site-packages/pip/__pycache__) by extension 'ignore_ament_install'
[0.638s] Level 1:colcon.colcon_core.package_identification:_identify(venv/lib/python3.12/site-packages/pip/__pycache__) by extensions ['colcon_pkg']
[0.638s] Level 1:colcon.colcon_core.package_identification:_identify(venv/lib/python3.12/site-packages/pip/__pycache__) by extension 'colcon_pkg'
[0.638s] Level 1:colcon.colcon_core.package_identification:_identify(venv/lib/python3.12/site-packages/pip/__pycache__) by extensions ['colcon_meta']
[0.638s] Level 1:colcon.colcon_core.package_identification:_identify(venv/lib/python3.12/site-packages/pip/__pycache__) by extension 'colcon_meta'
[0.638s] Level 1:colcon.colcon_core.package_identification:_identify(venv/lib/python3.12/site-packages/pip/__pycache__) by extensions ['ros']
[0.638s] Level 1:colcon.colcon_core.package_identification:_identify(venv/lib/python3.12/site-packages/pip/__pycache__) by extension 'ros'
[0.638s] Level 1:colcon.colcon_core.package_identification:_identify(venv/lib/python3.12/site-packages/pip/__pycache__) by extensions ['cmake', 'python']
[0.638s] Level 1:colcon.colcon_core.package_identification:_identify(venv/lib/python3.12/site-packages/pip/__pycache__) by extension 'cmake'
[0.638s] Level 1:colcon.colcon_core.package_identification:_identify(venv/lib/python3.12/site-packages/pip/__pycache__) by extension 'python'
[0.638s] Level 1:colcon.colcon_core.package_identification:_identify(venv/lib/python3.12/site-packages/pip/__pycache__) by extensions ['python_setup_py']
[0.638s] Level 1:colcon.colcon_core.package_identification:_identify(venv/lib/python3.12/site-packages/pip/__pycache__) by extension 'python_setup_py'
[0.638s] Level 1:colcon.colcon_core.package_identification:_identify(venv/lib/python3.12/site-packages/pip/_internal) by extensions ['ignore', 'ignore_ament_install']
[0.638s] Level 1:colcon.colcon_core.package_identification:_identify(venv/lib/python3.12/site-packages/pip/_internal) by extension 'ignore'
[0.638s] Level 1:colcon.colcon_core.package_identification:_identify(venv/lib/python3.12/site-packages/pip/_internal) by extension 'ignore_ament_install'
[0.638s] Level 1:colcon.colcon_core.package_identification:_identify(venv/lib/python3.12/site-packages/pip/_internal) by extensions ['colcon_pkg']
[0.638s] Level 1:colcon.colcon_core.package_identification:_identify(venv/lib/python3.12/site-packages/pip/_internal) by extension 'colcon_pkg'
[0.638s] Level 1:colcon.colcon_core.package_identification:_identify(venv/lib/python3.12/site-packages/pip/_internal) by extensions ['colcon_meta']
[0.638s] Level 1:colcon.colcon_core.package_identification:_identify(venv/lib/python3.12/site-packages/pip/_internal) by extension 'colcon_meta'
[0.639s] Level 1:colcon.colcon_core.package_identification:_identify(venv/lib/python3.12/site-packages/pip/_internal) by extensions ['ros']
[0.639s] Level 1:colcon.colcon_core.package_identification:_identify(venv/lib/python3.12/site-packages/pip/_internal) by extension 'ros'
[0.639s] Level 1:colcon.colcon_core.package_identification:_identify(venv/lib/python3.12/site-packages/pip/_internal) by extensions ['cmake', 'python']
[0.639s] Level 1:colcon.colcon_core.package_identification:_identify(venv/lib/python3.12/site-packages/pip/_internal) by extension 'cmake'
[0.639s] Level 1:colcon.colcon_core.package_identification:_identify(venv/lib/python3.12/site-packages/pip/_internal) by extension 'python'
[0.639s] Level 1:colcon.colcon_core.package_identification:_identify(venv/lib/python3.12/site-packages/pip/_internal) by extensions ['python_setup_py']
[0.639s] Level 1:colcon.colcon_core.package_identification:_identify(venv/lib/python3.12/site-packages/pip/_internal) by extension 'python_setup_py'
[0.639s] Level 1:colcon.colcon_core.package_identification:_identify(venv/lib/python3.12/site-packages/pip/_internal/__pycache__) by extensions ['ignore', 'ignore_ament_install']
[0.639s] Level 1:colcon.colcon_core.package_identification:_identify(venv/lib/python3.12/site-packages/pip/_internal/__pycache__) by extension 'ignore'
[0.639s] Level 1:colcon.colcon_core.package_identification:_identify(venv/lib/python3.12/site-packages/pip/_internal/__pycache__) by extension 'ignore_ament_install'
[0.639s] Level 1:colcon.colcon_core.package_identification:_identify(venv/lib/python3.12/site-packages/pip/_internal/__pycache__) by extensions ['colcon_pkg']
[0.639s] Level 1:colcon.colcon_core.package_identification:_identify(venv/lib/python3.12/site-packages/pip/_internal/__pycache__) by extension 'colcon_pkg'
[0.639s] Level 1:colcon.colcon_core.package_identification:_identify(venv/lib/python3.12/site-packages/pip/_internal/__pycache__) by extensions ['colcon_meta']
[0.639s] Level 1:colcon.colcon_core.package_identification:_identify(venv/lib/python3.12/site-packages/pip/_internal/__pycache__) by extension 'colcon_meta'
[0.639s] Level 1:colcon.colcon_core.package_identification:_identify(venv/lib/python3.12/site-packages/pip/_internal/__pycache__) by extensions ['ros']
[0.639s] Level 1:colcon.colcon_core.package_identification:_identify(venv/lib/python3.12/site-packages/pip/_internal/__pycache__) by extension 'ros'
[0.640s] Level 1:colcon.colcon_core.package_identification:_identify(venv/lib/python3.12/site-packages/pip/_internal/__pycache__) by extensions ['cmake', 'python']
[0.640s] Level 1:colcon.colcon_core.package_identification:_identify(venv/lib/python3.12/site-packages/pip/_internal/__pycache__) by extension 'cmake'
[0.640s] Level 1:colcon.colcon_core.package_identification:_identify(venv/lib/python3.12/site-packages/pip/_internal/__pycache__) by extension 'python'
[0.640s] Level 1:colcon.colcon_core.package_identification:_identify(venv/lib/python3.12/site-packages/pip/_internal/__pycache__) by extensions ['python_setup_py']
[0.640s] Level 1:colcon.colcon_core.package_identification:_identify(venv/lib/python3.12/site-packages/pip/_internal/__pycache__) by extension 'python_setup_py'
[0.640s] Level 1:colcon.colcon_core.package_identification:_identify(venv/lib/python3.12/site-packages/pip/_internal/cli) by extensions ['ignore', 'ignore_ament_install']
[0.640s] Level 1:colcon.colcon_core.package_identification:_identify(venv/lib/python3.12/site-packages/pip/_internal/cli) by extension 'ignore'
[0.640s] Level 1:colcon.colcon_core.package_identification:_identify(venv/lib/python3.12/site-packages/pip/_internal/cli) by extension 'ignore_ament_install'
[0.640s] Level 1:colcon.colcon_core.package_identification:_identify(venv/lib/python3.12/site-packages/pip/_internal/cli) by extensions ['colcon_pkg']
[0.640s] Level 1:colcon.colcon_core.package_identification:_identify(venv/lib/python3.12/site-packages/pip/_internal/cli) by extension 'colcon_pkg'
[0.640s] Level 1:colcon.colcon_core.package_identification:_identify(venv/lib/python3.12/site-packages/pip/_internal/cli) by extensions ['colcon_meta']
[0.640s] Level 1:colcon.colcon_core.package_identification:_identify(venv/lib/python3.12/site-packages/pip/_internal/cli) by extension 'colcon_meta'
[0.640s] Level 1:colcon.colcon_core.package_identification:_identify(venv/lib/python3.12/site-packages/pip/_internal/cli) by extensions ['ros']
[0.640s] Level 1:colcon.colcon_core.package_identification:_identify(venv/lib/python3.12/site-packages/pip/_internal/cli) by extension 'ros'
[0.640s] Level 1:colcon.colcon_core.package_identification:_identify(venv/lib/python3.12/site-packages/pip/_internal/cli) by extensions ['cmake', 'python']
[0.640s] Level 1:colcon.colcon_core.package_identification:_identify(venv/lib/python3.12/site-packages/pip/_internal/cli) by extension 'cmake'
[0.640s] Level 1:colcon.colcon_core.package_identification:_identify(venv/lib/python3.12/site-packages/pip/_internal/cli) by extension 'python'
[0.641s] Level 1:colcon.colcon_core.package_identification:_identify(venv/lib/python3.12/site-packages/pip/_internal/cli) by extensions ['python_setup_py']
[0.641s] Level 1:colcon.colcon_core.package_identification:_identify(venv/lib/python3.12/site-packages/pip/_internal/cli) by extension 'python_setup_py'
[0.641s] Level 1:colcon.colcon_core.package_identification:_identify(venv/lib/python3.12/site-packages/pip/_internal/cli/__pycache__) by extensions ['ignore', 'ignore_ament_install']
[0.641s] Level 1:colcon.colcon_core.package_identification:_identify(venv/lib/python3.12/site-packages/pip/_internal/cli/__pycache__) by extension 'ignore'
[0.641s] Level 1:colcon.colcon_core.package_identification:_identify(venv/lib/python3.12/site-packages/pip/_internal/cli/__pycache__) by extension 'ignore_ament_install'
[0.641s] Level 1:colcon.colcon_core.package_identification:_identify(venv/lib/python3.12/site-packages/pip/_internal/cli/__pycache__) by extensions ['colcon_pkg']
[0.641s] Level 1:colcon.colcon_core.package_identification:_identify(venv/lib/python3.12/site-packages/pip/_internal/cli/__pycache__) by extension 'colcon_pkg'
[0.641s] Level 1:colcon.colcon_core.package_identification:_identify(venv/lib/python3.12/site-packages/pip/_internal/cli/__pycache__) by extensions ['colcon_meta']
[0.641s] Level 1:colcon.colcon_core.package_identification:_identify(venv/lib/python3.12/site-packages/pip/_internal/cli/__pycache__) by extension 'colcon_meta'
[0.641s] Level 1:colcon.colcon_core.package_identification:_identify(venv/lib/python3.12/site-packages/pip/_internal/cli/__pycache__) by extensions ['ros']
[0.641s] Level 1:colcon.colcon_core.package_identification:_identify(venv/lib/python3.12/site-packages/pip/_internal/cli/__pycache__) by extension 'ros'
[0.641s] Level 1:colcon.colcon_core.package_identification:_identify(venv/lib/python3.12/site-packages/pip/_internal/cli/__pycache__) by extensions ['cmake', 'python']
[0.641s] Level 1:colcon.colcon_core.package_identification:_identify(venv/lib/python3.12/site-packages/pip/_internal/cli/__pycache__) by extension 'cmake'
[0.641s] Level 1:colcon.colcon_core.package_identification:_identify(venv/lib/python3.12/site-packages/pip/_internal/cli/__pycache__) by extension 'python'
[0.641s] Level 1:colcon.colcon_core.package_identification:_identify(venv/lib/python3.12/site-packages/pip/_internal/cli/__pycache__) by extensions ['python_setup_py']
[0.641s] Level 1:colcon.colcon_core.package_identification:_identify(venv/lib/python3.12/site-packages/pip/_internal/cli/__pycache__) by extension 'python_setup_py'
[0.642s] Level 1:colcon.colcon_core.package_identification:_identify(venv/lib/python3.12/site-packages/pip/_internal/commands) by extensions ['ignore', 'ignore_ament_install']
[0.642s] Level 1:colcon.colcon_core.package_identification:_identify(venv/lib/python3.12/site-packages/pip/_internal/commands) by extension 'ignore'
[0.642s] Level 1:colcon.colcon_core.package_identification:_identify(venv/lib/python3.12/site-packages/pip/_internal/commands) by extension 'ignore_ament_install'
[0.642s] Level 1:colcon.colcon_core.package_identification:_identify(venv/lib/python3.12/site-packages/pip/_internal/commands) by extensions ['colcon_pkg']
[0.642s] Level 1:colcon.colcon_core.package_identification:_identify(venv/lib/python3.12/site-packages/pip/_internal/commands) by extension 'colcon_pkg'
[0.642s] Level 1:colcon.colcon_core.package_identification:_identify(venv/lib/python3.12/site-packages/pip/_internal/commands) by extensions ['colcon_meta']
[0.642s] Level 1:colcon.colcon_core.package_identification:_identify(venv/lib/python3.12/site-packages/pip/_internal/commands) by extension 'colcon_meta'
[0.642s] Level 1:colcon.colcon_core.package_identification:_identify(venv/lib/python3.12/site-packages/pip/_internal/commands) by extensions ['ros']
[0.642s] Level 1:colcon.colcon_core.package_identification:_identify(venv/lib/python3.12/site-packages/pip/_internal/commands) by extension 'ros'
[0.642s] Level 1:colcon.colcon_core.package_identification:_identify(venv/lib/python3.12/site-packages/pip/_internal/commands) by extensions ['cmake', 'python']
[0.642s] Level 1:colcon.colcon_core.package_identification:_identify(venv/lib/python3.12/site-packages/pip/_internal/commands) by extension 'cmake'
[0.642s] Level 1:colcon.colcon_core.package_identification:_identify(venv/lib/python3.12/site-packages/pip/_internal/commands) by extension 'python'
[0.642s] Level 1:colcon.colcon_core.package_identification:_identify(venv/lib/python3.12/site-packages/pip/_internal/commands) by extensions ['python_setup_py']
[0.642s] Level 1:colcon.colcon_core.package_identification:_identify(venv/lib/python3.12/site-packages/pip/_internal/commands) by extension 'python_setup_py'
[0.642s] Level 1:colcon.colcon_core.package_identification:_identify(venv/lib/python3.12/site-packages/pip/_internal/commands/__pycache__) by extensions ['ignore', 'ignore_ament_install']
[0.642s] Level 1:colcon.colcon_core.package_identification:_identify(venv/lib/python3.12/site-packages/pip/_internal/commands/__pycache__) by extension 'ignore'
[0.643s] Level 1:colcon.colcon_core.package_identification:_identify(venv/lib/python3.12/site-packages/pip/_internal/commands/__pycache__) by extension 'ignore_ament_install'
[0.643s] Level 1:colcon.colcon_core.package_identification:_identify(venv/lib/python3.12/site-packages/pip/_internal/commands/__pycache__) by extensions ['colcon_pkg']
[0.643s] Level 1:colcon.colcon_core.package_identification:_identify(venv/lib/python3.12/site-packages/pip/_internal/commands/__pycache__) by extension 'colcon_pkg'
[0.643s] Level 1:colcon.colcon_core.package_identification:_identify(venv/lib/python3.12/site-packages/pip/_internal/commands/__pycache__) by extensions ['colcon_meta']
[0.643s] Level 1:colcon.colcon_core.package_identification:_identify(venv/lib/python3.12/site-packages/pip/_internal/commands/__pycache__) by extension 'colcon_meta'
[0.643s] Level 1:colcon.colcon_core.package_identification:_identify(venv/lib/python3.12/site-packages/pip/_internal/commands/__pycache__) by extensions ['ros']
[0.643s] Level 1:colcon.colcon_core.package_identification:_identify(venv/lib/python3.12/site-packages/pip/_internal/commands/__pycache__) by extension 'ros'
[0.643s] Level 1:colcon.colcon_core.package_identification:_identify(venv/lib/python3.12/site-packages/pip/_internal/commands/__pycache__) by extensions ['cmake', 'python']
[0.643s] Level 1:colcon.colcon_core.package_identification:_identify(venv/lib/python3.12/site-packages/pip/_internal/commands/__pycache__) by extension 'cmake'
[0.643s] Level 1:colcon.colcon_core.package_identification:_identify(venv/lib/python3.12/site-packages/pip/_internal/commands/__pycache__) by extension 'python'
[0.643s] Level 1:colcon.colcon_core.package_identification:_identify(venv/lib/python3.12/site-packages/pip/_internal/commands/__pycache__) by extensions ['python_setup_py']
[0.643s] Level 1:colcon.colcon_core.package_identification:_identify(venv/lib/python3.12/site-packages/pip/_internal/commands/__pycache__) by extension 'python_setup_py'
[0.643s] Level 1:colcon.colcon_core.package_identification:_identify(venv/lib/python3.12/site-packages/pip/_internal/distributions) by extensions ['ignore', 'ignore_ament_install']
[0.643s] Level 1:colcon.colcon_core.package_identification:_identify(venv/lib/python3.12/site-packages/pip/_internal/distributions) by extension 'ignore'
[0.643s] Level 1:colcon.colcon_core.package_identification:_identify(venv/lib/python3.12/site-packages/pip/_internal/distributions) by extension 'ignore_ament_install'
[0.643s] Level 1:colcon.colcon_core.package_identification:_identify(venv/lib/python3.12/site-packages/pip/_internal/distributions) by extensions ['colcon_pkg']
[0.644s] Level 1:colcon.colcon_core.package_identification:_identify(venv/lib/python3.12/site-packages/pip/_internal/distributions) by extension 'colcon_pkg'
[0.644s] Level 1:colcon.colcon_core.package_identification:_identify(venv/lib/python3.12/site-packages/pip/_internal/distributions) by extensions ['colcon_meta']
[0.644s] Level 1:colcon.colcon_core.package_identification:_identify(venv/lib/python3.12/site-packages/pip/_internal/distributions) by extension 'colcon_meta'
[0.644s] Level 1:colcon.colcon_core.package_identification:_identify(venv/lib/python3.12/site-packages/pip/_internal/distributions) by extensions ['ros']
[0.644s] Level 1:colcon.colcon_core.package_identification:_identify(venv/lib/python3.12/site-packages/pip/_internal/distributions) by extension 'ros'
[0.644s] Level 1:colcon.colcon_core.package_identification:_identify(venv/lib/python3.12/site-packages/pip/_internal/distributions) by extensions ['cmake', 'python']
[0.644s] Level 1:colcon.colcon_core.package_identification:_identify(venv/lib/python3.12/site-packages/pip/_internal/distributions) by extension 'cmake'
[0.644s] Level 1:colcon.colcon_core.package_identification:_identify(venv/lib/python3.12/site-packages/pip/_internal/distributions) by extension 'python'
[0.644s] Level 1:colcon.colcon_core.package_identification:_identify(venv/lib/python3.12/site-packages/pip/_internal/distributions) by extensions ['python_setup_py']
[0.644s] Level 1:colcon.colcon_core.package_identification:_identify(venv/lib/python3.12/site-packages/pip/_internal/distributions) by extension 'python_setup_py'
[0.644s] Level 1:colcon.colcon_core.package_identification:_identify(venv/lib/python3.12/site-packages/pip/_internal/distributions/__pycache__) by extensions ['ignore', 'ignore_ament_install']
[0.644s] Level 1:colcon.colcon_core.package_identification:_identify(venv/lib/python3.12/site-packages/pip/_internal/distributions/__pycache__) by extension 'ignore'
[0.644s] Level 1:colcon.colcon_core.package_identification:_identify(venv/lib/python3.12/site-packages/pip/_internal/distributions/__pycache__) by extension 'ignore_ament_install'
[0.644s] Level 1:colcon.colcon_core.package_identification:_identify(venv/lib/python3.12/site-packages/pip/_internal/distributions/__pycache__) by extensions ['colcon_pkg']
[0.644s] Level 1:colcon.colcon_core.package_identification:_identify(venv/lib/python3.12/site-packages/pip/_internal/distributions/__pycache__) by extension 'colcon_pkg'
[0.644s] Level 1:colcon.colcon_core.package_identification:_identify(venv/lib/python3.12/site-packages/pip/_internal/distributions/__pycache__) by extensions ['colcon_meta']
[0.644s] Level 1:colcon.colcon_core.package_identification:_identify(venv/lib/python3.12/site-packages/pip/_internal/distributions/__pycache__) by extension 'colcon_meta'
[0.644s] Level 1:colcon.colcon_core.package_identification:_identify(venv/lib/python3.12/site-packages/pip/_internal/distributions/__pycache__) by extensions ['ros']
[0.645s] Level 1:colcon.colcon_core.package_identification:_identify(venv/lib/python3.12/site-packages/pip/_internal/distributions/__pycache__) by extension 'ros'
[0.645s] Level 1:colcon.colcon_core.package_identification:_identify(venv/lib/python3.12/site-packages/pip/_internal/distributions/__pycache__) by extensions ['cmake', 'python']
[0.645s] Level 1:colcon.colcon_core.package_identification:_identify(venv/lib/python3.12/site-packages/pip/_internal/distributions/__pycache__) by extension 'cmake'
[0.645s] Level 1:colcon.colcon_core.package_identification:_identify(venv/lib/python3.12/site-packages/pip/_internal/distributions/__pycache__) by extension 'python'
[0.645s] Level 1:colcon.colcon_core.package_identification:_identify(venv/lib/python3.12/site-packages/pip/_internal/distributions/__pycache__) by extensions ['python_setup_py']
[0.645s] Level 1:colcon.colcon_core.package_identification:_identify(venv/lib/python3.12/site-packages/pip/_internal/distributions/__pycache__) by extension 'python_setup_py'
[0.645s] Level 1:colcon.colcon_core.package_identification:_identify(venv/lib/python3.12/site-packages/pip/_internal/index) by extensions ['ignore', 'ignore_ament_install']
[0.645s] Level 1:colcon.colcon_core.package_identification:_identify(venv/lib/python3.12/site-packages/pip/_internal/index) by extension 'ignore'
[0.645s] Level 1:colcon.colcon_core.package_identification:_identify(venv/lib/python3.12/site-packages/pip/_internal/index) by extension 'ignore_ament_install'
[0.645s] Level 1:colcon.colcon_core.package_identification:_identify(venv/lib/python3.12/site-packages/pip/_internal/index) by extensions ['colcon_pkg']
[0.645s] Level 1:colcon.colcon_core.package_identification:_identify(venv/lib/python3.12/site-packages/pip/_internal/index) by extension 'colcon_pkg'
[0.645s] Level 1:colcon.colcon_core.package_identification:_identify(venv/lib/python3.12/site-packages/pip/_internal/index) by extensions ['colcon_meta']
[0.645s] Level 1:colcon.colcon_core.package_identification:_identify(venv/lib/python3.12/site-packages/pip/_internal/index) by extension 'colcon_meta'
[0.645s] Level 1:colcon.colcon_core.package_identification:_identify(venv/lib/python3.12/site-packages/pip/_internal/index) by extensions ['ros']
[0.645s] Level 1:colcon.colcon_core.package_identification:_identify(venv/lib/python3.12/site-packages/pip/_internal/index) by extension 'ros'
[0.645s] Level 1:colcon.colcon_core.package_identification:_identify(venv/lib/python3.12/site-packages/pip/_internal/index) by extensions ['cmake', 'python']
[0.646s] Level 1:colcon.colcon_core.package_identification:_identify(venv/lib/python3.12/site-packages/pip/_internal/index) by extension 'cmake'
[0.646s] Level 1:colcon.colcon_core.package_identification:_identify(venv/lib/python3.12/site-packages/pip/_internal/index) by extension 'python'
[0.646s] Level 1:colcon.colcon_core.package_identification:_identify(venv/lib/python3.12/site-packages/pip/_internal/index) by extensions ['python_setup_py']
[0.646s] Level 1:colcon.colcon_core.package_identification:_identify(venv/lib/python3.12/site-packages/pip/_internal/index) by extension 'python_setup_py'
[0.646s] Level 1:colcon.colcon_core.package_identification:_identify(venv/lib/python3.12/site-packages/pip/_internal/index/__pycache__) by extensions ['ignore', 'ignore_ament_install']
[0.646s] Level 1:colcon.colcon_core.package_identification:_identify(venv/lib/python3.12/site-packages/pip/_internal/index/__pycache__) by extension 'ignore'
[0.646s] Level 1:colcon.colcon_core.package_identification:_identify(venv/lib/python3.12/site-packages/pip/_internal/index/__pycache__) by extension 'ignore_ament_install'
[0.646s] Level 1:colcon.colcon_core.package_identification:_identify(venv/lib/python3.12/site-packages/pip/_internal/index/__pycache__) by extensions ['colcon_pkg']
[0.646s] Level 1:colcon.colcon_core.package_identification:_identify(venv/lib/python3.12/site-packages/pip/_internal/index/__pycache__) by extension 'colcon_pkg'
[0.646s] Level 1:colcon.colcon_core.package_identification:_identify(venv/lib/python3.12/site-packages/pip/_internal/index/__pycache__) by extensions ['colcon_meta']
[0.646s] Level 1:colcon.colcon_core.package_identification:_identify(venv/lib/python3.12/site-packages/pip/_internal/index/__pycache__) by extension 'colcon_meta'
[0.646s] Level 1:colcon.colcon_core.package_identification:_identify(venv/lib/python3.12/site-packages/pip/_internal/index/__pycache__) by extensions ['ros']
[0.646s] Level 1:colcon.colcon_core.package_identification:_identify(venv/lib/python3.12/site-packages/pip/_internal/index/__pycache__) by extension 'ros'
[0.646s] Level 1:colcon.colcon_core.package_identification:_identify(venv/lib/python3.12/site-packages/pip/_internal/index/__pycache__) by extensions ['cmake', 'python']
[0.646s] Level 1:colcon.colcon_core.package_identification:_identify(venv/lib/python3.12/site-packages/pip/_internal/index/__pycache__) by extension 'cmake'
[0.646s] Level 1:colcon.colcon_core.package_identification:_identify(venv/lib/python3.12/site-packages/pip/_internal/index/__pycache__) by extension 'python'
[0.646s] Level 1:colcon.colcon_core.package_identification:_identify(venv/lib/python3.12/site-packages/pip/_internal/index/__pycache__) by extensions ['python_setup_py']
[0.647s] Level 1:colcon.colcon_core.package_identification:_identify(venv/lib/python3.12/site-packages/pip/_internal/index/__pycache__) by extension 'python_setup_py'
[0.647s] Level 1:colcon.colcon_core.package_identification:_identify(venv/lib/python3.12/site-packages/pip/_internal/locations) by extensions ['ignore', 'ignore_ament_install']
[0.647s] Level 1:colcon.colcon_core.package_identification:_identify(venv/lib/python3.12/site-packages/pip/_internal/locations) by extension 'ignore'
[0.647s] Level 1:colcon.colcon_core.package_identification:_identify(venv/lib/python3.12/site-packages/pip/_internal/locations) by extension 'ignore_ament_install'
[0.647s] Level 1:colcon.colcon_core.package_identification:_identify(venv/lib/python3.12/site-packages/pip/_internal/locations) by extensions ['colcon_pkg']
[0.647s] Level 1:colcon.colcon_core.package_identification:_identify(venv/lib/python3.12/site-packages/pip/_internal/locations) by extension 'colcon_pkg'
[0.647s] Level 1:colcon.colcon_core.package_identification:_identify(venv/lib/python3.12/site-packages/pip/_internal/locations) by extensions ['colcon_meta']
[0.647s] Level 1:colcon.colcon_core.package_identification:_identify(venv/lib/python3.12/site-packages/pip/_internal/locations) by extension 'colcon_meta'
[0.647s] Level 1:colcon.colcon_core.package_identification:_identify(venv/lib/python3.12/site-packages/pip/_internal/locations) by extensions ['ros']
[0.647s] Level 1:colcon.colcon_core.package_identification:_identify(venv/lib/python3.12/site-packages/pip/_internal/locations) by extension 'ros'
[0.647s] Level 1:colcon.colcon_core.package_identification:_identify(venv/lib/python3.12/site-packages/pip/_internal/locations) by extensions ['cmake', 'python']
[0.647s] Level 1:colcon.colcon_core.package_identification:_identify(venv/lib/python3.12/site-packages/pip/_internal/locations) by extension 'cmake'
[0.647s] Level 1:colcon.colcon_core.package_identification:_identify(venv/lib/python3.12/site-packages/pip/_internal/locations) by extension 'python'
[0.647s] Level 1:colcon.colcon_core.package_identification:_identify(venv/lib/python3.12/site-packages/pip/_internal/locations) by extensions ['python_setup_py']
[0.647s] Level 1:colcon.colcon_core.package_identification:_identify(venv/lib/python3.12/site-packages/pip/_internal/locations) by extension 'python_setup_py'
[0.647s] Level 1:colcon.colcon_core.package_identification:_identify(venv/lib/python3.12/site-packages/pip/_internal/locations/__pycache__) by extensions ['ignore', 'ignore_ament_install']
[0.648s] Level 1:colcon.colcon_core.package_identification:_identify(venv/lib/python3.12/site-packages/pip/_internal/locations/__pycache__) by extension 'ignore'
[0.648s] Level 1:colcon.colcon_core.package_identification:_identify(venv/lib/python3.12/site-packages/pip/_internal/locations/__pycache__) by extension 'ignore_ament_install'
[0.648s] Level 1:colcon.colcon_core.package_identification:_identify(venv/lib/python3.12/site-packages/pip/_internal/locations/__pycache__) by extensions ['colcon_pkg']
[0.648s] Level 1:colcon.colcon_core.package_identification:_identify(venv/lib/python3.12/site-packages/pip/_internal/locations/__pycache__) by extension 'colcon_pkg'
[0.648s] Level 1:colcon.colcon_core.package_identification:_identify(venv/lib/python3.12/site-packages/pip/_internal/locations/__pycache__) by extensions ['colcon_meta']
[0.648s] Level 1:colcon.colcon_core.package_identification:_identify(venv/lib/python3.12/site-packages/pip/_internal/locations/__pycache__) by extension 'colcon_meta'
[0.648s] Level 1:colcon.colcon_core.package_identification:_identify(venv/lib/python3.12/site-packages/pip/_internal/locations/__pycache__) by extensions ['ros']
[0.648s] Level 1:colcon.colcon_core.package_identification:_identify(venv/lib/python3.12/site-packages/pip/_internal/locations/__pycache__) by extension 'ros'
[0.648s] Level 1:colcon.colcon_core.package_identification:_identify(venv/lib/python3.12/site-packages/pip/_internal/locations/__pycache__) by extensions ['cmake', 'python']
[0.648s] Level 1:colcon.colcon_core.package_identification:_identify(venv/lib/python3.12/site-packages/pip/_internal/locations/__pycache__) by extension 'cmake'
[0.648s] Level 1:colcon.colcon_core.package_identification:_identify(venv/lib/python3.12/site-packages/pip/_internal/locations/__pycache__) by extension 'python'
[0.648s] Level 1:colcon.colcon_core.package_identification:_identify(venv/lib/python3.12/site-packages/pip/_internal/locations/__pycache__) by extensions ['python_setup_py']
[0.648s] Level 1:colcon.colcon_core.package_identification:_identify(venv/lib/python3.12/site-packages/pip/_internal/locations/__pycache__) by extension 'python_setup_py'
[0.648s] Level 1:colcon.colcon_core.package_identification:_identify(venv/lib/python3.12/site-packages/pip/_internal/metadata) by extensions ['ignore', 'ignore_ament_install']
[0.648s] Level 1:colcon.colcon_core.package_identification:_identify(venv/lib/python3.12/site-packages/pip/_internal/metadata) by extension 'ignore'
[0.648s] Level 1:colcon.colcon_core.package_identification:_identify(venv/lib/python3.12/site-packages/pip/_internal/metadata) by extension 'ignore_ament_install'
[0.649s] Level 1:colcon.colcon_core.package_identification:_identify(venv/lib/python3.12/site-packages/pip/_internal/metadata) by extensions ['colcon_pkg']
[0.649s] Level 1:colcon.colcon_core.package_identification:_identify(venv/lib/python3.12/site-packages/pip/_internal/metadata) by extension 'colcon_pkg'
[0.649s] Level 1:colcon.colcon_core.package_identification:_identify(venv/lib/python3.12/site-packages/pip/_internal/metadata) by extensions ['colcon_meta']
[0.649s] Level 1:colcon.colcon_core.package_identification:_identify(venv/lib/python3.12/site-packages/pip/_internal/metadata) by extension 'colcon_meta'
[0.649s] Level 1:colcon.colcon_core.package_identification:_identify(venv/lib/python3.12/site-packages/pip/_internal/metadata) by extensions ['ros']
[0.649s] Level 1:colcon.colcon_core.package_identification:_identify(venv/lib/python3.12/site-packages/pip/_internal/metadata) by extension 'ros'
[0.649s] Level 1:colcon.colcon_core.package_identification:_identify(venv/lib/python3.12/site-packages/pip/_internal/metadata) by extensions ['cmake', 'python']
[0.649s] Level 1:colcon.colcon_core.package_identification:_identify(venv/lib/python3.12/site-packages/pip/_internal/metadata) by extension 'cmake'
[0.649s] Level 1:colcon.colcon_core.package_identification:_identify(venv/lib/python3.12/site-packages/pip/_internal/metadata) by extension 'python'
[0.649s] Level 1:colcon.colcon_core.package_identification:_identify(venv/lib/python3.12/site-packages/pip/_internal/metadata) by extensions ['python_setup_py']
[0.649s] Level 1:colcon.colcon_core.package_identification:_identify(venv/lib/python3.12/site-packages/pip/_internal/metadata) by extension 'python_setup_py'
[0.649s] Level 1:colcon.colcon_core.package_identification:_identify(venv/lib/python3.12/site-packages/pip/_internal/metadata/__pycache__) by extensions ['ignore', 'ignore_ament_install']
[0.649s] Level 1:colcon.colcon_core.package_identification:_identify(venv/lib/python3.12/site-packages/pip/_internal/metadata/__pycache__) by extension 'ignore'
[0.649s] Level 1:colcon.colcon_core.package_identification:_identify(venv/lib/python3.12/site-packages/pip/_internal/metadata/__pycache__) by extension 'ignore_ament_install'
[0.649s] Level 1:colcon.colcon_core.package_identification:_identify(venv/lib/python3.12/site-packages/pip/_internal/metadata/__pycache__) by extensions ['colcon_pkg']
[0.649s] Level 1:colcon.colcon_core.package_identification:_identify(venv/lib/python3.12/site-packages/pip/_internal/metadata/__pycache__) by extension 'colcon_pkg'
[0.649s] Level 1:colcon.colcon_core.package_identification:_identify(venv/lib/python3.12/site-packages/pip/_internal/metadata/__pycache__) by extensions ['colcon_meta']
[0.650s] Level 1:colcon.colcon_core.package_identification:_identify(venv/lib/python3.12/site-packages/pip/_internal/metadata/__pycache__) by extension 'colcon_meta'
[0.650s] Level 1:colcon.colcon_core.package_identification:_identify(venv/lib/python3.12/site-packages/pip/_internal/metadata/__pycache__) by extensions ['ros']
[0.650s] Level 1:colcon.colcon_core.package_identification:_identify(venv/lib/python3.12/site-packages/pip/_internal/metadata/__pycache__) by extension 'ros'
[0.650s] Level 1:colcon.colcon_core.package_identification:_identify(venv/lib/python3.12/site-packages/pip/_internal/metadata/__pycache__) by extensions ['cmake', 'python']
[0.650s] Level 1:colcon.colcon_core.package_identification:_identify(venv/lib/python3.12/site-packages/pip/_internal/metadata/__pycache__) by extension 'cmake'
[0.650s] Level 1:colcon.colcon_core.package_identification:_identify(venv/lib/python3.12/site-packages/pip/_internal/metadata/__pycache__) by extension 'python'
[0.650s] Level 1:colcon.colcon_core.package_identification:_identify(venv/lib/python3.12/site-packages/pip/_internal/metadata/__pycache__) by extensions ['python_setup_py']
[0.650s] Level 1:colcon.colcon_core.package_identification:_identify(venv/lib/python3.12/site-packages/pip/_internal/metadata/__pycache__) by extension 'python_setup_py'
[0.650s] Level 1:colcon.colcon_core.package_identification:_identify(venv/lib/python3.12/site-packages/pip/_internal/metadata/importlib) by extensions ['ignore', 'ignore_ament_install']
[0.650s] Level 1:colcon.colcon_core.package_identification:_identify(venv/lib/python3.12/site-packages/pip/_internal/metadata/importlib) by extension 'ignore'
[0.650s] Level 1:colcon.colcon_core.package_identification:_identify(venv/lib/python3.12/site-packages/pip/_internal/metadata/importlib) by extension 'ignore_ament_install'
[0.650s] Level 1:colcon.colcon_core.package_identification:_identify(venv/lib/python3.12/site-packages/pip/_internal/metadata/importlib) by extensions ['colcon_pkg']
[0.650s] Level 1:colcon.colcon_core.package_identification:_identify(venv/lib/python3.12/site-packages/pip/_internal/metadata/importlib) by extension 'colcon_pkg'
[0.650s] Level 1:colcon.colcon_core.package_identification:_identify(venv/lib/python3.12/site-packages/pip/_internal/metadata/importlib) by extensions ['colcon_meta']
[0.650s] Level 1:colcon.colcon_core.package_identification:_identify(venv/lib/python3.12/site-packages/pip/_internal/metadata/importlib) by extension 'colcon_meta'
[0.650s] Level 1:colcon.colcon_core.package_identification:_identify(venv/lib/python3.12/site-packages/pip/_internal/metadata/importlib) by extensions ['ros']
[0.650s] Level 1:colcon.colcon_core.package_identification:_identify(venv/lib/python3.12/site-packages/pip/_internal/metadata/importlib) by extension 'ros'
[0.651s] Level 1:colcon.colcon_core.package_identification:_identify(venv/lib/python3.12/site-packages/pip/_internal/metadata/importlib) by extensions ['cmake', 'python']
[0.651s] Level 1:colcon.colcon_core.package_identification:_identify(venv/lib/python3.12/site-packages/pip/_internal/metadata/importlib) by extension 'cmake'
[0.651s] Level 1:colcon.colcon_core.package_identification:_identify(venv/lib/python3.12/site-packages/pip/_internal/metadata/importlib) by extension 'python'
[0.651s] Level 1:colcon.colcon_core.package_identification:_identify(venv/lib/python3.12/site-packages/pip/_internal/metadata/importlib) by extensions ['python_setup_py']
[0.651s] Level 1:colcon.colcon_core.package_identification:_identify(venv/lib/python3.12/site-packages/pip/_internal/metadata/importlib) by extension 'python_setup_py'
[0.651s] Level 1:colcon.colcon_core.package_identification:_identify(venv/lib/python3.12/site-packages/pip/_internal/metadata/importlib/__pycache__) by extensions ['ignore', 'ignore_ament_install']
[0.651s] Level 1:colcon.colcon_core.package_identification:_identify(venv/lib/python3.12/site-packages/pip/_internal/metadata/importlib/__pycache__) by extension 'ignore'
[0.651s] Level 1:colcon.colcon_core.package_identification:_identify(venv/lib/python3.12/site-packages/pip/_internal/metadata/importlib/__pycache__) by extension 'ignore_ament_install'
[0.651s] Level 1:colcon.colcon_core.package_identification:_identify(venv/lib/python3.12/site-packages/pip/_internal/metadata/importlib/__pycache__) by extensions ['colcon_pkg']
[0.651s] Level 1:colcon.colcon_core.package_identification:_identify(venv/lib/python3.12/site-packages/pip/_internal/metadata/importlib/__pycache__) by extension 'colcon_pkg'
[0.651s] Level 1:colcon.colcon_core.package_identification:_identify(venv/lib/python3.12/site-packages/pip/_internal/metadata/importlib/__pycache__) by extensions ['colcon_meta']
[0.651s] Level 1:colcon.colcon_core.package_identification:_identify(venv/lib/python3.12/site-packages/pip/_internal/metadata/importlib/__pycache__) by extension 'colcon_meta'
[0.651s] Level 1:colcon.colcon_core.package_identification:_identify(venv/lib/python3.12/site-packages/pip/_internal/metadata/importlib/__pycache__) by extensions ['ros']
[0.651s] Level 1:colcon.colcon_core.package_identification:_identify(venv/lib/python3.12/site-packages/pip/_internal/metadata/importlib/__pycache__) by extension 'ros'
[0.651s] Level 1:colcon.colcon_core.package_identification:_identify(venv/lib/python3.12/site-packages/pip/_internal/metadata/importlib/__pycache__) by extensions ['cmake', 'python']
[0.651s] Level 1:colcon.colcon_core.package_identification:_identify(venv/lib/python3.12/site-packages/pip/_internal/metadata/importlib/__pycache__) by extension 'cmake'
[0.652s] Level 1:colcon.colcon_core.package_identification:_identify(venv/lib/python3.12/site-packages/pip/_internal/metadata/importlib/__pycache__) by extension 'python'
[0.652s] Level 1:colcon.colcon_core.package_identification:_identify(venv/lib/python3.12/site-packages/pip/_internal/metadata/importlib/__pycache__) by extensions ['python_setup_py']
[0.652s] Level 1:colcon.colcon_core.package_identification:_identify(venv/lib/python3.12/site-packages/pip/_internal/metadata/importlib/__pycache__) by extension 'python_setup_py'
[0.652s] Level 1:colcon.colcon_core.package_identification:_identify(venv/lib/python3.12/site-packages/pip/_internal/models) by extensions ['ignore', 'ignore_ament_install']
[0.652s] Level 1:colcon.colcon_core.package_identification:_identify(venv/lib/python3.12/site-packages/pip/_internal/models) by extension 'ignore'
[0.652s] Level 1:colcon.colcon_core.package_identification:_identify(venv/lib/python3.12/site-packages/pip/_internal/models) by extension 'ignore_ament_install'
[0.652s] Level 1:colcon.colcon_core.package_identification:_identify(venv/lib/python3.12/site-packages/pip/_internal/models) by extensions ['colcon_pkg']
[0.652s] Level 1:colcon.colcon_core.package_identification:_identify(venv/lib/python3.12/site-packages/pip/_internal/models) by extension 'colcon_pkg'
[0.652s] Level 1:colcon.colcon_core.package_identification:_identify(venv/lib/python3.12/site-packages/pip/_internal/models) by extensions ['colcon_meta']
[0.652s] Level 1:colcon.colcon_core.package_identification:_identify(venv/lib/python3.12/site-packages/pip/_internal/models) by extension 'colcon_meta'
[0.652s] Level 1:colcon.colcon_core.package_identification:_identify(venv/lib/python3.12/site-packages/pip/_internal/models) by extensions ['ros']
[0.652s] Level 1:colcon.colcon_core.package_identification:_identify(venv/lib/python3.12/site-packages/pip/_internal/models) by extension 'ros'
[0.652s] Level 1:colcon.colcon_core.package_identification:_identify(venv/lib/python3.12/site-packages/pip/_internal/models) by extensions ['cmake', 'python']
[0.652s] Level 1:colcon.colcon_core.package_identification:_identify(venv/lib/python3.12/site-packages/pip/_internal/models) by extension 'cmake'
[0.652s] Level 1:colcon.colcon_core.package_identification:_identify(venv/lib/python3.12/site-packages/pip/_internal/models) by extension 'python'
[0.652s] Level 1:colcon.colcon_core.package_identification:_identify(venv/lib/python3.12/site-packages/pip/_internal/models) by extensions ['python_setup_py']
[0.652s] Level 1:colcon.colcon_core.package_identification:_identify(venv/lib/python3.12/site-packages/pip/_internal/models) by extension 'python_setup_py'
[0.653s] Level 1:colcon.colcon_core.package_identification:_identify(venv/lib/python3.12/site-packages/pip/_internal/models/__pycache__) by extensions ['ignore', 'ignore_ament_install']
[0.653s] Level 1:colcon.colcon_core.package_identification:_identify(venv/lib/python3.12/site-packages/pip/_internal/models/__pycache__) by extension 'ignore'
[0.653s] Level 1:colcon.colcon_core.package_identification:_identify(venv/lib/python3.12/site-packages/pip/_internal/models/__pycache__) by extension 'ignore_ament_install'
[0.653s] Level 1:colcon.colcon_core.package_identification:_identify(venv/lib/python3.12/site-packages/pip/_internal/models/__pycache__) by extensions ['colcon_pkg']
[0.653s] Level 1:colcon.colcon_core.package_identification:_identify(venv/lib/python3.12/site-packages/pip/_internal/models/__pycache__) by extension 'colcon_pkg'
[0.653s] Level 1:colcon.colcon_core.package_identification:_identify(venv/lib/python3.12/site-packages/pip/_internal/models/__pycache__) by extensions ['colcon_meta']
[0.653s] Level 1:colcon.colcon_core.package_identification:_identify(venv/lib/python3.12/site-packages/pip/_internal/models/__pycache__) by extension 'colcon_meta'
[0.653s] Level 1:colcon.colcon_core.package_identification:_identify(venv/lib/python3.12/site-packages/pip/_internal/models/__pycache__) by extensions ['ros']
[0.653s] Level 1:colcon.colcon_core.package_identification:_identify(venv/lib/python3.12/site-packages/pip/_internal/models/__pycache__) by extension 'ros'
[0.653s] Level 1:colcon.colcon_core.package_identification:_identify(venv/lib/python3.12/site-packages/pip/_internal/models/__pycache__) by extensions ['cmake', 'python']
[0.653s] Level 1:colcon.colcon_core.package_identification:_identify(venv/lib/python3.12/site-packages/pip/_internal/models/__pycache__) by extension 'cmake'
[0.653s] Level 1:colcon.colcon_core.package_identification:_identify(venv/lib/python3.12/site-packages/pip/_internal/models/__pycache__) by extension 'python'
[0.653s] Level 1:colcon.colcon_core.package_identification:_identify(venv/lib/python3.12/site-packages/pip/_internal/models/__pycache__) by extensions ['python_setup_py']
[0.653s] Level 1:colcon.colcon_core.package_identification:_identify(venv/lib/python3.12/site-packages/pip/_internal/models/__pycache__) by extension 'python_setup_py'
[0.653s] Level 1:colcon.colcon_core.package_identification:_identify(venv/lib/python3.12/site-packages/pip/_internal/network) by extensions ['ignore', 'ignore_ament_install']
[0.654s] Level 1:colcon.colcon_core.package_identification:_identify(venv/lib/python3.12/site-packages/pip/_internal/network) by extension 'ignore'
[0.654s] Level 1:colcon.colcon_core.package_identification:_identify(venv/lib/python3.12/site-packages/pip/_internal/network) by extension 'ignore_ament_install'
[0.654s] Level 1:colcon.colcon_core.package_identification:_identify(venv/lib/python3.12/site-packages/pip/_internal/network) by extensions ['colcon_pkg']
[0.654s] Level 1:colcon.colcon_core.package_identification:_identify(venv/lib/python3.12/site-packages/pip/_internal/network) by extension 'colcon_pkg'
[0.654s] Level 1:colcon.colcon_core.package_identification:_identify(venv/lib/python3.12/site-packages/pip/_internal/network) by extensions ['colcon_meta']
[0.654s] Level 1:colcon.colcon_core.package_identification:_identify(venv/lib/python3.12/site-packages/pip/_internal/network) by extension 'colcon_meta'
[0.654s] Level 1:colcon.colcon_core.package_identification:_identify(venv/lib/python3.12/site-packages/pip/_internal/network) by extensions ['ros']
[0.654s] Level 1:colcon.colcon_core.package_identification:_identify(venv/lib/python3.12/site-packages/pip/_internal/network) by extension 'ros'
[0.654s] Level 1:colcon.colcon_core.package_identification:_identify(venv/lib/python3.12/site-packages/pip/_internal/network) by extensions ['cmake', 'python']
[0.654s] Level 1:colcon.colcon_core.package_identification:_identify(venv/lib/python3.12/site-packages/pip/_internal/network) by extension 'cmake'
[0.654s] Level 1:colcon.colcon_core.package_identification:_identify(venv/lib/python3.12/site-packages/pip/_internal/network) by extension 'python'
[0.654s] Level 1:colcon.colcon_core.package_identification:_identify(venv/lib/python3.12/site-packages/pip/_internal/network) by extensions ['python_setup_py']
[0.654s] Level 1:colcon.colcon_core.package_identification:_identify(venv/lib/python3.12/site-packages/pip/_internal/network) by extension 'python_setup_py'
[0.654s] Level 1:colcon.colcon_core.package_identification:_identify(venv/lib/python3.12/site-packages/pip/_internal/network/__pycache__) by extensions ['ignore', 'ignore_ament_install']
[0.654s] Level 1:colcon.colcon_core.package_identification:_identify(venv/lib/python3.12/site-packages/pip/_internal/network/__pycache__) by extension 'ignore'
[0.654s] Level 1:colcon.colcon_core.package_identification:_identify(venv/lib/python3.12/site-packages/pip/_internal/network/__pycache__) by extension 'ignore_ament_install'
[0.654s] Level 1:colcon.colcon_core.package_identification:_identify(venv/lib/python3.12/site-packages/pip/_internal/network/__pycache__) by extensions ['colcon_pkg']
[0.655s] Level 1:colcon.colcon_core.package_identification:_identify(venv/lib/python3.12/site-packages/pip/_internal/network/__pycache__) by extension 'colcon_pkg'
[0.655s] Level 1:colcon.colcon_core.package_identification:_identify(venv/lib/python3.12/site-packages/pip/_internal/network/__pycache__) by extensions ['colcon_meta']
[0.655s] Level 1:colcon.colcon_core.package_identification:_identify(venv/lib/python3.12/site-packages/pip/_internal/network/__pycache__) by extension 'colcon_meta'
[0.655s] Level 1:colcon.colcon_core.package_identification:_identify(venv/lib/python3.12/site-packages/pip/_internal/network/__pycache__) by extensions ['ros']
[0.655s] Level 1:colcon.colcon_core.package_identification:_identify(venv/lib/python3.12/site-packages/pip/_internal/network/__pycache__) by extension 'ros'
[0.655s] Level 1:colcon.colcon_core.package_identification:_identify(venv/lib/python3.12/site-packages/pip/_internal/network/__pycache__) by extensions ['cmake', 'python']
[0.655s] Level 1:colcon.colcon_core.package_identification:_identify(venv/lib/python3.12/site-packages/pip/_internal/network/__pycache__) by extension 'cmake'
[0.655s] Level 1:colcon.colcon_core.package_identification:_identify(venv/lib/python3.12/site-packages/pip/_internal/network/__pycache__) by extension 'python'
[0.655s] Level 1:colcon.colcon_core.package_identification:_identify(venv/lib/python3.12/site-packages/pip/_internal/network/__pycache__) by extensions ['python_setup_py']
[0.655s] Level 1:colcon.colcon_core.package_identification:_identify(venv/lib/python3.12/site-packages/pip/_internal/network/__pycache__) by extension 'python_setup_py'
[0.655s] Level 1:colcon.colcon_core.package_identification:_identify(venv/lib/python3.12/site-packages/pip/_internal/operations) by extensions ['ignore', 'ignore_ament_install']
[0.655s] Level 1:colcon.colcon_core.package_identification:_identify(venv/lib/python3.12/site-packages/pip/_internal/operations) by extension 'ignore'
[0.655s] Level 1:colcon.colcon_core.package_identification:_identify(venv/lib/python3.12/site-packages/pip/_internal/operations) by extension 'ignore_ament_install'
[0.655s] Level 1:colcon.colcon_core.package_identification:_identify(venv/lib/python3.12/site-packages/pip/_internal/operations) by extensions ['colcon_pkg']
[0.655s] Level 1:colcon.colcon_core.package_identification:_identify(venv/lib/python3.12/site-packages/pip/_internal/operations) by extension 'colcon_pkg'
[0.655s] Level 1:colcon.colcon_core.package_identification:_identify(venv/lib/python3.12/site-packages/pip/_internal/operations) by extensions ['colcon_meta']
[0.655s] Level 1:colcon.colcon_core.package_identification:_identify(venv/lib/python3.12/site-packages/pip/_internal/operations) by extension 'colcon_meta'
[0.656s] Level 1:colcon.colcon_core.package_identification:_identify(venv/lib/python3.12/site-packages/pip/_internal/operations) by extensions ['ros']
[0.656s] Level 1:colcon.colcon_core.package_identification:_identify(venv/lib/python3.12/site-packages/pip/_internal/operations) by extension 'ros'
[0.656s] Level 1:colcon.colcon_core.package_identification:_identify(venv/lib/python3.12/site-packages/pip/_internal/operations) by extensions ['cmake', 'python']
[0.656s] Level 1:colcon.colcon_core.package_identification:_identify(venv/lib/python3.12/site-packages/pip/_internal/operations) by extension 'cmake'
[0.656s] Level 1:colcon.colcon_core.package_identification:_identify(venv/lib/python3.12/site-packages/pip/_internal/operations) by extension 'python'
[0.656s] Level 1:colcon.colcon_core.package_identification:_identify(venv/lib/python3.12/site-packages/pip/_internal/operations) by extensions ['python_setup_py']
[0.656s] Level 1:colcon.colcon_core.package_identification:_identify(venv/lib/python3.12/site-packages/pip/_internal/operations) by extension 'python_setup_py'
[0.656s] Level 1:colcon.colcon_core.package_identification:_identify(venv/lib/python3.12/site-packages/pip/_internal/operations/__pycache__) by extensions ['ignore', 'ignore_ament_install']
[0.656s] Level 1:colcon.colcon_core.package_identification:_identify(venv/lib/python3.12/site-packages/pip/_internal/operations/__pycache__) by extension 'ignore'
[0.656s] Level 1:colcon.colcon_core.package_identification:_identify(venv/lib/python3.12/site-packages/pip/_internal/operations/__pycache__) by extension 'ignore_ament_install'
[0.656s] Level 1:colcon.colcon_core.package_identification:_identify(venv/lib/python3.12/site-packages/pip/_internal/operations/__pycache__) by extensions ['colcon_pkg']
[0.656s] Level 1:colcon.colcon_core.package_identification:_identify(venv/lib/python3.12/site-packages/pip/_internal/operations/__pycache__) by extension 'colcon_pkg'
[0.656s] Level 1:colcon.colcon_core.package_identification:_identify(venv/lib/python3.12/site-packages/pip/_internal/operations/__pycache__) by extensions ['colcon_meta']
[0.656s] Level 1:colcon.colcon_core.package_identification:_identify(venv/lib/python3.12/site-packages/pip/_internal/operations/__pycache__) by extension 'colcon_meta'
[0.656s] Level 1:colcon.colcon_core.package_identification:_identify(venv/lib/python3.12/site-packages/pip/_internal/operations/__pycache__) by extensions ['ros']
[0.656s] Level 1:colcon.colcon_core.package_identification:_identify(venv/lib/python3.12/site-packages/pip/_internal/operations/__pycache__) by extension 'ros'
[0.656s] Level 1:colcon.colcon_core.package_identification:_identify(venv/lib/python3.12/site-packages/pip/_internal/operations/__pycache__) by extensions ['cmake', 'python']
[0.657s] Level 1:colcon.colcon_core.package_identification:_identify(venv/lib/python3.12/site-packages/pip/_internal/operations/__pycache__) by extension 'cmake'
[0.657s] Level 1:colcon.colcon_core.package_identification:_identify(venv/lib/python3.12/site-packages/pip/_internal/operations/__pycache__) by extension 'python'
[0.657s] Level 1:colcon.colcon_core.package_identification:_identify(venv/lib/python3.12/site-packages/pip/_internal/operations/__pycache__) by extensions ['python_setup_py']
[0.657s] Level 1:colcon.colcon_core.package_identification:_identify(venv/lib/python3.12/site-packages/pip/_internal/operations/__pycache__) by extension 'python_setup_py'
[0.657s] Level 1:colcon.colcon_core.package_identification:_identify(venv/lib/python3.12/site-packages/pip/_internal/operations/build) by extensions ['ignore', 'ignore_ament_install']
[0.657s] Level 1:colcon.colcon_core.package_identification:_identify(venv/lib/python3.12/site-packages/pip/_internal/operations/build) by extension 'ignore'
[0.657s] Level 1:colcon.colcon_core.package_identification:_identify(venv/lib/python3.12/site-packages/pip/_internal/operations/build) by extension 'ignore_ament_install'
[0.657s] Level 1:colcon.colcon_core.package_identification:_identify(venv/lib/python3.12/site-packages/pip/_internal/operations/build) by extensions ['colcon_pkg']
[0.657s] Level 1:colcon.colcon_core.package_identification:_identify(venv/lib/python3.12/site-packages/pip/_internal/operations/build) by extension 'colcon_pkg'
[0.657s] Level 1:colcon.colcon_core.package_identification:_identify(venv/lib/python3.12/site-packages/pip/_internal/operations/build) by extensions ['colcon_meta']
[0.657s] Level 1:colcon.colcon_core.package_identification:_identify(venv/lib/python3.12/site-packages/pip/_internal/operations/build) by extension 'colcon_meta'
[0.657s] Level 1:colcon.colcon_core.package_identification:_identify(venv/lib/python3.12/site-packages/pip/_internal/operations/build) by extensions ['ros']
[0.657s] Level 1:colcon.colcon_core.package_identification:_identify(venv/lib/python3.12/site-packages/pip/_internal/operations/build) by extension 'ros'
[0.657s] Level 1:colcon.colcon_core.package_identification:_identify(venv/lib/python3.12/site-packages/pip/_internal/operations/build) by extensions ['cmake', 'python']
[0.657s] Level 1:colcon.colcon_core.package_identification:_identify(venv/lib/python3.12/site-packages/pip/_internal/operations/build) by extension 'cmake'
[0.657s] Level 1:colcon.colcon_core.package_identification:_identify(venv/lib/python3.12/site-packages/pip/_internal/operations/build) by extension 'python'
[0.657s] Level 1:colcon.colcon_core.package_identification:_identify(venv/lib/python3.12/site-packages/pip/_internal/operations/build) by extensions ['python_setup_py']
[0.658s] Level 1:colcon.colcon_core.package_identification:_identify(venv/lib/python3.12/site-packages/pip/_internal/operations/build) by extension 'python_setup_py'
[0.658s] Level 1:colcon.colcon_core.package_identification:_identify(venv/lib/python3.12/site-packages/pip/_internal/operations/build/__pycache__) by extensions ['ignore', 'ignore_ament_install']
[0.658s] Level 1:colcon.colcon_core.package_identification:_identify(venv/lib/python3.12/site-packages/pip/_internal/operations/build/__pycache__) by extension 'ignore'
[0.658s] Level 1:colcon.colcon_core.package_identification:_identify(venv/lib/python3.12/site-packages/pip/_internal/operations/build/__pycache__) by extension 'ignore_ament_install'
[0.658s] Level 1:colcon.colcon_core.package_identification:_identify(venv/lib/python3.12/site-packages/pip/_internal/operations/build/__pycache__) by extensions ['colcon_pkg']
[0.658s] Level 1:colcon.colcon_core.package_identification:_identify(venv/lib/python3.12/site-packages/pip/_internal/operations/build/__pycache__) by extension 'colcon_pkg'
[0.658s] Level 1:colcon.colcon_core.package_identification:_identify(venv/lib/python3.12/site-packages/pip/_internal/operations/build/__pycache__) by extensions ['colcon_meta']
[0.658s] Level 1:colcon.colcon_core.package_identification:_identify(venv/lib/python3.12/site-packages/pip/_internal/operations/build/__pycache__) by extension 'colcon_meta'
[0.658s] Level 1:colcon.colcon_core.package_identification:_identify(venv/lib/python3.12/site-packages/pip/_internal/operations/build/__pycache__) by extensions ['ros']
[0.658s] Level 1:colcon.colcon_core.package_identification:_identify(venv/lib/python3.12/site-packages/pip/_internal/operations/build/__pycache__) by extension 'ros'
[0.658s] Level 1:colcon.colcon_core.package_identification:_identify(venv/lib/python3.12/site-packages/pip/_internal/operations/build/__pycache__) by extensions ['cmake', 'python']
[0.658s] Level 1:colcon.colcon_core.package_identification:_identify(venv/lib/python3.12/site-packages/pip/_internal/operations/build/__pycache__) by extension 'cmake'
[0.658s] Level 1:colcon.colcon_core.package_identification:_identify(venv/lib/python3.12/site-packages/pip/_internal/operations/build/__pycache__) by extension 'python'
[0.658s] Level 1:colcon.colcon_core.package_identification:_identify(venv/lib/python3.12/site-packages/pip/_internal/operations/build/__pycache__) by extensions ['python_setup_py']
[0.658s] Level 1:colcon.colcon_core.package_identification:_identify(venv/lib/python3.12/site-packages/pip/_internal/operations/build/__pycache__) by extension 'python_setup_py'
[0.658s] Level 1:colcon.colcon_core.package_identification:_identify(venv/lib/python3.12/site-packages/pip/_internal/operations/install) by extensions ['ignore', 'ignore_ament_install']
[0.659s] Level 1:colcon.colcon_core.package_identification:_identify(venv/lib/python3.12/site-packages/pip/_internal/operations/install) by extension 'ignore'
[0.659s] Level 1:colcon.colcon_core.package_identification:_identify(venv/lib/python3.12/site-packages/pip/_internal/operations/install) by extension 'ignore_ament_install'
[0.659s] Level 1:colcon.colcon_core.package_identification:_identify(venv/lib/python3.12/site-packages/pip/_internal/operations/install) by extensions ['colcon_pkg']
[0.659s] Level 1:colcon.colcon_core.package_identification:_identify(venv/lib/python3.12/site-packages/pip/_internal/operations/install) by extension 'colcon_pkg'
[0.659s] Level 1:colcon.colcon_core.package_identification:_identify(venv/lib/python3.12/site-packages/pip/_internal/operations/install) by extensions ['colcon_meta']
[0.659s] Level 1:colcon.colcon_core.package_identification:_identify(venv/lib/python3.12/site-packages/pip/_internal/operations/install) by extension 'colcon_meta'
[0.659s] Level 1:colcon.colcon_core.package_identification:_identify(venv/lib/python3.12/site-packages/pip/_internal/operations/install) by extensions ['ros']
[0.659s] Level 1:colcon.colcon_core.package_identification:_identify(venv/lib/python3.12/site-packages/pip/_internal/operations/install) by extension 'ros'
[0.659s] Level 1:colcon.colcon_core.package_identification:_identify(venv/lib/python3.12/site-packages/pip/_internal/operations/install) by extensions ['cmake', 'python']
[0.659s] Level 1:colcon.colcon_core.package_identification:_identify(venv/lib/python3.12/site-packages/pip/_internal/operations/install) by extension 'cmake'
[0.659s] Level 1:colcon.colcon_core.package_identification:_identify(venv/lib/python3.12/site-packages/pip/_internal/operations/install) by extension 'python'
[0.659s] Level 1:colcon.colcon_core.package_identification:_identify(venv/lib/python3.12/site-packages/pip/_internal/operations/install) by extensions ['python_setup_py']
[0.659s] Level 1:colcon.colcon_core.package_identification:_identify(venv/lib/python3.12/site-packages/pip/_internal/operations/install) by extension 'python_setup_py'
[0.659s] Level 1:colcon.colcon_core.package_identification:_identify(venv/lib/python3.12/site-packages/pip/_internal/operations/install/__pycache__) by extensions ['ignore', 'ignore_ament_install']
[0.659s] Level 1:colcon.colcon_core.package_identification:_identify(venv/lib/python3.12/site-packages/pip/_internal/operations/install/__pycache__) by extension 'ignore'
[0.660s] Level 1:colcon.colcon_core.package_identification:_identify(venv/lib/python3.12/site-packages/pip/_internal/operations/install/__pycache__) by extension 'ignore_ament_install'
[0.660s] Level 1:colcon.colcon_core.package_identification:_identify(venv/lib/python3.12/site-packages/pip/_internal/operations/install/__pycache__) by extensions ['colcon_pkg']
[0.660s] Level 1:colcon.colcon_core.package_identification:_identify(venv/lib/python3.12/site-packages/pip/_internal/operations/install/__pycache__) by extension 'colcon_pkg'
[0.660s] Level 1:colcon.colcon_core.package_identification:_identify(venv/lib/python3.12/site-packages/pip/_internal/operations/install/__pycache__) by extensions ['colcon_meta']
[0.660s] Level 1:colcon.colcon_core.package_identification:_identify(venv/lib/python3.12/site-packages/pip/_internal/operations/install/__pycache__) by extension 'colcon_meta'
[0.660s] Level 1:colcon.colcon_core.package_identification:_identify(venv/lib/python3.12/site-packages/pip/_internal/operations/install/__pycache__) by extensions ['ros']
[0.660s] Level 1:colcon.colcon_core.package_identification:_identify(venv/lib/python3.12/site-packages/pip/_internal/operations/install/__pycache__) by extension 'ros'
[0.660s] Level 1:colcon.colcon_core.package_identification:_identify(venv/lib/python3.12/site-packages/pip/_internal/operations/install/__pycache__) by extensions ['cmake', 'python']
[0.660s] Level 1:colcon.colcon_core.package_identification:_identify(venv/lib/python3.12/site-packages/pip/_internal/operations/install/__pycache__) by extension 'cmake'
[0.660s] Level 1:colcon.colcon_core.package_identification:_identify(venv/lib/python3.12/site-packages/pip/_internal/operations/install/__pycache__) by extension 'python'
[0.660s] Level 1:colcon.colcon_core.package_identification:_identify(venv/lib/python3.12/site-packages/pip/_internal/operations/install/__pycache__) by extensions ['python_setup_py']
[0.660s] Level 1:colcon.colcon_core.package_identification:_identify(venv/lib/python3.12/site-packages/pip/_internal/operations/install/__pycache__) by extension 'python_setup_py'
[0.660s] Level 1:colcon.colcon_core.package_identification:_identify(venv/lib/python3.12/site-packages/pip/_internal/req) by extensions ['ignore', 'ignore_ament_install']
[0.660s] Level 1:colcon.colcon_core.package_identification:_identify(venv/lib/python3.12/site-packages/pip/_internal/req) by extension 'ignore'
[0.660s] Level 1:colcon.colcon_core.package_identification:_identify(venv/lib/python3.12/site-packages/pip/_internal/req) by extension 'ignore_ament_install'
[0.660s] Level 1:colcon.colcon_core.package_identification:_identify(venv/lib/python3.12/site-packages/pip/_internal/req) by extensions ['colcon_pkg']
[0.660s] Level 1:colcon.colcon_core.package_identification:_identify(venv/lib/python3.12/site-packages/pip/_internal/req) by extension 'colcon_pkg'
[0.661s] Level 1:colcon.colcon_core.package_identification:_identify(venv/lib/python3.12/site-packages/pip/_internal/req) by extensions ['colcon_meta']
[0.661s] Level 1:colcon.colcon_core.package_identification:_identify(venv/lib/python3.12/site-packages/pip/_internal/req) by extension 'colcon_meta'
[0.661s] Level 1:colcon.colcon_core.package_identification:_identify(venv/lib/python3.12/site-packages/pip/_internal/req) by extensions ['ros']
[0.661s] Level 1:colcon.colcon_core.package_identification:_identify(venv/lib/python3.12/site-packages/pip/_internal/req) by extension 'ros'
[0.661s] Level 1:colcon.colcon_core.package_identification:_identify(venv/lib/python3.12/site-packages/pip/_internal/req) by extensions ['cmake', 'python']
[0.661s] Level 1:colcon.colcon_core.package_identification:_identify(venv/lib/python3.12/site-packages/pip/_internal/req) by extension 'cmake'
[0.661s] Level 1:colcon.colcon_core.package_identification:_identify(venv/lib/python3.12/site-packages/pip/_internal/req) by extension 'python'
[0.661s] Level 1:colcon.colcon_core.package_identification:_identify(venv/lib/python3.12/site-packages/pip/_internal/req) by extensions ['python_setup_py']
[0.661s] Level 1:colcon.colcon_core.package_identification:_identify(venv/lib/python3.12/site-packages/pip/_internal/req) by extension 'python_setup_py'
[0.661s] Level 1:colcon.colcon_core.package_identification:_identify(venv/lib/python3.12/site-packages/pip/_internal/req/__pycache__) by extensions ['ignore', 'ignore_ament_install']
[0.661s] Level 1:colcon.colcon_core.package_identification:_identify(venv/lib/python3.12/site-packages/pip/_internal/req/__pycache__) by extension 'ignore'
[0.661s] Level 1:colcon.colcon_core.package_identification:_identify(venv/lib/python3.12/site-packages/pip/_internal/req/__pycache__) by extension 'ignore_ament_install'
[0.661s] Level 1:colcon.colcon_core.package_identification:_identify(venv/lib/python3.12/site-packages/pip/_internal/req/__pycache__) by extensions ['colcon_pkg']
[0.661s] Level 1:colcon.colcon_core.package_identification:_identify(venv/lib/python3.12/site-packages/pip/_internal/req/__pycache__) by extension 'colcon_pkg'
[0.661s] Level 1:colcon.colcon_core.package_identification:_identify(venv/lib/python3.12/site-packages/pip/_internal/req/__pycache__) by extensions ['colcon_meta']
[0.661s] Level 1:colcon.colcon_core.package_identification:_identify(venv/lib/python3.12/site-packages/pip/_internal/req/__pycache__) by extension 'colcon_meta'
[0.661s] Level 1:colcon.colcon_core.package_identification:_identify(venv/lib/python3.12/site-packages/pip/_internal/req/__pycache__) by extensions ['ros']
[0.661s] Level 1:colcon.colcon_core.package_identification:_identify(venv/lib/python3.12/site-packages/pip/_internal/req/__pycache__) by extension 'ros'
[0.662s] Level 1:colcon.colcon_core.package_identification:_identify(venv/lib/python3.12/site-packages/pip/_internal/req/__pycache__) by extensions ['cmake', 'python']
[0.662s] Level 1:colcon.colcon_core.package_identification:_identify(venv/lib/python3.12/site-packages/pip/_internal/req/__pycache__) by extension 'cmake'
[0.662s] Level 1:colcon.colcon_core.package_identification:_identify(venv/lib/python3.12/site-packages/pip/_internal/req/__pycache__) by extension 'python'
[0.662s] Level 1:colcon.colcon_core.package_identification:_identify(venv/lib/python3.12/site-packages/pip/_internal/req/__pycache__) by extensions ['python_setup_py']
[0.662s] Level 1:colcon.colcon_core.package_identification:_identify(venv/lib/python3.12/site-packages/pip/_internal/req/__pycache__) by extension 'python_setup_py'
[0.662s] Level 1:colcon.colcon_core.package_identification:_identify(venv/lib/python3.12/site-packages/pip/_internal/resolution) by extensions ['ignore', 'ignore_ament_install']
[0.662s] Level 1:colcon.colcon_core.package_identification:_identify(venv/lib/python3.12/site-packages/pip/_internal/resolution) by extension 'ignore'
[0.662s] Level 1:colcon.colcon_core.package_identification:_identify(venv/lib/python3.12/site-packages/pip/_internal/resolution) by extension 'ignore_ament_install'
[0.662s] Level 1:colcon.colcon_core.package_identification:_identify(venv/lib/python3.12/site-packages/pip/_internal/resolution) by extensions ['colcon_pkg']
[0.662s] Level 1:colcon.colcon_core.package_identification:_identify(venv/lib/python3.12/site-packages/pip/_internal/resolution) by extension 'colcon_pkg'
[0.662s] Level 1:colcon.colcon_core.package_identification:_identify(venv/lib/python3.12/site-packages/pip/_internal/resolution) by extensions ['colcon_meta']
[0.662s] Level 1:colcon.colcon_core.package_identification:_identify(venv/lib/python3.12/site-packages/pip/_internal/resolution) by extension 'colcon_meta'
[0.662s] Level 1:colcon.colcon_core.package_identification:_identify(venv/lib/python3.12/site-packages/pip/_internal/resolution) by extensions ['ros']
[0.662s] Level 1:colcon.colcon_core.package_identification:_identify(venv/lib/python3.12/site-packages/pip/_internal/resolution) by extension 'ros'
[0.662s] Level 1:colcon.colcon_core.package_identification:_identify(venv/lib/python3.12/site-packages/pip/_internal/resolution) by extensions ['cmake', 'python']
[0.662s] Level 1:colcon.colcon_core.package_identification:_identify(venv/lib/python3.12/site-packages/pip/_internal/resolution) by extension 'cmake'
[0.662s] Level 1:colcon.colcon_core.package_identification:_identify(venv/lib/python3.12/site-packages/pip/_internal/resolution) by extension 'python'
[0.663s] Level 1:colcon.colcon_core.package_identification:_identify(venv/lib/python3.12/site-packages/pip/_internal/resolution) by extensions ['python_setup_py']
[0.663s] Level 1:colcon.colcon_core.package_identification:_identify(venv/lib/python3.12/site-packages/pip/_internal/resolution) by extension 'python_setup_py'
[0.663s] Level 1:colcon.colcon_core.package_identification:_identify(venv/lib/python3.12/site-packages/pip/_internal/resolution/__pycache__) by extensions ['ignore', 'ignore_ament_install']
[0.663s] Level 1:colcon.colcon_core.package_identification:_identify(venv/lib/python3.12/site-packages/pip/_internal/resolution/__pycache__) by extension 'ignore'
[0.663s] Level 1:colcon.colcon_core.package_identification:_identify(venv/lib/python3.12/site-packages/pip/_internal/resolution/__pycache__) by extension 'ignore_ament_install'
[0.663s] Level 1:colcon.colcon_core.package_identification:_identify(venv/lib/python3.12/site-packages/pip/_internal/resolution/__pycache__) by extensions ['colcon_pkg']
[0.663s] Level 1:colcon.colcon_core.package_identification:_identify(venv/lib/python3.12/site-packages/pip/_internal/resolution/__pycache__) by extension 'colcon_pkg'
[0.663s] Level 1:colcon.colcon_core.package_identification:_identify(venv/lib/python3.12/site-packages/pip/_internal/resolution/__pycache__) by extensions ['colcon_meta']
[0.663s] Level 1:colcon.colcon_core.package_identification:_identify(venv/lib/python3.12/site-packages/pip/_internal/resolution/__pycache__) by extension 'colcon_meta'
[0.663s] Level 1:colcon.colcon_core.package_identification:_identify(venv/lib/python3.12/site-packages/pip/_internal/resolution/__pycache__) by extensions ['ros']
[0.663s] Level 1:colcon.colcon_core.package_identification:_identify(venv/lib/python3.12/site-packages/pip/_internal/resolution/__pycache__) by extension 'ros'
[0.663s] Level 1:colcon.colcon_core.package_identification:_identify(venv/lib/python3.12/site-packages/pip/_internal/resolution/__pycache__) by extensions ['cmake', 'python']
[0.663s] Level 1:colcon.colcon_core.package_identification:_identify(venv/lib/python3.12/site-packages/pip/_internal/resolution/__pycache__) by extension 'cmake'
[0.663s] Level 1:colcon.colcon_core.package_identification:_identify(venv/lib/python3.12/site-packages/pip/_internal/resolution/__pycache__) by extension 'python'
[0.663s] Level 1:colcon.colcon_core.package_identification:_identify(venv/lib/python3.12/site-packages/pip/_internal/resolution/__pycache__) by extensions ['python_setup_py']
[0.663s] Level 1:colcon.colcon_core.package_identification:_identify(venv/lib/python3.12/site-packages/pip/_internal/resolution/__pycache__) by extension 'python_setup_py'
[0.664s] Level 1:colcon.colcon_core.package_identification:_identify(venv/lib/python3.12/site-packages/pip/_internal/resolution/legacy) by extensions ['ignore', 'ignore_ament_install']
[0.664s] Level 1:colcon.colcon_core.package_identification:_identify(venv/lib/python3.12/site-packages/pip/_internal/resolution/legacy) by extension 'ignore'
[0.664s] Level 1:colcon.colcon_core.package_identification:_identify(venv/lib/python3.12/site-packages/pip/_internal/resolution/legacy) by extension 'ignore_ament_install'
[0.664s] Level 1:colcon.colcon_core.package_identification:_identify(venv/lib/python3.12/site-packages/pip/_internal/resolution/legacy) by extensions ['colcon_pkg']
[0.664s] Level 1:colcon.colcon_core.package_identification:_identify(venv/lib/python3.12/site-packages/pip/_internal/resolution/legacy) by extension 'colcon_pkg'
[0.664s] Level 1:colcon.colcon_core.package_identification:_identify(venv/lib/python3.12/site-packages/pip/_internal/resolution/legacy) by extensions ['colcon_meta']
[0.664s] Level 1:colcon.colcon_core.package_identification:_identify(venv/lib/python3.12/site-packages/pip/_internal/resolution/legacy) by extension 'colcon_meta'
[0.664s] Level 1:colcon.colcon_core.package_identification:_identify(venv/lib/python3.12/site-packages/pip/_internal/resolution/legacy) by extensions ['ros']
[0.664s] Level 1:colcon.colcon_core.package_identification:_identify(venv/lib/python3.12/site-packages/pip/_internal/resolution/legacy) by extension 'ros'
[0.664s] Level 1:colcon.colcon_core.package_identification:_identify(venv/lib/python3.12/site-packages/pip/_internal/resolution/legacy) by extensions ['cmake', 'python']
[0.664s] Level 1:colcon.colcon_core.package_identification:_identify(venv/lib/python3.12/site-packages/pip/_internal/resolution/legacy) by extension 'cmake'
[0.664s] Level 1:colcon.colcon_core.package_identification:_identify(venv/lib/python3.12/site-packages/pip/_internal/resolution/legacy) by extension 'python'
[0.664s] Level 1:colcon.colcon_core.package_identification:_identify(venv/lib/python3.12/site-packages/pip/_internal/resolution/legacy) by extensions ['python_setup_py']
[0.664s] Level 1:colcon.colcon_core.package_identification:_identify(venv/lib/python3.12/site-packages/pip/_internal/resolution/legacy) by extension 'python_setup_py'
[0.664s] Level 1:colcon.colcon_core.package_identification:_identify(venv/lib/python3.12/site-packages/pip/_internal/resolution/legacy/__pycache__) by extensions ['ignore', 'ignore_ament_install']
[0.664s] Level 1:colcon.colcon_core.package_identification:_identify(venv/lib/python3.12/site-packages/pip/_internal/resolution/legacy/__pycache__) by extension 'ignore'
[0.665s] Level 1:colcon.colcon_core.package_identification:_identify(venv/lib/python3.12/site-packages/pip/_internal/resolution/legacy/__pycache__) by extension 'ignore_ament_install'
[0.665s] Level 1:colcon.colcon_core.package_identification:_identify(venv/lib/python3.12/site-packages/pip/_internal/resolution/legacy/__pycache__) by extensions ['colcon_pkg']
[0.665s] Level 1:colcon.colcon_core.package_identification:_identify(venv/lib/python3.12/site-packages/pip/_internal/resolution/legacy/__pycache__) by extension 'colcon_pkg'
[0.665s] Level 1:colcon.colcon_core.package_identification:_identify(venv/lib/python3.12/site-packages/pip/_internal/resolution/legacy/__pycache__) by extensions ['colcon_meta']
[0.665s] Level 1:colcon.colcon_core.package_identification:_identify(venv/lib/python3.12/site-packages/pip/_internal/resolution/legacy/__pycache__) by extension 'colcon_meta'
[0.665s] Level 1:colcon.colcon_core.package_identification:_identify(venv/lib/python3.12/site-packages/pip/_internal/resolution/legacy/__pycache__) by extensions ['ros']
[0.665s] Level 1:colcon.colcon_core.package_identification:_identify(venv/lib/python3.12/site-packages/pip/_internal/resolution/legacy/__pycache__) by extension 'ros'
[0.665s] Level 1:colcon.colcon_core.package_identification:_identify(venv/lib/python3.12/site-packages/pip/_internal/resolution/legacy/__pycache__) by extensions ['cmake', 'python']
[0.665s] Level 1:colcon.colcon_core.package_identification:_identify(venv/lib/python3.12/site-packages/pip/_internal/resolution/legacy/__pycache__) by extension 'cmake'
[0.665s] Level 1:colcon.colcon_core.package_identification:_identify(venv/lib/python3.12/site-packages/pip/_internal/resolution/legacy/__pycache__) by extension 'python'
[0.665s] Level 1:colcon.colcon_core.package_identification:_identify(venv/lib/python3.12/site-packages/pip/_internal/resolution/legacy/__pycache__) by extensions ['python_setup_py']
[0.665s] Level 1:colcon.colcon_core.package_identification:_identify(venv/lib/python3.12/site-packages/pip/_internal/resolution/legacy/__pycache__) by extension 'python_setup_py'
[0.665s] Level 1:colcon.colcon_core.package_identification:_identify(venv/lib/python3.12/site-packages/pip/_internal/resolution/resolvelib) by extensions ['ignore', 'ignore_ament_install']
[0.665s] Level 1:colcon.colcon_core.package_identification:_identify(venv/lib/python3.12/site-packages/pip/_internal/resolution/resolvelib) by extension 'ignore'
[0.665s] Level 1:colcon.colcon_core.package_identification:_identify(venv/lib/python3.12/site-packages/pip/_internal/resolution/resolvelib) by extension 'ignore_ament_install'
[0.666s] Level 1:colcon.colcon_core.package_identification:_identify(venv/lib/python3.12/site-packages/pip/_internal/resolution/resolvelib) by extensions ['colcon_pkg']
[0.666s] Level 1:colcon.colcon_core.package_identification:_identify(venv/lib/python3.12/site-packages/pip/_internal/resolution/resolvelib) by extension 'colcon_pkg'
[0.666s] Level 1:colcon.colcon_core.package_identification:_identify(venv/lib/python3.12/site-packages/pip/_internal/resolution/resolvelib) by extensions ['colcon_meta']
[0.666s] Level 1:colcon.colcon_core.package_identification:_identify(venv/lib/python3.12/site-packages/pip/_internal/resolution/resolvelib) by extension 'colcon_meta'
[0.666s] Level 1:colcon.colcon_core.package_identification:_identify(venv/lib/python3.12/site-packages/pip/_internal/resolution/resolvelib) by extensions ['ros']
[0.666s] Level 1:colcon.colcon_core.package_identification:_identify(venv/lib/python3.12/site-packages/pip/_internal/resolution/resolvelib) by extension 'ros'
[0.666s] Level 1:colcon.colcon_core.package_identification:_identify(venv/lib/python3.12/site-packages/pip/_internal/resolution/resolvelib) by extensions ['cmake', 'python']
[0.666s] Level 1:colcon.colcon_core.package_identification:_identify(venv/lib/python3.12/site-packages/pip/_internal/resolution/resolvelib) by extension 'cmake'
[0.666s] Level 1:colcon.colcon_core.package_identification:_identify(venv/lib/python3.12/site-packages/pip/_internal/resolution/resolvelib) by extension 'python'
[0.666s] Level 1:colcon.colcon_core.package_identification:_identify(venv/lib/python3.12/site-packages/pip/_internal/resolution/resolvelib) by extensions ['python_setup_py']
[0.666s] Level 1:colcon.colcon_core.package_identification:_identify(venv/lib/python3.12/site-packages/pip/_internal/resolution/resolvelib) by extension 'python_setup_py'
[0.666s] Level 1:colcon.colcon_core.package_identification:_identify(venv/lib/python3.12/site-packages/pip/_internal/resolution/resolvelib/__pycache__) by extensions ['ignore', 'ignore_ament_install']
[0.666s] Level 1:colcon.colcon_core.package_identification:_identify(venv/lib/python3.12/site-packages/pip/_internal/resolution/resolvelib/__pycache__) by extension 'ignore'
[0.666s] Level 1:colcon.colcon_core.package_identification:_identify(venv/lib/python3.12/site-packages/pip/_internal/resolution/resolvelib/__pycache__) by extension 'ignore_ament_install'
[0.666s] Level 1:colcon.colcon_core.package_identification:_identify(venv/lib/python3.12/site-packages/pip/_internal/resolution/resolvelib/__pycache__) by extensions ['colcon_pkg']
[0.666s] Level 1:colcon.colcon_core.package_identification:_identify(venv/lib/python3.12/site-packages/pip/_internal/resolution/resolvelib/__pycache__) by extension 'colcon_pkg'
[0.666s] Level 1:colcon.colcon_core.package_identification:_identify(venv/lib/python3.12/site-packages/pip/_internal/resolution/resolvelib/__pycache__) by extensions ['colcon_meta']
[0.666s] Level 1:colcon.colcon_core.package_identification:_identify(venv/lib/python3.12/site-packages/pip/_internal/resolution/resolvelib/__pycache__) by extension 'colcon_meta'
[0.667s] Level 1:colcon.colcon_core.package_identification:_identify(venv/lib/python3.12/site-packages/pip/_internal/resolution/resolvelib/__pycache__) by extensions ['ros']
[0.667s] Level 1:colcon.colcon_core.package_identification:_identify(venv/lib/python3.12/site-packages/pip/_internal/resolution/resolvelib/__pycache__) by extension 'ros'
[0.667s] Level 1:colcon.colcon_core.package_identification:_identify(venv/lib/python3.12/site-packages/pip/_internal/resolution/resolvelib/__pycache__) by extensions ['cmake', 'python']
[0.667s] Level 1:colcon.colcon_core.package_identification:_identify(venv/lib/python3.12/site-packages/pip/_internal/resolution/resolvelib/__pycache__) by extension 'cmake'
[0.667s] Level 1:colcon.colcon_core.package_identification:_identify(venv/lib/python3.12/site-packages/pip/_internal/resolution/resolvelib/__pycache__) by extension 'python'
[0.667s] Level 1:colcon.colcon_core.package_identification:_identify(venv/lib/python3.12/site-packages/pip/_internal/resolution/resolvelib/__pycache__) by extensions ['python_setup_py']
[0.667s] Level 1:colcon.colcon_core.package_identification:_identify(venv/lib/python3.12/site-packages/pip/_internal/resolution/resolvelib/__pycache__) by extension 'python_setup_py'
[0.667s] Level 1:colcon.colcon_core.package_identification:_identify(venv/lib/python3.12/site-packages/pip/_internal/utils) by extensions ['ignore', 'ignore_ament_install']
[0.667s] Level 1:colcon.colcon_core.package_identification:_identify(venv/lib/python3.12/site-packages/pip/_internal/utils) by extension 'ignore'
[0.667s] Level 1:colcon.colcon_core.package_identification:_identify(venv/lib/python3.12/site-packages/pip/_internal/utils) by extension 'ignore_ament_install'
[0.667s] Level 1:colcon.colcon_core.package_identification:_identify(venv/lib/python3.12/site-packages/pip/_internal/utils) by extensions ['colcon_pkg']
[0.667s] Level 1:colcon.colcon_core.package_identification:_identify(venv/lib/python3.12/site-packages/pip/_internal/utils) by extension 'colcon_pkg'
[0.667s] Level 1:colcon.colcon_core.package_identification:_identify(venv/lib/python3.12/site-packages/pip/_internal/utils) by extensions ['colcon_meta']
[0.667s] Level 1:colcon.colcon_core.package_identification:_identify(venv/lib/python3.12/site-packages/pip/_internal/utils) by extension 'colcon_meta'
[0.667s] Level 1:colcon.colcon_core.package_identification:_identify(venv/lib/python3.12/site-packages/pip/_internal/utils) by extensions ['ros']
[0.667s] Level 1:colcon.colcon_core.package_identification:_identify(venv/lib/python3.12/site-packages/pip/_internal/utils) by extension 'ros'
[0.668s] Level 1:colcon.colcon_core.package_identification:_identify(venv/lib/python3.12/site-packages/pip/_internal/utils) by extensions ['cmake', 'python']
[0.668s] Level 1:colcon.colcon_core.package_identification:_identify(venv/lib/python3.12/site-packages/pip/_internal/utils) by extension 'cmake'
[0.668s] Level 1:colcon.colcon_core.package_identification:_identify(venv/lib/python3.12/site-packages/pip/_internal/utils) by extension 'python'
[0.668s] Level 1:colcon.colcon_core.package_identification:_identify(venv/lib/python3.12/site-packages/pip/_internal/utils) by extensions ['python_setup_py']
[0.668s] Level 1:colcon.colcon_core.package_identification:_identify(venv/lib/python3.12/site-packages/pip/_internal/utils) by extension 'python_setup_py'
[0.668s] Level 1:colcon.colcon_core.package_identification:_identify(venv/lib/python3.12/site-packages/pip/_internal/utils/__pycache__) by extensions ['ignore', 'ignore_ament_install']
[0.668s] Level 1:colcon.colcon_core.package_identification:_identify(venv/lib/python3.12/site-packages/pip/_internal/utils/__pycache__) by extension 'ignore'
[0.668s] Level 1:colcon.colcon_core.package_identification:_identify(venv/lib/python3.12/site-packages/pip/_internal/utils/__pycache__) by extension 'ignore_ament_install'
[0.668s] Level 1:colcon.colcon_core.package_identification:_identify(venv/lib/python3.12/site-packages/pip/_internal/utils/__pycache__) by extensions ['colcon_pkg']
[0.668s] Level 1:colcon.colcon_core.package_identification:_identify(venv/lib/python3.12/site-packages/pip/_internal/utils/__pycache__) by extension 'colcon_pkg'
[0.668s] Level 1:colcon.colcon_core.package_identification:_identify(venv/lib/python3.12/site-packages/pip/_internal/utils/__pycache__) by extensions ['colcon_meta']
[0.668s] Level 1:colcon.colcon_core.package_identification:_identify(venv/lib/python3.12/site-packages/pip/_internal/utils/__pycache__) by extension 'colcon_meta'
[0.668s] Level 1:colcon.colcon_core.package_identification:_identify(venv/lib/python3.12/site-packages/pip/_internal/utils/__pycache__) by extensions ['ros']
[0.668s] Level 1:colcon.colcon_core.package_identification:_identify(venv/lib/python3.12/site-packages/pip/_internal/utils/__pycache__) by extension 'ros'
[0.668s] Level 1:colcon.colcon_core.package_identification:_identify(venv/lib/python3.12/site-packages/pip/_internal/utils/__pycache__) by extensions ['cmake', 'python']
[0.668s] Level 1:colcon.colcon_core.package_identification:_identify(venv/lib/python3.12/site-packages/pip/_internal/utils/__pycache__) by extension 'cmake'
[0.669s] Level 1:colcon.colcon_core.package_identification:_identify(venv/lib/python3.12/site-packages/pip/_internal/utils/__pycache__) by extension 'python'
[0.669s] Level 1:colcon.colcon_core.package_identification:_identify(venv/lib/python3.12/site-packages/pip/_internal/utils/__pycache__) by extensions ['python_setup_py']
[0.669s] Level 1:colcon.colcon_core.package_identification:_identify(venv/lib/python3.12/site-packages/pip/_internal/utils/__pycache__) by extension 'python_setup_py'
[0.669s] Level 1:colcon.colcon_core.package_identification:_identify(venv/lib/python3.12/site-packages/pip/_internal/vcs) by extensions ['ignore', 'ignore_ament_install']
[0.669s] Level 1:colcon.colcon_core.package_identification:_identify(venv/lib/python3.12/site-packages/pip/_internal/vcs) by extension 'ignore'
[0.669s] Level 1:colcon.colcon_core.package_identification:_identify(venv/lib/python3.12/site-packages/pip/_internal/vcs) by extension 'ignore_ament_install'
[0.669s] Level 1:colcon.colcon_core.package_identification:_identify(venv/lib/python3.12/site-packages/pip/_internal/vcs) by extensions ['colcon_pkg']
[0.669s] Level 1:colcon.colcon_core.package_identification:_identify(venv/lib/python3.12/site-packages/pip/_internal/vcs) by extension 'colcon_pkg'
[0.669s] Level 1:colcon.colcon_core.package_identification:_identify(venv/lib/python3.12/site-packages/pip/_internal/vcs) by extensions ['colcon_meta']
[0.669s] Level 1:colcon.colcon_core.package_identification:_identify(venv/lib/python3.12/site-packages/pip/_internal/vcs) by extension 'colcon_meta'
[0.669s] Level 1:colcon.colcon_core.package_identification:_identify(venv/lib/python3.12/site-packages/pip/_internal/vcs) by extensions ['ros']
[0.669s] Level 1:colcon.colcon_core.package_identification:_identify(venv/lib/python3.12/site-packages/pip/_internal/vcs) by extension 'ros'
[0.669s] Level 1:colcon.colcon_core.package_identification:_identify(venv/lib/python3.12/site-packages/pip/_internal/vcs) by extensions ['cmake', 'python']
[0.669s] Level 1:colcon.colcon_core.package_identification:_identify(venv/lib/python3.12/site-packages/pip/_internal/vcs) by extension 'cmake'
[0.669s] Level 1:colcon.colcon_core.package_identification:_identify(venv/lib/python3.12/site-packages/pip/_internal/vcs) by extension 'python'
[0.669s] Level 1:colcon.colcon_core.package_identification:_identify(venv/lib/python3.12/site-packages/pip/_internal/vcs) by extensions ['python_setup_py']
[0.669s] Level 1:colcon.colcon_core.package_identification:_identify(venv/lib/python3.12/site-packages/pip/_internal/vcs) by extension 'python_setup_py'
[0.670s] Level 1:colcon.colcon_core.package_identification:_identify(venv/lib/python3.12/site-packages/pip/_internal/vcs/__pycache__) by extensions ['ignore', 'ignore_ament_install']
[0.670s] Level 1:colcon.colcon_core.package_identification:_identify(venv/lib/python3.12/site-packages/pip/_internal/vcs/__pycache__) by extension 'ignore'
[0.670s] Level 1:colcon.colcon_core.package_identification:_identify(venv/lib/python3.12/site-packages/pip/_internal/vcs/__pycache__) by extension 'ignore_ament_install'
[0.670s] Level 1:colcon.colcon_core.package_identification:_identify(venv/lib/python3.12/site-packages/pip/_internal/vcs/__pycache__) by extensions ['colcon_pkg']
[0.670s] Level 1:colcon.colcon_core.package_identification:_identify(venv/lib/python3.12/site-packages/pip/_internal/vcs/__pycache__) by extension 'colcon_pkg'
[0.670s] Level 1:colcon.colcon_core.package_identification:_identify(venv/lib/python3.12/site-packages/pip/_internal/vcs/__pycache__) by extensions ['colcon_meta']
[0.670s] Level 1:colcon.colcon_core.package_identification:_identify(venv/lib/python3.12/site-packages/pip/_internal/vcs/__pycache__) by extension 'colcon_meta'
[0.670s] Level 1:colcon.colcon_core.package_identification:_identify(venv/lib/python3.12/site-packages/pip/_internal/vcs/__pycache__) by extensions ['ros']
[0.670s] Level 1:colcon.colcon_core.package_identification:_identify(venv/lib/python3.12/site-packages/pip/_internal/vcs/__pycache__) by extension 'ros'
[0.670s] Level 1:colcon.colcon_core.package_identification:_identify(venv/lib/python3.12/site-packages/pip/_internal/vcs/__pycache__) by extensions ['cmake', 'python']
[0.670s] Level 1:colcon.colcon_core.package_identification:_identify(venv/lib/python3.12/site-packages/pip/_internal/vcs/__pycache__) by extension 'cmake'
[0.670s] Level 1:colcon.colcon_core.package_identification:_identify(venv/lib/python3.12/site-packages/pip/_internal/vcs/__pycache__) by extension 'python'
[0.670s] Level 1:colcon.colcon_core.package_identification:_identify(venv/lib/python3.12/site-packages/pip/_internal/vcs/__pycache__) by extensions ['python_setup_py']
[0.670s] Level 1:colcon.colcon_core.package_identification:_identify(venv/lib/python3.12/site-packages/pip/_internal/vcs/__pycache__) by extension 'python_setup_py'
[0.670s] Level 1:colcon.colcon_core.package_identification:_identify(venv/lib/python3.12/site-packages/pip/_vendor) by extensions ['ignore', 'ignore_ament_install']
[0.671s] Level 1:colcon.colcon_core.package_identification:_identify(venv/lib/python3.12/site-packages/pip/_vendor) by extension 'ignore'
[0.671s] Level 1:colcon.colcon_core.package_identification:_identify(venv/lib/python3.12/site-packages/pip/_vendor) by extension 'ignore_ament_install'
[0.671s] Level 1:colcon.colcon_core.package_identification:_identify(venv/lib/python3.12/site-packages/pip/_vendor) by extensions ['colcon_pkg']
[0.671s] Level 1:colcon.colcon_core.package_identification:_identify(venv/lib/python3.12/site-packages/pip/_vendor) by extension 'colcon_pkg'
[0.671s] Level 1:colcon.colcon_core.package_identification:_identify(venv/lib/python3.12/site-packages/pip/_vendor) by extensions ['colcon_meta']
[0.671s] Level 1:colcon.colcon_core.package_identification:_identify(venv/lib/python3.12/site-packages/pip/_vendor) by extension 'colcon_meta'
[0.671s] Level 1:colcon.colcon_core.package_identification:_identify(venv/lib/python3.12/site-packages/pip/_vendor) by extensions ['ros']
[0.671s] Level 1:colcon.colcon_core.package_identification:_identify(venv/lib/python3.12/site-packages/pip/_vendor) by extension 'ros'
[0.671s] Level 1:colcon.colcon_core.package_identification:_identify(venv/lib/python3.12/site-packages/pip/_vendor) by extensions ['cmake', 'python']
[0.671s] Level 1:colcon.colcon_core.package_identification:_identify(venv/lib/python3.12/site-packages/pip/_vendor) by extension 'cmake'
[0.671s] Level 1:colcon.colcon_core.package_identification:_identify(venv/lib/python3.12/site-packages/pip/_vendor) by extension 'python'
[0.671s] Level 1:colcon.colcon_core.package_identification:_identify(venv/lib/python3.12/site-packages/pip/_vendor) by extensions ['python_setup_py']
[0.671s] Level 1:colcon.colcon_core.package_identification:_identify(venv/lib/python3.12/site-packages/pip/_vendor) by extension 'python_setup_py'
[0.671s] Level 1:colcon.colcon_core.package_identification:_identify(venv/lib/python3.12/site-packages/pip/_vendor/__pycache__) by extensions ['ignore', 'ignore_ament_install']
[0.671s] Level 1:colcon.colcon_core.package_identification:_identify(venv/lib/python3.12/site-packages/pip/_vendor/__pycache__) by extension 'ignore'
[0.671s] Level 1:colcon.colcon_core.package_identification:_identify(venv/lib/python3.12/site-packages/pip/_vendor/__pycache__) by extension 'ignore_ament_install'
[0.671s] Level 1:colcon.colcon_core.package_identification:_identify(venv/lib/python3.12/site-packages/pip/_vendor/__pycache__) by extensions ['colcon_pkg']
[0.672s] Level 1:colcon.colcon_core.package_identification:_identify(venv/lib/python3.12/site-packages/pip/_vendor/__pycache__) by extension 'colcon_pkg'
[0.672s] Level 1:colcon.colcon_core.package_identification:_identify(venv/lib/python3.12/site-packages/pip/_vendor/__pycache__) by extensions ['colcon_meta']
[0.672s] Level 1:colcon.colcon_core.package_identification:_identify(venv/lib/python3.12/site-packages/pip/_vendor/__pycache__) by extension 'colcon_meta'
[0.672s] Level 1:colcon.colcon_core.package_identification:_identify(venv/lib/python3.12/site-packages/pip/_vendor/__pycache__) by extensions ['ros']
[0.672s] Level 1:colcon.colcon_core.package_identification:_identify(venv/lib/python3.12/site-packages/pip/_vendor/__pycache__) by extension 'ros'
[0.672s] Level 1:colcon.colcon_core.package_identification:_identify(venv/lib/python3.12/site-packages/pip/_vendor/__pycache__) by extensions ['cmake', 'python']
[0.672s] Level 1:colcon.colcon_core.package_identification:_identify(venv/lib/python3.12/site-packages/pip/_vendor/__pycache__) by extension 'cmake'
[0.672s] Level 1:colcon.colcon_core.package_identification:_identify(venv/lib/python3.12/site-packages/pip/_vendor/__pycache__) by extension 'python'
[0.672s] Level 1:colcon.colcon_core.package_identification:_identify(venv/lib/python3.12/site-packages/pip/_vendor/__pycache__) by extensions ['python_setup_py']
[0.672s] Level 1:colcon.colcon_core.package_identification:_identify(venv/lib/python3.12/site-packages/pip/_vendor/__pycache__) by extension 'python_setup_py'
[0.672s] Level 1:colcon.colcon_core.package_identification:_identify(venv/lib/python3.12/site-packages/pip/_vendor/cachecontrol) by extensions ['ignore', 'ignore_ament_install']
[0.672s] Level 1:colcon.colcon_core.package_identification:_identify(venv/lib/python3.12/site-packages/pip/_vendor/cachecontrol) by extension 'ignore'
[0.672s] Level 1:colcon.colcon_core.package_identification:_identify(venv/lib/python3.12/site-packages/pip/_vendor/cachecontrol) by extension 'ignore_ament_install'
[0.672s] Level 1:colcon.colcon_core.package_identification:_identify(venv/lib/python3.12/site-packages/pip/_vendor/cachecontrol) by extensions ['colcon_pkg']
[0.672s] Level 1:colcon.colcon_core.package_identification:_identify(venv/lib/python3.12/site-packages/pip/_vendor/cachecontrol) by extension 'colcon_pkg'
[0.672s] Level 1:colcon.colcon_core.package_identification:_identify(venv/lib/python3.12/site-packages/pip/_vendor/cachecontrol) by extensions ['colcon_meta']
[0.672s] Level 1:colcon.colcon_core.package_identification:_identify(venv/lib/python3.12/site-packages/pip/_vendor/cachecontrol) by extension 'colcon_meta'
[0.673s] Level 1:colcon.colcon_core.package_identification:_identify(venv/lib/python3.12/site-packages/pip/_vendor/cachecontrol) by extensions ['ros']
[0.673s] Level 1:colcon.colcon_core.package_identification:_identify(venv/lib/python3.12/site-packages/pip/_vendor/cachecontrol) by extension 'ros'
[0.673s] Level 1:colcon.colcon_core.package_identification:_identify(venv/lib/python3.12/site-packages/pip/_vendor/cachecontrol) by extensions ['cmake', 'python']
[0.673s] Level 1:colcon.colcon_core.package_identification:_identify(venv/lib/python3.12/site-packages/pip/_vendor/cachecontrol) by extension 'cmake'
[0.673s] Level 1:colcon.colcon_core.package_identification:_identify(venv/lib/python3.12/site-packages/pip/_vendor/cachecontrol) by extension 'python'
[0.673s] Level 1:colcon.colcon_core.package_identification:_identify(venv/lib/python3.12/site-packages/pip/_vendor/cachecontrol) by extensions ['python_setup_py']
[0.673s] Level 1:colcon.colcon_core.package_identification:_identify(venv/lib/python3.12/site-packages/pip/_vendor/cachecontrol) by extension 'python_setup_py'
[0.673s] Level 1:colcon.colcon_core.package_identification:_identify(venv/lib/python3.12/site-packages/pip/_vendor/cachecontrol/__pycache__) by extensions ['ignore', 'ignore_ament_install']
[0.673s] Level 1:colcon.colcon_core.package_identification:_identify(venv/lib/python3.12/site-packages/pip/_vendor/cachecontrol/__pycache__) by extension 'ignore'
[0.673s] Level 1:colcon.colcon_core.package_identification:_identify(venv/lib/python3.12/site-packages/pip/_vendor/cachecontrol/__pycache__) by extension 'ignore_ament_install'
[0.673s] Level 1:colcon.colcon_core.package_identification:_identify(venv/lib/python3.12/site-packages/pip/_vendor/cachecontrol/__pycache__) by extensions ['colcon_pkg']
[0.673s] Level 1:colcon.colcon_core.package_identification:_identify(venv/lib/python3.12/site-packages/pip/_vendor/cachecontrol/__pycache__) by extension 'colcon_pkg'
[0.673s] Level 1:colcon.colcon_core.package_identification:_identify(venv/lib/python3.12/site-packages/pip/_vendor/cachecontrol/__pycache__) by extensions ['colcon_meta']
[0.673s] Level 1:colcon.colcon_core.package_identification:_identify(venv/lib/python3.12/site-packages/pip/_vendor/cachecontrol/__pycache__) by extension 'colcon_meta'
[0.673s] Level 1:colcon.colcon_core.package_identification:_identify(venv/lib/python3.12/site-packages/pip/_vendor/cachecontrol/__pycache__) by extensions ['ros']
[0.673s] Level 1:colcon.colcon_core.package_identification:_identify(venv/lib/python3.12/site-packages/pip/_vendor/cachecontrol/__pycache__) by extension 'ros'
[0.673s] Level 1:colcon.colcon_core.package_identification:_identify(venv/lib/python3.12/site-packages/pip/_vendor/cachecontrol/__pycache__) by extensions ['cmake', 'python']
[0.674s] Level 1:colcon.colcon_core.package_identification:_identify(venv/lib/python3.12/site-packages/pip/_vendor/cachecontrol/__pycache__) by extension 'cmake'
[0.674s] Level 1:colcon.colcon_core.package_identification:_identify(venv/lib/python3.12/site-packages/pip/_vendor/cachecontrol/__pycache__) by extension 'python'
[0.674s] Level 1:colcon.colcon_core.package_identification:_identify(venv/lib/python3.12/site-packages/pip/_vendor/cachecontrol/__pycache__) by extensions ['python_setup_py']
[0.674s] Level 1:colcon.colcon_core.package_identification:_identify(venv/lib/python3.12/site-packages/pip/_vendor/cachecontrol/__pycache__) by extension 'python_setup_py'
[0.674s] Level 1:colcon.colcon_core.package_identification:_identify(venv/lib/python3.12/site-packages/pip/_vendor/cachecontrol/caches) by extensions ['ignore', 'ignore_ament_install']
[0.674s] Level 1:colcon.colcon_core.package_identification:_identify(venv/lib/python3.12/site-packages/pip/_vendor/cachecontrol/caches) by extension 'ignore'
[0.674s] Level 1:colcon.colcon_core.package_identification:_identify(venv/lib/python3.12/site-packages/pip/_vendor/cachecontrol/caches) by extension 'ignore_ament_install'
[0.674s] Level 1:colcon.colcon_core.package_identification:_identify(venv/lib/python3.12/site-packages/pip/_vendor/cachecontrol/caches) by extensions ['colcon_pkg']
[0.674s] Level 1:colcon.colcon_core.package_identification:_identify(venv/lib/python3.12/site-packages/pip/_vendor/cachecontrol/caches) by extension 'colcon_pkg'
[0.674s] Level 1:colcon.colcon_core.package_identification:_identify(venv/lib/python3.12/site-packages/pip/_vendor/cachecontrol/caches) by extensions ['colcon_meta']
[0.674s] Level 1:colcon.colcon_core.package_identification:_identify(venv/lib/python3.12/site-packages/pip/_vendor/cachecontrol/caches) by extension 'colcon_meta'
[0.674s] Level 1:colcon.colcon_core.package_identification:_identify(venv/lib/python3.12/site-packages/pip/_vendor/cachecontrol/caches) by extensions ['ros']
[0.674s] Level 1:colcon.colcon_core.package_identification:_identify(venv/lib/python3.12/site-packages/pip/_vendor/cachecontrol/caches) by extension 'ros'
[0.674s] Level 1:colcon.colcon_core.package_identification:_identify(venv/lib/python3.12/site-packages/pip/_vendor/cachecontrol/caches) by extensions ['cmake', 'python']
[0.674s] Level 1:colcon.colcon_core.package_identification:_identify(venv/lib/python3.12/site-packages/pip/_vendor/cachecontrol/caches) by extension 'cmake'
[0.674s] Level 1:colcon.colcon_core.package_identification:_identify(venv/lib/python3.12/site-packages/pip/_vendor/cachecontrol/caches) by extension 'python'
[0.674s] Level 1:colcon.colcon_core.package_identification:_identify(venv/lib/python3.12/site-packages/pip/_vendor/cachecontrol/caches) by extensions ['python_setup_py']
[0.675s] Level 1:colcon.colcon_core.package_identification:_identify(venv/lib/python3.12/site-packages/pip/_vendor/cachecontrol/caches) by extension 'python_setup_py'
[0.675s] Level 1:colcon.colcon_core.package_identification:_identify(venv/lib/python3.12/site-packages/pip/_vendor/cachecontrol/caches/__pycache__) by extensions ['ignore', 'ignore_ament_install']
[0.675s] Level 1:colcon.colcon_core.package_identification:_identify(venv/lib/python3.12/site-packages/pip/_vendor/cachecontrol/caches/__pycache__) by extension 'ignore'
[0.675s] Level 1:colcon.colcon_core.package_identification:_identify(venv/lib/python3.12/site-packages/pip/_vendor/cachecontrol/caches/__pycache__) by extension 'ignore_ament_install'
[0.675s] Level 1:colcon.colcon_core.package_identification:_identify(venv/lib/python3.12/site-packages/pip/_vendor/cachecontrol/caches/__pycache__) by extensions ['colcon_pkg']
[0.675s] Level 1:colcon.colcon_core.package_identification:_identify(venv/lib/python3.12/site-packages/pip/_vendor/cachecontrol/caches/__pycache__) by extension 'colcon_pkg'
[0.675s] Level 1:colcon.colcon_core.package_identification:_identify(venv/lib/python3.12/site-packages/pip/_vendor/cachecontrol/caches/__pycache__) by extensions ['colcon_meta']
[0.675s] Level 1:colcon.colcon_core.package_identification:_identify(venv/lib/python3.12/site-packages/pip/_vendor/cachecontrol/caches/__pycache__) by extension 'colcon_meta'
[0.675s] Level 1:colcon.colcon_core.package_identification:_identify(venv/lib/python3.12/site-packages/pip/_vendor/cachecontrol/caches/__pycache__) by extensions ['ros']
[0.675s] Level 1:colcon.colcon_core.package_identification:_identify(venv/lib/python3.12/site-packages/pip/_vendor/cachecontrol/caches/__pycache__) by extension 'ros'
[0.675s] Level 1:colcon.colcon_core.package_identification:_identify(venv/lib/python3.12/site-packages/pip/_vendor/cachecontrol/caches/__pycache__) by extensions ['cmake', 'python']
[0.675s] Level 1:colcon.colcon_core.package_identification:_identify(venv/lib/python3.12/site-packages/pip/_vendor/cachecontrol/caches/__pycache__) by extension 'cmake'
[0.675s] Level 1:colcon.colcon_core.package_identification:_identify(venv/lib/python3.12/site-packages/pip/_vendor/cachecontrol/caches/__pycache__) by extension 'python'
[0.675s] Level 1:colcon.colcon_core.package_identification:_identify(venv/lib/python3.12/site-packages/pip/_vendor/cachecontrol/caches/__pycache__) by extensions ['python_setup_py']
[0.675s] Level 1:colcon.colcon_core.package_identification:_identify(venv/lib/python3.12/site-packages/pip/_vendor/cachecontrol/caches/__pycache__) by extension 'python_setup_py'
[0.676s] Level 1:colcon.colcon_core.package_identification:_identify(venv/lib/python3.12/site-packages/pip/_vendor/certifi) by extensions ['ignore', 'ignore_ament_install']
[0.676s] Level 1:colcon.colcon_core.package_identification:_identify(venv/lib/python3.12/site-packages/pip/_vendor/certifi) by extension 'ignore'
[0.676s] Level 1:colcon.colcon_core.package_identification:_identify(venv/lib/python3.12/site-packages/pip/_vendor/certifi) by extension 'ignore_ament_install'
[0.676s] Level 1:colcon.colcon_core.package_identification:_identify(venv/lib/python3.12/site-packages/pip/_vendor/certifi) by extensions ['colcon_pkg']
[0.676s] Level 1:colcon.colcon_core.package_identification:_identify(venv/lib/python3.12/site-packages/pip/_vendor/certifi) by extension 'colcon_pkg'
[0.676s] Level 1:colcon.colcon_core.package_identification:_identify(venv/lib/python3.12/site-packages/pip/_vendor/certifi) by extensions ['colcon_meta']
[0.676s] Level 1:colcon.colcon_core.package_identification:_identify(venv/lib/python3.12/site-packages/pip/_vendor/certifi) by extension 'colcon_meta'
[0.676s] Level 1:colcon.colcon_core.package_identification:_identify(venv/lib/python3.12/site-packages/pip/_vendor/certifi) by extensions ['ros']
[0.676s] Level 1:colcon.colcon_core.package_identification:_identify(venv/lib/python3.12/site-packages/pip/_vendor/certifi) by extension 'ros'
[0.676s] Level 1:colcon.colcon_core.package_identification:_identify(venv/lib/python3.12/site-packages/pip/_vendor/certifi) by extensions ['cmake', 'python']
[0.676s] Level 1:colcon.colcon_core.package_identification:_identify(venv/lib/python3.12/site-packages/pip/_vendor/certifi) by extension 'cmake'
[0.676s] Level 1:colcon.colcon_core.package_identification:_identify(venv/lib/python3.12/site-packages/pip/_vendor/certifi) by extension 'python'
[0.676s] Level 1:colcon.colcon_core.package_identification:_identify(venv/lib/python3.12/site-packages/pip/_vendor/certifi) by extensions ['python_setup_py']
[0.676s] Level 1:colcon.colcon_core.package_identification:_identify(venv/lib/python3.12/site-packages/pip/_vendor/certifi) by extension 'python_setup_py'
[0.676s] Level 1:colcon.colcon_core.package_identification:_identify(venv/lib/python3.12/site-packages/pip/_vendor/certifi/__pycache__) by extensions ['ignore', 'ignore_ament_install']
[0.676s] Level 1:colcon.colcon_core.package_identification:_identify(venv/lib/python3.12/site-packages/pip/_vendor/certifi/__pycache__) by extension 'ignore'
[0.676s] Level 1:colcon.colcon_core.package_identification:_identify(venv/lib/python3.12/site-packages/pip/_vendor/certifi/__pycache__) by extension 'ignore_ament_install'
[0.677s] Level 1:colcon.colcon_core.package_identification:_identify(venv/lib/python3.12/site-packages/pip/_vendor/certifi/__pycache__) by extensions ['colcon_pkg']
[0.677s] Level 1:colcon.colcon_core.package_identification:_identify(venv/lib/python3.12/site-packages/pip/_vendor/certifi/__pycache__) by extension 'colcon_pkg'
[0.677s] Level 1:colcon.colcon_core.package_identification:_identify(venv/lib/python3.12/site-packages/pip/_vendor/certifi/__pycache__) by extensions ['colcon_meta']
[0.677s] Level 1:colcon.colcon_core.package_identification:_identify(venv/lib/python3.12/site-packages/pip/_vendor/certifi/__pycache__) by extension 'colcon_meta'
[0.677s] Level 1:colcon.colcon_core.package_identification:_identify(venv/lib/python3.12/site-packages/pip/_vendor/certifi/__pycache__) by extensions ['ros']
[0.677s] Level 1:colcon.colcon_core.package_identification:_identify(venv/lib/python3.12/site-packages/pip/_vendor/certifi/__pycache__) by extension 'ros'
[0.677s] Level 1:colcon.colcon_core.package_identification:_identify(venv/lib/python3.12/site-packages/pip/_vendor/certifi/__pycache__) by extensions ['cmake', 'python']
[0.677s] Level 1:colcon.colcon_core.package_identification:_identify(venv/lib/python3.12/site-packages/pip/_vendor/certifi/__pycache__) by extension 'cmake'
[0.677s] Level 1:colcon.colcon_core.package_identification:_identify(venv/lib/python3.12/site-packages/pip/_vendor/certifi/__pycache__) by extension 'python'
[0.677s] Level 1:colcon.colcon_core.package_identification:_identify(venv/lib/python3.12/site-packages/pip/_vendor/certifi/__pycache__) by extensions ['python_setup_py']
[0.677s] Level 1:colcon.colcon_core.package_identification:_identify(venv/lib/python3.12/site-packages/pip/_vendor/certifi/__pycache__) by extension 'python_setup_py'
[0.677s] Level 1:colcon.colcon_core.package_identification:_identify(venv/lib/python3.12/site-packages/pip/_vendor/distlib) by extensions ['ignore', 'ignore_ament_install']
[0.677s] Level 1:colcon.colcon_core.package_identification:_identify(venv/lib/python3.12/site-packages/pip/_vendor/distlib) by extension 'ignore'
[0.677s] Level 1:colcon.colcon_core.package_identification:_identify(venv/lib/python3.12/site-packages/pip/_vendor/distlib) by extension 'ignore_ament_install'
[0.677s] Level 1:colcon.colcon_core.package_identification:_identify(venv/lib/python3.12/site-packages/pip/_vendor/distlib) by extensions ['colcon_pkg']
[0.677s] Level 1:colcon.colcon_core.package_identification:_identify(venv/lib/python3.12/site-packages/pip/_vendor/distlib) by extension 'colcon_pkg'
[0.677s] Level 1:colcon.colcon_core.package_identification:_identify(venv/lib/python3.12/site-packages/pip/_vendor/distlib) by extensions ['colcon_meta']
[0.678s] Level 1:colcon.colcon_core.package_identification:_identify(venv/lib/python3.12/site-packages/pip/_vendor/distlib) by extension 'colcon_meta'
[0.678s] Level 1:colcon.colcon_core.package_identification:_identify(venv/lib/python3.12/site-packages/pip/_vendor/distlib) by extensions ['ros']
[0.678s] Level 1:colcon.colcon_core.package_identification:_identify(venv/lib/python3.12/site-packages/pip/_vendor/distlib) by extension 'ros'
[0.678s] Level 1:colcon.colcon_core.package_identification:_identify(venv/lib/python3.12/site-packages/pip/_vendor/distlib) by extensions ['cmake', 'python']
[0.678s] Level 1:colcon.colcon_core.package_identification:_identify(venv/lib/python3.12/site-packages/pip/_vendor/distlib) by extension 'cmake'
[0.678s] Level 1:colcon.colcon_core.package_identification:_identify(venv/lib/python3.12/site-packages/pip/_vendor/distlib) by extension 'python'
[0.678s] Level 1:colcon.colcon_core.package_identification:_identify(venv/lib/python3.12/site-packages/pip/_vendor/distlib) by extensions ['python_setup_py']
[0.678s] Level 1:colcon.colcon_core.package_identification:_identify(venv/lib/python3.12/site-packages/pip/_vendor/distlib) by extension 'python_setup_py'
[0.678s] Level 1:colcon.colcon_core.package_identification:_identify(venv/lib/python3.12/site-packages/pip/_vendor/distlib/__pycache__) by extensions ['ignore', 'ignore_ament_install']
[0.678s] Level 1:colcon.colcon_core.package_identification:_identify(venv/lib/python3.12/site-packages/pip/_vendor/distlib/__pycache__) by extension 'ignore'
[0.678s] Level 1:colcon.colcon_core.package_identification:_identify(venv/lib/python3.12/site-packages/pip/_vendor/distlib/__pycache__) by extension 'ignore_ament_install'
[0.678s] Level 1:colcon.colcon_core.package_identification:_identify(venv/lib/python3.12/site-packages/pip/_vendor/distlib/__pycache__) by extensions ['colcon_pkg']
[0.678s] Level 1:colcon.colcon_core.package_identification:_identify(venv/lib/python3.12/site-packages/pip/_vendor/distlib/__pycache__) by extension 'colcon_pkg'
[0.678s] Level 1:colcon.colcon_core.package_identification:_identify(venv/lib/python3.12/site-packages/pip/_vendor/distlib/__pycache__) by extensions ['colcon_meta']
[0.678s] Level 1:colcon.colcon_core.package_identification:_identify(venv/lib/python3.12/site-packages/pip/_vendor/distlib/__pycache__) by extension 'colcon_meta'
[0.678s] Level 1:colcon.colcon_core.package_identification:_identify(venv/lib/python3.12/site-packages/pip/_vendor/distlib/__pycache__) by extensions ['ros']
[0.678s] Level 1:colcon.colcon_core.package_identification:_identify(venv/lib/python3.12/site-packages/pip/_vendor/distlib/__pycache__) by extension 'ros'
[0.679s] Level 1:colcon.colcon_core.package_identification:_identify(venv/lib/python3.12/site-packages/pip/_vendor/distlib/__pycache__) by extensions ['cmake', 'python']
[0.679s] Level 1:colcon.colcon_core.package_identification:_identify(venv/lib/python3.12/site-packages/pip/_vendor/distlib/__pycache__) by extension 'cmake'
[0.679s] Level 1:colcon.colcon_core.package_identification:_identify(venv/lib/python3.12/site-packages/pip/_vendor/distlib/__pycache__) by extension 'python'
[0.679s] Level 1:colcon.colcon_core.package_identification:_identify(venv/lib/python3.12/site-packages/pip/_vendor/distlib/__pycache__) by extensions ['python_setup_py']
[0.679s] Level 1:colcon.colcon_core.package_identification:_identify(venv/lib/python3.12/site-packages/pip/_vendor/distlib/__pycache__) by extension 'python_setup_py'
[0.679s] Level 1:colcon.colcon_core.package_identification:_identify(venv/lib/python3.12/site-packages/pip/_vendor/distro) by extensions ['ignore', 'ignore_ament_install']
[0.679s] Level 1:colcon.colcon_core.package_identification:_identify(venv/lib/python3.12/site-packages/pip/_vendor/distro) by extension 'ignore'
[0.679s] Level 1:colcon.colcon_core.package_identification:_identify(venv/lib/python3.12/site-packages/pip/_vendor/distro) by extension 'ignore_ament_install'
[0.679s] Level 1:colcon.colcon_core.package_identification:_identify(venv/lib/python3.12/site-packages/pip/_vendor/distro) by extensions ['colcon_pkg']
[0.679s] Level 1:colcon.colcon_core.package_identification:_identify(venv/lib/python3.12/site-packages/pip/_vendor/distro) by extension 'colcon_pkg'
[0.679s] Level 1:colcon.colcon_core.package_identification:_identify(venv/lib/python3.12/site-packages/pip/_vendor/distro) by extensions ['colcon_meta']
[0.679s] Level 1:colcon.colcon_core.package_identification:_identify(venv/lib/python3.12/site-packages/pip/_vendor/distro) by extension 'colcon_meta'
[0.679s] Level 1:colcon.colcon_core.package_identification:_identify(venv/lib/python3.12/site-packages/pip/_vendor/distro) by extensions ['ros']
[0.679s] Level 1:colcon.colcon_core.package_identification:_identify(venv/lib/python3.12/site-packages/pip/_vendor/distro) by extension 'ros'
[0.679s] Level 1:colcon.colcon_core.package_identification:_identify(venv/lib/python3.12/site-packages/pip/_vendor/distro) by extensions ['cmake', 'python']
[0.679s] Level 1:colcon.colcon_core.package_identification:_identify(venv/lib/python3.12/site-packages/pip/_vendor/distro) by extension 'cmake'
[0.679s] Level 1:colcon.colcon_core.package_identification:_identify(venv/lib/python3.12/site-packages/pip/_vendor/distro) by extension 'python'
[0.680s] Level 1:colcon.colcon_core.package_identification:_identify(venv/lib/python3.12/site-packages/pip/_vendor/distro) by extensions ['python_setup_py']
[0.680s] Level 1:colcon.colcon_core.package_identification:_identify(venv/lib/python3.12/site-packages/pip/_vendor/distro) by extension 'python_setup_py'
[0.680s] Level 1:colcon.colcon_core.package_identification:_identify(venv/lib/python3.12/site-packages/pip/_vendor/distro/__pycache__) by extensions ['ignore', 'ignore_ament_install']
[0.680s] Level 1:colcon.colcon_core.package_identification:_identify(venv/lib/python3.12/site-packages/pip/_vendor/distro/__pycache__) by extension 'ignore'
[0.680s] Level 1:colcon.colcon_core.package_identification:_identify(venv/lib/python3.12/site-packages/pip/_vendor/distro/__pycache__) by extension 'ignore_ament_install'
[0.680s] Level 1:colcon.colcon_core.package_identification:_identify(venv/lib/python3.12/site-packages/pip/_vendor/distro/__pycache__) by extensions ['colcon_pkg']
[0.680s] Level 1:colcon.colcon_core.package_identification:_identify(venv/lib/python3.12/site-packages/pip/_vendor/distro/__pycache__) by extension 'colcon_pkg'
[0.680s] Level 1:colcon.colcon_core.package_identification:_identify(venv/lib/python3.12/site-packages/pip/_vendor/distro/__pycache__) by extensions ['colcon_meta']
[0.680s] Level 1:colcon.colcon_core.package_identification:_identify(venv/lib/python3.12/site-packages/pip/_vendor/distro/__pycache__) by extension 'colcon_meta'
[0.680s] Level 1:colcon.colcon_core.package_identification:_identify(venv/lib/python3.12/site-packages/pip/_vendor/distro/__pycache__) by extensions ['ros']
[0.680s] Level 1:colcon.colcon_core.package_identification:_identify(venv/lib/python3.12/site-packages/pip/_vendor/distro/__pycache__) by extension 'ros'
[0.680s] Level 1:colcon.colcon_core.package_identification:_identify(venv/lib/python3.12/site-packages/pip/_vendor/distro/__pycache__) by extensions ['cmake', 'python']
[0.680s] Level 1:colcon.colcon_core.package_identification:_identify(venv/lib/python3.12/site-packages/pip/_vendor/distro/__pycache__) by extension 'cmake'
[0.680s] Level 1:colcon.colcon_core.package_identification:_identify(venv/lib/python3.12/site-packages/pip/_vendor/distro/__pycache__) by extension 'python'
[0.680s] Level 1:colcon.colcon_core.package_identification:_identify(venv/lib/python3.12/site-packages/pip/_vendor/distro/__pycache__) by extensions ['python_setup_py']
[0.680s] Level 1:colcon.colcon_core.package_identification:_identify(venv/lib/python3.12/site-packages/pip/_vendor/distro/__pycache__) by extension 'python_setup_py'
[0.681s] Level 1:colcon.colcon_core.package_identification:_identify(venv/lib/python3.12/site-packages/pip/_vendor/idna) by extensions ['ignore', 'ignore_ament_install']
[0.681s] Level 1:colcon.colcon_core.package_identification:_identify(venv/lib/python3.12/site-packages/pip/_vendor/idna) by extension 'ignore'
[0.681s] Level 1:colcon.colcon_core.package_identification:_identify(venv/lib/python3.12/site-packages/pip/_vendor/idna) by extension 'ignore_ament_install'
[0.681s] Level 1:colcon.colcon_core.package_identification:_identify(venv/lib/python3.12/site-packages/pip/_vendor/idna) by extensions ['colcon_pkg']
[0.681s] Level 1:colcon.colcon_core.package_identification:_identify(venv/lib/python3.12/site-packages/pip/_vendor/idna) by extension 'colcon_pkg'
[0.681s] Level 1:colcon.colcon_core.package_identification:_identify(venv/lib/python3.12/site-packages/pip/_vendor/idna) by extensions ['colcon_meta']
[0.681s] Level 1:colcon.colcon_core.package_identification:_identify(venv/lib/python3.12/site-packages/pip/_vendor/idna) by extension 'colcon_meta'
[0.681s] Level 1:colcon.colcon_core.package_identification:_identify(venv/lib/python3.12/site-packages/pip/_vendor/idna) by extensions ['ros']
[0.681s] Level 1:colcon.colcon_core.package_identification:_identify(venv/lib/python3.12/site-packages/pip/_vendor/idna) by extension 'ros'
[0.681s] Level 1:colcon.colcon_core.package_identification:_identify(venv/lib/python3.12/site-packages/pip/_vendor/idna) by extensions ['cmake', 'python']
[0.681s] Level 1:colcon.colcon_core.package_identification:_identify(venv/lib/python3.12/site-packages/pip/_vendor/idna) by extension 'cmake'
[0.681s] Level 1:colcon.colcon_core.package_identification:_identify(venv/lib/python3.12/site-packages/pip/_vendor/idna) by extension 'python'
[0.681s] Level 1:colcon.colcon_core.package_identification:_identify(venv/lib/python3.12/site-packages/pip/_vendor/idna) by extensions ['python_setup_py']
[0.681s] Level 1:colcon.colcon_core.package_identification:_identify(venv/lib/python3.12/site-packages/pip/_vendor/idna) by extension 'python_setup_py'
[0.681s] Level 1:colcon.colcon_core.package_identification:_identify(venv/lib/python3.12/site-packages/pip/_vendor/idna/__pycache__) by extensions ['ignore', 'ignore_ament_install']
[0.681s] Level 1:colcon.colcon_core.package_identification:_identify(venv/lib/python3.12/site-packages/pip/_vendor/idna/__pycache__) by extension 'ignore'
[0.682s] Level 1:colcon.colcon_core.package_identification:_identify(venv/lib/python3.12/site-packages/pip/_vendor/idna/__pycache__) by extension 'ignore_ament_install'
[0.682s] Level 1:colcon.colcon_core.package_identification:_identify(venv/lib/python3.12/site-packages/pip/_vendor/idna/__pycache__) by extensions ['colcon_pkg']
[0.682s] Level 1:colcon.colcon_core.package_identification:_identify(venv/lib/python3.12/site-packages/pip/_vendor/idna/__pycache__) by extension 'colcon_pkg'
[0.682s] Level 1:colcon.colcon_core.package_identification:_identify(venv/lib/python3.12/site-packages/pip/_vendor/idna/__pycache__) by extensions ['colcon_meta']
[0.682s] Level 1:colcon.colcon_core.package_identification:_identify(venv/lib/python3.12/site-packages/pip/_vendor/idna/__pycache__) by extension 'colcon_meta'
[0.682s] Level 1:colcon.colcon_core.package_identification:_identify(venv/lib/python3.12/site-packages/pip/_vendor/idna/__pycache__) by extensions ['ros']
[0.682s] Level 1:colcon.colcon_core.package_identification:_identify(venv/lib/python3.12/site-packages/pip/_vendor/idna/__pycache__) by extension 'ros'
[0.682s] Level 1:colcon.colcon_core.package_identification:_identify(venv/lib/python3.12/site-packages/pip/_vendor/idna/__pycache__) by extensions ['cmake', 'python']
[0.682s] Level 1:colcon.colcon_core.package_identification:_identify(venv/lib/python3.12/site-packages/pip/_vendor/idna/__pycache__) by extension 'cmake'
[0.682s] Level 1:colcon.colcon_core.package_identification:_identify(venv/lib/python3.12/site-packages/pip/_vendor/idna/__pycache__) by extension 'python'
[0.682s] Level 1:colcon.colcon_core.package_identification:_identify(venv/lib/python3.12/site-packages/pip/_vendor/idna/__pycache__) by extensions ['python_setup_py']
[0.682s] Level 1:colcon.colcon_core.package_identification:_identify(venv/lib/python3.12/site-packages/pip/_vendor/idna/__pycache__) by extension 'python_setup_py'
[0.682s] Level 1:colcon.colcon_core.package_identification:_identify(venv/lib/python3.12/site-packages/pip/_vendor/msgpack) by extensions ['ignore', 'ignore_ament_install']
[0.682s] Level 1:colcon.colcon_core.package_identification:_identify(venv/lib/python3.12/site-packages/pip/_vendor/msgpack) by extension 'ignore'
[0.682s] Level 1:colcon.colcon_core.package_identification:_identify(venv/lib/python3.12/site-packages/pip/_vendor/msgpack) by extension 'ignore_ament_install'
[0.682s] Level 1:colcon.colcon_core.package_identification:_identify(venv/lib/python3.12/site-packages/pip/_vendor/msgpack) by extensions ['colcon_pkg']
[0.682s] Level 1:colcon.colcon_core.package_identification:_identify(venv/lib/python3.12/site-packages/pip/_vendor/msgpack) by extension 'colcon_pkg'
[0.683s] Level 1:colcon.colcon_core.package_identification:_identify(venv/lib/python3.12/site-packages/pip/_vendor/msgpack) by extensions ['colcon_meta']
[0.683s] Level 1:colcon.colcon_core.package_identification:_identify(venv/lib/python3.12/site-packages/pip/_vendor/msgpack) by extension 'colcon_meta'
[0.683s] Level 1:colcon.colcon_core.package_identification:_identify(venv/lib/python3.12/site-packages/pip/_vendor/msgpack) by extensions ['ros']
[0.683s] Level 1:colcon.colcon_core.package_identification:_identify(venv/lib/python3.12/site-packages/pip/_vendor/msgpack) by extension 'ros'
[0.683s] Level 1:colcon.colcon_core.package_identification:_identify(venv/lib/python3.12/site-packages/pip/_vendor/msgpack) by extensions ['cmake', 'python']
[0.683s] Level 1:colcon.colcon_core.package_identification:_identify(venv/lib/python3.12/site-packages/pip/_vendor/msgpack) by extension 'cmake'
[0.683s] Level 1:colcon.colcon_core.package_identification:_identify(venv/lib/python3.12/site-packages/pip/_vendor/msgpack) by extension 'python'
[0.683s] Level 1:colcon.colcon_core.package_identification:_identify(venv/lib/python3.12/site-packages/pip/_vendor/msgpack) by extensions ['python_setup_py']
[0.683s] Level 1:colcon.colcon_core.package_identification:_identify(venv/lib/python3.12/site-packages/pip/_vendor/msgpack) by extension 'python_setup_py'
[0.683s] Level 1:colcon.colcon_core.package_identification:_identify(venv/lib/python3.12/site-packages/pip/_vendor/msgpack/__pycache__) by extensions ['ignore', 'ignore_ament_install']
[0.683s] Level 1:colcon.colcon_core.package_identification:_identify(venv/lib/python3.12/site-packages/pip/_vendor/msgpack/__pycache__) by extension 'ignore'
[0.683s] Level 1:colcon.colcon_core.package_identification:_identify(venv/lib/python3.12/site-packages/pip/_vendor/msgpack/__pycache__) by extension 'ignore_ament_install'
[0.683s] Level 1:colcon.colcon_core.package_identification:_identify(venv/lib/python3.12/site-packages/pip/_vendor/msgpack/__pycache__) by extensions ['colcon_pkg']
[0.683s] Level 1:colcon.colcon_core.package_identification:_identify(venv/lib/python3.12/site-packages/pip/_vendor/msgpack/__pycache__) by extension 'colcon_pkg'
[0.683s] Level 1:colcon.colcon_core.package_identification:_identify(venv/lib/python3.12/site-packages/pip/_vendor/msgpack/__pycache__) by extensions ['colcon_meta']
[0.683s] Level 1:colcon.colcon_core.package_identification:_identify(venv/lib/python3.12/site-packages/pip/_vendor/msgpack/__pycache__) by extension 'colcon_meta'
[0.683s] Level 1:colcon.colcon_core.package_identification:_identify(venv/lib/python3.12/site-packages/pip/_vendor/msgpack/__pycache__) by extensions ['ros']
[0.683s] Level 1:colcon.colcon_core.package_identification:_identify(venv/lib/python3.12/site-packages/pip/_vendor/msgpack/__pycache__) by extension 'ros'
[0.684s] Level 1:colcon.colcon_core.package_identification:_identify(venv/lib/python3.12/site-packages/pip/_vendor/msgpack/__pycache__) by extensions ['cmake', 'python']
[0.684s] Level 1:colcon.colcon_core.package_identification:_identify(venv/lib/python3.12/site-packages/pip/_vendor/msgpack/__pycache__) by extension 'cmake'
[0.684s] Level 1:colcon.colcon_core.package_identification:_identify(venv/lib/python3.12/site-packages/pip/_vendor/msgpack/__pycache__) by extension 'python'
[0.684s] Level 1:colcon.colcon_core.package_identification:_identify(venv/lib/python3.12/site-packages/pip/_vendor/msgpack/__pycache__) by extensions ['python_setup_py']
[0.684s] Level 1:colcon.colcon_core.package_identification:_identify(venv/lib/python3.12/site-packages/pip/_vendor/msgpack/__pycache__) by extension 'python_setup_py'
[0.684s] Level 1:colcon.colcon_core.package_identification:_identify(venv/lib/python3.12/site-packages/pip/_vendor/packaging) by extensions ['ignore', 'ignore_ament_install']
[0.684s] Level 1:colcon.colcon_core.package_identification:_identify(venv/lib/python3.12/site-packages/pip/_vendor/packaging) by extension 'ignore'
[0.684s] Level 1:colcon.colcon_core.package_identification:_identify(venv/lib/python3.12/site-packages/pip/_vendor/packaging) by extension 'ignore_ament_install'
[0.684s] Level 1:colcon.colcon_core.package_identification:_identify(venv/lib/python3.12/site-packages/pip/_vendor/packaging) by extensions ['colcon_pkg']
[0.684s] Level 1:colcon.colcon_core.package_identification:_identify(venv/lib/python3.12/site-packages/pip/_vendor/packaging) by extension 'colcon_pkg'
[0.684s] Level 1:colcon.colcon_core.package_identification:_identify(venv/lib/python3.12/site-packages/pip/_vendor/packaging) by extensions ['colcon_meta']
[0.684s] Level 1:colcon.colcon_core.package_identification:_identify(venv/lib/python3.12/site-packages/pip/_vendor/packaging) by extension 'colcon_meta'
[0.684s] Level 1:colcon.colcon_core.package_identification:_identify(venv/lib/python3.12/site-packages/pip/_vendor/packaging) by extensions ['ros']
[0.684s] Level 1:colcon.colcon_core.package_identification:_identify(venv/lib/python3.12/site-packages/pip/_vendor/packaging) by extension 'ros'
[0.684s] Level 1:colcon.colcon_core.package_identification:_identify(venv/lib/python3.12/site-packages/pip/_vendor/packaging) by extensions ['cmake', 'python']
[0.684s] Level 1:colcon.colcon_core.package_identification:_identify(venv/lib/python3.12/site-packages/pip/_vendor/packaging) by extension 'cmake'
[0.685s] Level 1:colcon.colcon_core.package_identification:_identify(venv/lib/python3.12/site-packages/pip/_vendor/packaging) by extension 'python'
[0.685s] Level 1:colcon.colcon_core.package_identification:_identify(venv/lib/python3.12/site-packages/pip/_vendor/packaging) by extensions ['python_setup_py']
[0.685s] Level 1:colcon.colcon_core.package_identification:_identify(venv/lib/python3.12/site-packages/pip/_vendor/packaging) by extension 'python_setup_py'
[0.685s] Level 1:colcon.colcon_core.package_identification:_identify(venv/lib/python3.12/site-packages/pip/_vendor/packaging/__pycache__) by extensions ['ignore', 'ignore_ament_install']
[0.685s] Level 1:colcon.colcon_core.package_identification:_identify(venv/lib/python3.12/site-packages/pip/_vendor/packaging/__pycache__) by extension 'ignore'
[0.685s] Level 1:colcon.colcon_core.package_identification:_identify(venv/lib/python3.12/site-packages/pip/_vendor/packaging/__pycache__) by extension 'ignore_ament_install'
[0.685s] Level 1:colcon.colcon_core.package_identification:_identify(venv/lib/python3.12/site-packages/pip/_vendor/packaging/__pycache__) by extensions ['colcon_pkg']
[0.685s] Level 1:colcon.colcon_core.package_identification:_identify(venv/lib/python3.12/site-packages/pip/_vendor/packaging/__pycache__) by extension 'colcon_pkg'
[0.685s] Level 1:colcon.colcon_core.package_identification:_identify(venv/lib/python3.12/site-packages/pip/_vendor/packaging/__pycache__) by extensions ['colcon_meta']
[0.685s] Level 1:colcon.colcon_core.package_identification:_identify(venv/lib/python3.12/site-packages/pip/_vendor/packaging/__pycache__) by extension 'colcon_meta'
[0.685s] Level 1:colcon.colcon_core.package_identification:_identify(venv/lib/python3.12/site-packages/pip/_vendor/packaging/__pycache__) by extensions ['ros']
[0.685s] Level 1:colcon.colcon_core.package_identification:_identify(venv/lib/python3.12/site-packages/pip/_vendor/packaging/__pycache__) by extension 'ros'
[0.685s] Level 1:colcon.colcon_core.package_identification:_identify(venv/lib/python3.12/site-packages/pip/_vendor/packaging/__pycache__) by extensions ['cmake', 'python']
[0.685s] Level 1:colcon.colcon_core.package_identification:_identify(venv/lib/python3.12/site-packages/pip/_vendor/packaging/__pycache__) by extension 'cmake'
[0.685s] Level 1:colcon.colcon_core.package_identification:_identify(venv/lib/python3.12/site-packages/pip/_vendor/packaging/__pycache__) by extension 'python'
[0.685s] Level 1:colcon.colcon_core.package_identification:_identify(venv/lib/python3.12/site-packages/pip/_vendor/packaging/__pycache__) by extensions ['python_setup_py']
[0.685s] Level 1:colcon.colcon_core.package_identification:_identify(venv/lib/python3.12/site-packages/pip/_vendor/packaging/__pycache__) by extension 'python_setup_py'
[0.686s] Level 1:colcon.colcon_core.package_identification:_identify(venv/lib/python3.12/site-packages/pip/_vendor/packaging/licenses) by extensions ['ignore', 'ignore_ament_install']
[0.686s] Level 1:colcon.colcon_core.package_identification:_identify(venv/lib/python3.12/site-packages/pip/_vendor/packaging/licenses) by extension 'ignore'
[0.686s] Level 1:colcon.colcon_core.package_identification:_identify(venv/lib/python3.12/site-packages/pip/_vendor/packaging/licenses) by extension 'ignore_ament_install'
[0.686s] Level 1:colcon.colcon_core.package_identification:_identify(venv/lib/python3.12/site-packages/pip/_vendor/packaging/licenses) by extensions ['colcon_pkg']
[0.686s] Level 1:colcon.colcon_core.package_identification:_identify(venv/lib/python3.12/site-packages/pip/_vendor/packaging/licenses) by extension 'colcon_pkg'
[0.686s] Level 1:colcon.colcon_core.package_identification:_identify(venv/lib/python3.12/site-packages/pip/_vendor/packaging/licenses) by extensions ['colcon_meta']
[0.686s] Level 1:colcon.colcon_core.package_identification:_identify(venv/lib/python3.12/site-packages/pip/_vendor/packaging/licenses) by extension 'colcon_meta'
[0.686s] Level 1:colcon.colcon_core.package_identification:_identify(venv/lib/python3.12/site-packages/pip/_vendor/packaging/licenses) by extensions ['ros']
[0.686s] Level 1:colcon.colcon_core.package_identification:_identify(venv/lib/python3.12/site-packages/pip/_vendor/packaging/licenses) by extension 'ros'
[0.686s] Level 1:colcon.colcon_core.package_identification:_identify(venv/lib/python3.12/site-packages/pip/_vendor/packaging/licenses) by extensions ['cmake', 'python']
[0.686s] Level 1:colcon.colcon_core.package_identification:_identify(venv/lib/python3.12/site-packages/pip/_vendor/packaging/licenses) by extension 'cmake'
[0.686s] Level 1:colcon.colcon_core.package_identification:_identify(venv/lib/python3.12/site-packages/pip/_vendor/packaging/licenses) by extension 'python'
[0.686s] Level 1:colcon.colcon_core.package_identification:_identify(venv/lib/python3.12/site-packages/pip/_vendor/packaging/licenses) by extensions ['python_setup_py']
[0.686s] Level 1:colcon.colcon_core.package_identification:_identify(venv/lib/python3.12/site-packages/pip/_vendor/packaging/licenses) by extension 'python_setup_py'
[0.686s] Level 1:colcon.colcon_core.package_identification:_identify(venv/lib/python3.12/site-packages/pip/_vendor/packaging/licenses/__pycache__) by extensions ['ignore', 'ignore_ament_install']
[0.687s] Level 1:colcon.colcon_core.package_identification:_identify(venv/lib/python3.12/site-packages/pip/_vendor/packaging/licenses/__pycache__) by extension 'ignore'
[0.687s] Level 1:colcon.colcon_core.package_identification:_identify(venv/lib/python3.12/site-packages/pip/_vendor/packaging/licenses/__pycache__) by extension 'ignore_ament_install'
[0.687s] Level 1:colcon.colcon_core.package_identification:_identify(venv/lib/python3.12/site-packages/pip/_vendor/packaging/licenses/__pycache__) by extensions ['colcon_pkg']
[0.687s] Level 1:colcon.colcon_core.package_identification:_identify(venv/lib/python3.12/site-packages/pip/_vendor/packaging/licenses/__pycache__) by extension 'colcon_pkg'
[0.687s] Level 1:colcon.colcon_core.package_identification:_identify(venv/lib/python3.12/site-packages/pip/_vendor/packaging/licenses/__pycache__) by extensions ['colcon_meta']
[0.687s] Level 1:colcon.colcon_core.package_identification:_identify(venv/lib/python3.12/site-packages/pip/_vendor/packaging/licenses/__pycache__) by extension 'colcon_meta'
[0.687s] Level 1:colcon.colcon_core.package_identification:_identify(venv/lib/python3.12/site-packages/pip/_vendor/packaging/licenses/__pycache__) by extensions ['ros']
[0.687s] Level 1:colcon.colcon_core.package_identification:_identify(venv/lib/python3.12/site-packages/pip/_vendor/packaging/licenses/__pycache__) by extension 'ros'
[0.687s] Level 1:colcon.colcon_core.package_identification:_identify(venv/lib/python3.12/site-packages/pip/_vendor/packaging/licenses/__pycache__) by extensions ['cmake', 'python']
[0.687s] Level 1:colcon.colcon_core.package_identification:_identify(venv/lib/python3.12/site-packages/pip/_vendor/packaging/licenses/__pycache__) by extension 'cmake'
[0.687s] Level 1:colcon.colcon_core.package_identification:_identify(venv/lib/python3.12/site-packages/pip/_vendor/packaging/licenses/__pycache__) by extension 'python'
[0.687s] Level 1:colcon.colcon_core.package_identification:_identify(venv/lib/python3.12/site-packages/pip/_vendor/packaging/licenses/__pycache__) by extensions ['python_setup_py']
[0.687s] Level 1:colcon.colcon_core.package_identification:_identify(venv/lib/python3.12/site-packages/pip/_vendor/packaging/licenses/__pycache__) by extension 'python_setup_py'
[0.687s] Level 1:colcon.colcon_core.package_identification:_identify(venv/lib/python3.12/site-packages/pip/_vendor/pkg_resources) by extensions ['ignore', 'ignore_ament_install']
[0.687s] Level 1:colcon.colcon_core.package_identification:_identify(venv/lib/python3.12/site-packages/pip/_vendor/pkg_resources) by extension 'ignore'
[0.687s] Level 1:colcon.colcon_core.package_identification:_identify(venv/lib/python3.12/site-packages/pip/_vendor/pkg_resources) by extension 'ignore_ament_install'
[0.688s] Level 1:colcon.colcon_core.package_identification:_identify(venv/lib/python3.12/site-packages/pip/_vendor/pkg_resources) by extensions ['colcon_pkg']
[0.688s] Level 1:colcon.colcon_core.package_identification:_identify(venv/lib/python3.12/site-packages/pip/_vendor/pkg_resources) by extension 'colcon_pkg'
[0.688s] Level 1:colcon.colcon_core.package_identification:_identify(venv/lib/python3.12/site-packages/pip/_vendor/pkg_resources) by extensions ['colcon_meta']
[0.688s] Level 1:colcon.colcon_core.package_identification:_identify(venv/lib/python3.12/site-packages/pip/_vendor/pkg_resources) by extension 'colcon_meta'
[0.688s] Level 1:colcon.colcon_core.package_identification:_identify(venv/lib/python3.12/site-packages/pip/_vendor/pkg_resources) by extensions ['ros']
[0.688s] Level 1:colcon.colcon_core.package_identification:_identify(venv/lib/python3.12/site-packages/pip/_vendor/pkg_resources) by extension 'ros'
[0.688s] Level 1:colcon.colcon_core.package_identification:_identify(venv/lib/python3.12/site-packages/pip/_vendor/pkg_resources) by extensions ['cmake', 'python']
[0.688s] Level 1:colcon.colcon_core.package_identification:_identify(venv/lib/python3.12/site-packages/pip/_vendor/pkg_resources) by extension 'cmake'
[0.688s] Level 1:colcon.colcon_core.package_identification:_identify(venv/lib/python3.12/site-packages/pip/_vendor/pkg_resources) by extension 'python'
[0.688s] Level 1:colcon.colcon_core.package_identification:_identify(venv/lib/python3.12/site-packages/pip/_vendor/pkg_resources) by extensions ['python_setup_py']
[0.688s] Level 1:colcon.colcon_core.package_identification:_identify(venv/lib/python3.12/site-packages/pip/_vendor/pkg_resources) by extension 'python_setup_py'
[0.688s] Level 1:colcon.colcon_core.package_identification:_identify(venv/lib/python3.12/site-packages/pip/_vendor/pkg_resources/__pycache__) by extensions ['ignore', 'ignore_ament_install']
[0.688s] Level 1:colcon.colcon_core.package_identification:_identify(venv/lib/python3.12/site-packages/pip/_vendor/pkg_resources/__pycache__) by extension 'ignore'
[0.688s] Level 1:colcon.colcon_core.package_identification:_identify(venv/lib/python3.12/site-packages/pip/_vendor/pkg_resources/__pycache__) by extension 'ignore_ament_install'
[0.688s] Level 1:colcon.colcon_core.package_identification:_identify(venv/lib/python3.12/site-packages/pip/_vendor/pkg_resources/__pycache__) by extensions ['colcon_pkg']
[0.688s] Level 1:colcon.colcon_core.package_identification:_identify(venv/lib/python3.12/site-packages/pip/_vendor/pkg_resources/__pycache__) by extension 'colcon_pkg'
[0.688s] Level 1:colcon.colcon_core.package_identification:_identify(venv/lib/python3.12/site-packages/pip/_vendor/pkg_resources/__pycache__) by extensions ['colcon_meta']
[0.688s] Level 1:colcon.colcon_core.package_identification:_identify(venv/lib/python3.12/site-packages/pip/_vendor/pkg_resources/__pycache__) by extension 'colcon_meta'
[0.689s] Level 1:colcon.colcon_core.package_identification:_identify(venv/lib/python3.12/site-packages/pip/_vendor/pkg_resources/__pycache__) by extensions ['ros']
[0.689s] Level 1:colcon.colcon_core.package_identification:_identify(venv/lib/python3.12/site-packages/pip/_vendor/pkg_resources/__pycache__) by extension 'ros'
[0.689s] Level 1:colcon.colcon_core.package_identification:_identify(venv/lib/python3.12/site-packages/pip/_vendor/pkg_resources/__pycache__) by extensions ['cmake', 'python']
[0.689s] Level 1:colcon.colcon_core.package_identification:_identify(venv/lib/python3.12/site-packages/pip/_vendor/pkg_resources/__pycache__) by extension 'cmake'
[0.689s] Level 1:colcon.colcon_core.package_identification:_identify(venv/lib/python3.12/site-packages/pip/_vendor/pkg_resources/__pycache__) by extension 'python'
[0.689s] Level 1:colcon.colcon_core.package_identification:_identify(venv/lib/python3.12/site-packages/pip/_vendor/pkg_resources/__pycache__) by extensions ['python_setup_py']
[0.689s] Level 1:colcon.colcon_core.package_identification:_identify(venv/lib/python3.12/site-packages/pip/_vendor/pkg_resources/__pycache__) by extension 'python_setup_py'
[0.689s] Level 1:colcon.colcon_core.package_identification:_identify(venv/lib/python3.12/site-packages/pip/_vendor/platformdirs) by extensions ['ignore', 'ignore_ament_install']
[0.689s] Level 1:colcon.colcon_core.package_identification:_identify(venv/lib/python3.12/site-packages/pip/_vendor/platformdirs) by extension 'ignore'
[0.689s] Level 1:colcon.colcon_core.package_identification:_identify(venv/lib/python3.12/site-packages/pip/_vendor/platformdirs) by extension 'ignore_ament_install'
[0.689s] Level 1:colcon.colcon_core.package_identification:_identify(venv/lib/python3.12/site-packages/pip/_vendor/platformdirs) by extensions ['colcon_pkg']
[0.689s] Level 1:colcon.colcon_core.package_identification:_identify(venv/lib/python3.12/site-packages/pip/_vendor/platformdirs) by extension 'colcon_pkg'
[0.689s] Level 1:colcon.colcon_core.package_identification:_identify(venv/lib/python3.12/site-packages/pip/_vendor/platformdirs) by extensions ['colcon_meta']
[0.689s] Level 1:colcon.colcon_core.package_identification:_identify(venv/lib/python3.12/site-packages/pip/_vendor/platformdirs) by extension 'colcon_meta'
[0.689s] Level 1:colcon.colcon_core.package_identification:_identify(venv/lib/python3.12/site-packages/pip/_vendor/platformdirs) by extensions ['ros']
[0.689s] Level 1:colcon.colcon_core.package_identification:_identify(venv/lib/python3.12/site-packages/pip/_vendor/platformdirs) by extension 'ros'
[0.690s] Level 1:colcon.colcon_core.package_identification:_identify(venv/lib/python3.12/site-packages/pip/_vendor/platformdirs) by extensions ['cmake', 'python']
[0.690s] Level 1:colcon.colcon_core.package_identification:_identify(venv/lib/python3.12/site-packages/pip/_vendor/platformdirs) by extension 'cmake'
[0.690s] Level 1:colcon.colcon_core.package_identification:_identify(venv/lib/python3.12/site-packages/pip/_vendor/platformdirs) by extension 'python'
[0.690s] Level 1:colcon.colcon_core.package_identification:_identify(venv/lib/python3.12/site-packages/pip/_vendor/platformdirs) by extensions ['python_setup_py']
[0.690s] Level 1:colcon.colcon_core.package_identification:_identify(venv/lib/python3.12/site-packages/pip/_vendor/platformdirs) by extension 'python_setup_py'
[0.690s] Level 1:colcon.colcon_core.package_identification:_identify(venv/lib/python3.12/site-packages/pip/_vendor/platformdirs/__pycache__) by extensions ['ignore', 'ignore_ament_install']
[0.690s] Level 1:colcon.colcon_core.package_identification:_identify(venv/lib/python3.12/site-packages/pip/_vendor/platformdirs/__pycache__) by extension 'ignore'
[0.690s] Level 1:colcon.colcon_core.package_identification:_identify(venv/lib/python3.12/site-packages/pip/_vendor/platformdirs/__pycache__) by extension 'ignore_ament_install'
[0.690s] Level 1:colcon.colcon_core.package_identification:_identify(venv/lib/python3.12/site-packages/pip/_vendor/platformdirs/__pycache__) by extensions ['colcon_pkg']
[0.690s] Level 1:colcon.colcon_core.package_identification:_identify(venv/lib/python3.12/site-packages/pip/_vendor/platformdirs/__pycache__) by extension 'colcon_pkg'
[0.690s] Level 1:colcon.colcon_core.package_identification:_identify(venv/lib/python3.12/site-packages/pip/_vendor/platformdirs/__pycache__) by extensions ['colcon_meta']
[0.690s] Level 1:colcon.colcon_core.package_identification:_identify(venv/lib/python3.12/site-packages/pip/_vendor/platformdirs/__pycache__) by extension 'colcon_meta'
[0.690s] Level 1:colcon.colcon_core.package_identification:_identify(venv/lib/python3.12/site-packages/pip/_vendor/platformdirs/__pycache__) by extensions ['ros']
[0.690s] Level 1:colcon.colcon_core.package_identification:_identify(venv/lib/python3.12/site-packages/pip/_vendor/platformdirs/__pycache__) by extension 'ros'
[0.690s] Level 1:colcon.colcon_core.package_identification:_identify(venv/lib/python3.12/site-packages/pip/_vendor/platformdirs/__pycache__) by extensions ['cmake', 'python']
[0.690s] Level 1:colcon.colcon_core.package_identification:_identify(venv/lib/python3.12/site-packages/pip/_vendor/platformdirs/__pycache__) by extension 'cmake'
[0.690s] Level 1:colcon.colcon_core.package_identification:_identify(venv/lib/python3.12/site-packages/pip/_vendor/platformdirs/__pycache__) by extension 'python'
[0.690s] Level 1:colcon.colcon_core.package_identification:_identify(venv/lib/python3.12/site-packages/pip/_vendor/platformdirs/__pycache__) by extensions ['python_setup_py']
[0.691s] Level 1:colcon.colcon_core.package_identification:_identify(venv/lib/python3.12/site-packages/pip/_vendor/platformdirs/__pycache__) by extension 'python_setup_py'
[0.691s] Level 1:colcon.colcon_core.package_identification:_identify(venv/lib/python3.12/site-packages/pip/_vendor/pygments) by extensions ['ignore', 'ignore_ament_install']
[0.691s] Level 1:colcon.colcon_core.package_identification:_identify(venv/lib/python3.12/site-packages/pip/_vendor/pygments) by extension 'ignore'
[0.691s] Level 1:colcon.colcon_core.package_identification:_identify(venv/lib/python3.12/site-packages/pip/_vendor/pygments) by extension 'ignore_ament_install'
[0.691s] Level 1:colcon.colcon_core.package_identification:_identify(venv/lib/python3.12/site-packages/pip/_vendor/pygments) by extensions ['colcon_pkg']
[0.691s] Level 1:colcon.colcon_core.package_identification:_identify(venv/lib/python3.12/site-packages/pip/_vendor/pygments) by extension 'colcon_pkg'
[0.691s] Level 1:colcon.colcon_core.package_identification:_identify(venv/lib/python3.12/site-packages/pip/_vendor/pygments) by extensions ['colcon_meta']
[0.691s] Level 1:colcon.colcon_core.package_identification:_identify(venv/lib/python3.12/site-packages/pip/_vendor/pygments) by extension 'colcon_meta'
[0.691s] Level 1:colcon.colcon_core.package_identification:_identify(venv/lib/python3.12/site-packages/pip/_vendor/pygments) by extensions ['ros']
[0.691s] Level 1:colcon.colcon_core.package_identification:_identify(venv/lib/python3.12/site-packages/pip/_vendor/pygments) by extension 'ros'
[0.691s] Level 1:colcon.colcon_core.package_identification:_identify(venv/lib/python3.12/site-packages/pip/_vendor/pygments) by extensions ['cmake', 'python']
[0.691s] Level 1:colcon.colcon_core.package_identification:_identify(venv/lib/python3.12/site-packages/pip/_vendor/pygments) by extension 'cmake'
[0.691s] Level 1:colcon.colcon_core.package_identification:_identify(venv/lib/python3.12/site-packages/pip/_vendor/pygments) by extension 'python'
[0.691s] Level 1:colcon.colcon_core.package_identification:_identify(venv/lib/python3.12/site-packages/pip/_vendor/pygments) by extensions ['python_setup_py']
[0.691s] Level 1:colcon.colcon_core.package_identification:_identify(venv/lib/python3.12/site-packages/pip/_vendor/pygments) by extension 'python_setup_py'
[0.692s] Level 1:colcon.colcon_core.package_identification:_identify(venv/lib/python3.12/site-packages/pip/_vendor/pygments/__pycache__) by extensions ['ignore', 'ignore_ament_install']
[0.692s] Level 1:colcon.colcon_core.package_identification:_identify(venv/lib/python3.12/site-packages/pip/_vendor/pygments/__pycache__) by extension 'ignore'
[0.692s] Level 1:colcon.colcon_core.package_identification:_identify(venv/lib/python3.12/site-packages/pip/_vendor/pygments/__pycache__) by extension 'ignore_ament_install'
[0.692s] Level 1:colcon.colcon_core.package_identification:_identify(venv/lib/python3.12/site-packages/pip/_vendor/pygments/__pycache__) by extensions ['colcon_pkg']
[0.692s] Level 1:colcon.colcon_core.package_identification:_identify(venv/lib/python3.12/site-packages/pip/_vendor/pygments/__pycache__) by extension 'colcon_pkg'
[0.692s] Level 1:colcon.colcon_core.package_identification:_identify(venv/lib/python3.12/site-packages/pip/_vendor/pygments/__pycache__) by extensions ['colcon_meta']
[0.692s] Level 1:colcon.colcon_core.package_identification:_identify(venv/lib/python3.12/site-packages/pip/_vendor/pygments/__pycache__) by extension 'colcon_meta'
[0.692s] Level 1:colcon.colcon_core.package_identification:_identify(venv/lib/python3.12/site-packages/pip/_vendor/pygments/__pycache__) by extensions ['ros']
[0.692s] Level 1:colcon.colcon_core.package_identification:_identify(venv/lib/python3.12/site-packages/pip/_vendor/pygments/__pycache__) by extension 'ros'
[0.692s] Level 1:colcon.colcon_core.package_identification:_identify(venv/lib/python3.12/site-packages/pip/_vendor/pygments/__pycache__) by extensions ['cmake', 'python']
[0.692s] Level 1:colcon.colcon_core.package_identification:_identify(venv/lib/python3.12/site-packages/pip/_vendor/pygments/__pycache__) by extension 'cmake'
[0.692s] Level 1:colcon.colcon_core.package_identification:_identify(venv/lib/python3.12/site-packages/pip/_vendor/pygments/__pycache__) by extension 'python'
[0.692s] Level 1:colcon.colcon_core.package_identification:_identify(venv/lib/python3.12/site-packages/pip/_vendor/pygments/__pycache__) by extensions ['python_setup_py']
[0.692s] Level 1:colcon.colcon_core.package_identification:_identify(venv/lib/python3.12/site-packages/pip/_vendor/pygments/__pycache__) by extension 'python_setup_py'
[0.692s] Level 1:colcon.colcon_core.package_identification:_identify(venv/lib/python3.12/site-packages/pip/_vendor/pygments/filters) by extensions ['ignore', 'ignore_ament_install']
[0.692s] Level 1:colcon.colcon_core.package_identification:_identify(venv/lib/python3.12/site-packages/pip/_vendor/pygments/filters) by extension 'ignore'
[0.693s] Level 1:colcon.colcon_core.package_identification:_identify(venv/lib/python3.12/site-packages/pip/_vendor/pygments/filters) by extension 'ignore_ament_install'
[0.693s] Level 1:colcon.colcon_core.package_identification:_identify(venv/lib/python3.12/site-packages/pip/_vendor/pygments/filters) by extensions ['colcon_pkg']
[0.693s] Level 1:colcon.colcon_core.package_identification:_identify(venv/lib/python3.12/site-packages/pip/_vendor/pygments/filters) by extension 'colcon_pkg'
[0.693s] Level 1:colcon.colcon_core.package_identification:_identify(venv/lib/python3.12/site-packages/pip/_vendor/pygments/filters) by extensions ['colcon_meta']
[0.693s] Level 1:colcon.colcon_core.package_identification:_identify(venv/lib/python3.12/site-packages/pip/_vendor/pygments/filters) by extension 'colcon_meta'
[0.693s] Level 1:colcon.colcon_core.package_identification:_identify(venv/lib/python3.12/site-packages/pip/_vendor/pygments/filters) by extensions ['ros']
[0.693s] Level 1:colcon.colcon_core.package_identification:_identify(venv/lib/python3.12/site-packages/pip/_vendor/pygments/filters) by extension 'ros'
[0.693s] Level 1:colcon.colcon_core.package_identification:_identify(venv/lib/python3.12/site-packages/pip/_vendor/pygments/filters) by extensions ['cmake', 'python']
[0.693s] Level 1:colcon.colcon_core.package_identification:_identify(venv/lib/python3.12/site-packages/pip/_vendor/pygments/filters) by extension 'cmake'
[0.693s] Level 1:colcon.colcon_core.package_identification:_identify(venv/lib/python3.12/site-packages/pip/_vendor/pygments/filters) by extension 'python'
[0.693s] Level 1:colcon.colcon_core.package_identification:_identify(venv/lib/python3.12/site-packages/pip/_vendor/pygments/filters) by extensions ['python_setup_py']
[0.693s] Level 1:colcon.colcon_core.package_identification:_identify(venv/lib/python3.12/site-packages/pip/_vendor/pygments/filters) by extension 'python_setup_py'
[0.693s] Level 1:colcon.colcon_core.package_identification:_identify(venv/lib/python3.12/site-packages/pip/_vendor/pygments/filters/__pycache__) by extensions ['ignore', 'ignore_ament_install']
[0.693s] Level 1:colcon.colcon_core.package_identification:_identify(venv/lib/python3.12/site-packages/pip/_vendor/pygments/filters/__pycache__) by extension 'ignore'
[0.693s] Level 1:colcon.colcon_core.package_identification:_identify(venv/lib/python3.12/site-packages/pip/_vendor/pygments/filters/__pycache__) by extension 'ignore_ament_install'
[0.693s] Level 1:colcon.colcon_core.package_identification:_identify(venv/lib/python3.12/site-packages/pip/_vendor/pygments/filters/__pycache__) by extensions ['colcon_pkg']
[0.693s] Level 1:colcon.colcon_core.package_identification:_identify(venv/lib/python3.12/site-packages/pip/_vendor/pygments/filters/__pycache__) by extension 'colcon_pkg'
[0.694s] Level 1:colcon.colcon_core.package_identification:_identify(venv/lib/python3.12/site-packages/pip/_vendor/pygments/filters/__pycache__) by extensions ['colcon_meta']
[0.694s] Level 1:colcon.colcon_core.package_identification:_identify(venv/lib/python3.12/site-packages/pip/_vendor/pygments/filters/__pycache__) by extension 'colcon_meta'
[0.694s] Level 1:colcon.colcon_core.package_identification:_identify(venv/lib/python3.12/site-packages/pip/_vendor/pygments/filters/__pycache__) by extensions ['ros']
[0.694s] Level 1:colcon.colcon_core.package_identification:_identify(venv/lib/python3.12/site-packages/pip/_vendor/pygments/filters/__pycache__) by extension 'ros'
[0.694s] Level 1:colcon.colcon_core.package_identification:_identify(venv/lib/python3.12/site-packages/pip/_vendor/pygments/filters/__pycache__) by extensions ['cmake', 'python']
[0.694s] Level 1:colcon.colcon_core.package_identification:_identify(venv/lib/python3.12/site-packages/pip/_vendor/pygments/filters/__pycache__) by extension 'cmake'
[0.694s] Level 1:colcon.colcon_core.package_identification:_identify(venv/lib/python3.12/site-packages/pip/_vendor/pygments/filters/__pycache__) by extension 'python'
[0.694s] Level 1:colcon.colcon_core.package_identification:_identify(venv/lib/python3.12/site-packages/pip/_vendor/pygments/filters/__pycache__) by extensions ['python_setup_py']
[0.694s] Level 1:colcon.colcon_core.package_identification:_identify(venv/lib/python3.12/site-packages/pip/_vendor/pygments/filters/__pycache__) by extension 'python_setup_py'
[0.694s] Level 1:colcon.colcon_core.package_identification:_identify(venv/lib/python3.12/site-packages/pip/_vendor/pygments/formatters) by extensions ['ignore', 'ignore_ament_install']
[0.694s] Level 1:colcon.colcon_core.package_identification:_identify(venv/lib/python3.12/site-packages/pip/_vendor/pygments/formatters) by extension 'ignore'
[0.694s] Level 1:colcon.colcon_core.package_identification:_identify(venv/lib/python3.12/site-packages/pip/_vendor/pygments/formatters) by extension 'ignore_ament_install'
[0.694s] Level 1:colcon.colcon_core.package_identification:_identify(venv/lib/python3.12/site-packages/pip/_vendor/pygments/formatters) by extensions ['colcon_pkg']
[0.694s] Level 1:colcon.colcon_core.package_identification:_identify(venv/lib/python3.12/site-packages/pip/_vendor/pygments/formatters) by extension 'colcon_pkg'
[0.694s] Level 1:colcon.colcon_core.package_identification:_identify(venv/lib/python3.12/site-packages/pip/_vendor/pygments/formatters) by extensions ['colcon_meta']
[0.694s] Level 1:colcon.colcon_core.package_identification:_identify(venv/lib/python3.12/site-packages/pip/_vendor/pygments/formatters) by extension 'colcon_meta'
[0.694s] Level 1:colcon.colcon_core.package_identification:_identify(venv/lib/python3.12/site-packages/pip/_vendor/pygments/formatters) by extensions ['ros']
[0.694s] Level 1:colcon.colcon_core.package_identification:_identify(venv/lib/python3.12/site-packages/pip/_vendor/pygments/formatters) by extension 'ros'
[0.695s] Level 1:colcon.colcon_core.package_identification:_identify(venv/lib/python3.12/site-packages/pip/_vendor/pygments/formatters) by extensions ['cmake', 'python']
[0.695s] Level 1:colcon.colcon_core.package_identification:_identify(venv/lib/python3.12/site-packages/pip/_vendor/pygments/formatters) by extension 'cmake'
[0.695s] Level 1:colcon.colcon_core.package_identification:_identify(venv/lib/python3.12/site-packages/pip/_vendor/pygments/formatters) by extension 'python'
[0.695s] Level 1:colcon.colcon_core.package_identification:_identify(venv/lib/python3.12/site-packages/pip/_vendor/pygments/formatters) by extensions ['python_setup_py']
[0.695s] Level 1:colcon.colcon_core.package_identification:_identify(venv/lib/python3.12/site-packages/pip/_vendor/pygments/formatters) by extension 'python_setup_py'
[0.695s] Level 1:colcon.colcon_core.package_identification:_identify(venv/lib/python3.12/site-packages/pip/_vendor/pygments/formatters/__pycache__) by extensions ['ignore', 'ignore_ament_install']
[0.695s] Level 1:colcon.colcon_core.package_identification:_identify(venv/lib/python3.12/site-packages/pip/_vendor/pygments/formatters/__pycache__) by extension 'ignore'
[0.695s] Level 1:colcon.colcon_core.package_identification:_identify(venv/lib/python3.12/site-packages/pip/_vendor/pygments/formatters/__pycache__) by extension 'ignore_ament_install'
[0.695s] Level 1:colcon.colcon_core.package_identification:_identify(venv/lib/python3.12/site-packages/pip/_vendor/pygments/formatters/__pycache__) by extensions ['colcon_pkg']
[0.695s] Level 1:colcon.colcon_core.package_identification:_identify(venv/lib/python3.12/site-packages/pip/_vendor/pygments/formatters/__pycache__) by extension 'colcon_pkg'
[0.695s] Level 1:colcon.colcon_core.package_identification:_identify(venv/lib/python3.12/site-packages/pip/_vendor/pygments/formatters/__pycache__) by extensions ['colcon_meta']
[0.695s] Level 1:colcon.colcon_core.package_identification:_identify(venv/lib/python3.12/site-packages/pip/_vendor/pygments/formatters/__pycache__) by extension 'colcon_meta'
[0.695s] Level 1:colcon.colcon_core.package_identification:_identify(venv/lib/python3.12/site-packages/pip/_vendor/pygments/formatters/__pycache__) by extensions ['ros']
[0.695s] Level 1:colcon.colcon_core.package_identification:_identify(venv/lib/python3.12/site-packages/pip/_vendor/pygments/formatters/__pycache__) by extension 'ros'
[0.695s] Level 1:colcon.colcon_core.package_identification:_identify(venv/lib/python3.12/site-packages/pip/_vendor/pygments/formatters/__pycache__) by extensions ['cmake', 'python']
[0.695s] Level 1:colcon.colcon_core.package_identification:_identify(venv/lib/python3.12/site-packages/pip/_vendor/pygments/formatters/__pycache__) by extension 'cmake'
[0.696s] Level 1:colcon.colcon_core.package_identification:_identify(venv/lib/python3.12/site-packages/pip/_vendor/pygments/formatters/__pycache__) by extension 'python'
[0.696s] Level 1:colcon.colcon_core.package_identification:_identify(venv/lib/python3.12/site-packages/pip/_vendor/pygments/formatters/__pycache__) by extensions ['python_setup_py']
[0.696s] Level 1:colcon.colcon_core.package_identification:_identify(venv/lib/python3.12/site-packages/pip/_vendor/pygments/formatters/__pycache__) by extension 'python_setup_py'
[0.696s] Level 1:colcon.colcon_core.package_identification:_identify(venv/lib/python3.12/site-packages/pip/_vendor/pygments/lexers) by extensions ['ignore', 'ignore_ament_install']
[0.696s] Level 1:colcon.colcon_core.package_identification:_identify(venv/lib/python3.12/site-packages/pip/_vendor/pygments/lexers) by extension 'ignore'
[0.696s] Level 1:colcon.colcon_core.package_identification:_identify(venv/lib/python3.12/site-packages/pip/_vendor/pygments/lexers) by extension 'ignore_ament_install'
[0.696s] Level 1:colcon.colcon_core.package_identification:_identify(venv/lib/python3.12/site-packages/pip/_vendor/pygments/lexers) by extensions ['colcon_pkg']
[0.696s] Level 1:colcon.colcon_core.package_identification:_identify(venv/lib/python3.12/site-packages/pip/_vendor/pygments/lexers) by extension 'colcon_pkg'
[0.696s] Level 1:colcon.colcon_core.package_identification:_identify(venv/lib/python3.12/site-packages/pip/_vendor/pygments/lexers) by extensions ['colcon_meta']
[0.696s] Level 1:colcon.colcon_core.package_identification:_identify(venv/lib/python3.12/site-packages/pip/_vendor/pygments/lexers) by extension 'colcon_meta'
[0.696s] Level 1:colcon.colcon_core.package_identification:_identify(venv/lib/python3.12/site-packages/pip/_vendor/pygments/lexers) by extensions ['ros']
[0.696s] Level 1:colcon.colcon_core.package_identification:_identify(venv/lib/python3.12/site-packages/pip/_vendor/pygments/lexers) by extension 'ros'
[0.696s] Level 1:colcon.colcon_core.package_identification:_identify(venv/lib/python3.12/site-packages/pip/_vendor/pygments/lexers) by extensions ['cmake', 'python']
[0.696s] Level 1:colcon.colcon_core.package_identification:_identify(venv/lib/python3.12/site-packages/pip/_vendor/pygments/lexers) by extension 'cmake'
[0.696s] Level 1:colcon.colcon_core.package_identification:_identify(venv/lib/python3.12/site-packages/pip/_vendor/pygments/lexers) by extension 'python'
[0.696s] Level 1:colcon.colcon_core.package_identification:_identify(venv/lib/python3.12/site-packages/pip/_vendor/pygments/lexers) by extensions ['python_setup_py']
[0.696s] Level 1:colcon.colcon_core.package_identification:_identify(venv/lib/python3.12/site-packages/pip/_vendor/pygments/lexers) by extension 'python_setup_py'
[0.697s] Level 1:colcon.colcon_core.package_identification:_identify(venv/lib/python3.12/site-packages/pip/_vendor/pygments/lexers/__pycache__) by extensions ['ignore', 'ignore_ament_install']
[0.697s] Level 1:colcon.colcon_core.package_identification:_identify(venv/lib/python3.12/site-packages/pip/_vendor/pygments/lexers/__pycache__) by extension 'ignore'
[0.697s] Level 1:colcon.colcon_core.package_identification:_identify(venv/lib/python3.12/site-packages/pip/_vendor/pygments/lexers/__pycache__) by extension 'ignore_ament_install'
[0.697s] Level 1:colcon.colcon_core.package_identification:_identify(venv/lib/python3.12/site-packages/pip/_vendor/pygments/lexers/__pycache__) by extensions ['colcon_pkg']
[0.697s] Level 1:colcon.colcon_core.package_identification:_identify(venv/lib/python3.12/site-packages/pip/_vendor/pygments/lexers/__pycache__) by extension 'colcon_pkg'
[0.697s] Level 1:colcon.colcon_core.package_identification:_identify(venv/lib/python3.12/site-packages/pip/_vendor/pygments/lexers/__pycache__) by extensions ['colcon_meta']
[0.697s] Level 1:colcon.colcon_core.package_identification:_identify(venv/lib/python3.12/site-packages/pip/_vendor/pygments/lexers/__pycache__) by extension 'colcon_meta'
[0.697s] Level 1:colcon.colcon_core.package_identification:_identify(venv/lib/python3.12/site-packages/pip/_vendor/pygments/lexers/__pycache__) by extensions ['ros']
[0.697s] Level 1:colcon.colcon_core.package_identification:_identify(venv/lib/python3.12/site-packages/pip/_vendor/pygments/lexers/__pycache__) by extension 'ros'
[0.697s] Level 1:colcon.colcon_core.package_identification:_identify(venv/lib/python3.12/site-packages/pip/_vendor/pygments/lexers/__pycache__) by extensions ['cmake', 'python']
[0.697s] Level 1:colcon.colcon_core.package_identification:_identify(venv/lib/python3.12/site-packages/pip/_vendor/pygments/lexers/__pycache__) by extension 'cmake'
[0.697s] Level 1:colcon.colcon_core.package_identification:_identify(venv/lib/python3.12/site-packages/pip/_vendor/pygments/lexers/__pycache__) by extension 'python'
[0.697s] Level 1:colcon.colcon_core.package_identification:_identify(venv/lib/python3.12/site-packages/pip/_vendor/pygments/lexers/__pycache__) by extensions ['python_setup_py']
[0.697s] Level 1:colcon.colcon_core.package_identification:_identify(venv/lib/python3.12/site-packages/pip/_vendor/pygments/lexers/__pycache__) by extension 'python_setup_py'
[0.697s] Level 1:colcon.colcon_core.package_identification:_identify(venv/lib/python3.12/site-packages/pip/_vendor/pygments/styles) by extensions ['ignore', 'ignore_ament_install']
[0.698s] Level 1:colcon.colcon_core.package_identification:_identify(venv/lib/python3.12/site-packages/pip/_vendor/pygments/styles) by extension 'ignore'
[0.698s] Level 1:colcon.colcon_core.package_identification:_identify(venv/lib/python3.12/site-packages/pip/_vendor/pygments/styles) by extension 'ignore_ament_install'
[0.698s] Level 1:colcon.colcon_core.package_identification:_identify(venv/lib/python3.12/site-packages/pip/_vendor/pygments/styles) by extensions ['colcon_pkg']
[0.698s] Level 1:colcon.colcon_core.package_identification:_identify(venv/lib/python3.12/site-packages/pip/_vendor/pygments/styles) by extension 'colcon_pkg'
[0.698s] Level 1:colcon.colcon_core.package_identification:_identify(venv/lib/python3.12/site-packages/pip/_vendor/pygments/styles) by extensions ['colcon_meta']
[0.698s] Level 1:colcon.colcon_core.package_identification:_identify(venv/lib/python3.12/site-packages/pip/_vendor/pygments/styles) by extension 'colcon_meta'
[0.698s] Level 1:colcon.colcon_core.package_identification:_identify(venv/lib/python3.12/site-packages/pip/_vendor/pygments/styles) by extensions ['ros']
[0.698s] Level 1:colcon.colcon_core.package_identification:_identify(venv/lib/python3.12/site-packages/pip/_vendor/pygments/styles) by extension 'ros'
[0.698s] Level 1:colcon.colcon_core.package_identification:_identify(venv/lib/python3.12/site-packages/pip/_vendor/pygments/styles) by extensions ['cmake', 'python']
[0.698s] Level 1:colcon.colcon_core.package_identification:_identify(venv/lib/python3.12/site-packages/pip/_vendor/pygments/styles) by extension 'cmake'
[0.698s] Level 1:colcon.colcon_core.package_identification:_identify(venv/lib/python3.12/site-packages/pip/_vendor/pygments/styles) by extension 'python'
[0.698s] Level 1:colcon.colcon_core.package_identification:_identify(venv/lib/python3.12/site-packages/pip/_vendor/pygments/styles) by extensions ['python_setup_py']
[0.698s] Level 1:colcon.colcon_core.package_identification:_identify(venv/lib/python3.12/site-packages/pip/_vendor/pygments/styles) by extension 'python_setup_py'
[0.698s] Level 1:colcon.colcon_core.package_identification:_identify(venv/lib/python3.12/site-packages/pip/_vendor/pygments/styles/__pycache__) by extensions ['ignore', 'ignore_ament_install']
[0.698s] Level 1:colcon.colcon_core.package_identification:_identify(venv/lib/python3.12/site-packages/pip/_vendor/pygments/styles/__pycache__) by extension 'ignore'
[0.698s] Level 1:colcon.colcon_core.package_identification:_identify(venv/lib/python3.12/site-packages/pip/_vendor/pygments/styles/__pycache__) by extension 'ignore_ament_install'
[0.699s] Level 1:colcon.colcon_core.package_identification:_identify(venv/lib/python3.12/site-packages/pip/_vendor/pygments/styles/__pycache__) by extensions ['colcon_pkg']
[0.699s] Level 1:colcon.colcon_core.package_identification:_identify(venv/lib/python3.12/site-packages/pip/_vendor/pygments/styles/__pycache__) by extension 'colcon_pkg'
[0.699s] Level 1:colcon.colcon_core.package_identification:_identify(venv/lib/python3.12/site-packages/pip/_vendor/pygments/styles/__pycache__) by extensions ['colcon_meta']
[0.699s] Level 1:colcon.colcon_core.package_identification:_identify(venv/lib/python3.12/site-packages/pip/_vendor/pygments/styles/__pycache__) by extension 'colcon_meta'
[0.699s] Level 1:colcon.colcon_core.package_identification:_identify(venv/lib/python3.12/site-packages/pip/_vendor/pygments/styles/__pycache__) by extensions ['ros']
[0.699s] Level 1:colcon.colcon_core.package_identification:_identify(venv/lib/python3.12/site-packages/pip/_vendor/pygments/styles/__pycache__) by extension 'ros'
[0.699s] Level 1:colcon.colcon_core.package_identification:_identify(venv/lib/python3.12/site-packages/pip/_vendor/pygments/styles/__pycache__) by extensions ['cmake', 'python']
[0.699s] Level 1:colcon.colcon_core.package_identification:_identify(venv/lib/python3.12/site-packages/pip/_vendor/pygments/styles/__pycache__) by extension 'cmake'
[0.699s] Level 1:colcon.colcon_core.package_identification:_identify(venv/lib/python3.12/site-packages/pip/_vendor/pygments/styles/__pycache__) by extension 'python'
[0.699s] Level 1:colcon.colcon_core.package_identification:_identify(venv/lib/python3.12/site-packages/pip/_vendor/pygments/styles/__pycache__) by extensions ['python_setup_py']
[0.699s] Level 1:colcon.colcon_core.package_identification:_identify(venv/lib/python3.12/site-packages/pip/_vendor/pygments/styles/__pycache__) by extension 'python_setup_py'
[0.699s] Level 1:colcon.colcon_core.package_identification:_identify(venv/lib/python3.12/site-packages/pip/_vendor/pyproject_hooks) by extensions ['ignore', 'ignore_ament_install']
[0.699s] Level 1:colcon.colcon_core.package_identification:_identify(venv/lib/python3.12/site-packages/pip/_vendor/pyproject_hooks) by extension 'ignore'
[0.699s] Level 1:colcon.colcon_core.package_identification:_identify(venv/lib/python3.12/site-packages/pip/_vendor/pyproject_hooks) by extension 'ignore_ament_install'
[0.699s] Level 1:colcon.colcon_core.package_identification:_identify(venv/lib/python3.12/site-packages/pip/_vendor/pyproject_hooks) by extensions ['colcon_pkg']
[0.699s] Level 1:colcon.colcon_core.package_identification:_identify(venv/lib/python3.12/site-packages/pip/_vendor/pyproject_hooks) by extension 'colcon_pkg'
[0.699s] Level 1:colcon.colcon_core.package_identification:_identify(venv/lib/python3.12/site-packages/pip/_vendor/pyproject_hooks) by extensions ['colcon_meta']
[0.699s] Level 1:colcon.colcon_core.package_identification:_identify(venv/lib/python3.12/site-packages/pip/_vendor/pyproject_hooks) by extension 'colcon_meta'
[0.700s] Level 1:colcon.colcon_core.package_identification:_identify(venv/lib/python3.12/site-packages/pip/_vendor/pyproject_hooks) by extensions ['ros']
[0.700s] Level 1:colcon.colcon_core.package_identification:_identify(venv/lib/python3.12/site-packages/pip/_vendor/pyproject_hooks) by extension 'ros'
[0.700s] Level 1:colcon.colcon_core.package_identification:_identify(venv/lib/python3.12/site-packages/pip/_vendor/pyproject_hooks) by extensions ['cmake', 'python']
[0.700s] Level 1:colcon.colcon_core.package_identification:_identify(venv/lib/python3.12/site-packages/pip/_vendor/pyproject_hooks) by extension 'cmake'
[0.700s] Level 1:colcon.colcon_core.package_identification:_identify(venv/lib/python3.12/site-packages/pip/_vendor/pyproject_hooks) by extension 'python'
[0.700s] Level 1:colcon.colcon_core.package_identification:_identify(venv/lib/python3.12/site-packages/pip/_vendor/pyproject_hooks) by extensions ['python_setup_py']
[0.700s] Level 1:colcon.colcon_core.package_identification:_identify(venv/lib/python3.12/site-packages/pip/_vendor/pyproject_hooks) by extension 'python_setup_py'
[0.700s] Level 1:colcon.colcon_core.package_identification:_identify(venv/lib/python3.12/site-packages/pip/_vendor/pyproject_hooks/__pycache__) by extensions ['ignore', 'ignore_ament_install']
[0.700s] Level 1:colcon.colcon_core.package_identification:_identify(venv/lib/python3.12/site-packages/pip/_vendor/pyproject_hooks/__pycache__) by extension 'ignore'
[0.700s] Level 1:colcon.colcon_core.package_identification:_identify(venv/lib/python3.12/site-packages/pip/_vendor/pyproject_hooks/__pycache__) by extension 'ignore_ament_install'
[0.700s] Level 1:colcon.colcon_core.package_identification:_identify(venv/lib/python3.12/site-packages/pip/_vendor/pyproject_hooks/__pycache__) by extensions ['colcon_pkg']
[0.700s] Level 1:colcon.colcon_core.package_identification:_identify(venv/lib/python3.12/site-packages/pip/_vendor/pyproject_hooks/__pycache__) by extension 'colcon_pkg'
[0.700s] Level 1:colcon.colcon_core.package_identification:_identify(venv/lib/python3.12/site-packages/pip/_vendor/pyproject_hooks/__pycache__) by extensions ['colcon_meta']
[0.700s] Level 1:colcon.colcon_core.package_identification:_identify(venv/lib/python3.12/site-packages/pip/_vendor/pyproject_hooks/__pycache__) by extension 'colcon_meta'
[0.700s] Level 1:colcon.colcon_core.package_identification:_identify(venv/lib/python3.12/site-packages/pip/_vendor/pyproject_hooks/__pycache__) by extensions ['ros']
[0.700s] Level 1:colcon.colcon_core.package_identification:_identify(venv/lib/python3.12/site-packages/pip/_vendor/pyproject_hooks/__pycache__) by extension 'ros'
[0.701s] Level 1:colcon.colcon_core.package_identification:_identify(venv/lib/python3.12/site-packages/pip/_vendor/pyproject_hooks/__pycache__) by extensions ['cmake', 'python']
[0.701s] Level 1:colcon.colcon_core.package_identification:_identify(venv/lib/python3.12/site-packages/pip/_vendor/pyproject_hooks/__pycache__) by extension 'cmake'
[0.701s] Level 1:colcon.colcon_core.package_identification:_identify(venv/lib/python3.12/site-packages/pip/_vendor/pyproject_hooks/__pycache__) by extension 'python'
[0.701s] Level 1:colcon.colcon_core.package_identification:_identify(venv/lib/python3.12/site-packages/pip/_vendor/pyproject_hooks/__pycache__) by extensions ['python_setup_py']
[0.701s] Level 1:colcon.colcon_core.package_identification:_identify(venv/lib/python3.12/site-packages/pip/_vendor/pyproject_hooks/__pycache__) by extension 'python_setup_py'
[0.701s] Level 1:colcon.colcon_core.package_identification:_identify(venv/lib/python3.12/site-packages/pip/_vendor/pyproject_hooks/_in_process) by extensions ['ignore', 'ignore_ament_install']
[0.701s] Level 1:colcon.colcon_core.package_identification:_identify(venv/lib/python3.12/site-packages/pip/_vendor/pyproject_hooks/_in_process) by extension 'ignore'
[0.701s] Level 1:colcon.colcon_core.package_identification:_identify(venv/lib/python3.12/site-packages/pip/_vendor/pyproject_hooks/_in_process) by extension 'ignore_ament_install'
[0.701s] Level 1:colcon.colcon_core.package_identification:_identify(venv/lib/python3.12/site-packages/pip/_vendor/pyproject_hooks/_in_process) by extensions ['colcon_pkg']
[0.701s] Level 1:colcon.colcon_core.package_identification:_identify(venv/lib/python3.12/site-packages/pip/_vendor/pyproject_hooks/_in_process) by extension 'colcon_pkg'
[0.701s] Level 1:colcon.colcon_core.package_identification:_identify(venv/lib/python3.12/site-packages/pip/_vendor/pyproject_hooks/_in_process) by extensions ['colcon_meta']
[0.701s] Level 1:colcon.colcon_core.package_identification:_identify(venv/lib/python3.12/site-packages/pip/_vendor/pyproject_hooks/_in_process) by extension 'colcon_meta'
[0.701s] Level 1:colcon.colcon_core.package_identification:_identify(venv/lib/python3.12/site-packages/pip/_vendor/pyproject_hooks/_in_process) by extensions ['ros']
[0.701s] Level 1:colcon.colcon_core.package_identification:_identify(venv/lib/python3.12/site-packages/pip/_vendor/pyproject_hooks/_in_process) by extension 'ros'
[0.701s] Level 1:colcon.colcon_core.package_identification:_identify(venv/lib/python3.12/site-packages/pip/_vendor/pyproject_hooks/_in_process) by extensions ['cmake', 'python']
[0.701s] Level 1:colcon.colcon_core.package_identification:_identify(venv/lib/python3.12/site-packages/pip/_vendor/pyproject_hooks/_in_process) by extension 'cmake'
[0.701s] Level 1:colcon.colcon_core.package_identification:_identify(venv/lib/python3.12/site-packages/pip/_vendor/pyproject_hooks/_in_process) by extension 'python'
[0.701s] Level 1:colcon.colcon_core.package_identification:_identify(venv/lib/python3.12/site-packages/pip/_vendor/pyproject_hooks/_in_process) by extensions ['python_setup_py']
[0.702s] Level 1:colcon.colcon_core.package_identification:_identify(venv/lib/python3.12/site-packages/pip/_vendor/pyproject_hooks/_in_process) by extension 'python_setup_py'
[0.702s] Level 1:colcon.colcon_core.package_identification:_identify(venv/lib/python3.12/site-packages/pip/_vendor/pyproject_hooks/_in_process/__pycache__) by extensions ['ignore', 'ignore_ament_install']
[0.702s] Level 1:colcon.colcon_core.package_identification:_identify(venv/lib/python3.12/site-packages/pip/_vendor/pyproject_hooks/_in_process/__pycache__) by extension 'ignore'
[0.702s] Level 1:colcon.colcon_core.package_identification:_identify(venv/lib/python3.12/site-packages/pip/_vendor/pyproject_hooks/_in_process/__pycache__) by extension 'ignore_ament_install'
[0.702s] Level 1:colcon.colcon_core.package_identification:_identify(venv/lib/python3.12/site-packages/pip/_vendor/pyproject_hooks/_in_process/__pycache__) by extensions ['colcon_pkg']
[0.702s] Level 1:colcon.colcon_core.package_identification:_identify(venv/lib/python3.12/site-packages/pip/_vendor/pyproject_hooks/_in_process/__pycache__) by extension 'colcon_pkg'
[0.702s] Level 1:colcon.colcon_core.package_identification:_identify(venv/lib/python3.12/site-packages/pip/_vendor/pyproject_hooks/_in_process/__pycache__) by extensions ['colcon_meta']
[0.702s] Level 1:colcon.colcon_core.package_identification:_identify(venv/lib/python3.12/site-packages/pip/_vendor/pyproject_hooks/_in_process/__pycache__) by extension 'colcon_meta'
[0.702s] Level 1:colcon.colcon_core.package_identification:_identify(venv/lib/python3.12/site-packages/pip/_vendor/pyproject_hooks/_in_process/__pycache__) by extensions ['ros']
[0.702s] Level 1:colcon.colcon_core.package_identification:_identify(venv/lib/python3.12/site-packages/pip/_vendor/pyproject_hooks/_in_process/__pycache__) by extension 'ros'
[0.702s] Level 1:colcon.colcon_core.package_identification:_identify(venv/lib/python3.12/site-packages/pip/_vendor/pyproject_hooks/_in_process/__pycache__) by extensions ['cmake', 'python']
[0.702s] Level 1:colcon.colcon_core.package_identification:_identify(venv/lib/python3.12/site-packages/pip/_vendor/pyproject_hooks/_in_process/__pycache__) by extension 'cmake'
[0.702s] Level 1:colcon.colcon_core.package_identification:_identify(venv/lib/python3.12/site-packages/pip/_vendor/pyproject_hooks/_in_process/__pycache__) by extension 'python'
[0.702s] Level 1:colcon.colcon_core.package_identification:_identify(venv/lib/python3.12/site-packages/pip/_vendor/pyproject_hooks/_in_process/__pycache__) by extensions ['python_setup_py']
[0.702s] Level 1:colcon.colcon_core.package_identification:_identify(venv/lib/python3.12/site-packages/pip/_vendor/pyproject_hooks/_in_process/__pycache__) by extension 'python_setup_py'
[0.703s] Level 1:colcon.colcon_core.package_identification:_identify(venv/lib/python3.12/site-packages/pip/_vendor/requests) by extensions ['ignore', 'ignore_ament_install']
[0.703s] Level 1:colcon.colcon_core.package_identification:_identify(venv/lib/python3.12/site-packages/pip/_vendor/requests) by extension 'ignore'
[0.703s] Level 1:colcon.colcon_core.package_identification:_identify(venv/lib/python3.12/site-packages/pip/_vendor/requests) by extension 'ignore_ament_install'
[0.703s] Level 1:colcon.colcon_core.package_identification:_identify(venv/lib/python3.12/site-packages/pip/_vendor/requests) by extensions ['colcon_pkg']
[0.703s] Level 1:colcon.colcon_core.package_identification:_identify(venv/lib/python3.12/site-packages/pip/_vendor/requests) by extension 'colcon_pkg'
[0.703s] Level 1:colcon.colcon_core.package_identification:_identify(venv/lib/python3.12/site-packages/pip/_vendor/requests) by extensions ['colcon_meta']
[0.703s] Level 1:colcon.colcon_core.package_identification:_identify(venv/lib/python3.12/site-packages/pip/_vendor/requests) by extension 'colcon_meta'
[0.703s] Level 1:colcon.colcon_core.package_identification:_identify(venv/lib/python3.12/site-packages/pip/_vendor/requests) by extensions ['ros']
[0.703s] Level 1:colcon.colcon_core.package_identification:_identify(venv/lib/python3.12/site-packages/pip/_vendor/requests) by extension 'ros'
[0.703s] Level 1:colcon.colcon_core.package_identification:_identify(venv/lib/python3.12/site-packages/pip/_vendor/requests) by extensions ['cmake', 'python']
[0.703s] Level 1:colcon.colcon_core.package_identification:_identify(venv/lib/python3.12/site-packages/pip/_vendor/requests) by extension 'cmake'
[0.703s] Level 1:colcon.colcon_core.package_identification:_identify(venv/lib/python3.12/site-packages/pip/_vendor/requests) by extension 'python'
[0.703s] Level 1:colcon.colcon_core.package_identification:_identify(venv/lib/python3.12/site-packages/pip/_vendor/requests) by extensions ['python_setup_py']
[0.703s] Level 1:colcon.colcon_core.package_identification:_identify(venv/lib/python3.12/site-packages/pip/_vendor/requests) by extension 'python_setup_py'
[0.703s] Level 1:colcon.colcon_core.package_identification:_identify(venv/lib/python3.12/site-packages/pip/_vendor/requests/__pycache__) by extensions ['ignore', 'ignore_ament_install']
[0.703s] Level 1:colcon.colcon_core.package_identification:_identify(venv/lib/python3.12/site-packages/pip/_vendor/requests/__pycache__) by extension 'ignore'
[0.704s] Level 1:colcon.colcon_core.package_identification:_identify(venv/lib/python3.12/site-packages/pip/_vendor/requests/__pycache__) by extension 'ignore_ament_install'
[0.704s] Level 1:colcon.colcon_core.package_identification:_identify(venv/lib/python3.12/site-packages/pip/_vendor/requests/__pycache__) by extensions ['colcon_pkg']
[0.704s] Level 1:colcon.colcon_core.package_identification:_identify(venv/lib/python3.12/site-packages/pip/_vendor/requests/__pycache__) by extension 'colcon_pkg'
[0.704s] Level 1:colcon.colcon_core.package_identification:_identify(venv/lib/python3.12/site-packages/pip/_vendor/requests/__pycache__) by extensions ['colcon_meta']
[0.704s] Level 1:colcon.colcon_core.package_identification:_identify(venv/lib/python3.12/site-packages/pip/_vendor/requests/__pycache__) by extension 'colcon_meta'
[0.704s] Level 1:colcon.colcon_core.package_identification:_identify(venv/lib/python3.12/site-packages/pip/_vendor/requests/__pycache__) by extensions ['ros']
[0.704s] Level 1:colcon.colcon_core.package_identification:_identify(venv/lib/python3.12/site-packages/pip/_vendor/requests/__pycache__) by extension 'ros'
[0.704s] Level 1:colcon.colcon_core.package_identification:_identify(venv/lib/python3.12/site-packages/pip/_vendor/requests/__pycache__) by extensions ['cmake', 'python']
[0.704s] Level 1:colcon.colcon_core.package_identification:_identify(venv/lib/python3.12/site-packages/pip/_vendor/requests/__pycache__) by extension 'cmake'
[0.704s] Level 1:colcon.colcon_core.package_identification:_identify(venv/lib/python3.12/site-packages/pip/_vendor/requests/__pycache__) by extension 'python'
[0.704s] Level 1:colcon.colcon_core.package_identification:_identify(venv/lib/python3.12/site-packages/pip/_vendor/requests/__pycache__) by extensions ['python_setup_py']
[0.704s] Level 1:colcon.colcon_core.package_identification:_identify(venv/lib/python3.12/site-packages/pip/_vendor/requests/__pycache__) by extension 'python_setup_py'
[0.704s] Level 1:colcon.colcon_core.package_identification:_identify(venv/lib/python3.12/site-packages/pip/_vendor/resolvelib) by extensions ['ignore', 'ignore_ament_install']
[0.704s] Level 1:colcon.colcon_core.package_identification:_identify(venv/lib/python3.12/site-packages/pip/_vendor/resolvelib) by extension 'ignore'
[0.704s] Level 1:colcon.colcon_core.package_identification:_identify(venv/lib/python3.12/site-packages/pip/_vendor/resolvelib) by extension 'ignore_ament_install'
[0.704s] Level 1:colcon.colcon_core.package_identification:_identify(venv/lib/python3.12/site-packages/pip/_vendor/resolvelib) by extensions ['colcon_pkg']
[0.704s] Level 1:colcon.colcon_core.package_identification:_identify(venv/lib/python3.12/site-packages/pip/_vendor/resolvelib) by extension 'colcon_pkg'
[0.705s] Level 1:colcon.colcon_core.package_identification:_identify(venv/lib/python3.12/site-packages/pip/_vendor/resolvelib) by extensions ['colcon_meta']
[0.705s] Level 1:colcon.colcon_core.package_identification:_identify(venv/lib/python3.12/site-packages/pip/_vendor/resolvelib) by extension 'colcon_meta'
[0.705s] Level 1:colcon.colcon_core.package_identification:_identify(venv/lib/python3.12/site-packages/pip/_vendor/resolvelib) by extensions ['ros']
[0.705s] Level 1:colcon.colcon_core.package_identification:_identify(venv/lib/python3.12/site-packages/pip/_vendor/resolvelib) by extension 'ros'
[0.705s] Level 1:colcon.colcon_core.package_identification:_identify(venv/lib/python3.12/site-packages/pip/_vendor/resolvelib) by extensions ['cmake', 'python']
[0.705s] Level 1:colcon.colcon_core.package_identification:_identify(venv/lib/python3.12/site-packages/pip/_vendor/resolvelib) by extension 'cmake'
[0.705s] Level 1:colcon.colcon_core.package_identification:_identify(venv/lib/python3.12/site-packages/pip/_vendor/resolvelib) by extension 'python'
[0.705s] Level 1:colcon.colcon_core.package_identification:_identify(venv/lib/python3.12/site-packages/pip/_vendor/resolvelib) by extensions ['python_setup_py']
[0.705s] Level 1:colcon.colcon_core.package_identification:_identify(venv/lib/python3.12/site-packages/pip/_vendor/resolvelib) by extension 'python_setup_py'
[0.705s] Level 1:colcon.colcon_core.package_identification:_identify(venv/lib/python3.12/site-packages/pip/_vendor/resolvelib/__pycache__) by extensions ['ignore', 'ignore_ament_install']
[0.705s] Level 1:colcon.colcon_core.package_identification:_identify(venv/lib/python3.12/site-packages/pip/_vendor/resolvelib/__pycache__) by extension 'ignore'
[0.705s] Level 1:colcon.colcon_core.package_identification:_identify(venv/lib/python3.12/site-packages/pip/_vendor/resolvelib/__pycache__) by extension 'ignore_ament_install'
[0.705s] Level 1:colcon.colcon_core.package_identification:_identify(venv/lib/python3.12/site-packages/pip/_vendor/resolvelib/__pycache__) by extensions ['colcon_pkg']
[0.705s] Level 1:colcon.colcon_core.package_identification:_identify(venv/lib/python3.12/site-packages/pip/_vendor/resolvelib/__pycache__) by extension 'colcon_pkg'
[0.705s] Level 1:colcon.colcon_core.package_identification:_identify(venv/lib/python3.12/site-packages/pip/_vendor/resolvelib/__pycache__) by extensions ['colcon_meta']
[0.705s] Level 1:colcon.colcon_core.package_identification:_identify(venv/lib/python3.12/site-packages/pip/_vendor/resolvelib/__pycache__) by extension 'colcon_meta'
[0.705s] Level 1:colcon.colcon_core.package_identification:_identify(venv/lib/python3.12/site-packages/pip/_vendor/resolvelib/__pycache__) by extensions ['ros']
[0.706s] Level 1:colcon.colcon_core.package_identification:_identify(venv/lib/python3.12/site-packages/pip/_vendor/resolvelib/__pycache__) by extension 'ros'
[0.706s] Level 1:colcon.colcon_core.package_identification:_identify(venv/lib/python3.12/site-packages/pip/_vendor/resolvelib/__pycache__) by extensions ['cmake', 'python']
[0.706s] Level 1:colcon.colcon_core.package_identification:_identify(venv/lib/python3.12/site-packages/pip/_vendor/resolvelib/__pycache__) by extension 'cmake'
[0.706s] Level 1:colcon.colcon_core.package_identification:_identify(venv/lib/python3.12/site-packages/pip/_vendor/resolvelib/__pycache__) by extension 'python'
[0.706s] Level 1:colcon.colcon_core.package_identification:_identify(venv/lib/python3.12/site-packages/pip/_vendor/resolvelib/__pycache__) by extensions ['python_setup_py']
[0.706s] Level 1:colcon.colcon_core.package_identification:_identify(venv/lib/python3.12/site-packages/pip/_vendor/resolvelib/__pycache__) by extension 'python_setup_py'
[0.706s] Level 1:colcon.colcon_core.package_identification:_identify(venv/lib/python3.12/site-packages/pip/_vendor/resolvelib/resolvers) by extensions ['ignore', 'ignore_ament_install']
[0.706s] Level 1:colcon.colcon_core.package_identification:_identify(venv/lib/python3.12/site-packages/pip/_vendor/resolvelib/resolvers) by extension 'ignore'
[0.706s] Level 1:colcon.colcon_core.package_identification:_identify(venv/lib/python3.12/site-packages/pip/_vendor/resolvelib/resolvers) by extension 'ignore_ament_install'
[0.706s] Level 1:colcon.colcon_core.package_identification:_identify(venv/lib/python3.12/site-packages/pip/_vendor/resolvelib/resolvers) by extensions ['colcon_pkg']
[0.706s] Level 1:colcon.colcon_core.package_identification:_identify(venv/lib/python3.12/site-packages/pip/_vendor/resolvelib/resolvers) by extension 'colcon_pkg'
[0.706s] Level 1:colcon.colcon_core.package_identification:_identify(venv/lib/python3.12/site-packages/pip/_vendor/resolvelib/resolvers) by extensions ['colcon_meta']
[0.706s] Level 1:colcon.colcon_core.package_identification:_identify(venv/lib/python3.12/site-packages/pip/_vendor/resolvelib/resolvers) by extension 'colcon_meta'
[0.706s] Level 1:colcon.colcon_core.package_identification:_identify(venv/lib/python3.12/site-packages/pip/_vendor/resolvelib/resolvers) by extensions ['ros']
[0.706s] Level 1:colcon.colcon_core.package_identification:_identify(venv/lib/python3.12/site-packages/pip/_vendor/resolvelib/resolvers) by extension 'ros'
[0.706s] Level 1:colcon.colcon_core.package_identification:_identify(venv/lib/python3.12/site-packages/pip/_vendor/resolvelib/resolvers) by extensions ['cmake', 'python']
[0.707s] Level 1:colcon.colcon_core.package_identification:_identify(venv/lib/python3.12/site-packages/pip/_vendor/resolvelib/resolvers) by extension 'cmake'
[0.707s] Level 1:colcon.colcon_core.package_identification:_identify(venv/lib/python3.12/site-packages/pip/_vendor/resolvelib/resolvers) by extension 'python'
[0.707s] Level 1:colcon.colcon_core.package_identification:_identify(venv/lib/python3.12/site-packages/pip/_vendor/resolvelib/resolvers) by extensions ['python_setup_py']
[0.707s] Level 1:colcon.colcon_core.package_identification:_identify(venv/lib/python3.12/site-packages/pip/_vendor/resolvelib/resolvers) by extension 'python_setup_py'
[0.707s] Level 1:colcon.colcon_core.package_identification:_identify(venv/lib/python3.12/site-packages/pip/_vendor/resolvelib/resolvers/__pycache__) by extensions ['ignore', 'ignore_ament_install']
[0.707s] Level 1:colcon.colcon_core.package_identification:_identify(venv/lib/python3.12/site-packages/pip/_vendor/resolvelib/resolvers/__pycache__) by extension 'ignore'
[0.707s] Level 1:colcon.colcon_core.package_identification:_identify(venv/lib/python3.12/site-packages/pip/_vendor/resolvelib/resolvers/__pycache__) by extension 'ignore_ament_install'
[0.707s] Level 1:colcon.colcon_core.package_identification:_identify(venv/lib/python3.12/site-packages/pip/_vendor/resolvelib/resolvers/__pycache__) by extensions ['colcon_pkg']
[0.707s] Level 1:colcon.colcon_core.package_identification:_identify(venv/lib/python3.12/site-packages/pip/_vendor/resolvelib/resolvers/__pycache__) by extension 'colcon_pkg'
[0.707s] Level 1:colcon.colcon_core.package_identification:_identify(venv/lib/python3.12/site-packages/pip/_vendor/resolvelib/resolvers/__pycache__) by extensions ['colcon_meta']
[0.707s] Level 1:colcon.colcon_core.package_identification:_identify(venv/lib/python3.12/site-packages/pip/_vendor/resolvelib/resolvers/__pycache__) by extension 'colcon_meta'
[0.707s] Level 1:colcon.colcon_core.package_identification:_identify(venv/lib/python3.12/site-packages/pip/_vendor/resolvelib/resolvers/__pycache__) by extensions ['ros']
[0.707s] Level 1:colcon.colcon_core.package_identification:_identify(venv/lib/python3.12/site-packages/pip/_vendor/resolvelib/resolvers/__pycache__) by extension 'ros'
[0.707s] Level 1:colcon.colcon_core.package_identification:_identify(venv/lib/python3.12/site-packages/pip/_vendor/resolvelib/resolvers/__pycache__) by extensions ['cmake', 'python']
[0.707s] Level 1:colcon.colcon_core.package_identification:_identify(venv/lib/python3.12/site-packages/pip/_vendor/resolvelib/resolvers/__pycache__) by extension 'cmake'
[0.707s] Level 1:colcon.colcon_core.package_identification:_identify(venv/lib/python3.12/site-packages/pip/_vendor/resolvelib/resolvers/__pycache__) by extension 'python'
[0.707s] Level 1:colcon.colcon_core.package_identification:_identify(venv/lib/python3.12/site-packages/pip/_vendor/resolvelib/resolvers/__pycache__) by extensions ['python_setup_py']
[0.708s] Level 1:colcon.colcon_core.package_identification:_identify(venv/lib/python3.12/site-packages/pip/_vendor/resolvelib/resolvers/__pycache__) by extension 'python_setup_py'
[0.708s] Level 1:colcon.colcon_core.package_identification:_identify(venv/lib/python3.12/site-packages/pip/_vendor/rich) by extensions ['ignore', 'ignore_ament_install']
[0.708s] Level 1:colcon.colcon_core.package_identification:_identify(venv/lib/python3.12/site-packages/pip/_vendor/rich) by extension 'ignore'
[0.708s] Level 1:colcon.colcon_core.package_identification:_identify(venv/lib/python3.12/site-packages/pip/_vendor/rich) by extension 'ignore_ament_install'
[0.708s] Level 1:colcon.colcon_core.package_identification:_identify(venv/lib/python3.12/site-packages/pip/_vendor/rich) by extensions ['colcon_pkg']
[0.708s] Level 1:colcon.colcon_core.package_identification:_identify(venv/lib/python3.12/site-packages/pip/_vendor/rich) by extension 'colcon_pkg'
[0.708s] Level 1:colcon.colcon_core.package_identification:_identify(venv/lib/python3.12/site-packages/pip/_vendor/rich) by extensions ['colcon_meta']
[0.708s] Level 1:colcon.colcon_core.package_identification:_identify(venv/lib/python3.12/site-packages/pip/_vendor/rich) by extension 'colcon_meta'
[0.708s] Level 1:colcon.colcon_core.package_identification:_identify(venv/lib/python3.12/site-packages/pip/_vendor/rich) by extensions ['ros']
[0.708s] Level 1:colcon.colcon_core.package_identification:_identify(venv/lib/python3.12/site-packages/pip/_vendor/rich) by extension 'ros'
[0.708s] Level 1:colcon.colcon_core.package_identification:_identify(venv/lib/python3.12/site-packages/pip/_vendor/rich) by extensions ['cmake', 'python']
[0.708s] Level 1:colcon.colcon_core.package_identification:_identify(venv/lib/python3.12/site-packages/pip/_vendor/rich) by extension 'cmake'
[0.708s] Level 1:colcon.colcon_core.package_identification:_identify(venv/lib/python3.12/site-packages/pip/_vendor/rich) by extension 'python'
[0.708s] Level 1:colcon.colcon_core.package_identification:_identify(venv/lib/python3.12/site-packages/pip/_vendor/rich) by extensions ['python_setup_py']
[0.708s] Level 1:colcon.colcon_core.package_identification:_identify(venv/lib/python3.12/site-packages/pip/_vendor/rich) by extension 'python_setup_py'
[0.709s] Level 1:colcon.colcon_core.package_identification:_identify(venv/lib/python3.12/site-packages/pip/_vendor/rich/__pycache__) by extensions ['ignore', 'ignore_ament_install']
[0.709s] Level 1:colcon.colcon_core.package_identification:_identify(venv/lib/python3.12/site-packages/pip/_vendor/rich/__pycache__) by extension 'ignore'
[0.709s] Level 1:colcon.colcon_core.package_identification:_identify(venv/lib/python3.12/site-packages/pip/_vendor/rich/__pycache__) by extension 'ignore_ament_install'
[0.709s] Level 1:colcon.colcon_core.package_identification:_identify(venv/lib/python3.12/site-packages/pip/_vendor/rich/__pycache__) by extensions ['colcon_pkg']
[0.709s] Level 1:colcon.colcon_core.package_identification:_identify(venv/lib/python3.12/site-packages/pip/_vendor/rich/__pycache__) by extension 'colcon_pkg'
[0.709s] Level 1:colcon.colcon_core.package_identification:_identify(venv/lib/python3.12/site-packages/pip/_vendor/rich/__pycache__) by extensions ['colcon_meta']
[0.709s] Level 1:colcon.colcon_core.package_identification:_identify(venv/lib/python3.12/site-packages/pip/_vendor/rich/__pycache__) by extension 'colcon_meta'
[0.709s] Level 1:colcon.colcon_core.package_identification:_identify(venv/lib/python3.12/site-packages/pip/_vendor/rich/__pycache__) by extensions ['ros']
[0.709s] Level 1:colcon.colcon_core.package_identification:_identify(venv/lib/python3.12/site-packages/pip/_vendor/rich/__pycache__) by extension 'ros'
[0.709s] Level 1:colcon.colcon_core.package_identification:_identify(venv/lib/python3.12/site-packages/pip/_vendor/rich/__pycache__) by extensions ['cmake', 'python']
[0.709s] Level 1:colcon.colcon_core.package_identification:_identify(venv/lib/python3.12/site-packages/pip/_vendor/rich/__pycache__) by extension 'cmake'
[0.709s] Level 1:colcon.colcon_core.package_identification:_identify(venv/lib/python3.12/site-packages/pip/_vendor/rich/__pycache__) by extension 'python'
[0.709s] Level 1:colcon.colcon_core.package_identification:_identify(venv/lib/python3.12/site-packages/pip/_vendor/rich/__pycache__) by extensions ['python_setup_py']
[0.709s] Level 1:colcon.colcon_core.package_identification:_identify(venv/lib/python3.12/site-packages/pip/_vendor/rich/__pycache__) by extension 'python_setup_py'
[0.710s] Level 1:colcon.colcon_core.package_identification:_identify(venv/lib/python3.12/site-packages/pip/_vendor/tomli) by extensions ['ignore', 'ignore_ament_install']
[0.710s] Level 1:colcon.colcon_core.package_identification:_identify(venv/lib/python3.12/site-packages/pip/_vendor/tomli) by extension 'ignore'
[0.710s] Level 1:colcon.colcon_core.package_identification:_identify(venv/lib/python3.12/site-packages/pip/_vendor/tomli) by extension 'ignore_ament_install'
[0.710s] Level 1:colcon.colcon_core.package_identification:_identify(venv/lib/python3.12/site-packages/pip/_vendor/tomli) by extensions ['colcon_pkg']
[0.710s] Level 1:colcon.colcon_core.package_identification:_identify(venv/lib/python3.12/site-packages/pip/_vendor/tomli) by extension 'colcon_pkg'
[0.710s] Level 1:colcon.colcon_core.package_identification:_identify(venv/lib/python3.12/site-packages/pip/_vendor/tomli) by extensions ['colcon_meta']
[0.710s] Level 1:colcon.colcon_core.package_identification:_identify(venv/lib/python3.12/site-packages/pip/_vendor/tomli) by extension 'colcon_meta'
[0.710s] Level 1:colcon.colcon_core.package_identification:_identify(venv/lib/python3.12/site-packages/pip/_vendor/tomli) by extensions ['ros']
[0.710s] Level 1:colcon.colcon_core.package_identification:_identify(venv/lib/python3.12/site-packages/pip/_vendor/tomli) by extension 'ros'
[0.710s] Level 1:colcon.colcon_core.package_identification:_identify(venv/lib/python3.12/site-packages/pip/_vendor/tomli) by extensions ['cmake', 'python']
[0.710s] Level 1:colcon.colcon_core.package_identification:_identify(venv/lib/python3.12/site-packages/pip/_vendor/tomli) by extension 'cmake'
[0.710s] Level 1:colcon.colcon_core.package_identification:_identify(venv/lib/python3.12/site-packages/pip/_vendor/tomli) by extension 'python'
[0.710s] Level 1:colcon.colcon_core.package_identification:_identify(venv/lib/python3.12/site-packages/pip/_vendor/tomli) by extensions ['python_setup_py']
[0.710s] Level 1:colcon.colcon_core.package_identification:_identify(venv/lib/python3.12/site-packages/pip/_vendor/tomli) by extension 'python_setup_py'
[0.710s] Level 1:colcon.colcon_core.package_identification:_identify(venv/lib/python3.12/site-packages/pip/_vendor/tomli/__pycache__) by extensions ['ignore', 'ignore_ament_install']
[0.710s] Level 1:colcon.colcon_core.package_identification:_identify(venv/lib/python3.12/site-packages/pip/_vendor/tomli/__pycache__) by extension 'ignore'
[0.711s] Level 1:colcon.colcon_core.package_identification:_identify(venv/lib/python3.12/site-packages/pip/_vendor/tomli/__pycache__) by extension 'ignore_ament_install'
[0.711s] Level 1:colcon.colcon_core.package_identification:_identify(venv/lib/python3.12/site-packages/pip/_vendor/tomli/__pycache__) by extensions ['colcon_pkg']
[0.711s] Level 1:colcon.colcon_core.package_identification:_identify(venv/lib/python3.12/site-packages/pip/_vendor/tomli/__pycache__) by extension 'colcon_pkg'
[0.711s] Level 1:colcon.colcon_core.package_identification:_identify(venv/lib/python3.12/site-packages/pip/_vendor/tomli/__pycache__) by extensions ['colcon_meta']
[0.711s] Level 1:colcon.colcon_core.package_identification:_identify(venv/lib/python3.12/site-packages/pip/_vendor/tomli/__pycache__) by extension 'colcon_meta'
[0.711s] Level 1:colcon.colcon_core.package_identification:_identify(venv/lib/python3.12/site-packages/pip/_vendor/tomli/__pycache__) by extensions ['ros']
[0.711s] Level 1:colcon.colcon_core.package_identification:_identify(venv/lib/python3.12/site-packages/pip/_vendor/tomli/__pycache__) by extension 'ros'
[0.711s] Level 1:colcon.colcon_core.package_identification:_identify(venv/lib/python3.12/site-packages/pip/_vendor/tomli/__pycache__) by extensions ['cmake', 'python']
[0.711s] Level 1:colcon.colcon_core.package_identification:_identify(venv/lib/python3.12/site-packages/pip/_vendor/tomli/__pycache__) by extension 'cmake'
[0.711s] Level 1:colcon.colcon_core.package_identification:_identify(venv/lib/python3.12/site-packages/pip/_vendor/tomli/__pycache__) by extension 'python'
[0.711s] Level 1:colcon.colcon_core.package_identification:_identify(venv/lib/python3.12/site-packages/pip/_vendor/tomli/__pycache__) by extensions ['python_setup_py']
[0.711s] Level 1:colcon.colcon_core.package_identification:_identify(venv/lib/python3.12/site-packages/pip/_vendor/tomli/__pycache__) by extension 'python_setup_py'
[0.711s] Level 1:colcon.colcon_core.package_identification:_identify(venv/lib/python3.12/site-packages/pip/_vendor/tomli_w) by extensions ['ignore', 'ignore_ament_install']
[0.711s] Level 1:colcon.colcon_core.package_identification:_identify(venv/lib/python3.12/site-packages/pip/_vendor/tomli_w) by extension 'ignore'
[0.711s] Level 1:colcon.colcon_core.package_identification:_identify(venv/lib/python3.12/site-packages/pip/_vendor/tomli_w) by extension 'ignore_ament_install'
[0.711s] Level 1:colcon.colcon_core.package_identification:_identify(venv/lib/python3.12/site-packages/pip/_vendor/tomli_w) by extensions ['colcon_pkg']
[0.711s] Level 1:colcon.colcon_core.package_identification:_identify(venv/lib/python3.12/site-packages/pip/_vendor/tomli_w) by extension 'colcon_pkg'
[0.712s] Level 1:colcon.colcon_core.package_identification:_identify(venv/lib/python3.12/site-packages/pip/_vendor/tomli_w) by extensions ['colcon_meta']
[0.712s] Level 1:colcon.colcon_core.package_identification:_identify(venv/lib/python3.12/site-packages/pip/_vendor/tomli_w) by extension 'colcon_meta'
[0.712s] Level 1:colcon.colcon_core.package_identification:_identify(venv/lib/python3.12/site-packages/pip/_vendor/tomli_w) by extensions ['ros']
[0.712s] Level 1:colcon.colcon_core.package_identification:_identify(venv/lib/python3.12/site-packages/pip/_vendor/tomli_w) by extension 'ros'
[0.712s] Level 1:colcon.colcon_core.package_identification:_identify(venv/lib/python3.12/site-packages/pip/_vendor/tomli_w) by extensions ['cmake', 'python']
[0.712s] Level 1:colcon.colcon_core.package_identification:_identify(venv/lib/python3.12/site-packages/pip/_vendor/tomli_w) by extension 'cmake'
[0.712s] Level 1:colcon.colcon_core.package_identification:_identify(venv/lib/python3.12/site-packages/pip/_vendor/tomli_w) by extension 'python'
[0.712s] Level 1:colcon.colcon_core.package_identification:_identify(venv/lib/python3.12/site-packages/pip/_vendor/tomli_w) by extensions ['python_setup_py']
[0.712s] Level 1:colcon.colcon_core.package_identification:_identify(venv/lib/python3.12/site-packages/pip/_vendor/tomli_w) by extension 'python_setup_py'
[0.712s] Level 1:colcon.colcon_core.package_identification:_identify(venv/lib/python3.12/site-packages/pip/_vendor/tomli_w/__pycache__) by extensions ['ignore', 'ignore_ament_install']
[0.712s] Level 1:colcon.colcon_core.package_identification:_identify(venv/lib/python3.12/site-packages/pip/_vendor/tomli_w/__pycache__) by extension 'ignore'
[0.712s] Level 1:colcon.colcon_core.package_identification:_identify(venv/lib/python3.12/site-packages/pip/_vendor/tomli_w/__pycache__) by extension 'ignore_ament_install'
[0.712s] Level 1:colcon.colcon_core.package_identification:_identify(venv/lib/python3.12/site-packages/pip/_vendor/tomli_w/__pycache__) by extensions ['colcon_pkg']
[0.712s] Level 1:colcon.colcon_core.package_identification:_identify(venv/lib/python3.12/site-packages/pip/_vendor/tomli_w/__pycache__) by extension 'colcon_pkg'
[0.712s] Level 1:colcon.colcon_core.package_identification:_identify(venv/lib/python3.12/site-packages/pip/_vendor/tomli_w/__pycache__) by extensions ['colcon_meta']
[0.712s] Level 1:colcon.colcon_core.package_identification:_identify(venv/lib/python3.12/site-packages/pip/_vendor/tomli_w/__pycache__) by extension 'colcon_meta'
[0.712s] Level 1:colcon.colcon_core.package_identification:_identify(venv/lib/python3.12/site-packages/pip/_vendor/tomli_w/__pycache__) by extensions ['ros']
[0.712s] Level 1:colcon.colcon_core.package_identification:_identify(venv/lib/python3.12/site-packages/pip/_vendor/tomli_w/__pycache__) by extension 'ros'
[0.713s] Level 1:colcon.colcon_core.package_identification:_identify(venv/lib/python3.12/site-packages/pip/_vendor/tomli_w/__pycache__) by extensions ['cmake', 'python']
[0.713s] Level 1:colcon.colcon_core.package_identification:_identify(venv/lib/python3.12/site-packages/pip/_vendor/tomli_w/__pycache__) by extension 'cmake'
[0.713s] Level 1:colcon.colcon_core.package_identification:_identify(venv/lib/python3.12/site-packages/pip/_vendor/tomli_w/__pycache__) by extension 'python'
[0.713s] Level 1:colcon.colcon_core.package_identification:_identify(venv/lib/python3.12/site-packages/pip/_vendor/tomli_w/__pycache__) by extensions ['python_setup_py']
[0.713s] Level 1:colcon.colcon_core.package_identification:_identify(venv/lib/python3.12/site-packages/pip/_vendor/tomli_w/__pycache__) by extension 'python_setup_py'
[0.713s] Level 1:colcon.colcon_core.package_identification:_identify(venv/lib/python3.12/site-packages/pip/_vendor/truststore) by extensions ['ignore', 'ignore_ament_install']
[0.713s] Level 1:colcon.colcon_core.package_identification:_identify(venv/lib/python3.12/site-packages/pip/_vendor/truststore) by extension 'ignore'
[0.713s] Level 1:colcon.colcon_core.package_identification:_identify(venv/lib/python3.12/site-packages/pip/_vendor/truststore) by extension 'ignore_ament_install'
[0.713s] Level 1:colcon.colcon_core.package_identification:_identify(venv/lib/python3.12/site-packages/pip/_vendor/truststore) by extensions ['colcon_pkg']
[0.713s] Level 1:colcon.colcon_core.package_identification:_identify(venv/lib/python3.12/site-packages/pip/_vendor/truststore) by extension 'colcon_pkg'
[0.713s] Level 1:colcon.colcon_core.package_identification:_identify(venv/lib/python3.12/site-packages/pip/_vendor/truststore) by extensions ['colcon_meta']
[0.713s] Level 1:colcon.colcon_core.package_identification:_identify(venv/lib/python3.12/site-packages/pip/_vendor/truststore) by extension 'colcon_meta'
[0.713s] Level 1:colcon.colcon_core.package_identification:_identify(venv/lib/python3.12/site-packages/pip/_vendor/truststore) by extensions ['ros']
[0.713s] Level 1:colcon.colcon_core.package_identification:_identify(venv/lib/python3.12/site-packages/pip/_vendor/truststore) by extension 'ros'
[0.713s] Level 1:colcon.colcon_core.package_identification:_identify(venv/lib/python3.12/site-packages/pip/_vendor/truststore) by extensions ['cmake', 'python']
[0.713s] Level 1:colcon.colcon_core.package_identification:_identify(venv/lib/python3.12/site-packages/pip/_vendor/truststore) by extension 'cmake'
[0.713s] Level 1:colcon.colcon_core.package_identification:_identify(venv/lib/python3.12/site-packages/pip/_vendor/truststore) by extension 'python'
[0.714s] Level 1:colcon.colcon_core.package_identification:_identify(venv/lib/python3.12/site-packages/pip/_vendor/truststore) by extensions ['python_setup_py']
[0.714s] Level 1:colcon.colcon_core.package_identification:_identify(venv/lib/python3.12/site-packages/pip/_vendor/truststore) by extension 'python_setup_py'
[0.714s] Level 1:colcon.colcon_core.package_identification:_identify(venv/lib/python3.12/site-packages/pip/_vendor/truststore/__pycache__) by extensions ['ignore', 'ignore_ament_install']
[0.714s] Level 1:colcon.colcon_core.package_identification:_identify(venv/lib/python3.12/site-packages/pip/_vendor/truststore/__pycache__) by extension 'ignore'
[0.714s] Level 1:colcon.colcon_core.package_identification:_identify(venv/lib/python3.12/site-packages/pip/_vendor/truststore/__pycache__) by extension 'ignore_ament_install'
[0.714s] Level 1:colcon.colcon_core.package_identification:_identify(venv/lib/python3.12/site-packages/pip/_vendor/truststore/__pycache__) by extensions ['colcon_pkg']
[0.714s] Level 1:colcon.colcon_core.package_identification:_identify(venv/lib/python3.12/site-packages/pip/_vendor/truststore/__pycache__) by extension 'colcon_pkg'
[0.714s] Level 1:colcon.colcon_core.package_identification:_identify(venv/lib/python3.12/site-packages/pip/_vendor/truststore/__pycache__) by extensions ['colcon_meta']
[0.714s] Level 1:colcon.colcon_core.package_identification:_identify(venv/lib/python3.12/site-packages/pip/_vendor/truststore/__pycache__) by extension 'colcon_meta'
[0.714s] Level 1:colcon.colcon_core.package_identification:_identify(venv/lib/python3.12/site-packages/pip/_vendor/truststore/__pycache__) by extensions ['ros']
[0.714s] Level 1:colcon.colcon_core.package_identification:_identify(venv/lib/python3.12/site-packages/pip/_vendor/truststore/__pycache__) by extension 'ros'
[0.714s] Level 1:colcon.colcon_core.package_identification:_identify(venv/lib/python3.12/site-packages/pip/_vendor/truststore/__pycache__) by extensions ['cmake', 'python']
[0.714s] Level 1:colcon.colcon_core.package_identification:_identify(venv/lib/python3.12/site-packages/pip/_vendor/truststore/__pycache__) by extension 'cmake'
[0.714s] Level 1:colcon.colcon_core.package_identification:_identify(venv/lib/python3.12/site-packages/pip/_vendor/truststore/__pycache__) by extension 'python'
[0.714s] Level 1:colcon.colcon_core.package_identification:_identify(venv/lib/python3.12/site-packages/pip/_vendor/truststore/__pycache__) by extensions ['python_setup_py']
[0.714s] Level 1:colcon.colcon_core.package_identification:_identify(venv/lib/python3.12/site-packages/pip/_vendor/truststore/__pycache__) by extension 'python_setup_py'
[0.715s] Level 1:colcon.colcon_core.package_identification:_identify(venv/lib/python3.12/site-packages/pip/_vendor/urllib3) by extensions ['ignore', 'ignore_ament_install']
[0.715s] Level 1:colcon.colcon_core.package_identification:_identify(venv/lib/python3.12/site-packages/pip/_vendor/urllib3) by extension 'ignore'
[0.715s] Level 1:colcon.colcon_core.package_identification:_identify(venv/lib/python3.12/site-packages/pip/_vendor/urllib3) by extension 'ignore_ament_install'
[0.715s] Level 1:colcon.colcon_core.package_identification:_identify(venv/lib/python3.12/site-packages/pip/_vendor/urllib3) by extensions ['colcon_pkg']
[0.715s] Level 1:colcon.colcon_core.package_identification:_identify(venv/lib/python3.12/site-packages/pip/_vendor/urllib3) by extension 'colcon_pkg'
[0.715s] Level 1:colcon.colcon_core.package_identification:_identify(venv/lib/python3.12/site-packages/pip/_vendor/urllib3) by extensions ['colcon_meta']
[0.715s] Level 1:colcon.colcon_core.package_identification:_identify(venv/lib/python3.12/site-packages/pip/_vendor/urllib3) by extension 'colcon_meta'
[0.715s] Level 1:colcon.colcon_core.package_identification:_identify(venv/lib/python3.12/site-packages/pip/_vendor/urllib3) by extensions ['ros']
[0.715s] Level 1:colcon.colcon_core.package_identification:_identify(venv/lib/python3.12/site-packages/pip/_vendor/urllib3) by extension 'ros'
[0.715s] Level 1:colcon.colcon_core.package_identification:_identify(venv/lib/python3.12/site-packages/pip/_vendor/urllib3) by extensions ['cmake', 'python']
[0.715s] Level 1:colcon.colcon_core.package_identification:_identify(venv/lib/python3.12/site-packages/pip/_vendor/urllib3) by extension 'cmake'
[0.715s] Level 1:colcon.colcon_core.package_identification:_identify(venv/lib/python3.12/site-packages/pip/_vendor/urllib3) by extension 'python'
[0.715s] Level 1:colcon.colcon_core.package_identification:_identify(venv/lib/python3.12/site-packages/pip/_vendor/urllib3) by extensions ['python_setup_py']
[0.715s] Level 1:colcon.colcon_core.package_identification:_identify(venv/lib/python3.12/site-packages/pip/_vendor/urllib3) by extension 'python_setup_py'
[0.715s] Level 1:colcon.colcon_core.package_identification:_identify(venv/lib/python3.12/site-packages/pip/_vendor/urllib3/__pycache__) by extensions ['ignore', 'ignore_ament_install']
[0.715s] Level 1:colcon.colcon_core.package_identification:_identify(venv/lib/python3.12/site-packages/pip/_vendor/urllib3/__pycache__) by extension 'ignore'
[0.716s] Level 1:colcon.colcon_core.package_identification:_identify(venv/lib/python3.12/site-packages/pip/_vendor/urllib3/__pycache__) by extension 'ignore_ament_install'
[0.716s] Level 1:colcon.colcon_core.package_identification:_identify(venv/lib/python3.12/site-packages/pip/_vendor/urllib3/__pycache__) by extensions ['colcon_pkg']
[0.716s] Level 1:colcon.colcon_core.package_identification:_identify(venv/lib/python3.12/site-packages/pip/_vendor/urllib3/__pycache__) by extension 'colcon_pkg'
[0.716s] Level 1:colcon.colcon_core.package_identification:_identify(venv/lib/python3.12/site-packages/pip/_vendor/urllib3/__pycache__) by extensions ['colcon_meta']
[0.716s] Level 1:colcon.colcon_core.package_identification:_identify(venv/lib/python3.12/site-packages/pip/_vendor/urllib3/__pycache__) by extension 'colcon_meta'
[0.716s] Level 1:colcon.colcon_core.package_identification:_identify(venv/lib/python3.12/site-packages/pip/_vendor/urllib3/__pycache__) by extensions ['ros']
[0.716s] Level 1:colcon.colcon_core.package_identification:_identify(venv/lib/python3.12/site-packages/pip/_vendor/urllib3/__pycache__) by extension 'ros'
[0.716s] Level 1:colcon.colcon_core.package_identification:_identify(venv/lib/python3.12/site-packages/pip/_vendor/urllib3/__pycache__) by extensions ['cmake', 'python']
[0.716s] Level 1:colcon.colcon_core.package_identification:_identify(venv/lib/python3.12/site-packages/pip/_vendor/urllib3/__pycache__) by extension 'cmake'
[0.716s] Level 1:colcon.colcon_core.package_identification:_identify(venv/lib/python3.12/site-packages/pip/_vendor/urllib3/__pycache__) by extension 'python'
[0.716s] Level 1:colcon.colcon_core.package_identification:_identify(venv/lib/python3.12/site-packages/pip/_vendor/urllib3/__pycache__) by extensions ['python_setup_py']
[0.716s] Level 1:colcon.colcon_core.package_identification:_identify(venv/lib/python3.12/site-packages/pip/_vendor/urllib3/__pycache__) by extension 'python_setup_py'
[0.716s] Level 1:colcon.colcon_core.package_identification:_identify(venv/lib/python3.12/site-packages/pip/_vendor/urllib3/contrib) by extensions ['ignore', 'ignore_ament_install']
[0.716s] Level 1:colcon.colcon_core.package_identification:_identify(venv/lib/python3.12/site-packages/pip/_vendor/urllib3/contrib) by extension 'ignore'
[0.716s] Level 1:colcon.colcon_core.package_identification:_identify(venv/lib/python3.12/site-packages/pip/_vendor/urllib3/contrib) by extension 'ignore_ament_install'
[0.716s] Level 1:colcon.colcon_core.package_identification:_identify(venv/lib/python3.12/site-packages/pip/_vendor/urllib3/contrib) by extensions ['colcon_pkg']
[0.717s] Level 1:colcon.colcon_core.package_identification:_identify(venv/lib/python3.12/site-packages/pip/_vendor/urllib3/contrib) by extension 'colcon_pkg'
[0.717s] Level 1:colcon.colcon_core.package_identification:_identify(venv/lib/python3.12/site-packages/pip/_vendor/urllib3/contrib) by extensions ['colcon_meta']
[0.717s] Level 1:colcon.colcon_core.package_identification:_identify(venv/lib/python3.12/site-packages/pip/_vendor/urllib3/contrib) by extension 'colcon_meta'
[0.717s] Level 1:colcon.colcon_core.package_identification:_identify(venv/lib/python3.12/site-packages/pip/_vendor/urllib3/contrib) by extensions ['ros']
[0.717s] Level 1:colcon.colcon_core.package_identification:_identify(venv/lib/python3.12/site-packages/pip/_vendor/urllib3/contrib) by extension 'ros'
[0.717s] Level 1:colcon.colcon_core.package_identification:_identify(venv/lib/python3.12/site-packages/pip/_vendor/urllib3/contrib) by extensions ['cmake', 'python']
[0.717s] Level 1:colcon.colcon_core.package_identification:_identify(venv/lib/python3.12/site-packages/pip/_vendor/urllib3/contrib) by extension 'cmake'
[0.717s] Level 1:colcon.colcon_core.package_identification:_identify(venv/lib/python3.12/site-packages/pip/_vendor/urllib3/contrib) by extension 'python'
[0.717s] Level 1:colcon.colcon_core.package_identification:_identify(venv/lib/python3.12/site-packages/pip/_vendor/urllib3/contrib) by extensions ['python_setup_py']
[0.717s] Level 1:colcon.colcon_core.package_identification:_identify(venv/lib/python3.12/site-packages/pip/_vendor/urllib3/contrib) by extension 'python_setup_py'
[0.717s] Level 1:colcon.colcon_core.package_identification:_identify(venv/lib/python3.12/site-packages/pip/_vendor/urllib3/contrib/__pycache__) by extensions ['ignore', 'ignore_ament_install']
[0.717s] Level 1:colcon.colcon_core.package_identification:_identify(venv/lib/python3.12/site-packages/pip/_vendor/urllib3/contrib/__pycache__) by extension 'ignore'
[0.717s] Level 1:colcon.colcon_core.package_identification:_identify(venv/lib/python3.12/site-packages/pip/_vendor/urllib3/contrib/__pycache__) by extension 'ignore_ament_install'
[0.718s] Level 1:colcon.colcon_core.package_identification:_identify(venv/lib/python3.12/site-packages/pip/_vendor/urllib3/contrib/__pycache__) by extensions ['colcon_pkg']
[0.718s] Level 1:colcon.colcon_core.package_identification:_identify(venv/lib/python3.12/site-packages/pip/_vendor/urllib3/contrib/__pycache__) by extension 'colcon_pkg'
[0.718s] Level 1:colcon.colcon_core.package_identification:_identify(venv/lib/python3.12/site-packages/pip/_vendor/urllib3/contrib/__pycache__) by extensions ['colcon_meta']
[0.718s] Level 1:colcon.colcon_core.package_identification:_identify(venv/lib/python3.12/site-packages/pip/_vendor/urllib3/contrib/__pycache__) by extension 'colcon_meta'
[0.718s] Level 1:colcon.colcon_core.package_identification:_identify(venv/lib/python3.12/site-packages/pip/_vendor/urllib3/contrib/__pycache__) by extensions ['ros']
[0.718s] Level 1:colcon.colcon_core.package_identification:_identify(venv/lib/python3.12/site-packages/pip/_vendor/urllib3/contrib/__pycache__) by extension 'ros'
[0.718s] Level 1:colcon.colcon_core.package_identification:_identify(venv/lib/python3.12/site-packages/pip/_vendor/urllib3/contrib/__pycache__) by extensions ['cmake', 'python']
[0.718s] Level 1:colcon.colcon_core.package_identification:_identify(venv/lib/python3.12/site-packages/pip/_vendor/urllib3/contrib/__pycache__) by extension 'cmake'
[0.718s] Level 1:colcon.colcon_core.package_identification:_identify(venv/lib/python3.12/site-packages/pip/_vendor/urllib3/contrib/__pycache__) by extension 'python'
[0.718s] Level 1:colcon.colcon_core.package_identification:_identify(venv/lib/python3.12/site-packages/pip/_vendor/urllib3/contrib/__pycache__) by extensions ['python_setup_py']
[0.718s] Level 1:colcon.colcon_core.package_identification:_identify(venv/lib/python3.12/site-packages/pip/_vendor/urllib3/contrib/__pycache__) by extension 'python_setup_py'
[0.718s] Level 1:colcon.colcon_core.package_identification:_identify(venv/lib/python3.12/site-packages/pip/_vendor/urllib3/contrib/emscripten) by extensions ['ignore', 'ignore_ament_install']
[0.719s] Level 1:colcon.colcon_core.package_identification:_identify(venv/lib/python3.12/site-packages/pip/_vendor/urllib3/contrib/emscripten) by extension 'ignore'
[0.719s] Level 1:colcon.colcon_core.package_identification:_identify(venv/lib/python3.12/site-packages/pip/_vendor/urllib3/contrib/emscripten) by extension 'ignore_ament_install'
[0.719s] Level 1:colcon.colcon_core.package_identification:_identify(venv/lib/python3.12/site-packages/pip/_vendor/urllib3/contrib/emscripten) by extensions ['colcon_pkg']
[0.719s] Level 1:colcon.colcon_core.package_identification:_identify(venv/lib/python3.12/site-packages/pip/_vendor/urllib3/contrib/emscripten) by extension 'colcon_pkg'
[0.719s] Level 1:colcon.colcon_core.package_identification:_identify(venv/lib/python3.12/site-packages/pip/_vendor/urllib3/contrib/emscripten) by extensions ['colcon_meta']
[0.719s] Level 1:colcon.colcon_core.package_identification:_identify(venv/lib/python3.12/site-packages/pip/_vendor/urllib3/contrib/emscripten) by extension 'colcon_meta'
[0.719s] Level 1:colcon.colcon_core.package_identification:_identify(venv/lib/python3.12/site-packages/pip/_vendor/urllib3/contrib/emscripten) by extensions ['ros']
[0.719s] Level 1:colcon.colcon_core.package_identification:_identify(venv/lib/python3.12/site-packages/pip/_vendor/urllib3/contrib/emscripten) by extension 'ros'
[0.719s] Level 1:colcon.colcon_core.package_identification:_identify(venv/lib/python3.12/site-packages/pip/_vendor/urllib3/contrib/emscripten) by extensions ['cmake', 'python']
[0.719s] Level 1:colcon.colcon_core.package_identification:_identify(venv/lib/python3.12/site-packages/pip/_vendor/urllib3/contrib/emscripten) by extension 'cmake'
[0.719s] Level 1:colcon.colcon_core.package_identification:_identify(venv/lib/python3.12/site-packages/pip/_vendor/urllib3/contrib/emscripten) by extension 'python'
[0.719s] Level 1:colcon.colcon_core.package_identification:_identify(venv/lib/python3.12/site-packages/pip/_vendor/urllib3/contrib/emscripten) by extensions ['python_setup_py']
[0.719s] Level 1:colcon.colcon_core.package_identification:_identify(venv/lib/python3.12/site-packages/pip/_vendor/urllib3/contrib/emscripten) by extension 'python_setup_py'
[0.720s] Level 1:colcon.colcon_core.package_identification:_identify(venv/lib/python3.12/site-packages/pip/_vendor/urllib3/contrib/emscripten/__pycache__) by extensions ['ignore', 'ignore_ament_install']
[0.720s] Level 1:colcon.colcon_core.package_identification:_identify(venv/lib/python3.12/site-packages/pip/_vendor/urllib3/contrib/emscripten/__pycache__) by extension 'ignore'
[0.720s] Level 1:colcon.colcon_core.package_identification:_identify(venv/lib/python3.12/site-packages/pip/_vendor/urllib3/contrib/emscripten/__pycache__) by extension 'ignore_ament_install'
[0.720s] Level 1:colcon.colcon_core.package_identification:_identify(venv/lib/python3.12/site-packages/pip/_vendor/urllib3/contrib/emscripten/__pycache__) by extensions ['colcon_pkg']
[0.720s] Level 1:colcon.colcon_core.package_identification:_identify(venv/lib/python3.12/site-packages/pip/_vendor/urllib3/contrib/emscripten/__pycache__) by extension 'colcon_pkg'
[0.720s] Level 1:colcon.colcon_core.package_identification:_identify(venv/lib/python3.12/site-packages/pip/_vendor/urllib3/contrib/emscripten/__pycache__) by extensions ['colcon_meta']
[0.720s] Level 1:colcon.colcon_core.package_identification:_identify(venv/lib/python3.12/site-packages/pip/_vendor/urllib3/contrib/emscripten/__pycache__) by extension 'colcon_meta'
[0.720s] Level 1:colcon.colcon_core.package_identification:_identify(venv/lib/python3.12/site-packages/pip/_vendor/urllib3/contrib/emscripten/__pycache__) by extensions ['ros']
[0.720s] Level 1:colcon.colcon_core.package_identification:_identify(venv/lib/python3.12/site-packages/pip/_vendor/urllib3/contrib/emscripten/__pycache__) by extension 'ros'
[0.720s] Level 1:colcon.colcon_core.package_identification:_identify(venv/lib/python3.12/site-packages/pip/_vendor/urllib3/contrib/emscripten/__pycache__) by extensions ['cmake', 'python']
[0.720s] Level 1:colcon.colcon_core.package_identification:_identify(venv/lib/python3.12/site-packages/pip/_vendor/urllib3/contrib/emscripten/__pycache__) by extension 'cmake'
[0.720s] Level 1:colcon.colcon_core.package_identification:_identify(venv/lib/python3.12/site-packages/pip/_vendor/urllib3/contrib/emscripten/__pycache__) by extension 'python'
[0.720s] Level 1:colcon.colcon_core.package_identification:_identify(venv/lib/python3.12/site-packages/pip/_vendor/urllib3/contrib/emscripten/__pycache__) by extensions ['python_setup_py']
[0.720s] Level 1:colcon.colcon_core.package_identification:_identify(venv/lib/python3.12/site-packages/pip/_vendor/urllib3/contrib/emscripten/__pycache__) by extension 'python_setup_py'
[0.720s] Level 1:colcon.colcon_core.package_identification:_identify(venv/lib/python3.12/site-packages/pip/_vendor/urllib3/http2) by extensions ['ignore', 'ignore_ament_install']
[0.721s] Level 1:colcon.colcon_core.package_identification:_identify(venv/lib/python3.12/site-packages/pip/_vendor/urllib3/http2) by extension 'ignore'
[0.721s] Level 1:colcon.colcon_core.package_identification:_identify(venv/lib/python3.12/site-packages/pip/_vendor/urllib3/http2) by extension 'ignore_ament_install'
[0.721s] Level 1:colcon.colcon_core.package_identification:_identify(venv/lib/python3.12/site-packages/pip/_vendor/urllib3/http2) by extensions ['colcon_pkg']
[0.721s] Level 1:colcon.colcon_core.package_identification:_identify(venv/lib/python3.12/site-packages/pip/_vendor/urllib3/http2) by extension 'colcon_pkg'
[0.721s] Level 1:colcon.colcon_core.package_identification:_identify(venv/lib/python3.12/site-packages/pip/_vendor/urllib3/http2) by extensions ['colcon_meta']
[0.721s] Level 1:colcon.colcon_core.package_identification:_identify(venv/lib/python3.12/site-packages/pip/_vendor/urllib3/http2) by extension 'colcon_meta'
[0.721s] Level 1:colcon.colcon_core.package_identification:_identify(venv/lib/python3.12/site-packages/pip/_vendor/urllib3/http2) by extensions ['ros']
[0.721s] Level 1:colcon.colcon_core.package_identification:_identify(venv/lib/python3.12/site-packages/pip/_vendor/urllib3/http2) by extension 'ros'
[0.721s] Level 1:colcon.colcon_core.package_identification:_identify(venv/lib/python3.12/site-packages/pip/_vendor/urllib3/http2) by extensions ['cmake', 'python']
[0.721s] Level 1:colcon.colcon_core.package_identification:_identify(venv/lib/python3.12/site-packages/pip/_vendor/urllib3/http2) by extension 'cmake'
[0.721s] Level 1:colcon.colcon_core.package_identification:_identify(venv/lib/python3.12/site-packages/pip/_vendor/urllib3/http2) by extension 'python'
[0.721s] Level 1:colcon.colcon_core.package_identification:_identify(venv/lib/python3.12/site-packages/pip/_vendor/urllib3/http2) by extensions ['python_setup_py']
[0.721s] Level 1:colcon.colcon_core.package_identification:_identify(venv/lib/python3.12/site-packages/pip/_vendor/urllib3/http2) by extension 'python_setup_py'
[0.722s] Level 1:colcon.colcon_core.package_identification:_identify(venv/lib/python3.12/site-packages/pip/_vendor/urllib3/http2/__pycache__) by extensions ['ignore', 'ignore_ament_install']
[0.722s] Level 1:colcon.colcon_core.package_identification:_identify(venv/lib/python3.12/site-packages/pip/_vendor/urllib3/http2/__pycache__) by extension 'ignore'
[0.722s] Level 1:colcon.colcon_core.package_identification:_identify(venv/lib/python3.12/site-packages/pip/_vendor/urllib3/http2/__pycache__) by extension 'ignore_ament_install'
[0.722s] Level 1:colcon.colcon_core.package_identification:_identify(venv/lib/python3.12/site-packages/pip/_vendor/urllib3/http2/__pycache__) by extensions ['colcon_pkg']
[0.722s] Level 1:colcon.colcon_core.package_identification:_identify(venv/lib/python3.12/site-packages/pip/_vendor/urllib3/http2/__pycache__) by extension 'colcon_pkg'
[0.722s] Level 1:colcon.colcon_core.package_identification:_identify(venv/lib/python3.12/site-packages/pip/_vendor/urllib3/http2/__pycache__) by extensions ['colcon_meta']
[0.722s] Level 1:colcon.colcon_core.package_identification:_identify(venv/lib/python3.12/site-packages/pip/_vendor/urllib3/http2/__pycache__) by extension 'colcon_meta'
[0.722s] Level 1:colcon.colcon_core.package_identification:_identify(venv/lib/python3.12/site-packages/pip/_vendor/urllib3/http2/__pycache__) by extensions ['ros']
[0.722s] Level 1:colcon.colcon_core.package_identification:_identify(venv/lib/python3.12/site-packages/pip/_vendor/urllib3/http2/__pycache__) by extension 'ros'
[0.722s] Level 1:colcon.colcon_core.package_identification:_identify(venv/lib/python3.12/site-packages/pip/_vendor/urllib3/http2/__pycache__) by extensions ['cmake', 'python']
[0.722s] Level 1:colcon.colcon_core.package_identification:_identify(venv/lib/python3.12/site-packages/pip/_vendor/urllib3/http2/__pycache__) by extension 'cmake'
[0.722s] Level 1:colcon.colcon_core.package_identification:_identify(venv/lib/python3.12/site-packages/pip/_vendor/urllib3/http2/__pycache__) by extension 'python'
[0.722s] Level 1:colcon.colcon_core.package_identification:_identify(venv/lib/python3.12/site-packages/pip/_vendor/urllib3/http2/__pycache__) by extensions ['python_setup_py']
[0.722s] Level 1:colcon.colcon_core.package_identification:_identify(venv/lib/python3.12/site-packages/pip/_vendor/urllib3/http2/__pycache__) by extension 'python_setup_py'
[0.723s] Level 1:colcon.colcon_core.package_identification:_identify(venv/lib/python3.12/site-packages/pip/_vendor/urllib3/util) by extensions ['ignore', 'ignore_ament_install']
[0.723s] Level 1:colcon.colcon_core.package_identification:_identify(venv/lib/python3.12/site-packages/pip/_vendor/urllib3/util) by extension 'ignore'
[0.723s] Level 1:colcon.colcon_core.package_identification:_identify(venv/lib/python3.12/site-packages/pip/_vendor/urllib3/util) by extension 'ignore_ament_install'
[0.723s] Level 1:colcon.colcon_core.package_identification:_identify(venv/lib/python3.12/site-packages/pip/_vendor/urllib3/util) by extensions ['colcon_pkg']
[0.723s] Level 1:colcon.colcon_core.package_identification:_identify(venv/lib/python3.12/site-packages/pip/_vendor/urllib3/util) by extension 'colcon_pkg'
[0.723s] Level 1:colcon.colcon_core.package_identification:_identify(venv/lib/python3.12/site-packages/pip/_vendor/urllib3/util) by extensions ['colcon_meta']
[0.723s] Level 1:colcon.colcon_core.package_identification:_identify(venv/lib/python3.12/site-packages/pip/_vendor/urllib3/util) by extension 'colcon_meta'
[0.723s] Level 1:colcon.colcon_core.package_identification:_identify(venv/lib/python3.12/site-packages/pip/_vendor/urllib3/util) by extensions ['ros']
[0.723s] Level 1:colcon.colcon_core.package_identification:_identify(venv/lib/python3.12/site-packages/pip/_vendor/urllib3/util) by extension 'ros'
[0.723s] Level 1:colcon.colcon_core.package_identification:_identify(venv/lib/python3.12/site-packages/pip/_vendor/urllib3/util) by extensions ['cmake', 'python']
[0.723s] Level 1:colcon.colcon_core.package_identification:_identify(venv/lib/python3.12/site-packages/pip/_vendor/urllib3/util) by extension 'cmake'
[0.723s] Level 1:colcon.colcon_core.package_identification:_identify(venv/lib/python3.12/site-packages/pip/_vendor/urllib3/util) by extension 'python'
[0.724s] Level 1:colcon.colcon_core.package_identification:_identify(venv/lib/python3.12/site-packages/pip/_vendor/urllib3/util) by extensions ['python_setup_py']
[0.724s] Level 1:colcon.colcon_core.package_identification:_identify(venv/lib/python3.12/site-packages/pip/_vendor/urllib3/util) by extension 'python_setup_py'
[0.724s] Level 1:colcon.colcon_core.package_identification:_identify(venv/lib/python3.12/site-packages/pip/_vendor/urllib3/util/__pycache__) by extensions ['ignore', 'ignore_ament_install']
[0.724s] Level 1:colcon.colcon_core.package_identification:_identify(venv/lib/python3.12/site-packages/pip/_vendor/urllib3/util/__pycache__) by extension 'ignore'
[0.724s] Level 1:colcon.colcon_core.package_identification:_identify(venv/lib/python3.12/site-packages/pip/_vendor/urllib3/util/__pycache__) by extension 'ignore_ament_install'
[0.724s] Level 1:colcon.colcon_core.package_identification:_identify(venv/lib/python3.12/site-packages/pip/_vendor/urllib3/util/__pycache__) by extensions ['colcon_pkg']
[0.724s] Level 1:colcon.colcon_core.package_identification:_identify(venv/lib/python3.12/site-packages/pip/_vendor/urllib3/util/__pycache__) by extension 'colcon_pkg'
[0.724s] Level 1:colcon.colcon_core.package_identification:_identify(venv/lib/python3.12/site-packages/pip/_vendor/urllib3/util/__pycache__) by extensions ['colcon_meta']
[0.724s] Level 1:colcon.colcon_core.package_identification:_identify(venv/lib/python3.12/site-packages/pip/_vendor/urllib3/util/__pycache__) by extension 'colcon_meta'
[0.724s] Level 1:colcon.colcon_core.package_identification:_identify(venv/lib/python3.12/site-packages/pip/_vendor/urllib3/util/__pycache__) by extensions ['ros']
[0.724s] Level 1:colcon.colcon_core.package_identification:_identify(venv/lib/python3.12/site-packages/pip/_vendor/urllib3/util/__pycache__) by extension 'ros'
[0.725s] Level 1:colcon.colcon_core.package_identification:_identify(venv/lib/python3.12/site-packages/pip/_vendor/urllib3/util/__pycache__) by extensions ['cmake', 'python']
[0.725s] Level 1:colcon.colcon_core.package_identification:_identify(venv/lib/python3.12/site-packages/pip/_vendor/urllib3/util/__pycache__) by extension 'cmake'
[0.725s] Level 1:colcon.colcon_core.package_identification:_identify(venv/lib/python3.12/site-packages/pip/_vendor/urllib3/util/__pycache__) by extension 'python'
[0.725s] Level 1:colcon.colcon_core.package_identification:_identify(venv/lib/python3.12/site-packages/pip/_vendor/urllib3/util/__pycache__) by extensions ['python_setup_py']
[0.725s] Level 1:colcon.colcon_core.package_identification:_identify(venv/lib/python3.12/site-packages/pip/_vendor/urllib3/util/__pycache__) by extension 'python_setup_py'
[0.725s] Level 1:colcon.colcon_core.package_identification:_identify(venv/lib/python3.12/site-packages/pip-26.1.1.dist-info) by extensions ['ignore', 'ignore_ament_install']
[0.725s] Level 1:colcon.colcon_core.package_identification:_identify(venv/lib/python3.12/site-packages/pip-26.1.1.dist-info) by extension 'ignore'
[0.725s] Level 1:colcon.colcon_core.package_identification:_identify(venv/lib/python3.12/site-packages/pip-26.1.1.dist-info) by extension 'ignore_ament_install'
[0.725s] Level 1:colcon.colcon_core.package_identification:_identify(venv/lib/python3.12/site-packages/pip-26.1.1.dist-info) by extensions ['colcon_pkg']
[0.725s] Level 1:colcon.colcon_core.package_identification:_identify(venv/lib/python3.12/site-packages/pip-26.1.1.dist-info) by extension 'colcon_pkg'
[0.725s] Level 1:colcon.colcon_core.package_identification:_identify(venv/lib/python3.12/site-packages/pip-26.1.1.dist-info) by extensions ['colcon_meta']
[0.725s] Level 1:colcon.colcon_core.package_identification:_identify(venv/lib/python3.12/site-packages/pip-26.1.1.dist-info) by extension 'colcon_meta'
[0.725s] Level 1:colcon.colcon_core.package_identification:_identify(venv/lib/python3.12/site-packages/pip-26.1.1.dist-info) by extensions ['ros']
[0.725s] Level 1:colcon.colcon_core.package_identification:_identify(venv/lib/python3.12/site-packages/pip-26.1.1.dist-info) by extension 'ros'
[0.726s] Level 1:colcon.colcon_core.package_identification:_identify(venv/lib/python3.12/site-packages/pip-26.1.1.dist-info) by extensions ['cmake', 'python']
[0.726s] Level 1:colcon.colcon_core.package_identification:_identify(venv/lib/python3.12/site-packages/pip-26.1.1.dist-info) by extension 'cmake'
[0.726s] Level 1:colcon.colcon_core.package_identification:_identify(venv/lib/python3.12/site-packages/pip-26.1.1.dist-info) by extension 'python'
[0.726s] Level 1:colcon.colcon_core.package_identification:_identify(venv/lib/python3.12/site-packages/pip-26.1.1.dist-info) by extensions ['python_setup_py']
[0.726s] Level 1:colcon.colcon_core.package_identification:_identify(venv/lib/python3.12/site-packages/pip-26.1.1.dist-info) by extension 'python_setup_py'
[0.726s] Level 1:colcon.colcon_core.package_identification:_identify(venv/lib/python3.12/site-packages/pip-26.1.1.dist-info/licenses) by extensions ['ignore', 'ignore_ament_install']
[0.726s] Level 1:colcon.colcon_core.package_identification:_identify(venv/lib/python3.12/site-packages/pip-26.1.1.dist-info/licenses) by extension 'ignore'
[0.726s] Level 1:colcon.colcon_core.package_identification:_identify(venv/lib/python3.12/site-packages/pip-26.1.1.dist-info/licenses) by extension 'ignore_ament_install'
[0.726s] Level 1:colcon.colcon_core.package_identification:_identify(venv/lib/python3.12/site-packages/pip-26.1.1.dist-info/licenses) by extensions ['colcon_pkg']
[0.726s] Level 1:colcon.colcon_core.package_identification:_identify(venv/lib/python3.12/site-packages/pip-26.1.1.dist-info/licenses) by extension 'colcon_pkg'
[0.726s] Level 1:colcon.colcon_core.package_identification:_identify(venv/lib/python3.12/site-packages/pip-26.1.1.dist-info/licenses) by extensions ['colcon_meta']
[0.726s] Level 1:colcon.colcon_core.package_identification:_identify(venv/lib/python3.12/site-packages/pip-26.1.1.dist-info/licenses) by extension 'colcon_meta'
[0.726s] Level 1:colcon.colcon_core.package_identification:_identify(venv/lib/python3.12/site-packages/pip-26.1.1.dist-info/licenses) by extensions ['ros']
[0.726s] Level 1:colcon.colcon_core.package_identification:_identify(venv/lib/python3.12/site-packages/pip-26.1.1.dist-info/licenses) by extension 'ros'
[0.726s] Level 1:colcon.colcon_core.package_identification:_identify(venv/lib/python3.12/site-packages/pip-26.1.1.dist-info/licenses) by extensions ['cmake', 'python']
[0.727s] Level 1:colcon.colcon_core.package_identification:_identify(venv/lib/python3.12/site-packages/pip-26.1.1.dist-info/licenses) by extension 'cmake'
[0.727s] Level 1:colcon.colcon_core.package_identification:_identify(venv/lib/python3.12/site-packages/pip-26.1.1.dist-info/licenses) by extension 'python'
[0.727s] Level 1:colcon.colcon_core.package_identification:_identify(venv/lib/python3.12/site-packages/pip-26.1.1.dist-info/licenses) by extensions ['python_setup_py']
[0.727s] Level 1:colcon.colcon_core.package_identification:_identify(venv/lib/python3.12/site-packages/pip-26.1.1.dist-info/licenses) by extension 'python_setup_py'
[0.727s] Level 1:colcon.colcon_core.package_identification:_identify(venv/lib/python3.12/site-packages/pip-26.1.1.dist-info/licenses/src) by extensions ['ignore', 'ignore_ament_install']
[0.727s] Level 1:colcon.colcon_core.package_identification:_identify(venv/lib/python3.12/site-packages/pip-26.1.1.dist-info/licenses/src) by extension 'ignore'
[0.727s] Level 1:colcon.colcon_core.package_identification:_identify(venv/lib/python3.12/site-packages/pip-26.1.1.dist-info/licenses/src) by extension 'ignore_ament_install'
[0.727s] Level 1:colcon.colcon_core.package_identification:_identify(venv/lib/python3.12/site-packages/pip-26.1.1.dist-info/licenses/src) by extensions ['colcon_pkg']
[0.727s] Level 1:colcon.colcon_core.package_identification:_identify(venv/lib/python3.12/site-packages/pip-26.1.1.dist-info/licenses/src) by extension 'colcon_pkg'
[0.727s] Level 1:colcon.colcon_core.package_identification:_identify(venv/lib/python3.12/site-packages/pip-26.1.1.dist-info/licenses/src) by extensions ['colcon_meta']
[0.727s] Level 1:colcon.colcon_core.package_identification:_identify(venv/lib/python3.12/site-packages/pip-26.1.1.dist-info/licenses/src) by extension 'colcon_meta'
[0.727s] Level 1:colcon.colcon_core.package_identification:_identify(venv/lib/python3.12/site-packages/pip-26.1.1.dist-info/licenses/src) by extensions ['ros']
[0.727s] Level 1:colcon.colcon_core.package_identification:_identify(venv/lib/python3.12/site-packages/pip-26.1.1.dist-info/licenses/src) by extension 'ros'
[0.727s] Level 1:colcon.colcon_core.package_identification:_identify(venv/lib/python3.12/site-packages/pip-26.1.1.dist-info/licenses/src) by extensions ['cmake', 'python']
[0.728s] Level 1:colcon.colcon_core.package_identification:_identify(venv/lib/python3.12/site-packages/pip-26.1.1.dist-info/licenses/src) by extension 'cmake'
[0.728s] Level 1:colcon.colcon_core.package_identification:_identify(venv/lib/python3.12/site-packages/pip-26.1.1.dist-info/licenses/src) by extension 'python'
[0.728s] Level 1:colcon.colcon_core.package_identification:_identify(venv/lib/python3.12/site-packages/pip-26.1.1.dist-info/licenses/src) by extensions ['python_setup_py']
[0.728s] Level 1:colcon.colcon_core.package_identification:_identify(venv/lib/python3.12/site-packages/pip-26.1.1.dist-info/licenses/src) by extension 'python_setup_py'
[0.728s] Level 1:colcon.colcon_core.package_identification:_identify(venv/lib/python3.12/site-packages/pip-26.1.1.dist-info/licenses/src/pip) by extensions ['ignore', 'ignore_ament_install']
[0.728s] Level 1:colcon.colcon_core.package_identification:_identify(venv/lib/python3.12/site-packages/pip-26.1.1.dist-info/licenses/src/pip) by extension 'ignore'
[0.728s] Level 1:colcon.colcon_core.package_identification:_identify(venv/lib/python3.12/site-packages/pip-26.1.1.dist-info/licenses/src/pip) by extension 'ignore_ament_install'
[0.728s] Level 1:colcon.colcon_core.package_identification:_identify(venv/lib/python3.12/site-packages/pip-26.1.1.dist-info/licenses/src/pip) by extensions ['colcon_pkg']
[0.728s] Level 1:colcon.colcon_core.package_identification:_identify(venv/lib/python3.12/site-packages/pip-26.1.1.dist-info/licenses/src/pip) by extension 'colcon_pkg'
[0.728s] Level 1:colcon.colcon_core.package_identification:_identify(venv/lib/python3.12/site-packages/pip-26.1.1.dist-info/licenses/src/pip) by extensions ['colcon_meta']
[0.728s] Level 1:colcon.colcon_core.package_identification:_identify(venv/lib/python3.12/site-packages/pip-26.1.1.dist-info/licenses/src/pip) by extension 'colcon_meta'
[0.728s] Level 1:colcon.colcon_core.package_identification:_identify(venv/lib/python3.12/site-packages/pip-26.1.1.dist-info/licenses/src/pip) by extensions ['ros']
[0.728s] Level 1:colcon.colcon_core.package_identification:_identify(venv/lib/python3.12/site-packages/pip-26.1.1.dist-info/licenses/src/pip) by extension 'ros'
[0.728s] Level 1:colcon.colcon_core.package_identification:_identify(venv/lib/python3.12/site-packages/pip-26.1.1.dist-info/licenses/src/pip) by extensions ['cmake', 'python']
[0.728s] Level 1:colcon.colcon_core.package_identification:_identify(venv/lib/python3.12/site-packages/pip-26.1.1.dist-info/licenses/src/pip) by extension 'cmake'
[0.729s] Level 1:colcon.colcon_core.package_identification:_identify(venv/lib/python3.12/site-packages/pip-26.1.1.dist-info/licenses/src/pip) by extension 'python'
[0.729s] Level 1:colcon.colcon_core.package_identification:_identify(venv/lib/python3.12/site-packages/pip-26.1.1.dist-info/licenses/src/pip) by extensions ['python_setup_py']
[0.729s] Level 1:colcon.colcon_core.package_identification:_identify(venv/lib/python3.12/site-packages/pip-26.1.1.dist-info/licenses/src/pip) by extension 'python_setup_py'
[0.729s] Level 1:colcon.colcon_core.package_identification:_identify(venv/lib/python3.12/site-packages/pip-26.1.1.dist-info/licenses/src/pip/_vendor) by extensions ['ignore', 'ignore_ament_install']
[0.729s] Level 1:colcon.colcon_core.package_identification:_identify(venv/lib/python3.12/site-packages/pip-26.1.1.dist-info/licenses/src/pip/_vendor) by extension 'ignore'
[0.729s] Level 1:colcon.colcon_core.package_identification:_identify(venv/lib/python3.12/site-packages/pip-26.1.1.dist-info/licenses/src/pip/_vendor) by extension 'ignore_ament_install'
[0.729s] Level 1:colcon.colcon_core.package_identification:_identify(venv/lib/python3.12/site-packages/pip-26.1.1.dist-info/licenses/src/pip/_vendor) by extensions ['colcon_pkg']
[0.729s] Level 1:colcon.colcon_core.package_identification:_identify(venv/lib/python3.12/site-packages/pip-26.1.1.dist-info/licenses/src/pip/_vendor) by extension 'colcon_pkg'
[0.729s] Level 1:colcon.colcon_core.package_identification:_identify(venv/lib/python3.12/site-packages/pip-26.1.1.dist-info/licenses/src/pip/_vendor) by extensions ['colcon_meta']
[0.729s] Level 1:colcon.colcon_core.package_identification:_identify(venv/lib/python3.12/site-packages/pip-26.1.1.dist-info/licenses/src/pip/_vendor) by extension 'colcon_meta'
[0.729s] Level 1:colcon.colcon_core.package_identification:_identify(venv/lib/python3.12/site-packages/pip-26.1.1.dist-info/licenses/src/pip/_vendor) by extensions ['ros']
[0.729s] Level 1:colcon.colcon_core.package_identification:_identify(venv/lib/python3.12/site-packages/pip-26.1.1.dist-info/licenses/src/pip/_vendor) by extension 'ros'
[0.729s] Level 1:colcon.colcon_core.package_identification:_identify(venv/lib/python3.12/site-packages/pip-26.1.1.dist-info/licenses/src/pip/_vendor) by extensions ['cmake', 'python']
[0.729s] Level 1:colcon.colcon_core.package_identification:_identify(venv/lib/python3.12/site-packages/pip-26.1.1.dist-info/licenses/src/pip/_vendor) by extension 'cmake'
[0.729s] Level 1:colcon.colcon_core.package_identification:_identify(venv/lib/python3.12/site-packages/pip-26.1.1.dist-info/licenses/src/pip/_vendor) by extension 'python'
[0.730s] Level 1:colcon.colcon_core.package_identification:_identify(venv/lib/python3.12/site-packages/pip-26.1.1.dist-info/licenses/src/pip/_vendor) by extensions ['python_setup_py']
[0.730s] Level 1:colcon.colcon_core.package_identification:_identify(venv/lib/python3.12/site-packages/pip-26.1.1.dist-info/licenses/src/pip/_vendor) by extension 'python_setup_py'
[0.730s] Level 1:colcon.colcon_core.package_identification:_identify(venv/lib/python3.12/site-packages/pip-26.1.1.dist-info/licenses/src/pip/_vendor/cachecontrol) by extensions ['ignore', 'ignore_ament_install']
[0.730s] Level 1:colcon.colcon_core.package_identification:_identify(venv/lib/python3.12/site-packages/pip-26.1.1.dist-info/licenses/src/pip/_vendor/cachecontrol) by extension 'ignore'
[0.730s] Level 1:colcon.colcon_core.package_identification:_identify(venv/lib/python3.12/site-packages/pip-26.1.1.dist-info/licenses/src/pip/_vendor/cachecontrol) by extension 'ignore_ament_install'
[0.730s] Level 1:colcon.colcon_core.package_identification:_identify(venv/lib/python3.12/site-packages/pip-26.1.1.dist-info/licenses/src/pip/_vendor/cachecontrol) by extensions ['colcon_pkg']
[0.730s] Level 1:colcon.colcon_core.package_identification:_identify(venv/lib/python3.12/site-packages/pip-26.1.1.dist-info/licenses/src/pip/_vendor/cachecontrol) by extension 'colcon_pkg'
[0.730s] Level 1:colcon.colcon_core.package_identification:_identify(venv/lib/python3.12/site-packages/pip-26.1.1.dist-info/licenses/src/pip/_vendor/cachecontrol) by extensions ['colcon_meta']
[0.730s] Level 1:colcon.colcon_core.package_identification:_identify(venv/lib/python3.12/site-packages/pip-26.1.1.dist-info/licenses/src/pip/_vendor/cachecontrol) by extension 'colcon_meta'
[0.730s] Level 1:colcon.colcon_core.package_identification:_identify(venv/lib/python3.12/site-packages/pip-26.1.1.dist-info/licenses/src/pip/_vendor/cachecontrol) by extensions ['ros']
[0.730s] Level 1:colcon.colcon_core.package_identification:_identify(venv/lib/python3.12/site-packages/pip-26.1.1.dist-info/licenses/src/pip/_vendor/cachecontrol) by extension 'ros'
[0.731s] Level 1:colcon.colcon_core.package_identification:_identify(venv/lib/python3.12/site-packages/pip-26.1.1.dist-info/licenses/src/pip/_vendor/cachecontrol) by extensions ['cmake', 'python']
[0.731s] Level 1:colcon.colcon_core.package_identification:_identify(venv/lib/python3.12/site-packages/pip-26.1.1.dist-info/licenses/src/pip/_vendor/cachecontrol) by extension 'cmake'
[0.731s] Level 1:colcon.colcon_core.package_identification:_identify(venv/lib/python3.12/site-packages/pip-26.1.1.dist-info/licenses/src/pip/_vendor/cachecontrol) by extension 'python'
[0.731s] Level 1:colcon.colcon_core.package_identification:_identify(venv/lib/python3.12/site-packages/pip-26.1.1.dist-info/licenses/src/pip/_vendor/cachecontrol) by extensions ['python_setup_py']
[0.731s] Level 1:colcon.colcon_core.package_identification:_identify(venv/lib/python3.12/site-packages/pip-26.1.1.dist-info/licenses/src/pip/_vendor/cachecontrol) by extension 'python_setup_py'
[0.731s] Level 1:colcon.colcon_core.package_identification:_identify(venv/lib/python3.12/site-packages/pip-26.1.1.dist-info/licenses/src/pip/_vendor/certifi) by extensions ['ignore', 'ignore_ament_install']
[0.731s] Level 1:colcon.colcon_core.package_identification:_identify(venv/lib/python3.12/site-packages/pip-26.1.1.dist-info/licenses/src/pip/_vendor/certifi) by extension 'ignore'
[0.731s] Level 1:colcon.colcon_core.package_identification:_identify(venv/lib/python3.12/site-packages/pip-26.1.1.dist-info/licenses/src/pip/_vendor/certifi) by extension 'ignore_ament_install'
[0.731s] Level 1:colcon.colcon_core.package_identification:_identify(venv/lib/python3.12/site-packages/pip-26.1.1.dist-info/licenses/src/pip/_vendor/certifi) by extensions ['colcon_pkg']
[0.731s] Level 1:colcon.colcon_core.package_identification:_identify(venv/lib/python3.12/site-packages/pip-26.1.1.dist-info/licenses/src/pip/_vendor/certifi) by extension 'colcon_pkg'
[0.731s] Level 1:colcon.colcon_core.package_identification:_identify(venv/lib/python3.12/site-packages/pip-26.1.1.dist-info/licenses/src/pip/_vendor/certifi) by extensions ['colcon_meta']
[0.731s] Level 1:colcon.colcon_core.package_identification:_identify(venv/lib/python3.12/site-packages/pip-26.1.1.dist-info/licenses/src/pip/_vendor/certifi) by extension 'colcon_meta'
[0.731s] Level 1:colcon.colcon_core.package_identification:_identify(venv/lib/python3.12/site-packages/pip-26.1.1.dist-info/licenses/src/pip/_vendor/certifi) by extensions ['ros']
[0.731s] Level 1:colcon.colcon_core.package_identification:_identify(venv/lib/python3.12/site-packages/pip-26.1.1.dist-info/licenses/src/pip/_vendor/certifi) by extension 'ros'
[0.732s] Level 1:colcon.colcon_core.package_identification:_identify(venv/lib/python3.12/site-packages/pip-26.1.1.dist-info/licenses/src/pip/_vendor/certifi) by extensions ['cmake', 'python']
[0.732s] Level 1:colcon.colcon_core.package_identification:_identify(venv/lib/python3.12/site-packages/pip-26.1.1.dist-info/licenses/src/pip/_vendor/certifi) by extension 'cmake'
[0.732s] Level 1:colcon.colcon_core.package_identification:_identify(venv/lib/python3.12/site-packages/pip-26.1.1.dist-info/licenses/src/pip/_vendor/certifi) by extension 'python'
[0.732s] Level 1:colcon.colcon_core.package_identification:_identify(venv/lib/python3.12/site-packages/pip-26.1.1.dist-info/licenses/src/pip/_vendor/certifi) by extensions ['python_setup_py']
[0.732s] Level 1:colcon.colcon_core.package_identification:_identify(venv/lib/python3.12/site-packages/pip-26.1.1.dist-info/licenses/src/pip/_vendor/certifi) by extension 'python_setup_py'
[0.732s] Level 1:colcon.colcon_core.package_identification:_identify(venv/lib/python3.12/site-packages/pip-26.1.1.dist-info/licenses/src/pip/_vendor/distlib) by extensions ['ignore', 'ignore_ament_install']
[0.732s] Level 1:colcon.colcon_core.package_identification:_identify(venv/lib/python3.12/site-packages/pip-26.1.1.dist-info/licenses/src/pip/_vendor/distlib) by extension 'ignore'
[0.732s] Level 1:colcon.colcon_core.package_identification:_identify(venv/lib/python3.12/site-packages/pip-26.1.1.dist-info/licenses/src/pip/_vendor/distlib) by extension 'ignore_ament_install'
[0.732s] Level 1:colcon.colcon_core.package_identification:_identify(venv/lib/python3.12/site-packages/pip-26.1.1.dist-info/licenses/src/pip/_vendor/distlib) by extensions ['colcon_pkg']
[0.732s] Level 1:colcon.colcon_core.package_identification:_identify(venv/lib/python3.12/site-packages/pip-26.1.1.dist-info/licenses/src/pip/_vendor/distlib) by extension 'colcon_pkg'
[0.732s] Level 1:colcon.colcon_core.package_identification:_identify(venv/lib/python3.12/site-packages/pip-26.1.1.dist-info/licenses/src/pip/_vendor/distlib) by extensions ['colcon_meta']
[0.732s] Level 1:colcon.colcon_core.package_identification:_identify(venv/lib/python3.12/site-packages/pip-26.1.1.dist-info/licenses/src/pip/_vendor/distlib) by extension 'colcon_meta'
[0.733s] Level 1:colcon.colcon_core.package_identification:_identify(venv/lib/python3.12/site-packages/pip-26.1.1.dist-info/licenses/src/pip/_vendor/distlib) by extensions ['ros']
[0.733s] Level 1:colcon.colcon_core.package_identification:_identify(venv/lib/python3.12/site-packages/pip-26.1.1.dist-info/licenses/src/pip/_vendor/distlib) by extension 'ros'
[0.733s] Level 1:colcon.colcon_core.package_identification:_identify(venv/lib/python3.12/site-packages/pip-26.1.1.dist-info/licenses/src/pip/_vendor/distlib) by extensions ['cmake', 'python']
[0.733s] Level 1:colcon.colcon_core.package_identification:_identify(venv/lib/python3.12/site-packages/pip-26.1.1.dist-info/licenses/src/pip/_vendor/distlib) by extension 'cmake'
[0.733s] Level 1:colcon.colcon_core.package_identification:_identify(venv/lib/python3.12/site-packages/pip-26.1.1.dist-info/licenses/src/pip/_vendor/distlib) by extension 'python'
[0.733s] Level 1:colcon.colcon_core.package_identification:_identify(venv/lib/python3.12/site-packages/pip-26.1.1.dist-info/licenses/src/pip/_vendor/distlib) by extensions ['python_setup_py']
[0.733s] Level 1:colcon.colcon_core.package_identification:_identify(venv/lib/python3.12/site-packages/pip-26.1.1.dist-info/licenses/src/pip/_vendor/distlib) by extension 'python_setup_py'
[0.733s] Level 1:colcon.colcon_core.package_identification:_identify(venv/lib/python3.12/site-packages/pip-26.1.1.dist-info/licenses/src/pip/_vendor/distro) by extensions ['ignore', 'ignore_ament_install']
[0.734s] Level 1:colcon.colcon_core.package_identification:_identify(venv/lib/python3.12/site-packages/pip-26.1.1.dist-info/licenses/src/pip/_vendor/distro) by extension 'ignore'
[0.734s] Level 1:colcon.colcon_core.package_identification:_identify(venv/lib/python3.12/site-packages/pip-26.1.1.dist-info/licenses/src/pip/_vendor/distro) by extension 'ignore_ament_install'
[0.734s] Level 1:colcon.colcon_core.package_identification:_identify(venv/lib/python3.12/site-packages/pip-26.1.1.dist-info/licenses/src/pip/_vendor/distro) by extensions ['colcon_pkg']
[0.734s] Level 1:colcon.colcon_core.package_identification:_identify(venv/lib/python3.12/site-packages/pip-26.1.1.dist-info/licenses/src/pip/_vendor/distro) by extension 'colcon_pkg'
[0.734s] Level 1:colcon.colcon_core.package_identification:_identify(venv/lib/python3.12/site-packages/pip-26.1.1.dist-info/licenses/src/pip/_vendor/distro) by extensions ['colcon_meta']
[0.734s] Level 1:colcon.colcon_core.package_identification:_identify(venv/lib/python3.12/site-packages/pip-26.1.1.dist-info/licenses/src/pip/_vendor/distro) by extension 'colcon_meta'
[0.734s] Level 1:colcon.colcon_core.package_identification:_identify(venv/lib/python3.12/site-packages/pip-26.1.1.dist-info/licenses/src/pip/_vendor/distro) by extensions ['ros']
[0.734s] Level 1:colcon.colcon_core.package_identification:_identify(venv/lib/python3.12/site-packages/pip-26.1.1.dist-info/licenses/src/pip/_vendor/distro) by extension 'ros'
[0.734s] Level 1:colcon.colcon_core.package_identification:_identify(venv/lib/python3.12/site-packages/pip-26.1.1.dist-info/licenses/src/pip/_vendor/distro) by extensions ['cmake', 'python']
[0.734s] Level 1:colcon.colcon_core.package_identification:_identify(venv/lib/python3.12/site-packages/pip-26.1.1.dist-info/licenses/src/pip/_vendor/distro) by extension 'cmake'
[0.734s] Level 1:colcon.colcon_core.package_identification:_identify(venv/lib/python3.12/site-packages/pip-26.1.1.dist-info/licenses/src/pip/_vendor/distro) by extension 'python'
[0.734s] Level 1:colcon.colcon_core.package_identification:_identify(venv/lib/python3.12/site-packages/pip-26.1.1.dist-info/licenses/src/pip/_vendor/distro) by extensions ['python_setup_py']
[0.734s] Level 1:colcon.colcon_core.package_identification:_identify(venv/lib/python3.12/site-packages/pip-26.1.1.dist-info/licenses/src/pip/_vendor/distro) by extension 'python_setup_py'
[0.735s] Level 1:colcon.colcon_core.package_identification:_identify(venv/lib/python3.12/site-packages/pip-26.1.1.dist-info/licenses/src/pip/_vendor/idna) by extensions ['ignore', 'ignore_ament_install']
[0.735s] Level 1:colcon.colcon_core.package_identification:_identify(venv/lib/python3.12/site-packages/pip-26.1.1.dist-info/licenses/src/pip/_vendor/idna) by extension 'ignore'
[0.735s] Level 1:colcon.colcon_core.package_identification:_identify(venv/lib/python3.12/site-packages/pip-26.1.1.dist-info/licenses/src/pip/_vendor/idna) by extension 'ignore_ament_install'
[0.735s] Level 1:colcon.colcon_core.package_identification:_identify(venv/lib/python3.12/site-packages/pip-26.1.1.dist-info/licenses/src/pip/_vendor/idna) by extensions ['colcon_pkg']
[0.735s] Level 1:colcon.colcon_core.package_identification:_identify(venv/lib/python3.12/site-packages/pip-26.1.1.dist-info/licenses/src/pip/_vendor/idna) by extension 'colcon_pkg'
[0.735s] Level 1:colcon.colcon_core.package_identification:_identify(venv/lib/python3.12/site-packages/pip-26.1.1.dist-info/licenses/src/pip/_vendor/idna) by extensions ['colcon_meta']
[0.735s] Level 1:colcon.colcon_core.package_identification:_identify(venv/lib/python3.12/site-packages/pip-26.1.1.dist-info/licenses/src/pip/_vendor/idna) by extension 'colcon_meta'
[0.735s] Level 1:colcon.colcon_core.package_identification:_identify(venv/lib/python3.12/site-packages/pip-26.1.1.dist-info/licenses/src/pip/_vendor/idna) by extensions ['ros']
[0.735s] Level 1:colcon.colcon_core.package_identification:_identify(venv/lib/python3.12/site-packages/pip-26.1.1.dist-info/licenses/src/pip/_vendor/idna) by extension 'ros'
[0.735s] Level 1:colcon.colcon_core.package_identification:_identify(venv/lib/python3.12/site-packages/pip-26.1.1.dist-info/licenses/src/pip/_vendor/idna) by extensions ['cmake', 'python']
[0.735s] Level 1:colcon.colcon_core.package_identification:_identify(venv/lib/python3.12/site-packages/pip-26.1.1.dist-info/licenses/src/pip/_vendor/idna) by extension 'cmake'
[0.735s] Level 1:colcon.colcon_core.package_identification:_identify(venv/lib/python3.12/site-packages/pip-26.1.1.dist-info/licenses/src/pip/_vendor/idna) by extension 'python'
[0.736s] Level 1:colcon.colcon_core.package_identification:_identify(venv/lib/python3.12/site-packages/pip-26.1.1.dist-info/licenses/src/pip/_vendor/idna) by extensions ['python_setup_py']
[0.736s] Level 1:colcon.colcon_core.package_identification:_identify(venv/lib/python3.12/site-packages/pip-26.1.1.dist-info/licenses/src/pip/_vendor/idna) by extension 'python_setup_py'
[0.736s] Level 1:colcon.colcon_core.package_identification:_identify(venv/lib/python3.12/site-packages/pip-26.1.1.dist-info/licenses/src/pip/_vendor/msgpack) by extensions ['ignore', 'ignore_ament_install']
[0.736s] Level 1:colcon.colcon_core.package_identification:_identify(venv/lib/python3.12/site-packages/pip-26.1.1.dist-info/licenses/src/pip/_vendor/msgpack) by extension 'ignore'
[0.736s] Level 1:colcon.colcon_core.package_identification:_identify(venv/lib/python3.12/site-packages/pip-26.1.1.dist-info/licenses/src/pip/_vendor/msgpack) by extension 'ignore_ament_install'
[0.736s] Level 1:colcon.colcon_core.package_identification:_identify(venv/lib/python3.12/site-packages/pip-26.1.1.dist-info/licenses/src/pip/_vendor/msgpack) by extensions ['colcon_pkg']
[0.736s] Level 1:colcon.colcon_core.package_identification:_identify(venv/lib/python3.12/site-packages/pip-26.1.1.dist-info/licenses/src/pip/_vendor/msgpack) by extension 'colcon_pkg'
[0.736s] Level 1:colcon.colcon_core.package_identification:_identify(venv/lib/python3.12/site-packages/pip-26.1.1.dist-info/licenses/src/pip/_vendor/msgpack) by extensions ['colcon_meta']
[0.736s] Level 1:colcon.colcon_core.package_identification:_identify(venv/lib/python3.12/site-packages/pip-26.1.1.dist-info/licenses/src/pip/_vendor/msgpack) by extension 'colcon_meta'
[0.736s] Level 1:colcon.colcon_core.package_identification:_identify(venv/lib/python3.12/site-packages/pip-26.1.1.dist-info/licenses/src/pip/_vendor/msgpack) by extensions ['ros']
[0.736s] Level 1:colcon.colcon_core.package_identification:_identify(venv/lib/python3.12/site-packages/pip-26.1.1.dist-info/licenses/src/pip/_vendor/msgpack) by extension 'ros'
[0.737s] Level 1:colcon.colcon_core.package_identification:_identify(venv/lib/python3.12/site-packages/pip-26.1.1.dist-info/licenses/src/pip/_vendor/msgpack) by extensions ['cmake', 'python']
[0.737s] Level 1:colcon.colcon_core.package_identification:_identify(venv/lib/python3.12/site-packages/pip-26.1.1.dist-info/licenses/src/pip/_vendor/msgpack) by extension 'cmake'
[0.737s] Level 1:colcon.colcon_core.package_identification:_identify(venv/lib/python3.12/site-packages/pip-26.1.1.dist-info/licenses/src/pip/_vendor/msgpack) by extension 'python'
[0.737s] Level 1:colcon.colcon_core.package_identification:_identify(venv/lib/python3.12/site-packages/pip-26.1.1.dist-info/licenses/src/pip/_vendor/msgpack) by extensions ['python_setup_py']
[0.737s] Level 1:colcon.colcon_core.package_identification:_identify(venv/lib/python3.12/site-packages/pip-26.1.1.dist-info/licenses/src/pip/_vendor/msgpack) by extension 'python_setup_py'
[0.737s] Level 1:colcon.colcon_core.package_identification:_identify(venv/lib/python3.12/site-packages/pip-26.1.1.dist-info/licenses/src/pip/_vendor/packaging) by extensions ['ignore', 'ignore_ament_install']
[0.737s] Level 1:colcon.colcon_core.package_identification:_identify(venv/lib/python3.12/site-packages/pip-26.1.1.dist-info/licenses/src/pip/_vendor/packaging) by extension 'ignore'
[0.737s] Level 1:colcon.colcon_core.package_identification:_identify(venv/lib/python3.12/site-packages/pip-26.1.1.dist-info/licenses/src/pip/_vendor/packaging) by extension 'ignore_ament_install'
[0.737s] Level 1:colcon.colcon_core.package_identification:_identify(venv/lib/python3.12/site-packages/pip-26.1.1.dist-info/licenses/src/pip/_vendor/packaging) by extensions ['colcon_pkg']
[0.737s] Level 1:colcon.colcon_core.package_identification:_identify(venv/lib/python3.12/site-packages/pip-26.1.1.dist-info/licenses/src/pip/_vendor/packaging) by extension 'colcon_pkg'
[0.737s] Level 1:colcon.colcon_core.package_identification:_identify(venv/lib/python3.12/site-packages/pip-26.1.1.dist-info/licenses/src/pip/_vendor/packaging) by extensions ['colcon_meta']
[0.737s] Level 1:colcon.colcon_core.package_identification:_identify(venv/lib/python3.12/site-packages/pip-26.1.1.dist-info/licenses/src/pip/_vendor/packaging) by extension 'colcon_meta'
[0.738s] Level 1:colcon.colcon_core.package_identification:_identify(venv/lib/python3.12/site-packages/pip-26.1.1.dist-info/licenses/src/pip/_vendor/packaging) by extensions ['ros']
[0.738s] Level 1:colcon.colcon_core.package_identification:_identify(venv/lib/python3.12/site-packages/pip-26.1.1.dist-info/licenses/src/pip/_vendor/packaging) by extension 'ros'
[0.738s] Level 1:colcon.colcon_core.package_identification:_identify(venv/lib/python3.12/site-packages/pip-26.1.1.dist-info/licenses/src/pip/_vendor/packaging) by extensions ['cmake', 'python']
[0.738s] Level 1:colcon.colcon_core.package_identification:_identify(venv/lib/python3.12/site-packages/pip-26.1.1.dist-info/licenses/src/pip/_vendor/packaging) by extension 'cmake'
[0.738s] Level 1:colcon.colcon_core.package_identification:_identify(venv/lib/python3.12/site-packages/pip-26.1.1.dist-info/licenses/src/pip/_vendor/packaging) by extension 'python'
[0.738s] Level 1:colcon.colcon_core.package_identification:_identify(venv/lib/python3.12/site-packages/pip-26.1.1.dist-info/licenses/src/pip/_vendor/packaging) by extensions ['python_setup_py']
[0.738s] Level 1:colcon.colcon_core.package_identification:_identify(venv/lib/python3.12/site-packages/pip-26.1.1.dist-info/licenses/src/pip/_vendor/packaging) by extension 'python_setup_py'
[0.738s] Level 1:colcon.colcon_core.package_identification:_identify(venv/lib/python3.12/site-packages/pip-26.1.1.dist-info/licenses/src/pip/_vendor/pkg_resources) by extensions ['ignore', 'ignore_ament_install']
[0.738s] Level 1:colcon.colcon_core.package_identification:_identify(venv/lib/python3.12/site-packages/pip-26.1.1.dist-info/licenses/src/pip/_vendor/pkg_resources) by extension 'ignore'
[0.738s] Level 1:colcon.colcon_core.package_identification:_identify(venv/lib/python3.12/site-packages/pip-26.1.1.dist-info/licenses/src/pip/_vendor/pkg_resources) by extension 'ignore_ament_install'
[0.738s] Level 1:colcon.colcon_core.package_identification:_identify(venv/lib/python3.12/site-packages/pip-26.1.1.dist-info/licenses/src/pip/_vendor/pkg_resources) by extensions ['colcon_pkg']
[0.738s] Level 1:colcon.colcon_core.package_identification:_identify(venv/lib/python3.12/site-packages/pip-26.1.1.dist-info/licenses/src/pip/_vendor/pkg_resources) by extension 'colcon_pkg'
[0.739s] Level 1:colcon.colcon_core.package_identification:_identify(venv/lib/python3.12/site-packages/pip-26.1.1.dist-info/licenses/src/pip/_vendor/pkg_resources) by extensions ['colcon_meta']
[0.739s] Level 1:colcon.colcon_core.package_identification:_identify(venv/lib/python3.12/site-packages/pip-26.1.1.dist-info/licenses/src/pip/_vendor/pkg_resources) by extension 'colcon_meta'
[0.739s] Level 1:colcon.colcon_core.package_identification:_identify(venv/lib/python3.12/site-packages/pip-26.1.1.dist-info/licenses/src/pip/_vendor/pkg_resources) by extensions ['ros']
[0.739s] Level 1:colcon.colcon_core.package_identification:_identify(venv/lib/python3.12/site-packages/pip-26.1.1.dist-info/licenses/src/pip/_vendor/pkg_resources) by extension 'ros'
[0.739s] Level 1:colcon.colcon_core.package_identification:_identify(venv/lib/python3.12/site-packages/pip-26.1.1.dist-info/licenses/src/pip/_vendor/pkg_resources) by extensions ['cmake', 'python']
[0.739s] Level 1:colcon.colcon_core.package_identification:_identify(venv/lib/python3.12/site-packages/pip-26.1.1.dist-info/licenses/src/pip/_vendor/pkg_resources) by extension 'cmake'
[0.739s] Level 1:colcon.colcon_core.package_identification:_identify(venv/lib/python3.12/site-packages/pip-26.1.1.dist-info/licenses/src/pip/_vendor/pkg_resources) by extension 'python'
[0.739s] Level 1:colcon.colcon_core.package_identification:_identify(venv/lib/python3.12/site-packages/pip-26.1.1.dist-info/licenses/src/pip/_vendor/pkg_resources) by extensions ['python_setup_py']
[0.739s] Level 1:colcon.colcon_core.package_identification:_identify(venv/lib/python3.12/site-packages/pip-26.1.1.dist-info/licenses/src/pip/_vendor/pkg_resources) by extension 'python_setup_py'
[0.739s] Level 1:colcon.colcon_core.package_identification:_identify(venv/lib/python3.12/site-packages/pip-26.1.1.dist-info/licenses/src/pip/_vendor/platformdirs) by extensions ['ignore', 'ignore_ament_install']
[0.739s] Level 1:colcon.colcon_core.package_identification:_identify(venv/lib/python3.12/site-packages/pip-26.1.1.dist-info/licenses/src/pip/_vendor/platformdirs) by extension 'ignore'
[0.739s] Level 1:colcon.colcon_core.package_identification:_identify(venv/lib/python3.12/site-packages/pip-26.1.1.dist-info/licenses/src/pip/_vendor/platformdirs) by extension 'ignore_ament_install'
[0.740s] Level 1:colcon.colcon_core.package_identification:_identify(venv/lib/python3.12/site-packages/pip-26.1.1.dist-info/licenses/src/pip/_vendor/platformdirs) by extensions ['colcon_pkg']
[0.740s] Level 1:colcon.colcon_core.package_identification:_identify(venv/lib/python3.12/site-packages/pip-26.1.1.dist-info/licenses/src/pip/_vendor/platformdirs) by extension 'colcon_pkg'
[0.740s] Level 1:colcon.colcon_core.package_identification:_identify(venv/lib/python3.12/site-packages/pip-26.1.1.dist-info/licenses/src/pip/_vendor/platformdirs) by extensions ['colcon_meta']
[0.740s] Level 1:colcon.colcon_core.package_identification:_identify(venv/lib/python3.12/site-packages/pip-26.1.1.dist-info/licenses/src/pip/_vendor/platformdirs) by extension 'colcon_meta'
[0.740s] Level 1:colcon.colcon_core.package_identification:_identify(venv/lib/python3.12/site-packages/pip-26.1.1.dist-info/licenses/src/pip/_vendor/platformdirs) by extensions ['ros']
[0.740s] Level 1:colcon.colcon_core.package_identification:_identify(venv/lib/python3.12/site-packages/pip-26.1.1.dist-info/licenses/src/pip/_vendor/platformdirs) by extension 'ros'
[0.740s] Level 1:colcon.colcon_core.package_identification:_identify(venv/lib/python3.12/site-packages/pip-26.1.1.dist-info/licenses/src/pip/_vendor/platformdirs) by extensions ['cmake', 'python']
[0.740s] Level 1:colcon.colcon_core.package_identification:_identify(venv/lib/python3.12/site-packages/pip-26.1.1.dist-info/licenses/src/pip/_vendor/platformdirs) by extension 'cmake'
[0.740s] Level 1:colcon.colcon_core.package_identification:_identify(venv/lib/python3.12/site-packages/pip-26.1.1.dist-info/licenses/src/pip/_vendor/platformdirs) by extension 'python'
[0.740s] Level 1:colcon.colcon_core.package_identification:_identify(venv/lib/python3.12/site-packages/pip-26.1.1.dist-info/licenses/src/pip/_vendor/platformdirs) by extensions ['python_setup_py']
[0.740s] Level 1:colcon.colcon_core.package_identification:_identify(venv/lib/python3.12/site-packages/pip-26.1.1.dist-info/licenses/src/pip/_vendor/platformdirs) by extension 'python_setup_py'
[0.740s] Level 1:colcon.colcon_core.package_identification:_identify(venv/lib/python3.12/site-packages/pip-26.1.1.dist-info/licenses/src/pip/_vendor/pygments) by extensions ['ignore', 'ignore_ament_install']
[0.740s] Level 1:colcon.colcon_core.package_identification:_identify(venv/lib/python3.12/site-packages/pip-26.1.1.dist-info/licenses/src/pip/_vendor/pygments) by extension 'ignore'
[0.741s] Level 1:colcon.colcon_core.package_identification:_identify(venv/lib/python3.12/site-packages/pip-26.1.1.dist-info/licenses/src/pip/_vendor/pygments) by extension 'ignore_ament_install'
[0.741s] Level 1:colcon.colcon_core.package_identification:_identify(venv/lib/python3.12/site-packages/pip-26.1.1.dist-info/licenses/src/pip/_vendor/pygments) by extensions ['colcon_pkg']
[0.741s] Level 1:colcon.colcon_core.package_identification:_identify(venv/lib/python3.12/site-packages/pip-26.1.1.dist-info/licenses/src/pip/_vendor/pygments) by extension 'colcon_pkg'
[0.741s] Level 1:colcon.colcon_core.package_identification:_identify(venv/lib/python3.12/site-packages/pip-26.1.1.dist-info/licenses/src/pip/_vendor/pygments) by extensions ['colcon_meta']
[0.741s] Level 1:colcon.colcon_core.package_identification:_identify(venv/lib/python3.12/site-packages/pip-26.1.1.dist-info/licenses/src/pip/_vendor/pygments) by extension 'colcon_meta'
[0.741s] Level 1:colcon.colcon_core.package_identification:_identify(venv/lib/python3.12/site-packages/pip-26.1.1.dist-info/licenses/src/pip/_vendor/pygments) by extensions ['ros']
[0.741s] Level 1:colcon.colcon_core.package_identification:_identify(venv/lib/python3.12/site-packages/pip-26.1.1.dist-info/licenses/src/pip/_vendor/pygments) by extension 'ros'
[0.741s] Level 1:colcon.colcon_core.package_identification:_identify(venv/lib/python3.12/site-packages/pip-26.1.1.dist-info/licenses/src/pip/_vendor/pygments) by extensions ['cmake', 'python']
[0.741s] Level 1:colcon.colcon_core.package_identification:_identify(venv/lib/python3.12/site-packages/pip-26.1.1.dist-info/licenses/src/pip/_vendor/pygments) by extension 'cmake'
[0.741s] Level 1:colcon.colcon_core.package_identification:_identify(venv/lib/python3.12/site-packages/pip-26.1.1.dist-info/licenses/src/pip/_vendor/pygments) by extension 'python'
[0.741s] Level 1:colcon.colcon_core.package_identification:_identify(venv/lib/python3.12/site-packages/pip-26.1.1.dist-info/licenses/src/pip/_vendor/pygments) by extensions ['python_setup_py']
[0.741s] Level 1:colcon.colcon_core.package_identification:_identify(venv/lib/python3.12/site-packages/pip-26.1.1.dist-info/licenses/src/pip/_vendor/pygments) by extension 'python_setup_py'
[0.741s] Level 1:colcon.colcon_core.package_identification:_identify(venv/lib/python3.12/site-packages/pip-26.1.1.dist-info/licenses/src/pip/_vendor/pyproject_hooks) by extensions ['ignore', 'ignore_ament_install']
[0.742s] Level 1:colcon.colcon_core.package_identification:_identify(venv/lib/python3.12/site-packages/pip-26.1.1.dist-info/licenses/src/pip/_vendor/pyproject_hooks) by extension 'ignore'
[0.742s] Level 1:colcon.colcon_core.package_identification:_identify(venv/lib/python3.12/site-packages/pip-26.1.1.dist-info/licenses/src/pip/_vendor/pyproject_hooks) by extension 'ignore_ament_install'
[0.742s] Level 1:colcon.colcon_core.package_identification:_identify(venv/lib/python3.12/site-packages/pip-26.1.1.dist-info/licenses/src/pip/_vendor/pyproject_hooks) by extensions ['colcon_pkg']
[0.742s] Level 1:colcon.colcon_core.package_identification:_identify(venv/lib/python3.12/site-packages/pip-26.1.1.dist-info/licenses/src/pip/_vendor/pyproject_hooks) by extension 'colcon_pkg'
[0.742s] Level 1:colcon.colcon_core.package_identification:_identify(venv/lib/python3.12/site-packages/pip-26.1.1.dist-info/licenses/src/pip/_vendor/pyproject_hooks) by extensions ['colcon_meta']
[0.742s] Level 1:colcon.colcon_core.package_identification:_identify(venv/lib/python3.12/site-packages/pip-26.1.1.dist-info/licenses/src/pip/_vendor/pyproject_hooks) by extension 'colcon_meta'
[0.742s] Level 1:colcon.colcon_core.package_identification:_identify(venv/lib/python3.12/site-packages/pip-26.1.1.dist-info/licenses/src/pip/_vendor/pyproject_hooks) by extensions ['ros']
[0.742s] Level 1:colcon.colcon_core.package_identification:_identify(venv/lib/python3.12/site-packages/pip-26.1.1.dist-info/licenses/src/pip/_vendor/pyproject_hooks) by extension 'ros'
[0.742s] Level 1:colcon.colcon_core.package_identification:_identify(venv/lib/python3.12/site-packages/pip-26.1.1.dist-info/licenses/src/pip/_vendor/pyproject_hooks) by extensions ['cmake', 'python']
[0.742s] Level 1:colcon.colcon_core.package_identification:_identify(venv/lib/python3.12/site-packages/pip-26.1.1.dist-info/licenses/src/pip/_vendor/pyproject_hooks) by extension 'cmake'
[0.742s] Level 1:colcon.colcon_core.package_identification:_identify(venv/lib/python3.12/site-packages/pip-26.1.1.dist-info/licenses/src/pip/_vendor/pyproject_hooks) by extension 'python'
[0.742s] Level 1:colcon.colcon_core.package_identification:_identify(venv/lib/python3.12/site-packages/pip-26.1.1.dist-info/licenses/src/pip/_vendor/pyproject_hooks) by extensions ['python_setup_py']
[0.742s] Level 1:colcon.colcon_core.package_identification:_identify(venv/lib/python3.12/site-packages/pip-26.1.1.dist-info/licenses/src/pip/_vendor/pyproject_hooks) by extension 'python_setup_py'
[0.743s] Level 1:colcon.colcon_core.package_identification:_identify(venv/lib/python3.12/site-packages/pip-26.1.1.dist-info/licenses/src/pip/_vendor/requests) by extensions ['ignore', 'ignore_ament_install']
[0.743s] Level 1:colcon.colcon_core.package_identification:_identify(venv/lib/python3.12/site-packages/pip-26.1.1.dist-info/licenses/src/pip/_vendor/requests) by extension 'ignore'
[0.743s] Level 1:colcon.colcon_core.package_identification:_identify(venv/lib/python3.12/site-packages/pip-26.1.1.dist-info/licenses/src/pip/_vendor/requests) by extension 'ignore_ament_install'
[0.743s] Level 1:colcon.colcon_core.package_identification:_identify(venv/lib/python3.12/site-packages/pip-26.1.1.dist-info/licenses/src/pip/_vendor/requests) by extensions ['colcon_pkg']
[0.743s] Level 1:colcon.colcon_core.package_identification:_identify(venv/lib/python3.12/site-packages/pip-26.1.1.dist-info/licenses/src/pip/_vendor/requests) by extension 'colcon_pkg'
[0.743s] Level 1:colcon.colcon_core.package_identification:_identify(venv/lib/python3.12/site-packages/pip-26.1.1.dist-info/licenses/src/pip/_vendor/requests) by extensions ['colcon_meta']
[0.743s] Level 1:colcon.colcon_core.package_identification:_identify(venv/lib/python3.12/site-packages/pip-26.1.1.dist-info/licenses/src/pip/_vendor/requests) by extension 'colcon_meta'
[0.743s] Level 1:colcon.colcon_core.package_identification:_identify(venv/lib/python3.12/site-packages/pip-26.1.1.dist-info/licenses/src/pip/_vendor/requests) by extensions ['ros']
[0.743s] Level 1:colcon.colcon_core.package_identification:_identify(venv/lib/python3.12/site-packages/pip-26.1.1.dist-info/licenses/src/pip/_vendor/requests) by extension 'ros'
[0.743s] Level 1:colcon.colcon_core.package_identification:_identify(venv/lib/python3.12/site-packages/pip-26.1.1.dist-info/licenses/src/pip/_vendor/requests) by extensions ['cmake', 'python']
[0.743s] Level 1:colcon.colcon_core.package_identification:_identify(venv/lib/python3.12/site-packages/pip-26.1.1.dist-info/licenses/src/pip/_vendor/requests) by extension 'cmake'
[0.743s] Level 1:colcon.colcon_core.package_identification:_identify(venv/lib/python3.12/site-packages/pip-26.1.1.dist-info/licenses/src/pip/_vendor/requests) by extension 'python'
[0.743s] Level 1:colcon.colcon_core.package_identification:_identify(venv/lib/python3.12/site-packages/pip-26.1.1.dist-info/licenses/src/pip/_vendor/requests) by extensions ['python_setup_py']
[0.744s] Level 1:colcon.colcon_core.package_identification:_identify(venv/lib/python3.12/site-packages/pip-26.1.1.dist-info/licenses/src/pip/_vendor/requests) by extension 'python_setup_py'
[0.744s] Level 1:colcon.colcon_core.package_identification:_identify(venv/lib/python3.12/site-packages/pip-26.1.1.dist-info/licenses/src/pip/_vendor/resolvelib) by extensions ['ignore', 'ignore_ament_install']
[0.744s] Level 1:colcon.colcon_core.package_identification:_identify(venv/lib/python3.12/site-packages/pip-26.1.1.dist-info/licenses/src/pip/_vendor/resolvelib) by extension 'ignore'
[0.744s] Level 1:colcon.colcon_core.package_identification:_identify(venv/lib/python3.12/site-packages/pip-26.1.1.dist-info/licenses/src/pip/_vendor/resolvelib) by extension 'ignore_ament_install'
[0.744s] Level 1:colcon.colcon_core.package_identification:_identify(venv/lib/python3.12/site-packages/pip-26.1.1.dist-info/licenses/src/pip/_vendor/resolvelib) by extensions ['colcon_pkg']
[0.744s] Level 1:colcon.colcon_core.package_identification:_identify(venv/lib/python3.12/site-packages/pip-26.1.1.dist-info/licenses/src/pip/_vendor/resolvelib) by extension 'colcon_pkg'
[0.744s] Level 1:colcon.colcon_core.package_identification:_identify(venv/lib/python3.12/site-packages/pip-26.1.1.dist-info/licenses/src/pip/_vendor/resolvelib) by extensions ['colcon_meta']
[0.744s] Level 1:colcon.colcon_core.package_identification:_identify(venv/lib/python3.12/site-packages/pip-26.1.1.dist-info/licenses/src/pip/_vendor/resolvelib) by extension 'colcon_meta'
[0.744s] Level 1:colcon.colcon_core.package_identification:_identify(venv/lib/python3.12/site-packages/pip-26.1.1.dist-info/licenses/src/pip/_vendor/resolvelib) by extensions ['ros']
[0.744s] Level 1:colcon.colcon_core.package_identification:_identify(venv/lib/python3.12/site-packages/pip-26.1.1.dist-info/licenses/src/pip/_vendor/resolvelib) by extension 'ros'
[0.744s] Level 1:colcon.colcon_core.package_identification:_identify(venv/lib/python3.12/site-packages/pip-26.1.1.dist-info/licenses/src/pip/_vendor/resolvelib) by extensions ['cmake', 'python']
[0.744s] Level 1:colcon.colcon_core.package_identification:_identify(venv/lib/python3.12/site-packages/pip-26.1.1.dist-info/licenses/src/pip/_vendor/resolvelib) by extension 'cmake'
[0.745s] Level 1:colcon.colcon_core.package_identification:_identify(venv/lib/python3.12/site-packages/pip-26.1.1.dist-info/licenses/src/pip/_vendor/resolvelib) by extension 'python'
[0.745s] Level 1:colcon.colcon_core.package_identification:_identify(venv/lib/python3.12/site-packages/pip-26.1.1.dist-info/licenses/src/pip/_vendor/resolvelib) by extensions ['python_setup_py']
[0.745s] Level 1:colcon.colcon_core.package_identification:_identify(venv/lib/python3.12/site-packages/pip-26.1.1.dist-info/licenses/src/pip/_vendor/resolvelib) by extension 'python_setup_py'
[0.745s] Level 1:colcon.colcon_core.package_identification:_identify(venv/lib/python3.12/site-packages/pip-26.1.1.dist-info/licenses/src/pip/_vendor/rich) by extensions ['ignore', 'ignore_ament_install']
[0.745s] Level 1:colcon.colcon_core.package_identification:_identify(venv/lib/python3.12/site-packages/pip-26.1.1.dist-info/licenses/src/pip/_vendor/rich) by extension 'ignore'
[0.745s] Level 1:colcon.colcon_core.package_identification:_identify(venv/lib/python3.12/site-packages/pip-26.1.1.dist-info/licenses/src/pip/_vendor/rich) by extension 'ignore_ament_install'
[0.745s] Level 1:colcon.colcon_core.package_identification:_identify(venv/lib/python3.12/site-packages/pip-26.1.1.dist-info/licenses/src/pip/_vendor/rich) by extensions ['colcon_pkg']
[0.745s] Level 1:colcon.colcon_core.package_identification:_identify(venv/lib/python3.12/site-packages/pip-26.1.1.dist-info/licenses/src/pip/_vendor/rich) by extension 'colcon_pkg'
[0.745s] Level 1:colcon.colcon_core.package_identification:_identify(venv/lib/python3.12/site-packages/pip-26.1.1.dist-info/licenses/src/pip/_vendor/rich) by extensions ['colcon_meta']
[0.745s] Level 1:colcon.colcon_core.package_identification:_identify(venv/lib/python3.12/site-packages/pip-26.1.1.dist-info/licenses/src/pip/_vendor/rich) by extension 'colcon_meta'
[0.745s] Level 1:colcon.colcon_core.package_identification:_identify(venv/lib/python3.12/site-packages/pip-26.1.1.dist-info/licenses/src/pip/_vendor/rich) by extensions ['ros']
[0.745s] Level 1:colcon.colcon_core.package_identification:_identify(venv/lib/python3.12/site-packages/pip-26.1.1.dist-info/licenses/src/pip/_vendor/rich) by extension 'ros'
[0.745s] Level 1:colcon.colcon_core.package_identification:_identify(venv/lib/python3.12/site-packages/pip-26.1.1.dist-info/licenses/src/pip/_vendor/rich) by extensions ['cmake', 'python']
[0.746s] Level 1:colcon.colcon_core.package_identification:_identify(venv/lib/python3.12/site-packages/pip-26.1.1.dist-info/licenses/src/pip/_vendor/rich) by extension 'cmake'
[0.746s] Level 1:colcon.colcon_core.package_identification:_identify(venv/lib/python3.12/site-packages/pip-26.1.1.dist-info/licenses/src/pip/_vendor/rich) by extension 'python'
[0.746s] Level 1:colcon.colcon_core.package_identification:_identify(venv/lib/python3.12/site-packages/pip-26.1.1.dist-info/licenses/src/pip/_vendor/rich) by extensions ['python_setup_py']
[0.746s] Level 1:colcon.colcon_core.package_identification:_identify(venv/lib/python3.12/site-packages/pip-26.1.1.dist-info/licenses/src/pip/_vendor/rich) by extension 'python_setup_py'
[0.746s] Level 1:colcon.colcon_core.package_identification:_identify(venv/lib/python3.12/site-packages/pip-26.1.1.dist-info/licenses/src/pip/_vendor/tomli) by extensions ['ignore', 'ignore_ament_install']
[0.746s] Level 1:colcon.colcon_core.package_identification:_identify(venv/lib/python3.12/site-packages/pip-26.1.1.dist-info/licenses/src/pip/_vendor/tomli) by extension 'ignore'
[0.746s] Level 1:colcon.colcon_core.package_identification:_identify(venv/lib/python3.12/site-packages/pip-26.1.1.dist-info/licenses/src/pip/_vendor/tomli) by extension 'ignore_ament_install'
[0.746s] Level 1:colcon.colcon_core.package_identification:_identify(venv/lib/python3.12/site-packages/pip-26.1.1.dist-info/licenses/src/pip/_vendor/tomli) by extensions ['colcon_pkg']
[0.746s] Level 1:colcon.colcon_core.package_identification:_identify(venv/lib/python3.12/site-packages/pip-26.1.1.dist-info/licenses/src/pip/_vendor/tomli) by extension 'colcon_pkg'
[0.746s] Level 1:colcon.colcon_core.package_identification:_identify(venv/lib/python3.12/site-packages/pip-26.1.1.dist-info/licenses/src/pip/_vendor/tomli) by extensions ['colcon_meta']
[0.746s] Level 1:colcon.colcon_core.package_identification:_identify(venv/lib/python3.12/site-packages/pip-26.1.1.dist-info/licenses/src/pip/_vendor/tomli) by extension 'colcon_meta'
[0.746s] Level 1:colcon.colcon_core.package_identification:_identify(venv/lib/python3.12/site-packages/pip-26.1.1.dist-info/licenses/src/pip/_vendor/tomli) by extensions ['ros']
[0.746s] Level 1:colcon.colcon_core.package_identification:_identify(venv/lib/python3.12/site-packages/pip-26.1.1.dist-info/licenses/src/pip/_vendor/tomli) by extension 'ros'
[0.747s] Level 1:colcon.colcon_core.package_identification:_identify(venv/lib/python3.12/site-packages/pip-26.1.1.dist-info/licenses/src/pip/_vendor/tomli) by extensions ['cmake', 'python']
[0.747s] Level 1:colcon.colcon_core.package_identification:_identify(venv/lib/python3.12/site-packages/pip-26.1.1.dist-info/licenses/src/pip/_vendor/tomli) by extension 'cmake'
[0.747s] Level 1:colcon.colcon_core.package_identification:_identify(venv/lib/python3.12/site-packages/pip-26.1.1.dist-info/licenses/src/pip/_vendor/tomli) by extension 'python'
[0.747s] Level 1:colcon.colcon_core.package_identification:_identify(venv/lib/python3.12/site-packages/pip-26.1.1.dist-info/licenses/src/pip/_vendor/tomli) by extensions ['python_setup_py']
[0.747s] Level 1:colcon.colcon_core.package_identification:_identify(venv/lib/python3.12/site-packages/pip-26.1.1.dist-info/licenses/src/pip/_vendor/tomli) by extension 'python_setup_py'
[0.747s] Level 1:colcon.colcon_core.package_identification:_identify(venv/lib/python3.12/site-packages/pip-26.1.1.dist-info/licenses/src/pip/_vendor/tomli_w) by extensions ['ignore', 'ignore_ament_install']
[0.747s] Level 1:colcon.colcon_core.package_identification:_identify(venv/lib/python3.12/site-packages/pip-26.1.1.dist-info/licenses/src/pip/_vendor/tomli_w) by extension 'ignore'
[0.747s] Level 1:colcon.colcon_core.package_identification:_identify(venv/lib/python3.12/site-packages/pip-26.1.1.dist-info/licenses/src/pip/_vendor/tomli_w) by extension 'ignore_ament_install'
[0.747s] Level 1:colcon.colcon_core.package_identification:_identify(venv/lib/python3.12/site-packages/pip-26.1.1.dist-info/licenses/src/pip/_vendor/tomli_w) by extensions ['colcon_pkg']
[0.747s] Level 1:colcon.colcon_core.package_identification:_identify(venv/lib/python3.12/site-packages/pip-26.1.1.dist-info/licenses/src/pip/_vendor/tomli_w) by extension 'colcon_pkg'
[0.747s] Level 1:colcon.colcon_core.package_identification:_identify(venv/lib/python3.12/site-packages/pip-26.1.1.dist-info/licenses/src/pip/_vendor/tomli_w) by extensions ['colcon_meta']
[0.747s] Level 1:colcon.colcon_core.package_identification:_identify(venv/lib/python3.12/site-packages/pip-26.1.1.dist-info/licenses/src/pip/_vendor/tomli_w) by extension 'colcon_meta'
[0.747s] Level 1:colcon.colcon_core.package_identification:_identify(venv/lib/python3.12/site-packages/pip-26.1.1.dist-info/licenses/src/pip/_vendor/tomli_w) by extensions ['ros']
[0.747s] Level 1:colcon.colcon_core.package_identification:_identify(venv/lib/python3.12/site-packages/pip-26.1.1.dist-info/licenses/src/pip/_vendor/tomli_w) by extension 'ros'
[0.748s] Level 1:colcon.colcon_core.package_identification:_identify(venv/lib/python3.12/site-packages/pip-26.1.1.dist-info/licenses/src/pip/_vendor/tomli_w) by extensions ['cmake', 'python']
[0.748s] Level 1:colcon.colcon_core.package_identification:_identify(venv/lib/python3.12/site-packages/pip-26.1.1.dist-info/licenses/src/pip/_vendor/tomli_w) by extension 'cmake'
[0.748s] Level 1:colcon.colcon_core.package_identification:_identify(venv/lib/python3.12/site-packages/pip-26.1.1.dist-info/licenses/src/pip/_vendor/tomli_w) by extension 'python'
[0.748s] Level 1:colcon.colcon_core.package_identification:_identify(venv/lib/python3.12/site-packages/pip-26.1.1.dist-info/licenses/src/pip/_vendor/tomli_w) by extensions ['python_setup_py']
[0.748s] Level 1:colcon.colcon_core.package_identification:_identify(venv/lib/python3.12/site-packages/pip-26.1.1.dist-info/licenses/src/pip/_vendor/tomli_w) by extension 'python_setup_py'
[0.748s] Level 1:colcon.colcon_core.package_identification:_identify(venv/lib/python3.12/site-packages/pip-26.1.1.dist-info/licenses/src/pip/_vendor/truststore) by extensions ['ignore', 'ignore_ament_install']
[0.748s] Level 1:colcon.colcon_core.package_identification:_identify(venv/lib/python3.12/site-packages/pip-26.1.1.dist-info/licenses/src/pip/_vendor/truststore) by extension 'ignore'
[0.748s] Level 1:colcon.colcon_core.package_identification:_identify(venv/lib/python3.12/site-packages/pip-26.1.1.dist-info/licenses/src/pip/_vendor/truststore) by extension 'ignore_ament_install'
[0.748s] Level 1:colcon.colcon_core.package_identification:_identify(venv/lib/python3.12/site-packages/pip-26.1.1.dist-info/licenses/src/pip/_vendor/truststore) by extensions ['colcon_pkg']
[0.748s] Level 1:colcon.colcon_core.package_identification:_identify(venv/lib/python3.12/site-packages/pip-26.1.1.dist-info/licenses/src/pip/_vendor/truststore) by extension 'colcon_pkg'
[0.748s] Level 1:colcon.colcon_core.package_identification:_identify(venv/lib/python3.12/site-packages/pip-26.1.1.dist-info/licenses/src/pip/_vendor/truststore) by extensions ['colcon_meta']
[0.748s] Level 1:colcon.colcon_core.package_identification:_identify(venv/lib/python3.12/site-packages/pip-26.1.1.dist-info/licenses/src/pip/_vendor/truststore) by extension 'colcon_meta'
[0.749s] Level 1:colcon.colcon_core.package_identification:_identify(venv/lib/python3.12/site-packages/pip-26.1.1.dist-info/licenses/src/pip/_vendor/truststore) by extensions ['ros']
[0.749s] Level 1:colcon.colcon_core.package_identification:_identify(venv/lib/python3.12/site-packages/pip-26.1.1.dist-info/licenses/src/pip/_vendor/truststore) by extension 'ros'
[0.749s] Level 1:colcon.colcon_core.package_identification:_identify(venv/lib/python3.12/site-packages/pip-26.1.1.dist-info/licenses/src/pip/_vendor/truststore) by extensions ['cmake', 'python']
[0.749s] Level 1:colcon.colcon_core.package_identification:_identify(venv/lib/python3.12/site-packages/pip-26.1.1.dist-info/licenses/src/pip/_vendor/truststore) by extension 'cmake'
[0.749s] Level 1:colcon.colcon_core.package_identification:_identify(venv/lib/python3.12/site-packages/pip-26.1.1.dist-info/licenses/src/pip/_vendor/truststore) by extension 'python'
[0.749s] Level 1:colcon.colcon_core.package_identification:_identify(venv/lib/python3.12/site-packages/pip-26.1.1.dist-info/licenses/src/pip/_vendor/truststore) by extensions ['python_setup_py']
[0.749s] Level 1:colcon.colcon_core.package_identification:_identify(venv/lib/python3.12/site-packages/pip-26.1.1.dist-info/licenses/src/pip/_vendor/truststore) by extension 'python_setup_py'
[0.749s] Level 1:colcon.colcon_core.package_identification:_identify(venv/lib/python3.12/site-packages/pip-26.1.1.dist-info/licenses/src/pip/_vendor/urllib3) by extensions ['ignore', 'ignore_ament_install']
[0.749s] Level 1:colcon.colcon_core.package_identification:_identify(venv/lib/python3.12/site-packages/pip-26.1.1.dist-info/licenses/src/pip/_vendor/urllib3) by extension 'ignore'
[0.749s] Level 1:colcon.colcon_core.package_identification:_identify(venv/lib/python3.12/site-packages/pip-26.1.1.dist-info/licenses/src/pip/_vendor/urllib3) by extension 'ignore_ament_install'
[0.749s] Level 1:colcon.colcon_core.package_identification:_identify(venv/lib/python3.12/site-packages/pip-26.1.1.dist-info/licenses/src/pip/_vendor/urllib3) by extensions ['colcon_pkg']
[0.749s] Level 1:colcon.colcon_core.package_identification:_identify(venv/lib/python3.12/site-packages/pip-26.1.1.dist-info/licenses/src/pip/_vendor/urllib3) by extension 'colcon_pkg'
[0.750s] Level 1:colcon.colcon_core.package_identification:_identify(venv/lib/python3.12/site-packages/pip-26.1.1.dist-info/licenses/src/pip/_vendor/urllib3) by extensions ['colcon_meta']
[0.750s] Level 1:colcon.colcon_core.package_identification:_identify(venv/lib/python3.12/site-packages/pip-26.1.1.dist-info/licenses/src/pip/_vendor/urllib3) by extension 'colcon_meta'
[0.750s] Level 1:colcon.colcon_core.package_identification:_identify(venv/lib/python3.12/site-packages/pip-26.1.1.dist-info/licenses/src/pip/_vendor/urllib3) by extensions ['ros']
[0.750s] Level 1:colcon.colcon_core.package_identification:_identify(venv/lib/python3.12/site-packages/pip-26.1.1.dist-info/licenses/src/pip/_vendor/urllib3) by extension 'ros'
[0.750s] Level 1:colcon.colcon_core.package_identification:_identify(venv/lib/python3.12/site-packages/pip-26.1.1.dist-info/licenses/src/pip/_vendor/urllib3) by extensions ['cmake', 'python']
[0.750s] Level 1:colcon.colcon_core.package_identification:_identify(venv/lib/python3.12/site-packages/pip-26.1.1.dist-info/licenses/src/pip/_vendor/urllib3) by extension 'cmake'
[0.750s] Level 1:colcon.colcon_core.package_identification:_identify(venv/lib/python3.12/site-packages/pip-26.1.1.dist-info/licenses/src/pip/_vendor/urllib3) by extension 'python'
[0.750s] Level 1:colcon.colcon_core.package_identification:_identify(venv/lib/python3.12/site-packages/pip-26.1.1.dist-info/licenses/src/pip/_vendor/urllib3) by extensions ['python_setup_py']
[0.750s] Level 1:colcon.colcon_core.package_identification:_identify(venv/lib/python3.12/site-packages/pip-26.1.1.dist-info/licenses/src/pip/_vendor/urllib3) by extension 'python_setup_py'
[0.750s] Level 1:colcon.colcon_core.package_identification:_identify(venv/lib/python3.12/site-packages/setuptools) by extensions ['ignore', 'ignore_ament_install']
[0.750s] Level 1:colcon.colcon_core.package_identification:_identify(venv/lib/python3.12/site-packages/setuptools) by extension 'ignore'
[0.750s] Level 1:colcon.colcon_core.package_identification:_identify(venv/lib/python3.12/site-packages/setuptools) by extension 'ignore_ament_install'
[0.750s] Level 1:colcon.colcon_core.package_identification:_identify(venv/lib/python3.12/site-packages/setuptools) by extensions ['colcon_pkg']
[0.750s] Level 1:colcon.colcon_core.package_identification:_identify(venv/lib/python3.12/site-packages/setuptools) by extension 'colcon_pkg'
[0.751s] Level 1:colcon.colcon_core.package_identification:_identify(venv/lib/python3.12/site-packages/setuptools) by extensions ['colcon_meta']
[0.751s] Level 1:colcon.colcon_core.package_identification:_identify(venv/lib/python3.12/site-packages/setuptools) by extension 'colcon_meta'
[0.751s] Level 1:colcon.colcon_core.package_identification:_identify(venv/lib/python3.12/site-packages/setuptools) by extensions ['ros']
[0.751s] Level 1:colcon.colcon_core.package_identification:_identify(venv/lib/python3.12/site-packages/setuptools) by extension 'ros'
[0.751s] Level 1:colcon.colcon_core.package_identification:_identify(venv/lib/python3.12/site-packages/setuptools) by extensions ['cmake', 'python']
[0.751s] Level 1:colcon.colcon_core.package_identification:_identify(venv/lib/python3.12/site-packages/setuptools) by extension 'cmake'
[0.751s] Level 1:colcon.colcon_core.package_identification:_identify(venv/lib/python3.12/site-packages/setuptools) by extension 'python'
[0.751s] Level 1:colcon.colcon_core.package_identification:_identify(venv/lib/python3.12/site-packages/setuptools) by extensions ['python_setup_py']
[0.751s] Level 1:colcon.colcon_core.package_identification:_identify(venv/lib/python3.12/site-packages/setuptools) by extension 'python_setup_py'
[0.751s] Level 1:colcon.colcon_core.package_identification:_identify(venv/lib/python3.12/site-packages/setuptools/__pycache__) by extensions ['ignore', 'ignore_ament_install']
[0.751s] Level 1:colcon.colcon_core.package_identification:_identify(venv/lib/python3.12/site-packages/setuptools/__pycache__) by extension 'ignore'
[0.751s] Level 1:colcon.colcon_core.package_identification:_identify(venv/lib/python3.12/site-packages/setuptools/__pycache__) by extension 'ignore_ament_install'
[0.751s] Level 1:colcon.colcon_core.package_identification:_identify(venv/lib/python3.12/site-packages/setuptools/__pycache__) by extensions ['colcon_pkg']
[0.751s] Level 1:colcon.colcon_core.package_identification:_identify(venv/lib/python3.12/site-packages/setuptools/__pycache__) by extension 'colcon_pkg'
[0.751s] Level 1:colcon.colcon_core.package_identification:_identify(venv/lib/python3.12/site-packages/setuptools/__pycache__) by extensions ['colcon_meta']
[0.751s] Level 1:colcon.colcon_core.package_identification:_identify(venv/lib/python3.12/site-packages/setuptools/__pycache__) by extension 'colcon_meta'
[0.752s] Level 1:colcon.colcon_core.package_identification:_identify(venv/lib/python3.12/site-packages/setuptools/__pycache__) by extensions ['ros']
[0.752s] Level 1:colcon.colcon_core.package_identification:_identify(venv/lib/python3.12/site-packages/setuptools/__pycache__) by extension 'ros'
[0.752s] Level 1:colcon.colcon_core.package_identification:_identify(venv/lib/python3.12/site-packages/setuptools/__pycache__) by extensions ['cmake', 'python']
[0.752s] Level 1:colcon.colcon_core.package_identification:_identify(venv/lib/python3.12/site-packages/setuptools/__pycache__) by extension 'cmake'
[0.752s] Level 1:colcon.colcon_core.package_identification:_identify(venv/lib/python3.12/site-packages/setuptools/__pycache__) by extension 'python'
[0.752s] Level 1:colcon.colcon_core.package_identification:_identify(venv/lib/python3.12/site-packages/setuptools/__pycache__) by extensions ['python_setup_py']
[0.752s] Level 1:colcon.colcon_core.package_identification:_identify(venv/lib/python3.12/site-packages/setuptools/__pycache__) by extension 'python_setup_py'
[0.752s] Level 1:colcon.colcon_core.package_identification:_identify(venv/lib/python3.12/site-packages/setuptools/_distutils) by extensions ['ignore', 'ignore_ament_install']
[0.752s] Level 1:colcon.colcon_core.package_identification:_identify(venv/lib/python3.12/site-packages/setuptools/_distutils) by extension 'ignore'
[0.752s] Level 1:colcon.colcon_core.package_identification:_identify(venv/lib/python3.12/site-packages/setuptools/_distutils) by extension 'ignore_ament_install'
[0.752s] Level 1:colcon.colcon_core.package_identification:_identify(venv/lib/python3.12/site-packages/setuptools/_distutils) by extensions ['colcon_pkg']
[0.752s] Level 1:colcon.colcon_core.package_identification:_identify(venv/lib/python3.12/site-packages/setuptools/_distutils) by extension 'colcon_pkg'
[0.752s] Level 1:colcon.colcon_core.package_identification:_identify(venv/lib/python3.12/site-packages/setuptools/_distutils) by extensions ['colcon_meta']
[0.752s] Level 1:colcon.colcon_core.package_identification:_identify(venv/lib/python3.12/site-packages/setuptools/_distutils) by extension 'colcon_meta'
[0.753s] Level 1:colcon.colcon_core.package_identification:_identify(venv/lib/python3.12/site-packages/setuptools/_distutils) by extensions ['ros']
[0.753s] Level 1:colcon.colcon_core.package_identification:_identify(venv/lib/python3.12/site-packages/setuptools/_distutils) by extension 'ros'
[0.753s] Level 1:colcon.colcon_core.package_identification:_identify(venv/lib/python3.12/site-packages/setuptools/_distutils) by extensions ['cmake', 'python']
[0.753s] Level 1:colcon.colcon_core.package_identification:_identify(venv/lib/python3.12/site-packages/setuptools/_distutils) by extension 'cmake'
[0.753s] Level 1:colcon.colcon_core.package_identification:_identify(venv/lib/python3.12/site-packages/setuptools/_distutils) by extension 'python'
[0.753s] Level 1:colcon.colcon_core.package_identification:_identify(venv/lib/python3.12/site-packages/setuptools/_distutils) by extensions ['python_setup_py']
[0.753s] Level 1:colcon.colcon_core.package_identification:_identify(venv/lib/python3.12/site-packages/setuptools/_distutils) by extension 'python_setup_py'
[0.753s] Level 1:colcon.colcon_core.package_identification:_identify(venv/lib/python3.12/site-packages/setuptools/_distutils/__pycache__) by extensions ['ignore', 'ignore_ament_install']
[0.754s] Level 1:colcon.colcon_core.package_identification:_identify(venv/lib/python3.12/site-packages/setuptools/_distutils/__pycache__) by extension 'ignore'
[0.754s] Level 1:colcon.colcon_core.package_identification:_identify(venv/lib/python3.12/site-packages/setuptools/_distutils/__pycache__) by extension 'ignore_ament_install'
[0.754s] Level 1:colcon.colcon_core.package_identification:_identify(venv/lib/python3.12/site-packages/setuptools/_distutils/__pycache__) by extensions ['colcon_pkg']
[0.754s] Level 1:colcon.colcon_core.package_identification:_identify(venv/lib/python3.12/site-packages/setuptools/_distutils/__pycache__) by extension 'colcon_pkg'
[0.754s] Level 1:colcon.colcon_core.package_identification:_identify(venv/lib/python3.12/site-packages/setuptools/_distutils/__pycache__) by extensions ['colcon_meta']
[0.754s] Level 1:colcon.colcon_core.package_identification:_identify(venv/lib/python3.12/site-packages/setuptools/_distutils/__pycache__) by extension 'colcon_meta'
[0.754s] Level 1:colcon.colcon_core.package_identification:_identify(venv/lib/python3.12/site-packages/setuptools/_distutils/__pycache__) by extensions ['ros']
[0.754s] Level 1:colcon.colcon_core.package_identification:_identify(venv/lib/python3.12/site-packages/setuptools/_distutils/__pycache__) by extension 'ros'
[0.754s] Level 1:colcon.colcon_core.package_identification:_identify(venv/lib/python3.12/site-packages/setuptools/_distutils/__pycache__) by extensions ['cmake', 'python']
[0.755s] Level 1:colcon.colcon_core.package_identification:_identify(venv/lib/python3.12/site-packages/setuptools/_distutils/__pycache__) by extension 'cmake'
[0.755s] Level 1:colcon.colcon_core.package_identification:_identify(venv/lib/python3.12/site-packages/setuptools/_distutils/__pycache__) by extension 'python'
[0.755s] Level 1:colcon.colcon_core.package_identification:_identify(venv/lib/python3.12/site-packages/setuptools/_distutils/__pycache__) by extensions ['python_setup_py']
[0.755s] Level 1:colcon.colcon_core.package_identification:_identify(venv/lib/python3.12/site-packages/setuptools/_distutils/__pycache__) by extension 'python_setup_py'
[0.755s] Level 1:colcon.colcon_core.package_identification:_identify(venv/lib/python3.12/site-packages/setuptools/_distutils/command) by extensions ['ignore', 'ignore_ament_install']
[0.755s] Level 1:colcon.colcon_core.package_identification:_identify(venv/lib/python3.12/site-packages/setuptools/_distutils/command) by extension 'ignore'
[0.755s] Level 1:colcon.colcon_core.package_identification:_identify(venv/lib/python3.12/site-packages/setuptools/_distutils/command) by extension 'ignore_ament_install'
[0.756s] Level 1:colcon.colcon_core.package_identification:_identify(venv/lib/python3.12/site-packages/setuptools/_distutils/command) by extensions ['colcon_pkg']
[0.756s] Level 1:colcon.colcon_core.package_identification:_identify(venv/lib/python3.12/site-packages/setuptools/_distutils/command) by extension 'colcon_pkg'
[0.756s] Level 1:colcon.colcon_core.package_identification:_identify(venv/lib/python3.12/site-packages/setuptools/_distutils/command) by extensions ['colcon_meta']
[0.756s] Level 1:colcon.colcon_core.package_identification:_identify(venv/lib/python3.12/site-packages/setuptools/_distutils/command) by extension 'colcon_meta'
[0.756s] Level 1:colcon.colcon_core.package_identification:_identify(venv/lib/python3.12/site-packages/setuptools/_distutils/command) by extensions ['ros']
[0.756s] Level 1:colcon.colcon_core.package_identification:_identify(venv/lib/python3.12/site-packages/setuptools/_distutils/command) by extension 'ros'
[0.756s] Level 1:colcon.colcon_core.package_identification:_identify(venv/lib/python3.12/site-packages/setuptools/_distutils/command) by extensions ['cmake', 'python']
[0.756s] Level 1:colcon.colcon_core.package_identification:_identify(venv/lib/python3.12/site-packages/setuptools/_distutils/command) by extension 'cmake'
[0.756s] Level 1:colcon.colcon_core.package_identification:_identify(venv/lib/python3.12/site-packages/setuptools/_distutils/command) by extension 'python'
[0.757s] Level 1:colcon.colcon_core.package_identification:_identify(venv/lib/python3.12/site-packages/setuptools/_distutils/command) by extensions ['python_setup_py']
[0.757s] Level 1:colcon.colcon_core.package_identification:_identify(venv/lib/python3.12/site-packages/setuptools/_distutils/command) by extension 'python_setup_py'
[0.757s] Level 1:colcon.colcon_core.package_identification:_identify(venv/lib/python3.12/site-packages/setuptools/_distutils/command/__pycache__) by extensions ['ignore', 'ignore_ament_install']
[0.757s] Level 1:colcon.colcon_core.package_identification:_identify(venv/lib/python3.12/site-packages/setuptools/_distutils/command/__pycache__) by extension 'ignore'
[0.757s] Level 1:colcon.colcon_core.package_identification:_identify(venv/lib/python3.12/site-packages/setuptools/_distutils/command/__pycache__) by extension 'ignore_ament_install'
[0.757s] Level 1:colcon.colcon_core.package_identification:_identify(venv/lib/python3.12/site-packages/setuptools/_distutils/command/__pycache__) by extensions ['colcon_pkg']
[0.757s] Level 1:colcon.colcon_core.package_identification:_identify(venv/lib/python3.12/site-packages/setuptools/_distutils/command/__pycache__) by extension 'colcon_pkg'
[0.757s] Level 1:colcon.colcon_core.package_identification:_identify(venv/lib/python3.12/site-packages/setuptools/_distutils/command/__pycache__) by extensions ['colcon_meta']
[0.758s] Level 1:colcon.colcon_core.package_identification:_identify(venv/lib/python3.12/site-packages/setuptools/_distutils/command/__pycache__) by extension 'colcon_meta'
[0.758s] Level 1:colcon.colcon_core.package_identification:_identify(venv/lib/python3.12/site-packages/setuptools/_distutils/command/__pycache__) by extensions ['ros']
[0.758s] Level 1:colcon.colcon_core.package_identification:_identify(venv/lib/python3.12/site-packages/setuptools/_distutils/command/__pycache__) by extension 'ros'
[0.758s] Level 1:colcon.colcon_core.package_identification:_identify(venv/lib/python3.12/site-packages/setuptools/_distutils/command/__pycache__) by extensions ['cmake', 'python']
[0.758s] Level 1:colcon.colcon_core.package_identification:_identify(venv/lib/python3.12/site-packages/setuptools/_distutils/command/__pycache__) by extension 'cmake'
[0.758s] Level 1:colcon.colcon_core.package_identification:_identify(venv/lib/python3.12/site-packages/setuptools/_distutils/command/__pycache__) by extension 'python'
[0.758s] Level 1:colcon.colcon_core.package_identification:_identify(venv/lib/python3.12/site-packages/setuptools/_distutils/command/__pycache__) by extensions ['python_setup_py']
[0.758s] Level 1:colcon.colcon_core.package_identification:_identify(venv/lib/python3.12/site-packages/setuptools/_distutils/command/__pycache__) by extension 'python_setup_py'
[0.758s] Level 1:colcon.colcon_core.package_identification:_identify(venv/lib/python3.12/site-packages/setuptools/_distutils/compat) by extensions ['ignore', 'ignore_ament_install']
[0.759s] Level 1:colcon.colcon_core.package_identification:_identify(venv/lib/python3.12/site-packages/setuptools/_distutils/compat) by extension 'ignore'
[0.759s] Level 1:colcon.colcon_core.package_identification:_identify(venv/lib/python3.12/site-packages/setuptools/_distutils/compat) by extension 'ignore_ament_install'
[0.759s] Level 1:colcon.colcon_core.package_identification:_identify(venv/lib/python3.12/site-packages/setuptools/_distutils/compat) by extensions ['colcon_pkg']
[0.759s] Level 1:colcon.colcon_core.package_identification:_identify(venv/lib/python3.12/site-packages/setuptools/_distutils/compat) by extension 'colcon_pkg'
[0.759s] Level 1:colcon.colcon_core.package_identification:_identify(venv/lib/python3.12/site-packages/setuptools/_distutils/compat) by extensions ['colcon_meta']
[0.759s] Level 1:colcon.colcon_core.package_identification:_identify(venv/lib/python3.12/site-packages/setuptools/_distutils/compat) by extension 'colcon_meta'
[0.759s] Level 1:colcon.colcon_core.package_identification:_identify(venv/lib/python3.12/site-packages/setuptools/_distutils/compat) by extensions ['ros']
[0.759s] Level 1:colcon.colcon_core.package_identification:_identify(venv/lib/python3.12/site-packages/setuptools/_distutils/compat) by extension 'ros'
[0.759s] Level 1:colcon.colcon_core.package_identification:_identify(venv/lib/python3.12/site-packages/setuptools/_distutils/compat) by extensions ['cmake', 'python']
[0.759s] Level 1:colcon.colcon_core.package_identification:_identify(venv/lib/python3.12/site-packages/setuptools/_distutils/compat) by extension 'cmake'
[0.760s] Level 1:colcon.colcon_core.package_identification:_identify(venv/lib/python3.12/site-packages/setuptools/_distutils/compat) by extension 'python'
[0.760s] Level 1:colcon.colcon_core.package_identification:_identify(venv/lib/python3.12/site-packages/setuptools/_distutils/compat) by extensions ['python_setup_py']
[0.760s] Level 1:colcon.colcon_core.package_identification:_identify(venv/lib/python3.12/site-packages/setuptools/_distutils/compat) by extension 'python_setup_py'
[0.760s] Level 1:colcon.colcon_core.package_identification:_identify(venv/lib/python3.12/site-packages/setuptools/_distutils/compat/__pycache__) by extensions ['ignore', 'ignore_ament_install']
[0.760s] Level 1:colcon.colcon_core.package_identification:_identify(venv/lib/python3.12/site-packages/setuptools/_distutils/compat/__pycache__) by extension 'ignore'
[0.760s] Level 1:colcon.colcon_core.package_identification:_identify(venv/lib/python3.12/site-packages/setuptools/_distutils/compat/__pycache__) by extension 'ignore_ament_install'
[0.760s] Level 1:colcon.colcon_core.package_identification:_identify(venv/lib/python3.12/site-packages/setuptools/_distutils/compat/__pycache__) by extensions ['colcon_pkg']
[0.760s] Level 1:colcon.colcon_core.package_identification:_identify(venv/lib/python3.12/site-packages/setuptools/_distutils/compat/__pycache__) by extension 'colcon_pkg'
[0.760s] Level 1:colcon.colcon_core.package_identification:_identify(venv/lib/python3.12/site-packages/setuptools/_distutils/compat/__pycache__) by extensions ['colcon_meta']
[0.760s] Level 1:colcon.colcon_core.package_identification:_identify(venv/lib/python3.12/site-packages/setuptools/_distutils/compat/__pycache__) by extension 'colcon_meta'
[0.760s] Level 1:colcon.colcon_core.package_identification:_identify(venv/lib/python3.12/site-packages/setuptools/_distutils/compat/__pycache__) by extensions ['ros']
[0.760s] Level 1:colcon.colcon_core.package_identification:_identify(venv/lib/python3.12/site-packages/setuptools/_distutils/compat/__pycache__) by extension 'ros'
[0.760s] Level 1:colcon.colcon_core.package_identification:_identify(venv/lib/python3.12/site-packages/setuptools/_distutils/compat/__pycache__) by extensions ['cmake', 'python']
[0.761s] Level 1:colcon.colcon_core.package_identification:_identify(venv/lib/python3.12/site-packages/setuptools/_distutils/compat/__pycache__) by extension 'cmake'
[0.761s] Level 1:colcon.colcon_core.package_identification:_identify(venv/lib/python3.12/site-packages/setuptools/_distutils/compat/__pycache__) by extension 'python'
[0.761s] Level 1:colcon.colcon_core.package_identification:_identify(venv/lib/python3.12/site-packages/setuptools/_distutils/compat/__pycache__) by extensions ['python_setup_py']
[0.761s] Level 1:colcon.colcon_core.package_identification:_identify(venv/lib/python3.12/site-packages/setuptools/_distutils/compat/__pycache__) by extension 'python_setup_py'
[0.761s] Level 1:colcon.colcon_core.package_identification:_identify(venv/lib/python3.12/site-packages/setuptools/_distutils/compilers) by extensions ['ignore', 'ignore_ament_install']
[0.761s] Level 1:colcon.colcon_core.package_identification:_identify(venv/lib/python3.12/site-packages/setuptools/_distutils/compilers) by extension 'ignore'
[0.761s] Level 1:colcon.colcon_core.package_identification:_identify(venv/lib/python3.12/site-packages/setuptools/_distutils/compilers) by extension 'ignore_ament_install'
[0.761s] Level 1:colcon.colcon_core.package_identification:_identify(venv/lib/python3.12/site-packages/setuptools/_distutils/compilers) by extensions ['colcon_pkg']
[0.761s] Level 1:colcon.colcon_core.package_identification:_identify(venv/lib/python3.12/site-packages/setuptools/_distutils/compilers) by extension 'colcon_pkg'
[0.761s] Level 1:colcon.colcon_core.package_identification:_identify(venv/lib/python3.12/site-packages/setuptools/_distutils/compilers) by extensions ['colcon_meta']
[0.761s] Level 1:colcon.colcon_core.package_identification:_identify(venv/lib/python3.12/site-packages/setuptools/_distutils/compilers) by extension 'colcon_meta'
[0.761s] Level 1:colcon.colcon_core.package_identification:_identify(venv/lib/python3.12/site-packages/setuptools/_distutils/compilers) by extensions ['ros']
[0.761s] Level 1:colcon.colcon_core.package_identification:_identify(venv/lib/python3.12/site-packages/setuptools/_distutils/compilers) by extension 'ros'
[0.762s] Level 1:colcon.colcon_core.package_identification:_identify(venv/lib/python3.12/site-packages/setuptools/_distutils/compilers) by extensions ['cmake', 'python']
[0.762s] Level 1:colcon.colcon_core.package_identification:_identify(venv/lib/python3.12/site-packages/setuptools/_distutils/compilers) by extension 'cmake'
[0.762s] Level 1:colcon.colcon_core.package_identification:_identify(venv/lib/python3.12/site-packages/setuptools/_distutils/compilers) by extension 'python'
[0.762s] Level 1:colcon.colcon_core.package_identification:_identify(venv/lib/python3.12/site-packages/setuptools/_distutils/compilers) by extensions ['python_setup_py']
[0.762s] Level 1:colcon.colcon_core.package_identification:_identify(venv/lib/python3.12/site-packages/setuptools/_distutils/compilers) by extension 'python_setup_py'
[0.762s] Level 1:colcon.colcon_core.package_identification:_identify(venv/lib/python3.12/site-packages/setuptools/_distutils/compilers/C) by extensions ['ignore', 'ignore_ament_install']
[0.762s] Level 1:colcon.colcon_core.package_identification:_identify(venv/lib/python3.12/site-packages/setuptools/_distutils/compilers/C) by extension 'ignore'
[0.762s] Level 1:colcon.colcon_core.package_identification:_identify(venv/lib/python3.12/site-packages/setuptools/_distutils/compilers/C) by extension 'ignore_ament_install'
[0.762s] Level 1:colcon.colcon_core.package_identification:_identify(venv/lib/python3.12/site-packages/setuptools/_distutils/compilers/C) by extensions ['colcon_pkg']
[0.762s] Level 1:colcon.colcon_core.package_identification:_identify(venv/lib/python3.12/site-packages/setuptools/_distutils/compilers/C) by extension 'colcon_pkg'
[0.762s] Level 1:colcon.colcon_core.package_identification:_identify(venv/lib/python3.12/site-packages/setuptools/_distutils/compilers/C) by extensions ['colcon_meta']
[0.762s] Level 1:colcon.colcon_core.package_identification:_identify(venv/lib/python3.12/site-packages/setuptools/_distutils/compilers/C) by extension 'colcon_meta'
[0.762s] Level 1:colcon.colcon_core.package_identification:_identify(venv/lib/python3.12/site-packages/setuptools/_distutils/compilers/C) by extensions ['ros']
[0.762s] Level 1:colcon.colcon_core.package_identification:_identify(venv/lib/python3.12/site-packages/setuptools/_distutils/compilers/C) by extension 'ros'
[0.762s] Level 1:colcon.colcon_core.package_identification:_identify(venv/lib/python3.12/site-packages/setuptools/_distutils/compilers/C) by extensions ['cmake', 'python']
[0.762s] Level 1:colcon.colcon_core.package_identification:_identify(venv/lib/python3.12/site-packages/setuptools/_distutils/compilers/C) by extension 'cmake'
[0.763s] Level 1:colcon.colcon_core.package_identification:_identify(venv/lib/python3.12/site-packages/setuptools/_distutils/compilers/C) by extension 'python'
[0.763s] Level 1:colcon.colcon_core.package_identification:_identify(venv/lib/python3.12/site-packages/setuptools/_distutils/compilers/C) by extensions ['python_setup_py']
[0.763s] Level 1:colcon.colcon_core.package_identification:_identify(venv/lib/python3.12/site-packages/setuptools/_distutils/compilers/C) by extension 'python_setup_py'
[0.763s] Level 1:colcon.colcon_core.package_identification:_identify(venv/lib/python3.12/site-packages/setuptools/_distutils/compilers/C/__pycache__) by extensions ['ignore', 'ignore_ament_install']
[0.763s] Level 1:colcon.colcon_core.package_identification:_identify(venv/lib/python3.12/site-packages/setuptools/_distutils/compilers/C/__pycache__) by extension 'ignore'
[0.763s] Level 1:colcon.colcon_core.package_identification:_identify(venv/lib/python3.12/site-packages/setuptools/_distutils/compilers/C/__pycache__) by extension 'ignore_ament_install'
[0.763s] Level 1:colcon.colcon_core.package_identification:_identify(venv/lib/python3.12/site-packages/setuptools/_distutils/compilers/C/__pycache__) by extensions ['colcon_pkg']
[0.763s] Level 1:colcon.colcon_core.package_identification:_identify(venv/lib/python3.12/site-packages/setuptools/_distutils/compilers/C/__pycache__) by extension 'colcon_pkg'
[0.763s] Level 1:colcon.colcon_core.package_identification:_identify(venv/lib/python3.12/site-packages/setuptools/_distutils/compilers/C/__pycache__) by extensions ['colcon_meta']
[0.763s] Level 1:colcon.colcon_core.package_identification:_identify(venv/lib/python3.12/site-packages/setuptools/_distutils/compilers/C/__pycache__) by extension 'colcon_meta'
[0.763s] Level 1:colcon.colcon_core.package_identification:_identify(venv/lib/python3.12/site-packages/setuptools/_distutils/compilers/C/__pycache__) by extensions ['ros']
[0.763s] Level 1:colcon.colcon_core.package_identification:_identify(venv/lib/python3.12/site-packages/setuptools/_distutils/compilers/C/__pycache__) by extension 'ros'
[0.763s] Level 1:colcon.colcon_core.package_identification:_identify(venv/lib/python3.12/site-packages/setuptools/_distutils/compilers/C/__pycache__) by extensions ['cmake', 'python']
[0.764s] Level 1:colcon.colcon_core.package_identification:_identify(venv/lib/python3.12/site-packages/setuptools/_distutils/compilers/C/__pycache__) by extension 'cmake'
[0.764s] Level 1:colcon.colcon_core.package_identification:_identify(venv/lib/python3.12/site-packages/setuptools/_distutils/compilers/C/__pycache__) by extension 'python'
[0.764s] Level 1:colcon.colcon_core.package_identification:_identify(venv/lib/python3.12/site-packages/setuptools/_distutils/compilers/C/__pycache__) by extensions ['python_setup_py']
[0.764s] Level 1:colcon.colcon_core.package_identification:_identify(venv/lib/python3.12/site-packages/setuptools/_distutils/compilers/C/__pycache__) by extension 'python_setup_py'
[0.764s] Level 1:colcon.colcon_core.package_identification:_identify(venv/lib/python3.12/site-packages/setuptools/_distutils/compilers/C/tests) by extensions ['ignore', 'ignore_ament_install']
[0.764s] Level 1:colcon.colcon_core.package_identification:_identify(venv/lib/python3.12/site-packages/setuptools/_distutils/compilers/C/tests) by extension 'ignore'
[0.764s] Level 1:colcon.colcon_core.package_identification:_identify(venv/lib/python3.12/site-packages/setuptools/_distutils/compilers/C/tests) by extension 'ignore_ament_install'
[0.764s] Level 1:colcon.colcon_core.package_identification:_identify(venv/lib/python3.12/site-packages/setuptools/_distutils/compilers/C/tests) by extensions ['colcon_pkg']
[0.764s] Level 1:colcon.colcon_core.package_identification:_identify(venv/lib/python3.12/site-packages/setuptools/_distutils/compilers/C/tests) by extension 'colcon_pkg'
[0.764s] Level 1:colcon.colcon_core.package_identification:_identify(venv/lib/python3.12/site-packages/setuptools/_distutils/compilers/C/tests) by extensions ['colcon_meta']
[0.764s] Level 1:colcon.colcon_core.package_identification:_identify(venv/lib/python3.12/site-packages/setuptools/_distutils/compilers/C/tests) by extension 'colcon_meta'
[0.764s] Level 1:colcon.colcon_core.package_identification:_identify(venv/lib/python3.12/site-packages/setuptools/_distutils/compilers/C/tests) by extensions ['ros']
[0.764s] Level 1:colcon.colcon_core.package_identification:_identify(venv/lib/python3.12/site-packages/setuptools/_distutils/compilers/C/tests) by extension 'ros'
[0.764s] Level 1:colcon.colcon_core.package_identification:_identify(venv/lib/python3.12/site-packages/setuptools/_distutils/compilers/C/tests) by extensions ['cmake', 'python']
[0.765s] Level 1:colcon.colcon_core.package_identification:_identify(venv/lib/python3.12/site-packages/setuptools/_distutils/compilers/C/tests) by extension 'cmake'
[0.765s] Level 1:colcon.colcon_core.package_identification:_identify(venv/lib/python3.12/site-packages/setuptools/_distutils/compilers/C/tests) by extension 'python'
[0.765s] Level 1:colcon.colcon_core.package_identification:_identify(venv/lib/python3.12/site-packages/setuptools/_distutils/compilers/C/tests) by extensions ['python_setup_py']
[0.765s] Level 1:colcon.colcon_core.package_identification:_identify(venv/lib/python3.12/site-packages/setuptools/_distutils/compilers/C/tests) by extension 'python_setup_py'
[0.765s] Level 1:colcon.colcon_core.package_identification:_identify(venv/lib/python3.12/site-packages/setuptools/_distutils/compilers/C/tests/__pycache__) by extensions ['ignore', 'ignore_ament_install']
[0.765s] Level 1:colcon.colcon_core.package_identification:_identify(venv/lib/python3.12/site-packages/setuptools/_distutils/compilers/C/tests/__pycache__) by extension 'ignore'
[0.765s] Level 1:colcon.colcon_core.package_identification:_identify(venv/lib/python3.12/site-packages/setuptools/_distutils/compilers/C/tests/__pycache__) by extension 'ignore_ament_install'
[0.765s] Level 1:colcon.colcon_core.package_identification:_identify(venv/lib/python3.12/site-packages/setuptools/_distutils/compilers/C/tests/__pycache__) by extensions ['colcon_pkg']
[0.765s] Level 1:colcon.colcon_core.package_identification:_identify(venv/lib/python3.12/site-packages/setuptools/_distutils/compilers/C/tests/__pycache__) by extension 'colcon_pkg'
[0.765s] Level 1:colcon.colcon_core.package_identification:_identify(venv/lib/python3.12/site-packages/setuptools/_distutils/compilers/C/tests/__pycache__) by extensions ['colcon_meta']
[0.765s] Level 1:colcon.colcon_core.package_identification:_identify(venv/lib/python3.12/site-packages/setuptools/_distutils/compilers/C/tests/__pycache__) by extension 'colcon_meta'
[0.765s] Level 1:colcon.colcon_core.package_identification:_identify(venv/lib/python3.12/site-packages/setuptools/_distutils/compilers/C/tests/__pycache__) by extensions ['ros']
[0.765s] Level 1:colcon.colcon_core.package_identification:_identify(venv/lib/python3.12/site-packages/setuptools/_distutils/compilers/C/tests/__pycache__) by extension 'ros'
[0.765s] Level 1:colcon.colcon_core.package_identification:_identify(venv/lib/python3.12/site-packages/setuptools/_distutils/compilers/C/tests/__pycache__) by extensions ['cmake', 'python']
[0.766s] Level 1:colcon.colcon_core.package_identification:_identify(venv/lib/python3.12/site-packages/setuptools/_distutils/compilers/C/tests/__pycache__) by extension 'cmake'
[0.766s] Level 1:colcon.colcon_core.package_identification:_identify(venv/lib/python3.12/site-packages/setuptools/_distutils/compilers/C/tests/__pycache__) by extension 'python'
[0.766s] Level 1:colcon.colcon_core.package_identification:_identify(venv/lib/python3.12/site-packages/setuptools/_distutils/compilers/C/tests/__pycache__) by extensions ['python_setup_py']
[0.766s] Level 1:colcon.colcon_core.package_identification:_identify(venv/lib/python3.12/site-packages/setuptools/_distutils/compilers/C/tests/__pycache__) by extension 'python_setup_py'
[0.766s] Level 1:colcon.colcon_core.package_identification:_identify(venv/lib/python3.12/site-packages/setuptools/_distutils/tests) by extensions ['ignore', 'ignore_ament_install']
[0.766s] Level 1:colcon.colcon_core.package_identification:_identify(venv/lib/python3.12/site-packages/setuptools/_distutils/tests) by extension 'ignore'
[0.766s] Level 1:colcon.colcon_core.package_identification:_identify(venv/lib/python3.12/site-packages/setuptools/_distutils/tests) by extension 'ignore_ament_install'
[0.766s] Level 1:colcon.colcon_core.package_identification:_identify(venv/lib/python3.12/site-packages/setuptools/_distutils/tests) by extensions ['colcon_pkg']
[0.766s] Level 1:colcon.colcon_core.package_identification:_identify(venv/lib/python3.12/site-packages/setuptools/_distutils/tests) by extension 'colcon_pkg'
[0.766s] Level 1:colcon.colcon_core.package_identification:_identify(venv/lib/python3.12/site-packages/setuptools/_distutils/tests) by extensions ['colcon_meta']
[0.766s] Level 1:colcon.colcon_core.package_identification:_identify(venv/lib/python3.12/site-packages/setuptools/_distutils/tests) by extension 'colcon_meta'
[0.766s] Level 1:colcon.colcon_core.package_identification:_identify(venv/lib/python3.12/site-packages/setuptools/_distutils/tests) by extensions ['ros']
[0.766s] Level 1:colcon.colcon_core.package_identification:_identify(venv/lib/python3.12/site-packages/setuptools/_distutils/tests) by extension 'ros'
[0.766s] Level 1:colcon.colcon_core.package_identification:_identify(venv/lib/python3.12/site-packages/setuptools/_distutils/tests) by extensions ['cmake', 'python']
[0.767s] Level 1:colcon.colcon_core.package_identification:_identify(venv/lib/python3.12/site-packages/setuptools/_distutils/tests) by extension 'cmake'
[0.767s] Level 1:colcon.colcon_core.package_identification:_identify(venv/lib/python3.12/site-packages/setuptools/_distutils/tests) by extension 'python'
[0.767s] Level 1:colcon.colcon_core.package_identification:_identify(venv/lib/python3.12/site-packages/setuptools/_distutils/tests) by extensions ['python_setup_py']
[0.767s] Level 1:colcon.colcon_core.package_identification:_identify(venv/lib/python3.12/site-packages/setuptools/_distutils/tests) by extension 'python_setup_py'
[0.767s] Level 1:colcon.colcon_core.package_identification:_identify(venv/lib/python3.12/site-packages/setuptools/_distutils/tests/__pycache__) by extensions ['ignore', 'ignore_ament_install']
[0.767s] Level 1:colcon.colcon_core.package_identification:_identify(venv/lib/python3.12/site-packages/setuptools/_distutils/tests/__pycache__) by extension 'ignore'
[0.767s] Level 1:colcon.colcon_core.package_identification:_identify(venv/lib/python3.12/site-packages/setuptools/_distutils/tests/__pycache__) by extension 'ignore_ament_install'
[0.767s] Level 1:colcon.colcon_core.package_identification:_identify(venv/lib/python3.12/site-packages/setuptools/_distutils/tests/__pycache__) by extensions ['colcon_pkg']
[0.767s] Level 1:colcon.colcon_core.package_identification:_identify(venv/lib/python3.12/site-packages/setuptools/_distutils/tests/__pycache__) by extension 'colcon_pkg'
[0.767s] Level 1:colcon.colcon_core.package_identification:_identify(venv/lib/python3.12/site-packages/setuptools/_distutils/tests/__pycache__) by extensions ['colcon_meta']
[0.767s] Level 1:colcon.colcon_core.package_identification:_identify(venv/lib/python3.12/site-packages/setuptools/_distutils/tests/__pycache__) by extension 'colcon_meta'
[0.767s] Level 1:colcon.colcon_core.package_identification:_identify(venv/lib/python3.12/site-packages/setuptools/_distutils/tests/__pycache__) by extensions ['ros']
[0.767s] Level 1:colcon.colcon_core.package_identification:_identify(venv/lib/python3.12/site-packages/setuptools/_distutils/tests/__pycache__) by extension 'ros'
[0.767s] Level 1:colcon.colcon_core.package_identification:_identify(venv/lib/python3.12/site-packages/setuptools/_distutils/tests/__pycache__) by extensions ['cmake', 'python']
[0.767s] Level 1:colcon.colcon_core.package_identification:_identify(venv/lib/python3.12/site-packages/setuptools/_distutils/tests/__pycache__) by extension 'cmake'
[0.768s] Level 1:colcon.colcon_core.package_identification:_identify(venv/lib/python3.12/site-packages/setuptools/_distutils/tests/__pycache__) by extension 'python'
[0.768s] Level 1:colcon.colcon_core.package_identification:_identify(venv/lib/python3.12/site-packages/setuptools/_distutils/tests/__pycache__) by extensions ['python_setup_py']
[0.768s] Level 1:colcon.colcon_core.package_identification:_identify(venv/lib/python3.12/site-packages/setuptools/_distutils/tests/__pycache__) by extension 'python_setup_py'
[0.768s] Level 1:colcon.colcon_core.package_identification:_identify(venv/lib/python3.12/site-packages/setuptools/_distutils/tests/compat) by extensions ['ignore', 'ignore_ament_install']
[0.768s] Level 1:colcon.colcon_core.package_identification:_identify(venv/lib/python3.12/site-packages/setuptools/_distutils/tests/compat) by extension 'ignore'
[0.768s] Level 1:colcon.colcon_core.package_identification:_identify(venv/lib/python3.12/site-packages/setuptools/_distutils/tests/compat) by extension 'ignore_ament_install'
[0.768s] Level 1:colcon.colcon_core.package_identification:_identify(venv/lib/python3.12/site-packages/setuptools/_distutils/tests/compat) by extensions ['colcon_pkg']
[0.768s] Level 1:colcon.colcon_core.package_identification:_identify(venv/lib/python3.12/site-packages/setuptools/_distutils/tests/compat) by extension 'colcon_pkg'
[0.768s] Level 1:colcon.colcon_core.package_identification:_identify(venv/lib/python3.12/site-packages/setuptools/_distutils/tests/compat) by extensions ['colcon_meta']
[0.768s] Level 1:colcon.colcon_core.package_identification:_identify(venv/lib/python3.12/site-packages/setuptools/_distutils/tests/compat) by extension 'colcon_meta'
[0.768s] Level 1:colcon.colcon_core.package_identification:_identify(venv/lib/python3.12/site-packages/setuptools/_distutils/tests/compat) by extensions ['ros']
[0.768s] Level 1:colcon.colcon_core.package_identification:_identify(venv/lib/python3.12/site-packages/setuptools/_distutils/tests/compat) by extension 'ros'
[0.768s] Level 1:colcon.colcon_core.package_identification:_identify(venv/lib/python3.12/site-packages/setuptools/_distutils/tests/compat) by extensions ['cmake', 'python']
[0.768s] Level 1:colcon.colcon_core.package_identification:_identify(venv/lib/python3.12/site-packages/setuptools/_distutils/tests/compat) by extension 'cmake'
[0.768s] Level 1:colcon.colcon_core.package_identification:_identify(venv/lib/python3.12/site-packages/setuptools/_distutils/tests/compat) by extension 'python'
[0.769s] Level 1:colcon.colcon_core.package_identification:_identify(venv/lib/python3.12/site-packages/setuptools/_distutils/tests/compat) by extensions ['python_setup_py']
[0.769s] Level 1:colcon.colcon_core.package_identification:_identify(venv/lib/python3.12/site-packages/setuptools/_distutils/tests/compat) by extension 'python_setup_py'
[0.769s] Level 1:colcon.colcon_core.package_identification:_identify(venv/lib/python3.12/site-packages/setuptools/_distutils/tests/compat/__pycache__) by extensions ['ignore', 'ignore_ament_install']
[0.769s] Level 1:colcon.colcon_core.package_identification:_identify(venv/lib/python3.12/site-packages/setuptools/_distutils/tests/compat/__pycache__) by extension 'ignore'
[0.769s] Level 1:colcon.colcon_core.package_identification:_identify(venv/lib/python3.12/site-packages/setuptools/_distutils/tests/compat/__pycache__) by extension 'ignore_ament_install'
[0.769s] Level 1:colcon.colcon_core.package_identification:_identify(venv/lib/python3.12/site-packages/setuptools/_distutils/tests/compat/__pycache__) by extensions ['colcon_pkg']
[0.769s] Level 1:colcon.colcon_core.package_identification:_identify(venv/lib/python3.12/site-packages/setuptools/_distutils/tests/compat/__pycache__) by extension 'colcon_pkg'
[0.769s] Level 1:colcon.colcon_core.package_identification:_identify(venv/lib/python3.12/site-packages/setuptools/_distutils/tests/compat/__pycache__) by extensions ['colcon_meta']
[0.769s] Level 1:colcon.colcon_core.package_identification:_identify(venv/lib/python3.12/site-packages/setuptools/_distutils/tests/compat/__pycache__) by extension 'colcon_meta'
[0.769s] Level 1:colcon.colcon_core.package_identification:_identify(venv/lib/python3.12/site-packages/setuptools/_distutils/tests/compat/__pycache__) by extensions ['ros']
[0.769s] Level 1:colcon.colcon_core.package_identification:_identify(venv/lib/python3.12/site-packages/setuptools/_distutils/tests/compat/__pycache__) by extension 'ros'
[0.769s] Level 1:colcon.colcon_core.package_identification:_identify(venv/lib/python3.12/site-packages/setuptools/_distutils/tests/compat/__pycache__) by extensions ['cmake', 'python']
[0.769s] Level 1:colcon.colcon_core.package_identification:_identify(venv/lib/python3.12/site-packages/setuptools/_distutils/tests/compat/__pycache__) by extension 'cmake'
[0.769s] Level 1:colcon.colcon_core.package_identification:_identify(venv/lib/python3.12/site-packages/setuptools/_distutils/tests/compat/__pycache__) by extension 'python'
[0.769s] Level 1:colcon.colcon_core.package_identification:_identify(venv/lib/python3.12/site-packages/setuptools/_distutils/tests/compat/__pycache__) by extensions ['python_setup_py']
[0.769s] Level 1:colcon.colcon_core.package_identification:_identify(venv/lib/python3.12/site-packages/setuptools/_distutils/tests/compat/__pycache__) by extension 'python_setup_py'
[0.770s] Level 1:colcon.colcon_core.package_identification:_identify(venv/lib/python3.12/site-packages/setuptools/_vendor) by extensions ['ignore', 'ignore_ament_install']
[0.770s] Level 1:colcon.colcon_core.package_identification:_identify(venv/lib/python3.12/site-packages/setuptools/_vendor) by extension 'ignore'
[0.770s] Level 1:colcon.colcon_core.package_identification:_identify(venv/lib/python3.12/site-packages/setuptools/_vendor) by extension 'ignore_ament_install'
[0.770s] Level 1:colcon.colcon_core.package_identification:_identify(venv/lib/python3.12/site-packages/setuptools/_vendor) by extensions ['colcon_pkg']
[0.770s] Level 1:colcon.colcon_core.package_identification:_identify(venv/lib/python3.12/site-packages/setuptools/_vendor) by extension 'colcon_pkg'
[0.770s] Level 1:colcon.colcon_core.package_identification:_identify(venv/lib/python3.12/site-packages/setuptools/_vendor) by extensions ['colcon_meta']
[0.770s] Level 1:colcon.colcon_core.package_identification:_identify(venv/lib/python3.12/site-packages/setuptools/_vendor) by extension 'colcon_meta'
[0.770s] Level 1:colcon.colcon_core.package_identification:_identify(venv/lib/python3.12/site-packages/setuptools/_vendor) by extensions ['ros']
[0.770s] Level 1:colcon.colcon_core.package_identification:_identify(venv/lib/python3.12/site-packages/setuptools/_vendor) by extension 'ros'
[0.770s] Level 1:colcon.colcon_core.package_identification:_identify(venv/lib/python3.12/site-packages/setuptools/_vendor) by extensions ['cmake', 'python']
[0.770s] Level 1:colcon.colcon_core.package_identification:_identify(venv/lib/python3.12/site-packages/setuptools/_vendor) by extension 'cmake'
[0.770s] Level 1:colcon.colcon_core.package_identification:_identify(venv/lib/python3.12/site-packages/setuptools/_vendor) by extension 'python'
[0.770s] Level 1:colcon.colcon_core.package_identification:_identify(venv/lib/python3.12/site-packages/setuptools/_vendor) by extensions ['python_setup_py']
[0.770s] Level 1:colcon.colcon_core.package_identification:_identify(venv/lib/python3.12/site-packages/setuptools/_vendor) by extension 'python_setup_py'
[0.771s] Level 1:colcon.colcon_core.package_identification:_identify(venv/lib/python3.12/site-packages/setuptools/_vendor/autocommand) by extensions ['ignore', 'ignore_ament_install']
[0.771s] Level 1:colcon.colcon_core.package_identification:_identify(venv/lib/python3.12/site-packages/setuptools/_vendor/autocommand) by extension 'ignore'
[0.771s] Level 1:colcon.colcon_core.package_identification:_identify(venv/lib/python3.12/site-packages/setuptools/_vendor/autocommand) by extension 'ignore_ament_install'
[0.771s] Level 1:colcon.colcon_core.package_identification:_identify(venv/lib/python3.12/site-packages/setuptools/_vendor/autocommand) by extensions ['colcon_pkg']
[0.771s] Level 1:colcon.colcon_core.package_identification:_identify(venv/lib/python3.12/site-packages/setuptools/_vendor/autocommand) by extension 'colcon_pkg'
[0.771s] Level 1:colcon.colcon_core.package_identification:_identify(venv/lib/python3.12/site-packages/setuptools/_vendor/autocommand) by extensions ['colcon_meta']
[0.771s] Level 1:colcon.colcon_core.package_identification:_identify(venv/lib/python3.12/site-packages/setuptools/_vendor/autocommand) by extension 'colcon_meta'
[0.771s] Level 1:colcon.colcon_core.package_identification:_identify(venv/lib/python3.12/site-packages/setuptools/_vendor/autocommand) by extensions ['ros']
[0.771s] Level 1:colcon.colcon_core.package_identification:_identify(venv/lib/python3.12/site-packages/setuptools/_vendor/autocommand) by extension 'ros'
[0.771s] Level 1:colcon.colcon_core.package_identification:_identify(venv/lib/python3.12/site-packages/setuptools/_vendor/autocommand) by extensions ['cmake', 'python']
[0.771s] Level 1:colcon.colcon_core.package_identification:_identify(venv/lib/python3.12/site-packages/setuptools/_vendor/autocommand) by extension 'cmake'
[0.771s] Level 1:colcon.colcon_core.package_identification:_identify(venv/lib/python3.12/site-packages/setuptools/_vendor/autocommand) by extension 'python'
[0.771s] Level 1:colcon.colcon_core.package_identification:_identify(venv/lib/python3.12/site-packages/setuptools/_vendor/autocommand) by extensions ['python_setup_py']
[0.771s] Level 1:colcon.colcon_core.package_identification:_identify(venv/lib/python3.12/site-packages/setuptools/_vendor/autocommand) by extension 'python_setup_py'
[0.772s] Level 1:colcon.colcon_core.package_identification:_identify(venv/lib/python3.12/site-packages/setuptools/_vendor/autocommand/__pycache__) by extensions ['ignore', 'ignore_ament_install']
[0.772s] Level 1:colcon.colcon_core.package_identification:_identify(venv/lib/python3.12/site-packages/setuptools/_vendor/autocommand/__pycache__) by extension 'ignore'
[0.772s] Level 1:colcon.colcon_core.package_identification:_identify(venv/lib/python3.12/site-packages/setuptools/_vendor/autocommand/__pycache__) by extension 'ignore_ament_install'
[0.772s] Level 1:colcon.colcon_core.package_identification:_identify(venv/lib/python3.12/site-packages/setuptools/_vendor/autocommand/__pycache__) by extensions ['colcon_pkg']
[0.772s] Level 1:colcon.colcon_core.package_identification:_identify(venv/lib/python3.12/site-packages/setuptools/_vendor/autocommand/__pycache__) by extension 'colcon_pkg'
[0.772s] Level 1:colcon.colcon_core.package_identification:_identify(venv/lib/python3.12/site-packages/setuptools/_vendor/autocommand/__pycache__) by extensions ['colcon_meta']
[0.772s] Level 1:colcon.colcon_core.package_identification:_identify(venv/lib/python3.12/site-packages/setuptools/_vendor/autocommand/__pycache__) by extension 'colcon_meta'
[0.772s] Level 1:colcon.colcon_core.package_identification:_identify(venv/lib/python3.12/site-packages/setuptools/_vendor/autocommand/__pycache__) by extensions ['ros']
[0.772s] Level 1:colcon.colcon_core.package_identification:_identify(venv/lib/python3.12/site-packages/setuptools/_vendor/autocommand/__pycache__) by extension 'ros'
[0.772s] Level 1:colcon.colcon_core.package_identification:_identify(venv/lib/python3.12/site-packages/setuptools/_vendor/autocommand/__pycache__) by extensions ['cmake', 'python']
[0.772s] Level 1:colcon.colcon_core.package_identification:_identify(venv/lib/python3.12/site-packages/setuptools/_vendor/autocommand/__pycache__) by extension 'cmake'
[0.772s] Level 1:colcon.colcon_core.package_identification:_identify(venv/lib/python3.12/site-packages/setuptools/_vendor/autocommand/__pycache__) by extension 'python'
[0.772s] Level 1:colcon.colcon_core.package_identification:_identify(venv/lib/python3.12/site-packages/setuptools/_vendor/autocommand/__pycache__) by extensions ['python_setup_py']
[0.772s] Level 1:colcon.colcon_core.package_identification:_identify(venv/lib/python3.12/site-packages/setuptools/_vendor/autocommand/__pycache__) by extension 'python_setup_py'
[0.773s] Level 1:colcon.colcon_core.package_identification:_identify(venv/lib/python3.12/site-packages/setuptools/_vendor/autocommand-2.2.2.dist-info) by extensions ['ignore', 'ignore_ament_install']
[0.773s] Level 1:colcon.colcon_core.package_identification:_identify(venv/lib/python3.12/site-packages/setuptools/_vendor/autocommand-2.2.2.dist-info) by extension 'ignore'
[0.773s] Level 1:colcon.colcon_core.package_identification:_identify(venv/lib/python3.12/site-packages/setuptools/_vendor/autocommand-2.2.2.dist-info) by extension 'ignore_ament_install'
[0.773s] Level 1:colcon.colcon_core.package_identification:_identify(venv/lib/python3.12/site-packages/setuptools/_vendor/autocommand-2.2.2.dist-info) by extensions ['colcon_pkg']
[0.773s] Level 1:colcon.colcon_core.package_identification:_identify(venv/lib/python3.12/site-packages/setuptools/_vendor/autocommand-2.2.2.dist-info) by extension 'colcon_pkg'
[0.773s] Level 1:colcon.colcon_core.package_identification:_identify(venv/lib/python3.12/site-packages/setuptools/_vendor/autocommand-2.2.2.dist-info) by extensions ['colcon_meta']
[0.773s] Level 1:colcon.colcon_core.package_identification:_identify(venv/lib/python3.12/site-packages/setuptools/_vendor/autocommand-2.2.2.dist-info) by extension 'colcon_meta'
[0.773s] Level 1:colcon.colcon_core.package_identification:_identify(venv/lib/python3.12/site-packages/setuptools/_vendor/autocommand-2.2.2.dist-info) by extensions ['ros']
[0.773s] Level 1:colcon.colcon_core.package_identification:_identify(venv/lib/python3.12/site-packages/setuptools/_vendor/autocommand-2.2.2.dist-info) by extension 'ros'
[0.773s] Level 1:colcon.colcon_core.package_identification:_identify(venv/lib/python3.12/site-packages/setuptools/_vendor/autocommand-2.2.2.dist-info) by extensions ['cmake', 'python']
[0.773s] Level 1:colcon.colcon_core.package_identification:_identify(venv/lib/python3.12/site-packages/setuptools/_vendor/autocommand-2.2.2.dist-info) by extension 'cmake'
[0.773s] Level 1:colcon.colcon_core.package_identification:_identify(venv/lib/python3.12/site-packages/setuptools/_vendor/autocommand-2.2.2.dist-info) by extension 'python'
[0.774s] Level 1:colcon.colcon_core.package_identification:_identify(venv/lib/python3.12/site-packages/setuptools/_vendor/autocommand-2.2.2.dist-info) by extensions ['python_setup_py']
[0.774s] Level 1:colcon.colcon_core.package_identification:_identify(venv/lib/python3.12/site-packages/setuptools/_vendor/autocommand-2.2.2.dist-info) by extension 'python_setup_py'
[0.774s] Level 1:colcon.colcon_core.package_identification:_identify(venv/lib/python3.12/site-packages/setuptools/_vendor/backports) by extensions ['ignore', 'ignore_ament_install']
[0.774s] Level 1:colcon.colcon_core.package_identification:_identify(venv/lib/python3.12/site-packages/setuptools/_vendor/backports) by extension 'ignore'
[0.774s] Level 1:colcon.colcon_core.package_identification:_identify(venv/lib/python3.12/site-packages/setuptools/_vendor/backports) by extension 'ignore_ament_install'
[0.774s] Level 1:colcon.colcon_core.package_identification:_identify(venv/lib/python3.12/site-packages/setuptools/_vendor/backports) by extensions ['colcon_pkg']
[0.774s] Level 1:colcon.colcon_core.package_identification:_identify(venv/lib/python3.12/site-packages/setuptools/_vendor/backports) by extension 'colcon_pkg'
[0.774s] Level 1:colcon.colcon_core.package_identification:_identify(venv/lib/python3.12/site-packages/setuptools/_vendor/backports) by extensions ['colcon_meta']
[0.774s] Level 1:colcon.colcon_core.package_identification:_identify(venv/lib/python3.12/site-packages/setuptools/_vendor/backports) by extension 'colcon_meta'
[0.774s] Level 1:colcon.colcon_core.package_identification:_identify(venv/lib/python3.12/site-packages/setuptools/_vendor/backports) by extensions ['ros']
[0.774s] Level 1:colcon.colcon_core.package_identification:_identify(venv/lib/python3.12/site-packages/setuptools/_vendor/backports) by extension 'ros'
[0.774s] Level 1:colcon.colcon_core.package_identification:_identify(venv/lib/python3.12/site-packages/setuptools/_vendor/backports) by extensions ['cmake', 'python']
[0.774s] Level 1:colcon.colcon_core.package_identification:_identify(venv/lib/python3.12/site-packages/setuptools/_vendor/backports) by extension 'cmake'
[0.774s] Level 1:colcon.colcon_core.package_identification:_identify(venv/lib/python3.12/site-packages/setuptools/_vendor/backports) by extension 'python'
[0.775s] Level 1:colcon.colcon_core.package_identification:_identify(venv/lib/python3.12/site-packages/setuptools/_vendor/backports) by extensions ['python_setup_py']
[0.775s] Level 1:colcon.colcon_core.package_identification:_identify(venv/lib/python3.12/site-packages/setuptools/_vendor/backports) by extension 'python_setup_py'
[0.775s] Level 1:colcon.colcon_core.package_identification:_identify(venv/lib/python3.12/site-packages/setuptools/_vendor/backports/__pycache__) by extensions ['ignore', 'ignore_ament_install']
[0.775s] Level 1:colcon.colcon_core.package_identification:_identify(venv/lib/python3.12/site-packages/setuptools/_vendor/backports/__pycache__) by extension 'ignore'
[0.775s] Level 1:colcon.colcon_core.package_identification:_identify(venv/lib/python3.12/site-packages/setuptools/_vendor/backports/__pycache__) by extension 'ignore_ament_install'
[0.775s] Level 1:colcon.colcon_core.package_identification:_identify(venv/lib/python3.12/site-packages/setuptools/_vendor/backports/__pycache__) by extensions ['colcon_pkg']
[0.775s] Level 1:colcon.colcon_core.package_identification:_identify(venv/lib/python3.12/site-packages/setuptools/_vendor/backports/__pycache__) by extension 'colcon_pkg'
[0.775s] Level 1:colcon.colcon_core.package_identification:_identify(venv/lib/python3.12/site-packages/setuptools/_vendor/backports/__pycache__) by extensions ['colcon_meta']
[0.775s] Level 1:colcon.colcon_core.package_identification:_identify(venv/lib/python3.12/site-packages/setuptools/_vendor/backports/__pycache__) by extension 'colcon_meta'
[0.775s] Level 1:colcon.colcon_core.package_identification:_identify(venv/lib/python3.12/site-packages/setuptools/_vendor/backports/__pycache__) by extensions ['ros']
[0.775s] Level 1:colcon.colcon_core.package_identification:_identify(venv/lib/python3.12/site-packages/setuptools/_vendor/backports/__pycache__) by extension 'ros'
[0.775s] Level 1:colcon.colcon_core.package_identification:_identify(venv/lib/python3.12/site-packages/setuptools/_vendor/backports/__pycache__) by extensions ['cmake', 'python']
[0.775s] Level 1:colcon.colcon_core.package_identification:_identify(venv/lib/python3.12/site-packages/setuptools/_vendor/backports/__pycache__) by extension 'cmake'
[0.775s] Level 1:colcon.colcon_core.package_identification:_identify(venv/lib/python3.12/site-packages/setuptools/_vendor/backports/__pycache__) by extension 'python'
[0.776s] Level 1:colcon.colcon_core.package_identification:_identify(venv/lib/python3.12/site-packages/setuptools/_vendor/backports/__pycache__) by extensions ['python_setup_py']
[0.776s] Level 1:colcon.colcon_core.package_identification:_identify(venv/lib/python3.12/site-packages/setuptools/_vendor/backports/__pycache__) by extension 'python_setup_py'
[0.776s] Level 1:colcon.colcon_core.package_identification:_identify(venv/lib/python3.12/site-packages/setuptools/_vendor/backports/tarfile) by extensions ['ignore', 'ignore_ament_install']
[0.776s] Level 1:colcon.colcon_core.package_identification:_identify(venv/lib/python3.12/site-packages/setuptools/_vendor/backports/tarfile) by extension 'ignore'
[0.776s] Level 1:colcon.colcon_core.package_identification:_identify(venv/lib/python3.12/site-packages/setuptools/_vendor/backports/tarfile) by extension 'ignore_ament_install'
[0.776s] Level 1:colcon.colcon_core.package_identification:_identify(venv/lib/python3.12/site-packages/setuptools/_vendor/backports/tarfile) by extensions ['colcon_pkg']
[0.776s] Level 1:colcon.colcon_core.package_identification:_identify(venv/lib/python3.12/site-packages/setuptools/_vendor/backports/tarfile) by extension 'colcon_pkg'
[0.776s] Level 1:colcon.colcon_core.package_identification:_identify(venv/lib/python3.12/site-packages/setuptools/_vendor/backports/tarfile) by extensions ['colcon_meta']
[0.776s] Level 1:colcon.colcon_core.package_identification:_identify(venv/lib/python3.12/site-packages/setuptools/_vendor/backports/tarfile) by extension 'colcon_meta'
[0.776s] Level 1:colcon.colcon_core.package_identification:_identify(venv/lib/python3.12/site-packages/setuptools/_vendor/backports/tarfile) by extensions ['ros']
[0.776s] Level 1:colcon.colcon_core.package_identification:_identify(venv/lib/python3.12/site-packages/setuptools/_vendor/backports/tarfile) by extension 'ros'
[0.776s] Level 1:colcon.colcon_core.package_identification:_identify(venv/lib/python3.12/site-packages/setuptools/_vendor/backports/tarfile) by extensions ['cmake', 'python']
[0.776s] Level 1:colcon.colcon_core.package_identification:_identify(venv/lib/python3.12/site-packages/setuptools/_vendor/backports/tarfile) by extension 'cmake'
[0.776s] Level 1:colcon.colcon_core.package_identification:_identify(venv/lib/python3.12/site-packages/setuptools/_vendor/backports/tarfile) by extension 'python'
[0.776s] Level 1:colcon.colcon_core.package_identification:_identify(venv/lib/python3.12/site-packages/setuptools/_vendor/backports/tarfile) by extensions ['python_setup_py']
[0.776s] Level 1:colcon.colcon_core.package_identification:_identify(venv/lib/python3.12/site-packages/setuptools/_vendor/backports/tarfile) by extension 'python_setup_py'
[0.777s] Level 1:colcon.colcon_core.package_identification:_identify(venv/lib/python3.12/site-packages/setuptools/_vendor/backports/tarfile/__pycache__) by extensions ['ignore', 'ignore_ament_install']
[0.777s] Level 1:colcon.colcon_core.package_identification:_identify(venv/lib/python3.12/site-packages/setuptools/_vendor/backports/tarfile/__pycache__) by extension 'ignore'
[0.777s] Level 1:colcon.colcon_core.package_identification:_identify(venv/lib/python3.12/site-packages/setuptools/_vendor/backports/tarfile/__pycache__) by extension 'ignore_ament_install'
[0.777s] Level 1:colcon.colcon_core.package_identification:_identify(venv/lib/python3.12/site-packages/setuptools/_vendor/backports/tarfile/__pycache__) by extensions ['colcon_pkg']
[0.777s] Level 1:colcon.colcon_core.package_identification:_identify(venv/lib/python3.12/site-packages/setuptools/_vendor/backports/tarfile/__pycache__) by extension 'colcon_pkg'
[0.777s] Level 1:colcon.colcon_core.package_identification:_identify(venv/lib/python3.12/site-packages/setuptools/_vendor/backports/tarfile/__pycache__) by extensions ['colcon_meta']
[0.777s] Level 1:colcon.colcon_core.package_identification:_identify(venv/lib/python3.12/site-packages/setuptools/_vendor/backports/tarfile/__pycache__) by extension 'colcon_meta'
[0.777s] Level 1:colcon.colcon_core.package_identification:_identify(venv/lib/python3.12/site-packages/setuptools/_vendor/backports/tarfile/__pycache__) by extensions ['ros']
[0.777s] Level 1:colcon.colcon_core.package_identification:_identify(venv/lib/python3.12/site-packages/setuptools/_vendor/backports/tarfile/__pycache__) by extension 'ros'
[0.777s] Level 1:colcon.colcon_core.package_identification:_identify(venv/lib/python3.12/site-packages/setuptools/_vendor/backports/tarfile/__pycache__) by extensions ['cmake', 'python']
[0.777s] Level 1:colcon.colcon_core.package_identification:_identify(venv/lib/python3.12/site-packages/setuptools/_vendor/backports/tarfile/__pycache__) by extension 'cmake'
[0.777s] Level 1:colcon.colcon_core.package_identification:_identify(venv/lib/python3.12/site-packages/setuptools/_vendor/backports/tarfile/__pycache__) by extension 'python'
[0.777s] Level 1:colcon.colcon_core.package_identification:_identify(venv/lib/python3.12/site-packages/setuptools/_vendor/backports/tarfile/__pycache__) by extensions ['python_setup_py']
[0.777s] Level 1:colcon.colcon_core.package_identification:_identify(venv/lib/python3.12/site-packages/setuptools/_vendor/backports/tarfile/__pycache__) by extension 'python_setup_py'
[0.778s] Level 1:colcon.colcon_core.package_identification:_identify(venv/lib/python3.12/site-packages/setuptools/_vendor/backports/tarfile/compat) by extensions ['ignore', 'ignore_ament_install']
[0.778s] Level 1:colcon.colcon_core.package_identification:_identify(venv/lib/python3.12/site-packages/setuptools/_vendor/backports/tarfile/compat) by extension 'ignore'
[0.778s] Level 1:colcon.colcon_core.package_identification:_identify(venv/lib/python3.12/site-packages/setuptools/_vendor/backports/tarfile/compat) by extension 'ignore_ament_install'
[0.778s] Level 1:colcon.colcon_core.package_identification:_identify(venv/lib/python3.12/site-packages/setuptools/_vendor/backports/tarfile/compat) by extensions ['colcon_pkg']
[0.778s] Level 1:colcon.colcon_core.package_identification:_identify(venv/lib/python3.12/site-packages/setuptools/_vendor/backports/tarfile/compat) by extension 'colcon_pkg'
[0.778s] Level 1:colcon.colcon_core.package_identification:_identify(venv/lib/python3.12/site-packages/setuptools/_vendor/backports/tarfile/compat) by extensions ['colcon_meta']
[0.778s] Level 1:colcon.colcon_core.package_identification:_identify(venv/lib/python3.12/site-packages/setuptools/_vendor/backports/tarfile/compat) by extension 'colcon_meta'
[0.778s] Level 1:colcon.colcon_core.package_identification:_identify(venv/lib/python3.12/site-packages/setuptools/_vendor/backports/tarfile/compat) by extensions ['ros']
[0.778s] Level 1:colcon.colcon_core.package_identification:_identify(venv/lib/python3.12/site-packages/setuptools/_vendor/backports/tarfile/compat) by extension 'ros'
[0.778s] Level 1:colcon.colcon_core.package_identification:_identify(venv/lib/python3.12/site-packages/setuptools/_vendor/backports/tarfile/compat) by extensions ['cmake', 'python']
[0.778s] Level 1:colcon.colcon_core.package_identification:_identify(venv/lib/python3.12/site-packages/setuptools/_vendor/backports/tarfile/compat) by extension 'cmake'
[0.778s] Level 1:colcon.colcon_core.package_identification:_identify(venv/lib/python3.12/site-packages/setuptools/_vendor/backports/tarfile/compat) by extension 'python'
[0.778s] Level 1:colcon.colcon_core.package_identification:_identify(venv/lib/python3.12/site-packages/setuptools/_vendor/backports/tarfile/compat) by extensions ['python_setup_py']
[0.778s] Level 1:colcon.colcon_core.package_identification:_identify(venv/lib/python3.12/site-packages/setuptools/_vendor/backports/tarfile/compat) by extension 'python_setup_py'
[0.778s] Level 1:colcon.colcon_core.package_identification:_identify(venv/lib/python3.12/site-packages/setuptools/_vendor/backports/tarfile/compat/__pycache__) by extensions ['ignore', 'ignore_ament_install']
[0.779s] Level 1:colcon.colcon_core.package_identification:_identify(venv/lib/python3.12/site-packages/setuptools/_vendor/backports/tarfile/compat/__pycache__) by extension 'ignore'
[0.779s] Level 1:colcon.colcon_core.package_identification:_identify(venv/lib/python3.12/site-packages/setuptools/_vendor/backports/tarfile/compat/__pycache__) by extension 'ignore_ament_install'
[0.779s] Level 1:colcon.colcon_core.package_identification:_identify(venv/lib/python3.12/site-packages/setuptools/_vendor/backports/tarfile/compat/__pycache__) by extensions ['colcon_pkg']
[0.779s] Level 1:colcon.colcon_core.package_identification:_identify(venv/lib/python3.12/site-packages/setuptools/_vendor/backports/tarfile/compat/__pycache__) by extension 'colcon_pkg'
[0.779s] Level 1:colcon.colcon_core.package_identification:_identify(venv/lib/python3.12/site-packages/setuptools/_vendor/backports/tarfile/compat/__pycache__) by extensions ['colcon_meta']
[0.779s] Level 1:colcon.colcon_core.package_identification:_identify(venv/lib/python3.12/site-packages/setuptools/_vendor/backports/tarfile/compat/__pycache__) by extension 'colcon_meta'
[0.779s] Level 1:colcon.colcon_core.package_identification:_identify(venv/lib/python3.12/site-packages/setuptools/_vendor/backports/tarfile/compat/__pycache__) by extensions ['ros']
[0.779s] Level 1:colcon.colcon_core.package_identification:_identify(venv/lib/python3.12/site-packages/setuptools/_vendor/backports/tarfile/compat/__pycache__) by extension 'ros'
[0.779s] Level 1:colcon.colcon_core.package_identification:_identify(venv/lib/python3.12/site-packages/setuptools/_vendor/backports/tarfile/compat/__pycache__) by extensions ['cmake', 'python']
[0.779s] Level 1:colcon.colcon_core.package_identification:_identify(venv/lib/python3.12/site-packages/setuptools/_vendor/backports/tarfile/compat/__pycache__) by extension 'cmake'
[0.779s] Level 1:colcon.colcon_core.package_identification:_identify(venv/lib/python3.12/site-packages/setuptools/_vendor/backports/tarfile/compat/__pycache__) by extension 'python'
[0.779s] Level 1:colcon.colcon_core.package_identification:_identify(venv/lib/python3.12/site-packages/setuptools/_vendor/backports/tarfile/compat/__pycache__) by extensions ['python_setup_py']
[0.779s] Level 1:colcon.colcon_core.package_identification:_identify(venv/lib/python3.12/site-packages/setuptools/_vendor/backports/tarfile/compat/__pycache__) by extension 'python_setup_py'
[0.779s] Level 1:colcon.colcon_core.package_identification:_identify(venv/lib/python3.12/site-packages/setuptools/_vendor/backports.tarfile-1.2.0.dist-info) by extensions ['ignore', 'ignore_ament_install']
[0.779s] Level 1:colcon.colcon_core.package_identification:_identify(venv/lib/python3.12/site-packages/setuptools/_vendor/backports.tarfile-1.2.0.dist-info) by extension 'ignore'
[0.780s] Level 1:colcon.colcon_core.package_identification:_identify(venv/lib/python3.12/site-packages/setuptools/_vendor/backports.tarfile-1.2.0.dist-info) by extension 'ignore_ament_install'
[0.780s] Level 1:colcon.colcon_core.package_identification:_identify(venv/lib/python3.12/site-packages/setuptools/_vendor/backports.tarfile-1.2.0.dist-info) by extensions ['colcon_pkg']
[0.780s] Level 1:colcon.colcon_core.package_identification:_identify(venv/lib/python3.12/site-packages/setuptools/_vendor/backports.tarfile-1.2.0.dist-info) by extension 'colcon_pkg'
[0.780s] Level 1:colcon.colcon_core.package_identification:_identify(venv/lib/python3.12/site-packages/setuptools/_vendor/backports.tarfile-1.2.0.dist-info) by extensions ['colcon_meta']
[0.780s] Level 1:colcon.colcon_core.package_identification:_identify(venv/lib/python3.12/site-packages/setuptools/_vendor/backports.tarfile-1.2.0.dist-info) by extension 'colcon_meta'
[0.780s] Level 1:colcon.colcon_core.package_identification:_identify(venv/lib/python3.12/site-packages/setuptools/_vendor/backports.tarfile-1.2.0.dist-info) by extensions ['ros']
[0.780s] Level 1:colcon.colcon_core.package_identification:_identify(venv/lib/python3.12/site-packages/setuptools/_vendor/backports.tarfile-1.2.0.dist-info) by extension 'ros'
[0.780s] Level 1:colcon.colcon_core.package_identification:_identify(venv/lib/python3.12/site-packages/setuptools/_vendor/backports.tarfile-1.2.0.dist-info) by extensions ['cmake', 'python']
[0.780s] Level 1:colcon.colcon_core.package_identification:_identify(venv/lib/python3.12/site-packages/setuptools/_vendor/backports.tarfile-1.2.0.dist-info) by extension 'cmake'
[0.780s] Level 1:colcon.colcon_core.package_identification:_identify(venv/lib/python3.12/site-packages/setuptools/_vendor/backports.tarfile-1.2.0.dist-info) by extension 'python'
[0.780s] Level 1:colcon.colcon_core.package_identification:_identify(venv/lib/python3.12/site-packages/setuptools/_vendor/backports.tarfile-1.2.0.dist-info) by extensions ['python_setup_py']
[0.780s] Level 1:colcon.colcon_core.package_identification:_identify(venv/lib/python3.12/site-packages/setuptools/_vendor/backports.tarfile-1.2.0.dist-info) by extension 'python_setup_py'
[0.780s] Level 1:colcon.colcon_core.package_identification:_identify(venv/lib/python3.12/site-packages/setuptools/_vendor/importlib_metadata) by extensions ['ignore', 'ignore_ament_install']
[0.780s] Level 1:colcon.colcon_core.package_identification:_identify(venv/lib/python3.12/site-packages/setuptools/_vendor/importlib_metadata) by extension 'ignore'
[0.780s] Level 1:colcon.colcon_core.package_identification:_identify(venv/lib/python3.12/site-packages/setuptools/_vendor/importlib_metadata) by extension 'ignore_ament_install'
[0.780s] Level 1:colcon.colcon_core.package_identification:_identify(venv/lib/python3.12/site-packages/setuptools/_vendor/importlib_metadata) by extensions ['colcon_pkg']
[0.780s] Level 1:colcon.colcon_core.package_identification:_identify(venv/lib/python3.12/site-packages/setuptools/_vendor/importlib_metadata) by extension 'colcon_pkg'
[0.781s] Level 1:colcon.colcon_core.package_identification:_identify(venv/lib/python3.12/site-packages/setuptools/_vendor/importlib_metadata) by extensions ['colcon_meta']
[0.781s] Level 1:colcon.colcon_core.package_identification:_identify(venv/lib/python3.12/site-packages/setuptools/_vendor/importlib_metadata) by extension 'colcon_meta'
[0.781s] Level 1:colcon.colcon_core.package_identification:_identify(venv/lib/python3.12/site-packages/setuptools/_vendor/importlib_metadata) by extensions ['ros']
[0.781s] Level 1:colcon.colcon_core.package_identification:_identify(venv/lib/python3.12/site-packages/setuptools/_vendor/importlib_metadata) by extension 'ros'
[0.781s] Level 1:colcon.colcon_core.package_identification:_identify(venv/lib/python3.12/site-packages/setuptools/_vendor/importlib_metadata) by extensions ['cmake', 'python']
[0.781s] Level 1:colcon.colcon_core.package_identification:_identify(venv/lib/python3.12/site-packages/setuptools/_vendor/importlib_metadata) by extension 'cmake'
[0.781s] Level 1:colcon.colcon_core.package_identification:_identify(venv/lib/python3.12/site-packages/setuptools/_vendor/importlib_metadata) by extension 'python'
[0.781s] Level 1:colcon.colcon_core.package_identification:_identify(venv/lib/python3.12/site-packages/setuptools/_vendor/importlib_metadata) by extensions ['python_setup_py']
[0.781s] Level 1:colcon.colcon_core.package_identification:_identify(venv/lib/python3.12/site-packages/setuptools/_vendor/importlib_metadata) by extension 'python_setup_py'
[0.781s] Level 1:colcon.colcon_core.package_identification:_identify(venv/lib/python3.12/site-packages/setuptools/_vendor/importlib_metadata/__pycache__) by extensions ['ignore', 'ignore_ament_install']
[0.781s] Level 1:colcon.colcon_core.package_identification:_identify(venv/lib/python3.12/site-packages/setuptools/_vendor/importlib_metadata/__pycache__) by extension 'ignore'
[0.781s] Level 1:colcon.colcon_core.package_identification:_identify(venv/lib/python3.12/site-packages/setuptools/_vendor/importlib_metadata/__pycache__) by extension 'ignore_ament_install'
[0.781s] Level 1:colcon.colcon_core.package_identification:_identify(venv/lib/python3.12/site-packages/setuptools/_vendor/importlib_metadata/__pycache__) by extensions ['colcon_pkg']
[0.781s] Level 1:colcon.colcon_core.package_identification:_identify(venv/lib/python3.12/site-packages/setuptools/_vendor/importlib_metadata/__pycache__) by extension 'colcon_pkg'
[0.781s] Level 1:colcon.colcon_core.package_identification:_identify(venv/lib/python3.12/site-packages/setuptools/_vendor/importlib_metadata/__pycache__) by extensions ['colcon_meta']
[0.781s] Level 1:colcon.colcon_core.package_identification:_identify(venv/lib/python3.12/site-packages/setuptools/_vendor/importlib_metadata/__pycache__) by extension 'colcon_meta'
[0.782s] Level 1:colcon.colcon_core.package_identification:_identify(venv/lib/python3.12/site-packages/setuptools/_vendor/importlib_metadata/__pycache__) by extensions ['ros']
[0.782s] Level 1:colcon.colcon_core.package_identification:_identify(venv/lib/python3.12/site-packages/setuptools/_vendor/importlib_metadata/__pycache__) by extension 'ros'
[0.782s] Level 1:colcon.colcon_core.package_identification:_identify(venv/lib/python3.12/site-packages/setuptools/_vendor/importlib_metadata/__pycache__) by extensions ['cmake', 'python']
[0.782s] Level 1:colcon.colcon_core.package_identification:_identify(venv/lib/python3.12/site-packages/setuptools/_vendor/importlib_metadata/__pycache__) by extension 'cmake'
[0.782s] Level 1:colcon.colcon_core.package_identification:_identify(venv/lib/python3.12/site-packages/setuptools/_vendor/importlib_metadata/__pycache__) by extension 'python'
[0.782s] Level 1:colcon.colcon_core.package_identification:_identify(venv/lib/python3.12/site-packages/setuptools/_vendor/importlib_metadata/__pycache__) by extensions ['python_setup_py']
[0.782s] Level 1:colcon.colcon_core.package_identification:_identify(venv/lib/python3.12/site-packages/setuptools/_vendor/importlib_metadata/__pycache__) by extension 'python_setup_py'
[0.782s] Level 1:colcon.colcon_core.package_identification:_identify(venv/lib/python3.12/site-packages/setuptools/_vendor/importlib_metadata/compat) by extensions ['ignore', 'ignore_ament_install']
[0.782s] Level 1:colcon.colcon_core.package_identification:_identify(venv/lib/python3.12/site-packages/setuptools/_vendor/importlib_metadata/compat) by extension 'ignore'
[0.782s] Level 1:colcon.colcon_core.package_identification:_identify(venv/lib/python3.12/site-packages/setuptools/_vendor/importlib_metadata/compat) by extension 'ignore_ament_install'
[0.782s] Level 1:colcon.colcon_core.package_identification:_identify(venv/lib/python3.12/site-packages/setuptools/_vendor/importlib_metadata/compat) by extensions ['colcon_pkg']
[0.782s] Level 1:colcon.colcon_core.package_identification:_identify(venv/lib/python3.12/site-packages/setuptools/_vendor/importlib_metadata/compat) by extension 'colcon_pkg'
[0.782s] Level 1:colcon.colcon_core.package_identification:_identify(venv/lib/python3.12/site-packages/setuptools/_vendor/importlib_metadata/compat) by extensions ['colcon_meta']
[0.782s] Level 1:colcon.colcon_core.package_identification:_identify(venv/lib/python3.12/site-packages/setuptools/_vendor/importlib_metadata/compat) by extension 'colcon_meta'
[0.782s] Level 1:colcon.colcon_core.package_identification:_identify(venv/lib/python3.12/site-packages/setuptools/_vendor/importlib_metadata/compat) by extensions ['ros']
[0.782s] Level 1:colcon.colcon_core.package_identification:_identify(venv/lib/python3.12/site-packages/setuptools/_vendor/importlib_metadata/compat) by extension 'ros'
[0.783s] Level 1:colcon.colcon_core.package_identification:_identify(venv/lib/python3.12/site-packages/setuptools/_vendor/importlib_metadata/compat) by extensions ['cmake', 'python']
[0.783s] Level 1:colcon.colcon_core.package_identification:_identify(venv/lib/python3.12/site-packages/setuptools/_vendor/importlib_metadata/compat) by extension 'cmake'
[0.783s] Level 1:colcon.colcon_core.package_identification:_identify(venv/lib/python3.12/site-packages/setuptools/_vendor/importlib_metadata/compat) by extension 'python'
[0.783s] Level 1:colcon.colcon_core.package_identification:_identify(venv/lib/python3.12/site-packages/setuptools/_vendor/importlib_metadata/compat) by extensions ['python_setup_py']
[0.783s] Level 1:colcon.colcon_core.package_identification:_identify(venv/lib/python3.12/site-packages/setuptools/_vendor/importlib_metadata/compat) by extension 'python_setup_py'
[0.783s] Level 1:colcon.colcon_core.package_identification:_identify(venv/lib/python3.12/site-packages/setuptools/_vendor/importlib_metadata/compat/__pycache__) by extensions ['ignore', 'ignore_ament_install']
[0.783s] Level 1:colcon.colcon_core.package_identification:_identify(venv/lib/python3.12/site-packages/setuptools/_vendor/importlib_metadata/compat/__pycache__) by extension 'ignore'
[0.783s] Level 1:colcon.colcon_core.package_identification:_identify(venv/lib/python3.12/site-packages/setuptools/_vendor/importlib_metadata/compat/__pycache__) by extension 'ignore_ament_install'
[0.783s] Level 1:colcon.colcon_core.package_identification:_identify(venv/lib/python3.12/site-packages/setuptools/_vendor/importlib_metadata/compat/__pycache__) by extensions ['colcon_pkg']
[0.783s] Level 1:colcon.colcon_core.package_identification:_identify(venv/lib/python3.12/site-packages/setuptools/_vendor/importlib_metadata/compat/__pycache__) by extension 'colcon_pkg'
[0.783s] Level 1:colcon.colcon_core.package_identification:_identify(venv/lib/python3.12/site-packages/setuptools/_vendor/importlib_metadata/compat/__pycache__) by extensions ['colcon_meta']
[0.783s] Level 1:colcon.colcon_core.package_identification:_identify(venv/lib/python3.12/site-packages/setuptools/_vendor/importlib_metadata/compat/__pycache__) by extension 'colcon_meta'
[0.783s] Level 1:colcon.colcon_core.package_identification:_identify(venv/lib/python3.12/site-packages/setuptools/_vendor/importlib_metadata/compat/__pycache__) by extensions ['ros']
[0.783s] Level 1:colcon.colcon_core.package_identification:_identify(venv/lib/python3.12/site-packages/setuptools/_vendor/importlib_metadata/compat/__pycache__) by extension 'ros'
[0.783s] Level 1:colcon.colcon_core.package_identification:_identify(venv/lib/python3.12/site-packages/setuptools/_vendor/importlib_metadata/compat/__pycache__) by extensions ['cmake', 'python']
[0.783s] Level 1:colcon.colcon_core.package_identification:_identify(venv/lib/python3.12/site-packages/setuptools/_vendor/importlib_metadata/compat/__pycache__) by extension 'cmake'
[0.783s] Level 1:colcon.colcon_core.package_identification:_identify(venv/lib/python3.12/site-packages/setuptools/_vendor/importlib_metadata/compat/__pycache__) by extension 'python'
[0.784s] Level 1:colcon.colcon_core.package_identification:_identify(venv/lib/python3.12/site-packages/setuptools/_vendor/importlib_metadata/compat/__pycache__) by extensions ['python_setup_py']
[0.784s] Level 1:colcon.colcon_core.package_identification:_identify(venv/lib/python3.12/site-packages/setuptools/_vendor/importlib_metadata/compat/__pycache__) by extension 'python_setup_py'
[0.784s] Level 1:colcon.colcon_core.package_identification:_identify(venv/lib/python3.12/site-packages/setuptools/_vendor/importlib_metadata-8.7.1.dist-info) by extensions ['ignore', 'ignore_ament_install']
[0.784s] Level 1:colcon.colcon_core.package_identification:_identify(venv/lib/python3.12/site-packages/setuptools/_vendor/importlib_metadata-8.7.1.dist-info) by extension 'ignore'
[0.784s] Level 1:colcon.colcon_core.package_identification:_identify(venv/lib/python3.12/site-packages/setuptools/_vendor/importlib_metadata-8.7.1.dist-info) by extension 'ignore_ament_install'
[0.784s] Level 1:colcon.colcon_core.package_identification:_identify(venv/lib/python3.12/site-packages/setuptools/_vendor/importlib_metadata-8.7.1.dist-info) by extensions ['colcon_pkg']
[0.784s] Level 1:colcon.colcon_core.package_identification:_identify(venv/lib/python3.12/site-packages/setuptools/_vendor/importlib_metadata-8.7.1.dist-info) by extension 'colcon_pkg'
[0.784s] Level 1:colcon.colcon_core.package_identification:_identify(venv/lib/python3.12/site-packages/setuptools/_vendor/importlib_metadata-8.7.1.dist-info) by extensions ['colcon_meta']
[0.784s] Level 1:colcon.colcon_core.package_identification:_identify(venv/lib/python3.12/site-packages/setuptools/_vendor/importlib_metadata-8.7.1.dist-info) by extension 'colcon_meta'
[0.784s] Level 1:colcon.colcon_core.package_identification:_identify(venv/lib/python3.12/site-packages/setuptools/_vendor/importlib_metadata-8.7.1.dist-info) by extensions ['ros']
[0.784s] Level 1:colcon.colcon_core.package_identification:_identify(venv/lib/python3.12/site-packages/setuptools/_vendor/importlib_metadata-8.7.1.dist-info) by extension 'ros'
[0.784s] Level 1:colcon.colcon_core.package_identification:_identify(venv/lib/python3.12/site-packages/setuptools/_vendor/importlib_metadata-8.7.1.dist-info) by extensions ['cmake', 'python']
[0.784s] Level 1:colcon.colcon_core.package_identification:_identify(venv/lib/python3.12/site-packages/setuptools/_vendor/importlib_metadata-8.7.1.dist-info) by extension 'cmake'
[0.784s] Level 1:colcon.colcon_core.package_identification:_identify(venv/lib/python3.12/site-packages/setuptools/_vendor/importlib_metadata-8.7.1.dist-info) by extension 'python'
[0.784s] Level 1:colcon.colcon_core.package_identification:_identify(venv/lib/python3.12/site-packages/setuptools/_vendor/importlib_metadata-8.7.1.dist-info) by extensions ['python_setup_py']
[0.784s] Level 1:colcon.colcon_core.package_identification:_identify(venv/lib/python3.12/site-packages/setuptools/_vendor/importlib_metadata-8.7.1.dist-info) by extension 'python_setup_py'
[0.785s] Level 1:colcon.colcon_core.package_identification:_identify(venv/lib/python3.12/site-packages/setuptools/_vendor/importlib_metadata-8.7.1.dist-info/licenses) by extensions ['ignore', 'ignore_ament_install']
[0.785s] Level 1:colcon.colcon_core.package_identification:_identify(venv/lib/python3.12/site-packages/setuptools/_vendor/importlib_metadata-8.7.1.dist-info/licenses) by extension 'ignore'
[0.785s] Level 1:colcon.colcon_core.package_identification:_identify(venv/lib/python3.12/site-packages/setuptools/_vendor/importlib_metadata-8.7.1.dist-info/licenses) by extension 'ignore_ament_install'
[0.785s] Level 1:colcon.colcon_core.package_identification:_identify(venv/lib/python3.12/site-packages/setuptools/_vendor/importlib_metadata-8.7.1.dist-info/licenses) by extensions ['colcon_pkg']
[0.785s] Level 1:colcon.colcon_core.package_identification:_identify(venv/lib/python3.12/site-packages/setuptools/_vendor/importlib_metadata-8.7.1.dist-info/licenses) by extension 'colcon_pkg'
[0.785s] Level 1:colcon.colcon_core.package_identification:_identify(venv/lib/python3.12/site-packages/setuptools/_vendor/importlib_metadata-8.7.1.dist-info/licenses) by extensions ['colcon_meta']
[0.785s] Level 1:colcon.colcon_core.package_identification:_identify(venv/lib/python3.12/site-packages/setuptools/_vendor/importlib_metadata-8.7.1.dist-info/licenses) by extension 'colcon_meta'
[0.785s] Level 1:colcon.colcon_core.package_identification:_identify(venv/lib/python3.12/site-packages/setuptools/_vendor/importlib_metadata-8.7.1.dist-info/licenses) by extensions ['ros']
[0.785s] Level 1:colcon.colcon_core.package_identification:_identify(venv/lib/python3.12/site-packages/setuptools/_vendor/importlib_metadata-8.7.1.dist-info/licenses) by extension 'ros'
[0.785s] Level 1:colcon.colcon_core.package_identification:_identify(venv/lib/python3.12/site-packages/setuptools/_vendor/importlib_metadata-8.7.1.dist-info/licenses) by extensions ['cmake', 'python']
[0.785s] Level 1:colcon.colcon_core.package_identification:_identify(venv/lib/python3.12/site-packages/setuptools/_vendor/importlib_metadata-8.7.1.dist-info/licenses) by extension 'cmake'
[0.785s] Level 1:colcon.colcon_core.package_identification:_identify(venv/lib/python3.12/site-packages/setuptools/_vendor/importlib_metadata-8.7.1.dist-info/licenses) by extension 'python'
[0.785s] Level 1:colcon.colcon_core.package_identification:_identify(venv/lib/python3.12/site-packages/setuptools/_vendor/importlib_metadata-8.7.1.dist-info/licenses) by extensions ['python_setup_py']
[0.785s] Level 1:colcon.colcon_core.package_identification:_identify(venv/lib/python3.12/site-packages/setuptools/_vendor/importlib_metadata-8.7.1.dist-info/licenses) by extension 'python_setup_py'
[0.785s] Level 1:colcon.colcon_core.package_identification:_identify(venv/lib/python3.12/site-packages/setuptools/_vendor/jaraco) by extensions ['ignore', 'ignore_ament_install']
[0.785s] Level 1:colcon.colcon_core.package_identification:_identify(venv/lib/python3.12/site-packages/setuptools/_vendor/jaraco) by extension 'ignore'
[0.786s] Level 1:colcon.colcon_core.package_identification:_identify(venv/lib/python3.12/site-packages/setuptools/_vendor/jaraco) by extension 'ignore_ament_install'
[0.786s] Level 1:colcon.colcon_core.package_identification:_identify(venv/lib/python3.12/site-packages/setuptools/_vendor/jaraco) by extensions ['colcon_pkg']
[0.786s] Level 1:colcon.colcon_core.package_identification:_identify(venv/lib/python3.12/site-packages/setuptools/_vendor/jaraco) by extension 'colcon_pkg'
[0.786s] Level 1:colcon.colcon_core.package_identification:_identify(venv/lib/python3.12/site-packages/setuptools/_vendor/jaraco) by extensions ['colcon_meta']
[0.786s] Level 1:colcon.colcon_core.package_identification:_identify(venv/lib/python3.12/site-packages/setuptools/_vendor/jaraco) by extension 'colcon_meta'
[0.786s] Level 1:colcon.colcon_core.package_identification:_identify(venv/lib/python3.12/site-packages/setuptools/_vendor/jaraco) by extensions ['ros']
[0.786s] Level 1:colcon.colcon_core.package_identification:_identify(venv/lib/python3.12/site-packages/setuptools/_vendor/jaraco) by extension 'ros'
[0.786s] Level 1:colcon.colcon_core.package_identification:_identify(venv/lib/python3.12/site-packages/setuptools/_vendor/jaraco) by extensions ['cmake', 'python']
[0.786s] Level 1:colcon.colcon_core.package_identification:_identify(venv/lib/python3.12/site-packages/setuptools/_vendor/jaraco) by extension 'cmake'
[0.786s] Level 1:colcon.colcon_core.package_identification:_identify(venv/lib/python3.12/site-packages/setuptools/_vendor/jaraco) by extension 'python'
[0.786s] Level 1:colcon.colcon_core.package_identification:_identify(venv/lib/python3.12/site-packages/setuptools/_vendor/jaraco) by extensions ['python_setup_py']
[0.786s] Level 1:colcon.colcon_core.package_identification:_identify(venv/lib/python3.12/site-packages/setuptools/_vendor/jaraco) by extension 'python_setup_py'
[0.786s] Level 1:colcon.colcon_core.package_identification:_identify(venv/lib/python3.12/site-packages/setuptools/_vendor/jaraco/context) by extensions ['ignore', 'ignore_ament_install']
[0.786s] Level 1:colcon.colcon_core.package_identification:_identify(venv/lib/python3.12/site-packages/setuptools/_vendor/jaraco/context) by extension 'ignore'
[0.786s] Level 1:colcon.colcon_core.package_identification:_identify(venv/lib/python3.12/site-packages/setuptools/_vendor/jaraco/context) by extension 'ignore_ament_install'
[0.786s] Level 1:colcon.colcon_core.package_identification:_identify(venv/lib/python3.12/site-packages/setuptools/_vendor/jaraco/context) by extensions ['colcon_pkg']
[0.787s] Level 1:colcon.colcon_core.package_identification:_identify(venv/lib/python3.12/site-packages/setuptools/_vendor/jaraco/context) by extension 'colcon_pkg'
[0.787s] Level 1:colcon.colcon_core.package_identification:_identify(venv/lib/python3.12/site-packages/setuptools/_vendor/jaraco/context) by extensions ['colcon_meta']
[0.787s] Level 1:colcon.colcon_core.package_identification:_identify(venv/lib/python3.12/site-packages/setuptools/_vendor/jaraco/context) by extension 'colcon_meta'
[0.787s] Level 1:colcon.colcon_core.package_identification:_identify(venv/lib/python3.12/site-packages/setuptools/_vendor/jaraco/context) by extensions ['ros']
[0.787s] Level 1:colcon.colcon_core.package_identification:_identify(venv/lib/python3.12/site-packages/setuptools/_vendor/jaraco/context) by extension 'ros'
[0.787s] Level 1:colcon.colcon_core.package_identification:_identify(venv/lib/python3.12/site-packages/setuptools/_vendor/jaraco/context) by extensions ['cmake', 'python']
[0.787s] Level 1:colcon.colcon_core.package_identification:_identify(venv/lib/python3.12/site-packages/setuptools/_vendor/jaraco/context) by extension 'cmake'
[0.787s] Level 1:colcon.colcon_core.package_identification:_identify(venv/lib/python3.12/site-packages/setuptools/_vendor/jaraco/context) by extension 'python'
[0.787s] Level 1:colcon.colcon_core.package_identification:_identify(venv/lib/python3.12/site-packages/setuptools/_vendor/jaraco/context) by extensions ['python_setup_py']
[0.787s] Level 1:colcon.colcon_core.package_identification:_identify(venv/lib/python3.12/site-packages/setuptools/_vendor/jaraco/context) by extension 'python_setup_py'
[0.787s] Level 1:colcon.colcon_core.package_identification:_identify(venv/lib/python3.12/site-packages/setuptools/_vendor/jaraco/context/__pycache__) by extensions ['ignore', 'ignore_ament_install']
[0.787s] Level 1:colcon.colcon_core.package_identification:_identify(venv/lib/python3.12/site-packages/setuptools/_vendor/jaraco/context/__pycache__) by extension 'ignore'
[0.787s] Level 1:colcon.colcon_core.package_identification:_identify(venv/lib/python3.12/site-packages/setuptools/_vendor/jaraco/context/__pycache__) by extension 'ignore_ament_install'
[0.787s] Level 1:colcon.colcon_core.package_identification:_identify(venv/lib/python3.12/site-packages/setuptools/_vendor/jaraco/context/__pycache__) by extensions ['colcon_pkg']
[0.787s] Level 1:colcon.colcon_core.package_identification:_identify(venv/lib/python3.12/site-packages/setuptools/_vendor/jaraco/context/__pycache__) by extension 'colcon_pkg'
[0.787s] Level 1:colcon.colcon_core.package_identification:_identify(venv/lib/python3.12/site-packages/setuptools/_vendor/jaraco/context/__pycache__) by extensions ['colcon_meta']
[0.787s] Level 1:colcon.colcon_core.package_identification:_identify(venv/lib/python3.12/site-packages/setuptools/_vendor/jaraco/context/__pycache__) by extension 'colcon_meta'
[0.788s] Level 1:colcon.colcon_core.package_identification:_identify(venv/lib/python3.12/site-packages/setuptools/_vendor/jaraco/context/__pycache__) by extensions ['ros']
[0.788s] Level 1:colcon.colcon_core.package_identification:_identify(venv/lib/python3.12/site-packages/setuptools/_vendor/jaraco/context/__pycache__) by extension 'ros'
[0.788s] Level 1:colcon.colcon_core.package_identification:_identify(venv/lib/python3.12/site-packages/setuptools/_vendor/jaraco/context/__pycache__) by extensions ['cmake', 'python']
[0.788s] Level 1:colcon.colcon_core.package_identification:_identify(venv/lib/python3.12/site-packages/setuptools/_vendor/jaraco/context/__pycache__) by extension 'cmake'
[0.788s] Level 1:colcon.colcon_core.package_identification:_identify(venv/lib/python3.12/site-packages/setuptools/_vendor/jaraco/context/__pycache__) by extension 'python'
[0.788s] Level 1:colcon.colcon_core.package_identification:_identify(venv/lib/python3.12/site-packages/setuptools/_vendor/jaraco/context/__pycache__) by extensions ['python_setup_py']
[0.788s] Level 1:colcon.colcon_core.package_identification:_identify(venv/lib/python3.12/site-packages/setuptools/_vendor/jaraco/context/__pycache__) by extension 'python_setup_py'
[0.788s] Level 1:colcon.colcon_core.package_identification:_identify(venv/lib/python3.12/site-packages/setuptools/_vendor/jaraco/functools) by extensions ['ignore', 'ignore_ament_install']
[0.788s] Level 1:colcon.colcon_core.package_identification:_identify(venv/lib/python3.12/site-packages/setuptools/_vendor/jaraco/functools) by extension 'ignore'
[0.788s] Level 1:colcon.colcon_core.package_identification:_identify(venv/lib/python3.12/site-packages/setuptools/_vendor/jaraco/functools) by extension 'ignore_ament_install'
[0.788s] Level 1:colcon.colcon_core.package_identification:_identify(venv/lib/python3.12/site-packages/setuptools/_vendor/jaraco/functools) by extensions ['colcon_pkg']
[0.788s] Level 1:colcon.colcon_core.package_identification:_identify(venv/lib/python3.12/site-packages/setuptools/_vendor/jaraco/functools) by extension 'colcon_pkg'
[0.788s] Level 1:colcon.colcon_core.package_identification:_identify(venv/lib/python3.12/site-packages/setuptools/_vendor/jaraco/functools) by extensions ['colcon_meta']
[0.788s] Level 1:colcon.colcon_core.package_identification:_identify(venv/lib/python3.12/site-packages/setuptools/_vendor/jaraco/functools) by extension 'colcon_meta'
[0.788s] Level 1:colcon.colcon_core.package_identification:_identify(venv/lib/python3.12/site-packages/setuptools/_vendor/jaraco/functools) by extensions ['ros']
[0.788s] Level 1:colcon.colcon_core.package_identification:_identify(venv/lib/python3.12/site-packages/setuptools/_vendor/jaraco/functools) by extension 'ros'
[0.789s] Level 1:colcon.colcon_core.package_identification:_identify(venv/lib/python3.12/site-packages/setuptools/_vendor/jaraco/functools) by extensions ['cmake', 'python']
[0.789s] Level 1:colcon.colcon_core.package_identification:_identify(venv/lib/python3.12/site-packages/setuptools/_vendor/jaraco/functools) by extension 'cmake'
[0.789s] Level 1:colcon.colcon_core.package_identification:_identify(venv/lib/python3.12/site-packages/setuptools/_vendor/jaraco/functools) by extension 'python'
[0.789s] Level 1:colcon.colcon_core.package_identification:_identify(venv/lib/python3.12/site-packages/setuptools/_vendor/jaraco/functools) by extensions ['python_setup_py']
[0.789s] Level 1:colcon.colcon_core.package_identification:_identify(venv/lib/python3.12/site-packages/setuptools/_vendor/jaraco/functools) by extension 'python_setup_py'
[0.789s] Level 1:colcon.colcon_core.package_identification:_identify(venv/lib/python3.12/site-packages/setuptools/_vendor/jaraco/functools/__pycache__) by extensions ['ignore', 'ignore_ament_install']
[0.789s] Level 1:colcon.colcon_core.package_identification:_identify(venv/lib/python3.12/site-packages/setuptools/_vendor/jaraco/functools/__pycache__) by extension 'ignore'
[0.789s] Level 1:colcon.colcon_core.package_identification:_identify(venv/lib/python3.12/site-packages/setuptools/_vendor/jaraco/functools/__pycache__) by extension 'ignore_ament_install'
[0.789s] Level 1:colcon.colcon_core.package_identification:_identify(venv/lib/python3.12/site-packages/setuptools/_vendor/jaraco/functools/__pycache__) by extensions ['colcon_pkg']
[0.789s] Level 1:colcon.colcon_core.package_identification:_identify(venv/lib/python3.12/site-packages/setuptools/_vendor/jaraco/functools/__pycache__) by extension 'colcon_pkg'
[0.789s] Level 1:colcon.colcon_core.package_identification:_identify(venv/lib/python3.12/site-packages/setuptools/_vendor/jaraco/functools/__pycache__) by extensions ['colcon_meta']
[0.790s] Level 1:colcon.colcon_core.package_identification:_identify(venv/lib/python3.12/site-packages/setuptools/_vendor/jaraco/functools/__pycache__) by extension 'colcon_meta'
[0.790s] Level 1:colcon.colcon_core.package_identification:_identify(venv/lib/python3.12/site-packages/setuptools/_vendor/jaraco/functools/__pycache__) by extensions ['ros']
[0.790s] Level 1:colcon.colcon_core.package_identification:_identify(venv/lib/python3.12/site-packages/setuptools/_vendor/jaraco/functools/__pycache__) by extension 'ros'
[0.790s] Level 1:colcon.colcon_core.package_identification:_identify(venv/lib/python3.12/site-packages/setuptools/_vendor/jaraco/functools/__pycache__) by extensions ['cmake', 'python']
[0.790s] Level 1:colcon.colcon_core.package_identification:_identify(venv/lib/python3.12/site-packages/setuptools/_vendor/jaraco/functools/__pycache__) by extension 'cmake'
[0.790s] Level 1:colcon.colcon_core.package_identification:_identify(venv/lib/python3.12/site-packages/setuptools/_vendor/jaraco/functools/__pycache__) by extension 'python'
[0.790s] Level 1:colcon.colcon_core.package_identification:_identify(venv/lib/python3.12/site-packages/setuptools/_vendor/jaraco/functools/__pycache__) by extensions ['python_setup_py']
[0.790s] Level 1:colcon.colcon_core.package_identification:_identify(venv/lib/python3.12/site-packages/setuptools/_vendor/jaraco/functools/__pycache__) by extension 'python_setup_py'
[0.790s] Level 1:colcon.colcon_core.package_identification:_identify(venv/lib/python3.12/site-packages/setuptools/_vendor/jaraco/text) by extensions ['ignore', 'ignore_ament_install']
[0.790s] Level 1:colcon.colcon_core.package_identification:_identify(venv/lib/python3.12/site-packages/setuptools/_vendor/jaraco/text) by extension 'ignore'
[0.790s] Level 1:colcon.colcon_core.package_identification:_identify(venv/lib/python3.12/site-packages/setuptools/_vendor/jaraco/text) by extension 'ignore_ament_install'
[0.791s] Level 1:colcon.colcon_core.package_identification:_identify(venv/lib/python3.12/site-packages/setuptools/_vendor/jaraco/text) by extensions ['colcon_pkg']
[0.791s] Level 1:colcon.colcon_core.package_identification:_identify(venv/lib/python3.12/site-packages/setuptools/_vendor/jaraco/text) by extension 'colcon_pkg'
[0.791s] Level 1:colcon.colcon_core.package_identification:_identify(venv/lib/python3.12/site-packages/setuptools/_vendor/jaraco/text) by extensions ['colcon_meta']
[0.791s] Level 1:colcon.colcon_core.package_identification:_identify(venv/lib/python3.12/site-packages/setuptools/_vendor/jaraco/text) by extension 'colcon_meta'
[0.791s] Level 1:colcon.colcon_core.package_identification:_identify(venv/lib/python3.12/site-packages/setuptools/_vendor/jaraco/text) by extensions ['ros']
[0.791s] Level 1:colcon.colcon_core.package_identification:_identify(venv/lib/python3.12/site-packages/setuptools/_vendor/jaraco/text) by extension 'ros'
[0.791s] Level 1:colcon.colcon_core.package_identification:_identify(venv/lib/python3.12/site-packages/setuptools/_vendor/jaraco/text) by extensions ['cmake', 'python']
[0.791s] Level 1:colcon.colcon_core.package_identification:_identify(venv/lib/python3.12/site-packages/setuptools/_vendor/jaraco/text) by extension 'cmake'
[0.791s] Level 1:colcon.colcon_core.package_identification:_identify(venv/lib/python3.12/site-packages/setuptools/_vendor/jaraco/text) by extension 'python'
[0.791s] Level 1:colcon.colcon_core.package_identification:_identify(venv/lib/python3.12/site-packages/setuptools/_vendor/jaraco/text) by extensions ['python_setup_py']
[0.791s] Level 1:colcon.colcon_core.package_identification:_identify(venv/lib/python3.12/site-packages/setuptools/_vendor/jaraco/text) by extension 'python_setup_py'
[0.791s] Level 1:colcon.colcon_core.package_identification:_identify(venv/lib/python3.12/site-packages/setuptools/_vendor/jaraco/text/__pycache__) by extensions ['ignore', 'ignore_ament_install']
[0.792s] Level 1:colcon.colcon_core.package_identification:_identify(venv/lib/python3.12/site-packages/setuptools/_vendor/jaraco/text/__pycache__) by extension 'ignore'
[0.792s] Level 1:colcon.colcon_core.package_identification:_identify(venv/lib/python3.12/site-packages/setuptools/_vendor/jaraco/text/__pycache__) by extension 'ignore_ament_install'
[0.792s] Level 1:colcon.colcon_core.package_identification:_identify(venv/lib/python3.12/site-packages/setuptools/_vendor/jaraco/text/__pycache__) by extensions ['colcon_pkg']
[0.792s] Level 1:colcon.colcon_core.package_identification:_identify(venv/lib/python3.12/site-packages/setuptools/_vendor/jaraco/text/__pycache__) by extension 'colcon_pkg'
[0.792s] Level 1:colcon.colcon_core.package_identification:_identify(venv/lib/python3.12/site-packages/setuptools/_vendor/jaraco/text/__pycache__) by extensions ['colcon_meta']
[0.792s] Level 1:colcon.colcon_core.package_identification:_identify(venv/lib/python3.12/site-packages/setuptools/_vendor/jaraco/text/__pycache__) by extension 'colcon_meta'
[0.792s] Level 1:colcon.colcon_core.package_identification:_identify(venv/lib/python3.12/site-packages/setuptools/_vendor/jaraco/text/__pycache__) by extensions ['ros']
[0.792s] Level 1:colcon.colcon_core.package_identification:_identify(venv/lib/python3.12/site-packages/setuptools/_vendor/jaraco/text/__pycache__) by extension 'ros'
[0.792s] Level 1:colcon.colcon_core.package_identification:_identify(venv/lib/python3.12/site-packages/setuptools/_vendor/jaraco/text/__pycache__) by extensions ['cmake', 'python']
[0.792s] Level 1:colcon.colcon_core.package_identification:_identify(venv/lib/python3.12/site-packages/setuptools/_vendor/jaraco/text/__pycache__) by extension 'cmake'
[0.792s] Level 1:colcon.colcon_core.package_identification:_identify(venv/lib/python3.12/site-packages/setuptools/_vendor/jaraco/text/__pycache__) by extension 'python'
[0.792s] Level 1:colcon.colcon_core.package_identification:_identify(venv/lib/python3.12/site-packages/setuptools/_vendor/jaraco/text/__pycache__) by extensions ['python_setup_py']
[0.792s] Level 1:colcon.colcon_core.package_identification:_identify(venv/lib/python3.12/site-packages/setuptools/_vendor/jaraco/text/__pycache__) by extension 'python_setup_py'
[0.792s] Level 1:colcon.colcon_core.package_identification:_identify(venv/lib/python3.12/site-packages/setuptools/_vendor/jaraco.text-4.0.0.dist-info) by extensions ['ignore', 'ignore_ament_install']
[0.793s] Level 1:colcon.colcon_core.package_identification:_identify(venv/lib/python3.12/site-packages/setuptools/_vendor/jaraco.text-4.0.0.dist-info) by extension 'ignore'
[0.793s] Level 1:colcon.colcon_core.package_identification:_identify(venv/lib/python3.12/site-packages/setuptools/_vendor/jaraco.text-4.0.0.dist-info) by extension 'ignore_ament_install'
[0.793s] Level 1:colcon.colcon_core.package_identification:_identify(venv/lib/python3.12/site-packages/setuptools/_vendor/jaraco.text-4.0.0.dist-info) by extensions ['colcon_pkg']
[0.793s] Level 1:colcon.colcon_core.package_identification:_identify(venv/lib/python3.12/site-packages/setuptools/_vendor/jaraco.text-4.0.0.dist-info) by extension 'colcon_pkg'
[0.793s] Level 1:colcon.colcon_core.package_identification:_identify(venv/lib/python3.12/site-packages/setuptools/_vendor/jaraco.text-4.0.0.dist-info) by extensions ['colcon_meta']
[0.793s] Level 1:colcon.colcon_core.package_identification:_identify(venv/lib/python3.12/site-packages/setuptools/_vendor/jaraco.text-4.0.0.dist-info) by extension 'colcon_meta'
[0.793s] Level 1:colcon.colcon_core.package_identification:_identify(venv/lib/python3.12/site-packages/setuptools/_vendor/jaraco.text-4.0.0.dist-info) by extensions ['ros']
[0.793s] Level 1:colcon.colcon_core.package_identification:_identify(venv/lib/python3.12/site-packages/setuptools/_vendor/jaraco.text-4.0.0.dist-info) by extension 'ros'
[0.793s] Level 1:colcon.colcon_core.package_identification:_identify(venv/lib/python3.12/site-packages/setuptools/_vendor/jaraco.text-4.0.0.dist-info) by extensions ['cmake', 'python']
[0.793s] Level 1:colcon.colcon_core.package_identification:_identify(venv/lib/python3.12/site-packages/setuptools/_vendor/jaraco.text-4.0.0.dist-info) by extension 'cmake'
[0.793s] Level 1:colcon.colcon_core.package_identification:_identify(venv/lib/python3.12/site-packages/setuptools/_vendor/jaraco.text-4.0.0.dist-info) by extension 'python'
[0.793s] Level 1:colcon.colcon_core.package_identification:_identify(venv/lib/python3.12/site-packages/setuptools/_vendor/jaraco.text-4.0.0.dist-info) by extensions ['python_setup_py']
[0.793s] Level 1:colcon.colcon_core.package_identification:_identify(venv/lib/python3.12/site-packages/setuptools/_vendor/jaraco.text-4.0.0.dist-info) by extension 'python_setup_py'
[0.793s] Level 1:colcon.colcon_core.package_identification:_identify(venv/lib/python3.12/site-packages/setuptools/_vendor/jaraco_context-6.1.0.dist-info) by extensions ['ignore', 'ignore_ament_install']
[0.793s] Level 1:colcon.colcon_core.package_identification:_identify(venv/lib/python3.12/site-packages/setuptools/_vendor/jaraco_context-6.1.0.dist-info) by extension 'ignore'
[0.793s] Level 1:colcon.colcon_core.package_identification:_identify(venv/lib/python3.12/site-packages/setuptools/_vendor/jaraco_context-6.1.0.dist-info) by extension 'ignore_ament_install'
[0.794s] Level 1:colcon.colcon_core.package_identification:_identify(venv/lib/python3.12/site-packages/setuptools/_vendor/jaraco_context-6.1.0.dist-info) by extensions ['colcon_pkg']
[0.794s] Level 1:colcon.colcon_core.package_identification:_identify(venv/lib/python3.12/site-packages/setuptools/_vendor/jaraco_context-6.1.0.dist-info) by extension 'colcon_pkg'
[0.794s] Level 1:colcon.colcon_core.package_identification:_identify(venv/lib/python3.12/site-packages/setuptools/_vendor/jaraco_context-6.1.0.dist-info) by extensions ['colcon_meta']
[0.794s] Level 1:colcon.colcon_core.package_identification:_identify(venv/lib/python3.12/site-packages/setuptools/_vendor/jaraco_context-6.1.0.dist-info) by extension 'colcon_meta'
[0.794s] Level 1:colcon.colcon_core.package_identification:_identify(venv/lib/python3.12/site-packages/setuptools/_vendor/jaraco_context-6.1.0.dist-info) by extensions ['ros']
[0.794s] Level 1:colcon.colcon_core.package_identification:_identify(venv/lib/python3.12/site-packages/setuptools/_vendor/jaraco_context-6.1.0.dist-info) by extension 'ros'
[0.794s] Level 1:colcon.colcon_core.package_identification:_identify(venv/lib/python3.12/site-packages/setuptools/_vendor/jaraco_context-6.1.0.dist-info) by extensions ['cmake', 'python']
[0.794s] Level 1:colcon.colcon_core.package_identification:_identify(venv/lib/python3.12/site-packages/setuptools/_vendor/jaraco_context-6.1.0.dist-info) by extension 'cmake'
[0.794s] Level 1:colcon.colcon_core.package_identification:_identify(venv/lib/python3.12/site-packages/setuptools/_vendor/jaraco_context-6.1.0.dist-info) by extension 'python'
[0.794s] Level 1:colcon.colcon_core.package_identification:_identify(venv/lib/python3.12/site-packages/setuptools/_vendor/jaraco_context-6.1.0.dist-info) by extensions ['python_setup_py']
[0.794s] Level 1:colcon.colcon_core.package_identification:_identify(venv/lib/python3.12/site-packages/setuptools/_vendor/jaraco_context-6.1.0.dist-info) by extension 'python_setup_py'
[0.794s] Level 1:colcon.colcon_core.package_identification:_identify(venv/lib/python3.12/site-packages/setuptools/_vendor/jaraco_context-6.1.0.dist-info/licenses) by extensions ['ignore', 'ignore_ament_install']
[0.794s] Level 1:colcon.colcon_core.package_identification:_identify(venv/lib/python3.12/site-packages/setuptools/_vendor/jaraco_context-6.1.0.dist-info/licenses) by extension 'ignore'
[0.794s] Level 1:colcon.colcon_core.package_identification:_identify(venv/lib/python3.12/site-packages/setuptools/_vendor/jaraco_context-6.1.0.dist-info/licenses) by extension 'ignore_ament_install'
[0.794s] Level 1:colcon.colcon_core.package_identification:_identify(venv/lib/python3.12/site-packages/setuptools/_vendor/jaraco_context-6.1.0.dist-info/licenses) by extensions ['colcon_pkg']
[0.794s] Level 1:colcon.colcon_core.package_identification:_identify(venv/lib/python3.12/site-packages/setuptools/_vendor/jaraco_context-6.1.0.dist-info/licenses) by extension 'colcon_pkg'
[0.795s] Level 1:colcon.colcon_core.package_identification:_identify(venv/lib/python3.12/site-packages/setuptools/_vendor/jaraco_context-6.1.0.dist-info/licenses) by extensions ['colcon_meta']
[0.795s] Level 1:colcon.colcon_core.package_identification:_identify(venv/lib/python3.12/site-packages/setuptools/_vendor/jaraco_context-6.1.0.dist-info/licenses) by extension 'colcon_meta'
[0.795s] Level 1:colcon.colcon_core.package_identification:_identify(venv/lib/python3.12/site-packages/setuptools/_vendor/jaraco_context-6.1.0.dist-info/licenses) by extensions ['ros']
[0.795s] Level 1:colcon.colcon_core.package_identification:_identify(venv/lib/python3.12/site-packages/setuptools/_vendor/jaraco_context-6.1.0.dist-info/licenses) by extension 'ros'
[0.795s] Level 1:colcon.colcon_core.package_identification:_identify(venv/lib/python3.12/site-packages/setuptools/_vendor/jaraco_context-6.1.0.dist-info/licenses) by extensions ['cmake', 'python']
[0.795s] Level 1:colcon.colcon_core.package_identification:_identify(venv/lib/python3.12/site-packages/setuptools/_vendor/jaraco_context-6.1.0.dist-info/licenses) by extension 'cmake'
[0.795s] Level 1:colcon.colcon_core.package_identification:_identify(venv/lib/python3.12/site-packages/setuptools/_vendor/jaraco_context-6.1.0.dist-info/licenses) by extension 'python'
[0.795s] Level 1:colcon.colcon_core.package_identification:_identify(venv/lib/python3.12/site-packages/setuptools/_vendor/jaraco_context-6.1.0.dist-info/licenses) by extensions ['python_setup_py']
[0.795s] Level 1:colcon.colcon_core.package_identification:_identify(venv/lib/python3.12/site-packages/setuptools/_vendor/jaraco_context-6.1.0.dist-info/licenses) by extension 'python_setup_py'
[0.795s] Level 1:colcon.colcon_core.package_identification:_identify(venv/lib/python3.12/site-packages/setuptools/_vendor/jaraco_functools-4.4.0.dist-info) by extensions ['ignore', 'ignore_ament_install']
[0.795s] Level 1:colcon.colcon_core.package_identification:_identify(venv/lib/python3.12/site-packages/setuptools/_vendor/jaraco_functools-4.4.0.dist-info) by extension 'ignore'
[0.795s] Level 1:colcon.colcon_core.package_identification:_identify(venv/lib/python3.12/site-packages/setuptools/_vendor/jaraco_functools-4.4.0.dist-info) by extension 'ignore_ament_install'
[0.795s] Level 1:colcon.colcon_core.package_identification:_identify(venv/lib/python3.12/site-packages/setuptools/_vendor/jaraco_functools-4.4.0.dist-info) by extensions ['colcon_pkg']
[0.795s] Level 1:colcon.colcon_core.package_identification:_identify(venv/lib/python3.12/site-packages/setuptools/_vendor/jaraco_functools-4.4.0.dist-info) by extension 'colcon_pkg'
[0.795s] Level 1:colcon.colcon_core.package_identification:_identify(venv/lib/python3.12/site-packages/setuptools/_vendor/jaraco_functools-4.4.0.dist-info) by extensions ['colcon_meta']
[0.795s] Level 1:colcon.colcon_core.package_identification:_identify(venv/lib/python3.12/site-packages/setuptools/_vendor/jaraco_functools-4.4.0.dist-info) by extension 'colcon_meta'
[0.795s] Level 1:colcon.colcon_core.package_identification:_identify(venv/lib/python3.12/site-packages/setuptools/_vendor/jaraco_functools-4.4.0.dist-info) by extensions ['ros']
[0.795s] Level 1:colcon.colcon_core.package_identification:_identify(venv/lib/python3.12/site-packages/setuptools/_vendor/jaraco_functools-4.4.0.dist-info) by extension 'ros'
[0.796s] Level 1:colcon.colcon_core.package_identification:_identify(venv/lib/python3.12/site-packages/setuptools/_vendor/jaraco_functools-4.4.0.dist-info) by extensions ['cmake', 'python']
[0.796s] Level 1:colcon.colcon_core.package_identification:_identify(venv/lib/python3.12/site-packages/setuptools/_vendor/jaraco_functools-4.4.0.dist-info) by extension 'cmake'
[0.796s] Level 1:colcon.colcon_core.package_identification:_identify(venv/lib/python3.12/site-packages/setuptools/_vendor/jaraco_functools-4.4.0.dist-info) by extension 'python'
[0.796s] Level 1:colcon.colcon_core.package_identification:_identify(venv/lib/python3.12/site-packages/setuptools/_vendor/jaraco_functools-4.4.0.dist-info) by extensions ['python_setup_py']
[0.796s] Level 1:colcon.colcon_core.package_identification:_identify(venv/lib/python3.12/site-packages/setuptools/_vendor/jaraco_functools-4.4.0.dist-info) by extension 'python_setup_py'
[0.796s] Level 1:colcon.colcon_core.package_identification:_identify(venv/lib/python3.12/site-packages/setuptools/_vendor/jaraco_functools-4.4.0.dist-info/licenses) by extensions ['ignore', 'ignore_ament_install']
[0.796s] Level 1:colcon.colcon_core.package_identification:_identify(venv/lib/python3.12/site-packages/setuptools/_vendor/jaraco_functools-4.4.0.dist-info/licenses) by extension 'ignore'
[0.796s] Level 1:colcon.colcon_core.package_identification:_identify(venv/lib/python3.12/site-packages/setuptools/_vendor/jaraco_functools-4.4.0.dist-info/licenses) by extension 'ignore_ament_install'
[0.796s] Level 1:colcon.colcon_core.package_identification:_identify(venv/lib/python3.12/site-packages/setuptools/_vendor/jaraco_functools-4.4.0.dist-info/licenses) by extensions ['colcon_pkg']
[0.796s] Level 1:colcon.colcon_core.package_identification:_identify(venv/lib/python3.12/site-packages/setuptools/_vendor/jaraco_functools-4.4.0.dist-info/licenses) by extension 'colcon_pkg'
[0.796s] Level 1:colcon.colcon_core.package_identification:_identify(venv/lib/python3.12/site-packages/setuptools/_vendor/jaraco_functools-4.4.0.dist-info/licenses) by extensions ['colcon_meta']
[0.796s] Level 1:colcon.colcon_core.package_identification:_identify(venv/lib/python3.12/site-packages/setuptools/_vendor/jaraco_functools-4.4.0.dist-info/licenses) by extension 'colcon_meta'
[0.796s] Level 1:colcon.colcon_core.package_identification:_identify(venv/lib/python3.12/site-packages/setuptools/_vendor/jaraco_functools-4.4.0.dist-info/licenses) by extensions ['ros']
[0.796s] Level 1:colcon.colcon_core.package_identification:_identify(venv/lib/python3.12/site-packages/setuptools/_vendor/jaraco_functools-4.4.0.dist-info/licenses) by extension 'ros'
[0.796s] Level 1:colcon.colcon_core.package_identification:_identify(venv/lib/python3.12/site-packages/setuptools/_vendor/jaraco_functools-4.4.0.dist-info/licenses) by extensions ['cmake', 'python']
[0.796s] Level 1:colcon.colcon_core.package_identification:_identify(venv/lib/python3.12/site-packages/setuptools/_vendor/jaraco_functools-4.4.0.dist-info/licenses) by extension 'cmake'
[0.797s] Level 1:colcon.colcon_core.package_identification:_identify(venv/lib/python3.12/site-packages/setuptools/_vendor/jaraco_functools-4.4.0.dist-info/licenses) by extension 'python'
[0.797s] Level 1:colcon.colcon_core.package_identification:_identify(venv/lib/python3.12/site-packages/setuptools/_vendor/jaraco_functools-4.4.0.dist-info/licenses) by extensions ['python_setup_py']
[0.797s] Level 1:colcon.colcon_core.package_identification:_identify(venv/lib/python3.12/site-packages/setuptools/_vendor/jaraco_functools-4.4.0.dist-info/licenses) by extension 'python_setup_py'
[0.797s] Level 1:colcon.colcon_core.package_identification:_identify(venv/lib/python3.12/site-packages/setuptools/_vendor/more_itertools) by extensions ['ignore', 'ignore_ament_install']
[0.797s] Level 1:colcon.colcon_core.package_identification:_identify(venv/lib/python3.12/site-packages/setuptools/_vendor/more_itertools) by extension 'ignore'
[0.797s] Level 1:colcon.colcon_core.package_identification:_identify(venv/lib/python3.12/site-packages/setuptools/_vendor/more_itertools) by extension 'ignore_ament_install'
[0.797s] Level 1:colcon.colcon_core.package_identification:_identify(venv/lib/python3.12/site-packages/setuptools/_vendor/more_itertools) by extensions ['colcon_pkg']
[0.797s] Level 1:colcon.colcon_core.package_identification:_identify(venv/lib/python3.12/site-packages/setuptools/_vendor/more_itertools) by extension 'colcon_pkg'
[0.797s] Level 1:colcon.colcon_core.package_identification:_identify(venv/lib/python3.12/site-packages/setuptools/_vendor/more_itertools) by extensions ['colcon_meta']
[0.797s] Level 1:colcon.colcon_core.package_identification:_identify(venv/lib/python3.12/site-packages/setuptools/_vendor/more_itertools) by extension 'colcon_meta'
[0.797s] Level 1:colcon.colcon_core.package_identification:_identify(venv/lib/python3.12/site-packages/setuptools/_vendor/more_itertools) by extensions ['ros']
[0.797s] Level 1:colcon.colcon_core.package_identification:_identify(venv/lib/python3.12/site-packages/setuptools/_vendor/more_itertools) by extension 'ros'
[0.797s] Level 1:colcon.colcon_core.package_identification:_identify(venv/lib/python3.12/site-packages/setuptools/_vendor/more_itertools) by extensions ['cmake', 'python']
[0.797s] Level 1:colcon.colcon_core.package_identification:_identify(venv/lib/python3.12/site-packages/setuptools/_vendor/more_itertools) by extension 'cmake'
[0.797s] Level 1:colcon.colcon_core.package_identification:_identify(venv/lib/python3.12/site-packages/setuptools/_vendor/more_itertools) by extension 'python'
[0.797s] Level 1:colcon.colcon_core.package_identification:_identify(venv/lib/python3.12/site-packages/setuptools/_vendor/more_itertools) by extensions ['python_setup_py']
[0.797s] Level 1:colcon.colcon_core.package_identification:_identify(venv/lib/python3.12/site-packages/setuptools/_vendor/more_itertools) by extension 'python_setup_py'
[0.798s] Level 1:colcon.colcon_core.package_identification:_identify(venv/lib/python3.12/site-packages/setuptools/_vendor/more_itertools/__pycache__) by extensions ['ignore', 'ignore_ament_install']
[0.798s] Level 1:colcon.colcon_core.package_identification:_identify(venv/lib/python3.12/site-packages/setuptools/_vendor/more_itertools/__pycache__) by extension 'ignore'
[0.798s] Level 1:colcon.colcon_core.package_identification:_identify(venv/lib/python3.12/site-packages/setuptools/_vendor/more_itertools/__pycache__) by extension 'ignore_ament_install'
[0.798s] Level 1:colcon.colcon_core.package_identification:_identify(venv/lib/python3.12/site-packages/setuptools/_vendor/more_itertools/__pycache__) by extensions ['colcon_pkg']
[0.798s] Level 1:colcon.colcon_core.package_identification:_identify(venv/lib/python3.12/site-packages/setuptools/_vendor/more_itertools/__pycache__) by extension 'colcon_pkg'
[0.798s] Level 1:colcon.colcon_core.package_identification:_identify(venv/lib/python3.12/site-packages/setuptools/_vendor/more_itertools/__pycache__) by extensions ['colcon_meta']
[0.798s] Level 1:colcon.colcon_core.package_identification:_identify(venv/lib/python3.12/site-packages/setuptools/_vendor/more_itertools/__pycache__) by extension 'colcon_meta'
[0.798s] Level 1:colcon.colcon_core.package_identification:_identify(venv/lib/python3.12/site-packages/setuptools/_vendor/more_itertools/__pycache__) by extensions ['ros']
[0.798s] Level 1:colcon.colcon_core.package_identification:_identify(venv/lib/python3.12/site-packages/setuptools/_vendor/more_itertools/__pycache__) by extension 'ros'
[0.798s] Level 1:colcon.colcon_core.package_identification:_identify(venv/lib/python3.12/site-packages/setuptools/_vendor/more_itertools/__pycache__) by extensions ['cmake', 'python']
[0.798s] Level 1:colcon.colcon_core.package_identification:_identify(venv/lib/python3.12/site-packages/setuptools/_vendor/more_itertools/__pycache__) by extension 'cmake'
[0.798s] Level 1:colcon.colcon_core.package_identification:_identify(venv/lib/python3.12/site-packages/setuptools/_vendor/more_itertools/__pycache__) by extension 'python'
[0.798s] Level 1:colcon.colcon_core.package_identification:_identify(venv/lib/python3.12/site-packages/setuptools/_vendor/more_itertools/__pycache__) by extensions ['python_setup_py']
[0.798s] Level 1:colcon.colcon_core.package_identification:_identify(venv/lib/python3.12/site-packages/setuptools/_vendor/more_itertools/__pycache__) by extension 'python_setup_py'
[0.798s] Level 1:colcon.colcon_core.package_identification:_identify(venv/lib/python3.12/site-packages/setuptools/_vendor/more_itertools-10.8.0.dist-info) by extensions ['ignore', 'ignore_ament_install']
[0.798s] Level 1:colcon.colcon_core.package_identification:_identify(venv/lib/python3.12/site-packages/setuptools/_vendor/more_itertools-10.8.0.dist-info) by extension 'ignore'
[0.799s] Level 1:colcon.colcon_core.package_identification:_identify(venv/lib/python3.12/site-packages/setuptools/_vendor/more_itertools-10.8.0.dist-info) by extension 'ignore_ament_install'
[0.799s] Level 1:colcon.colcon_core.package_identification:_identify(venv/lib/python3.12/site-packages/setuptools/_vendor/more_itertools-10.8.0.dist-info) by extensions ['colcon_pkg']
[0.799s] Level 1:colcon.colcon_core.package_identification:_identify(venv/lib/python3.12/site-packages/setuptools/_vendor/more_itertools-10.8.0.dist-info) by extension 'colcon_pkg'
[0.799s] Level 1:colcon.colcon_core.package_identification:_identify(venv/lib/python3.12/site-packages/setuptools/_vendor/more_itertools-10.8.0.dist-info) by extensions ['colcon_meta']
[0.799s] Level 1:colcon.colcon_core.package_identification:_identify(venv/lib/python3.12/site-packages/setuptools/_vendor/more_itertools-10.8.0.dist-info) by extension 'colcon_meta'
[0.799s] Level 1:colcon.colcon_core.package_identification:_identify(venv/lib/python3.12/site-packages/setuptools/_vendor/more_itertools-10.8.0.dist-info) by extensions ['ros']
[0.799s] Level 1:colcon.colcon_core.package_identification:_identify(venv/lib/python3.12/site-packages/setuptools/_vendor/more_itertools-10.8.0.dist-info) by extension 'ros'
[0.799s] Level 1:colcon.colcon_core.package_identification:_identify(venv/lib/python3.12/site-packages/setuptools/_vendor/more_itertools-10.8.0.dist-info) by extensions ['cmake', 'python']
[0.799s] Level 1:colcon.colcon_core.package_identification:_identify(venv/lib/python3.12/site-packages/setuptools/_vendor/more_itertools-10.8.0.dist-info) by extension 'cmake'
[0.799s] Level 1:colcon.colcon_core.package_identification:_identify(venv/lib/python3.12/site-packages/setuptools/_vendor/more_itertools-10.8.0.dist-info) by extension 'python'
[0.799s] Level 1:colcon.colcon_core.package_identification:_identify(venv/lib/python3.12/site-packages/setuptools/_vendor/more_itertools-10.8.0.dist-info) by extensions ['python_setup_py']
[0.799s] Level 1:colcon.colcon_core.package_identification:_identify(venv/lib/python3.12/site-packages/setuptools/_vendor/more_itertools-10.8.0.dist-info) by extension 'python_setup_py'
[0.799s] Level 1:colcon.colcon_core.package_identification:_identify(venv/lib/python3.12/site-packages/setuptools/_vendor/more_itertools-10.8.0.dist-info/licenses) by extensions ['ignore', 'ignore_ament_install']
[0.799s] Level 1:colcon.colcon_core.package_identification:_identify(venv/lib/python3.12/site-packages/setuptools/_vendor/more_itertools-10.8.0.dist-info/licenses) by extension 'ignore'
[0.799s] Level 1:colcon.colcon_core.package_identification:_identify(venv/lib/python3.12/site-packages/setuptools/_vendor/more_itertools-10.8.0.dist-info/licenses) by extension 'ignore_ament_install'
[0.799s] Level 1:colcon.colcon_core.package_identification:_identify(venv/lib/python3.12/site-packages/setuptools/_vendor/more_itertools-10.8.0.dist-info/licenses) by extensions ['colcon_pkg']
[0.800s] Level 1:colcon.colcon_core.package_identification:_identify(venv/lib/python3.12/site-packages/setuptools/_vendor/more_itertools-10.8.0.dist-info/licenses) by extension 'colcon_pkg'
[0.800s] Level 1:colcon.colcon_core.package_identification:_identify(venv/lib/python3.12/site-packages/setuptools/_vendor/more_itertools-10.8.0.dist-info/licenses) by extensions ['colcon_meta']
[0.800s] Level 1:colcon.colcon_core.package_identification:_identify(venv/lib/python3.12/site-packages/setuptools/_vendor/more_itertools-10.8.0.dist-info/licenses) by extension 'colcon_meta'
[0.800s] Level 1:colcon.colcon_core.package_identification:_identify(venv/lib/python3.12/site-packages/setuptools/_vendor/more_itertools-10.8.0.dist-info/licenses) by extensions ['ros']
[0.800s] Level 1:colcon.colcon_core.package_identification:_identify(venv/lib/python3.12/site-packages/setuptools/_vendor/more_itertools-10.8.0.dist-info/licenses) by extension 'ros'
[0.800s] Level 1:colcon.colcon_core.package_identification:_identify(venv/lib/python3.12/site-packages/setuptools/_vendor/more_itertools-10.8.0.dist-info/licenses) by extensions ['cmake', 'python']
[0.800s] Level 1:colcon.colcon_core.package_identification:_identify(venv/lib/python3.12/site-packages/setuptools/_vendor/more_itertools-10.8.0.dist-info/licenses) by extension 'cmake'
[0.800s] Level 1:colcon.colcon_core.package_identification:_identify(venv/lib/python3.12/site-packages/setuptools/_vendor/more_itertools-10.8.0.dist-info/licenses) by extension 'python'
[0.800s] Level 1:colcon.colcon_core.package_identification:_identify(venv/lib/python3.12/site-packages/setuptools/_vendor/more_itertools-10.8.0.dist-info/licenses) by extensions ['python_setup_py']
[0.800s] Level 1:colcon.colcon_core.package_identification:_identify(venv/lib/python3.12/site-packages/setuptools/_vendor/more_itertools-10.8.0.dist-info/licenses) by extension 'python_setup_py'
[0.800s] Level 1:colcon.colcon_core.package_identification:_identify(venv/lib/python3.12/site-packages/setuptools/_vendor/packaging) by extensions ['ignore', 'ignore_ament_install']
[0.800s] Level 1:colcon.colcon_core.package_identification:_identify(venv/lib/python3.12/site-packages/setuptools/_vendor/packaging) by extension 'ignore'
[0.800s] Level 1:colcon.colcon_core.package_identification:_identify(venv/lib/python3.12/site-packages/setuptools/_vendor/packaging) by extension 'ignore_ament_install'
[0.800s] Level 1:colcon.colcon_core.package_identification:_identify(venv/lib/python3.12/site-packages/setuptools/_vendor/packaging) by extensions ['colcon_pkg']
[0.800s] Level 1:colcon.colcon_core.package_identification:_identify(venv/lib/python3.12/site-packages/setuptools/_vendor/packaging) by extension 'colcon_pkg'
[0.800s] Level 1:colcon.colcon_core.package_identification:_identify(venv/lib/python3.12/site-packages/setuptools/_vendor/packaging) by extensions ['colcon_meta']
[0.800s] Level 1:colcon.colcon_core.package_identification:_identify(venv/lib/python3.12/site-packages/setuptools/_vendor/packaging) by extension 'colcon_meta'
[0.801s] Level 1:colcon.colcon_core.package_identification:_identify(venv/lib/python3.12/site-packages/setuptools/_vendor/packaging) by extensions ['ros']
[0.801s] Level 1:colcon.colcon_core.package_identification:_identify(venv/lib/python3.12/site-packages/setuptools/_vendor/packaging) by extension 'ros'
[0.801s] Level 1:colcon.colcon_core.package_identification:_identify(venv/lib/python3.12/site-packages/setuptools/_vendor/packaging) by extensions ['cmake', 'python']
[0.801s] Level 1:colcon.colcon_core.package_identification:_identify(venv/lib/python3.12/site-packages/setuptools/_vendor/packaging) by extension 'cmake'
[0.801s] Level 1:colcon.colcon_core.package_identification:_identify(venv/lib/python3.12/site-packages/setuptools/_vendor/packaging) by extension 'python'
[0.801s] Level 1:colcon.colcon_core.package_identification:_identify(venv/lib/python3.12/site-packages/setuptools/_vendor/packaging) by extensions ['python_setup_py']
[0.801s] Level 1:colcon.colcon_core.package_identification:_identify(venv/lib/python3.12/site-packages/setuptools/_vendor/packaging) by extension 'python_setup_py'
[0.801s] Level 1:colcon.colcon_core.package_identification:_identify(venv/lib/python3.12/site-packages/setuptools/_vendor/packaging/__pycache__) by extensions ['ignore', 'ignore_ament_install']
[0.801s] Level 1:colcon.colcon_core.package_identification:_identify(venv/lib/python3.12/site-packages/setuptools/_vendor/packaging/__pycache__) by extension 'ignore'
[0.801s] Level 1:colcon.colcon_core.package_identification:_identify(venv/lib/python3.12/site-packages/setuptools/_vendor/packaging/__pycache__) by extension 'ignore_ament_install'
[0.801s] Level 1:colcon.colcon_core.package_identification:_identify(venv/lib/python3.12/site-packages/setuptools/_vendor/packaging/__pycache__) by extensions ['colcon_pkg']
[0.801s] Level 1:colcon.colcon_core.package_identification:_identify(venv/lib/python3.12/site-packages/setuptools/_vendor/packaging/__pycache__) by extension 'colcon_pkg'
[0.801s] Level 1:colcon.colcon_core.package_identification:_identify(venv/lib/python3.12/site-packages/setuptools/_vendor/packaging/__pycache__) by extensions ['colcon_meta']
[0.801s] Level 1:colcon.colcon_core.package_identification:_identify(venv/lib/python3.12/site-packages/setuptools/_vendor/packaging/__pycache__) by extension 'colcon_meta'
[0.801s] Level 1:colcon.colcon_core.package_identification:_identify(venv/lib/python3.12/site-packages/setuptools/_vendor/packaging/__pycache__) by extensions ['ros']
[0.801s] Level 1:colcon.colcon_core.package_identification:_identify(venv/lib/python3.12/site-packages/setuptools/_vendor/packaging/__pycache__) by extension 'ros'
[0.802s] Level 1:colcon.colcon_core.package_identification:_identify(venv/lib/python3.12/site-packages/setuptools/_vendor/packaging/__pycache__) by extensions ['cmake', 'python']
[0.802s] Level 1:colcon.colcon_core.package_identification:_identify(venv/lib/python3.12/site-packages/setuptools/_vendor/packaging/__pycache__) by extension 'cmake'
[0.802s] Level 1:colcon.colcon_core.package_identification:_identify(venv/lib/python3.12/site-packages/setuptools/_vendor/packaging/__pycache__) by extension 'python'
[0.802s] Level 1:colcon.colcon_core.package_identification:_identify(venv/lib/python3.12/site-packages/setuptools/_vendor/packaging/__pycache__) by extensions ['python_setup_py']
[0.802s] Level 1:colcon.colcon_core.package_identification:_identify(venv/lib/python3.12/site-packages/setuptools/_vendor/packaging/__pycache__) by extension 'python_setup_py'
[0.802s] Level 1:colcon.colcon_core.package_identification:_identify(venv/lib/python3.12/site-packages/setuptools/_vendor/packaging/licenses) by extensions ['ignore', 'ignore_ament_install']
[0.802s] Level 1:colcon.colcon_core.package_identification:_identify(venv/lib/python3.12/site-packages/setuptools/_vendor/packaging/licenses) by extension 'ignore'
[0.802s] Level 1:colcon.colcon_core.package_identification:_identify(venv/lib/python3.12/site-packages/setuptools/_vendor/packaging/licenses) by extension 'ignore_ament_install'
[0.802s] Level 1:colcon.colcon_core.package_identification:_identify(venv/lib/python3.12/site-packages/setuptools/_vendor/packaging/licenses) by extensions ['colcon_pkg']
[0.802s] Level 1:colcon.colcon_core.package_identification:_identify(venv/lib/python3.12/site-packages/setuptools/_vendor/packaging/licenses) by extension 'colcon_pkg'
[0.802s] Level 1:colcon.colcon_core.package_identification:_identify(venv/lib/python3.12/site-packages/setuptools/_vendor/packaging/licenses) by extensions ['colcon_meta']
[0.802s] Level 1:colcon.colcon_core.package_identification:_identify(venv/lib/python3.12/site-packages/setuptools/_vendor/packaging/licenses) by extension 'colcon_meta'
[0.802s] Level 1:colcon.colcon_core.package_identification:_identify(venv/lib/python3.12/site-packages/setuptools/_vendor/packaging/licenses) by extensions ['ros']
[0.802s] Level 1:colcon.colcon_core.package_identification:_identify(venv/lib/python3.12/site-packages/setuptools/_vendor/packaging/licenses) by extension 'ros'
[0.802s] Level 1:colcon.colcon_core.package_identification:_identify(venv/lib/python3.12/site-packages/setuptools/_vendor/packaging/licenses) by extensions ['cmake', 'python']
[0.802s] Level 1:colcon.colcon_core.package_identification:_identify(venv/lib/python3.12/site-packages/setuptools/_vendor/packaging/licenses) by extension 'cmake'
[0.802s] Level 1:colcon.colcon_core.package_identification:_identify(venv/lib/python3.12/site-packages/setuptools/_vendor/packaging/licenses) by extension 'python'
[0.803s] Level 1:colcon.colcon_core.package_identification:_identify(venv/lib/python3.12/site-packages/setuptools/_vendor/packaging/licenses) by extensions ['python_setup_py']
[0.803s] Level 1:colcon.colcon_core.package_identification:_identify(venv/lib/python3.12/site-packages/setuptools/_vendor/packaging/licenses) by extension 'python_setup_py'
[0.803s] Level 1:colcon.colcon_core.package_identification:_identify(venv/lib/python3.12/site-packages/setuptools/_vendor/packaging/licenses/__pycache__) by extensions ['ignore', 'ignore_ament_install']
[0.803s] Level 1:colcon.colcon_core.package_identification:_identify(venv/lib/python3.12/site-packages/setuptools/_vendor/packaging/licenses/__pycache__) by extension 'ignore'
[0.803s] Level 1:colcon.colcon_core.package_identification:_identify(venv/lib/python3.12/site-packages/setuptools/_vendor/packaging/licenses/__pycache__) by extension 'ignore_ament_install'
[0.803s] Level 1:colcon.colcon_core.package_identification:_identify(venv/lib/python3.12/site-packages/setuptools/_vendor/packaging/licenses/__pycache__) by extensions ['colcon_pkg']
[0.803s] Level 1:colcon.colcon_core.package_identification:_identify(venv/lib/python3.12/site-packages/setuptools/_vendor/packaging/licenses/__pycache__) by extension 'colcon_pkg'
[0.803s] Level 1:colcon.colcon_core.package_identification:_identify(venv/lib/python3.12/site-packages/setuptools/_vendor/packaging/licenses/__pycache__) by extensions ['colcon_meta']
[0.803s] Level 1:colcon.colcon_core.package_identification:_identify(venv/lib/python3.12/site-packages/setuptools/_vendor/packaging/licenses/__pycache__) by extension 'colcon_meta'
[0.803s] Level 1:colcon.colcon_core.package_identification:_identify(venv/lib/python3.12/site-packages/setuptools/_vendor/packaging/licenses/__pycache__) by extensions ['ros']
[0.803s] Level 1:colcon.colcon_core.package_identification:_identify(venv/lib/python3.12/site-packages/setuptools/_vendor/packaging/licenses/__pycache__) by extension 'ros'
[0.803s] Level 1:colcon.colcon_core.package_identification:_identify(venv/lib/python3.12/site-packages/setuptools/_vendor/packaging/licenses/__pycache__) by extensions ['cmake', 'python']
[0.803s] Level 1:colcon.colcon_core.package_identification:_identify(venv/lib/python3.12/site-packages/setuptools/_vendor/packaging/licenses/__pycache__) by extension 'cmake'
[0.803s] Level 1:colcon.colcon_core.package_identification:_identify(venv/lib/python3.12/site-packages/setuptools/_vendor/packaging/licenses/__pycache__) by extension 'python'
[0.803s] Level 1:colcon.colcon_core.package_identification:_identify(venv/lib/python3.12/site-packages/setuptools/_vendor/packaging/licenses/__pycache__) by extensions ['python_setup_py']
[0.803s] Level 1:colcon.colcon_core.package_identification:_identify(venv/lib/python3.12/site-packages/setuptools/_vendor/packaging/licenses/__pycache__) by extension 'python_setup_py'
[0.804s] Level 1:colcon.colcon_core.package_identification:_identify(venv/lib/python3.12/site-packages/setuptools/_vendor/packaging-26.0.dist-info) by extensions ['ignore', 'ignore_ament_install']
[0.804s] Level 1:colcon.colcon_core.package_identification:_identify(venv/lib/python3.12/site-packages/setuptools/_vendor/packaging-26.0.dist-info) by extension 'ignore'
[0.804s] Level 1:colcon.colcon_core.package_identification:_identify(venv/lib/python3.12/site-packages/setuptools/_vendor/packaging-26.0.dist-info) by extension 'ignore_ament_install'
[0.804s] Level 1:colcon.colcon_core.package_identification:_identify(venv/lib/python3.12/site-packages/setuptools/_vendor/packaging-26.0.dist-info) by extensions ['colcon_pkg']
[0.804s] Level 1:colcon.colcon_core.package_identification:_identify(venv/lib/python3.12/site-packages/setuptools/_vendor/packaging-26.0.dist-info) by extension 'colcon_pkg'
[0.804s] Level 1:colcon.colcon_core.package_identification:_identify(venv/lib/python3.12/site-packages/setuptools/_vendor/packaging-26.0.dist-info) by extensions ['colcon_meta']
[0.804s] Level 1:colcon.colcon_core.package_identification:_identify(venv/lib/python3.12/site-packages/setuptools/_vendor/packaging-26.0.dist-info) by extension 'colcon_meta'
[0.804s] Level 1:colcon.colcon_core.package_identification:_identify(venv/lib/python3.12/site-packages/setuptools/_vendor/packaging-26.0.dist-info) by extensions ['ros']
[0.804s] Level 1:colcon.colcon_core.package_identification:_identify(venv/lib/python3.12/site-packages/setuptools/_vendor/packaging-26.0.dist-info) by extension 'ros'
[0.804s] Level 1:colcon.colcon_core.package_identification:_identify(venv/lib/python3.12/site-packages/setuptools/_vendor/packaging-26.0.dist-info) by extensions ['cmake', 'python']
[0.804s] Level 1:colcon.colcon_core.package_identification:_identify(venv/lib/python3.12/site-packages/setuptools/_vendor/packaging-26.0.dist-info) by extension 'cmake'
[0.804s] Level 1:colcon.colcon_core.package_identification:_identify(venv/lib/python3.12/site-packages/setuptools/_vendor/packaging-26.0.dist-info) by extension 'python'
[0.804s] Level 1:colcon.colcon_core.package_identification:_identify(venv/lib/python3.12/site-packages/setuptools/_vendor/packaging-26.0.dist-info) by extensions ['python_setup_py']
[0.804s] Level 1:colcon.colcon_core.package_identification:_identify(venv/lib/python3.12/site-packages/setuptools/_vendor/packaging-26.0.dist-info) by extension 'python_setup_py'
[0.804s] Level 1:colcon.colcon_core.package_identification:_identify(venv/lib/python3.12/site-packages/setuptools/_vendor/packaging-26.0.dist-info/licenses) by extensions ['ignore', 'ignore_ament_install']
[0.804s] Level 1:colcon.colcon_core.package_identification:_identify(venv/lib/python3.12/site-packages/setuptools/_vendor/packaging-26.0.dist-info/licenses) by extension 'ignore'
[0.805s] Level 1:colcon.colcon_core.package_identification:_identify(venv/lib/python3.12/site-packages/setuptools/_vendor/packaging-26.0.dist-info/licenses) by extension 'ignore_ament_install'
[0.805s] Level 1:colcon.colcon_core.package_identification:_identify(venv/lib/python3.12/site-packages/setuptools/_vendor/packaging-26.0.dist-info/licenses) by extensions ['colcon_pkg']
[0.805s] Level 1:colcon.colcon_core.package_identification:_identify(venv/lib/python3.12/site-packages/setuptools/_vendor/packaging-26.0.dist-info/licenses) by extension 'colcon_pkg'
[0.805s] Level 1:colcon.colcon_core.package_identification:_identify(venv/lib/python3.12/site-packages/setuptools/_vendor/packaging-26.0.dist-info/licenses) by extensions ['colcon_meta']
[0.805s] Level 1:colcon.colcon_core.package_identification:_identify(venv/lib/python3.12/site-packages/setuptools/_vendor/packaging-26.0.dist-info/licenses) by extension 'colcon_meta'
[0.805s] Level 1:colcon.colcon_core.package_identification:_identify(venv/lib/python3.12/site-packages/setuptools/_vendor/packaging-26.0.dist-info/licenses) by extensions ['ros']
[0.805s] Level 1:colcon.colcon_core.package_identification:_identify(venv/lib/python3.12/site-packages/setuptools/_vendor/packaging-26.0.dist-info/licenses) by extension 'ros'
[0.805s] Level 1:colcon.colcon_core.package_identification:_identify(venv/lib/python3.12/site-packages/setuptools/_vendor/packaging-26.0.dist-info/licenses) by extensions ['cmake', 'python']
[0.805s] Level 1:colcon.colcon_core.package_identification:_identify(venv/lib/python3.12/site-packages/setuptools/_vendor/packaging-26.0.dist-info/licenses) by extension 'cmake'
[0.805s] Level 1:colcon.colcon_core.package_identification:_identify(venv/lib/python3.12/site-packages/setuptools/_vendor/packaging-26.0.dist-info/licenses) by extension 'python'
[0.805s] Level 1:colcon.colcon_core.package_identification:_identify(venv/lib/python3.12/site-packages/setuptools/_vendor/packaging-26.0.dist-info/licenses) by extensions ['python_setup_py']
[0.805s] Level 1:colcon.colcon_core.package_identification:_identify(venv/lib/python3.12/site-packages/setuptools/_vendor/packaging-26.0.dist-info/licenses) by extension 'python_setup_py'
[0.805s] Level 1:colcon.colcon_core.package_identification:_identify(venv/lib/python3.12/site-packages/setuptools/_vendor/platformdirs) by extensions ['ignore', 'ignore_ament_install']
[0.805s] Level 1:colcon.colcon_core.package_identification:_identify(venv/lib/python3.12/site-packages/setuptools/_vendor/platformdirs) by extension 'ignore'
[0.805s] Level 1:colcon.colcon_core.package_identification:_identify(venv/lib/python3.12/site-packages/setuptools/_vendor/platformdirs) by extension 'ignore_ament_install'
[0.805s] Level 1:colcon.colcon_core.package_identification:_identify(venv/lib/python3.12/site-packages/setuptools/_vendor/platformdirs) by extensions ['colcon_pkg']
[0.805s] Level 1:colcon.colcon_core.package_identification:_identify(venv/lib/python3.12/site-packages/setuptools/_vendor/platformdirs) by extension 'colcon_pkg'
[0.806s] Level 1:colcon.colcon_core.package_identification:_identify(venv/lib/python3.12/site-packages/setuptools/_vendor/platformdirs) by extensions ['colcon_meta']
[0.806s] Level 1:colcon.colcon_core.package_identification:_identify(venv/lib/python3.12/site-packages/setuptools/_vendor/platformdirs) by extension 'colcon_meta'
[0.806s] Level 1:colcon.colcon_core.package_identification:_identify(venv/lib/python3.12/site-packages/setuptools/_vendor/platformdirs) by extensions ['ros']
[0.806s] Level 1:colcon.colcon_core.package_identification:_identify(venv/lib/python3.12/site-packages/setuptools/_vendor/platformdirs) by extension 'ros'
[0.806s] Level 1:colcon.colcon_core.package_identification:_identify(venv/lib/python3.12/site-packages/setuptools/_vendor/platformdirs) by extensions ['cmake', 'python']
[0.806s] Level 1:colcon.colcon_core.package_identification:_identify(venv/lib/python3.12/site-packages/setuptools/_vendor/platformdirs) by extension 'cmake'
[0.806s] Level 1:colcon.colcon_core.package_identification:_identify(venv/lib/python3.12/site-packages/setuptools/_vendor/platformdirs) by extension 'python'
[0.806s] Level 1:colcon.colcon_core.package_identification:_identify(venv/lib/python3.12/site-packages/setuptools/_vendor/platformdirs) by extensions ['python_setup_py']
[0.806s] Level 1:colcon.colcon_core.package_identification:_identify(venv/lib/python3.12/site-packages/setuptools/_vendor/platformdirs) by extension 'python_setup_py'
[0.806s] Level 1:colcon.colcon_core.package_identification:_identify(venv/lib/python3.12/site-packages/setuptools/_vendor/platformdirs/__pycache__) by extensions ['ignore', 'ignore_ament_install']
[0.806s] Level 1:colcon.colcon_core.package_identification:_identify(venv/lib/python3.12/site-packages/setuptools/_vendor/platformdirs/__pycache__) by extension 'ignore'
[0.806s] Level 1:colcon.colcon_core.package_identification:_identify(venv/lib/python3.12/site-packages/setuptools/_vendor/platformdirs/__pycache__) by extension 'ignore_ament_install'
[0.806s] Level 1:colcon.colcon_core.package_identification:_identify(venv/lib/python3.12/site-packages/setuptools/_vendor/platformdirs/__pycache__) by extensions ['colcon_pkg']
[0.806s] Level 1:colcon.colcon_core.package_identification:_identify(venv/lib/python3.12/site-packages/setuptools/_vendor/platformdirs/__pycache__) by extension 'colcon_pkg'
[0.806s] Level 1:colcon.colcon_core.package_identification:_identify(venv/lib/python3.12/site-packages/setuptools/_vendor/platformdirs/__pycache__) by extensions ['colcon_meta']
[0.806s] Level 1:colcon.colcon_core.package_identification:_identify(venv/lib/python3.12/site-packages/setuptools/_vendor/platformdirs/__pycache__) by extension 'colcon_meta'
[0.806s] Level 1:colcon.colcon_core.package_identification:_identify(venv/lib/python3.12/site-packages/setuptools/_vendor/platformdirs/__pycache__) by extensions ['ros']
[0.806s] Level 1:colcon.colcon_core.package_identification:_identify(venv/lib/python3.12/site-packages/setuptools/_vendor/platformdirs/__pycache__) by extension 'ros'
[0.807s] Level 1:colcon.colcon_core.package_identification:_identify(venv/lib/python3.12/site-packages/setuptools/_vendor/platformdirs/__pycache__) by extensions ['cmake', 'python']
[0.807s] Level 1:colcon.colcon_core.package_identification:_identify(venv/lib/python3.12/site-packages/setuptools/_vendor/platformdirs/__pycache__) by extension 'cmake'
[0.807s] Level 1:colcon.colcon_core.package_identification:_identify(venv/lib/python3.12/site-packages/setuptools/_vendor/platformdirs/__pycache__) by extension 'python'
[0.807s] Level 1:colcon.colcon_core.package_identification:_identify(venv/lib/python3.12/site-packages/setuptools/_vendor/platformdirs/__pycache__) by extensions ['python_setup_py']
[0.807s] Level 1:colcon.colcon_core.package_identification:_identify(venv/lib/python3.12/site-packages/setuptools/_vendor/platformdirs/__pycache__) by extension 'python_setup_py'
[0.807s] Level 1:colcon.colcon_core.package_identification:_identify(venv/lib/python3.12/site-packages/setuptools/_vendor/platformdirs-4.4.0.dist-info) by extensions ['ignore', 'ignore_ament_install']
[0.807s] Level 1:colcon.colcon_core.package_identification:_identify(venv/lib/python3.12/site-packages/setuptools/_vendor/platformdirs-4.4.0.dist-info) by extension 'ignore'
[0.807s] Level 1:colcon.colcon_core.package_identification:_identify(venv/lib/python3.12/site-packages/setuptools/_vendor/platformdirs-4.4.0.dist-info) by extension 'ignore_ament_install'
[0.807s] Level 1:colcon.colcon_core.package_identification:_identify(venv/lib/python3.12/site-packages/setuptools/_vendor/platformdirs-4.4.0.dist-info) by extensions ['colcon_pkg']
[0.807s] Level 1:colcon.colcon_core.package_identification:_identify(venv/lib/python3.12/site-packages/setuptools/_vendor/platformdirs-4.4.0.dist-info) by extension 'colcon_pkg'
[0.807s] Level 1:colcon.colcon_core.package_identification:_identify(venv/lib/python3.12/site-packages/setuptools/_vendor/platformdirs-4.4.0.dist-info) by extensions ['colcon_meta']
[0.807s] Level 1:colcon.colcon_core.package_identification:_identify(venv/lib/python3.12/site-packages/setuptools/_vendor/platformdirs-4.4.0.dist-info) by extension 'colcon_meta'
[0.807s] Level 1:colcon.colcon_core.package_identification:_identify(venv/lib/python3.12/site-packages/setuptools/_vendor/platformdirs-4.4.0.dist-info) by extensions ['ros']
[0.807s] Level 1:colcon.colcon_core.package_identification:_identify(venv/lib/python3.12/site-packages/setuptools/_vendor/platformdirs-4.4.0.dist-info) by extension 'ros'
[0.807s] Level 1:colcon.colcon_core.package_identification:_identify(venv/lib/python3.12/site-packages/setuptools/_vendor/platformdirs-4.4.0.dist-info) by extensions ['cmake', 'python']
[0.807s] Level 1:colcon.colcon_core.package_identification:_identify(venv/lib/python3.12/site-packages/setuptools/_vendor/platformdirs-4.4.0.dist-info) by extension 'cmake'
[0.808s] Level 1:colcon.colcon_core.package_identification:_identify(venv/lib/python3.12/site-packages/setuptools/_vendor/platformdirs-4.4.0.dist-info) by extension 'python'
[0.808s] Level 1:colcon.colcon_core.package_identification:_identify(venv/lib/python3.12/site-packages/setuptools/_vendor/platformdirs-4.4.0.dist-info) by extensions ['python_setup_py']
[0.808s] Level 1:colcon.colcon_core.package_identification:_identify(venv/lib/python3.12/site-packages/setuptools/_vendor/platformdirs-4.4.0.dist-info) by extension 'python_setup_py'
[0.808s] Level 1:colcon.colcon_core.package_identification:_identify(venv/lib/python3.12/site-packages/setuptools/_vendor/platformdirs-4.4.0.dist-info/licenses) by extensions ['ignore', 'ignore_ament_install']
[0.808s] Level 1:colcon.colcon_core.package_identification:_identify(venv/lib/python3.12/site-packages/setuptools/_vendor/platformdirs-4.4.0.dist-info/licenses) by extension 'ignore'
[0.808s] Level 1:colcon.colcon_core.package_identification:_identify(venv/lib/python3.12/site-packages/setuptools/_vendor/platformdirs-4.4.0.dist-info/licenses) by extension 'ignore_ament_install'
[0.808s] Level 1:colcon.colcon_core.package_identification:_identify(venv/lib/python3.12/site-packages/setuptools/_vendor/platformdirs-4.4.0.dist-info/licenses) by extensions ['colcon_pkg']
[0.808s] Level 1:colcon.colcon_core.package_identification:_identify(venv/lib/python3.12/site-packages/setuptools/_vendor/platformdirs-4.4.0.dist-info/licenses) by extension 'colcon_pkg'
[0.808s] Level 1:colcon.colcon_core.package_identification:_identify(venv/lib/python3.12/site-packages/setuptools/_vendor/platformdirs-4.4.0.dist-info/licenses) by extensions ['colcon_meta']
[0.808s] Level 1:colcon.colcon_core.package_identification:_identify(venv/lib/python3.12/site-packages/setuptools/_vendor/platformdirs-4.4.0.dist-info/licenses) by extension 'colcon_meta'
[0.808s] Level 1:colcon.colcon_core.package_identification:_identify(venv/lib/python3.12/site-packages/setuptools/_vendor/platformdirs-4.4.0.dist-info/licenses) by extensions ['ros']
[0.808s] Level 1:colcon.colcon_core.package_identification:_identify(venv/lib/python3.12/site-packages/setuptools/_vendor/platformdirs-4.4.0.dist-info/licenses) by extension 'ros'
[0.808s] Level 1:colcon.colcon_core.package_identification:_identify(venv/lib/python3.12/site-packages/setuptools/_vendor/platformdirs-4.4.0.dist-info/licenses) by extensions ['cmake', 'python']
[0.808s] Level 1:colcon.colcon_core.package_identification:_identify(venv/lib/python3.12/site-packages/setuptools/_vendor/platformdirs-4.4.0.dist-info/licenses) by extension 'cmake'
[0.808s] Level 1:colcon.colcon_core.package_identification:_identify(venv/lib/python3.12/site-packages/setuptools/_vendor/platformdirs-4.4.0.dist-info/licenses) by extension 'python'
[0.808s] Level 1:colcon.colcon_core.package_identification:_identify(venv/lib/python3.12/site-packages/setuptools/_vendor/platformdirs-4.4.0.dist-info/licenses) by extensions ['python_setup_py']
[0.808s] Level 1:colcon.colcon_core.package_identification:_identify(venv/lib/python3.12/site-packages/setuptools/_vendor/platformdirs-4.4.0.dist-info/licenses) by extension 'python_setup_py'
[0.809s] Level 1:colcon.colcon_core.package_identification:_identify(venv/lib/python3.12/site-packages/setuptools/_vendor/tomli) by extensions ['ignore', 'ignore_ament_install']
[0.809s] Level 1:colcon.colcon_core.package_identification:_identify(venv/lib/python3.12/site-packages/setuptools/_vendor/tomli) by extension 'ignore'
[0.809s] Level 1:colcon.colcon_core.package_identification:_identify(venv/lib/python3.12/site-packages/setuptools/_vendor/tomli) by extension 'ignore_ament_install'
[0.809s] Level 1:colcon.colcon_core.package_identification:_identify(venv/lib/python3.12/site-packages/setuptools/_vendor/tomli) by extensions ['colcon_pkg']
[0.809s] Level 1:colcon.colcon_core.package_identification:_identify(venv/lib/python3.12/site-packages/setuptools/_vendor/tomli) by extension 'colcon_pkg'
[0.809s] Level 1:colcon.colcon_core.package_identification:_identify(venv/lib/python3.12/site-packages/setuptools/_vendor/tomli) by extensions ['colcon_meta']
[0.809s] Level 1:colcon.colcon_core.package_identification:_identify(venv/lib/python3.12/site-packages/setuptools/_vendor/tomli) by extension 'colcon_meta'
[0.809s] Level 1:colcon.colcon_core.package_identification:_identify(venv/lib/python3.12/site-packages/setuptools/_vendor/tomli) by extensions ['ros']
[0.809s] Level 1:colcon.colcon_core.package_identification:_identify(venv/lib/python3.12/site-packages/setuptools/_vendor/tomli) by extension 'ros'
[0.809s] Level 1:colcon.colcon_core.package_identification:_identify(venv/lib/python3.12/site-packages/setuptools/_vendor/tomli) by extensions ['cmake', 'python']
[0.809s] Level 1:colcon.colcon_core.package_identification:_identify(venv/lib/python3.12/site-packages/setuptools/_vendor/tomli) by extension 'cmake'
[0.809s] Level 1:colcon.colcon_core.package_identification:_identify(venv/lib/python3.12/site-packages/setuptools/_vendor/tomli) by extension 'python'
[0.809s] Level 1:colcon.colcon_core.package_identification:_identify(venv/lib/python3.12/site-packages/setuptools/_vendor/tomli) by extensions ['python_setup_py']
[0.809s] Level 1:colcon.colcon_core.package_identification:_identify(venv/lib/python3.12/site-packages/setuptools/_vendor/tomli) by extension 'python_setup_py'
[0.809s] Level 1:colcon.colcon_core.package_identification:_identify(venv/lib/python3.12/site-packages/setuptools/_vendor/tomli/__pycache__) by extensions ['ignore', 'ignore_ament_install']
[0.810s] Level 1:colcon.colcon_core.package_identification:_identify(venv/lib/python3.12/site-packages/setuptools/_vendor/tomli/__pycache__) by extension 'ignore'
[0.810s] Level 1:colcon.colcon_core.package_identification:_identify(venv/lib/python3.12/site-packages/setuptools/_vendor/tomli/__pycache__) by extension 'ignore_ament_install'
[0.810s] Level 1:colcon.colcon_core.package_identification:_identify(venv/lib/python3.12/site-packages/setuptools/_vendor/tomli/__pycache__) by extensions ['colcon_pkg']
[0.810s] Level 1:colcon.colcon_core.package_identification:_identify(venv/lib/python3.12/site-packages/setuptools/_vendor/tomli/__pycache__) by extension 'colcon_pkg'
[0.810s] Level 1:colcon.colcon_core.package_identification:_identify(venv/lib/python3.12/site-packages/setuptools/_vendor/tomli/__pycache__) by extensions ['colcon_meta']
[0.810s] Level 1:colcon.colcon_core.package_identification:_identify(venv/lib/python3.12/site-packages/setuptools/_vendor/tomli/__pycache__) by extension 'colcon_meta'
[0.810s] Level 1:colcon.colcon_core.package_identification:_identify(venv/lib/python3.12/site-packages/setuptools/_vendor/tomli/__pycache__) by extensions ['ros']
[0.810s] Level 1:colcon.colcon_core.package_identification:_identify(venv/lib/python3.12/site-packages/setuptools/_vendor/tomli/__pycache__) by extension 'ros'
[0.810s] Level 1:colcon.colcon_core.package_identification:_identify(venv/lib/python3.12/site-packages/setuptools/_vendor/tomli/__pycache__) by extensions ['cmake', 'python']
[0.810s] Level 1:colcon.colcon_core.package_identification:_identify(venv/lib/python3.12/site-packages/setuptools/_vendor/tomli/__pycache__) by extension 'cmake'
[0.810s] Level 1:colcon.colcon_core.package_identification:_identify(venv/lib/python3.12/site-packages/setuptools/_vendor/tomli/__pycache__) by extension 'python'
[0.810s] Level 1:colcon.colcon_core.package_identification:_identify(venv/lib/python3.12/site-packages/setuptools/_vendor/tomli/__pycache__) by extensions ['python_setup_py']
[0.810s] Level 1:colcon.colcon_core.package_identification:_identify(venv/lib/python3.12/site-packages/setuptools/_vendor/tomli/__pycache__) by extension 'python_setup_py'
[0.810s] Level 1:colcon.colcon_core.package_identification:_identify(venv/lib/python3.12/site-packages/setuptools/_vendor/tomli-2.4.0.dist-info) by extensions ['ignore', 'ignore_ament_install']
[0.810s] Level 1:colcon.colcon_core.package_identification:_identify(venv/lib/python3.12/site-packages/setuptools/_vendor/tomli-2.4.0.dist-info) by extension 'ignore'
[0.810s] Level 1:colcon.colcon_core.package_identification:_identify(venv/lib/python3.12/site-packages/setuptools/_vendor/tomli-2.4.0.dist-info) by extension 'ignore_ament_install'
[0.811s] Level 1:colcon.colcon_core.package_identification:_identify(venv/lib/python3.12/site-packages/setuptools/_vendor/tomli-2.4.0.dist-info) by extensions ['colcon_pkg']
[0.811s] Level 1:colcon.colcon_core.package_identification:_identify(venv/lib/python3.12/site-packages/setuptools/_vendor/tomli-2.4.0.dist-info) by extension 'colcon_pkg'
[0.811s] Level 1:colcon.colcon_core.package_identification:_identify(venv/lib/python3.12/site-packages/setuptools/_vendor/tomli-2.4.0.dist-info) by extensions ['colcon_meta']
[0.811s] Level 1:colcon.colcon_core.package_identification:_identify(venv/lib/python3.12/site-packages/setuptools/_vendor/tomli-2.4.0.dist-info) by extension 'colcon_meta'
[0.811s] Level 1:colcon.colcon_core.package_identification:_identify(venv/lib/python3.12/site-packages/setuptools/_vendor/tomli-2.4.0.dist-info) by extensions ['ros']
[0.811s] Level 1:colcon.colcon_core.package_identification:_identify(venv/lib/python3.12/site-packages/setuptools/_vendor/tomli-2.4.0.dist-info) by extension 'ros'
[0.811s] Level 1:colcon.colcon_core.package_identification:_identify(venv/lib/python3.12/site-packages/setuptools/_vendor/tomli-2.4.0.dist-info) by extensions ['cmake', 'python']
[0.811s] Level 1:colcon.colcon_core.package_identification:_identify(venv/lib/python3.12/site-packages/setuptools/_vendor/tomli-2.4.0.dist-info) by extension 'cmake'
[0.811s] Level 1:colcon.colcon_core.package_identification:_identify(venv/lib/python3.12/site-packages/setuptools/_vendor/tomli-2.4.0.dist-info) by extension 'python'
[0.811s] Level 1:colcon.colcon_core.package_identification:_identify(venv/lib/python3.12/site-packages/setuptools/_vendor/tomli-2.4.0.dist-info) by extensions ['python_setup_py']
[0.811s] Level 1:colcon.colcon_core.package_identification:_identify(venv/lib/python3.12/site-packages/setuptools/_vendor/tomli-2.4.0.dist-info) by extension 'python_setup_py'
[0.811s] Level 1:colcon.colcon_core.package_identification:_identify(venv/lib/python3.12/site-packages/setuptools/_vendor/tomli-2.4.0.dist-info/licenses) by extensions ['ignore', 'ignore_ament_install']
[0.811s] Level 1:colcon.colcon_core.package_identification:_identify(venv/lib/python3.12/site-packages/setuptools/_vendor/tomli-2.4.0.dist-info/licenses) by extension 'ignore'
[0.811s] Level 1:colcon.colcon_core.package_identification:_identify(venv/lib/python3.12/site-packages/setuptools/_vendor/tomli-2.4.0.dist-info/licenses) by extension 'ignore_ament_install'
[0.811s] Level 1:colcon.colcon_core.package_identification:_identify(venv/lib/python3.12/site-packages/setuptools/_vendor/tomli-2.4.0.dist-info/licenses) by extensions ['colcon_pkg']
[0.811s] Level 1:colcon.colcon_core.package_identification:_identify(venv/lib/python3.12/site-packages/setuptools/_vendor/tomli-2.4.0.dist-info/licenses) by extension 'colcon_pkg'
[0.811s] Level 1:colcon.colcon_core.package_identification:_identify(venv/lib/python3.12/site-packages/setuptools/_vendor/tomli-2.4.0.dist-info/licenses) by extensions ['colcon_meta']
[0.811s] Level 1:colcon.colcon_core.package_identification:_identify(venv/lib/python3.12/site-packages/setuptools/_vendor/tomli-2.4.0.dist-info/licenses) by extension 'colcon_meta'
[0.812s] Level 1:colcon.colcon_core.package_identification:_identify(venv/lib/python3.12/site-packages/setuptools/_vendor/tomli-2.4.0.dist-info/licenses) by extensions ['ros']
[0.812s] Level 1:colcon.colcon_core.package_identification:_identify(venv/lib/python3.12/site-packages/setuptools/_vendor/tomli-2.4.0.dist-info/licenses) by extension 'ros'
[0.812s] Level 1:colcon.colcon_core.package_identification:_identify(venv/lib/python3.12/site-packages/setuptools/_vendor/tomli-2.4.0.dist-info/licenses) by extensions ['cmake', 'python']
[0.812s] Level 1:colcon.colcon_core.package_identification:_identify(venv/lib/python3.12/site-packages/setuptools/_vendor/tomli-2.4.0.dist-info/licenses) by extension 'cmake'
[0.812s] Level 1:colcon.colcon_core.package_identification:_identify(venv/lib/python3.12/site-packages/setuptools/_vendor/tomli-2.4.0.dist-info/licenses) by extension 'python'
[0.812s] Level 1:colcon.colcon_core.package_identification:_identify(venv/lib/python3.12/site-packages/setuptools/_vendor/tomli-2.4.0.dist-info/licenses) by extensions ['python_setup_py']
[0.812s] Level 1:colcon.colcon_core.package_identification:_identify(venv/lib/python3.12/site-packages/setuptools/_vendor/tomli-2.4.0.dist-info/licenses) by extension 'python_setup_py'
[0.812s] Level 1:colcon.colcon_core.package_identification:_identify(venv/lib/python3.12/site-packages/setuptools/_vendor/wheel) by extensions ['ignore', 'ignore_ament_install']
[0.812s] Level 1:colcon.colcon_core.package_identification:_identify(venv/lib/python3.12/site-packages/setuptools/_vendor/wheel) by extension 'ignore'
[0.812s] Level 1:colcon.colcon_core.package_identification:_identify(venv/lib/python3.12/site-packages/setuptools/_vendor/wheel) by extension 'ignore_ament_install'
[0.812s] Level 1:colcon.colcon_core.package_identification:_identify(venv/lib/python3.12/site-packages/setuptools/_vendor/wheel) by extensions ['colcon_pkg']
[0.812s] Level 1:colcon.colcon_core.package_identification:_identify(venv/lib/python3.12/site-packages/setuptools/_vendor/wheel) by extension 'colcon_pkg'
[0.812s] Level 1:colcon.colcon_core.package_identification:_identify(venv/lib/python3.12/site-packages/setuptools/_vendor/wheel) by extensions ['colcon_meta']
[0.812s] Level 1:colcon.colcon_core.package_identification:_identify(venv/lib/python3.12/site-packages/setuptools/_vendor/wheel) by extension 'colcon_meta'
[0.812s] Level 1:colcon.colcon_core.package_identification:_identify(venv/lib/python3.12/site-packages/setuptools/_vendor/wheel) by extensions ['ros']
[0.812s] Level 1:colcon.colcon_core.package_identification:_identify(venv/lib/python3.12/site-packages/setuptools/_vendor/wheel) by extension 'ros'
[0.813s] Level 1:colcon.colcon_core.package_identification:_identify(venv/lib/python3.12/site-packages/setuptools/_vendor/wheel) by extensions ['cmake', 'python']
[0.813s] Level 1:colcon.colcon_core.package_identification:_identify(venv/lib/python3.12/site-packages/setuptools/_vendor/wheel) by extension 'cmake'
[0.813s] Level 1:colcon.colcon_core.package_identification:_identify(venv/lib/python3.12/site-packages/setuptools/_vendor/wheel) by extension 'python'
[0.813s] Level 1:colcon.colcon_core.package_identification:_identify(venv/lib/python3.12/site-packages/setuptools/_vendor/wheel) by extensions ['python_setup_py']
[0.813s] Level 1:colcon.colcon_core.package_identification:_identify(venv/lib/python3.12/site-packages/setuptools/_vendor/wheel) by extension 'python_setup_py'
[0.813s] Level 1:colcon.colcon_core.package_identification:_identify(venv/lib/python3.12/site-packages/setuptools/_vendor/wheel/__pycache__) by extensions ['ignore', 'ignore_ament_install']
[0.813s] Level 1:colcon.colcon_core.package_identification:_identify(venv/lib/python3.12/site-packages/setuptools/_vendor/wheel/__pycache__) by extension 'ignore'
[0.813s] Level 1:colcon.colcon_core.package_identification:_identify(venv/lib/python3.12/site-packages/setuptools/_vendor/wheel/__pycache__) by extension 'ignore_ament_install'
[0.813s] Level 1:colcon.colcon_core.package_identification:_identify(venv/lib/python3.12/site-packages/setuptools/_vendor/wheel/__pycache__) by extensions ['colcon_pkg']
[0.813s] Level 1:colcon.colcon_core.package_identification:_identify(venv/lib/python3.12/site-packages/setuptools/_vendor/wheel/__pycache__) by extension 'colcon_pkg'
[0.813s] Level 1:colcon.colcon_core.package_identification:_identify(venv/lib/python3.12/site-packages/setuptools/_vendor/wheel/__pycache__) by extensions ['colcon_meta']
[0.813s] Level 1:colcon.colcon_core.package_identification:_identify(venv/lib/python3.12/site-packages/setuptools/_vendor/wheel/__pycache__) by extension 'colcon_meta'
[0.813s] Level 1:colcon.colcon_core.package_identification:_identify(venv/lib/python3.12/site-packages/setuptools/_vendor/wheel/__pycache__) by extensions ['ros']
[0.813s] Level 1:colcon.colcon_core.package_identification:_identify(venv/lib/python3.12/site-packages/setuptools/_vendor/wheel/__pycache__) by extension 'ros'
[0.813s] Level 1:colcon.colcon_core.package_identification:_identify(venv/lib/python3.12/site-packages/setuptools/_vendor/wheel/__pycache__) by extensions ['cmake', 'python']
[0.813s] Level 1:colcon.colcon_core.package_identification:_identify(venv/lib/python3.12/site-packages/setuptools/_vendor/wheel/__pycache__) by extension 'cmake'
[0.813s] Level 1:colcon.colcon_core.package_identification:_identify(venv/lib/python3.12/site-packages/setuptools/_vendor/wheel/__pycache__) by extension 'python'
[0.813s] Level 1:colcon.colcon_core.package_identification:_identify(venv/lib/python3.12/site-packages/setuptools/_vendor/wheel/__pycache__) by extensions ['python_setup_py']
[0.814s] Level 1:colcon.colcon_core.package_identification:_identify(venv/lib/python3.12/site-packages/setuptools/_vendor/wheel/__pycache__) by extension 'python_setup_py'
[0.814s] Level 1:colcon.colcon_core.package_identification:_identify(venv/lib/python3.12/site-packages/setuptools/_vendor/wheel/_commands) by extensions ['ignore', 'ignore_ament_install']
[0.814s] Level 1:colcon.colcon_core.package_identification:_identify(venv/lib/python3.12/site-packages/setuptools/_vendor/wheel/_commands) by extension 'ignore'
[0.814s] Level 1:colcon.colcon_core.package_identification:_identify(venv/lib/python3.12/site-packages/setuptools/_vendor/wheel/_commands) by extension 'ignore_ament_install'
[0.814s] Level 1:colcon.colcon_core.package_identification:_identify(venv/lib/python3.12/site-packages/setuptools/_vendor/wheel/_commands) by extensions ['colcon_pkg']
[0.814s] Level 1:colcon.colcon_core.package_identification:_identify(venv/lib/python3.12/site-packages/setuptools/_vendor/wheel/_commands) by extension 'colcon_pkg'
[0.814s] Level 1:colcon.colcon_core.package_identification:_identify(venv/lib/python3.12/site-packages/setuptools/_vendor/wheel/_commands) by extensions ['colcon_meta']
[0.814s] Level 1:colcon.colcon_core.package_identification:_identify(venv/lib/python3.12/site-packages/setuptools/_vendor/wheel/_commands) by extension 'colcon_meta'
[0.814s] Level 1:colcon.colcon_core.package_identification:_identify(venv/lib/python3.12/site-packages/setuptools/_vendor/wheel/_commands) by extensions ['ros']
[0.814s] Level 1:colcon.colcon_core.package_identification:_identify(venv/lib/python3.12/site-packages/setuptools/_vendor/wheel/_commands) by extension 'ros'
[0.814s] Level 1:colcon.colcon_core.package_identification:_identify(venv/lib/python3.12/site-packages/setuptools/_vendor/wheel/_commands) by extensions ['cmake', 'python']
[0.814s] Level 1:colcon.colcon_core.package_identification:_identify(venv/lib/python3.12/site-packages/setuptools/_vendor/wheel/_commands) by extension 'cmake'
[0.814s] Level 1:colcon.colcon_core.package_identification:_identify(venv/lib/python3.12/site-packages/setuptools/_vendor/wheel/_commands) by extension 'python'
[0.814s] Level 1:colcon.colcon_core.package_identification:_identify(venv/lib/python3.12/site-packages/setuptools/_vendor/wheel/_commands) by extensions ['python_setup_py']
[0.814s] Level 1:colcon.colcon_core.package_identification:_identify(venv/lib/python3.12/site-packages/setuptools/_vendor/wheel/_commands) by extension 'python_setup_py'
[0.815s] Level 1:colcon.colcon_core.package_identification:_identify(venv/lib/python3.12/site-packages/setuptools/_vendor/wheel/_commands/__pycache__) by extensions ['ignore', 'ignore_ament_install']
[0.815s] Level 1:colcon.colcon_core.package_identification:_identify(venv/lib/python3.12/site-packages/setuptools/_vendor/wheel/_commands/__pycache__) by extension 'ignore'
[0.815s] Level 1:colcon.colcon_core.package_identification:_identify(venv/lib/python3.12/site-packages/setuptools/_vendor/wheel/_commands/__pycache__) by extension 'ignore_ament_install'
[0.815s] Level 1:colcon.colcon_core.package_identification:_identify(venv/lib/python3.12/site-packages/setuptools/_vendor/wheel/_commands/__pycache__) by extensions ['colcon_pkg']
[0.815s] Level 1:colcon.colcon_core.package_identification:_identify(venv/lib/python3.12/site-packages/setuptools/_vendor/wheel/_commands/__pycache__) by extension 'colcon_pkg'
[0.815s] Level 1:colcon.colcon_core.package_identification:_identify(venv/lib/python3.12/site-packages/setuptools/_vendor/wheel/_commands/__pycache__) by extensions ['colcon_meta']
[0.815s] Level 1:colcon.colcon_core.package_identification:_identify(venv/lib/python3.12/site-packages/setuptools/_vendor/wheel/_commands/__pycache__) by extension 'colcon_meta'
[0.815s] Level 1:colcon.colcon_core.package_identification:_identify(venv/lib/python3.12/site-packages/setuptools/_vendor/wheel/_commands/__pycache__) by extensions ['ros']
[0.815s] Level 1:colcon.colcon_core.package_identification:_identify(venv/lib/python3.12/site-packages/setuptools/_vendor/wheel/_commands/__pycache__) by extension 'ros'
[0.815s] Level 1:colcon.colcon_core.package_identification:_identify(venv/lib/python3.12/site-packages/setuptools/_vendor/wheel/_commands/__pycache__) by extensions ['cmake', 'python']
[0.815s] Level 1:colcon.colcon_core.package_identification:_identify(venv/lib/python3.12/site-packages/setuptools/_vendor/wheel/_commands/__pycache__) by extension 'cmake'
[0.815s] Level 1:colcon.colcon_core.package_identification:_identify(venv/lib/python3.12/site-packages/setuptools/_vendor/wheel/_commands/__pycache__) by extension 'python'
[0.815s] Level 1:colcon.colcon_core.package_identification:_identify(venv/lib/python3.12/site-packages/setuptools/_vendor/wheel/_commands/__pycache__) by extensions ['python_setup_py']
[0.815s] Level 1:colcon.colcon_core.package_identification:_identify(venv/lib/python3.12/site-packages/setuptools/_vendor/wheel/_commands/__pycache__) by extension 'python_setup_py'
[0.815s] Level 1:colcon.colcon_core.package_identification:_identify(venv/lib/python3.12/site-packages/setuptools/_vendor/wheel-0.46.3.dist-info) by extensions ['ignore', 'ignore_ament_install']
[0.815s] Level 1:colcon.colcon_core.package_identification:_identify(venv/lib/python3.12/site-packages/setuptools/_vendor/wheel-0.46.3.dist-info) by extension 'ignore'
[0.816s] Level 1:colcon.colcon_core.package_identification:_identify(venv/lib/python3.12/site-packages/setuptools/_vendor/wheel-0.46.3.dist-info) by extension 'ignore_ament_install'
[0.816s] Level 1:colcon.colcon_core.package_identification:_identify(venv/lib/python3.12/site-packages/setuptools/_vendor/wheel-0.46.3.dist-info) by extensions ['colcon_pkg']
[0.816s] Level 1:colcon.colcon_core.package_identification:_identify(venv/lib/python3.12/site-packages/setuptools/_vendor/wheel-0.46.3.dist-info) by extension 'colcon_pkg'
[0.816s] Level 1:colcon.colcon_core.package_identification:_identify(venv/lib/python3.12/site-packages/setuptools/_vendor/wheel-0.46.3.dist-info) by extensions ['colcon_meta']
[0.816s] Level 1:colcon.colcon_core.package_identification:_identify(venv/lib/python3.12/site-packages/setuptools/_vendor/wheel-0.46.3.dist-info) by extension 'colcon_meta'
[0.816s] Level 1:colcon.colcon_core.package_identification:_identify(venv/lib/python3.12/site-packages/setuptools/_vendor/wheel-0.46.3.dist-info) by extensions ['ros']
[0.816s] Level 1:colcon.colcon_core.package_identification:_identify(venv/lib/python3.12/site-packages/setuptools/_vendor/wheel-0.46.3.dist-info) by extension 'ros'
[0.816s] Level 1:colcon.colcon_core.package_identification:_identify(venv/lib/python3.12/site-packages/setuptools/_vendor/wheel-0.46.3.dist-info) by extensions ['cmake', 'python']
[0.816s] Level 1:colcon.colcon_core.package_identification:_identify(venv/lib/python3.12/site-packages/setuptools/_vendor/wheel-0.46.3.dist-info) by extension 'cmake'
[0.816s] Level 1:colcon.colcon_core.package_identification:_identify(venv/lib/python3.12/site-packages/setuptools/_vendor/wheel-0.46.3.dist-info) by extension 'python'
[0.816s] Level 1:colcon.colcon_core.package_identification:_identify(venv/lib/python3.12/site-packages/setuptools/_vendor/wheel-0.46.3.dist-info) by extensions ['python_setup_py']
[0.816s] Level 1:colcon.colcon_core.package_identification:_identify(venv/lib/python3.12/site-packages/setuptools/_vendor/wheel-0.46.3.dist-info) by extension 'python_setup_py'
[0.816s] Level 1:colcon.colcon_core.package_identification:_identify(venv/lib/python3.12/site-packages/setuptools/_vendor/wheel-0.46.3.dist-info/licenses) by extensions ['ignore', 'ignore_ament_install']
[0.816s] Level 1:colcon.colcon_core.package_identification:_identify(venv/lib/python3.12/site-packages/setuptools/_vendor/wheel-0.46.3.dist-info/licenses) by extension 'ignore'
[0.816s] Level 1:colcon.colcon_core.package_identification:_identify(venv/lib/python3.12/site-packages/setuptools/_vendor/wheel-0.46.3.dist-info/licenses) by extension 'ignore_ament_install'
[0.816s] Level 1:colcon.colcon_core.package_identification:_identify(venv/lib/python3.12/site-packages/setuptools/_vendor/wheel-0.46.3.dist-info/licenses) by extensions ['colcon_pkg']
[0.816s] Level 1:colcon.colcon_core.package_identification:_identify(venv/lib/python3.12/site-packages/setuptools/_vendor/wheel-0.46.3.dist-info/licenses) by extension 'colcon_pkg'
[0.817s] Level 1:colcon.colcon_core.package_identification:_identify(venv/lib/python3.12/site-packages/setuptools/_vendor/wheel-0.46.3.dist-info/licenses) by extensions ['colcon_meta']
[0.817s] Level 1:colcon.colcon_core.package_identification:_identify(venv/lib/python3.12/site-packages/setuptools/_vendor/wheel-0.46.3.dist-info/licenses) by extension 'colcon_meta'
[0.817s] Level 1:colcon.colcon_core.package_identification:_identify(venv/lib/python3.12/site-packages/setuptools/_vendor/wheel-0.46.3.dist-info/licenses) by extensions ['ros']
[0.817s] Level 1:colcon.colcon_core.package_identification:_identify(venv/lib/python3.12/site-packages/setuptools/_vendor/wheel-0.46.3.dist-info/licenses) by extension 'ros'
[0.817s] Level 1:colcon.colcon_core.package_identification:_identify(venv/lib/python3.12/site-packages/setuptools/_vendor/wheel-0.46.3.dist-info/licenses) by extensions ['cmake', 'python']
[0.817s] Level 1:colcon.colcon_core.package_identification:_identify(venv/lib/python3.12/site-packages/setuptools/_vendor/wheel-0.46.3.dist-info/licenses) by extension 'cmake'
[0.817s] Level 1:colcon.colcon_core.package_identification:_identify(venv/lib/python3.12/site-packages/setuptools/_vendor/wheel-0.46.3.dist-info/licenses) by extension 'python'
[0.817s] Level 1:colcon.colcon_core.package_identification:_identify(venv/lib/python3.12/site-packages/setuptools/_vendor/wheel-0.46.3.dist-info/licenses) by extensions ['python_setup_py']
[0.817s] Level 1:colcon.colcon_core.package_identification:_identify(venv/lib/python3.12/site-packages/setuptools/_vendor/wheel-0.46.3.dist-info/licenses) by extension 'python_setup_py'
[0.817s] Level 1:colcon.colcon_core.package_identification:_identify(venv/lib/python3.12/site-packages/setuptools/_vendor/zipp) by extensions ['ignore', 'ignore_ament_install']
[0.817s] Level 1:colcon.colcon_core.package_identification:_identify(venv/lib/python3.12/site-packages/setuptools/_vendor/zipp) by extension 'ignore'
[0.817s] Level 1:colcon.colcon_core.package_identification:_identify(venv/lib/python3.12/site-packages/setuptools/_vendor/zipp) by extension 'ignore_ament_install'
[0.817s] Level 1:colcon.colcon_core.package_identification:_identify(venv/lib/python3.12/site-packages/setuptools/_vendor/zipp) by extensions ['colcon_pkg']
[0.817s] Level 1:colcon.colcon_core.package_identification:_identify(venv/lib/python3.12/site-packages/setuptools/_vendor/zipp) by extension 'colcon_pkg'
[0.817s] Level 1:colcon.colcon_core.package_identification:_identify(venv/lib/python3.12/site-packages/setuptools/_vendor/zipp) by extensions ['colcon_meta']
[0.817s] Level 1:colcon.colcon_core.package_identification:_identify(venv/lib/python3.12/site-packages/setuptools/_vendor/zipp) by extension 'colcon_meta'
[0.817s] Level 1:colcon.colcon_core.package_identification:_identify(venv/lib/python3.12/site-packages/setuptools/_vendor/zipp) by extensions ['ros']
[0.817s] Level 1:colcon.colcon_core.package_identification:_identify(venv/lib/python3.12/site-packages/setuptools/_vendor/zipp) by extension 'ros'
[0.818s] Level 1:colcon.colcon_core.package_identification:_identify(venv/lib/python3.12/site-packages/setuptools/_vendor/zipp) by extensions ['cmake', 'python']
[0.818s] Level 1:colcon.colcon_core.package_identification:_identify(venv/lib/python3.12/site-packages/setuptools/_vendor/zipp) by extension 'cmake'
[0.818s] Level 1:colcon.colcon_core.package_identification:_identify(venv/lib/python3.12/site-packages/setuptools/_vendor/zipp) by extension 'python'
[0.818s] Level 1:colcon.colcon_core.package_identification:_identify(venv/lib/python3.12/site-packages/setuptools/_vendor/zipp) by extensions ['python_setup_py']
[0.818s] Level 1:colcon.colcon_core.package_identification:_identify(venv/lib/python3.12/site-packages/setuptools/_vendor/zipp) by extension 'python_setup_py'
[0.818s] Level 1:colcon.colcon_core.package_identification:_identify(venv/lib/python3.12/site-packages/setuptools/_vendor/zipp/__pycache__) by extensions ['ignore', 'ignore_ament_install']
[0.818s] Level 1:colcon.colcon_core.package_identification:_identify(venv/lib/python3.12/site-packages/setuptools/_vendor/zipp/__pycache__) by extension 'ignore'
[0.818s] Level 1:colcon.colcon_core.package_identification:_identify(venv/lib/python3.12/site-packages/setuptools/_vendor/zipp/__pycache__) by extension 'ignore_ament_install'
[0.818s] Level 1:colcon.colcon_core.package_identification:_identify(venv/lib/python3.12/site-packages/setuptools/_vendor/zipp/__pycache__) by extensions ['colcon_pkg']
[0.818s] Level 1:colcon.colcon_core.package_identification:_identify(venv/lib/python3.12/site-packages/setuptools/_vendor/zipp/__pycache__) by extension 'colcon_pkg'
[0.818s] Level 1:colcon.colcon_core.package_identification:_identify(venv/lib/python3.12/site-packages/setuptools/_vendor/zipp/__pycache__) by extensions ['colcon_meta']
[0.818s] Level 1:colcon.colcon_core.package_identification:_identify(venv/lib/python3.12/site-packages/setuptools/_vendor/zipp/__pycache__) by extension 'colcon_meta'
[0.818s] Level 1:colcon.colcon_core.package_identification:_identify(venv/lib/python3.12/site-packages/setuptools/_vendor/zipp/__pycache__) by extensions ['ros']
[0.818s] Level 1:colcon.colcon_core.package_identification:_identify(venv/lib/python3.12/site-packages/setuptools/_vendor/zipp/__pycache__) by extension 'ros'
[0.818s] Level 1:colcon.colcon_core.package_identification:_identify(venv/lib/python3.12/site-packages/setuptools/_vendor/zipp/__pycache__) by extensions ['cmake', 'python']
[0.818s] Level 1:colcon.colcon_core.package_identification:_identify(venv/lib/python3.12/site-packages/setuptools/_vendor/zipp/__pycache__) by extension 'cmake'
[0.819s] Level 1:colcon.colcon_core.package_identification:_identify(venv/lib/python3.12/site-packages/setuptools/_vendor/zipp/__pycache__) by extension 'python'
[0.819s] Level 1:colcon.colcon_core.package_identification:_identify(venv/lib/python3.12/site-packages/setuptools/_vendor/zipp/__pycache__) by extensions ['python_setup_py']
[0.819s] Level 1:colcon.colcon_core.package_identification:_identify(venv/lib/python3.12/site-packages/setuptools/_vendor/zipp/__pycache__) by extension 'python_setup_py'
[0.819s] Level 1:colcon.colcon_core.package_identification:_identify(venv/lib/python3.12/site-packages/setuptools/_vendor/zipp/compat) by extensions ['ignore', 'ignore_ament_install']
[0.819s] Level 1:colcon.colcon_core.package_identification:_identify(venv/lib/python3.12/site-packages/setuptools/_vendor/zipp/compat) by extension 'ignore'
[0.819s] Level 1:colcon.colcon_core.package_identification:_identify(venv/lib/python3.12/site-packages/setuptools/_vendor/zipp/compat) by extension 'ignore_ament_install'
[0.819s] Level 1:colcon.colcon_core.package_identification:_identify(venv/lib/python3.12/site-packages/setuptools/_vendor/zipp/compat) by extensions ['colcon_pkg']
[0.819s] Level 1:colcon.colcon_core.package_identification:_identify(venv/lib/python3.12/site-packages/setuptools/_vendor/zipp/compat) by extension 'colcon_pkg'
[0.819s] Level 1:colcon.colcon_core.package_identification:_identify(venv/lib/python3.12/site-packages/setuptools/_vendor/zipp/compat) by extensions ['colcon_meta']
[0.819s] Level 1:colcon.colcon_core.package_identification:_identify(venv/lib/python3.12/site-packages/setuptools/_vendor/zipp/compat) by extension 'colcon_meta'
[0.819s] Level 1:colcon.colcon_core.package_identification:_identify(venv/lib/python3.12/site-packages/setuptools/_vendor/zipp/compat) by extensions ['ros']
[0.819s] Level 1:colcon.colcon_core.package_identification:_identify(venv/lib/python3.12/site-packages/setuptools/_vendor/zipp/compat) by extension 'ros'
[0.819s] Level 1:colcon.colcon_core.package_identification:_identify(venv/lib/python3.12/site-packages/setuptools/_vendor/zipp/compat) by extensions ['cmake', 'python']
[0.819s] Level 1:colcon.colcon_core.package_identification:_identify(venv/lib/python3.12/site-packages/setuptools/_vendor/zipp/compat) by extension 'cmake'
[0.819s] Level 1:colcon.colcon_core.package_identification:_identify(venv/lib/python3.12/site-packages/setuptools/_vendor/zipp/compat) by extension 'python'
[0.819s] Level 1:colcon.colcon_core.package_identification:_identify(venv/lib/python3.12/site-packages/setuptools/_vendor/zipp/compat) by extensions ['python_setup_py']
[0.819s] Level 1:colcon.colcon_core.package_identification:_identify(venv/lib/python3.12/site-packages/setuptools/_vendor/zipp/compat) by extension 'python_setup_py'
[0.820s] Level 1:colcon.colcon_core.package_identification:_identify(venv/lib/python3.12/site-packages/setuptools/_vendor/zipp/compat/__pycache__) by extensions ['ignore', 'ignore_ament_install']
[0.820s] Level 1:colcon.colcon_core.package_identification:_identify(venv/lib/python3.12/site-packages/setuptools/_vendor/zipp/compat/__pycache__) by extension 'ignore'
[0.820s] Level 1:colcon.colcon_core.package_identification:_identify(venv/lib/python3.12/site-packages/setuptools/_vendor/zipp/compat/__pycache__) by extension 'ignore_ament_install'
[0.820s] Level 1:colcon.colcon_core.package_identification:_identify(venv/lib/python3.12/site-packages/setuptools/_vendor/zipp/compat/__pycache__) by extensions ['colcon_pkg']
[0.820s] Level 1:colcon.colcon_core.package_identification:_identify(venv/lib/python3.12/site-packages/setuptools/_vendor/zipp/compat/__pycache__) by extension 'colcon_pkg'
[0.820s] Level 1:colcon.colcon_core.package_identification:_identify(venv/lib/python3.12/site-packages/setuptools/_vendor/zipp/compat/__pycache__) by extensions ['colcon_meta']
[0.820s] Level 1:colcon.colcon_core.package_identification:_identify(venv/lib/python3.12/site-packages/setuptools/_vendor/zipp/compat/__pycache__) by extension 'colcon_meta'
[0.820s] Level 1:colcon.colcon_core.package_identification:_identify(venv/lib/python3.12/site-packages/setuptools/_vendor/zipp/compat/__pycache__) by extensions ['ros']
[0.820s] Level 1:colcon.colcon_core.package_identification:_identify(venv/lib/python3.12/site-packages/setuptools/_vendor/zipp/compat/__pycache__) by extension 'ros'
[0.820s] Level 1:colcon.colcon_core.package_identification:_identify(venv/lib/python3.12/site-packages/setuptools/_vendor/zipp/compat/__pycache__) by extensions ['cmake', 'python']
[0.820s] Level 1:colcon.colcon_core.package_identification:_identify(venv/lib/python3.12/site-packages/setuptools/_vendor/zipp/compat/__pycache__) by extension 'cmake'
[0.820s] Level 1:colcon.colcon_core.package_identification:_identify(venv/lib/python3.12/site-packages/setuptools/_vendor/zipp/compat/__pycache__) by extension 'python'
[0.820s] Level 1:colcon.colcon_core.package_identification:_identify(venv/lib/python3.12/site-packages/setuptools/_vendor/zipp/compat/__pycache__) by extensions ['python_setup_py']
[0.820s] Level 1:colcon.colcon_core.package_identification:_identify(venv/lib/python3.12/site-packages/setuptools/_vendor/zipp/compat/__pycache__) by extension 'python_setup_py'
[0.820s] Level 1:colcon.colcon_core.package_identification:_identify(venv/lib/python3.12/site-packages/setuptools/_vendor/zipp-3.23.0.dist-info) by extensions ['ignore', 'ignore_ament_install']
[0.820s] Level 1:colcon.colcon_core.package_identification:_identify(venv/lib/python3.12/site-packages/setuptools/_vendor/zipp-3.23.0.dist-info) by extension 'ignore'
[0.821s] Level 1:colcon.colcon_core.package_identification:_identify(venv/lib/python3.12/site-packages/setuptools/_vendor/zipp-3.23.0.dist-info) by extension 'ignore_ament_install'
[0.821s] Level 1:colcon.colcon_core.package_identification:_identify(venv/lib/python3.12/site-packages/setuptools/_vendor/zipp-3.23.0.dist-info) by extensions ['colcon_pkg']
[0.821s] Level 1:colcon.colcon_core.package_identification:_identify(venv/lib/python3.12/site-packages/setuptools/_vendor/zipp-3.23.0.dist-info) by extension 'colcon_pkg'
[0.821s] Level 1:colcon.colcon_core.package_identification:_identify(venv/lib/python3.12/site-packages/setuptools/_vendor/zipp-3.23.0.dist-info) by extensions ['colcon_meta']
[0.821s] Level 1:colcon.colcon_core.package_identification:_identify(venv/lib/python3.12/site-packages/setuptools/_vendor/zipp-3.23.0.dist-info) by extension 'colcon_meta'
[0.821s] Level 1:colcon.colcon_core.package_identification:_identify(venv/lib/python3.12/site-packages/setuptools/_vendor/zipp-3.23.0.dist-info) by extensions ['ros']
[0.821s] Level 1:colcon.colcon_core.package_identification:_identify(venv/lib/python3.12/site-packages/setuptools/_vendor/zipp-3.23.0.dist-info) by extension 'ros'
[0.821s] Level 1:colcon.colcon_core.package_identification:_identify(venv/lib/python3.12/site-packages/setuptools/_vendor/zipp-3.23.0.dist-info) by extensions ['cmake', 'python']
[0.821s] Level 1:colcon.colcon_core.package_identification:_identify(venv/lib/python3.12/site-packages/setuptools/_vendor/zipp-3.23.0.dist-info) by extension 'cmake'
[0.821s] Level 1:colcon.colcon_core.package_identification:_identify(venv/lib/python3.12/site-packages/setuptools/_vendor/zipp-3.23.0.dist-info) by extension 'python'
[0.821s] Level 1:colcon.colcon_core.package_identification:_identify(venv/lib/python3.12/site-packages/setuptools/_vendor/zipp-3.23.0.dist-info) by extensions ['python_setup_py']
[0.821s] Level 1:colcon.colcon_core.package_identification:_identify(venv/lib/python3.12/site-packages/setuptools/_vendor/zipp-3.23.0.dist-info) by extension 'python_setup_py'
[0.821s] Level 1:colcon.colcon_core.package_identification:_identify(venv/lib/python3.12/site-packages/setuptools/_vendor/zipp-3.23.0.dist-info/licenses) by extensions ['ignore', 'ignore_ament_install']
[0.821s] Level 1:colcon.colcon_core.package_identification:_identify(venv/lib/python3.12/site-packages/setuptools/_vendor/zipp-3.23.0.dist-info/licenses) by extension 'ignore'
[0.821s] Level 1:colcon.colcon_core.package_identification:_identify(venv/lib/python3.12/site-packages/setuptools/_vendor/zipp-3.23.0.dist-info/licenses) by extension 'ignore_ament_install'
[0.821s] Level 1:colcon.colcon_core.package_identification:_identify(venv/lib/python3.12/site-packages/setuptools/_vendor/zipp-3.23.0.dist-info/licenses) by extensions ['colcon_pkg']
[0.822s] Level 1:colcon.colcon_core.package_identification:_identify(venv/lib/python3.12/site-packages/setuptools/_vendor/zipp-3.23.0.dist-info/licenses) by extension 'colcon_pkg'
[0.822s] Level 1:colcon.colcon_core.package_identification:_identify(venv/lib/python3.12/site-packages/setuptools/_vendor/zipp-3.23.0.dist-info/licenses) by extensions ['colcon_meta']
[0.822s] Level 1:colcon.colcon_core.package_identification:_identify(venv/lib/python3.12/site-packages/setuptools/_vendor/zipp-3.23.0.dist-info/licenses) by extension 'colcon_meta'
[0.822s] Level 1:colcon.colcon_core.package_identification:_identify(venv/lib/python3.12/site-packages/setuptools/_vendor/zipp-3.23.0.dist-info/licenses) by extensions ['ros']
[0.822s] Level 1:colcon.colcon_core.package_identification:_identify(venv/lib/python3.12/site-packages/setuptools/_vendor/zipp-3.23.0.dist-info/licenses) by extension 'ros'
[0.822s] Level 1:colcon.colcon_core.package_identification:_identify(venv/lib/python3.12/site-packages/setuptools/_vendor/zipp-3.23.0.dist-info/licenses) by extensions ['cmake', 'python']
[0.822s] Level 1:colcon.colcon_core.package_identification:_identify(venv/lib/python3.12/site-packages/setuptools/_vendor/zipp-3.23.0.dist-info/licenses) by extension 'cmake'
[0.822s] Level 1:colcon.colcon_core.package_identification:_identify(venv/lib/python3.12/site-packages/setuptools/_vendor/zipp-3.23.0.dist-info/licenses) by extension 'python'
[0.822s] Level 1:colcon.colcon_core.package_identification:_identify(venv/lib/python3.12/site-packages/setuptools/_vendor/zipp-3.23.0.dist-info/licenses) by extensions ['python_setup_py']
[0.822s] Level 1:colcon.colcon_core.package_identification:_identify(venv/lib/python3.12/site-packages/setuptools/_vendor/zipp-3.23.0.dist-info/licenses) by extension 'python_setup_py'
[0.822s] Level 1:colcon.colcon_core.package_identification:_identify(venv/lib/python3.12/site-packages/setuptools/command) by extensions ['ignore', 'ignore_ament_install']
[0.822s] Level 1:colcon.colcon_core.package_identification:_identify(venv/lib/python3.12/site-packages/setuptools/command) by extension 'ignore'
[0.822s] Level 1:colcon.colcon_core.package_identification:_identify(venv/lib/python3.12/site-packages/setuptools/command) by extension 'ignore_ament_install'
[0.822s] Level 1:colcon.colcon_core.package_identification:_identify(venv/lib/python3.12/site-packages/setuptools/command) by extensions ['colcon_pkg']
[0.822s] Level 1:colcon.colcon_core.package_identification:_identify(venv/lib/python3.12/site-packages/setuptools/command) by extension 'colcon_pkg'
[0.822s] Level 1:colcon.colcon_core.package_identification:_identify(venv/lib/python3.12/site-packages/setuptools/command) by extensions ['colcon_meta']
[0.822s] Level 1:colcon.colcon_core.package_identification:_identify(venv/lib/python3.12/site-packages/setuptools/command) by extension 'colcon_meta'
[0.822s] Level 1:colcon.colcon_core.package_identification:_identify(venv/lib/python3.12/site-packages/setuptools/command) by extensions ['ros']
[0.823s] Level 1:colcon.colcon_core.package_identification:_identify(venv/lib/python3.12/site-packages/setuptools/command) by extension 'ros'
[0.823s] Level 1:colcon.colcon_core.package_identification:_identify(venv/lib/python3.12/site-packages/setuptools/command) by extensions ['cmake', 'python']
[0.823s] Level 1:colcon.colcon_core.package_identification:_identify(venv/lib/python3.12/site-packages/setuptools/command) by extension 'cmake'
[0.823s] Level 1:colcon.colcon_core.package_identification:_identify(venv/lib/python3.12/site-packages/setuptools/command) by extension 'python'
[0.823s] Level 1:colcon.colcon_core.package_identification:_identify(venv/lib/python3.12/site-packages/setuptools/command) by extensions ['python_setup_py']
[0.823s] Level 1:colcon.colcon_core.package_identification:_identify(venv/lib/python3.12/site-packages/setuptools/command) by extension 'python_setup_py'
[0.823s] Level 1:colcon.colcon_core.package_identification:_identify(venv/lib/python3.12/site-packages/setuptools/command/__pycache__) by extensions ['ignore', 'ignore_ament_install']
[0.823s] Level 1:colcon.colcon_core.package_identification:_identify(venv/lib/python3.12/site-packages/setuptools/command/__pycache__) by extension 'ignore'
[0.823s] Level 1:colcon.colcon_core.package_identification:_identify(venv/lib/python3.12/site-packages/setuptools/command/__pycache__) by extension 'ignore_ament_install'
[0.823s] Level 1:colcon.colcon_core.package_identification:_identify(venv/lib/python3.12/site-packages/setuptools/command/__pycache__) by extensions ['colcon_pkg']
[0.823s] Level 1:colcon.colcon_core.package_identification:_identify(venv/lib/python3.12/site-packages/setuptools/command/__pycache__) by extension 'colcon_pkg'
[0.823s] Level 1:colcon.colcon_core.package_identification:_identify(venv/lib/python3.12/site-packages/setuptools/command/__pycache__) by extensions ['colcon_meta']
[0.823s] Level 1:colcon.colcon_core.package_identification:_identify(venv/lib/python3.12/site-packages/setuptools/command/__pycache__) by extension 'colcon_meta'
[0.823s] Level 1:colcon.colcon_core.package_identification:_identify(venv/lib/python3.12/site-packages/setuptools/command/__pycache__) by extensions ['ros']
[0.823s] Level 1:colcon.colcon_core.package_identification:_identify(venv/lib/python3.12/site-packages/setuptools/command/__pycache__) by extension 'ros'
[0.823s] Level 1:colcon.colcon_core.package_identification:_identify(venv/lib/python3.12/site-packages/setuptools/command/__pycache__) by extensions ['cmake', 'python']
[0.824s] Level 1:colcon.colcon_core.package_identification:_identify(venv/lib/python3.12/site-packages/setuptools/command/__pycache__) by extension 'cmake'
[0.824s] Level 1:colcon.colcon_core.package_identification:_identify(venv/lib/python3.12/site-packages/setuptools/command/__pycache__) by extension 'python'
[0.824s] Level 1:colcon.colcon_core.package_identification:_identify(venv/lib/python3.12/site-packages/setuptools/command/__pycache__) by extensions ['python_setup_py']
[0.824s] Level 1:colcon.colcon_core.package_identification:_identify(venv/lib/python3.12/site-packages/setuptools/command/__pycache__) by extension 'python_setup_py'
[0.824s] Level 1:colcon.colcon_core.package_identification:_identify(venv/lib/python3.12/site-packages/setuptools/compat) by extensions ['ignore', 'ignore_ament_install']
[0.824s] Level 1:colcon.colcon_core.package_identification:_identify(venv/lib/python3.12/site-packages/setuptools/compat) by extension 'ignore'
[0.824s] Level 1:colcon.colcon_core.package_identification:_identify(venv/lib/python3.12/site-packages/setuptools/compat) by extension 'ignore_ament_install'
[0.824s] Level 1:colcon.colcon_core.package_identification:_identify(venv/lib/python3.12/site-packages/setuptools/compat) by extensions ['colcon_pkg']
[0.824s] Level 1:colcon.colcon_core.package_identification:_identify(venv/lib/python3.12/site-packages/setuptools/compat) by extension 'colcon_pkg'
[0.824s] Level 1:colcon.colcon_core.package_identification:_identify(venv/lib/python3.12/site-packages/setuptools/compat) by extensions ['colcon_meta']
[0.824s] Level 1:colcon.colcon_core.package_identification:_identify(venv/lib/python3.12/site-packages/setuptools/compat) by extension 'colcon_meta'
[0.824s] Level 1:colcon.colcon_core.package_identification:_identify(venv/lib/python3.12/site-packages/setuptools/compat) by extensions ['ros']
[0.824s] Level 1:colcon.colcon_core.package_identification:_identify(venv/lib/python3.12/site-packages/setuptools/compat) by extension 'ros'
[0.824s] Level 1:colcon.colcon_core.package_identification:_identify(venv/lib/python3.12/site-packages/setuptools/compat) by extensions ['cmake', 'python']
[0.824s] Level 1:colcon.colcon_core.package_identification:_identify(venv/lib/python3.12/site-packages/setuptools/compat) by extension 'cmake'
[0.824s] Level 1:colcon.colcon_core.package_identification:_identify(venv/lib/python3.12/site-packages/setuptools/compat) by extension 'python'
[0.824s] Level 1:colcon.colcon_core.package_identification:_identify(venv/lib/python3.12/site-packages/setuptools/compat) by extensions ['python_setup_py']
[0.824s] Level 1:colcon.colcon_core.package_identification:_identify(venv/lib/python3.12/site-packages/setuptools/compat) by extension 'python_setup_py'
[0.825s] Level 1:colcon.colcon_core.package_identification:_identify(venv/lib/python3.12/site-packages/setuptools/compat/__pycache__) by extensions ['ignore', 'ignore_ament_install']
[0.825s] Level 1:colcon.colcon_core.package_identification:_identify(venv/lib/python3.12/site-packages/setuptools/compat/__pycache__) by extension 'ignore'
[0.825s] Level 1:colcon.colcon_core.package_identification:_identify(venv/lib/python3.12/site-packages/setuptools/compat/__pycache__) by extension 'ignore_ament_install'
[0.825s] Level 1:colcon.colcon_core.package_identification:_identify(venv/lib/python3.12/site-packages/setuptools/compat/__pycache__) by extensions ['colcon_pkg']
[0.825s] Level 1:colcon.colcon_core.package_identification:_identify(venv/lib/python3.12/site-packages/setuptools/compat/__pycache__) by extension 'colcon_pkg'
[0.825s] Level 1:colcon.colcon_core.package_identification:_identify(venv/lib/python3.12/site-packages/setuptools/compat/__pycache__) by extensions ['colcon_meta']
[0.825s] Level 1:colcon.colcon_core.package_identification:_identify(venv/lib/python3.12/site-packages/setuptools/compat/__pycache__) by extension 'colcon_meta'
[0.825s] Level 1:colcon.colcon_core.package_identification:_identify(venv/lib/python3.12/site-packages/setuptools/compat/__pycache__) by extensions ['ros']
[0.825s] Level 1:colcon.colcon_core.package_identification:_identify(venv/lib/python3.12/site-packages/setuptools/compat/__pycache__) by extension 'ros'
[0.825s] Level 1:colcon.colcon_core.package_identification:_identify(venv/lib/python3.12/site-packages/setuptools/compat/__pycache__) by extensions ['cmake', 'python']
[0.825s] Level 1:colcon.colcon_core.package_identification:_identify(venv/lib/python3.12/site-packages/setuptools/compat/__pycache__) by extension 'cmake'
[0.825s] Level 1:colcon.colcon_core.package_identification:_identify(venv/lib/python3.12/site-packages/setuptools/compat/__pycache__) by extension 'python'
[0.825s] Level 1:colcon.colcon_core.package_identification:_identify(venv/lib/python3.12/site-packages/setuptools/compat/__pycache__) by extensions ['python_setup_py']
[0.825s] Level 1:colcon.colcon_core.package_identification:_identify(venv/lib/python3.12/site-packages/setuptools/compat/__pycache__) by extension 'python_setup_py'
[0.825s] Level 1:colcon.colcon_core.package_identification:_identify(venv/lib/python3.12/site-packages/setuptools/config) by extensions ['ignore', 'ignore_ament_install']
[0.825s] Level 1:colcon.colcon_core.package_identification:_identify(venv/lib/python3.12/site-packages/setuptools/config) by extension 'ignore'
[0.826s] Level 1:colcon.colcon_core.package_identification:_identify(venv/lib/python3.12/site-packages/setuptools/config) by extension 'ignore_ament_install'
[0.826s] Level 1:colcon.colcon_core.package_identification:_identify(venv/lib/python3.12/site-packages/setuptools/config) by extensions ['colcon_pkg']
[0.826s] Level 1:colcon.colcon_core.package_identification:_identify(venv/lib/python3.12/site-packages/setuptools/config) by extension 'colcon_pkg'
[0.826s] Level 1:colcon.colcon_core.package_identification:_identify(venv/lib/python3.12/site-packages/setuptools/config) by extensions ['colcon_meta']
[0.826s] Level 1:colcon.colcon_core.package_identification:_identify(venv/lib/python3.12/site-packages/setuptools/config) by extension 'colcon_meta'
[0.826s] Level 1:colcon.colcon_core.package_identification:_identify(venv/lib/python3.12/site-packages/setuptools/config) by extensions ['ros']
[0.826s] Level 1:colcon.colcon_core.package_identification:_identify(venv/lib/python3.12/site-packages/setuptools/config) by extension 'ros'
[0.826s] Level 1:colcon.colcon_core.package_identification:_identify(venv/lib/python3.12/site-packages/setuptools/config) by extensions ['cmake', 'python']
[0.826s] Level 1:colcon.colcon_core.package_identification:_identify(venv/lib/python3.12/site-packages/setuptools/config) by extension 'cmake'
[0.826s] Level 1:colcon.colcon_core.package_identification:_identify(venv/lib/python3.12/site-packages/setuptools/config) by extension 'python'
[0.826s] Level 1:colcon.colcon_core.package_identification:_identify(venv/lib/python3.12/site-packages/setuptools/config) by extensions ['python_setup_py']
[0.826s] Level 1:colcon.colcon_core.package_identification:_identify(venv/lib/python3.12/site-packages/setuptools/config) by extension 'python_setup_py'
[0.826s] Level 1:colcon.colcon_core.package_identification:_identify(venv/lib/python3.12/site-packages/setuptools/config/__pycache__) by extensions ['ignore', 'ignore_ament_install']
[0.826s] Level 1:colcon.colcon_core.package_identification:_identify(venv/lib/python3.12/site-packages/setuptools/config/__pycache__) by extension 'ignore'
[0.826s] Level 1:colcon.colcon_core.package_identification:_identify(venv/lib/python3.12/site-packages/setuptools/config/__pycache__) by extension 'ignore_ament_install'
[0.826s] Level 1:colcon.colcon_core.package_identification:_identify(venv/lib/python3.12/site-packages/setuptools/config/__pycache__) by extensions ['colcon_pkg']
[0.826s] Level 1:colcon.colcon_core.package_identification:_identify(venv/lib/python3.12/site-packages/setuptools/config/__pycache__) by extension 'colcon_pkg'
[0.827s] Level 1:colcon.colcon_core.package_identification:_identify(venv/lib/python3.12/site-packages/setuptools/config/__pycache__) by extensions ['colcon_meta']
[0.827s] Level 1:colcon.colcon_core.package_identification:_identify(venv/lib/python3.12/site-packages/setuptools/config/__pycache__) by extension 'colcon_meta'
[0.827s] Level 1:colcon.colcon_core.package_identification:_identify(venv/lib/python3.12/site-packages/setuptools/config/__pycache__) by extensions ['ros']
[0.827s] Level 1:colcon.colcon_core.package_identification:_identify(venv/lib/python3.12/site-packages/setuptools/config/__pycache__) by extension 'ros'
[0.827s] Level 1:colcon.colcon_core.package_identification:_identify(venv/lib/python3.12/site-packages/setuptools/config/__pycache__) by extensions ['cmake', 'python']
[0.827s] Level 1:colcon.colcon_core.package_identification:_identify(venv/lib/python3.12/site-packages/setuptools/config/__pycache__) by extension 'cmake'
[0.827s] Level 1:colcon.colcon_core.package_identification:_identify(venv/lib/python3.12/site-packages/setuptools/config/__pycache__) by extension 'python'
[0.827s] Level 1:colcon.colcon_core.package_identification:_identify(venv/lib/python3.12/site-packages/setuptools/config/__pycache__) by extensions ['python_setup_py']
[0.827s] Level 1:colcon.colcon_core.package_identification:_identify(venv/lib/python3.12/site-packages/setuptools/config/__pycache__) by extension 'python_setup_py'
[0.827s] Level 1:colcon.colcon_core.package_identification:_identify(venv/lib/python3.12/site-packages/setuptools/config/_validate_pyproject) by extensions ['ignore', 'ignore_ament_install']
[0.827s] Level 1:colcon.colcon_core.package_identification:_identify(venv/lib/python3.12/site-packages/setuptools/config/_validate_pyproject) by extension 'ignore'
[0.827s] Level 1:colcon.colcon_core.package_identification:_identify(venv/lib/python3.12/site-packages/setuptools/config/_validate_pyproject) by extension 'ignore_ament_install'
[0.827s] Level 1:colcon.colcon_core.package_identification:_identify(venv/lib/python3.12/site-packages/setuptools/config/_validate_pyproject) by extensions ['colcon_pkg']
[0.827s] Level 1:colcon.colcon_core.package_identification:_identify(venv/lib/python3.12/site-packages/setuptools/config/_validate_pyproject) by extension 'colcon_pkg'
[0.827s] Level 1:colcon.colcon_core.package_identification:_identify(venv/lib/python3.12/site-packages/setuptools/config/_validate_pyproject) by extensions ['colcon_meta']
[0.827s] Level 1:colcon.colcon_core.package_identification:_identify(venv/lib/python3.12/site-packages/setuptools/config/_validate_pyproject) by extension 'colcon_meta'
[0.827s] Level 1:colcon.colcon_core.package_identification:_identify(venv/lib/python3.12/site-packages/setuptools/config/_validate_pyproject) by extensions ['ros']
[0.827s] Level 1:colcon.colcon_core.package_identification:_identify(venv/lib/python3.12/site-packages/setuptools/config/_validate_pyproject) by extension 'ros'
[0.828s] Level 1:colcon.colcon_core.package_identification:_identify(venv/lib/python3.12/site-packages/setuptools/config/_validate_pyproject) by extensions ['cmake', 'python']
[0.828s] Level 1:colcon.colcon_core.package_identification:_identify(venv/lib/python3.12/site-packages/setuptools/config/_validate_pyproject) by extension 'cmake'
[0.828s] Level 1:colcon.colcon_core.package_identification:_identify(venv/lib/python3.12/site-packages/setuptools/config/_validate_pyproject) by extension 'python'
[0.828s] Level 1:colcon.colcon_core.package_identification:_identify(venv/lib/python3.12/site-packages/setuptools/config/_validate_pyproject) by extensions ['python_setup_py']
[0.828s] Level 1:colcon.colcon_core.package_identification:_identify(venv/lib/python3.12/site-packages/setuptools/config/_validate_pyproject) by extension 'python_setup_py'
[0.828s] Level 1:colcon.colcon_core.package_identification:_identify(venv/lib/python3.12/site-packages/setuptools/config/_validate_pyproject/__pycache__) by extensions ['ignore', 'ignore_ament_install']
[0.828s] Level 1:colcon.colcon_core.package_identification:_identify(venv/lib/python3.12/site-packages/setuptools/config/_validate_pyproject/__pycache__) by extension 'ignore'
[0.828s] Level 1:colcon.colcon_core.package_identification:_identify(venv/lib/python3.12/site-packages/setuptools/config/_validate_pyproject/__pycache__) by extension 'ignore_ament_install'
[0.828s] Level 1:colcon.colcon_core.package_identification:_identify(venv/lib/python3.12/site-packages/setuptools/config/_validate_pyproject/__pycache__) by extensions ['colcon_pkg']
[0.828s] Level 1:colcon.colcon_core.package_identification:_identify(venv/lib/python3.12/site-packages/setuptools/config/_validate_pyproject/__pycache__) by extension 'colcon_pkg'
[0.828s] Level 1:colcon.colcon_core.package_identification:_identify(venv/lib/python3.12/site-packages/setuptools/config/_validate_pyproject/__pycache__) by extensions ['colcon_meta']
[0.828s] Level 1:colcon.colcon_core.package_identification:_identify(venv/lib/python3.12/site-packages/setuptools/config/_validate_pyproject/__pycache__) by extension 'colcon_meta'
[0.828s] Level 1:colcon.colcon_core.package_identification:_identify(venv/lib/python3.12/site-packages/setuptools/config/_validate_pyproject/__pycache__) by extensions ['ros']
[0.828s] Level 1:colcon.colcon_core.package_identification:_identify(venv/lib/python3.12/site-packages/setuptools/config/_validate_pyproject/__pycache__) by extension 'ros'
[0.828s] Level 1:colcon.colcon_core.package_identification:_identify(venv/lib/python3.12/site-packages/setuptools/config/_validate_pyproject/__pycache__) by extensions ['cmake', 'python']
[0.828s] Level 1:colcon.colcon_core.package_identification:_identify(venv/lib/python3.12/site-packages/setuptools/config/_validate_pyproject/__pycache__) by extension 'cmake'
[0.829s] Level 1:colcon.colcon_core.package_identification:_identify(venv/lib/python3.12/site-packages/setuptools/config/_validate_pyproject/__pycache__) by extension 'python'
[0.829s] Level 1:colcon.colcon_core.package_identification:_identify(venv/lib/python3.12/site-packages/setuptools/config/_validate_pyproject/__pycache__) by extensions ['python_setup_py']
[0.829s] Level 1:colcon.colcon_core.package_identification:_identify(venv/lib/python3.12/site-packages/setuptools/config/_validate_pyproject/__pycache__) by extension 'python_setup_py'
[0.829s] Level 1:colcon.colcon_core.package_identification:_identify(venv/lib/python3.12/site-packages/setuptools/tests) by extensions ['ignore', 'ignore_ament_install']
[0.829s] Level 1:colcon.colcon_core.package_identification:_identify(venv/lib/python3.12/site-packages/setuptools/tests) by extension 'ignore'
[0.829s] Level 1:colcon.colcon_core.package_identification:_identify(venv/lib/python3.12/site-packages/setuptools/tests) by extension 'ignore_ament_install'
[0.829s] Level 1:colcon.colcon_core.package_identification:_identify(venv/lib/python3.12/site-packages/setuptools/tests) by extensions ['colcon_pkg']
[0.829s] Level 1:colcon.colcon_core.package_identification:_identify(venv/lib/python3.12/site-packages/setuptools/tests) by extension 'colcon_pkg'
[0.829s] Level 1:colcon.colcon_core.package_identification:_identify(venv/lib/python3.12/site-packages/setuptools/tests) by extensions ['colcon_meta']
[0.829s] Level 1:colcon.colcon_core.package_identification:_identify(venv/lib/python3.12/site-packages/setuptools/tests) by extension 'colcon_meta'
[0.829s] Level 1:colcon.colcon_core.package_identification:_identify(venv/lib/python3.12/site-packages/setuptools/tests) by extensions ['ros']
[0.829s] Level 1:colcon.colcon_core.package_identification:_identify(venv/lib/python3.12/site-packages/setuptools/tests) by extension 'ros'
[0.829s] Level 1:colcon.colcon_core.package_identification:_identify(venv/lib/python3.12/site-packages/setuptools/tests) by extensions ['cmake', 'python']
[0.829s] Level 1:colcon.colcon_core.package_identification:_identify(venv/lib/python3.12/site-packages/setuptools/tests) by extension 'cmake'
[0.829s] Level 1:colcon.colcon_core.package_identification:_identify(venv/lib/python3.12/site-packages/setuptools/tests) by extension 'python'
[0.829s] Level 1:colcon.colcon_core.package_identification:_identify(venv/lib/python3.12/site-packages/setuptools/tests) by extensions ['python_setup_py']
[0.829s] Level 1:colcon.colcon_core.package_identification:_identify(venv/lib/python3.12/site-packages/setuptools/tests) by extension 'python_setup_py'
[0.830s] Level 1:colcon.colcon_core.package_identification:_identify(venv/lib/python3.12/site-packages/setuptools/tests/__pycache__) by extensions ['ignore', 'ignore_ament_install']
[0.830s] Level 1:colcon.colcon_core.package_identification:_identify(venv/lib/python3.12/site-packages/setuptools/tests/__pycache__) by extension 'ignore'
[0.830s] Level 1:colcon.colcon_core.package_identification:_identify(venv/lib/python3.12/site-packages/setuptools/tests/__pycache__) by extension 'ignore_ament_install'
[0.830s] Level 1:colcon.colcon_core.package_identification:_identify(venv/lib/python3.12/site-packages/setuptools/tests/__pycache__) by extensions ['colcon_pkg']
[0.830s] Level 1:colcon.colcon_core.package_identification:_identify(venv/lib/python3.12/site-packages/setuptools/tests/__pycache__) by extension 'colcon_pkg'
[0.830s] Level 1:colcon.colcon_core.package_identification:_identify(venv/lib/python3.12/site-packages/setuptools/tests/__pycache__) by extensions ['colcon_meta']
[0.830s] Level 1:colcon.colcon_core.package_identification:_identify(venv/lib/python3.12/site-packages/setuptools/tests/__pycache__) by extension 'colcon_meta'
[0.830s] Level 1:colcon.colcon_core.package_identification:_identify(venv/lib/python3.12/site-packages/setuptools/tests/__pycache__) by extensions ['ros']
[0.830s] Level 1:colcon.colcon_core.package_identification:_identify(venv/lib/python3.12/site-packages/setuptools/tests/__pycache__) by extension 'ros'
[0.830s] Level 1:colcon.colcon_core.package_identification:_identify(venv/lib/python3.12/site-packages/setuptools/tests/__pycache__) by extensions ['cmake', 'python']
[0.830s] Level 1:colcon.colcon_core.package_identification:_identify(venv/lib/python3.12/site-packages/setuptools/tests/__pycache__) by extension 'cmake'
[0.830s] Level 1:colcon.colcon_core.package_identification:_identify(venv/lib/python3.12/site-packages/setuptools/tests/__pycache__) by extension 'python'
[0.830s] Level 1:colcon.colcon_core.package_identification:_identify(venv/lib/python3.12/site-packages/setuptools/tests/__pycache__) by extensions ['python_setup_py']
[0.830s] Level 1:colcon.colcon_core.package_identification:_identify(venv/lib/python3.12/site-packages/setuptools/tests/__pycache__) by extension 'python_setup_py'
[0.830s] Level 1:colcon.colcon_core.package_identification:_identify(venv/lib/python3.12/site-packages/setuptools/tests/compat) by extensions ['ignore', 'ignore_ament_install']
[0.831s] Level 1:colcon.colcon_core.package_identification:_identify(venv/lib/python3.12/site-packages/setuptools/tests/compat) by extension 'ignore'
[0.831s] Level 1:colcon.colcon_core.package_identification:_identify(venv/lib/python3.12/site-packages/setuptools/tests/compat) by extension 'ignore_ament_install'
[0.831s] Level 1:colcon.colcon_core.package_identification:_identify(venv/lib/python3.12/site-packages/setuptools/tests/compat) by extensions ['colcon_pkg']
[0.831s] Level 1:colcon.colcon_core.package_identification:_identify(venv/lib/python3.12/site-packages/setuptools/tests/compat) by extension 'colcon_pkg'
[0.831s] Level 1:colcon.colcon_core.package_identification:_identify(venv/lib/python3.12/site-packages/setuptools/tests/compat) by extensions ['colcon_meta']
[0.831s] Level 1:colcon.colcon_core.package_identification:_identify(venv/lib/python3.12/site-packages/setuptools/tests/compat) by extension 'colcon_meta'
[0.831s] Level 1:colcon.colcon_core.package_identification:_identify(venv/lib/python3.12/site-packages/setuptools/tests/compat) by extensions ['ros']
[0.831s] Level 1:colcon.colcon_core.package_identification:_identify(venv/lib/python3.12/site-packages/setuptools/tests/compat) by extension 'ros'
[0.831s] Level 1:colcon.colcon_core.package_identification:_identify(venv/lib/python3.12/site-packages/setuptools/tests/compat) by extensions ['cmake', 'python']
[0.831s] Level 1:colcon.colcon_core.package_identification:_identify(venv/lib/python3.12/site-packages/setuptools/tests/compat) by extension 'cmake'
[0.831s] Level 1:colcon.colcon_core.package_identification:_identify(venv/lib/python3.12/site-packages/setuptools/tests/compat) by extension 'python'
[0.831s] Level 1:colcon.colcon_core.package_identification:_identify(venv/lib/python3.12/site-packages/setuptools/tests/compat) by extensions ['python_setup_py']
[0.831s] Level 1:colcon.colcon_core.package_identification:_identify(venv/lib/python3.12/site-packages/setuptools/tests/compat) by extension 'python_setup_py'
[0.831s] Level 1:colcon.colcon_core.package_identification:_identify(venv/lib/python3.12/site-packages/setuptools/tests/compat/__pycache__) by extensions ['ignore', 'ignore_ament_install']
[0.831s] Level 1:colcon.colcon_core.package_identification:_identify(venv/lib/python3.12/site-packages/setuptools/tests/compat/__pycache__) by extension 'ignore'
[0.831s] Level 1:colcon.colcon_core.package_identification:_identify(venv/lib/python3.12/site-packages/setuptools/tests/compat/__pycache__) by extension 'ignore_ament_install'
[0.832s] Level 1:colcon.colcon_core.package_identification:_identify(venv/lib/python3.12/site-packages/setuptools/tests/compat/__pycache__) by extensions ['colcon_pkg']
[0.832s] Level 1:colcon.colcon_core.package_identification:_identify(venv/lib/python3.12/site-packages/setuptools/tests/compat/__pycache__) by extension 'colcon_pkg'
[0.832s] Level 1:colcon.colcon_core.package_identification:_identify(venv/lib/python3.12/site-packages/setuptools/tests/compat/__pycache__) by extensions ['colcon_meta']
[0.832s] Level 1:colcon.colcon_core.package_identification:_identify(venv/lib/python3.12/site-packages/setuptools/tests/compat/__pycache__) by extension 'colcon_meta'
[0.832s] Level 1:colcon.colcon_core.package_identification:_identify(venv/lib/python3.12/site-packages/setuptools/tests/compat/__pycache__) by extensions ['ros']
[0.832s] Level 1:colcon.colcon_core.package_identification:_identify(venv/lib/python3.12/site-packages/setuptools/tests/compat/__pycache__) by extension 'ros'
[0.832s] Level 1:colcon.colcon_core.package_identification:_identify(venv/lib/python3.12/site-packages/setuptools/tests/compat/__pycache__) by extensions ['cmake', 'python']
[0.832s] Level 1:colcon.colcon_core.package_identification:_identify(venv/lib/python3.12/site-packages/setuptools/tests/compat/__pycache__) by extension 'cmake'
[0.832s] Level 1:colcon.colcon_core.package_identification:_identify(venv/lib/python3.12/site-packages/setuptools/tests/compat/__pycache__) by extension 'python'
[0.832s] Level 1:colcon.colcon_core.package_identification:_identify(venv/lib/python3.12/site-packages/setuptools/tests/compat/__pycache__) by extensions ['python_setup_py']
[0.832s] Level 1:colcon.colcon_core.package_identification:_identify(venv/lib/python3.12/site-packages/setuptools/tests/compat/__pycache__) by extension 'python_setup_py'
[0.832s] Level 1:colcon.colcon_core.package_identification:_identify(venv/lib/python3.12/site-packages/setuptools/tests/config) by extensions ['ignore', 'ignore_ament_install']
[0.832s] Level 1:colcon.colcon_core.package_identification:_identify(venv/lib/python3.12/site-packages/setuptools/tests/config) by extension 'ignore'
[0.832s] Level 1:colcon.colcon_core.package_identification:_identify(venv/lib/python3.12/site-packages/setuptools/tests/config) by extension 'ignore_ament_install'
[0.832s] Level 1:colcon.colcon_core.package_identification:_identify(venv/lib/python3.12/site-packages/setuptools/tests/config) by extensions ['colcon_pkg']
[0.832s] Level 1:colcon.colcon_core.package_identification:_identify(venv/lib/python3.12/site-packages/setuptools/tests/config) by extension 'colcon_pkg'
[0.832s] Level 1:colcon.colcon_core.package_identification:_identify(venv/lib/python3.12/site-packages/setuptools/tests/config) by extensions ['colcon_meta']
[0.833s] Level 1:colcon.colcon_core.package_identification:_identify(venv/lib/python3.12/site-packages/setuptools/tests/config) by extension 'colcon_meta'
[0.833s] Level 1:colcon.colcon_core.package_identification:_identify(venv/lib/python3.12/site-packages/setuptools/tests/config) by extensions ['ros']
[0.833s] Level 1:colcon.colcon_core.package_identification:_identify(venv/lib/python3.12/site-packages/setuptools/tests/config) by extension 'ros'
[0.833s] Level 1:colcon.colcon_core.package_identification:_identify(venv/lib/python3.12/site-packages/setuptools/tests/config) by extensions ['cmake', 'python']
[0.833s] Level 1:colcon.colcon_core.package_identification:_identify(venv/lib/python3.12/site-packages/setuptools/tests/config) by extension 'cmake'
[0.833s] Level 1:colcon.colcon_core.package_identification:_identify(venv/lib/python3.12/site-packages/setuptools/tests/config) by extension 'python'
[0.833s] Level 1:colcon.colcon_core.package_identification:_identify(venv/lib/python3.12/site-packages/setuptools/tests/config) by extensions ['python_setup_py']
[0.833s] Level 1:colcon.colcon_core.package_identification:_identify(venv/lib/python3.12/site-packages/setuptools/tests/config) by extension 'python_setup_py'
[0.833s] Level 1:colcon.colcon_core.package_identification:_identify(venv/lib/python3.12/site-packages/setuptools/tests/config/__pycache__) by extensions ['ignore', 'ignore_ament_install']
[0.833s] Level 1:colcon.colcon_core.package_identification:_identify(venv/lib/python3.12/site-packages/setuptools/tests/config/__pycache__) by extension 'ignore'
[0.833s] Level 1:colcon.colcon_core.package_identification:_identify(venv/lib/python3.12/site-packages/setuptools/tests/config/__pycache__) by extension 'ignore_ament_install'
[0.833s] Level 1:colcon.colcon_core.package_identification:_identify(venv/lib/python3.12/site-packages/setuptools/tests/config/__pycache__) by extensions ['colcon_pkg']
[0.833s] Level 1:colcon.colcon_core.package_identification:_identify(venv/lib/python3.12/site-packages/setuptools/tests/config/__pycache__) by extension 'colcon_pkg'
[0.833s] Level 1:colcon.colcon_core.package_identification:_identify(venv/lib/python3.12/site-packages/setuptools/tests/config/__pycache__) by extensions ['colcon_meta']
[0.833s] Level 1:colcon.colcon_core.package_identification:_identify(venv/lib/python3.12/site-packages/setuptools/tests/config/__pycache__) by extension 'colcon_meta'
[0.833s] Level 1:colcon.colcon_core.package_identification:_identify(venv/lib/python3.12/site-packages/setuptools/tests/config/__pycache__) by extensions ['ros']
[0.833s] Level 1:colcon.colcon_core.package_identification:_identify(venv/lib/python3.12/site-packages/setuptools/tests/config/__pycache__) by extension 'ros'
[0.834s] Level 1:colcon.colcon_core.package_identification:_identify(venv/lib/python3.12/site-packages/setuptools/tests/config/__pycache__) by extensions ['cmake', 'python']
[0.834s] Level 1:colcon.colcon_core.package_identification:_identify(venv/lib/python3.12/site-packages/setuptools/tests/config/__pycache__) by extension 'cmake'
[0.834s] Level 1:colcon.colcon_core.package_identification:_identify(venv/lib/python3.12/site-packages/setuptools/tests/config/__pycache__) by extension 'python'
[0.834s] Level 1:colcon.colcon_core.package_identification:_identify(venv/lib/python3.12/site-packages/setuptools/tests/config/__pycache__) by extensions ['python_setup_py']
[0.834s] Level 1:colcon.colcon_core.package_identification:_identify(venv/lib/python3.12/site-packages/setuptools/tests/config/__pycache__) by extension 'python_setup_py'
[0.834s] Level 1:colcon.colcon_core.package_identification:_identify(venv/lib/python3.12/site-packages/setuptools/tests/config/downloads) by extensions ['ignore', 'ignore_ament_install']
[0.834s] Level 1:colcon.colcon_core.package_identification:_identify(venv/lib/python3.12/site-packages/setuptools/tests/config/downloads) by extension 'ignore'
[0.834s] Level 1:colcon.colcon_core.package_identification:_identify(venv/lib/python3.12/site-packages/setuptools/tests/config/downloads) by extension 'ignore_ament_install'
[0.834s] Level 1:colcon.colcon_core.package_identification:_identify(venv/lib/python3.12/site-packages/setuptools/tests/config/downloads) by extensions ['colcon_pkg']
[0.834s] Level 1:colcon.colcon_core.package_identification:_identify(venv/lib/python3.12/site-packages/setuptools/tests/config/downloads) by extension 'colcon_pkg'
[0.834s] Level 1:colcon.colcon_core.package_identification:_identify(venv/lib/python3.12/site-packages/setuptools/tests/config/downloads) by extensions ['colcon_meta']
[0.834s] Level 1:colcon.colcon_core.package_identification:_identify(venv/lib/python3.12/site-packages/setuptools/tests/config/downloads) by extension 'colcon_meta'
[0.834s] Level 1:colcon.colcon_core.package_identification:_identify(venv/lib/python3.12/site-packages/setuptools/tests/config/downloads) by extensions ['ros']
[0.834s] Level 1:colcon.colcon_core.package_identification:_identify(venv/lib/python3.12/site-packages/setuptools/tests/config/downloads) by extension 'ros'
[0.834s] Level 1:colcon.colcon_core.package_identification:_identify(venv/lib/python3.12/site-packages/setuptools/tests/config/downloads) by extensions ['cmake', 'python']
[0.834s] Level 1:colcon.colcon_core.package_identification:_identify(venv/lib/python3.12/site-packages/setuptools/tests/config/downloads) by extension 'cmake'
[0.834s] Level 1:colcon.colcon_core.package_identification:_identify(venv/lib/python3.12/site-packages/setuptools/tests/config/downloads) by extension 'python'
[0.835s] Level 1:colcon.colcon_core.package_identification:_identify(venv/lib/python3.12/site-packages/setuptools/tests/config/downloads) by extensions ['python_setup_py']
[0.835s] Level 1:colcon.colcon_core.package_identification:_identify(venv/lib/python3.12/site-packages/setuptools/tests/config/downloads) by extension 'python_setup_py'
[0.835s] Level 1:colcon.colcon_core.package_identification:_identify(venv/lib/python3.12/site-packages/setuptools/tests/config/downloads/__pycache__) by extensions ['ignore', 'ignore_ament_install']
[0.835s] Level 1:colcon.colcon_core.package_identification:_identify(venv/lib/python3.12/site-packages/setuptools/tests/config/downloads/__pycache__) by extension 'ignore'
[0.835s] Level 1:colcon.colcon_core.package_identification:_identify(venv/lib/python3.12/site-packages/setuptools/tests/config/downloads/__pycache__) by extension 'ignore_ament_install'
[0.835s] Level 1:colcon.colcon_core.package_identification:_identify(venv/lib/python3.12/site-packages/setuptools/tests/config/downloads/__pycache__) by extensions ['colcon_pkg']
[0.835s] Level 1:colcon.colcon_core.package_identification:_identify(venv/lib/python3.12/site-packages/setuptools/tests/config/downloads/__pycache__) by extension 'colcon_pkg'
[0.835s] Level 1:colcon.colcon_core.package_identification:_identify(venv/lib/python3.12/site-packages/setuptools/tests/config/downloads/__pycache__) by extensions ['colcon_meta']
[0.835s] Level 1:colcon.colcon_core.package_identification:_identify(venv/lib/python3.12/site-packages/setuptools/tests/config/downloads/__pycache__) by extension 'colcon_meta'
[0.835s] Level 1:colcon.colcon_core.package_identification:_identify(venv/lib/python3.12/site-packages/setuptools/tests/config/downloads/__pycache__) by extensions ['ros']
[0.835s] Level 1:colcon.colcon_core.package_identification:_identify(venv/lib/python3.12/site-packages/setuptools/tests/config/downloads/__pycache__) by extension 'ros'
[0.835s] Level 1:colcon.colcon_core.package_identification:_identify(venv/lib/python3.12/site-packages/setuptools/tests/config/downloads/__pycache__) by extensions ['cmake', 'python']
[0.835s] Level 1:colcon.colcon_core.package_identification:_identify(venv/lib/python3.12/site-packages/setuptools/tests/config/downloads/__pycache__) by extension 'cmake'
[0.835s] Level 1:colcon.colcon_core.package_identification:_identify(venv/lib/python3.12/site-packages/setuptools/tests/config/downloads/__pycache__) by extension 'python'
[0.835s] Level 1:colcon.colcon_core.package_identification:_identify(venv/lib/python3.12/site-packages/setuptools/tests/config/downloads/__pycache__) by extensions ['python_setup_py']
[0.835s] Level 1:colcon.colcon_core.package_identification:_identify(venv/lib/python3.12/site-packages/setuptools/tests/config/downloads/__pycache__) by extension 'python_setup_py'
[0.836s] Level 1:colcon.colcon_core.package_identification:_identify(venv/lib/python3.12/site-packages/setuptools/tests/indexes) by extensions ['ignore', 'ignore_ament_install']
[0.836s] Level 1:colcon.colcon_core.package_identification:_identify(venv/lib/python3.12/site-packages/setuptools/tests/indexes) by extension 'ignore'
[0.836s] Level 1:colcon.colcon_core.package_identification:_identify(venv/lib/python3.12/site-packages/setuptools/tests/indexes) by extension 'ignore_ament_install'
[0.836s] Level 1:colcon.colcon_core.package_identification:_identify(venv/lib/python3.12/site-packages/setuptools/tests/indexes) by extensions ['colcon_pkg']
[0.836s] Level 1:colcon.colcon_core.package_identification:_identify(venv/lib/python3.12/site-packages/setuptools/tests/indexes) by extension 'colcon_pkg'
[0.836s] Level 1:colcon.colcon_core.package_identification:_identify(venv/lib/python3.12/site-packages/setuptools/tests/indexes) by extensions ['colcon_meta']
[0.836s] Level 1:colcon.colcon_core.package_identification:_identify(venv/lib/python3.12/site-packages/setuptools/tests/indexes) by extension 'colcon_meta'
[0.836s] Level 1:colcon.colcon_core.package_identification:_identify(venv/lib/python3.12/site-packages/setuptools/tests/indexes) by extensions ['ros']
[0.836s] Level 1:colcon.colcon_core.package_identification:_identify(venv/lib/python3.12/site-packages/setuptools/tests/indexes) by extension 'ros'
[0.836s] Level 1:colcon.colcon_core.package_identification:_identify(venv/lib/python3.12/site-packages/setuptools/tests/indexes) by extensions ['cmake', 'python']
[0.836s] Level 1:colcon.colcon_core.package_identification:_identify(venv/lib/python3.12/site-packages/setuptools/tests/indexes) by extension 'cmake'
[0.836s] Level 1:colcon.colcon_core.package_identification:_identify(venv/lib/python3.12/site-packages/setuptools/tests/indexes) by extension 'python'
[0.836s] Level 1:colcon.colcon_core.package_identification:_identify(venv/lib/python3.12/site-packages/setuptools/tests/indexes) by extensions ['python_setup_py']
[0.836s] Level 1:colcon.colcon_core.package_identification:_identify(venv/lib/python3.12/site-packages/setuptools/tests/indexes) by extension 'python_setup_py'
[0.836s] Level 1:colcon.colcon_core.package_identification:_identify(venv/lib/python3.12/site-packages/setuptools/tests/indexes/test_links_priority) by extensions ['ignore', 'ignore_ament_install']
[0.836s] Level 1:colcon.colcon_core.package_identification:_identify(venv/lib/python3.12/site-packages/setuptools/tests/indexes/test_links_priority) by extension 'ignore'
[0.837s] Level 1:colcon.colcon_core.package_identification:_identify(venv/lib/python3.12/site-packages/setuptools/tests/indexes/test_links_priority) by extension 'ignore_ament_install'
[0.837s] Level 1:colcon.colcon_core.package_identification:_identify(venv/lib/python3.12/site-packages/setuptools/tests/indexes/test_links_priority) by extensions ['colcon_pkg']
[0.837s] Level 1:colcon.colcon_core.package_identification:_identify(venv/lib/python3.12/site-packages/setuptools/tests/indexes/test_links_priority) by extension 'colcon_pkg'
[0.837s] Level 1:colcon.colcon_core.package_identification:_identify(venv/lib/python3.12/site-packages/setuptools/tests/indexes/test_links_priority) by extensions ['colcon_meta']
[0.837s] Level 1:colcon.colcon_core.package_identification:_identify(venv/lib/python3.12/site-packages/setuptools/tests/indexes/test_links_priority) by extension 'colcon_meta'
[0.837s] Level 1:colcon.colcon_core.package_identification:_identify(venv/lib/python3.12/site-packages/setuptools/tests/indexes/test_links_priority) by extensions ['ros']
[0.837s] Level 1:colcon.colcon_core.package_identification:_identify(venv/lib/python3.12/site-packages/setuptools/tests/indexes/test_links_priority) by extension 'ros'
[0.837s] Level 1:colcon.colcon_core.package_identification:_identify(venv/lib/python3.12/site-packages/setuptools/tests/indexes/test_links_priority) by extensions ['cmake', 'python']
[0.837s] Level 1:colcon.colcon_core.package_identification:_identify(venv/lib/python3.12/site-packages/setuptools/tests/indexes/test_links_priority) by extension 'cmake'
[0.837s] Level 1:colcon.colcon_core.package_identification:_identify(venv/lib/python3.12/site-packages/setuptools/tests/indexes/test_links_priority) by extension 'python'
[0.837s] Level 1:colcon.colcon_core.package_identification:_identify(venv/lib/python3.12/site-packages/setuptools/tests/indexes/test_links_priority) by extensions ['python_setup_py']
[0.837s] Level 1:colcon.colcon_core.package_identification:_identify(venv/lib/python3.12/site-packages/setuptools/tests/indexes/test_links_priority) by extension 'python_setup_py'
[0.837s] Level 1:colcon.colcon_core.package_identification:_identify(venv/lib/python3.12/site-packages/setuptools/tests/indexes/test_links_priority/simple) by extensions ['ignore', 'ignore_ament_install']
[0.837s] Level 1:colcon.colcon_core.package_identification:_identify(venv/lib/python3.12/site-packages/setuptools/tests/indexes/test_links_priority/simple) by extension 'ignore'
[0.837s] Level 1:colcon.colcon_core.package_identification:_identify(venv/lib/python3.12/site-packages/setuptools/tests/indexes/test_links_priority/simple) by extension 'ignore_ament_install'
[0.837s] Level 1:colcon.colcon_core.package_identification:_identify(venv/lib/python3.12/site-packages/setuptools/tests/indexes/test_links_priority/simple) by extensions ['colcon_pkg']
[0.838s] Level 1:colcon.colcon_core.package_identification:_identify(venv/lib/python3.12/site-packages/setuptools/tests/indexes/test_links_priority/simple) by extension 'colcon_pkg'
[0.838s] Level 1:colcon.colcon_core.package_identification:_identify(venv/lib/python3.12/site-packages/setuptools/tests/indexes/test_links_priority/simple) by extensions ['colcon_meta']
[0.838s] Level 1:colcon.colcon_core.package_identification:_identify(venv/lib/python3.12/site-packages/setuptools/tests/indexes/test_links_priority/simple) by extension 'colcon_meta'
[0.838s] Level 1:colcon.colcon_core.package_identification:_identify(venv/lib/python3.12/site-packages/setuptools/tests/indexes/test_links_priority/simple) by extensions ['ros']
[0.838s] Level 1:colcon.colcon_core.package_identification:_identify(venv/lib/python3.12/site-packages/setuptools/tests/indexes/test_links_priority/simple) by extension 'ros'
[0.838s] Level 1:colcon.colcon_core.package_identification:_identify(venv/lib/python3.12/site-packages/setuptools/tests/indexes/test_links_priority/simple) by extensions ['cmake', 'python']
[0.838s] Level 1:colcon.colcon_core.package_identification:_identify(venv/lib/python3.12/site-packages/setuptools/tests/indexes/test_links_priority/simple) by extension 'cmake'
[0.838s] Level 1:colcon.colcon_core.package_identification:_identify(venv/lib/python3.12/site-packages/setuptools/tests/indexes/test_links_priority/simple) by extension 'python'
[0.838s] Level 1:colcon.colcon_core.package_identification:_identify(venv/lib/python3.12/site-packages/setuptools/tests/indexes/test_links_priority/simple) by extensions ['python_setup_py']
[0.838s] Level 1:colcon.colcon_core.package_identification:_identify(venv/lib/python3.12/site-packages/setuptools/tests/indexes/test_links_priority/simple) by extension 'python_setup_py'
[0.838s] Level 1:colcon.colcon_core.package_identification:_identify(venv/lib/python3.12/site-packages/setuptools/tests/indexes/test_links_priority/simple/foobar) by extensions ['ignore', 'ignore_ament_install']
[0.838s] Level 1:colcon.colcon_core.package_identification:_identify(venv/lib/python3.12/site-packages/setuptools/tests/indexes/test_links_priority/simple/foobar) by extension 'ignore'
[0.838s] Level 1:colcon.colcon_core.package_identification:_identify(venv/lib/python3.12/site-packages/setuptools/tests/indexes/test_links_priority/simple/foobar) by extension 'ignore_ament_install'
[0.838s] Level 1:colcon.colcon_core.package_identification:_identify(venv/lib/python3.12/site-packages/setuptools/tests/indexes/test_links_priority/simple/foobar) by extensions ['colcon_pkg']
[0.838s] Level 1:colcon.colcon_core.package_identification:_identify(venv/lib/python3.12/site-packages/setuptools/tests/indexes/test_links_priority/simple/foobar) by extension 'colcon_pkg'
[0.838s] Level 1:colcon.colcon_core.package_identification:_identify(venv/lib/python3.12/site-packages/setuptools/tests/indexes/test_links_priority/simple/foobar) by extensions ['colcon_meta']
[0.838s] Level 1:colcon.colcon_core.package_identification:_identify(venv/lib/python3.12/site-packages/setuptools/tests/indexes/test_links_priority/simple/foobar) by extension 'colcon_meta'
[0.839s] Level 1:colcon.colcon_core.package_identification:_identify(venv/lib/python3.12/site-packages/setuptools/tests/indexes/test_links_priority/simple/foobar) by extensions ['ros']
[0.839s] Level 1:colcon.colcon_core.package_identification:_identify(venv/lib/python3.12/site-packages/setuptools/tests/indexes/test_links_priority/simple/foobar) by extension 'ros'
[0.839s] Level 1:colcon.colcon_core.package_identification:_identify(venv/lib/python3.12/site-packages/setuptools/tests/indexes/test_links_priority/simple/foobar) by extensions ['cmake', 'python']
[0.839s] Level 1:colcon.colcon_core.package_identification:_identify(venv/lib/python3.12/site-packages/setuptools/tests/indexes/test_links_priority/simple/foobar) by extension 'cmake'
[0.839s] Level 1:colcon.colcon_core.package_identification:_identify(venv/lib/python3.12/site-packages/setuptools/tests/indexes/test_links_priority/simple/foobar) by extension 'python'
[0.839s] Level 1:colcon.colcon_core.package_identification:_identify(venv/lib/python3.12/site-packages/setuptools/tests/indexes/test_links_priority/simple/foobar) by extensions ['python_setup_py']
[0.839s] Level 1:colcon.colcon_core.package_identification:_identify(venv/lib/python3.12/site-packages/setuptools/tests/indexes/test_links_priority/simple/foobar) by extension 'python_setup_py'
[0.839s] Level 1:colcon.colcon_core.package_identification:_identify(venv/lib/python3.12/site-packages/setuptools/tests/integration) by extensions ['ignore', 'ignore_ament_install']
[0.839s] Level 1:colcon.colcon_core.package_identification:_identify(venv/lib/python3.12/site-packages/setuptools/tests/integration) by extension 'ignore'
[0.839s] Level 1:colcon.colcon_core.package_identification:_identify(venv/lib/python3.12/site-packages/setuptools/tests/integration) by extension 'ignore_ament_install'
[0.839s] Level 1:colcon.colcon_core.package_identification:_identify(venv/lib/python3.12/site-packages/setuptools/tests/integration) by extensions ['colcon_pkg']
[0.839s] Level 1:colcon.colcon_core.package_identification:_identify(venv/lib/python3.12/site-packages/setuptools/tests/integration) by extension 'colcon_pkg'
[0.839s] Level 1:colcon.colcon_core.package_identification:_identify(venv/lib/python3.12/site-packages/setuptools/tests/integration) by extensions ['colcon_meta']
[0.839s] Level 1:colcon.colcon_core.package_identification:_identify(venv/lib/python3.12/site-packages/setuptools/tests/integration) by extension 'colcon_meta'
[0.839s] Level 1:colcon.colcon_core.package_identification:_identify(venv/lib/python3.12/site-packages/setuptools/tests/integration) by extensions ['ros']
[0.839s] Level 1:colcon.colcon_core.package_identification:_identify(venv/lib/python3.12/site-packages/setuptools/tests/integration) by extension 'ros'
[0.840s] Level 1:colcon.colcon_core.package_identification:_identify(venv/lib/python3.12/site-packages/setuptools/tests/integration) by extensions ['cmake', 'python']
[0.840s] Level 1:colcon.colcon_core.package_identification:_identify(venv/lib/python3.12/site-packages/setuptools/tests/integration) by extension 'cmake'
[0.840s] Level 1:colcon.colcon_core.package_identification:_identify(venv/lib/python3.12/site-packages/setuptools/tests/integration) by extension 'python'
[0.840s] Level 1:colcon.colcon_core.package_identification:_identify(venv/lib/python3.12/site-packages/setuptools/tests/integration) by extensions ['python_setup_py']
[0.840s] Level 1:colcon.colcon_core.package_identification:_identify(venv/lib/python3.12/site-packages/setuptools/tests/integration) by extension 'python_setup_py'
[0.840s] Level 1:colcon.colcon_core.package_identification:_identify(venv/lib/python3.12/site-packages/setuptools/tests/integration/__pycache__) by extensions ['ignore', 'ignore_ament_install']
[0.840s] Level 1:colcon.colcon_core.package_identification:_identify(venv/lib/python3.12/site-packages/setuptools/tests/integration/__pycache__) by extension 'ignore'
[0.840s] Level 1:colcon.colcon_core.package_identification:_identify(venv/lib/python3.12/site-packages/setuptools/tests/integration/__pycache__) by extension 'ignore_ament_install'
[0.840s] Level 1:colcon.colcon_core.package_identification:_identify(venv/lib/python3.12/site-packages/setuptools/tests/integration/__pycache__) by extensions ['colcon_pkg']
[0.840s] Level 1:colcon.colcon_core.package_identification:_identify(venv/lib/python3.12/site-packages/setuptools/tests/integration/__pycache__) by extension 'colcon_pkg'
[0.840s] Level 1:colcon.colcon_core.package_identification:_identify(venv/lib/python3.12/site-packages/setuptools/tests/integration/__pycache__) by extensions ['colcon_meta']
[0.840s] Level 1:colcon.colcon_core.package_identification:_identify(venv/lib/python3.12/site-packages/setuptools/tests/integration/__pycache__) by extension 'colcon_meta'
[0.840s] Level 1:colcon.colcon_core.package_identification:_identify(venv/lib/python3.12/site-packages/setuptools/tests/integration/__pycache__) by extensions ['ros']
[0.840s] Level 1:colcon.colcon_core.package_identification:_identify(venv/lib/python3.12/site-packages/setuptools/tests/integration/__pycache__) by extension 'ros'
[0.840s] Level 1:colcon.colcon_core.package_identification:_identify(venv/lib/python3.12/site-packages/setuptools/tests/integration/__pycache__) by extensions ['cmake', 'python']
[0.840s] Level 1:colcon.colcon_core.package_identification:_identify(venv/lib/python3.12/site-packages/setuptools/tests/integration/__pycache__) by extension 'cmake'
[0.840s] Level 1:colcon.colcon_core.package_identification:_identify(venv/lib/python3.12/site-packages/setuptools/tests/integration/__pycache__) by extension 'python'
[0.841s] Level 1:colcon.colcon_core.package_identification:_identify(venv/lib/python3.12/site-packages/setuptools/tests/integration/__pycache__) by extensions ['python_setup_py']
[0.841s] Level 1:colcon.colcon_core.package_identification:_identify(venv/lib/python3.12/site-packages/setuptools/tests/integration/__pycache__) by extension 'python_setup_py'
[0.841s] Level 1:colcon.colcon_core.package_identification:_identify(venv/lib/python3.12/site-packages/setuptools-82.0.1.dist-info) by extensions ['ignore', 'ignore_ament_install']
[0.841s] Level 1:colcon.colcon_core.package_identification:_identify(venv/lib/python3.12/site-packages/setuptools-82.0.1.dist-info) by extension 'ignore'
[0.841s] Level 1:colcon.colcon_core.package_identification:_identify(venv/lib/python3.12/site-packages/setuptools-82.0.1.dist-info) by extension 'ignore_ament_install'
[0.841s] Level 1:colcon.colcon_core.package_identification:_identify(venv/lib/python3.12/site-packages/setuptools-82.0.1.dist-info) by extensions ['colcon_pkg']
[0.841s] Level 1:colcon.colcon_core.package_identification:_identify(venv/lib/python3.12/site-packages/setuptools-82.0.1.dist-info) by extension 'colcon_pkg'
[0.841s] Level 1:colcon.colcon_core.package_identification:_identify(venv/lib/python3.12/site-packages/setuptools-82.0.1.dist-info) by extensions ['colcon_meta']
[0.841s] Level 1:colcon.colcon_core.package_identification:_identify(venv/lib/python3.12/site-packages/setuptools-82.0.1.dist-info) by extension 'colcon_meta'
[0.841s] Level 1:colcon.colcon_core.package_identification:_identify(venv/lib/python3.12/site-packages/setuptools-82.0.1.dist-info) by extensions ['ros']
[0.841s] Level 1:colcon.colcon_core.package_identification:_identify(venv/lib/python3.12/site-packages/setuptools-82.0.1.dist-info) by extension 'ros'
[0.841s] Level 1:colcon.colcon_core.package_identification:_identify(venv/lib/python3.12/site-packages/setuptools-82.0.1.dist-info) by extensions ['cmake', 'python']
[0.841s] Level 1:colcon.colcon_core.package_identification:_identify(venv/lib/python3.12/site-packages/setuptools-82.0.1.dist-info) by extension 'cmake'
[0.841s] Level 1:colcon.colcon_core.package_identification:_identify(venv/lib/python3.12/site-packages/setuptools-82.0.1.dist-info) by extension 'python'
[0.841s] Level 1:colcon.colcon_core.package_identification:_identify(venv/lib/python3.12/site-packages/setuptools-82.0.1.dist-info) by extensions ['python_setup_py']
[0.841s] Level 1:colcon.colcon_core.package_identification:_identify(venv/lib/python3.12/site-packages/setuptools-82.0.1.dist-info) by extension 'python_setup_py'
[0.841s] Level 1:colcon.colcon_core.package_identification:_identify(venv/lib/python3.12/site-packages/setuptools-82.0.1.dist-info/licenses) by extensions ['ignore', 'ignore_ament_install']
[0.842s] Level 1:colcon.colcon_core.package_identification:_identify(venv/lib/python3.12/site-packages/setuptools-82.0.1.dist-info/licenses) by extension 'ignore'
[0.842s] Level 1:colcon.colcon_core.package_identification:_identify(venv/lib/python3.12/site-packages/setuptools-82.0.1.dist-info/licenses) by extension 'ignore_ament_install'
[0.842s] Level 1:colcon.colcon_core.package_identification:_identify(venv/lib/python3.12/site-packages/setuptools-82.0.1.dist-info/licenses) by extensions ['colcon_pkg']
[0.842s] Level 1:colcon.colcon_core.package_identification:_identify(venv/lib/python3.12/site-packages/setuptools-82.0.1.dist-info/licenses) by extension 'colcon_pkg'
[0.842s] Level 1:colcon.colcon_core.package_identification:_identify(venv/lib/python3.12/site-packages/setuptools-82.0.1.dist-info/licenses) by extensions ['colcon_meta']
[0.842s] Level 1:colcon.colcon_core.package_identification:_identify(venv/lib/python3.12/site-packages/setuptools-82.0.1.dist-info/licenses) by extension 'colcon_meta'
[0.842s] Level 1:colcon.colcon_core.package_identification:_identify(venv/lib/python3.12/site-packages/setuptools-82.0.1.dist-info/licenses) by extensions ['ros']
[0.842s] Level 1:colcon.colcon_core.package_identification:_identify(venv/lib/python3.12/site-packages/setuptools-82.0.1.dist-info/licenses) by extension 'ros'
[0.842s] Level 1:colcon.colcon_core.package_identification:_identify(venv/lib/python3.12/site-packages/setuptools-82.0.1.dist-info/licenses) by extensions ['cmake', 'python']
[0.842s] Level 1:colcon.colcon_core.package_identification:_identify(venv/lib/python3.12/site-packages/setuptools-82.0.1.dist-info/licenses) by extension 'cmake'
[0.842s] Level 1:colcon.colcon_core.package_identification:_identify(venv/lib/python3.12/site-packages/setuptools-82.0.1.dist-info/licenses) by extension 'python'
[0.842s] Level 1:colcon.colcon_core.package_identification:_identify(venv/lib/python3.12/site-packages/setuptools-82.0.1.dist-info/licenses) by extensions ['python_setup_py']
[0.842s] Level 1:colcon.colcon_core.package_identification:_identify(venv/lib/python3.12/site-packages/setuptools-82.0.1.dist-info/licenses) by extension 'python_setup_py'
[0.842s] Level 1:colcon.colcon_core.package_identification:_identify(venv/lib/python3.12/site-packages/smbus2) by extensions ['ignore', 'ignore_ament_install']
[0.842s] Level 1:colcon.colcon_core.package_identification:_identify(venv/lib/python3.12/site-packages/smbus2) by extension 'ignore'
[0.842s] Level 1:colcon.colcon_core.package_identification:_identify(venv/lib/python3.12/site-packages/smbus2) by extension 'ignore_ament_install'
[0.842s] Level 1:colcon.colcon_core.package_identification:_identify(venv/lib/python3.12/site-packages/smbus2) by extensions ['colcon_pkg']
[0.843s] Level 1:colcon.colcon_core.package_identification:_identify(venv/lib/python3.12/site-packages/smbus2) by extension 'colcon_pkg'
[0.843s] Level 1:colcon.colcon_core.package_identification:_identify(venv/lib/python3.12/site-packages/smbus2) by extensions ['colcon_meta']
[0.843s] Level 1:colcon.colcon_core.package_identification:_identify(venv/lib/python3.12/site-packages/smbus2) by extension 'colcon_meta'
[0.843s] Level 1:colcon.colcon_core.package_identification:_identify(venv/lib/python3.12/site-packages/smbus2) by extensions ['ros']
[0.843s] Level 1:colcon.colcon_core.package_identification:_identify(venv/lib/python3.12/site-packages/smbus2) by extension 'ros'
[0.843s] Level 1:colcon.colcon_core.package_identification:_identify(venv/lib/python3.12/site-packages/smbus2) by extensions ['cmake', 'python']
[0.843s] Level 1:colcon.colcon_core.package_identification:_identify(venv/lib/python3.12/site-packages/smbus2) by extension 'cmake'
[0.843s] Level 1:colcon.colcon_core.package_identification:_identify(venv/lib/python3.12/site-packages/smbus2) by extension 'python'
[0.843s] Level 1:colcon.colcon_core.package_identification:_identify(venv/lib/python3.12/site-packages/smbus2) by extensions ['python_setup_py']
[0.843s] Level 1:colcon.colcon_core.package_identification:_identify(venv/lib/python3.12/site-packages/smbus2) by extension 'python_setup_py'
[0.843s] Level 1:colcon.colcon_core.package_identification:_identify(venv/lib/python3.12/site-packages/smbus2/__pycache__) by extensions ['ignore', 'ignore_ament_install']
[0.843s] Level 1:colcon.colcon_core.package_identification:_identify(venv/lib/python3.12/site-packages/smbus2/__pycache__) by extension 'ignore'
[0.843s] Level 1:colcon.colcon_core.package_identification:_identify(venv/lib/python3.12/site-packages/smbus2/__pycache__) by extension 'ignore_ament_install'
[0.843s] Level 1:colcon.colcon_core.package_identification:_identify(venv/lib/python3.12/site-packages/smbus2/__pycache__) by extensions ['colcon_pkg']
[0.843s] Level 1:colcon.colcon_core.package_identification:_identify(venv/lib/python3.12/site-packages/smbus2/__pycache__) by extension 'colcon_pkg'
[0.843s] Level 1:colcon.colcon_core.package_identification:_identify(venv/lib/python3.12/site-packages/smbus2/__pycache__) by extensions ['colcon_meta']
[0.843s] Level 1:colcon.colcon_core.package_identification:_identify(venv/lib/python3.12/site-packages/smbus2/__pycache__) by extension 'colcon_meta'
[0.843s] Level 1:colcon.colcon_core.package_identification:_identify(venv/lib/python3.12/site-packages/smbus2/__pycache__) by extensions ['ros']
[0.843s] Level 1:colcon.colcon_core.package_identification:_identify(venv/lib/python3.12/site-packages/smbus2/__pycache__) by extension 'ros'
[0.844s] Level 1:colcon.colcon_core.package_identification:_identify(venv/lib/python3.12/site-packages/smbus2/__pycache__) by extensions ['cmake', 'python']
[0.844s] Level 1:colcon.colcon_core.package_identification:_identify(venv/lib/python3.12/site-packages/smbus2/__pycache__) by extension 'cmake'
[0.844s] Level 1:colcon.colcon_core.package_identification:_identify(venv/lib/python3.12/site-packages/smbus2/__pycache__) by extension 'python'
[0.844s] Level 1:colcon.colcon_core.package_identification:_identify(venv/lib/python3.12/site-packages/smbus2/__pycache__) by extensions ['python_setup_py']
[0.844s] Level 1:colcon.colcon_core.package_identification:_identify(venv/lib/python3.12/site-packages/smbus2/__pycache__) by extension 'python_setup_py'
[0.844s] Level 1:colcon.colcon_core.package_identification:_identify(venv/lib/python3.12/site-packages/smbus2-0.6.1.dist-info) by extensions ['ignore', 'ignore_ament_install']
[0.844s] Level 1:colcon.colcon_core.package_identification:_identify(venv/lib/python3.12/site-packages/smbus2-0.6.1.dist-info) by extension 'ignore'
[0.844s] Level 1:colcon.colcon_core.package_identification:_identify(venv/lib/python3.12/site-packages/smbus2-0.6.1.dist-info) by extension 'ignore_ament_install'
[0.844s] Level 1:colcon.colcon_core.package_identification:_identify(venv/lib/python3.12/site-packages/smbus2-0.6.1.dist-info) by extensions ['colcon_pkg']
[0.844s] Level 1:colcon.colcon_core.package_identification:_identify(venv/lib/python3.12/site-packages/smbus2-0.6.1.dist-info) by extension 'colcon_pkg'
[0.844s] Level 1:colcon.colcon_core.package_identification:_identify(venv/lib/python3.12/site-packages/smbus2-0.6.1.dist-info) by extensions ['colcon_meta']
[0.844s] Level 1:colcon.colcon_core.package_identification:_identify(venv/lib/python3.12/site-packages/smbus2-0.6.1.dist-info) by extension 'colcon_meta'
[0.844s] Level 1:colcon.colcon_core.package_identification:_identify(venv/lib/python3.12/site-packages/smbus2-0.6.1.dist-info) by extensions ['ros']
[0.844s] Level 1:colcon.colcon_core.package_identification:_identify(venv/lib/python3.12/site-packages/smbus2-0.6.1.dist-info) by extension 'ros'
[0.844s] Level 1:colcon.colcon_core.package_identification:_identify(venv/lib/python3.12/site-packages/smbus2-0.6.1.dist-info) by extensions ['cmake', 'python']
[0.844s] Level 1:colcon.colcon_core.package_identification:_identify(venv/lib/python3.12/site-packages/smbus2-0.6.1.dist-info) by extension 'cmake'
[0.844s] Level 1:colcon.colcon_core.package_identification:_identify(venv/lib/python3.12/site-packages/smbus2-0.6.1.dist-info) by extension 'python'
[0.844s] Level 1:colcon.colcon_core.package_identification:_identify(venv/lib/python3.12/site-packages/smbus2-0.6.1.dist-info) by extensions ['python_setup_py']
[0.845s] Level 1:colcon.colcon_core.package_identification:_identify(venv/lib/python3.12/site-packages/smbus2-0.6.1.dist-info) by extension 'python_setup_py'
[0.845s] Level 1:colcon.colcon_core.package_identification:_identify(venv/lib/python3.12/site-packages/smbus2-0.6.1.dist-info/licenses) by extensions ['ignore', 'ignore_ament_install']
[0.845s] Level 1:colcon.colcon_core.package_identification:_identify(venv/lib/python3.12/site-packages/smbus2-0.6.1.dist-info/licenses) by extension 'ignore'
[0.845s] Level 1:colcon.colcon_core.package_identification:_identify(venv/lib/python3.12/site-packages/smbus2-0.6.1.dist-info/licenses) by extension 'ignore_ament_install'
[0.845s] Level 1:colcon.colcon_core.package_identification:_identify(venv/lib/python3.12/site-packages/smbus2-0.6.1.dist-info/licenses) by extensions ['colcon_pkg']
[0.845s] Level 1:colcon.colcon_core.package_identification:_identify(venv/lib/python3.12/site-packages/smbus2-0.6.1.dist-info/licenses) by extension 'colcon_pkg'
[0.845s] Level 1:colcon.colcon_core.package_identification:_identify(venv/lib/python3.12/site-packages/smbus2-0.6.1.dist-info/licenses) by extensions ['colcon_meta']
[0.845s] Level 1:colcon.colcon_core.package_identification:_identify(venv/lib/python3.12/site-packages/smbus2-0.6.1.dist-info/licenses) by extension 'colcon_meta'
[0.845s] Level 1:colcon.colcon_core.package_identification:_identify(venv/lib/python3.12/site-packages/smbus2-0.6.1.dist-info/licenses) by extensions ['ros']
[0.845s] Level 1:colcon.colcon_core.package_identification:_identify(venv/lib/python3.12/site-packages/smbus2-0.6.1.dist-info/licenses) by extension 'ros'
[0.845s] Level 1:colcon.colcon_core.package_identification:_identify(venv/lib/python3.12/site-packages/smbus2-0.6.1.dist-info/licenses) by extensions ['cmake', 'python']
[0.845s] Level 1:colcon.colcon_core.package_identification:_identify(venv/lib/python3.12/site-packages/smbus2-0.6.1.dist-info/licenses) by extension 'cmake'
[0.845s] Level 1:colcon.colcon_core.package_identification:_identify(venv/lib/python3.12/site-packages/smbus2-0.6.1.dist-info/licenses) by extension 'python'
[0.845s] Level 1:colcon.colcon_core.package_identification:_identify(venv/lib/python3.12/site-packages/smbus2-0.6.1.dist-info/licenses) by extensions ['python_setup_py']
[0.845s] Level 1:colcon.colcon_core.package_identification:_identify(venv/lib/python3.12/site-packages/smbus2-0.6.1.dist-info/licenses) by extension 'python_setup_py'
[0.845s] Level 1:colcon.colcon_core.package_identification:_identify(venv/lib/python3.12/site-packages/wheel) by extensions ['ignore', 'ignore_ament_install']
[0.846s] Level 1:colcon.colcon_core.package_identification:_identify(venv/lib/python3.12/site-packages/wheel) by extension 'ignore'
[0.846s] Level 1:colcon.colcon_core.package_identification:_identify(venv/lib/python3.12/site-packages/wheel) by extension 'ignore_ament_install'
[0.846s] Level 1:colcon.colcon_core.package_identification:_identify(venv/lib/python3.12/site-packages/wheel) by extensions ['colcon_pkg']
[0.846s] Level 1:colcon.colcon_core.package_identification:_identify(venv/lib/python3.12/site-packages/wheel) by extension 'colcon_pkg'
[0.846s] Level 1:colcon.colcon_core.package_identification:_identify(venv/lib/python3.12/site-packages/wheel) by extensions ['colcon_meta']
[0.846s] Level 1:colcon.colcon_core.package_identification:_identify(venv/lib/python3.12/site-packages/wheel) by extension 'colcon_meta'
[0.846s] Level 1:colcon.colcon_core.package_identification:_identify(venv/lib/python3.12/site-packages/wheel) by extensions ['ros']
[0.846s] Level 1:colcon.colcon_core.package_identification:_identify(venv/lib/python3.12/site-packages/wheel) by extension 'ros'
[0.846s] Level 1:colcon.colcon_core.package_identification:_identify(venv/lib/python3.12/site-packages/wheel) by extensions ['cmake', 'python']
[0.846s] Level 1:colcon.colcon_core.package_identification:_identify(venv/lib/python3.12/site-packages/wheel) by extension 'cmake'
[0.846s] Level 1:colcon.colcon_core.package_identification:_identify(venv/lib/python3.12/site-packages/wheel) by extension 'python'
[0.846s] Level 1:colcon.colcon_core.package_identification:_identify(venv/lib/python3.12/site-packages/wheel) by extensions ['python_setup_py']
[0.846s] Level 1:colcon.colcon_core.package_identification:_identify(venv/lib/python3.12/site-packages/wheel) by extension 'python_setup_py'
[0.846s] Level 1:colcon.colcon_core.package_identification:_identify(venv/lib/python3.12/site-packages/wheel/__pycache__) by extensions ['ignore', 'ignore_ament_install']
[0.846s] Level 1:colcon.colcon_core.package_identification:_identify(venv/lib/python3.12/site-packages/wheel/__pycache__) by extension 'ignore'
[0.846s] Level 1:colcon.colcon_core.package_identification:_identify(venv/lib/python3.12/site-packages/wheel/__pycache__) by extension 'ignore_ament_install'
[0.847s] Level 1:colcon.colcon_core.package_identification:_identify(venv/lib/python3.12/site-packages/wheel/__pycache__) by extensions ['colcon_pkg']
[0.847s] Level 1:colcon.colcon_core.package_identification:_identify(venv/lib/python3.12/site-packages/wheel/__pycache__) by extension 'colcon_pkg'
[0.847s] Level 1:colcon.colcon_core.package_identification:_identify(venv/lib/python3.12/site-packages/wheel/__pycache__) by extensions ['colcon_meta']
[0.847s] Level 1:colcon.colcon_core.package_identification:_identify(venv/lib/python3.12/site-packages/wheel/__pycache__) by extension 'colcon_meta'
[0.847s] Level 1:colcon.colcon_core.package_identification:_identify(venv/lib/python3.12/site-packages/wheel/__pycache__) by extensions ['ros']
[0.847s] Level 1:colcon.colcon_core.package_identification:_identify(venv/lib/python3.12/site-packages/wheel/__pycache__) by extension 'ros'
[0.847s] Level 1:colcon.colcon_core.package_identification:_identify(venv/lib/python3.12/site-packages/wheel/__pycache__) by extensions ['cmake', 'python']
[0.847s] Level 1:colcon.colcon_core.package_identification:_identify(venv/lib/python3.12/site-packages/wheel/__pycache__) by extension 'cmake'
[0.847s] Level 1:colcon.colcon_core.package_identification:_identify(venv/lib/python3.12/site-packages/wheel/__pycache__) by extension 'python'
[0.847s] Level 1:colcon.colcon_core.package_identification:_identify(venv/lib/python3.12/site-packages/wheel/__pycache__) by extensions ['python_setup_py']
[0.847s] Level 1:colcon.colcon_core.package_identification:_identify(venv/lib/python3.12/site-packages/wheel/__pycache__) by extension 'python_setup_py'
[0.847s] Level 1:colcon.colcon_core.package_identification:_identify(venv/lib/python3.12/site-packages/wheel/_commands) by extensions ['ignore', 'ignore_ament_install']
[0.847s] Level 1:colcon.colcon_core.package_identification:_identify(venv/lib/python3.12/site-packages/wheel/_commands) by extension 'ignore'
[0.847s] Level 1:colcon.colcon_core.package_identification:_identify(venv/lib/python3.12/site-packages/wheel/_commands) by extension 'ignore_ament_install'
[0.847s] Level 1:colcon.colcon_core.package_identification:_identify(venv/lib/python3.12/site-packages/wheel/_commands) by extensions ['colcon_pkg']
[0.847s] Level 1:colcon.colcon_core.package_identification:_identify(venv/lib/python3.12/site-packages/wheel/_commands) by extension 'colcon_pkg'
[0.847s] Level 1:colcon.colcon_core.package_identification:_identify(venv/lib/python3.12/site-packages/wheel/_commands) by extensions ['colcon_meta']
[0.847s] Level 1:colcon.colcon_core.package_identification:_identify(venv/lib/python3.12/site-packages/wheel/_commands) by extension 'colcon_meta'
[0.847s] Level 1:colcon.colcon_core.package_identification:_identify(venv/lib/python3.12/site-packages/wheel/_commands) by extensions ['ros']
[0.848s] Level 1:colcon.colcon_core.package_identification:_identify(venv/lib/python3.12/site-packages/wheel/_commands) by extension 'ros'
[0.848s] Level 1:colcon.colcon_core.package_identification:_identify(venv/lib/python3.12/site-packages/wheel/_commands) by extensions ['cmake', 'python']
[0.848s] Level 1:colcon.colcon_core.package_identification:_identify(venv/lib/python3.12/site-packages/wheel/_commands) by extension 'cmake'
[0.848s] Level 1:colcon.colcon_core.package_identification:_identify(venv/lib/python3.12/site-packages/wheel/_commands) by extension 'python'
[0.848s] Level 1:colcon.colcon_core.package_identification:_identify(venv/lib/python3.12/site-packages/wheel/_commands) by extensions ['python_setup_py']
[0.848s] Level 1:colcon.colcon_core.package_identification:_identify(venv/lib/python3.12/site-packages/wheel/_commands) by extension 'python_setup_py'
[0.848s] Level 1:colcon.colcon_core.package_identification:_identify(venv/lib/python3.12/site-packages/wheel/_commands/__pycache__) by extensions ['ignore', 'ignore_ament_install']
[0.848s] Level 1:colcon.colcon_core.package_identification:_identify(venv/lib/python3.12/site-packages/wheel/_commands/__pycache__) by extension 'ignore'
[0.848s] Level 1:colcon.colcon_core.package_identification:_identify(venv/lib/python3.12/site-packages/wheel/_commands/__pycache__) by extension 'ignore_ament_install'
[0.848s] Level 1:colcon.colcon_core.package_identification:_identify(venv/lib/python3.12/site-packages/wheel/_commands/__pycache__) by extensions ['colcon_pkg']
[0.848s] Level 1:colcon.colcon_core.package_identification:_identify(venv/lib/python3.12/site-packages/wheel/_commands/__pycache__) by extension 'colcon_pkg'
[0.848s] Level 1:colcon.colcon_core.package_identification:_identify(venv/lib/python3.12/site-packages/wheel/_commands/__pycache__) by extensions ['colcon_meta']
[0.848s] Level 1:colcon.colcon_core.package_identification:_identify(venv/lib/python3.12/site-packages/wheel/_commands/__pycache__) by extension 'colcon_meta'
[0.848s] Level 1:colcon.colcon_core.package_identification:_identify(venv/lib/python3.12/site-packages/wheel/_commands/__pycache__) by extensions ['ros']
[0.848s] Level 1:colcon.colcon_core.package_identification:_identify(venv/lib/python3.12/site-packages/wheel/_commands/__pycache__) by extension 'ros'
[0.848s] Level 1:colcon.colcon_core.package_identification:_identify(venv/lib/python3.12/site-packages/wheel/_commands/__pycache__) by extensions ['cmake', 'python']
[0.848s] Level 1:colcon.colcon_core.package_identification:_identify(venv/lib/python3.12/site-packages/wheel/_commands/__pycache__) by extension 'cmake'
[0.849s] Level 1:colcon.colcon_core.package_identification:_identify(venv/lib/python3.12/site-packages/wheel/_commands/__pycache__) by extension 'python'
[0.849s] Level 1:colcon.colcon_core.package_identification:_identify(venv/lib/python3.12/site-packages/wheel/_commands/__pycache__) by extensions ['python_setup_py']
[0.849s] Level 1:colcon.colcon_core.package_identification:_identify(venv/lib/python3.12/site-packages/wheel/_commands/__pycache__) by extension 'python_setup_py'
[0.849s] Level 1:colcon.colcon_core.package_identification:_identify(venv/lib/python3.12/site-packages/wheel-0.47.0.dist-info) by extensions ['ignore', 'ignore_ament_install']
[0.849s] Level 1:colcon.colcon_core.package_identification:_identify(venv/lib/python3.12/site-packages/wheel-0.47.0.dist-info) by extension 'ignore'
[0.849s] Level 1:colcon.colcon_core.package_identification:_identify(venv/lib/python3.12/site-packages/wheel-0.47.0.dist-info) by extension 'ignore_ament_install'
[0.849s] Level 1:colcon.colcon_core.package_identification:_identify(venv/lib/python3.12/site-packages/wheel-0.47.0.dist-info) by extensions ['colcon_pkg']
[0.849s] Level 1:colcon.colcon_core.package_identification:_identify(venv/lib/python3.12/site-packages/wheel-0.47.0.dist-info) by extension 'colcon_pkg'
[0.849s] Level 1:colcon.colcon_core.package_identification:_identify(venv/lib/python3.12/site-packages/wheel-0.47.0.dist-info) by extensions ['colcon_meta']
[0.849s] Level 1:colcon.colcon_core.package_identification:_identify(venv/lib/python3.12/site-packages/wheel-0.47.0.dist-info) by extension 'colcon_meta'
[0.849s] Level 1:colcon.colcon_core.package_identification:_identify(venv/lib/python3.12/site-packages/wheel-0.47.0.dist-info) by extensions ['ros']
[0.849s] Level 1:colcon.colcon_core.package_identification:_identify(venv/lib/python3.12/site-packages/wheel-0.47.0.dist-info) by extension 'ros'
[0.849s] Level 1:colcon.colcon_core.package_identification:_identify(venv/lib/python3.12/site-packages/wheel-0.47.0.dist-info) by extensions ['cmake', 'python']
[0.849s] Level 1:colcon.colcon_core.package_identification:_identify(venv/lib/python3.12/site-packages/wheel-0.47.0.dist-info) by extension 'cmake'
[0.849s] Level 1:colcon.colcon_core.package_identification:_identify(venv/lib/python3.12/site-packages/wheel-0.47.0.dist-info) by extension 'python'
[0.849s] Level 1:colcon.colcon_core.package_identification:_identify(venv/lib/python3.12/site-packages/wheel-0.47.0.dist-info) by extensions ['python_setup_py']
[0.849s] Level 1:colcon.colcon_core.package_identification:_identify(venv/lib/python3.12/site-packages/wheel-0.47.0.dist-info) by extension 'python_setup_py'
[0.850s] Level 1:colcon.colcon_core.package_identification:_identify(venv/lib/python3.12/site-packages/wheel-0.47.0.dist-info/licenses) by extensions ['ignore', 'ignore_ament_install']
[0.850s] Level 1:colcon.colcon_core.package_identification:_identify(venv/lib/python3.12/site-packages/wheel-0.47.0.dist-info/licenses) by extension 'ignore'
[0.850s] Level 1:colcon.colcon_core.package_identification:_identify(venv/lib/python3.12/site-packages/wheel-0.47.0.dist-info/licenses) by extension 'ignore_ament_install'
[0.850s] Level 1:colcon.colcon_core.package_identification:_identify(venv/lib/python3.12/site-packages/wheel-0.47.0.dist-info/licenses) by extensions ['colcon_pkg']
[0.850s] Level 1:colcon.colcon_core.package_identification:_identify(venv/lib/python3.12/site-packages/wheel-0.47.0.dist-info/licenses) by extension 'colcon_pkg'
[0.850s] Level 1:colcon.colcon_core.package_identification:_identify(venv/lib/python3.12/site-packages/wheel-0.47.0.dist-info/licenses) by extensions ['colcon_meta']
[0.850s] Level 1:colcon.colcon_core.package_identification:_identify(venv/lib/python3.12/site-packages/wheel-0.47.0.dist-info/licenses) by extension 'colcon_meta'
[0.850s] Level 1:colcon.colcon_core.package_identification:_identify(venv/lib/python3.12/site-packages/wheel-0.47.0.dist-info/licenses) by extensions ['ros']
[0.850s] Level 1:colcon.colcon_core.package_identification:_identify(venv/lib/python3.12/site-packages/wheel-0.47.0.dist-info/licenses) by extension 'ros'
[0.850s] Level 1:colcon.colcon_core.package_identification:_identify(venv/lib/python3.12/site-packages/wheel-0.47.0.dist-info/licenses) by extensions ['cmake', 'python']
[0.850s] Level 1:colcon.colcon_core.package_identification:_identify(venv/lib/python3.12/site-packages/wheel-0.47.0.dist-info/licenses) by extension 'cmake'
[0.850s] Level 1:colcon.colcon_core.package_identification:_identify(venv/lib/python3.12/site-packages/wheel-0.47.0.dist-info/licenses) by extension 'python'
[0.850s] Level 1:colcon.colcon_core.package_identification:_identify(venv/lib/python3.12/site-packages/wheel-0.47.0.dist-info/licenses) by extensions ['python_setup_py']
[0.850s] Level 1:colcon.colcon_core.package_identification:_identify(venv/lib/python3.12/site-packages/wheel-0.47.0.dist-info/licenses) by extension 'python_setup_py'
[0.850s] Level 1:colcon.colcon_core.package_discovery:discover_packages(recursive) using defaults
[0.850s] Level 1:colcon.colcon_core.package_discovery:discover_packages(ignore) discover
[0.850s] Level 1:colcon.colcon_core.package_discovery:discover_packages(ignore) using defaults
[0.850s] Level 1:colcon.colcon_core.package_discovery:discover_packages(path) discover
[0.851s] Level 1:colcon.colcon_core.package_discovery:discover_packages(path) using defaults
[0.902s] INFO:colcon.colcon_core.package_selection:Skipping not selected package 'agrobot_detect' in 'src/agrobot_detect'
[0.902s] INFO:colcon.colcon_core.package_selection:Skipping not selected package 'agrobot_interfaces' in 'src/agrobot_interfaces'
[0.902s] INFO:colcon.colcon_core.package_selection:Skipping not selected package 'basicmicro_ros2' in 'src/basicmicro_ros2'
[0.902s] INFO:colcon.colcon_core.package_selection:Skipping not selected package 'examples_rclcpp_async_client' in 'src/examples/rclcpp/services/async_client'
[0.902s] INFO:colcon.colcon_core.package_selection:Skipping not selected package 'examples_rclcpp_cbg_executor' in 'src/examples/rclcpp/executors/cbg_executor'
[0.902s] INFO:colcon.colcon_core.package_selection:Skipping not selected package 'examples_rclcpp_minimal_action_client' in 'src/examples/rclcpp/actions/minimal_action_client'
[0.902s] INFO:colcon.colcon_core.package_selection:Skipping not selected package 'examples_rclcpp_minimal_action_server' in 'src/examples/rclcpp/actions/minimal_action_server'
[0.902s] INFO:colcon.colcon_core.package_selection:Skipping not selected package 'examples_rclcpp_minimal_client' in 'src/examples/rclcpp/services/minimal_client'
[0.902s] INFO:colcon.colcon_core.package_selection:Skipping not selected package 'examples_rclcpp_minimal_composition' in 'src/examples/rclcpp/composition/minimal_composition'
[0.902s] INFO:colcon.colcon_core.package_selection:Skipping not selected package 'examples_rclcpp_minimal_publisher' in 'src/examples/rclcpp/topics/minimal_publisher'
[0.902s] INFO:colcon.colcon_core.package_selection:Skipping not selected package 'examples_rclcpp_minimal_service' in 'src/examples/rclcpp/services/minimal_service'
[0.902s] INFO:colcon.colcon_core.package_selection:Skipping not selected package 'examples_rclcpp_minimal_subscriber' in 'src/examples/rclcpp/topics/minimal_subscriber'
[0.902s] INFO:colcon.colcon_core.package_selection:Skipping not selected package 'examples_rclcpp_minimal_timer' in 'src/examples/rclcpp/timers/minimal_timer'
[0.902s] INFO:colcon.colcon_core.package_selection:Skipping not selected package 'examples_rclcpp_multithreaded_executor' in 'src/examples/rclcpp/executors/multithreaded_executor'
[0.902s] INFO:colcon.colcon_core.package_selection:Skipping not selected package 'examples_rclcpp_wait_set' in 'src/examples/rclcpp/wait_set'
[0.902s] INFO:colcon.colcon_core.package_selection:Skipping not selected package 'examples_rclpy_executors' in 'src/examples/rclpy/executors'
[0.902s] INFO:colcon.colcon_core.package_selection:Skipping not selected package 'examples_rclpy_guard_conditions' in 'src/examples/rclpy/guard_conditions'
[0.902s] INFO:colcon.colcon_core.package_selection:Skipping not selected package 'examples_rclpy_minimal_action_client' in 'src/examples/rclpy/actions/minimal_action_client'
[0.902s] INFO:colcon.colcon_core.package_selection:Skipping not selected package 'examples_rclpy_minimal_action_server' in 'src/examples/rclpy/actions/minimal_action_server'
[0.902s] INFO:colcon.colcon_core.package_selection:Skipping not selected package 'examples_rclpy_minimal_client' in 'src/examples/rclpy/services/minimal_client'
[0.902s] INFO:colcon.colcon_core.package_selection:Skipping not selected package 'examples_rclpy_minimal_publisher' in 'src/examples/rclpy/topics/minimal_publisher'
[0.902s] INFO:colcon.colcon_core.package_selection:Skipping not selected package 'examples_rclpy_minimal_service' in 'src/examples/rclpy/services/minimal_service'
[0.902s] INFO:colcon.colcon_core.package_selection:Skipping not selected package 'examples_rclpy_minimal_subscriber' in 'src/examples/rclpy/topics/minimal_subscriber'
[0.902s] INFO:colcon.colcon_core.package_selection:Skipping not selected package 'examples_rclpy_pointcloud_publisher' in 'src/examples/rclpy/topics/pointcloud_publisher'
[0.902s] INFO:colcon.colcon_core.package_selection:Skipping not selected package 'launch_testing_examples' in 'src/examples/launch_testing/launch_testing_examples'
[0.903s] INFO:colcon.colcon_core.package_selection:Skipping not selected package 'tutorial_interfaces' in 'src/tutorial_interfaces'
[0.903s] INFO:colcon.colcon_core.package_selection:Skipping not selected package 'agrobot_actuation' in 'src/agrobot_actuation'
[0.904s] Level 1:colcon.colcon_core.package_discovery:discover_packages(prefix_path) check parameters
[0.904s] Level 1:colcon.colcon_core.package_discovery:discover_packages(prefix_path) discover
[0.912s] DEBUG:colcon.colcon_installed_package_information.package_discovery:Found 254 installed packages in /opt/ros/kilted
[0.914s] Level 1:colcon.colcon_core.package_discovery:discover_packages(prefix_path) using defaults
[0.968s] Level 5:colcon.colcon_core.verb:set package 'agrobot_nav' build argument 'cmake_args' from command line to 'None'
[0.968s] Level 5:colcon.colcon_core.verb:set package 'agrobot_nav' build argument 'cmake_target' from command line to 'None'
[0.968s] Level 5:colcon.colcon_core.verb:set package 'agrobot_nav' build argument 'cmake_target_skip_unavailable' from command line to 'False'
[0.968s] Level 5:colcon.colcon_core.verb:set package 'agrobot_nav' build argument 'cmake_clean_cache' from command line to 'False'
[0.968s] Level 5:colcon.colcon_core.verb:set package 'agrobot_nav' build argument 'cmake_clean_first' from command line to 'False'
[0.968s] Level 5:colcon.colcon_core.verb:set package 'agrobot_nav' build argument 'cmake_force_configure' from command line to 'False'
[0.968s] Level 5:colcon.colcon_core.verb:set package 'agrobot_nav' build argument 'ament_cmake_args' from command line to 'None'
[0.968s] Level 5:colcon.colcon_core.verb:set package 'agrobot_nav' build argument 'catkin_cmake_args' from command line to 'None'
[0.968s] Level 5:colcon.colcon_core.verb:set package 'agrobot_nav' build argument 'catkin_skip_building_tests' from command line to 'False'
[0.968s] DEBUG:colcon.colcon_core.verb:Building package 'agrobot_nav' with the following arguments: {'ament_cmake_args': None, 'build_base': '/home/agrobot/ros2_ws/build/agrobot_nav', 'catkin_cmake_args': None, 'catkin_skip_building_tests': False, 'cmake_args': None, 'cmake_clean_cache': False, 'cmake_clean_first': False, 'cmake_force_configure': False, 'cmake_target': None, 'cmake_target_skip_unavailable': False, 'install_base': '/home/agrobot/ros2_ws/install/agrobot_nav', 'merge_install': False, 'path': '/home/agrobot/ros2_ws/src/agrobot_nav', 'symlink_install': False, 'test_result_base': None}
[0.968s] INFO:colcon.colcon_core.executor:Executing jobs using 'parallel' executor
[0.970s] DEBUG:colcon.colcon_parallel_executor.executor.parallel:run_until_complete
[0.970s] INFO:colcon.colcon_ros.task.ament_python.build:Building ROS package in '/home/agrobot/ros2_ws/src/agrobot_nav' with build type 'ament_python'
[0.970s] Level 1:colcon.colcon_core.shell:create_environment_hook('agrobot_nav', 'ament_prefix_path')
[0.979s] INFO:colcon.colcon_core.plugin_system:Skipping extension 'colcon_core.shell.bat': Not used on non-Windows systems
[0.979s] INFO:colcon.colcon_core.shell:Creating environment hook '/home/agrobot/ros2_ws/install/agrobot_nav/share/agrobot_nav/hook/ament_prefix_path.ps1'
[0.981s] INFO:colcon.colcon_core.shell:Creating environment descriptor '/home/agrobot/ros2_ws/install/agrobot_nav/share/agrobot_nav/hook/ament_prefix_path.dsv'
[0.983s] INFO:colcon.colcon_core.shell:Creating environment hook '/home/agrobot/ros2_ws/install/agrobot_nav/share/agrobot_nav/hook/ament_prefix_path.sh'
[0.985s] INFO:colcon.colcon_core.shell:Skip shell extension 'powershell' for command environment: Not usable outside of PowerShell
[0.985s] DEBUG:colcon.colcon_core.shell:Skip shell extension 'dsv' for command environment
[1.310s] INFO:colcon.colcon_core.task.python.build:Building Python package in '/home/agrobot/ros2_ws/src/agrobot_nav'
[1.311s] INFO:colcon.colcon_core.shell:Skip shell extension 'powershell' for command environment: Not usable outside of PowerShell
[1.311s] DEBUG:colcon.colcon_core.shell:Skip shell extension 'dsv' for command environment
[2.420s] DEBUG:colcon.colcon_core.event_handler.log_command:Invoking command in '/home/agrobot/ros2_ws/src/agrobot_nav': AMENT_PREFIX_PATH=/home/agrobot/ros2_ws/install/tutorial_interfaces:${AMENT_PREFIX_PATH} CMAKE_PREFIX_PATH=/home/agrobot/ros2_ws/install/tutorial_interfaces:${CMAKE_PREFIX_PATH} LD_LIBRARY_PATH=/home/agrobot/ros2_ws/install/tutorial_interfaces/lib:${LD_LIBRARY_PATH} PYTHONPATH=/home/agrobot/ros2_ws/build/agrobot_nav/prefix_override:/usr/lib/python3/dist-packages/colcon_core/task/python/colcon_distutils_commands:/home/agrobot/ros2_ws/install/agrobot_nav/lib/python3.12/site-packages:/home/agrobot/ros2_ws/install/tutorial_interfaces/lib/python3.12/site-packages:${PYTHONPATH} /usr/bin/python3 -W ignore:setup.py install is deprecated -W ignore:easy_install command is deprecated setup.py egg_info --egg-base ../../build/agrobot_nav build --build-base /home/agrobot/ros2_ws/build/agrobot_nav/build install --record /home/agrobot/ros2_ws/build/agrobot_nav/install.log --single-version-externally-managed install_data
[3.124s] DEBUG:colcon.colcon_core.event_handler.log_command:Invoked command in '/home/agrobot/ros2_ws/src/agrobot_nav' returned '0': AMENT_PREFIX_PATH=/home/agrobot/ros2_ws/install/tutorial_interfaces:${AMENT_PREFIX_PATH} CMAKE_PREFIX_PATH=/home/agrobot/ros2_ws/install/tutorial_interfaces:${CMAKE_PREFIX_PATH} LD_LIBRARY_PATH=/home/agrobot/ros2_ws/install/tutorial_interfaces/lib:${LD_LIBRARY_PATH} PYTHONPATH=/home/agrobot/ros2_ws/build/agrobot_nav/prefix_override:/usr/lib/python3/dist-packages/colcon_core/task/python/colcon_distutils_commands:/home/agrobot/ros2_ws/install/agrobot_nav/lib/python3.12/site-packages:/home/agrobot/ros2_ws/install/tutorial_interfaces/lib/python3.12/site-packages:${PYTHONPATH} /usr/bin/python3 -W ignore:setup.py install is deprecated -W ignore:easy_install command is deprecated setup.py egg_info --egg-base ../../build/agrobot_nav build --build-base /home/agrobot/ros2_ws/build/agrobot_nav/build install --record /home/agrobot/ros2_ws/build/agrobot_nav/install.log --single-version-externally-managed install_data
[3.133s] Level 1:colcon.colcon_core.environment:checking '/home/agrobot/ros2_ws/install/agrobot_nav' for CMake module files
[3.133s] Level 1:colcon.colcon_core.environment:checking '/home/agrobot/ros2_ws/install/agrobot_nav' for CMake config files
[3.135s] Level 1:colcon.colcon_core.environment:checking '/home/agrobot/ros2_ws/install/agrobot_nav/lib'
[3.135s] Level 1:colcon.colcon_core.environment:checking '/home/agrobot/ros2_ws/install/agrobot_nav/bin'
[3.135s] Level 1:colcon.colcon_core.environment:checking '/home/agrobot/ros2_ws/install/agrobot_nav/lib/pkgconfig/agrobot_nav.pc'
[3.135s] Level 1:colcon.colcon_core.environment:checking '/home/agrobot/ros2_ws/install/agrobot_nav/lib/python3.12/site-packages'
[3.135s] Level 1:colcon.colcon_core.shell:create_environment_hook('agrobot_nav', 'pythonpath')
[3.136s] INFO:colcon.colcon_core.shell:Creating environment hook '/home/agrobot/ros2_ws/install/agrobot_nav/share/agrobot_nav/hook/pythonpath.ps1'
[3.137s] INFO:colcon.colcon_core.shell:Creating environment descriptor '/home/agrobot/ros2_ws/install/agrobot_nav/share/agrobot_nav/hook/pythonpath.dsv'
[3.137s] INFO:colcon.colcon_core.shell:Creating environment hook '/home/agrobot/ros2_ws/install/agrobot_nav/share/agrobot_nav/hook/pythonpath.sh'
[3.139s] Level 1:colcon.colcon_core.environment:checking '/home/agrobot/ros2_ws/install/agrobot_nav/bin'
[3.139s] Level 1:colcon.colcon_core.environment:create_environment_scripts_only(agrobot_nav)
[3.139s] INFO:colcon.colcon_core.shell:Creating package script '/home/agrobot/ros2_ws/install/agrobot_nav/share/agrobot_nav/package.ps1'
[3.141s] INFO:colcon.colcon_core.shell:Creating package descriptor '/home/agrobot/ros2_ws/install/agrobot_nav/share/agrobot_nav/package.dsv'
[3.143s] INFO:colcon.colcon_core.shell:Creating package script '/home/agrobot/ros2_ws/install/agrobot_nav/share/agrobot_nav/package.sh'
[3.145s] INFO:colcon.colcon_core.shell:Creating package script '/home/agrobot/ros2_ws/install/agrobot_nav/share/agrobot_nav/package.bash'
[3.149s] INFO:colcon.colcon_core.shell:Creating package script '/home/agrobot/ros2_ws/install/agrobot_nav/share/agrobot_nav/package.zsh'
[3.151s] Level 1:colcon.colcon_core.environment:create_file_with_runtime_dependencies(/home/agrobot/ros2_ws/install/agrobot_nav/share/colcon-core/packages/agrobot_nav)
[3.152s] DEBUG:colcon.colcon_parallel_executor.executor.parallel:closing loop
[3.152s] DEBUG:colcon.colcon_parallel_executor.executor.parallel:loop closed
[3.152s] DEBUG:colcon.colcon_parallel_executor.executor.parallel:run_until_complete finished with '0'
[3.153s] DEBUG:colcon.colcon_core.event_reactor:joining thread
[3.164s] INFO:colcon.colcon_core.plugin_system:Skipping extension 'colcon_notification.desktop_notification.notify_send': Could not find 'notify-send'
[3.164s] INFO:colcon.colcon_core.plugin_system:Skipping extension 'colcon_notification.desktop_notification.terminal_notifier': Not used on non-Darwin systems
[3.164s] INFO:colcon.colcon_core.plugin_system:Skipping extension 'colcon_notification.desktop_notification.win32': Not used on non-Windows systems
[3.164s] INFO:colcon.colcon_notification.desktop_notification:Sending desktop notification using 'notify2'
[3.186s] DEBUG:colcon.colcon_notification.desktop_notification.notify2:Failed to initialize notify2: org.freedesktop.DBus.Error.ServiceUnknown: The name org.freedesktop.Notifications was not provided by any .service files
[3.187s] DEBUG:colcon.colcon_core.event_reactor:joined thread
[3.187s] INFO:colcon.colcon_core.shell:Creating prefix script '/home/agrobot/ros2_ws/install/local_setup.ps1'
[3.189s] INFO:colcon.colcon_core.shell:Creating prefix util module '/home/agrobot/ros2_ws/install/_local_setup_util_ps1.py'
[3.192s] INFO:colcon.colcon_core.shell:Creating prefix chain script '/home/agrobot/ros2_ws/install/setup.ps1'
[3.194s] INFO:colcon.colcon_core.shell:Creating prefix script '/home/agrobot/ros2_ws/install/local_setup.sh'
[3.196s] INFO:colcon.colcon_core.shell:Creating prefix util module '/home/agrobot/ros2_ws/install/_local_setup_util_sh.py'
[3.198s] INFO:colcon.colcon_core.shell:Creating prefix chain script '/home/agrobot/ros2_ws/install/setup.sh'
[3.200s] INFO:colcon.colcon_core.shell:Creating prefix script '/home/agrobot/ros2_ws/install/local_setup.bash'
[3.203s] INFO:colcon.colcon_core.shell:Creating prefix chain script '/home/agrobot/ros2_ws/install/setup.bash'
[3.205s] INFO:colcon.colcon_core.shell:Creating prefix script '/home/agrobot/ros2_ws/install/local_setup.zsh'
[3.207s] INFO:colcon.colcon_core.shell:Creating prefix chain script '/home/agrobot/ros2_ws/install/setup.zsh'
