[0.143s] DEBUG:colcon:Command line arguments: ['/usr/bin/colcon', 'build', '--packages-select', 'agrobot_detect']
[0.143s] DEBUG:colcon:Parsed command line arguments: Namespace(log_base=None, log_level=None, verb_name='build', build_base='build', install_base='install', merge_install=False, symlink_install=False, test_result_base=None, continue_on_error=False, executor='parallel', parallel_workers=4, event_handlers=None, ignore_user_meta=False, metas=['./colcon.meta'], base_paths=['.'], packages_ignore=None, packages_ignore_regex=None, paths=None, packages_up_to=None, packages_up_to_regex=None, packages_above=None, packages_above_and_dependencies=None, packages_above_depth=None, packages_select_by_dep=None, packages_skip_by_dep=None, packages_skip_up_to=None, packages_select_build_failed=False, packages_skip_build_finished=False, packages_select_test_failures=False, packages_skip_test_passed=False, packages_select=['agrobot_detect'], packages_skip=None, packages_select_regex=None, packages_skip_regex=None, packages_start=None, packages_end=None, allow_overriding=[], cmake_args=None, cmake_target=None, cmake_target_skip_unavailable=False, cmake_clean_cache=False, cmake_clean_first=False, cmake_force_configure=False, ament_cmake_args=None, catkin_cmake_args=None, catkin_skip_building_tests=False, verb_parser=<colcon_defaults.argument_parser.defaults.DefaultArgumentsDecorator object at 0xffffa06ceae0>, verb_extension=<colcon_core.verb.build.BuildVerb object at 0xffffa08875f0>, main=<bound method BuildVerb.main of <colcon_core.verb.build.BuildVerb object at 0xffffa08875f0>>)
[0.200s] Level 1:colcon.colcon_core.package_discovery:discover_packages(colcon_meta) check parameters
[0.200s] Level 1:colcon.colcon_core.package_discovery:discover_packages(recursive) check parameters
[0.200s] Level 1:colcon.colcon_core.package_discovery:discover_packages(ignore) check parameters
[0.200s] Level 1:colcon.colcon_core.package_discovery:discover_packages(path) check parameters
[0.200s] Level 1:colcon.colcon_core.package_discovery:discover_packages(colcon_meta) discover
[0.200s] Level 1:colcon.colcon_core.package_discovery:discover_packages(recursive) discover
[0.200s] INFO:colcon.colcon_core.package_discovery:Crawling recursively for packages in '/home/agrobot/ros2_ws'
[0.201s] Level 1:colcon.colcon_core.package_identification:_identify(.) by extensions ['ignore', 'ignore_ament_install']
[0.201s] Level 1:colcon.colcon_core.package_identification:_identify(.) by extension 'ignore'
[0.201s] Level 1:colcon.colcon_core.package_identification:_identify(.) by extension 'ignore_ament_install'
[0.201s] Level 1:colcon.colcon_core.package_identification:_identify(.) by extensions ['colcon_pkg']
[0.201s] Level 1:colcon.colcon_core.package_identification:_identify(.) by extension 'colcon_pkg'
[0.201s] Level 1:colcon.colcon_core.package_identification:_identify(.) by extensions ['colcon_meta']
[0.201s] Level 1:colcon.colcon_core.package_identification:_identify(.) by extension 'colcon_meta'
[0.201s] Level 1:colcon.colcon_core.package_identification:_identify(.) by extensions ['ros']
[0.201s] Level 1:colcon.colcon_core.package_identification:_identify(.) by extension 'ros'
[0.238s] Level 1:colcon.colcon_core.package_identification:_identify(.) by extensions ['cmake', 'python']
[0.238s] Level 1:colcon.colcon_core.package_identification:_identify(.) by extension 'cmake'
[0.238s] Level 1:colcon.colcon_core.package_identification:_identify(.) by extension 'python'
[0.238s] Level 1:colcon.colcon_core.package_identification:_identify(.) by extensions ['python_setup_py']
[0.239s] Level 1:colcon.colcon_core.package_identification:_identify(.) by extension 'python_setup_py'
[0.239s] Level 1:colcon.colcon_core.package_identification:_identify(build) by extensions ['ignore', 'ignore_ament_install']
[0.239s] Level 1:colcon.colcon_core.package_identification:_identify(build) by extension 'ignore'
[0.239s] Level 1:colcon.colcon_core.package_identification:_identify(build) ignored
[0.239s] Level 1:colcon.colcon_core.package_identification:_identify(install) by extensions ['ignore', 'ignore_ament_install']
[0.239s] Level 1:colcon.colcon_core.package_identification:_identify(install) by extension 'ignore'
[0.239s] Level 1:colcon.colcon_core.package_identification:_identify(install) ignored
[0.239s] Level 1:colcon.colcon_core.package_identification:_identify(lib) by extensions ['ignore', 'ignore_ament_install']
[0.240s] Level 1:colcon.colcon_core.package_identification:_identify(lib) by extension 'ignore'
[0.240s] Level 1:colcon.colcon_core.package_identification:_identify(lib) by extension 'ignore_ament_install'
[0.240s] Level 1:colcon.colcon_core.package_identification:_identify(lib) by extensions ['colcon_pkg']
[0.240s] Level 1:colcon.colcon_core.package_identification:_identify(lib) by extension 'colcon_pkg'
[0.240s] Level 1:colcon.colcon_core.package_identification:_identify(lib) by extensions ['colcon_meta']
[0.240s] Level 1:colcon.colcon_core.package_identification:_identify(lib) by extension 'colcon_meta'
[0.240s] Level 1:colcon.colcon_core.package_identification:_identify(lib) by extensions ['ros']
[0.240s] Level 1:colcon.colcon_core.package_identification:_identify(lib) by extension 'ros'
[0.240s] Level 1:colcon.colcon_core.package_identification:_identify(lib) by extensions ['cmake', 'python']
[0.240s] Level 1:colcon.colcon_core.package_identification:_identify(lib) by extension 'cmake'
[0.240s] Level 1:colcon.colcon_core.package_identification:_identify(lib) by extension 'python'
[0.240s] Level 1:colcon.colcon_core.package_identification:_identify(lib) by extensions ['python_setup_py']
[0.240s] Level 1:colcon.colcon_core.package_identification:_identify(lib) by extension 'python_setup_py'
[0.240s] Level 1:colcon.colcon_core.package_identification:_identify(lib/__pycache__) by extensions ['ignore', 'ignore_ament_install']
[0.241s] Level 1:colcon.colcon_core.package_identification:_identify(lib/__pycache__) by extension 'ignore'
[0.241s] Level 1:colcon.colcon_core.package_identification:_identify(lib/__pycache__) by extension 'ignore_ament_install'
[0.241s] Level 1:colcon.colcon_core.package_identification:_identify(lib/__pycache__) by extensions ['colcon_pkg']
[0.241s] Level 1:colcon.colcon_core.package_identification:_identify(lib/__pycache__) by extension 'colcon_pkg'
[0.241s] Level 1:colcon.colcon_core.package_identification:_identify(lib/__pycache__) by extensions ['colcon_meta']
[0.241s] Level 1:colcon.colcon_core.package_identification:_identify(lib/__pycache__) by extension 'colcon_meta'
[0.241s] Level 1:colcon.colcon_core.package_identification:_identify(lib/__pycache__) by extensions ['ros']
[0.241s] Level 1:colcon.colcon_core.package_identification:_identify(lib/__pycache__) by extension 'ros'
[0.241s] Level 1:colcon.colcon_core.package_identification:_identify(lib/__pycache__) by extensions ['cmake', 'python']
[0.241s] Level 1:colcon.colcon_core.package_identification:_identify(lib/__pycache__) by extension 'cmake'
[0.241s] Level 1:colcon.colcon_core.package_identification:_identify(lib/__pycache__) by extension 'python'
[0.241s] Level 1:colcon.colcon_core.package_identification:_identify(lib/__pycache__) by extensions ['python_setup_py']
[0.241s] Level 1:colcon.colcon_core.package_identification:_identify(lib/__pycache__) by extension 'python_setup_py'
[0.241s] Level 1:colcon.colcon_core.package_identification:_identify(log) by extensions ['ignore', 'ignore_ament_install']
[0.241s] Level 1:colcon.colcon_core.package_identification:_identify(log) by extension 'ignore'
[0.242s] Level 1:colcon.colcon_core.package_identification:_identify(log) ignored
[0.242s] Level 1:colcon.colcon_core.package_identification:_identify(src) by extensions ['ignore', 'ignore_ament_install']
[0.242s] Level 1:colcon.colcon_core.package_identification:_identify(src) by extension 'ignore'
[0.242s] Level 1:colcon.colcon_core.package_identification:_identify(src) by extension 'ignore_ament_install'
[0.242s] Level 1:colcon.colcon_core.package_identification:_identify(src) by extensions ['colcon_pkg']
[0.242s] Level 1:colcon.colcon_core.package_identification:_identify(src) by extension 'colcon_pkg'
[0.242s] Level 1:colcon.colcon_core.package_identification:_identify(src) by extensions ['colcon_meta']
[0.242s] Level 1:colcon.colcon_core.package_identification:_identify(src) by extension 'colcon_meta'
[0.242s] Level 1:colcon.colcon_core.package_identification:_identify(src) by extensions ['ros']
[0.242s] Level 1:colcon.colcon_core.package_identification:_identify(src) by extension 'ros'
[0.242s] Level 1:colcon.colcon_core.package_identification:_identify(src) by extensions ['cmake', 'python']
[0.242s] Level 1:colcon.colcon_core.package_identification:_identify(src) by extension 'cmake'
[0.242s] Level 1:colcon.colcon_core.package_identification:_identify(src) by extension 'python'
[0.242s] Level 1:colcon.colcon_core.package_identification:_identify(src) by extensions ['python_setup_py']
[0.242s] Level 1:colcon.colcon_core.package_identification:_identify(src) by extension 'python_setup_py'
[0.243s] Level 1:colcon.colcon_core.package_identification:_identify(src/agrobot_actuation) by extensions ['ignore', 'ignore_ament_install']
[0.243s] Level 1:colcon.colcon_core.package_identification:_identify(src/agrobot_actuation) by extension 'ignore'
[0.243s] Level 1:colcon.colcon_core.package_identification:_identify(src/agrobot_actuation) by extension 'ignore_ament_install'
[0.243s] Level 1:colcon.colcon_core.package_identification:_identify(src/agrobot_actuation) by extensions ['colcon_pkg']
[0.243s] Level 1:colcon.colcon_core.package_identification:_identify(src/agrobot_actuation) by extension 'colcon_pkg'
[0.243s] Level 1:colcon.colcon_core.package_identification:_identify(src/agrobot_actuation) by extensions ['colcon_meta']
[0.243s] Level 1:colcon.colcon_core.package_identification:_identify(src/agrobot_actuation) by extension 'colcon_meta'
[0.243s] Level 1:colcon.colcon_core.package_identification:_identify(src/agrobot_actuation) by extensions ['ros']
[0.243s] Level 1:colcon.colcon_core.package_identification:_identify(src/agrobot_actuation) by extension 'ros'
[0.248s] DEBUG:colcon.colcon_core.package_identification:Package 'src/agrobot_actuation' with type 'ros.ament_python' and name 'agrobot_actuation'
[0.249s] Level 1:colcon.colcon_core.package_identification:_identify(src/agrobot_detect) by extensions ['ignore', 'ignore_ament_install']
[0.249s] Level 1:colcon.colcon_core.package_identification:_identify(src/agrobot_detect) by extension 'ignore'
[0.249s] Level 1:colcon.colcon_core.package_identification:_identify(src/agrobot_detect) by extension 'ignore_ament_install'
[0.249s] Level 1:colcon.colcon_core.package_identification:_identify(src/agrobot_detect) by extensions ['colcon_pkg']
[0.249s] Level 1:colcon.colcon_core.package_identification:_identify(src/agrobot_detect) by extension 'colcon_pkg'
[0.249s] Level 1:colcon.colcon_core.package_identification:_identify(src/agrobot_detect) by extensions ['colcon_meta']
[0.249s] Level 1:colcon.colcon_core.package_identification:_identify(src/agrobot_detect) by extension 'colcon_meta'
[0.249s] Level 1:colcon.colcon_core.package_identification:_identify(src/agrobot_detect) by extensions ['ros']
[0.249s] Level 1:colcon.colcon_core.package_identification:_identify(src/agrobot_detect) by extension 'ros'
[0.250s] DEBUG:colcon.colcon_core.package_identification:Package 'src/agrobot_detect' with type 'ros.ament_python' and name 'agrobot_detect'
[0.250s] Level 1:colcon.colcon_core.package_identification:_identify(src/agrobot_fsm) by extensions ['ignore', 'ignore_ament_install']
[0.250s] Level 1:colcon.colcon_core.package_identification:_identify(src/agrobot_fsm) by extension 'ignore'
[0.250s] Level 1:colcon.colcon_core.package_identification:_identify(src/agrobot_fsm) by extension 'ignore_ament_install'
[0.250s] Level 1:colcon.colcon_core.package_identification:_identify(src/agrobot_fsm) by extensions ['colcon_pkg']
[0.250s] Level 1:colcon.colcon_core.package_identification:_identify(src/agrobot_fsm) by extension 'colcon_pkg'
[0.250s] Level 1:colcon.colcon_core.package_identification:_identify(src/agrobot_fsm) by extensions ['colcon_meta']
[0.251s] Level 1:colcon.colcon_core.package_identification:_identify(src/agrobot_fsm) by extension 'colcon_meta'
[0.251s] Level 1:colcon.colcon_core.package_identification:_identify(src/agrobot_fsm) by extensions ['ros']
[0.251s] Level 1:colcon.colcon_core.package_identification:_identify(src/agrobot_fsm) by extension 'ros'
[0.251s] DEBUG:colcon.colcon_core.package_identification:Package 'src/agrobot_fsm' with type 'ros.ament_python' and name 'agrobot_fsm'
[0.252s] Level 1:colcon.colcon_core.package_identification:_identify(src/agrobot_interfaces) by extensions ['ignore', 'ignore_ament_install']
[0.252s] Level 1:colcon.colcon_core.package_identification:_identify(src/agrobot_interfaces) by extension 'ignore'
[0.252s] Level 1:colcon.colcon_core.package_identification:_identify(src/agrobot_interfaces) by extension 'ignore_ament_install'
[0.252s] Level 1:colcon.colcon_core.package_identification:_identify(src/agrobot_interfaces) by extensions ['colcon_pkg']
[0.252s] Level 1:colcon.colcon_core.package_identification:_identify(src/agrobot_interfaces) by extension 'colcon_pkg'
[0.252s] Level 1:colcon.colcon_core.package_identification:_identify(src/agrobot_interfaces) by extensions ['colcon_meta']
[0.252s] Level 1:colcon.colcon_core.package_identification:_identify(src/agrobot_interfaces) by extension 'colcon_meta'
[0.252s] Level 1:colcon.colcon_core.package_identification:_identify(src/agrobot_interfaces) by extensions ['ros']
[0.252s] Level 1:colcon.colcon_core.package_identification:_identify(src/agrobot_interfaces) by extension 'ros'
[0.253s] DEBUG:colcon.colcon_core.package_identification:Package 'src/agrobot_interfaces' with type 'ros.ament_cmake' and name 'agrobot_interfaces'
[0.253s] Level 1:colcon.colcon_core.package_identification:_identify(src/agrobot_nav) by extensions ['ignore', 'ignore_ament_install']
[0.253s] Level 1:colcon.colcon_core.package_identification:_identify(src/agrobot_nav) by extension 'ignore'
[0.253s] Level 1:colcon.colcon_core.package_identification:_identify(src/agrobot_nav) by extension 'ignore_ament_install'
[0.253s] Level 1:colcon.colcon_core.package_identification:_identify(src/agrobot_nav) by extensions ['colcon_pkg']
[0.253s] Level 1:colcon.colcon_core.package_identification:_identify(src/agrobot_nav) by extension 'colcon_pkg'
[0.253s] Level 1:colcon.colcon_core.package_identification:_identify(src/agrobot_nav) by extensions ['colcon_meta']
[0.253s] Level 1:colcon.colcon_core.package_identification:_identify(src/agrobot_nav) by extension 'colcon_meta'
[0.253s] Level 1:colcon.colcon_core.package_identification:_identify(src/agrobot_nav) by extensions ['ros']
[0.253s] Level 1:colcon.colcon_core.package_identification:_identify(src/agrobot_nav) by extension 'ros'
[0.254s] DEBUG:colcon.colcon_core.package_identification:Package 'src/agrobot_nav' with type 'ros.ament_python' and name 'agrobot_nav'
[0.254s] Level 1:colcon.colcon_core.package_identification:_identify(src/basicmicro_ros2) by extensions ['ignore', 'ignore_ament_install']
[0.254s] Level 1:colcon.colcon_core.package_identification:_identify(src/basicmicro_ros2) by extension 'ignore'
[0.254s] Level 1:colcon.colcon_core.package_identification:_identify(src/basicmicro_ros2) by extension 'ignore_ament_install'
[0.255s] Level 1:colcon.colcon_core.package_identification:_identify(src/basicmicro_ros2) by extensions ['colcon_pkg']
[0.255s] Level 1:colcon.colcon_core.package_identification:_identify(src/basicmicro_ros2) by extension 'colcon_pkg'
[0.255s] Level 1:colcon.colcon_core.package_identification:_identify(src/basicmicro_ros2) by extensions ['colcon_meta']
[0.255s] Level 1:colcon.colcon_core.package_identification:_identify(src/basicmicro_ros2) by extension 'colcon_meta'
[0.255s] Level 1:colcon.colcon_core.package_identification:_identify(src/basicmicro_ros2) by extensions ['ros']
[0.255s] Level 1:colcon.colcon_core.package_identification:_identify(src/basicmicro_ros2) by extension 'ros'
[0.257s] DEBUG:colcon.colcon_core.package_identification:Package 'src/basicmicro_ros2' with type 'ros.ament_cmake' and name 'basicmicro_ros2'
[0.257s] Level 1:colcon.colcon_core.package_identification:_identify(src/build) by extensions ['ignore', 'ignore_ament_install']
[0.257s] Level 1:colcon.colcon_core.package_identification:_identify(src/build) by extension 'ignore'
[0.257s] Level 1:colcon.colcon_core.package_identification:_identify(src/build) ignored
[0.257s] Level 1:colcon.colcon_core.package_identification:_identify(src/examples) by extensions ['ignore', 'ignore_ament_install']
[0.257s] Level 1:colcon.colcon_core.package_identification:_identify(src/examples) by extension 'ignore'
[0.257s] Level 1:colcon.colcon_core.package_identification:_identify(src/examples) by extension 'ignore_ament_install'
[0.257s] Level 1:colcon.colcon_core.package_identification:_identify(src/examples) by extensions ['colcon_pkg']
[0.258s] Level 1:colcon.colcon_core.package_identification:_identify(src/examples) by extension 'colcon_pkg'
[0.258s] Level 1:colcon.colcon_core.package_identification:_identify(src/examples) by extensions ['colcon_meta']
[0.258s] Level 1:colcon.colcon_core.package_identification:_identify(src/examples) by extension 'colcon_meta'
[0.258s] Level 1:colcon.colcon_core.package_identification:_identify(src/examples) by extensions ['ros']
[0.258s] Level 1:colcon.colcon_core.package_identification:_identify(src/examples) by extension 'ros'
[0.258s] Level 1:colcon.colcon_core.package_identification:_identify(src/examples) by extensions ['cmake', 'python']
[0.258s] Level 1:colcon.colcon_core.package_identification:_identify(src/examples) by extension 'cmake'
[0.258s] Level 1:colcon.colcon_core.package_identification:_identify(src/examples) by extension 'python'
[0.258s] Level 1:colcon.colcon_core.package_identification:_identify(src/examples) by extensions ['python_setup_py']
[0.258s] Level 1:colcon.colcon_core.package_identification:_identify(src/examples) by extension 'python_setup_py'
[0.258s] Level 1:colcon.colcon_core.package_identification:_identify(src/examples/launch_testing) by extensions ['ignore', 'ignore_ament_install']
[0.258s] Level 1:colcon.colcon_core.package_identification:_identify(src/examples/launch_testing) by extension 'ignore'
[0.258s] Level 1:colcon.colcon_core.package_identification:_identify(src/examples/launch_testing) by extension 'ignore_ament_install'
[0.258s] Level 1:colcon.colcon_core.package_identification:_identify(src/examples/launch_testing) by extensions ['colcon_pkg']
[0.258s] Level 1:colcon.colcon_core.package_identification:_identify(src/examples/launch_testing) by extension 'colcon_pkg'
[0.258s] Level 1:colcon.colcon_core.package_identification:_identify(src/examples/launch_testing) by extensions ['colcon_meta']
[0.259s] Level 1:colcon.colcon_core.package_identification:_identify(src/examples/launch_testing) by extension 'colcon_meta'
[0.259s] Level 1:colcon.colcon_core.package_identification:_identify(src/examples/launch_testing) by extensions ['ros']
[0.259s] Level 1:colcon.colcon_core.package_identification:_identify(src/examples/launch_testing) by extension 'ros'
[0.259s] Level 1:colcon.colcon_core.package_identification:_identify(src/examples/launch_testing) by extensions ['cmake', 'python']
[0.259s] Level 1:colcon.colcon_core.package_identification:_identify(src/examples/launch_testing) by extension 'cmake'
[0.259s] Level 1:colcon.colcon_core.package_identification:_identify(src/examples/launch_testing) by extension 'python'
[0.259s] Level 1:colcon.colcon_core.package_identification:_identify(src/examples/launch_testing) by extensions ['python_setup_py']
[0.259s] Level 1:colcon.colcon_core.package_identification:_identify(src/examples/launch_testing) by extension 'python_setup_py'
[0.259s] Level 1:colcon.colcon_core.package_identification:_identify(src/examples/launch_testing/launch_testing_examples) by extensions ['ignore', 'ignore_ament_install']
[0.259s] Level 1:colcon.colcon_core.package_identification:_identify(src/examples/launch_testing/launch_testing_examples) by extension 'ignore'
[0.259s] Level 1:colcon.colcon_core.package_identification:_identify(src/examples/launch_testing/launch_testing_examples) by extension 'ignore_ament_install'
[0.259s] Level 1:colcon.colcon_core.package_identification:_identify(src/examples/launch_testing/launch_testing_examples) by extensions ['colcon_pkg']
[0.259s] Level 1:colcon.colcon_core.package_identification:_identify(src/examples/launch_testing/launch_testing_examples) by extension 'colcon_pkg'
[0.259s] Level 1:colcon.colcon_core.package_identification:_identify(src/examples/launch_testing/launch_testing_examples) by extensions ['colcon_meta']
[0.259s] Level 1:colcon.colcon_core.package_identification:_identify(src/examples/launch_testing/launch_testing_examples) by extension 'colcon_meta'
[0.260s] Level 1:colcon.colcon_core.package_identification:_identify(src/examples/launch_testing/launch_testing_examples) by extensions ['ros']
[0.260s] Level 1:colcon.colcon_core.package_identification:_identify(src/examples/launch_testing/launch_testing_examples) by extension 'ros'
[0.261s] DEBUG:colcon.colcon_core.package_identification:Package 'src/examples/launch_testing/launch_testing_examples' with type 'ros.ament_python' and name 'launch_testing_examples'
[0.261s] Level 1:colcon.colcon_core.package_identification:_identify(src/examples/rclcpp) by extensions ['ignore', 'ignore_ament_install']
[0.261s] Level 1:colcon.colcon_core.package_identification:_identify(src/examples/rclcpp) by extension 'ignore'
[0.261s] Level 1:colcon.colcon_core.package_identification:_identify(src/examples/rclcpp) by extension 'ignore_ament_install'
[0.261s] Level 1:colcon.colcon_core.package_identification:_identify(src/examples/rclcpp) by extensions ['colcon_pkg']
[0.261s] Level 1:colcon.colcon_core.package_identification:_identify(src/examples/rclcpp) by extension 'colcon_pkg'
[0.261s] Level 1:colcon.colcon_core.package_identification:_identify(src/examples/rclcpp) by extensions ['colcon_meta']
[0.261s] Level 1:colcon.colcon_core.package_identification:_identify(src/examples/rclcpp) by extension 'colcon_meta'
[0.261s] Level 1:colcon.colcon_core.package_identification:_identify(src/examples/rclcpp) by extensions ['ros']
[0.261s] Level 1:colcon.colcon_core.package_identification:_identify(src/examples/rclcpp) by extension 'ros'
[0.261s] Level 1:colcon.colcon_core.package_identification:_identify(src/examples/rclcpp) by extensions ['cmake', 'python']
[0.261s] Level 1:colcon.colcon_core.package_identification:_identify(src/examples/rclcpp) by extension 'cmake'
[0.261s] Level 1:colcon.colcon_core.package_identification:_identify(src/examples/rclcpp) by extension 'python'
[0.262s] Level 1:colcon.colcon_core.package_identification:_identify(src/examples/rclcpp) by extensions ['python_setup_py']
[0.262s] Level 1:colcon.colcon_core.package_identification:_identify(src/examples/rclcpp) by extension 'python_setup_py'
[0.262s] Level 1:colcon.colcon_core.package_identification:_identify(src/examples/rclcpp/actions) by extensions ['ignore', 'ignore_ament_install']
[0.262s] Level 1:colcon.colcon_core.package_identification:_identify(src/examples/rclcpp/actions) by extension 'ignore'
[0.262s] Level 1:colcon.colcon_core.package_identification:_identify(src/examples/rclcpp/actions) by extension 'ignore_ament_install'
[0.262s] Level 1:colcon.colcon_core.package_identification:_identify(src/examples/rclcpp/actions) by extensions ['colcon_pkg']
[0.262s] Level 1:colcon.colcon_core.package_identification:_identify(src/examples/rclcpp/actions) by extension 'colcon_pkg'
[0.262s] Level 1:colcon.colcon_core.package_identification:_identify(src/examples/rclcpp/actions) by extensions ['colcon_meta']
[0.262s] Level 1:colcon.colcon_core.package_identification:_identify(src/examples/rclcpp/actions) by extension 'colcon_meta'
[0.262s] Level 1:colcon.colcon_core.package_identification:_identify(src/examples/rclcpp/actions) by extensions ['ros']
[0.262s] Level 1:colcon.colcon_core.package_identification:_identify(src/examples/rclcpp/actions) by extension 'ros'
[0.262s] Level 1:colcon.colcon_core.package_identification:_identify(src/examples/rclcpp/actions) by extensions ['cmake', 'python']
[0.262s] Level 1:colcon.colcon_core.package_identification:_identify(src/examples/rclcpp/actions) by extension 'cmake'
[0.262s] Level 1:colcon.colcon_core.package_identification:_identify(src/examples/rclcpp/actions) by extension 'python'
[0.262s] Level 1:colcon.colcon_core.package_identification:_identify(src/examples/rclcpp/actions) by extensions ['python_setup_py']
[0.263s] Level 1:colcon.colcon_core.package_identification:_identify(src/examples/rclcpp/actions) by extension 'python_setup_py'
[0.263s] Level 1:colcon.colcon_core.package_identification:_identify(src/examples/rclcpp/actions/minimal_action_client) by extensions ['ignore', 'ignore_ament_install']
[0.263s] Level 1:colcon.colcon_core.package_identification:_identify(src/examples/rclcpp/actions/minimal_action_client) by extension 'ignore'
[0.263s] Level 1:colcon.colcon_core.package_identification:_identify(src/examples/rclcpp/actions/minimal_action_client) by extension 'ignore_ament_install'
[0.263s] Level 1:colcon.colcon_core.package_identification:_identify(src/examples/rclcpp/actions/minimal_action_client) by extensions ['colcon_pkg']
[0.263s] Level 1:colcon.colcon_core.package_identification:_identify(src/examples/rclcpp/actions/minimal_action_client) by extension 'colcon_pkg'
[0.263s] Level 1:colcon.colcon_core.package_identification:_identify(src/examples/rclcpp/actions/minimal_action_client) by extensions ['colcon_meta']
[0.263s] Level 1:colcon.colcon_core.package_identification:_identify(src/examples/rclcpp/actions/minimal_action_client) by extension 'colcon_meta'
[0.263s] Level 1:colcon.colcon_core.package_identification:_identify(src/examples/rclcpp/actions/minimal_action_client) by extensions ['ros']
[0.263s] Level 1:colcon.colcon_core.package_identification:_identify(src/examples/rclcpp/actions/minimal_action_client) by extension 'ros'
[0.264s] DEBUG:colcon.colcon_core.package_identification:Package 'src/examples/rclcpp/actions/minimal_action_client' with type 'ros.ament_cmake' and name 'examples_rclcpp_minimal_action_client'
[0.264s] Level 1:colcon.colcon_core.package_identification:_identify(src/examples/rclcpp/actions/minimal_action_server) by extensions ['ignore', 'ignore_ament_install']
[0.264s] Level 1:colcon.colcon_core.package_identification:_identify(src/examples/rclcpp/actions/minimal_action_server) by extension 'ignore'
[0.264s] Level 1:colcon.colcon_core.package_identification:_identify(src/examples/rclcpp/actions/minimal_action_server) by extension 'ignore_ament_install'
[0.264s] Level 1:colcon.colcon_core.package_identification:_identify(src/examples/rclcpp/actions/minimal_action_server) by extensions ['colcon_pkg']
[0.265s] Level 1:colcon.colcon_core.package_identification:_identify(src/examples/rclcpp/actions/minimal_action_server) by extension 'colcon_pkg'
[0.265s] Level 1:colcon.colcon_core.package_identification:_identify(src/examples/rclcpp/actions/minimal_action_server) by extensions ['colcon_meta']
[0.265s] Level 1:colcon.colcon_core.package_identification:_identify(src/examples/rclcpp/actions/minimal_action_server) by extension 'colcon_meta'
[0.265s] Level 1:colcon.colcon_core.package_identification:_identify(src/examples/rclcpp/actions/minimal_action_server) by extensions ['ros']
[0.265s] Level 1:colcon.colcon_core.package_identification:_identify(src/examples/rclcpp/actions/minimal_action_server) by extension 'ros'
[0.266s] DEBUG:colcon.colcon_core.package_identification:Package 'src/examples/rclcpp/actions/minimal_action_server' with type 'ros.ament_cmake' and name 'examples_rclcpp_minimal_action_server'
[0.266s] Level 1:colcon.colcon_core.package_identification:_identify(src/examples/rclcpp/composition) by extensions ['ignore', 'ignore_ament_install']
[0.266s] Level 1:colcon.colcon_core.package_identification:_identify(src/examples/rclcpp/composition) by extension 'ignore'
[0.266s] Level 1:colcon.colcon_core.package_identification:_identify(src/examples/rclcpp/composition) by extension 'ignore_ament_install'
[0.266s] Level 1:colcon.colcon_core.package_identification:_identify(src/examples/rclcpp/composition) by extensions ['colcon_pkg']
[0.266s] Level 1:colcon.colcon_core.package_identification:_identify(src/examples/rclcpp/composition) by extension 'colcon_pkg'
[0.266s] Level 1:colcon.colcon_core.package_identification:_identify(src/examples/rclcpp/composition) by extensions ['colcon_meta']
[0.266s] Level 1:colcon.colcon_core.package_identification:_identify(src/examples/rclcpp/composition) by extension 'colcon_meta'
[0.266s] Level 1:colcon.colcon_core.package_identification:_identify(src/examples/rclcpp/composition) by extensions ['ros']
[0.266s] Level 1:colcon.colcon_core.package_identification:_identify(src/examples/rclcpp/composition) by extension 'ros'
[0.266s] Level 1:colcon.colcon_core.package_identification:_identify(src/examples/rclcpp/composition) by extensions ['cmake', 'python']
[0.266s] Level 1:colcon.colcon_core.package_identification:_identify(src/examples/rclcpp/composition) by extension 'cmake'
[0.266s] Level 1:colcon.colcon_core.package_identification:_identify(src/examples/rclcpp/composition) by extension 'python'
[0.267s] Level 1:colcon.colcon_core.package_identification:_identify(src/examples/rclcpp/composition) by extensions ['python_setup_py']
[0.267s] Level 1:colcon.colcon_core.package_identification:_identify(src/examples/rclcpp/composition) by extension 'python_setup_py'
[0.267s] Level 1:colcon.colcon_core.package_identification:_identify(src/examples/rclcpp/composition/minimal_composition) by extensions ['ignore', 'ignore_ament_install']
[0.267s] Level 1:colcon.colcon_core.package_identification:_identify(src/examples/rclcpp/composition/minimal_composition) by extension 'ignore'
[0.267s] Level 1:colcon.colcon_core.package_identification:_identify(src/examples/rclcpp/composition/minimal_composition) by extension 'ignore_ament_install'
[0.267s] Level 1:colcon.colcon_core.package_identification:_identify(src/examples/rclcpp/composition/minimal_composition) by extensions ['colcon_pkg']
[0.267s] Level 1:colcon.colcon_core.package_identification:_identify(src/examples/rclcpp/composition/minimal_composition) by extension 'colcon_pkg'
[0.267s] Level 1:colcon.colcon_core.package_identification:_identify(src/examples/rclcpp/composition/minimal_composition) by extensions ['colcon_meta']
[0.267s] Level 1:colcon.colcon_core.package_identification:_identify(src/examples/rclcpp/composition/minimal_composition) by extension 'colcon_meta'
[0.267s] Level 1:colcon.colcon_core.package_identification:_identify(src/examples/rclcpp/composition/minimal_composition) by extensions ['ros']
[0.267s] Level 1:colcon.colcon_core.package_identification:_identify(src/examples/rclcpp/composition/minimal_composition) by extension 'ros'
[0.268s] DEBUG:colcon.colcon_core.package_identification:Package 'src/examples/rclcpp/composition/minimal_composition' with type 'ros.ament_cmake' and name 'examples_rclcpp_minimal_composition'
[0.268s] Level 1:colcon.colcon_core.package_identification:_identify(src/examples/rclcpp/executors) by extensions ['ignore', 'ignore_ament_install']
[0.268s] Level 1:colcon.colcon_core.package_identification:_identify(src/examples/rclcpp/executors) by extension 'ignore'
[0.268s] Level 1:colcon.colcon_core.package_identification:_identify(src/examples/rclcpp/executors) by extension 'ignore_ament_install'
[0.268s] Level 1:colcon.colcon_core.package_identification:_identify(src/examples/rclcpp/executors) by extensions ['colcon_pkg']
[0.268s] Level 1:colcon.colcon_core.package_identification:_identify(src/examples/rclcpp/executors) by extension 'colcon_pkg'
[0.268s] Level 1:colcon.colcon_core.package_identification:_identify(src/examples/rclcpp/executors) by extensions ['colcon_meta']
[0.269s] Level 1:colcon.colcon_core.package_identification:_identify(src/examples/rclcpp/executors) by extension 'colcon_meta'
[0.269s] Level 1:colcon.colcon_core.package_identification:_identify(src/examples/rclcpp/executors) by extensions ['ros']
[0.269s] Level 1:colcon.colcon_core.package_identification:_identify(src/examples/rclcpp/executors) by extension 'ros'
[0.269s] Level 1:colcon.colcon_core.package_identification:_identify(src/examples/rclcpp/executors) by extensions ['cmake', 'python']
[0.269s] Level 1:colcon.colcon_core.package_identification:_identify(src/examples/rclcpp/executors) by extension 'cmake'
[0.269s] Level 1:colcon.colcon_core.package_identification:_identify(src/examples/rclcpp/executors) by extension 'python'
[0.269s] Level 1:colcon.colcon_core.package_identification:_identify(src/examples/rclcpp/executors) by extensions ['python_setup_py']
[0.269s] Level 1:colcon.colcon_core.package_identification:_identify(src/examples/rclcpp/executors) by extension 'python_setup_py'
[0.269s] Level 1:colcon.colcon_core.package_identification:_identify(src/examples/rclcpp/executors/cbg_executor) by extensions ['ignore', 'ignore_ament_install']
[0.269s] Level 1:colcon.colcon_core.package_identification:_identify(src/examples/rclcpp/executors/cbg_executor) by extension 'ignore'
[0.269s] Level 1:colcon.colcon_core.package_identification:_identify(src/examples/rclcpp/executors/cbg_executor) by extension 'ignore_ament_install'
[0.270s] Level 1:colcon.colcon_core.package_identification:_identify(src/examples/rclcpp/executors/cbg_executor) by extensions ['colcon_pkg']
[0.270s] Level 1:colcon.colcon_core.package_identification:_identify(src/examples/rclcpp/executors/cbg_executor) by extension 'colcon_pkg'
[0.270s] Level 1:colcon.colcon_core.package_identification:_identify(src/examples/rclcpp/executors/cbg_executor) by extensions ['colcon_meta']
[0.270s] Level 1:colcon.colcon_core.package_identification:_identify(src/examples/rclcpp/executors/cbg_executor) by extension 'colcon_meta'
[0.270s] Level 1:colcon.colcon_core.package_identification:_identify(src/examples/rclcpp/executors/cbg_executor) by extensions ['ros']
[0.270s] Level 1:colcon.colcon_core.package_identification:_identify(src/examples/rclcpp/executors/cbg_executor) by extension 'ros'
[0.271s] DEBUG:colcon.colcon_core.package_identification:Package 'src/examples/rclcpp/executors/cbg_executor' with type 'ros.ament_cmake' and name 'examples_rclcpp_cbg_executor'
[0.271s] Level 1:colcon.colcon_core.package_identification:_identify(src/examples/rclcpp/executors/multithreaded_executor) by extensions ['ignore', 'ignore_ament_install']
[0.271s] Level 1:colcon.colcon_core.package_identification:_identify(src/examples/rclcpp/executors/multithreaded_executor) by extension 'ignore'
[0.271s] Level 1:colcon.colcon_core.package_identification:_identify(src/examples/rclcpp/executors/multithreaded_executor) by extension 'ignore_ament_install'
[0.271s] Level 1:colcon.colcon_core.package_identification:_identify(src/examples/rclcpp/executors/multithreaded_executor) by extensions ['colcon_pkg']
[0.271s] Level 1:colcon.colcon_core.package_identification:_identify(src/examples/rclcpp/executors/multithreaded_executor) by extension 'colcon_pkg'
[0.272s] Level 1:colcon.colcon_core.package_identification:_identify(src/examples/rclcpp/executors/multithreaded_executor) by extensions ['colcon_meta']
[0.272s] Level 1:colcon.colcon_core.package_identification:_identify(src/examples/rclcpp/executors/multithreaded_executor) by extension 'colcon_meta'
[0.272s] Level 1:colcon.colcon_core.package_identification:_identify(src/examples/rclcpp/executors/multithreaded_executor) by extensions ['ros']
[0.272s] Level 1:colcon.colcon_core.package_identification:_identify(src/examples/rclcpp/executors/multithreaded_executor) by extension 'ros'
[0.273s] DEBUG:colcon.colcon_core.package_identification:Package 'src/examples/rclcpp/executors/multithreaded_executor' with type 'ros.ament_cmake' and name 'examples_rclcpp_multithreaded_executor'
[0.273s] Level 1:colcon.colcon_core.package_identification:_identify(src/examples/rclcpp/services) by extensions ['ignore', 'ignore_ament_install']
[0.273s] Level 1:colcon.colcon_core.package_identification:_identify(src/examples/rclcpp/services) by extension 'ignore'
[0.273s] Level 1:colcon.colcon_core.package_identification:_identify(src/examples/rclcpp/services) by extension 'ignore_ament_install'
[0.273s] Level 1:colcon.colcon_core.package_identification:_identify(src/examples/rclcpp/services) by extensions ['colcon_pkg']
[0.273s] Level 1:colcon.colcon_core.package_identification:_identify(src/examples/rclcpp/services) by extension 'colcon_pkg'
[0.273s] Level 1:colcon.colcon_core.package_identification:_identify(src/examples/rclcpp/services) by extensions ['colcon_meta']
[0.273s] Level 1:colcon.colcon_core.package_identification:_identify(src/examples/rclcpp/services) by extension 'colcon_meta'
[0.274s] Level 1:colcon.colcon_core.package_identification:_identify(src/examples/rclcpp/services) by extensions ['ros']
[0.274s] Level 1:colcon.colcon_core.package_identification:_identify(src/examples/rclcpp/services) by extension 'ros'
[0.274s] Level 1:colcon.colcon_core.package_identification:_identify(src/examples/rclcpp/services) by extensions ['cmake', 'python']
[0.274s] Level 1:colcon.colcon_core.package_identification:_identify(src/examples/rclcpp/services) by extension 'cmake'
[0.274s] Level 1:colcon.colcon_core.package_identification:_identify(src/examples/rclcpp/services) by extension 'python'
[0.274s] Level 1:colcon.colcon_core.package_identification:_identify(src/examples/rclcpp/services) by extensions ['python_setup_py']
[0.274s] Level 1:colcon.colcon_core.package_identification:_identify(src/examples/rclcpp/services) by extension 'python_setup_py'
[0.274s] Level 1:colcon.colcon_core.package_identification:_identify(src/examples/rclcpp/services/async_client) by extensions ['ignore', 'ignore_ament_install']
[0.274s] Level 1:colcon.colcon_core.package_identification:_identify(src/examples/rclcpp/services/async_client) by extension 'ignore'
[0.274s] Level 1:colcon.colcon_core.package_identification:_identify(src/examples/rclcpp/services/async_client) by extension 'ignore_ament_install'
[0.274s] Level 1:colcon.colcon_core.package_identification:_identify(src/examples/rclcpp/services/async_client) by extensions ['colcon_pkg']
[0.274s] Level 1:colcon.colcon_core.package_identification:_identify(src/examples/rclcpp/services/async_client) by extension 'colcon_pkg'
[0.274s] Level 1:colcon.colcon_core.package_identification:_identify(src/examples/rclcpp/services/async_client) by extensions ['colcon_meta']
[0.274s] Level 1:colcon.colcon_core.package_identification:_identify(src/examples/rclcpp/services/async_client) by extension 'colcon_meta'
[0.275s] Level 1:colcon.colcon_core.package_identification:_identify(src/examples/rclcpp/services/async_client) by extensions ['ros']
[0.275s] Level 1:colcon.colcon_core.package_identification:_identify(src/examples/rclcpp/services/async_client) by extension 'ros'
[0.275s] DEBUG:colcon.colcon_core.package_identification:Package 'src/examples/rclcpp/services/async_client' with type 'ros.ament_cmake' and name 'examples_rclcpp_async_client'
[0.275s] Level 1:colcon.colcon_core.package_identification:_identify(src/examples/rclcpp/services/minimal_client) by extensions ['ignore', 'ignore_ament_install']
[0.276s] Level 1:colcon.colcon_core.package_identification:_identify(src/examples/rclcpp/services/minimal_client) by extension 'ignore'
[0.276s] Level 1:colcon.colcon_core.package_identification:_identify(src/examples/rclcpp/services/minimal_client) by extension 'ignore_ament_install'
[0.276s] Level 1:colcon.colcon_core.package_identification:_identify(src/examples/rclcpp/services/minimal_client) by extensions ['colcon_pkg']
[0.276s] Level 1:colcon.colcon_core.package_identification:_identify(src/examples/rclcpp/services/minimal_client) by extension 'colcon_pkg'
[0.276s] Level 1:colcon.colcon_core.package_identification:_identify(src/examples/rclcpp/services/minimal_client) by extensions ['colcon_meta']
[0.276s] Level 1:colcon.colcon_core.package_identification:_identify(src/examples/rclcpp/services/minimal_client) by extension 'colcon_meta'
[0.276s] Level 1:colcon.colcon_core.package_identification:_identify(src/examples/rclcpp/services/minimal_client) by extensions ['ros']
[0.276s] Level 1:colcon.colcon_core.package_identification:_identify(src/examples/rclcpp/services/minimal_client) by extension 'ros'
[0.277s] DEBUG:colcon.colcon_core.package_identification:Package 'src/examples/rclcpp/services/minimal_client' with type 'ros.ament_cmake' and name 'examples_rclcpp_minimal_client'
[0.277s] Level 1:colcon.colcon_core.package_identification:_identify(src/examples/rclcpp/services/minimal_service) by extensions ['ignore', 'ignore_ament_install']
[0.277s] Level 1:colcon.colcon_core.package_identification:_identify(src/examples/rclcpp/services/minimal_service) by extension 'ignore'
[0.277s] Level 1:colcon.colcon_core.package_identification:_identify(src/examples/rclcpp/services/minimal_service) by extension 'ignore_ament_install'
[0.277s] Level 1:colcon.colcon_core.package_identification:_identify(src/examples/rclcpp/services/minimal_service) by extensions ['colcon_pkg']
[0.277s] Level 1:colcon.colcon_core.package_identification:_identify(src/examples/rclcpp/services/minimal_service) by extension 'colcon_pkg'
[0.277s] Level 1:colcon.colcon_core.package_identification:_identify(src/examples/rclcpp/services/minimal_service) by extensions ['colcon_meta']
[0.277s] Level 1:colcon.colcon_core.package_identification:_identify(src/examples/rclcpp/services/minimal_service) by extension 'colcon_meta'
[0.277s] Level 1:colcon.colcon_core.package_identification:_identify(src/examples/rclcpp/services/minimal_service) by extensions ['ros']
[0.277s] Level 1:colcon.colcon_core.package_identification:_identify(src/examples/rclcpp/services/minimal_service) by extension 'ros'
[0.278s] DEBUG:colcon.colcon_core.package_identification:Package 'src/examples/rclcpp/services/minimal_service' with type 'ros.ament_cmake' and name 'examples_rclcpp_minimal_service'
[0.278s] Level 1:colcon.colcon_core.package_identification:_identify(src/examples/rclcpp/timers) by extensions ['ignore', 'ignore_ament_install']
[0.278s] Level 1:colcon.colcon_core.package_identification:_identify(src/examples/rclcpp/timers) by extension 'ignore'
[0.278s] Level 1:colcon.colcon_core.package_identification:_identify(src/examples/rclcpp/timers) by extension 'ignore_ament_install'
[0.278s] Level 1:colcon.colcon_core.package_identification:_identify(src/examples/rclcpp/timers) by extensions ['colcon_pkg']
[0.278s] Level 1:colcon.colcon_core.package_identification:_identify(src/examples/rclcpp/timers) by extension 'colcon_pkg'
[0.278s] Level 1:colcon.colcon_core.package_identification:_identify(src/examples/rclcpp/timers) by extensions ['colcon_meta']
[0.278s] Level 1:colcon.colcon_core.package_identification:_identify(src/examples/rclcpp/timers) by extension 'colcon_meta'
[0.278s] Level 1:colcon.colcon_core.package_identification:_identify(src/examples/rclcpp/timers) by extensions ['ros']
[0.279s] Level 1:colcon.colcon_core.package_identification:_identify(src/examples/rclcpp/timers) by extension 'ros'
[0.279s] Level 1:colcon.colcon_core.package_identification:_identify(src/examples/rclcpp/timers) by extensions ['cmake', 'python']
[0.279s] Level 1:colcon.colcon_core.package_identification:_identify(src/examples/rclcpp/timers) by extension 'cmake'
[0.279s] Level 1:colcon.colcon_core.package_identification:_identify(src/examples/rclcpp/timers) by extension 'python'
[0.279s] Level 1:colcon.colcon_core.package_identification:_identify(src/examples/rclcpp/timers) by extensions ['python_setup_py']
[0.279s] Level 1:colcon.colcon_core.package_identification:_identify(src/examples/rclcpp/timers) by extension 'python_setup_py'
[0.279s] Level 1:colcon.colcon_core.package_identification:_identify(src/examples/rclcpp/timers/minimal_timer) by extensions ['ignore', 'ignore_ament_install']
[0.279s] Level 1:colcon.colcon_core.package_identification:_identify(src/examples/rclcpp/timers/minimal_timer) by extension 'ignore'
[0.279s] Level 1:colcon.colcon_core.package_identification:_identify(src/examples/rclcpp/timers/minimal_timer) by extension 'ignore_ament_install'
[0.279s] Level 1:colcon.colcon_core.package_identification:_identify(src/examples/rclcpp/timers/minimal_timer) by extensions ['colcon_pkg']
[0.279s] Level 1:colcon.colcon_core.package_identification:_identify(src/examples/rclcpp/timers/minimal_timer) by extension 'colcon_pkg'
[0.279s] Level 1:colcon.colcon_core.package_identification:_identify(src/examples/rclcpp/timers/minimal_timer) by extensions ['colcon_meta']
[0.279s] Level 1:colcon.colcon_core.package_identification:_identify(src/examples/rclcpp/timers/minimal_timer) by extension 'colcon_meta'
[0.279s] Level 1:colcon.colcon_core.package_identification:_identify(src/examples/rclcpp/timers/minimal_timer) by extensions ['ros']
[0.280s] Level 1:colcon.colcon_core.package_identification:_identify(src/examples/rclcpp/timers/minimal_timer) by extension 'ros'
[0.280s] DEBUG:colcon.colcon_core.package_identification:Package 'src/examples/rclcpp/timers/minimal_timer' with type 'ros.ament_cmake' and name 'examples_rclcpp_minimal_timer'
[0.280s] Level 1:colcon.colcon_core.package_identification:_identify(src/examples/rclcpp/topics) by extensions ['ignore', 'ignore_ament_install']
[0.280s] Level 1:colcon.colcon_core.package_identification:_identify(src/examples/rclcpp/topics) by extension 'ignore'
[0.280s] Level 1:colcon.colcon_core.package_identification:_identify(src/examples/rclcpp/topics) by extension 'ignore_ament_install'
[0.281s] Level 1:colcon.colcon_core.package_identification:_identify(src/examples/rclcpp/topics) by extensions ['colcon_pkg']
[0.281s] Level 1:colcon.colcon_core.package_identification:_identify(src/examples/rclcpp/topics) by extension 'colcon_pkg'
[0.281s] Level 1:colcon.colcon_core.package_identification:_identify(src/examples/rclcpp/topics) by extensions ['colcon_meta']
[0.281s] Level 1:colcon.colcon_core.package_identification:_identify(src/examples/rclcpp/topics) by extension 'colcon_meta'
[0.281s] Level 1:colcon.colcon_core.package_identification:_identify(src/examples/rclcpp/topics) by extensions ['ros']
[0.281s] Level 1:colcon.colcon_core.package_identification:_identify(src/examples/rclcpp/topics) by extension 'ros'
[0.281s] Level 1:colcon.colcon_core.package_identification:_identify(src/examples/rclcpp/topics) by extensions ['cmake', 'python']
[0.281s] Level 1:colcon.colcon_core.package_identification:_identify(src/examples/rclcpp/topics) by extension 'cmake'
[0.281s] Level 1:colcon.colcon_core.package_identification:_identify(src/examples/rclcpp/topics) by extension 'python'
[0.281s] Level 1:colcon.colcon_core.package_identification:_identify(src/examples/rclcpp/topics) by extensions ['python_setup_py']
[0.281s] Level 1:colcon.colcon_core.package_identification:_identify(src/examples/rclcpp/topics) by extension 'python_setup_py'
[0.281s] Level 1:colcon.colcon_core.package_identification:_identify(src/examples/rclcpp/topics/minimal_publisher) by extensions ['ignore', 'ignore_ament_install']
[0.281s] Level 1:colcon.colcon_core.package_identification:_identify(src/examples/rclcpp/topics/minimal_publisher) by extension 'ignore'
[0.281s] Level 1:colcon.colcon_core.package_identification:_identify(src/examples/rclcpp/topics/minimal_publisher) by extension 'ignore_ament_install'
[0.281s] Level 1:colcon.colcon_core.package_identification:_identify(src/examples/rclcpp/topics/minimal_publisher) by extensions ['colcon_pkg']
[0.282s] Level 1:colcon.colcon_core.package_identification:_identify(src/examples/rclcpp/topics/minimal_publisher) by extension 'colcon_pkg'
[0.282s] Level 1:colcon.colcon_core.package_identification:_identify(src/examples/rclcpp/topics/minimal_publisher) by extensions ['colcon_meta']
[0.282s] Level 1:colcon.colcon_core.package_identification:_identify(src/examples/rclcpp/topics/minimal_publisher) by extension 'colcon_meta'
[0.282s] Level 1:colcon.colcon_core.package_identification:_identify(src/examples/rclcpp/topics/minimal_publisher) by extensions ['ros']
[0.282s] Level 1:colcon.colcon_core.package_identification:_identify(src/examples/rclcpp/topics/minimal_publisher) by extension 'ros'
[0.283s] DEBUG:colcon.colcon_core.package_identification:Package 'src/examples/rclcpp/topics/minimal_publisher' with type 'ros.ament_cmake' and name 'examples_rclcpp_minimal_publisher'
[0.283s] Level 1:colcon.colcon_core.package_identification:_identify(src/examples/rclcpp/topics/minimal_subscriber) by extensions ['ignore', 'ignore_ament_install']
[0.283s] Level 1:colcon.colcon_core.package_identification:_identify(src/examples/rclcpp/topics/minimal_subscriber) by extension 'ignore'
[0.283s] Level 1:colcon.colcon_core.package_identification:_identify(src/examples/rclcpp/topics/minimal_subscriber) by extension 'ignore_ament_install'
[0.283s] Level 1:colcon.colcon_core.package_identification:_identify(src/examples/rclcpp/topics/minimal_subscriber) by extensions ['colcon_pkg']
[0.283s] Level 1:colcon.colcon_core.package_identification:_identify(src/examples/rclcpp/topics/minimal_subscriber) by extension 'colcon_pkg'
[0.283s] Level 1:colcon.colcon_core.package_identification:_identify(src/examples/rclcpp/topics/minimal_subscriber) by extensions ['colcon_meta']
[0.283s] Level 1:colcon.colcon_core.package_identification:_identify(src/examples/rclcpp/topics/minimal_subscriber) by extension 'colcon_meta'
[0.283s] Level 1:colcon.colcon_core.package_identification:_identify(src/examples/rclcpp/topics/minimal_subscriber) by extensions ['ros']
[0.283s] Level 1:colcon.colcon_core.package_identification:_identify(src/examples/rclcpp/topics/minimal_subscriber) by extension 'ros'
[0.284s] DEBUG:colcon.colcon_core.package_identification:Package 'src/examples/rclcpp/topics/minimal_subscriber' with type 'ros.ament_cmake' and name 'examples_rclcpp_minimal_subscriber'
[0.284s] Level 1:colcon.colcon_core.package_identification:_identify(src/examples/rclcpp/wait_set) by extensions ['ignore', 'ignore_ament_install']
[0.284s] Level 1:colcon.colcon_core.package_identification:_identify(src/examples/rclcpp/wait_set) by extension 'ignore'
[0.284s] Level 1:colcon.colcon_core.package_identification:_identify(src/examples/rclcpp/wait_set) by extension 'ignore_ament_install'
[0.284s] Level 1:colcon.colcon_core.package_identification:_identify(src/examples/rclcpp/wait_set) by extensions ['colcon_pkg']
[0.284s] Level 1:colcon.colcon_core.package_identification:_identify(src/examples/rclcpp/wait_set) by extension 'colcon_pkg'
[0.285s] Level 1:colcon.colcon_core.package_identification:_identify(src/examples/rclcpp/wait_set) by extensions ['colcon_meta']
[0.285s] Level 1:colcon.colcon_core.package_identification:_identify(src/examples/rclcpp/wait_set) by extension 'colcon_meta'
[0.285s] Level 1:colcon.colcon_core.package_identification:_identify(src/examples/rclcpp/wait_set) by extensions ['ros']
[0.285s] Level 1:colcon.colcon_core.package_identification:_identify(src/examples/rclcpp/wait_set) by extension 'ros'
[0.285s] DEBUG:colcon.colcon_core.package_identification:Package 'src/examples/rclcpp/wait_set' with type 'ros.ament_cmake' and name 'examples_rclcpp_wait_set'
[0.285s] Level 1:colcon.colcon_core.package_identification:_identify(src/examples/rclpy) by extensions ['ignore', 'ignore_ament_install']
[0.286s] Level 1:colcon.colcon_core.package_identification:_identify(src/examples/rclpy) by extension 'ignore'
[0.286s] Level 1:colcon.colcon_core.package_identification:_identify(src/examples/rclpy) by extension 'ignore_ament_install'
[0.286s] Level 1:colcon.colcon_core.package_identification:_identify(src/examples/rclpy) by extensions ['colcon_pkg']
[0.286s] Level 1:colcon.colcon_core.package_identification:_identify(src/examples/rclpy) by extension 'colcon_pkg'
[0.286s] Level 1:colcon.colcon_core.package_identification:_identify(src/examples/rclpy) by extensions ['colcon_meta']
[0.286s] Level 1:colcon.colcon_core.package_identification:_identify(src/examples/rclpy) by extension 'colcon_meta'
[0.286s] Level 1:colcon.colcon_core.package_identification:_identify(src/examples/rclpy) by extensions ['ros']
[0.286s] Level 1:colcon.colcon_core.package_identification:_identify(src/examples/rclpy) by extension 'ros'
[0.286s] Level 1:colcon.colcon_core.package_identification:_identify(src/examples/rclpy) by extensions ['cmake', 'python']
[0.286s] Level 1:colcon.colcon_core.package_identification:_identify(src/examples/rclpy) by extension 'cmake'
[0.286s] Level 1:colcon.colcon_core.package_identification:_identify(src/examples/rclpy) by extension 'python'
[0.286s] Level 1:colcon.colcon_core.package_identification:_identify(src/examples/rclpy) by extensions ['python_setup_py']
[0.286s] Level 1:colcon.colcon_core.package_identification:_identify(src/examples/rclpy) by extension 'python_setup_py'
[0.286s] Level 1:colcon.colcon_core.package_identification:_identify(src/examples/rclpy/actions) by extensions ['ignore', 'ignore_ament_install']
[0.287s] Level 1:colcon.colcon_core.package_identification:_identify(src/examples/rclpy/actions) by extension 'ignore'
[0.287s] Level 1:colcon.colcon_core.package_identification:_identify(src/examples/rclpy/actions) by extension 'ignore_ament_install'
[0.287s] Level 1:colcon.colcon_core.package_identification:_identify(src/examples/rclpy/actions) by extensions ['colcon_pkg']
[0.287s] Level 1:colcon.colcon_core.package_identification:_identify(src/examples/rclpy/actions) by extension 'colcon_pkg'
[0.287s] Level 1:colcon.colcon_core.package_identification:_identify(src/examples/rclpy/actions) by extensions ['colcon_meta']
[0.287s] Level 1:colcon.colcon_core.package_identification:_identify(src/examples/rclpy/actions) by extension 'colcon_meta'
[0.287s] Level 1:colcon.colcon_core.package_identification:_identify(src/examples/rclpy/actions) by extensions ['ros']
[0.287s] Level 1:colcon.colcon_core.package_identification:_identify(src/examples/rclpy/actions) by extension 'ros'
[0.287s] Level 1:colcon.colcon_core.package_identification:_identify(src/examples/rclpy/actions) by extensions ['cmake', 'python']
[0.287s] Level 1:colcon.colcon_core.package_identification:_identify(src/examples/rclpy/actions) by extension 'cmake'
[0.287s] Level 1:colcon.colcon_core.package_identification:_identify(src/examples/rclpy/actions) by extension 'python'
[0.287s] Level 1:colcon.colcon_core.package_identification:_identify(src/examples/rclpy/actions) by extensions ['python_setup_py']
[0.287s] Level 1:colcon.colcon_core.package_identification:_identify(src/examples/rclpy/actions) by extension 'python_setup_py'
[0.287s] Level 1:colcon.colcon_core.package_identification:_identify(src/examples/rclpy/actions/minimal_action_client) by extensions ['ignore', 'ignore_ament_install']
[0.288s] Level 1:colcon.colcon_core.package_identification:_identify(src/examples/rclpy/actions/minimal_action_client) by extension 'ignore'
[0.288s] Level 1:colcon.colcon_core.package_identification:_identify(src/examples/rclpy/actions/minimal_action_client) by extension 'ignore_ament_install'
[0.288s] Level 1:colcon.colcon_core.package_identification:_identify(src/examples/rclpy/actions/minimal_action_client) by extensions ['colcon_pkg']
[0.288s] Level 1:colcon.colcon_core.package_identification:_identify(src/examples/rclpy/actions/minimal_action_client) by extension 'colcon_pkg'
[0.288s] Level 1:colcon.colcon_core.package_identification:_identify(src/examples/rclpy/actions/minimal_action_client) by extensions ['colcon_meta']
[0.288s] Level 1:colcon.colcon_core.package_identification:_identify(src/examples/rclpy/actions/minimal_action_client) by extension 'colcon_meta'
[0.288s] Level 1:colcon.colcon_core.package_identification:_identify(src/examples/rclpy/actions/minimal_action_client) by extensions ['ros']
[0.288s] Level 1:colcon.colcon_core.package_identification:_identify(src/examples/rclpy/actions/minimal_action_client) by extension 'ros'
[0.289s] DEBUG:colcon.colcon_core.package_identification:Package 'src/examples/rclpy/actions/minimal_action_client' with type 'ros.ament_python' and name 'examples_rclpy_minimal_action_client'
[0.289s] Level 1:colcon.colcon_core.package_identification:_identify(src/examples/rclpy/actions/minimal_action_server) by extensions ['ignore', 'ignore_ament_install']
[0.290s] Level 1:colcon.colcon_core.package_identification:_identify(src/examples/rclpy/actions/minimal_action_server) by extension 'ignore'
[0.290s] Level 1:colcon.colcon_core.package_identification:_identify(src/examples/rclpy/actions/minimal_action_server) by extension 'ignore_ament_install'
[0.290s] Level 1:colcon.colcon_core.package_identification:_identify(src/examples/rclpy/actions/minimal_action_server) by extensions ['colcon_pkg']
[0.290s] Level 1:colcon.colcon_core.package_identification:_identify(src/examples/rclpy/actions/minimal_action_server) by extension 'colcon_pkg'
[0.290s] Level 1:colcon.colcon_core.package_identification:_identify(src/examples/rclpy/actions/minimal_action_server) by extensions ['colcon_meta']
[0.290s] Level 1:colcon.colcon_core.package_identification:_identify(src/examples/rclpy/actions/minimal_action_server) by extension 'colcon_meta'
[0.290s] Level 1:colcon.colcon_core.package_identification:_identify(src/examples/rclpy/actions/minimal_action_server) by extensions ['ros']
[0.290s] Level 1:colcon.colcon_core.package_identification:_identify(src/examples/rclpy/actions/minimal_action_server) by extension 'ros'
[0.291s] DEBUG:colcon.colcon_core.package_identification:Package 'src/examples/rclpy/actions/minimal_action_server' with type 'ros.ament_python' and name 'examples_rclpy_minimal_action_server'
[0.291s] Level 1:colcon.colcon_core.package_identification:_identify(src/examples/rclpy/executors) by extensions ['ignore', 'ignore_ament_install']
[0.292s] Level 1:colcon.colcon_core.package_identification:_identify(src/examples/rclpy/executors) by extension 'ignore'
[0.292s] Level 1:colcon.colcon_core.package_identification:_identify(src/examples/rclpy/executors) by extension 'ignore_ament_install'
[0.292s] Level 1:colcon.colcon_core.package_identification:_identify(src/examples/rclpy/executors) by extensions ['colcon_pkg']
[0.292s] Level 1:colcon.colcon_core.package_identification:_identify(src/examples/rclpy/executors) by extension 'colcon_pkg'
[0.292s] Level 1:colcon.colcon_core.package_identification:_identify(src/examples/rclpy/executors) by extensions ['colcon_meta']
[0.292s] Level 1:colcon.colcon_core.package_identification:_identify(src/examples/rclpy/executors) by extension 'colcon_meta'
[0.292s] Level 1:colcon.colcon_core.package_identification:_identify(src/examples/rclpy/executors) by extensions ['ros']
[0.292s] Level 1:colcon.colcon_core.package_identification:_identify(src/examples/rclpy/executors) by extension 'ros'
[0.293s] DEBUG:colcon.colcon_core.package_identification:Package 'src/examples/rclpy/executors' with type 'ros.ament_python' and name 'examples_rclpy_executors'
[0.293s] Level 1:colcon.colcon_core.package_identification:_identify(src/examples/rclpy/guard_conditions) by extensions ['ignore', 'ignore_ament_install']
[0.293s] Level 1:colcon.colcon_core.package_identification:_identify(src/examples/rclpy/guard_conditions) by extension 'ignore'
[0.293s] Level 1:colcon.colcon_core.package_identification:_identify(src/examples/rclpy/guard_conditions) by extension 'ignore_ament_install'
[0.293s] Level 1:colcon.colcon_core.package_identification:_identify(src/examples/rclpy/guard_conditions) by extensions ['colcon_pkg']
[0.294s] Level 1:colcon.colcon_core.package_identification:_identify(src/examples/rclpy/guard_conditions) by extension 'colcon_pkg'
[0.294s] Level 1:colcon.colcon_core.package_identification:_identify(src/examples/rclpy/guard_conditions) by extensions ['colcon_meta']
[0.294s] Level 1:colcon.colcon_core.package_identification:_identify(src/examples/rclpy/guard_conditions) by extension 'colcon_meta'
[0.294s] Level 1:colcon.colcon_core.package_identification:_identify(src/examples/rclpy/guard_conditions) by extensions ['ros']
[0.294s] Level 1:colcon.colcon_core.package_identification:_identify(src/examples/rclpy/guard_conditions) by extension 'ros'
[0.294s] DEBUG:colcon.colcon_core.package_identification:Package 'src/examples/rclpy/guard_conditions' with type 'ros.ament_python' and name 'examples_rclpy_guard_conditions'
[0.295s] Level 1:colcon.colcon_core.package_identification:_identify(src/examples/rclpy/services) by extensions ['ignore', 'ignore_ament_install']
[0.295s] Level 1:colcon.colcon_core.package_identification:_identify(src/examples/rclpy/services) by extension 'ignore'
[0.295s] Level 1:colcon.colcon_core.package_identification:_identify(src/examples/rclpy/services) by extension 'ignore_ament_install'
[0.295s] Level 1:colcon.colcon_core.package_identification:_identify(src/examples/rclpy/services) by extensions ['colcon_pkg']
[0.295s] Level 1:colcon.colcon_core.package_identification:_identify(src/examples/rclpy/services) by extension 'colcon_pkg'
[0.295s] Level 1:colcon.colcon_core.package_identification:_identify(src/examples/rclpy/services) by extensions ['colcon_meta']
[0.295s] Level 1:colcon.colcon_core.package_identification:_identify(src/examples/rclpy/services) by extension 'colcon_meta'
[0.295s] Level 1:colcon.colcon_core.package_identification:_identify(src/examples/rclpy/services) by extensions ['ros']
[0.295s] Level 1:colcon.colcon_core.package_identification:_identify(src/examples/rclpy/services) by extension 'ros'
[0.295s] Level 1:colcon.colcon_core.package_identification:_identify(src/examples/rclpy/services) by extensions ['cmake', 'python']
[0.295s] Level 1:colcon.colcon_core.package_identification:_identify(src/examples/rclpy/services) by extension 'cmake'
[0.295s] Level 1:colcon.colcon_core.package_identification:_identify(src/examples/rclpy/services) by extension 'python'
[0.295s] Level 1:colcon.colcon_core.package_identification:_identify(src/examples/rclpy/services) by extensions ['python_setup_py']
[0.295s] Level 1:colcon.colcon_core.package_identification:_identify(src/examples/rclpy/services) by extension 'python_setup_py'
[0.296s] Level 1:colcon.colcon_core.package_identification:_identify(src/examples/rclpy/services/minimal_client) by extensions ['ignore', 'ignore_ament_install']
[0.296s] Level 1:colcon.colcon_core.package_identification:_identify(src/examples/rclpy/services/minimal_client) by extension 'ignore'
[0.296s] Level 1:colcon.colcon_core.package_identification:_identify(src/examples/rclpy/services/minimal_client) by extension 'ignore_ament_install'
[0.296s] Level 1:colcon.colcon_core.package_identification:_identify(src/examples/rclpy/services/minimal_client) by extensions ['colcon_pkg']
[0.296s] Level 1:colcon.colcon_core.package_identification:_identify(src/examples/rclpy/services/minimal_client) by extension 'colcon_pkg'
[0.296s] Level 1:colcon.colcon_core.package_identification:_identify(src/examples/rclpy/services/minimal_client) by extensions ['colcon_meta']
[0.296s] Level 1:colcon.colcon_core.package_identification:_identify(src/examples/rclpy/services/minimal_client) by extension 'colcon_meta'
[0.296s] Level 1:colcon.colcon_core.package_identification:_identify(src/examples/rclpy/services/minimal_client) by extensions ['ros']
[0.296s] Level 1:colcon.colcon_core.package_identification:_identify(src/examples/rclpy/services/minimal_client) by extension 'ros'
[0.297s] DEBUG:colcon.colcon_core.package_identification:Package 'src/examples/rclpy/services/minimal_client' with type 'ros.ament_python' and name 'examples_rclpy_minimal_client'
[0.297s] Level 1:colcon.colcon_core.package_identification:_identify(src/examples/rclpy/services/minimal_service) by extensions ['ignore', 'ignore_ament_install']
[0.297s] Level 1:colcon.colcon_core.package_identification:_identify(src/examples/rclpy/services/minimal_service) by extension 'ignore'
[0.297s] Level 1:colcon.colcon_core.package_identification:_identify(src/examples/rclpy/services/minimal_service) by extension 'ignore_ament_install'
[0.297s] Level 1:colcon.colcon_core.package_identification:_identify(src/examples/rclpy/services/minimal_service) by extensions ['colcon_pkg']
[0.297s] Level 1:colcon.colcon_core.package_identification:_identify(src/examples/rclpy/services/minimal_service) by extension 'colcon_pkg'
[0.297s] Level 1:colcon.colcon_core.package_identification:_identify(src/examples/rclpy/services/minimal_service) by extensions ['colcon_meta']
[0.297s] Level 1:colcon.colcon_core.package_identification:_identify(src/examples/rclpy/services/minimal_service) by extension 'colcon_meta'
[0.297s] Level 1:colcon.colcon_core.package_identification:_identify(src/examples/rclpy/services/minimal_service) by extensions ['ros']
[0.297s] Level 1:colcon.colcon_core.package_identification:_identify(src/examples/rclpy/services/minimal_service) by extension 'ros'
[0.298s] DEBUG:colcon.colcon_core.package_identification:Package 'src/examples/rclpy/services/minimal_service' with type 'ros.ament_python' and name 'examples_rclpy_minimal_service'
[0.298s] Level 1:colcon.colcon_core.package_identification:_identify(src/examples/rclpy/topics) by extensions ['ignore', 'ignore_ament_install']
[0.298s] Level 1:colcon.colcon_core.package_identification:_identify(src/examples/rclpy/topics) by extension 'ignore'
[0.298s] Level 1:colcon.colcon_core.package_identification:_identify(src/examples/rclpy/topics) by extension 'ignore_ament_install'
[0.299s] Level 1:colcon.colcon_core.package_identification:_identify(src/examples/rclpy/topics) by extensions ['colcon_pkg']
[0.299s] Level 1:colcon.colcon_core.package_identification:_identify(src/examples/rclpy/topics) by extension 'colcon_pkg'
[0.299s] Level 1:colcon.colcon_core.package_identification:_identify(src/examples/rclpy/topics) by extensions ['colcon_meta']
[0.299s] Level 1:colcon.colcon_core.package_identification:_identify(src/examples/rclpy/topics) by extension 'colcon_meta'
[0.299s] Level 1:colcon.colcon_core.package_identification:_identify(src/examples/rclpy/topics) by extensions ['ros']
[0.299s] Level 1:colcon.colcon_core.package_identification:_identify(src/examples/rclpy/topics) by extension 'ros'
[0.299s] Level 1:colcon.colcon_core.package_identification:_identify(src/examples/rclpy/topics) by extensions ['cmake', 'python']
[0.299s] Level 1:colcon.colcon_core.package_identification:_identify(src/examples/rclpy/topics) by extension 'cmake'
[0.299s] Level 1:colcon.colcon_core.package_identification:_identify(src/examples/rclpy/topics) by extension 'python'
[0.299s] Level 1:colcon.colcon_core.package_identification:_identify(src/examples/rclpy/topics) by extensions ['python_setup_py']
[0.299s] Level 1:colcon.colcon_core.package_identification:_identify(src/examples/rclpy/topics) by extension 'python_setup_py'
[0.299s] Level 1:colcon.colcon_core.package_identification:_identify(src/examples/rclpy/topics/minimal_publisher) by extensions ['ignore', 'ignore_ament_install']
[0.299s] Level 1:colcon.colcon_core.package_identification:_identify(src/examples/rclpy/topics/minimal_publisher) by extension 'ignore'
[0.299s] Level 1:colcon.colcon_core.package_identification:_identify(src/examples/rclpy/topics/minimal_publisher) by extension 'ignore_ament_install'
[0.300s] Level 1:colcon.colcon_core.package_identification:_identify(src/examples/rclpy/topics/minimal_publisher) by extensions ['colcon_pkg']
[0.300s] Level 1:colcon.colcon_core.package_identification:_identify(src/examples/rclpy/topics/minimal_publisher) by extension 'colcon_pkg'
[0.300s] Level 1:colcon.colcon_core.package_identification:_identify(src/examples/rclpy/topics/minimal_publisher) by extensions ['colcon_meta']
[0.300s] Level 1:colcon.colcon_core.package_identification:_identify(src/examples/rclpy/topics/minimal_publisher) by extension 'colcon_meta'
[0.300s] Level 1:colcon.colcon_core.package_identification:_identify(src/examples/rclpy/topics/minimal_publisher) by extensions ['ros']
[0.300s] Level 1:colcon.colcon_core.package_identification:_identify(src/examples/rclpy/topics/minimal_publisher) by extension 'ros'
[0.301s] DEBUG:colcon.colcon_core.package_identification:Package 'src/examples/rclpy/topics/minimal_publisher' with type 'ros.ament_python' and name 'examples_rclpy_minimal_publisher'
[0.301s] Level 1:colcon.colcon_core.package_identification:_identify(src/examples/rclpy/topics/minimal_subscriber) by extensions ['ignore', 'ignore_ament_install']
[0.301s] Level 1:colcon.colcon_core.package_identification:_identify(src/examples/rclpy/topics/minimal_subscriber) by extension 'ignore'
[0.301s] Level 1:colcon.colcon_core.package_identification:_identify(src/examples/rclpy/topics/minimal_subscriber) by extension 'ignore_ament_install'
[0.301s] Level 1:colcon.colcon_core.package_identification:_identify(src/examples/rclpy/topics/minimal_subscriber) by extensions ['colcon_pkg']
[0.301s] Level 1:colcon.colcon_core.package_identification:_identify(src/examples/rclpy/topics/minimal_subscriber) by extension 'colcon_pkg'
[0.301s] Level 1:colcon.colcon_core.package_identification:_identify(src/examples/rclpy/topics/minimal_subscriber) by extensions ['colcon_meta']
[0.301s] Level 1:colcon.colcon_core.package_identification:_identify(src/examples/rclpy/topics/minimal_subscriber) by extension 'colcon_meta'
[0.301s] Level 1:colcon.colcon_core.package_identification:_identify(src/examples/rclpy/topics/minimal_subscriber) by extensions ['ros']
[0.301s] Level 1:colcon.colcon_core.package_identification:_identify(src/examples/rclpy/topics/minimal_subscriber) by extension 'ros'
[0.302s] DEBUG:colcon.colcon_core.package_identification:Package 'src/examples/rclpy/topics/minimal_subscriber' with type 'ros.ament_python' and name 'examples_rclpy_minimal_subscriber'
[0.303s] Level 1:colcon.colcon_core.package_identification:_identify(src/examples/rclpy/topics/pointcloud_publisher) by extensions ['ignore', 'ignore_ament_install']
[0.303s] Level 1:colcon.colcon_core.package_identification:_identify(src/examples/rclpy/topics/pointcloud_publisher) by extension 'ignore'
[0.303s] Level 1:colcon.colcon_core.package_identification:_identify(src/examples/rclpy/topics/pointcloud_publisher) by extension 'ignore_ament_install'
[0.303s] Level 1:colcon.colcon_core.package_identification:_identify(src/examples/rclpy/topics/pointcloud_publisher) by extensions ['colcon_pkg']
[0.303s] Level 1:colcon.colcon_core.package_identification:_identify(src/examples/rclpy/topics/pointcloud_publisher) by extension 'colcon_pkg'
[0.303s] Level 1:colcon.colcon_core.package_identification:_identify(src/examples/rclpy/topics/pointcloud_publisher) by extensions ['colcon_meta']
[0.303s] Level 1:colcon.colcon_core.package_identification:_identify(src/examples/rclpy/topics/pointcloud_publisher) by extension 'colcon_meta'
[0.303s] Level 1:colcon.colcon_core.package_identification:_identify(src/examples/rclpy/topics/pointcloud_publisher) by extensions ['ros']
[0.303s] Level 1:colcon.colcon_core.package_identification:_identify(src/examples/rclpy/topics/pointcloud_publisher) by extension 'ros'
[0.304s] DEBUG:colcon.colcon_core.package_identification:Package 'src/examples/rclpy/topics/pointcloud_publisher' with type 'ros.ament_python' and name 'examples_rclpy_pointcloud_publisher'
[0.304s] Level 1:colcon.colcon_core.package_identification:_identify(src/install) by extensions ['ignore', 'ignore_ament_install']
[0.304s] Level 1:colcon.colcon_core.package_identification:_identify(src/install) by extension 'ignore'
[0.304s] Level 1:colcon.colcon_core.package_identification:_identify(src/install) ignored
[0.304s] Level 1:colcon.colcon_core.package_identification:_identify(src/log) by extensions ['ignore', 'ignore_ament_install']
[0.304s] Level 1:colcon.colcon_core.package_identification:_identify(src/log) by extension 'ignore'
[0.305s] Level 1:colcon.colcon_core.package_identification:_identify(src/log) ignored
[0.305s] Level 1:colcon.colcon_core.package_identification:_identify(src/tutorial_interfaces) by extensions ['ignore', 'ignore_ament_install']
[0.305s] Level 1:colcon.colcon_core.package_identification:_identify(src/tutorial_interfaces) by extension 'ignore'
[0.305s] Level 1:colcon.colcon_core.package_identification:_identify(src/tutorial_interfaces) by extension 'ignore_ament_install'
[0.305s] Level 1:colcon.colcon_core.package_identification:_identify(src/tutorial_interfaces) by extensions ['colcon_pkg']
[0.305s] Level 1:colcon.colcon_core.package_identification:_identify(src/tutorial_interfaces) by extension 'colcon_pkg'
[0.305s] Level 1:colcon.colcon_core.package_identification:_identify(src/tutorial_interfaces) by extensions ['colcon_meta']
[0.305s] Level 1:colcon.colcon_core.package_identification:_identify(src/tutorial_interfaces) by extension 'colcon_meta'
[0.305s] Level 1:colcon.colcon_core.package_identification:_identify(src/tutorial_interfaces) by extensions ['ros']
[0.305s] Level 1:colcon.colcon_core.package_identification:_identify(src/tutorial_interfaces) by extension 'ros'
[0.306s] DEBUG:colcon.colcon_core.package_identification:Package 'src/tutorial_interfaces' with type 'ros.ament_cmake' and name 'tutorial_interfaces'
[0.306s] Level 1:colcon.colcon_core.package_identification:_identify(venv) by extensions ['ignore', 'ignore_ament_install']
[0.306s] Level 1:colcon.colcon_core.package_identification:_identify(venv) by extension 'ignore'
[0.306s] Level 1:colcon.colcon_core.package_identification:_identify(venv) by extension 'ignore_ament_install'
[0.306s] Level 1:colcon.colcon_core.package_identification:_identify(venv) by extensions ['colcon_pkg']
[0.306s] Level 1:colcon.colcon_core.package_identification:_identify(venv) by extension 'colcon_pkg'
[0.306s] Level 1:colcon.colcon_core.package_identification:_identify(venv) by extensions ['colcon_meta']
[0.306s] Level 1:colcon.colcon_core.package_identification:_identify(venv) by extension 'colcon_meta'
[0.306s] Level 1:colcon.colcon_core.package_identification:_identify(venv) by extensions ['ros']
[0.306s] Level 1:colcon.colcon_core.package_identification:_identify(venv) by extension 'ros'
[0.306s] Level 1:colcon.colcon_core.package_identification:_identify(venv) by extensions ['cmake', 'python']
[0.306s] Level 1:colcon.colcon_core.package_identification:_identify(venv) by extension 'cmake'
[0.307s] Level 1:colcon.colcon_core.package_identification:_identify(venv) by extension 'python'
[0.307s] Level 1:colcon.colcon_core.package_identification:_identify(venv) by extensions ['python_setup_py']
[0.307s] Level 1:colcon.colcon_core.package_identification:_identify(venv) by extension 'python_setup_py'
[0.307s] Level 1:colcon.colcon_core.package_identification:_identify(venv/bin) by extensions ['ignore', 'ignore_ament_install']
[0.307s] Level 1:colcon.colcon_core.package_identification:_identify(venv/bin) by extension 'ignore'
[0.307s] Level 1:colcon.colcon_core.package_identification:_identify(venv/bin) by extension 'ignore_ament_install'
[0.307s] Level 1:colcon.colcon_core.package_identification:_identify(venv/bin) by extensions ['colcon_pkg']
[0.307s] Level 1:colcon.colcon_core.package_identification:_identify(venv/bin) by extension 'colcon_pkg'
[0.307s] Level 1:colcon.colcon_core.package_identification:_identify(venv/bin) by extensions ['colcon_meta']
[0.307s] Level 1:colcon.colcon_core.package_identification:_identify(venv/bin) by extension 'colcon_meta'
[0.307s] Level 1:colcon.colcon_core.package_identification:_identify(venv/bin) by extensions ['ros']
[0.307s] Level 1:colcon.colcon_core.package_identification:_identify(venv/bin) by extension 'ros'
[0.307s] Level 1:colcon.colcon_core.package_identification:_identify(venv/bin) by extensions ['cmake', 'python']
[0.307s] Level 1:colcon.colcon_core.package_identification:_identify(venv/bin) by extension 'cmake'
[0.307s] Level 1:colcon.colcon_core.package_identification:_identify(venv/bin) by extension 'python'
[0.308s] Level 1:colcon.colcon_core.package_identification:_identify(venv/bin) by extensions ['python_setup_py']
[0.308s] Level 1:colcon.colcon_core.package_identification:_identify(venv/bin) by extension 'python_setup_py'
[0.308s] Level 1:colcon.colcon_core.package_identification:_identify(venv/include) by extensions ['ignore', 'ignore_ament_install']
[0.308s] Level 1:colcon.colcon_core.package_identification:_identify(venv/include) by extension 'ignore'
[0.308s] Level 1:colcon.colcon_core.package_identification:_identify(venv/include) by extension 'ignore_ament_install'
[0.308s] Level 1:colcon.colcon_core.package_identification:_identify(venv/include) by extensions ['colcon_pkg']
[0.308s] Level 1:colcon.colcon_core.package_identification:_identify(venv/include) by extension 'colcon_pkg'
[0.308s] Level 1:colcon.colcon_core.package_identification:_identify(venv/include) by extensions ['colcon_meta']
[0.308s] Level 1:colcon.colcon_core.package_identification:_identify(venv/include) by extension 'colcon_meta'
[0.308s] Level 1:colcon.colcon_core.package_identification:_identify(venv/include) by extensions ['ros']
[0.308s] Level 1:colcon.colcon_core.package_identification:_identify(venv/include) by extension 'ros'
[0.308s] Level 1:colcon.colcon_core.package_identification:_identify(venv/include) by extensions ['cmake', 'python']
[0.308s] Level 1:colcon.colcon_core.package_identification:_identify(venv/include) by extension 'cmake'
[0.308s] Level 1:colcon.colcon_core.package_identification:_identify(venv/include) by extension 'python'
[0.308s] Level 1:colcon.colcon_core.package_identification:_identify(venv/include) by extensions ['python_setup_py']
[0.308s] Level 1:colcon.colcon_core.package_identification:_identify(venv/include) by extension 'python_setup_py'
[0.309s] Level 1:colcon.colcon_core.package_identification:_identify(venv/include/python3.12) by extensions ['ignore', 'ignore_ament_install']
[0.309s] Level 1:colcon.colcon_core.package_identification:_identify(venv/include/python3.12) by extension 'ignore'
[0.309s] Level 1:colcon.colcon_core.package_identification:_identify(venv/include/python3.12) by extension 'ignore_ament_install'
[0.309s] Level 1:colcon.colcon_core.package_identification:_identify(venv/include/python3.12) by extensions ['colcon_pkg']
[0.309s] Level 1:colcon.colcon_core.package_identification:_identify(venv/include/python3.12) by extension 'colcon_pkg'
[0.309s] Level 1:colcon.colcon_core.package_identification:_identify(venv/include/python3.12) by extensions ['colcon_meta']
[0.309s] Level 1:colcon.colcon_core.package_identification:_identify(venv/include/python3.12) by extension 'colcon_meta'
[0.309s] Level 1:colcon.colcon_core.package_identification:_identify(venv/include/python3.12) by extensions ['ros']
[0.309s] Level 1:colcon.colcon_core.package_identification:_identify(venv/include/python3.12) by extension 'ros'
[0.309s] Level 1:colcon.colcon_core.package_identification:_identify(venv/include/python3.12) by extensions ['cmake', 'python']
[0.309s] Level 1:colcon.colcon_core.package_identification:_identify(venv/include/python3.12) by extension 'cmake'
[0.309s] Level 1:colcon.colcon_core.package_identification:_identify(venv/include/python3.12) by extension 'python'
[0.309s] Level 1:colcon.colcon_core.package_identification:_identify(venv/include/python3.12) by extensions ['python_setup_py']
[0.309s] Level 1:colcon.colcon_core.package_identification:_identify(venv/include/python3.12) by extension 'python_setup_py'
[0.309s] Level 1:colcon.colcon_core.package_identification:_identify(venv/lib) by extensions ['ignore', 'ignore_ament_install']
[0.310s] Level 1:colcon.colcon_core.package_identification:_identify(venv/lib) by extension 'ignore'
[0.310s] Level 1:colcon.colcon_core.package_identification:_identify(venv/lib) by extension 'ignore_ament_install'
[0.310s] Level 1:colcon.colcon_core.package_identification:_identify(venv/lib) by extensions ['colcon_pkg']
[0.310s] Level 1:colcon.colcon_core.package_identification:_identify(venv/lib) by extension 'colcon_pkg'
[0.310s] Level 1:colcon.colcon_core.package_identification:_identify(venv/lib) by extensions ['colcon_meta']
[0.310s] Level 1:colcon.colcon_core.package_identification:_identify(venv/lib) by extension 'colcon_meta'
[0.310s] Level 1:colcon.colcon_core.package_identification:_identify(venv/lib) by extensions ['ros']
[0.310s] Level 1:colcon.colcon_core.package_identification:_identify(venv/lib) by extension 'ros'
[0.310s] Level 1:colcon.colcon_core.package_identification:_identify(venv/lib) by extensions ['cmake', 'python']
[0.310s] Level 1:colcon.colcon_core.package_identification:_identify(venv/lib) by extension 'cmake'
[0.310s] Level 1:colcon.colcon_core.package_identification:_identify(venv/lib) by extension 'python'
[0.310s] Level 1:colcon.colcon_core.package_identification:_identify(venv/lib) by extensions ['python_setup_py']
[0.310s] Level 1:colcon.colcon_core.package_identification:_identify(venv/lib) by extension 'python_setup_py'
[0.310s] Level 1:colcon.colcon_core.package_identification:_identify(venv/lib/python3.12) by extensions ['ignore', 'ignore_ament_install']
[0.310s] Level 1:colcon.colcon_core.package_identification:_identify(venv/lib/python3.12) by extension 'ignore'
[0.311s] Level 1:colcon.colcon_core.package_identification:_identify(venv/lib/python3.12) by extension 'ignore_ament_install'
[0.311s] Level 1:colcon.colcon_core.package_identification:_identify(venv/lib/python3.12) by extensions ['colcon_pkg']
[0.311s] Level 1:colcon.colcon_core.package_identification:_identify(venv/lib/python3.12) by extension 'colcon_pkg'
[0.311s] Level 1:colcon.colcon_core.package_identification:_identify(venv/lib/python3.12) by extensions ['colcon_meta']
[0.311s] Level 1:colcon.colcon_core.package_identification:_identify(venv/lib/python3.12) by extension 'colcon_meta'
[0.311s] Level 1:colcon.colcon_core.package_identification:_identify(venv/lib/python3.12) by extensions ['ros']
[0.311s] Level 1:colcon.colcon_core.package_identification:_identify(venv/lib/python3.12) by extension 'ros'
[0.311s] Level 1:colcon.colcon_core.package_identification:_identify(venv/lib/python3.12) by extensions ['cmake', 'python']
[0.311s] Level 1:colcon.colcon_core.package_identification:_identify(venv/lib/python3.12) by extension 'cmake'
[0.311s] Level 1:colcon.colcon_core.package_identification:_identify(venv/lib/python3.12) by extension 'python'
[0.311s] Level 1:colcon.colcon_core.package_identification:_identify(venv/lib/python3.12) by extensions ['python_setup_py']
[0.311s] Level 1:colcon.colcon_core.package_identification:_identify(venv/lib/python3.12) by extension 'python_setup_py'
[0.311s] Level 1:colcon.colcon_core.package_identification:_identify(venv/lib/python3.12/site-packages) by extensions ['ignore', 'ignore_ament_install']
[0.311s] Level 1:colcon.colcon_core.package_identification:_identify(venv/lib/python3.12/site-packages) by extension 'ignore'
[0.312s] Level 1:colcon.colcon_core.package_identification:_identify(venv/lib/python3.12/site-packages) by extension 'ignore_ament_install'
[0.312s] Level 1:colcon.colcon_core.package_identification:_identify(venv/lib/python3.12/site-packages) by extensions ['colcon_pkg']
[0.312s] Level 1:colcon.colcon_core.package_identification:_identify(venv/lib/python3.12/site-packages) by extension 'colcon_pkg'
[0.312s] Level 1:colcon.colcon_core.package_identification:_identify(venv/lib/python3.12/site-packages) by extensions ['colcon_meta']
[0.312s] Level 1:colcon.colcon_core.package_identification:_identify(venv/lib/python3.12/site-packages) by extension 'colcon_meta'
[0.312s] Level 1:colcon.colcon_core.package_identification:_identify(venv/lib/python3.12/site-packages) by extensions ['ros']
[0.312s] Level 1:colcon.colcon_core.package_identification:_identify(venv/lib/python3.12/site-packages) by extension 'ros'
[0.312s] Level 1:colcon.colcon_core.package_identification:_identify(venv/lib/python3.12/site-packages) by extensions ['cmake', 'python']
[0.312s] Level 1:colcon.colcon_core.package_identification:_identify(venv/lib/python3.12/site-packages) by extension 'cmake'
[0.312s] Level 1:colcon.colcon_core.package_identification:_identify(venv/lib/python3.12/site-packages) by extension 'python'
[0.312s] Level 1:colcon.colcon_core.package_identification:_identify(venv/lib/python3.12/site-packages) by extensions ['python_setup_py']
[0.312s] Level 1:colcon.colcon_core.package_identification:_identify(venv/lib/python3.12/site-packages) by extension 'python_setup_py'
[0.312s] Level 1:colcon.colcon_core.package_identification:_identify(venv/lib/python3.12/site-packages/_distutils_hack) by extensions ['ignore', 'ignore_ament_install']
[0.312s] Level 1:colcon.colcon_core.package_identification:_identify(venv/lib/python3.12/site-packages/_distutils_hack) by extension 'ignore'
[0.313s] Level 1:colcon.colcon_core.package_identification:_identify(venv/lib/python3.12/site-packages/_distutils_hack) by extension 'ignore_ament_install'
[0.313s] Level 1:colcon.colcon_core.package_identification:_identify(venv/lib/python3.12/site-packages/_distutils_hack) by extensions ['colcon_pkg']
[0.313s] Level 1:colcon.colcon_core.package_identification:_identify(venv/lib/python3.12/site-packages/_distutils_hack) by extension 'colcon_pkg'
[0.313s] Level 1:colcon.colcon_core.package_identification:_identify(venv/lib/python3.12/site-packages/_distutils_hack) by extensions ['colcon_meta']
[0.313s] Level 1:colcon.colcon_core.package_identification:_identify(venv/lib/python3.12/site-packages/_distutils_hack) by extension 'colcon_meta'
[0.313s] Level 1:colcon.colcon_core.package_identification:_identify(venv/lib/python3.12/site-packages/_distutils_hack) by extensions ['ros']
[0.313s] Level 1:colcon.colcon_core.package_identification:_identify(venv/lib/python3.12/site-packages/_distutils_hack) by extension 'ros'
[0.313s] Level 1:colcon.colcon_core.package_identification:_identify(venv/lib/python3.12/site-packages/_distutils_hack) by extensions ['cmake', 'python']
[0.313s] Level 1:colcon.colcon_core.package_identification:_identify(venv/lib/python3.12/site-packages/_distutils_hack) by extension 'cmake'
[0.313s] Level 1:colcon.colcon_core.package_identification:_identify(venv/lib/python3.12/site-packages/_distutils_hack) by extension 'python'
[0.313s] Level 1:colcon.colcon_core.package_identification:_identify(venv/lib/python3.12/site-packages/_distutils_hack) by extensions ['python_setup_py']
[0.313s] Level 1:colcon.colcon_core.package_identification:_identify(venv/lib/python3.12/site-packages/_distutils_hack) by extension 'python_setup_py'
[0.313s] Level 1:colcon.colcon_core.package_identification:_identify(venv/lib/python3.12/site-packages/_distutils_hack/__pycache__) by extensions ['ignore', 'ignore_ament_install']
[0.313s] Level 1:colcon.colcon_core.package_identification:_identify(venv/lib/python3.12/site-packages/_distutils_hack/__pycache__) by extension 'ignore'
[0.313s] Level 1:colcon.colcon_core.package_identification:_identify(venv/lib/python3.12/site-packages/_distutils_hack/__pycache__) by extension 'ignore_ament_install'
[0.314s] Level 1:colcon.colcon_core.package_identification:_identify(venv/lib/python3.12/site-packages/_distutils_hack/__pycache__) by extensions ['colcon_pkg']
[0.314s] Level 1:colcon.colcon_core.package_identification:_identify(venv/lib/python3.12/site-packages/_distutils_hack/__pycache__) by extension 'colcon_pkg'
[0.314s] Level 1:colcon.colcon_core.package_identification:_identify(venv/lib/python3.12/site-packages/_distutils_hack/__pycache__) by extensions ['colcon_meta']
[0.314s] Level 1:colcon.colcon_core.package_identification:_identify(venv/lib/python3.12/site-packages/_distutils_hack/__pycache__) by extension 'colcon_meta'
[0.314s] Level 1:colcon.colcon_core.package_identification:_identify(venv/lib/python3.12/site-packages/_distutils_hack/__pycache__) by extensions ['ros']
[0.314s] Level 1:colcon.colcon_core.package_identification:_identify(venv/lib/python3.12/site-packages/_distutils_hack/__pycache__) by extension 'ros'
[0.314s] Level 1:colcon.colcon_core.package_identification:_identify(venv/lib/python3.12/site-packages/_distutils_hack/__pycache__) by extensions ['cmake', 'python']
[0.314s] Level 1:colcon.colcon_core.package_identification:_identify(venv/lib/python3.12/site-packages/_distutils_hack/__pycache__) by extension 'cmake'
[0.314s] Level 1:colcon.colcon_core.package_identification:_identify(venv/lib/python3.12/site-packages/_distutils_hack/__pycache__) by extension 'python'
[0.314s] Level 1:colcon.colcon_core.package_identification:_identify(venv/lib/python3.12/site-packages/_distutils_hack/__pycache__) by extensions ['python_setup_py']
[0.314s] Level 1:colcon.colcon_core.package_identification:_identify(venv/lib/python3.12/site-packages/_distutils_hack/__pycache__) by extension 'python_setup_py'
[0.314s] Level 1:colcon.colcon_core.package_identification:_identify(venv/lib/python3.12/site-packages/basicmicro) by extensions ['ignore', 'ignore_ament_install']
[0.314s] Level 1:colcon.colcon_core.package_identification:_identify(venv/lib/python3.12/site-packages/basicmicro) by extension 'ignore'
[0.314s] Level 1:colcon.colcon_core.package_identification:_identify(venv/lib/python3.12/site-packages/basicmicro) by extension 'ignore_ament_install'
[0.315s] Level 1:colcon.colcon_core.package_identification:_identify(venv/lib/python3.12/site-packages/basicmicro) by extensions ['colcon_pkg']
[0.315s] Level 1:colcon.colcon_core.package_identification:_identify(venv/lib/python3.12/site-packages/basicmicro) by extension 'colcon_pkg'
[0.315s] Level 1:colcon.colcon_core.package_identification:_identify(venv/lib/python3.12/site-packages/basicmicro) by extensions ['colcon_meta']
[0.315s] Level 1:colcon.colcon_core.package_identification:_identify(venv/lib/python3.12/site-packages/basicmicro) by extension 'colcon_meta'
[0.315s] Level 1:colcon.colcon_core.package_identification:_identify(venv/lib/python3.12/site-packages/basicmicro) by extensions ['ros']
[0.315s] Level 1:colcon.colcon_core.package_identification:_identify(venv/lib/python3.12/site-packages/basicmicro) by extension 'ros'
[0.315s] Level 1:colcon.colcon_core.package_identification:_identify(venv/lib/python3.12/site-packages/basicmicro) by extensions ['cmake', 'python']
[0.315s] Level 1:colcon.colcon_core.package_identification:_identify(venv/lib/python3.12/site-packages/basicmicro) by extension 'cmake'
[0.315s] Level 1:colcon.colcon_core.package_identification:_identify(venv/lib/python3.12/site-packages/basicmicro) by extension 'python'
[0.315s] Level 1:colcon.colcon_core.package_identification:_identify(venv/lib/python3.12/site-packages/basicmicro) by extensions ['python_setup_py']
[0.315s] Level 1:colcon.colcon_core.package_identification:_identify(venv/lib/python3.12/site-packages/basicmicro) by extension 'python_setup_py'
[0.315s] Level 1:colcon.colcon_core.package_identification:_identify(venv/lib/python3.12/site-packages/basicmicro/__pycache__) by extensions ['ignore', 'ignore_ament_install']
[0.315s] Level 1:colcon.colcon_core.package_identification:_identify(venv/lib/python3.12/site-packages/basicmicro/__pycache__) by extension 'ignore'
[0.315s] Level 1:colcon.colcon_core.package_identification:_identify(venv/lib/python3.12/site-packages/basicmicro/__pycache__) by extension 'ignore_ament_install'
[0.316s] Level 1:colcon.colcon_core.package_identification:_identify(venv/lib/python3.12/site-packages/basicmicro/__pycache__) by extensions ['colcon_pkg']
[0.316s] Level 1:colcon.colcon_core.package_identification:_identify(venv/lib/python3.12/site-packages/basicmicro/__pycache__) by extension 'colcon_pkg'
[0.316s] Level 1:colcon.colcon_core.package_identification:_identify(venv/lib/python3.12/site-packages/basicmicro/__pycache__) by extensions ['colcon_meta']
[0.316s] Level 1:colcon.colcon_core.package_identification:_identify(venv/lib/python3.12/site-packages/basicmicro/__pycache__) by extension 'colcon_meta'
[0.316s] Level 1:colcon.colcon_core.package_identification:_identify(venv/lib/python3.12/site-packages/basicmicro/__pycache__) by extensions ['ros']
[0.316s] Level 1:colcon.colcon_core.package_identification:_identify(venv/lib/python3.12/site-packages/basicmicro/__pycache__) by extension 'ros'
[0.316s] Level 1:colcon.colcon_core.package_identification:_identify(venv/lib/python3.12/site-packages/basicmicro/__pycache__) by extensions ['cmake', 'python']
[0.316s] Level 1:colcon.colcon_core.package_identification:_identify(venv/lib/python3.12/site-packages/basicmicro/__pycache__) by extension 'cmake'
[0.316s] Level 1:colcon.colcon_core.package_identification:_identify(venv/lib/python3.12/site-packages/basicmicro/__pycache__) by extension 'python'
[0.316s] Level 1:colcon.colcon_core.package_identification:_identify(venv/lib/python3.12/site-packages/basicmicro/__pycache__) by extensions ['python_setup_py']
[0.316s] Level 1:colcon.colcon_core.package_identification:_identify(venv/lib/python3.12/site-packages/basicmicro/__pycache__) by extension 'python_setup_py'
[0.316s] Level 1:colcon.colcon_core.package_identification:_identify(venv/lib/python3.12/site-packages/basicmicro-2.0.10.dist-info) by extensions ['ignore', 'ignore_ament_install']
[0.316s] Level 1:colcon.colcon_core.package_identification:_identify(venv/lib/python3.12/site-packages/basicmicro-2.0.10.dist-info) by extension 'ignore'
[0.316s] Level 1:colcon.colcon_core.package_identification:_identify(venv/lib/python3.12/site-packages/basicmicro-2.0.10.dist-info) by extension 'ignore_ament_install'
[0.316s] Level 1:colcon.colcon_core.package_identification:_identify(venv/lib/python3.12/site-packages/basicmicro-2.0.10.dist-info) by extensions ['colcon_pkg']
[0.317s] Level 1:colcon.colcon_core.package_identification:_identify(venv/lib/python3.12/site-packages/basicmicro-2.0.10.dist-info) by extension 'colcon_pkg'
[0.317s] Level 1:colcon.colcon_core.package_identification:_identify(venv/lib/python3.12/site-packages/basicmicro-2.0.10.dist-info) by extensions ['colcon_meta']
[0.317s] Level 1:colcon.colcon_core.package_identification:_identify(venv/lib/python3.12/site-packages/basicmicro-2.0.10.dist-info) by extension 'colcon_meta'
[0.317s] Level 1:colcon.colcon_core.package_identification:_identify(venv/lib/python3.12/site-packages/basicmicro-2.0.10.dist-info) by extensions ['ros']
[0.317s] Level 1:colcon.colcon_core.package_identification:_identify(venv/lib/python3.12/site-packages/basicmicro-2.0.10.dist-info) by extension 'ros'
[0.317s] Level 1:colcon.colcon_core.package_identification:_identify(venv/lib/python3.12/site-packages/basicmicro-2.0.10.dist-info) by extensions ['cmake', 'python']
[0.317s] Level 1:colcon.colcon_core.package_identification:_identify(venv/lib/python3.12/site-packages/basicmicro-2.0.10.dist-info) by extension 'cmake'
[0.317s] Level 1:colcon.colcon_core.package_identification:_identify(venv/lib/python3.12/site-packages/basicmicro-2.0.10.dist-info) by extension 'python'
[0.317s] Level 1:colcon.colcon_core.package_identification:_identify(venv/lib/python3.12/site-packages/basicmicro-2.0.10.dist-info) by extensions ['python_setup_py']
[0.317s] Level 1:colcon.colcon_core.package_identification:_identify(venv/lib/python3.12/site-packages/basicmicro-2.0.10.dist-info) by extension 'python_setup_py'
[0.317s] Level 1:colcon.colcon_core.package_identification:_identify(venv/lib/python3.12/site-packages/basicmicro-2.0.10.dist-info/licenses) by extensions ['ignore', 'ignore_ament_install']
[0.317s] Level 1:colcon.colcon_core.package_identification:_identify(venv/lib/python3.12/site-packages/basicmicro-2.0.10.dist-info/licenses) by extension 'ignore'
[0.317s] Level 1:colcon.colcon_core.package_identification:_identify(venv/lib/python3.12/site-packages/basicmicro-2.0.10.dist-info/licenses) by extension 'ignore_ament_install'
[0.317s] Level 1:colcon.colcon_core.package_identification:_identify(venv/lib/python3.12/site-packages/basicmicro-2.0.10.dist-info/licenses) by extensions ['colcon_pkg']
[0.318s] Level 1:colcon.colcon_core.package_identification:_identify(venv/lib/python3.12/site-packages/basicmicro-2.0.10.dist-info/licenses) by extension 'colcon_pkg'
[0.318s] Level 1:colcon.colcon_core.package_identification:_identify(venv/lib/python3.12/site-packages/basicmicro-2.0.10.dist-info/licenses) by extensions ['colcon_meta']
[0.318s] Level 1:colcon.colcon_core.package_identification:_identify(venv/lib/python3.12/site-packages/basicmicro-2.0.10.dist-info/licenses) by extension 'colcon_meta'
[0.318s] Level 1:colcon.colcon_core.package_identification:_identify(venv/lib/python3.12/site-packages/basicmicro-2.0.10.dist-info/licenses) by extensions ['ros']
[0.318s] Level 1:colcon.colcon_core.package_identification:_identify(venv/lib/python3.12/site-packages/basicmicro-2.0.10.dist-info/licenses) by extension 'ros'
[0.318s] Level 1:colcon.colcon_core.package_identification:_identify(venv/lib/python3.12/site-packages/basicmicro-2.0.10.dist-info/licenses) by extensions ['cmake', 'python']
[0.318s] Level 1:colcon.colcon_core.package_identification:_identify(venv/lib/python3.12/site-packages/basicmicro-2.0.10.dist-info/licenses) by extension 'cmake'
[0.318s] Level 1:colcon.colcon_core.package_identification:_identify(venv/lib/python3.12/site-packages/basicmicro-2.0.10.dist-info/licenses) by extension 'python'
[0.318s] Level 1:colcon.colcon_core.package_identification:_identify(venv/lib/python3.12/site-packages/basicmicro-2.0.10.dist-info/licenses) by extensions ['python_setup_py']
[0.318s] Level 1:colcon.colcon_core.package_identification:_identify(venv/lib/python3.12/site-packages/basicmicro-2.0.10.dist-info/licenses) by extension 'python_setup_py'
[0.318s] Level 1:colcon.colcon_core.package_identification:_identify(venv/lib/python3.12/site-packages/catkin_pkg) by extensions ['ignore', 'ignore_ament_install']
[0.318s] Level 1:colcon.colcon_core.package_identification:_identify(venv/lib/python3.12/site-packages/catkin_pkg) by extension 'ignore'
[0.319s] Level 1:colcon.colcon_core.package_identification:_identify(venv/lib/python3.12/site-packages/catkin_pkg) by extension 'ignore_ament_install'
[0.319s] Level 1:colcon.colcon_core.package_identification:_identify(venv/lib/python3.12/site-packages/catkin_pkg) by extensions ['colcon_pkg']
[0.319s] Level 1:colcon.colcon_core.package_identification:_identify(venv/lib/python3.12/site-packages/catkin_pkg) by extension 'colcon_pkg'
[0.319s] Level 1:colcon.colcon_core.package_identification:_identify(venv/lib/python3.12/site-packages/catkin_pkg) by extensions ['colcon_meta']
[0.319s] Level 1:colcon.colcon_core.package_identification:_identify(venv/lib/python3.12/site-packages/catkin_pkg) by extension 'colcon_meta'
[0.319s] Level 1:colcon.colcon_core.package_identification:_identify(venv/lib/python3.12/site-packages/catkin_pkg) by extensions ['ros']
[0.319s] Level 1:colcon.colcon_core.package_identification:_identify(venv/lib/python3.12/site-packages/catkin_pkg) by extension 'ros'
[0.319s] Level 1:colcon.colcon_core.package_identification:_identify(venv/lib/python3.12/site-packages/catkin_pkg) by extensions ['cmake', 'python']
[0.319s] Level 1:colcon.colcon_core.package_identification:_identify(venv/lib/python3.12/site-packages/catkin_pkg) by extension 'cmake'
[0.319s] Level 1:colcon.colcon_core.package_identification:_identify(venv/lib/python3.12/site-packages/catkin_pkg) by extension 'python'
[0.319s] Level 1:colcon.colcon_core.package_identification:_identify(venv/lib/python3.12/site-packages/catkin_pkg) by extensions ['python_setup_py']
[0.319s] Level 1:colcon.colcon_core.package_identification:_identify(venv/lib/python3.12/site-packages/catkin_pkg) by extension 'python_setup_py'
[0.319s] Level 1:colcon.colcon_core.package_identification:_identify(venv/lib/python3.12/site-packages/catkin_pkg/__pycache__) by extensions ['ignore', 'ignore_ament_install']
[0.319s] Level 1:colcon.colcon_core.package_identification:_identify(venv/lib/python3.12/site-packages/catkin_pkg/__pycache__) by extension 'ignore'
[0.319s] Level 1:colcon.colcon_core.package_identification:_identify(venv/lib/python3.12/site-packages/catkin_pkg/__pycache__) by extension 'ignore_ament_install'
[0.320s] Level 1:colcon.colcon_core.package_identification:_identify(venv/lib/python3.12/site-packages/catkin_pkg/__pycache__) by extensions ['colcon_pkg']
[0.320s] Level 1:colcon.colcon_core.package_identification:_identify(venv/lib/python3.12/site-packages/catkin_pkg/__pycache__) by extension 'colcon_pkg'
[0.320s] Level 1:colcon.colcon_core.package_identification:_identify(venv/lib/python3.12/site-packages/catkin_pkg/__pycache__) by extensions ['colcon_meta']
[0.320s] Level 1:colcon.colcon_core.package_identification:_identify(venv/lib/python3.12/site-packages/catkin_pkg/__pycache__) by extension 'colcon_meta'
[0.320s] Level 1:colcon.colcon_core.package_identification:_identify(venv/lib/python3.12/site-packages/catkin_pkg/__pycache__) by extensions ['ros']
[0.320s] Level 1:colcon.colcon_core.package_identification:_identify(venv/lib/python3.12/site-packages/catkin_pkg/__pycache__) by extension 'ros'
[0.320s] Level 1:colcon.colcon_core.package_identification:_identify(venv/lib/python3.12/site-packages/catkin_pkg/__pycache__) by extensions ['cmake', 'python']
[0.320s] Level 1:colcon.colcon_core.package_identification:_identify(venv/lib/python3.12/site-packages/catkin_pkg/__pycache__) by extension 'cmake'
[0.320s] Level 1:colcon.colcon_core.package_identification:_identify(venv/lib/python3.12/site-packages/catkin_pkg/__pycache__) by extension 'python'
[0.320s] Level 1:colcon.colcon_core.package_identification:_identify(venv/lib/python3.12/site-packages/catkin_pkg/__pycache__) by extensions ['python_setup_py']
[0.320s] Level 1:colcon.colcon_core.package_identification:_identify(venv/lib/python3.12/site-packages/catkin_pkg/__pycache__) by extension 'python_setup_py'
[0.320s] Level 1:colcon.colcon_core.package_identification:_identify(venv/lib/python3.12/site-packages/catkin_pkg/cli) by extensions ['ignore', 'ignore_ament_install']
[0.320s] Level 1:colcon.colcon_core.package_identification:_identify(venv/lib/python3.12/site-packages/catkin_pkg/cli) by extension 'ignore'
[0.321s] Level 1:colcon.colcon_core.package_identification:_identify(venv/lib/python3.12/site-packages/catkin_pkg/cli) by extension 'ignore_ament_install'
[0.321s] Level 1:colcon.colcon_core.package_identification:_identify(venv/lib/python3.12/site-packages/catkin_pkg/cli) by extensions ['colcon_pkg']
[0.321s] Level 1:colcon.colcon_core.package_identification:_identify(venv/lib/python3.12/site-packages/catkin_pkg/cli) by extension 'colcon_pkg'
[0.321s] Level 1:colcon.colcon_core.package_identification:_identify(venv/lib/python3.12/site-packages/catkin_pkg/cli) by extensions ['colcon_meta']
[0.321s] Level 1:colcon.colcon_core.package_identification:_identify(venv/lib/python3.12/site-packages/catkin_pkg/cli) by extension 'colcon_meta'
[0.321s] Level 1:colcon.colcon_core.package_identification:_identify(venv/lib/python3.12/site-packages/catkin_pkg/cli) by extensions ['ros']
[0.321s] Level 1:colcon.colcon_core.package_identification:_identify(venv/lib/python3.12/site-packages/catkin_pkg/cli) by extension 'ros'
[0.321s] Level 1:colcon.colcon_core.package_identification:_identify(venv/lib/python3.12/site-packages/catkin_pkg/cli) by extensions ['cmake', 'python']
[0.321s] Level 1:colcon.colcon_core.package_identification:_identify(venv/lib/python3.12/site-packages/catkin_pkg/cli) by extension 'cmake'
[0.321s] Level 1:colcon.colcon_core.package_identification:_identify(venv/lib/python3.12/site-packages/catkin_pkg/cli) by extension 'python'
[0.321s] Level 1:colcon.colcon_core.package_identification:_identify(venv/lib/python3.12/site-packages/catkin_pkg/cli) by extensions ['python_setup_py']
[0.321s] Level 1:colcon.colcon_core.package_identification:_identify(venv/lib/python3.12/site-packages/catkin_pkg/cli) by extension 'python_setup_py'
[0.321s] Level 1:colcon.colcon_core.package_identification:_identify(venv/lib/python3.12/site-packages/catkin_pkg/cli/__pycache__) by extensions ['ignore', 'ignore_ament_install']
[0.321s] Level 1:colcon.colcon_core.package_identification:_identify(venv/lib/python3.12/site-packages/catkin_pkg/cli/__pycache__) by extension 'ignore'
[0.321s] Level 1:colcon.colcon_core.package_identification:_identify(venv/lib/python3.12/site-packages/catkin_pkg/cli/__pycache__) by extension 'ignore_ament_install'
[0.322s] Level 1:colcon.colcon_core.package_identification:_identify(venv/lib/python3.12/site-packages/catkin_pkg/cli/__pycache__) by extensions ['colcon_pkg']
[0.322s] Level 1:colcon.colcon_core.package_identification:_identify(venv/lib/python3.12/site-packages/catkin_pkg/cli/__pycache__) by extension 'colcon_pkg'
[0.322s] Level 1:colcon.colcon_core.package_identification:_identify(venv/lib/python3.12/site-packages/catkin_pkg/cli/__pycache__) by extensions ['colcon_meta']
[0.322s] Level 1:colcon.colcon_core.package_identification:_identify(venv/lib/python3.12/site-packages/catkin_pkg/cli/__pycache__) by extension 'colcon_meta'
[0.322s] Level 1:colcon.colcon_core.package_identification:_identify(venv/lib/python3.12/site-packages/catkin_pkg/cli/__pycache__) by extensions ['ros']
[0.322s] Level 1:colcon.colcon_core.package_identification:_identify(venv/lib/python3.12/site-packages/catkin_pkg/cli/__pycache__) by extension 'ros'
[0.322s] Level 1:colcon.colcon_core.package_identification:_identify(venv/lib/python3.12/site-packages/catkin_pkg/cli/__pycache__) by extensions ['cmake', 'python']
[0.322s] Level 1:colcon.colcon_core.package_identification:_identify(venv/lib/python3.12/site-packages/catkin_pkg/cli/__pycache__) by extension 'cmake'
[0.322s] Level 1:colcon.colcon_core.package_identification:_identify(venv/lib/python3.12/site-packages/catkin_pkg/cli/__pycache__) by extension 'python'
[0.322s] Level 1:colcon.colcon_core.package_identification:_identify(venv/lib/python3.12/site-packages/catkin_pkg/cli/__pycache__) by extensions ['python_setup_py']
[0.322s] Level 1:colcon.colcon_core.package_identification:_identify(venv/lib/python3.12/site-packages/catkin_pkg/cli/__pycache__) by extension 'python_setup_py'
[0.322s] Level 1:colcon.colcon_core.package_identification:_identify(venv/lib/python3.12/site-packages/catkin_pkg/templates) by extensions ['ignore', 'ignore_ament_install']
[0.322s] Level 1:colcon.colcon_core.package_identification:_identify(venv/lib/python3.12/site-packages/catkin_pkg/templates) by extension 'ignore'
[0.322s] Level 1:colcon.colcon_core.package_identification:_identify(venv/lib/python3.12/site-packages/catkin_pkg/templates) by extension 'ignore_ament_install'
[0.323s] Level 1:colcon.colcon_core.package_identification:_identify(venv/lib/python3.12/site-packages/catkin_pkg/templates) by extensions ['colcon_pkg']
[0.323s] Level 1:colcon.colcon_core.package_identification:_identify(venv/lib/python3.12/site-packages/catkin_pkg/templates) by extension 'colcon_pkg'
[0.323s] Level 1:colcon.colcon_core.package_identification:_identify(venv/lib/python3.12/site-packages/catkin_pkg/templates) by extensions ['colcon_meta']
[0.323s] Level 1:colcon.colcon_core.package_identification:_identify(venv/lib/python3.12/site-packages/catkin_pkg/templates) by extension 'colcon_meta'
[0.323s] Level 1:colcon.colcon_core.package_identification:_identify(venv/lib/python3.12/site-packages/catkin_pkg/templates) by extensions ['ros']
[0.323s] Level 1:colcon.colcon_core.package_identification:_identify(venv/lib/python3.12/site-packages/catkin_pkg/templates) by extension 'ros'
[0.323s] Level 1:colcon.colcon_core.package_identification:_identify(venv/lib/python3.12/site-packages/catkin_pkg/templates) by extensions ['cmake', 'python']
[0.323s] Level 1:colcon.colcon_core.package_identification:_identify(venv/lib/python3.12/site-packages/catkin_pkg/templates) by extension 'cmake'
[0.323s] Level 1:colcon.colcon_core.package_identification:_identify(venv/lib/python3.12/site-packages/catkin_pkg/templates) by extension 'python'
[0.323s] Level 1:colcon.colcon_core.package_identification:_identify(venv/lib/python3.12/site-packages/catkin_pkg/templates) by extensions ['python_setup_py']
[0.323s] Level 1:colcon.colcon_core.package_identification:_identify(venv/lib/python3.12/site-packages/catkin_pkg/templates) by extension 'python_setup_py'
[0.323s] Level 1:colcon.colcon_core.package_identification:_identify(venv/lib/python3.12/site-packages/catkin_pkg-1.1.0.dist-info) by extensions ['ignore', 'ignore_ament_install']
[0.323s] Level 1:colcon.colcon_core.package_identification:_identify(venv/lib/python3.12/site-packages/catkin_pkg-1.1.0.dist-info) by extension 'ignore'
[0.323s] Level 1:colcon.colcon_core.package_identification:_identify(venv/lib/python3.12/site-packages/catkin_pkg-1.1.0.dist-info) by extension 'ignore_ament_install'
[0.324s] Level 1:colcon.colcon_core.package_identification:_identify(venv/lib/python3.12/site-packages/catkin_pkg-1.1.0.dist-info) by extensions ['colcon_pkg']
[0.324s] Level 1:colcon.colcon_core.package_identification:_identify(venv/lib/python3.12/site-packages/catkin_pkg-1.1.0.dist-info) by extension 'colcon_pkg'
[0.324s] Level 1:colcon.colcon_core.package_identification:_identify(venv/lib/python3.12/site-packages/catkin_pkg-1.1.0.dist-info) by extensions ['colcon_meta']
[0.324s] Level 1:colcon.colcon_core.package_identification:_identify(venv/lib/python3.12/site-packages/catkin_pkg-1.1.0.dist-info) by extension 'colcon_meta'
[0.324s] Level 1:colcon.colcon_core.package_identification:_identify(venv/lib/python3.12/site-packages/catkin_pkg-1.1.0.dist-info) by extensions ['ros']
[0.324s] Level 1:colcon.colcon_core.package_identification:_identify(venv/lib/python3.12/site-packages/catkin_pkg-1.1.0.dist-info) by extension 'ros'
[0.324s] Level 1:colcon.colcon_core.package_identification:_identify(venv/lib/python3.12/site-packages/catkin_pkg-1.1.0.dist-info) by extensions ['cmake', 'python']
[0.324s] Level 1:colcon.colcon_core.package_identification:_identify(venv/lib/python3.12/site-packages/catkin_pkg-1.1.0.dist-info) by extension 'cmake'
[0.324s] Level 1:colcon.colcon_core.package_identification:_identify(venv/lib/python3.12/site-packages/catkin_pkg-1.1.0.dist-info) by extension 'python'
[0.324s] Level 1:colcon.colcon_core.package_identification:_identify(venv/lib/python3.12/site-packages/catkin_pkg-1.1.0.dist-info) by extensions ['python_setup_py']
[0.324s] Level 1:colcon.colcon_core.package_identification:_identify(venv/lib/python3.12/site-packages/catkin_pkg-1.1.0.dist-info) by extension 'python_setup_py'
[0.324s] Level 1:colcon.colcon_core.package_identification:_identify(venv/lib/python3.12/site-packages/lark) by extensions ['ignore', 'ignore_ament_install']
[0.324s] Level 1:colcon.colcon_core.package_identification:_identify(venv/lib/python3.12/site-packages/lark) by extension 'ignore'
[0.324s] Level 1:colcon.colcon_core.package_identification:_identify(venv/lib/python3.12/site-packages/lark) by extension 'ignore_ament_install'
[0.325s] Level 1:colcon.colcon_core.package_identification:_identify(venv/lib/python3.12/site-packages/lark) by extensions ['colcon_pkg']
[0.325s] Level 1:colcon.colcon_core.package_identification:_identify(venv/lib/python3.12/site-packages/lark) by extension 'colcon_pkg'
[0.325s] Level 1:colcon.colcon_core.package_identification:_identify(venv/lib/python3.12/site-packages/lark) by extensions ['colcon_meta']
[0.325s] Level 1:colcon.colcon_core.package_identification:_identify(venv/lib/python3.12/site-packages/lark) by extension 'colcon_meta'
[0.325s] Level 1:colcon.colcon_core.package_identification:_identify(venv/lib/python3.12/site-packages/lark) by extensions ['ros']
[0.325s] Level 1:colcon.colcon_core.package_identification:_identify(venv/lib/python3.12/site-packages/lark) by extension 'ros'
[0.325s] Level 1:colcon.colcon_core.package_identification:_identify(venv/lib/python3.12/site-packages/lark) by extensions ['cmake', 'python']
[0.325s] Level 1:colcon.colcon_core.package_identification:_identify(venv/lib/python3.12/site-packages/lark) by extension 'cmake'
[0.325s] Level 1:colcon.colcon_core.package_identification:_identify(venv/lib/python3.12/site-packages/lark) by extension 'python'
[0.325s] Level 1:colcon.colcon_core.package_identification:_identify(venv/lib/python3.12/site-packages/lark) by extensions ['python_setup_py']
[0.325s] Level 1:colcon.colcon_core.package_identification:_identify(venv/lib/python3.12/site-packages/lark) by extension 'python_setup_py'
[0.325s] Level 1:colcon.colcon_core.package_identification:_identify(venv/lib/python3.12/site-packages/lark/__pycache__) by extensions ['ignore', 'ignore_ament_install']
[0.325s] Level 1:colcon.colcon_core.package_identification:_identify(venv/lib/python3.12/site-packages/lark/__pycache__) by extension 'ignore'
[0.325s] Level 1:colcon.colcon_core.package_identification:_identify(venv/lib/python3.12/site-packages/lark/__pycache__) by extension 'ignore_ament_install'
[0.326s] Level 1:colcon.colcon_core.package_identification:_identify(venv/lib/python3.12/site-packages/lark/__pycache__) by extensions ['colcon_pkg']
[0.326s] Level 1:colcon.colcon_core.package_identification:_identify(venv/lib/python3.12/site-packages/lark/__pycache__) by extension 'colcon_pkg'
[0.326s] Level 1:colcon.colcon_core.package_identification:_identify(venv/lib/python3.12/site-packages/lark/__pycache__) by extensions ['colcon_meta']
[0.326s] Level 1:colcon.colcon_core.package_identification:_identify(venv/lib/python3.12/site-packages/lark/__pycache__) by extension 'colcon_meta'
[0.326s] Level 1:colcon.colcon_core.package_identification:_identify(venv/lib/python3.12/site-packages/lark/__pycache__) by extensions ['ros']
[0.326s] Level 1:colcon.colcon_core.package_identification:_identify(venv/lib/python3.12/site-packages/lark/__pycache__) by extension 'ros'
[0.326s] Level 1:colcon.colcon_core.package_identification:_identify(venv/lib/python3.12/site-packages/lark/__pycache__) by extensions ['cmake', 'python']
[0.326s] Level 1:colcon.colcon_core.package_identification:_identify(venv/lib/python3.12/site-packages/lark/__pycache__) by extension 'cmake'
[0.326s] Level 1:colcon.colcon_core.package_identification:_identify(venv/lib/python3.12/site-packages/lark/__pycache__) by extension 'python'
[0.326s] Level 1:colcon.colcon_core.package_identification:_identify(venv/lib/python3.12/site-packages/lark/__pycache__) by extensions ['python_setup_py']
[0.326s] Level 1:colcon.colcon_core.package_identification:_identify(venv/lib/python3.12/site-packages/lark/__pycache__) by extension 'python_setup_py'
[0.326s] Level 1:colcon.colcon_core.package_identification:_identify(venv/lib/python3.12/site-packages/lark/__pyinstaller) by extensions ['ignore', 'ignore_ament_install']
[0.326s] Level 1:colcon.colcon_core.package_identification:_identify(venv/lib/python3.12/site-packages/lark/__pyinstaller) by extension 'ignore'
[0.326s] Level 1:colcon.colcon_core.package_identification:_identify(venv/lib/python3.12/site-packages/lark/__pyinstaller) by extension 'ignore_ament_install'
[0.326s] Level 1:colcon.colcon_core.package_identification:_identify(venv/lib/python3.12/site-packages/lark/__pyinstaller) by extensions ['colcon_pkg']
[0.327s] Level 1:colcon.colcon_core.package_identification:_identify(venv/lib/python3.12/site-packages/lark/__pyinstaller) by extension 'colcon_pkg'
[0.327s] Level 1:colcon.colcon_core.package_identification:_identify(venv/lib/python3.12/site-packages/lark/__pyinstaller) by extensions ['colcon_meta']
[0.327s] Level 1:colcon.colcon_core.package_identification:_identify(venv/lib/python3.12/site-packages/lark/__pyinstaller) by extension 'colcon_meta'
[0.327s] Level 1:colcon.colcon_core.package_identification:_identify(venv/lib/python3.12/site-packages/lark/__pyinstaller) by extensions ['ros']
[0.327s] Level 1:colcon.colcon_core.package_identification:_identify(venv/lib/python3.12/site-packages/lark/__pyinstaller) by extension 'ros'
[0.327s] Level 1:colcon.colcon_core.package_identification:_identify(venv/lib/python3.12/site-packages/lark/__pyinstaller) by extensions ['cmake', 'python']
[0.327s] Level 1:colcon.colcon_core.package_identification:_identify(venv/lib/python3.12/site-packages/lark/__pyinstaller) by extension 'cmake'
[0.327s] Level 1:colcon.colcon_core.package_identification:_identify(venv/lib/python3.12/site-packages/lark/__pyinstaller) by extension 'python'
[0.327s] Level 1:colcon.colcon_core.package_identification:_identify(venv/lib/python3.12/site-packages/lark/__pyinstaller) by extensions ['python_setup_py']
[0.327s] Level 1:colcon.colcon_core.package_identification:_identify(venv/lib/python3.12/site-packages/lark/__pyinstaller) by extension 'python_setup_py'
[0.327s] Level 1:colcon.colcon_core.package_identification:_identify(venv/lib/python3.12/site-packages/lark/__pyinstaller/__pycache__) by extensions ['ignore', 'ignore_ament_install']
[0.327s] Level 1:colcon.colcon_core.package_identification:_identify(venv/lib/python3.12/site-packages/lark/__pyinstaller/__pycache__) by extension 'ignore'
[0.327s] Level 1:colcon.colcon_core.package_identification:_identify(venv/lib/python3.12/site-packages/lark/__pyinstaller/__pycache__) by extension 'ignore_ament_install'
[0.327s] Level 1:colcon.colcon_core.package_identification:_identify(venv/lib/python3.12/site-packages/lark/__pyinstaller/__pycache__) by extensions ['colcon_pkg']
[0.328s] Level 1:colcon.colcon_core.package_identification:_identify(venv/lib/python3.12/site-packages/lark/__pyinstaller/__pycache__) by extension 'colcon_pkg'
[0.328s] Level 1:colcon.colcon_core.package_identification:_identify(venv/lib/python3.12/site-packages/lark/__pyinstaller/__pycache__) by extensions ['colcon_meta']
[0.328s] Level 1:colcon.colcon_core.package_identification:_identify(venv/lib/python3.12/site-packages/lark/__pyinstaller/__pycache__) by extension 'colcon_meta'
[0.328s] Level 1:colcon.colcon_core.package_identification:_identify(venv/lib/python3.12/site-packages/lark/__pyinstaller/__pycache__) by extensions ['ros']
[0.328s] Level 1:colcon.colcon_core.package_identification:_identify(venv/lib/python3.12/site-packages/lark/__pyinstaller/__pycache__) by extension 'ros'
[0.328s] Level 1:colcon.colcon_core.package_identification:_identify(venv/lib/python3.12/site-packages/lark/__pyinstaller/__pycache__) by extensions ['cmake', 'python']
[0.328s] Level 1:colcon.colcon_core.package_identification:_identify(venv/lib/python3.12/site-packages/lark/__pyinstaller/__pycache__) by extension 'cmake'
[0.328s] Level 1:colcon.colcon_core.package_identification:_identify(venv/lib/python3.12/site-packages/lark/__pyinstaller/__pycache__) by extension 'python'
[0.328s] Level 1:colcon.colcon_core.package_identification:_identify(venv/lib/python3.12/site-packages/lark/__pyinstaller/__pycache__) by extensions ['python_setup_py']
[0.328s] Level 1:colcon.colcon_core.package_identification:_identify(venv/lib/python3.12/site-packages/lark/__pyinstaller/__pycache__) by extension 'python_setup_py'
[0.328s] Level 1:colcon.colcon_core.package_identification:_identify(venv/lib/python3.12/site-packages/lark/grammars) by extensions ['ignore', 'ignore_ament_install']
[0.328s] Level 1:colcon.colcon_core.package_identification:_identify(venv/lib/python3.12/site-packages/lark/grammars) by extension 'ignore'
[0.328s] Level 1:colcon.colcon_core.package_identification:_identify(venv/lib/python3.12/site-packages/lark/grammars) by extension 'ignore_ament_install'
[0.328s] Level 1:colcon.colcon_core.package_identification:_identify(venv/lib/python3.12/site-packages/lark/grammars) by extensions ['colcon_pkg']
[0.328s] Level 1:colcon.colcon_core.package_identification:_identify(venv/lib/python3.12/site-packages/lark/grammars) by extension 'colcon_pkg'
[0.329s] Level 1:colcon.colcon_core.package_identification:_identify(venv/lib/python3.12/site-packages/lark/grammars) by extensions ['colcon_meta']
[0.329s] Level 1:colcon.colcon_core.package_identification:_identify(venv/lib/python3.12/site-packages/lark/grammars) by extension 'colcon_meta'
[0.329s] Level 1:colcon.colcon_core.package_identification:_identify(venv/lib/python3.12/site-packages/lark/grammars) by extensions ['ros']
[0.329s] Level 1:colcon.colcon_core.package_identification:_identify(venv/lib/python3.12/site-packages/lark/grammars) by extension 'ros'
[0.329s] Level 1:colcon.colcon_core.package_identification:_identify(venv/lib/python3.12/site-packages/lark/grammars) by extensions ['cmake', 'python']
[0.329s] Level 1:colcon.colcon_core.package_identification:_identify(venv/lib/python3.12/site-packages/lark/grammars) by extension 'cmake'
[0.329s] Level 1:colcon.colcon_core.package_identification:_identify(venv/lib/python3.12/site-packages/lark/grammars) by extension 'python'
[0.329s] Level 1:colcon.colcon_core.package_identification:_identify(venv/lib/python3.12/site-packages/lark/grammars) by extensions ['python_setup_py']
[0.329s] Level 1:colcon.colcon_core.package_identification:_identify(venv/lib/python3.12/site-packages/lark/grammars) by extension 'python_setup_py'
[0.329s] Level 1:colcon.colcon_core.package_identification:_identify(venv/lib/python3.12/site-packages/lark/parsers) by extensions ['ignore', 'ignore_ament_install']
[0.329s] Level 1:colcon.colcon_core.package_identification:_identify(venv/lib/python3.12/site-packages/lark/parsers) by extension 'ignore'
[0.329s] Level 1:colcon.colcon_core.package_identification:_identify(venv/lib/python3.12/site-packages/lark/parsers) by extension 'ignore_ament_install'
[0.329s] Level 1:colcon.colcon_core.package_identification:_identify(venv/lib/python3.12/site-packages/lark/parsers) by extensions ['colcon_pkg']
[0.329s] Level 1:colcon.colcon_core.package_identification:_identify(venv/lib/python3.12/site-packages/lark/parsers) by extension 'colcon_pkg'
[0.330s] Level 1:colcon.colcon_core.package_identification:_identify(venv/lib/python3.12/site-packages/lark/parsers) by extensions ['colcon_meta']
[0.330s] Level 1:colcon.colcon_core.package_identification:_identify(venv/lib/python3.12/site-packages/lark/parsers) by extension 'colcon_meta'
[0.330s] Level 1:colcon.colcon_core.package_identification:_identify(venv/lib/python3.12/site-packages/lark/parsers) by extensions ['ros']
[0.330s] Level 1:colcon.colcon_core.package_identification:_identify(venv/lib/python3.12/site-packages/lark/parsers) by extension 'ros'
[0.330s] Level 1:colcon.colcon_core.package_identification:_identify(venv/lib/python3.12/site-packages/lark/parsers) by extensions ['cmake', 'python']
[0.330s] Level 1:colcon.colcon_core.package_identification:_identify(venv/lib/python3.12/site-packages/lark/parsers) by extension 'cmake'
[0.330s] Level 1:colcon.colcon_core.package_identification:_identify(venv/lib/python3.12/site-packages/lark/parsers) by extension 'python'
[0.330s] Level 1:colcon.colcon_core.package_identification:_identify(venv/lib/python3.12/site-packages/lark/parsers) by extensions ['python_setup_py']
[0.330s] Level 1:colcon.colcon_core.package_identification:_identify(venv/lib/python3.12/site-packages/lark/parsers) by extension 'python_setup_py'
[0.330s] Level 1:colcon.colcon_core.package_identification:_identify(venv/lib/python3.12/site-packages/lark/parsers/__pycache__) by extensions ['ignore', 'ignore_ament_install']
[0.330s] Level 1:colcon.colcon_core.package_identification:_identify(venv/lib/python3.12/site-packages/lark/parsers/__pycache__) by extension 'ignore'
[0.330s] Level 1:colcon.colcon_core.package_identification:_identify(venv/lib/python3.12/site-packages/lark/parsers/__pycache__) by extension 'ignore_ament_install'
[0.330s] Level 1:colcon.colcon_core.package_identification:_identify(venv/lib/python3.12/site-packages/lark/parsers/__pycache__) by extensions ['colcon_pkg']
[0.330s] Level 1:colcon.colcon_core.package_identification:_identify(venv/lib/python3.12/site-packages/lark/parsers/__pycache__) by extension 'colcon_pkg'
[0.330s] Level 1:colcon.colcon_core.package_identification:_identify(venv/lib/python3.12/site-packages/lark/parsers/__pycache__) by extensions ['colcon_meta']
[0.331s] Level 1:colcon.colcon_core.package_identification:_identify(venv/lib/python3.12/site-packages/lark/parsers/__pycache__) by extension 'colcon_meta'
[0.331s] Level 1:colcon.colcon_core.package_identification:_identify(venv/lib/python3.12/site-packages/lark/parsers/__pycache__) by extensions ['ros']
[0.331s] Level 1:colcon.colcon_core.package_identification:_identify(venv/lib/python3.12/site-packages/lark/parsers/__pycache__) by extension 'ros'
[0.331s] Level 1:colcon.colcon_core.package_identification:_identify(venv/lib/python3.12/site-packages/lark/parsers/__pycache__) by extensions ['cmake', 'python']
[0.331s] Level 1:colcon.colcon_core.package_identification:_identify(venv/lib/python3.12/site-packages/lark/parsers/__pycache__) by extension 'cmake'
[0.331s] Level 1:colcon.colcon_core.package_identification:_identify(venv/lib/python3.12/site-packages/lark/parsers/__pycache__) by extension 'python'
[0.331s] Level 1:colcon.colcon_core.package_identification:_identify(venv/lib/python3.12/site-packages/lark/parsers/__pycache__) by extensions ['python_setup_py']
[0.331s] Level 1:colcon.colcon_core.package_identification:_identify(venv/lib/python3.12/site-packages/lark/parsers/__pycache__) by extension 'python_setup_py'
[0.331s] Level 1:colcon.colcon_core.package_identification:_identify(venv/lib/python3.12/site-packages/lark/tools) by extensions ['ignore', 'ignore_ament_install']
[0.331s] Level 1:colcon.colcon_core.package_identification:_identify(venv/lib/python3.12/site-packages/lark/tools) by extension 'ignore'
[0.331s] Level 1:colcon.colcon_core.package_identification:_identify(venv/lib/python3.12/site-packages/lark/tools) by extension 'ignore_ament_install'
[0.331s] Level 1:colcon.colcon_core.package_identification:_identify(venv/lib/python3.12/site-packages/lark/tools) by extensions ['colcon_pkg']
[0.331s] Level 1:colcon.colcon_core.package_identification:_identify(venv/lib/python3.12/site-packages/lark/tools) by extension 'colcon_pkg'
[0.331s] Level 1:colcon.colcon_core.package_identification:_identify(venv/lib/python3.12/site-packages/lark/tools) by extensions ['colcon_meta']
[0.331s] Level 1:colcon.colcon_core.package_identification:_identify(venv/lib/python3.12/site-packages/lark/tools) by extension 'colcon_meta'
[0.332s] Level 1:colcon.colcon_core.package_identification:_identify(venv/lib/python3.12/site-packages/lark/tools) by extensions ['ros']
[0.332s] Level 1:colcon.colcon_core.package_identification:_identify(venv/lib/python3.12/site-packages/lark/tools) by extension 'ros'
[0.332s] Level 1:colcon.colcon_core.package_identification:_identify(venv/lib/python3.12/site-packages/lark/tools) by extensions ['cmake', 'python']
[0.332s] Level 1:colcon.colcon_core.package_identification:_identify(venv/lib/python3.12/site-packages/lark/tools) by extension 'cmake'
[0.332s] Level 1:colcon.colcon_core.package_identification:_identify(venv/lib/python3.12/site-packages/lark/tools) by extension 'python'
[0.332s] Level 1:colcon.colcon_core.package_identification:_identify(venv/lib/python3.12/site-packages/lark/tools) by extensions ['python_setup_py']
[0.332s] Level 1:colcon.colcon_core.package_identification:_identify(venv/lib/python3.12/site-packages/lark/tools) by extension 'python_setup_py'
[0.332s] Level 1:colcon.colcon_core.package_identification:_identify(venv/lib/python3.12/site-packages/lark/tools/__pycache__) by extensions ['ignore', 'ignore_ament_install']
[0.332s] Level 1:colcon.colcon_core.package_identification:_identify(venv/lib/python3.12/site-packages/lark/tools/__pycache__) by extension 'ignore'
[0.332s] Level 1:colcon.colcon_core.package_identification:_identify(venv/lib/python3.12/site-packages/lark/tools/__pycache__) by extension 'ignore_ament_install'
[0.332s] Level 1:colcon.colcon_core.package_identification:_identify(venv/lib/python3.12/site-packages/lark/tools/__pycache__) by extensions ['colcon_pkg']
[0.332s] Level 1:colcon.colcon_core.package_identification:_identify(venv/lib/python3.12/site-packages/lark/tools/__pycache__) by extension 'colcon_pkg'
[0.332s] Level 1:colcon.colcon_core.package_identification:_identify(venv/lib/python3.12/site-packages/lark/tools/__pycache__) by extensions ['colcon_meta']
[0.332s] Level 1:colcon.colcon_core.package_identification:_identify(venv/lib/python3.12/site-packages/lark/tools/__pycache__) by extension 'colcon_meta'
[0.332s] Level 1:colcon.colcon_core.package_identification:_identify(venv/lib/python3.12/site-packages/lark/tools/__pycache__) by extensions ['ros']
[0.333s] Level 1:colcon.colcon_core.package_identification:_identify(venv/lib/python3.12/site-packages/lark/tools/__pycache__) by extension 'ros'
[0.333s] Level 1:colcon.colcon_core.package_identification:_identify(venv/lib/python3.12/site-packages/lark/tools/__pycache__) by extensions ['cmake', 'python']
[0.333s] Level 1:colcon.colcon_core.package_identification:_identify(venv/lib/python3.12/site-packages/lark/tools/__pycache__) by extension 'cmake'
[0.333s] Level 1:colcon.colcon_core.package_identification:_identify(venv/lib/python3.12/site-packages/lark/tools/__pycache__) by extension 'python'
[0.333s] Level 1:colcon.colcon_core.package_identification:_identify(venv/lib/python3.12/site-packages/lark/tools/__pycache__) by extensions ['python_setup_py']
[0.333s] Level 1:colcon.colcon_core.package_identification:_identify(venv/lib/python3.12/site-packages/lark/tools/__pycache__) by extension 'python_setup_py'
[0.333s] Level 1:colcon.colcon_core.package_identification:_identify(venv/lib/python3.12/site-packages/lark-stubs) by extensions ['ignore', 'ignore_ament_install']
[0.333s] Level 1:colcon.colcon_core.package_identification:_identify(venv/lib/python3.12/site-packages/lark-stubs) by extension 'ignore'
[0.333s] Level 1:colcon.colcon_core.package_identification:_identify(venv/lib/python3.12/site-packages/lark-stubs) by extension 'ignore_ament_install'
[0.333s] Level 1:colcon.colcon_core.package_identification:_identify(venv/lib/python3.12/site-packages/lark-stubs) by extensions ['colcon_pkg']
[0.333s] Level 1:colcon.colcon_core.package_identification:_identify(venv/lib/python3.12/site-packages/lark-stubs) by extension 'colcon_pkg'
[0.333s] Level 1:colcon.colcon_core.package_identification:_identify(venv/lib/python3.12/site-packages/lark-stubs) by extensions ['colcon_meta']
[0.333s] Level 1:colcon.colcon_core.package_identification:_identify(venv/lib/python3.12/site-packages/lark-stubs) by extension 'colcon_meta'
[0.333s] Level 1:colcon.colcon_core.package_identification:_identify(venv/lib/python3.12/site-packages/lark-stubs) by extensions ['ros']
[0.333s] Level 1:colcon.colcon_core.package_identification:_identify(venv/lib/python3.12/site-packages/lark-stubs) by extension 'ros'
[0.334s] Level 1:colcon.colcon_core.package_identification:_identify(venv/lib/python3.12/site-packages/lark-stubs) by extensions ['cmake', 'python']
[0.334s] Level 1:colcon.colcon_core.package_identification:_identify(venv/lib/python3.12/site-packages/lark-stubs) by extension 'cmake'
[0.334s] Level 1:colcon.colcon_core.package_identification:_identify(venv/lib/python3.12/site-packages/lark-stubs) by extension 'python'
[0.334s] Level 1:colcon.colcon_core.package_identification:_identify(venv/lib/python3.12/site-packages/lark-stubs) by extensions ['python_setup_py']
[0.334s] Level 1:colcon.colcon_core.package_identification:_identify(venv/lib/python3.12/site-packages/lark-stubs) by extension 'python_setup_py'
[0.334s] Level 1:colcon.colcon_core.package_identification:_identify(venv/lib/python3.12/site-packages/lark_parser-0.12.0.dist-info) by extensions ['ignore', 'ignore_ament_install']
[0.334s] Level 1:colcon.colcon_core.package_identification:_identify(venv/lib/python3.12/site-packages/lark_parser-0.12.0.dist-info) by extension 'ignore'
[0.334s] Level 1:colcon.colcon_core.package_identification:_identify(venv/lib/python3.12/site-packages/lark_parser-0.12.0.dist-info) by extension 'ignore_ament_install'
[0.334s] Level 1:colcon.colcon_core.package_identification:_identify(venv/lib/python3.12/site-packages/lark_parser-0.12.0.dist-info) by extensions ['colcon_pkg']
[0.334s] Level 1:colcon.colcon_core.package_identification:_identify(venv/lib/python3.12/site-packages/lark_parser-0.12.0.dist-info) by extension 'colcon_pkg'
[0.334s] Level 1:colcon.colcon_core.package_identification:_identify(venv/lib/python3.12/site-packages/lark_parser-0.12.0.dist-info) by extensions ['colcon_meta']
[0.334s] Level 1:colcon.colcon_core.package_identification:_identify(venv/lib/python3.12/site-packages/lark_parser-0.12.0.dist-info) by extension 'colcon_meta'
[0.334s] Level 1:colcon.colcon_core.package_identification:_identify(venv/lib/python3.12/site-packages/lark_parser-0.12.0.dist-info) by extensions ['ros']
[0.334s] Level 1:colcon.colcon_core.package_identification:_identify(venv/lib/python3.12/site-packages/lark_parser-0.12.0.dist-info) by extension 'ros'
[0.334s] Level 1:colcon.colcon_core.package_identification:_identify(venv/lib/python3.12/site-packages/lark_parser-0.12.0.dist-info) by extensions ['cmake', 'python']
[0.335s] Level 1:colcon.colcon_core.package_identification:_identify(venv/lib/python3.12/site-packages/lark_parser-0.12.0.dist-info) by extension 'cmake'
[0.335s] Level 1:colcon.colcon_core.package_identification:_identify(venv/lib/python3.12/site-packages/lark_parser-0.12.0.dist-info) by extension 'python'
[0.335s] Level 1:colcon.colcon_core.package_identification:_identify(venv/lib/python3.12/site-packages/lark_parser-0.12.0.dist-info) by extensions ['python_setup_py']
[0.335s] Level 1:colcon.colcon_core.package_identification:_identify(venv/lib/python3.12/site-packages/lark_parser-0.12.0.dist-info) by extension 'python_setup_py'
[0.335s] Level 1:colcon.colcon_core.package_identification:_identify(venv/lib/python3.12/site-packages/pip) by extensions ['ignore', 'ignore_ament_install']
[0.335s] Level 1:colcon.colcon_core.package_identification:_identify(venv/lib/python3.12/site-packages/pip) by extension 'ignore'
[0.335s] Level 1:colcon.colcon_core.package_identification:_identify(venv/lib/python3.12/site-packages/pip) by extension 'ignore_ament_install'
[0.335s] Level 1:colcon.colcon_core.package_identification:_identify(venv/lib/python3.12/site-packages/pip) by extensions ['colcon_pkg']
[0.335s] Level 1:colcon.colcon_core.package_identification:_identify(venv/lib/python3.12/site-packages/pip) by extension 'colcon_pkg'
[0.335s] Level 1:colcon.colcon_core.package_identification:_identify(venv/lib/python3.12/site-packages/pip) by extensions ['colcon_meta']
[0.335s] Level 1:colcon.colcon_core.package_identification:_identify(venv/lib/python3.12/site-packages/pip) by extension 'colcon_meta'
[0.335s] Level 1:colcon.colcon_core.package_identification:_identify(venv/lib/python3.12/site-packages/pip) by extensions ['ros']
[0.335s] Level 1:colcon.colcon_core.package_identification:_identify(venv/lib/python3.12/site-packages/pip) by extension 'ros'
[0.335s] Level 1:colcon.colcon_core.package_identification:_identify(venv/lib/python3.12/site-packages/pip) by extensions ['cmake', 'python']
[0.335s] Level 1:colcon.colcon_core.package_identification:_identify(venv/lib/python3.12/site-packages/pip) by extension 'cmake'
[0.336s] Level 1:colcon.colcon_core.package_identification:_identify(venv/lib/python3.12/site-packages/pip) by extension 'python'
[0.336s] Level 1:colcon.colcon_core.package_identification:_identify(venv/lib/python3.12/site-packages/pip) by extensions ['python_setup_py']
[0.336s] Level 1:colcon.colcon_core.package_identification:_identify(venv/lib/python3.12/site-packages/pip) by extension 'python_setup_py'
[0.336s] Level 1:colcon.colcon_core.package_identification:_identify(venv/lib/python3.12/site-packages/pip/__pycache__) by extensions ['ignore', 'ignore_ament_install']
[0.336s] Level 1:colcon.colcon_core.package_identification:_identify(venv/lib/python3.12/site-packages/pip/__pycache__) by extension 'ignore'
[0.336s] Level 1:colcon.colcon_core.package_identification:_identify(venv/lib/python3.12/site-packages/pip/__pycache__) by extension 'ignore_ament_install'
[0.336s] Level 1:colcon.colcon_core.package_identification:_identify(venv/lib/python3.12/site-packages/pip/__pycache__) by extensions ['colcon_pkg']
[0.336s] Level 1:colcon.colcon_core.package_identification:_identify(venv/lib/python3.12/site-packages/pip/__pycache__) by extension 'colcon_pkg'
[0.336s] Level 1:colcon.colcon_core.package_identification:_identify(venv/lib/python3.12/site-packages/pip/__pycache__) by extensions ['colcon_meta']
[0.336s] Level 1:colcon.colcon_core.package_identification:_identify(venv/lib/python3.12/site-packages/pip/__pycache__) by extension 'colcon_meta'
[0.336s] Level 1:colcon.colcon_core.package_identification:_identify(venv/lib/python3.12/site-packages/pip/__pycache__) by extensions ['ros']
[0.336s] Level 1:colcon.colcon_core.package_identification:_identify(venv/lib/python3.12/site-packages/pip/__pycache__) by extension 'ros'
[0.336s] Level 1:colcon.colcon_core.package_identification:_identify(venv/lib/python3.12/site-packages/pip/__pycache__) by extensions ['cmake', 'python']
[0.336s] Level 1:colcon.colcon_core.package_identification:_identify(venv/lib/python3.12/site-packages/pip/__pycache__) by extension 'cmake'
[0.337s] Level 1:colcon.colcon_core.package_identification:_identify(venv/lib/python3.12/site-packages/pip/__pycache__) by extension 'python'
[0.337s] Level 1:colcon.colcon_core.package_identification:_identify(venv/lib/python3.12/site-packages/pip/__pycache__) by extensions ['python_setup_py']
[0.337s] Level 1:colcon.colcon_core.package_identification:_identify(venv/lib/python3.12/site-packages/pip/__pycache__) by extension 'python_setup_py'
[0.337s] Level 1:colcon.colcon_core.package_identification:_identify(venv/lib/python3.12/site-packages/pip/_internal) by extensions ['ignore', 'ignore_ament_install']
[0.337s] Level 1:colcon.colcon_core.package_identification:_identify(venv/lib/python3.12/site-packages/pip/_internal) by extension 'ignore'
[0.337s] Level 1:colcon.colcon_core.package_identification:_identify(venv/lib/python3.12/site-packages/pip/_internal) by extension 'ignore_ament_install'
[0.337s] Level 1:colcon.colcon_core.package_identification:_identify(venv/lib/python3.12/site-packages/pip/_internal) by extensions ['colcon_pkg']
[0.337s] Level 1:colcon.colcon_core.package_identification:_identify(venv/lib/python3.12/site-packages/pip/_internal) by extension 'colcon_pkg'
[0.337s] Level 1:colcon.colcon_core.package_identification:_identify(venv/lib/python3.12/site-packages/pip/_internal) by extensions ['colcon_meta']
[0.337s] Level 1:colcon.colcon_core.package_identification:_identify(venv/lib/python3.12/site-packages/pip/_internal) by extension 'colcon_meta'
[0.337s] Level 1:colcon.colcon_core.package_identification:_identify(venv/lib/python3.12/site-packages/pip/_internal) by extensions ['ros']
[0.337s] Level 1:colcon.colcon_core.package_identification:_identify(venv/lib/python3.12/site-packages/pip/_internal) by extension 'ros'
[0.337s] Level 1:colcon.colcon_core.package_identification:_identify(venv/lib/python3.12/site-packages/pip/_internal) by extensions ['cmake', 'python']
[0.337s] Level 1:colcon.colcon_core.package_identification:_identify(venv/lib/python3.12/site-packages/pip/_internal) by extension 'cmake'
[0.338s] Level 1:colcon.colcon_core.package_identification:_identify(venv/lib/python3.12/site-packages/pip/_internal) by extension 'python'
[0.338s] Level 1:colcon.colcon_core.package_identification:_identify(venv/lib/python3.12/site-packages/pip/_internal) by extensions ['python_setup_py']
[0.338s] Level 1:colcon.colcon_core.package_identification:_identify(venv/lib/python3.12/site-packages/pip/_internal) by extension 'python_setup_py'
[0.338s] Level 1:colcon.colcon_core.package_identification:_identify(venv/lib/python3.12/site-packages/pip/_internal/__pycache__) by extensions ['ignore', 'ignore_ament_install']
[0.338s] Level 1:colcon.colcon_core.package_identification:_identify(venv/lib/python3.12/site-packages/pip/_internal/__pycache__) by extension 'ignore'
[0.338s] Level 1:colcon.colcon_core.package_identification:_identify(venv/lib/python3.12/site-packages/pip/_internal/__pycache__) by extension 'ignore_ament_install'
[0.338s] Level 1:colcon.colcon_core.package_identification:_identify(venv/lib/python3.12/site-packages/pip/_internal/__pycache__) by extensions ['colcon_pkg']
[0.338s] Level 1:colcon.colcon_core.package_identification:_identify(venv/lib/python3.12/site-packages/pip/_internal/__pycache__) by extension 'colcon_pkg'
[0.338s] Level 1:colcon.colcon_core.package_identification:_identify(venv/lib/python3.12/site-packages/pip/_internal/__pycache__) by extensions ['colcon_meta']
[0.338s] Level 1:colcon.colcon_core.package_identification:_identify(venv/lib/python3.12/site-packages/pip/_internal/__pycache__) by extension 'colcon_meta'
[0.338s] Level 1:colcon.colcon_core.package_identification:_identify(venv/lib/python3.12/site-packages/pip/_internal/__pycache__) by extensions ['ros']
[0.338s] Level 1:colcon.colcon_core.package_identification:_identify(venv/lib/python3.12/site-packages/pip/_internal/__pycache__) by extension 'ros'
[0.338s] Level 1:colcon.colcon_core.package_identification:_identify(venv/lib/python3.12/site-packages/pip/_internal/__pycache__) by extensions ['cmake', 'python']
[0.339s] Level 1:colcon.colcon_core.package_identification:_identify(venv/lib/python3.12/site-packages/pip/_internal/__pycache__) by extension 'cmake'
[0.339s] Level 1:colcon.colcon_core.package_identification:_identify(venv/lib/python3.12/site-packages/pip/_internal/__pycache__) by extension 'python'
[0.339s] Level 1:colcon.colcon_core.package_identification:_identify(venv/lib/python3.12/site-packages/pip/_internal/__pycache__) by extensions ['python_setup_py']
[0.339s] Level 1:colcon.colcon_core.package_identification:_identify(venv/lib/python3.12/site-packages/pip/_internal/__pycache__) by extension 'python_setup_py'
[0.339s] Level 1:colcon.colcon_core.package_identification:_identify(venv/lib/python3.12/site-packages/pip/_internal/cli) by extensions ['ignore', 'ignore_ament_install']
[0.339s] Level 1:colcon.colcon_core.package_identification:_identify(venv/lib/python3.12/site-packages/pip/_internal/cli) by extension 'ignore'
[0.339s] Level 1:colcon.colcon_core.package_identification:_identify(venv/lib/python3.12/site-packages/pip/_internal/cli) by extension 'ignore_ament_install'
[0.339s] Level 1:colcon.colcon_core.package_identification:_identify(venv/lib/python3.12/site-packages/pip/_internal/cli) by extensions ['colcon_pkg']
[0.339s] Level 1:colcon.colcon_core.package_identification:_identify(venv/lib/python3.12/site-packages/pip/_internal/cli) by extension 'colcon_pkg'
[0.339s] Level 1:colcon.colcon_core.package_identification:_identify(venv/lib/python3.12/site-packages/pip/_internal/cli) by extensions ['colcon_meta']
[0.339s] Level 1:colcon.colcon_core.package_identification:_identify(venv/lib/python3.12/site-packages/pip/_internal/cli) by extension 'colcon_meta'
[0.339s] Level 1:colcon.colcon_core.package_identification:_identify(venv/lib/python3.12/site-packages/pip/_internal/cli) by extensions ['ros']
[0.339s] Level 1:colcon.colcon_core.package_identification:_identify(venv/lib/python3.12/site-packages/pip/_internal/cli) by extension 'ros'
[0.339s] Level 1:colcon.colcon_core.package_identification:_identify(venv/lib/python3.12/site-packages/pip/_internal/cli) by extensions ['cmake', 'python']
[0.340s] Level 1:colcon.colcon_core.package_identification:_identify(venv/lib/python3.12/site-packages/pip/_internal/cli) by extension 'cmake'
[0.340s] Level 1:colcon.colcon_core.package_identification:_identify(venv/lib/python3.12/site-packages/pip/_internal/cli) by extension 'python'
[0.340s] Level 1:colcon.colcon_core.package_identification:_identify(venv/lib/python3.12/site-packages/pip/_internal/cli) by extensions ['python_setup_py']
[0.340s] Level 1:colcon.colcon_core.package_identification:_identify(venv/lib/python3.12/site-packages/pip/_internal/cli) by extension 'python_setup_py'
[0.340s] Level 1:colcon.colcon_core.package_identification:_identify(venv/lib/python3.12/site-packages/pip/_internal/cli/__pycache__) by extensions ['ignore', 'ignore_ament_install']
[0.340s] Level 1:colcon.colcon_core.package_identification:_identify(venv/lib/python3.12/site-packages/pip/_internal/cli/__pycache__) by extension 'ignore'
[0.340s] Level 1:colcon.colcon_core.package_identification:_identify(venv/lib/python3.12/site-packages/pip/_internal/cli/__pycache__) by extension 'ignore_ament_install'
[0.340s] Level 1:colcon.colcon_core.package_identification:_identify(venv/lib/python3.12/site-packages/pip/_internal/cli/__pycache__) by extensions ['colcon_pkg']
[0.340s] Level 1:colcon.colcon_core.package_identification:_identify(venv/lib/python3.12/site-packages/pip/_internal/cli/__pycache__) by extension 'colcon_pkg'
[0.340s] Level 1:colcon.colcon_core.package_identification:_identify(venv/lib/python3.12/site-packages/pip/_internal/cli/__pycache__) by extensions ['colcon_meta']
[0.340s] Level 1:colcon.colcon_core.package_identification:_identify(venv/lib/python3.12/site-packages/pip/_internal/cli/__pycache__) by extension 'colcon_meta'
[0.340s] Level 1:colcon.colcon_core.package_identification:_identify(venv/lib/python3.12/site-packages/pip/_internal/cli/__pycache__) by extensions ['ros']
[0.340s] Level 1:colcon.colcon_core.package_identification:_identify(venv/lib/python3.12/site-packages/pip/_internal/cli/__pycache__) by extension 'ros'
[0.341s] Level 1:colcon.colcon_core.package_identification:_identify(venv/lib/python3.12/site-packages/pip/_internal/cli/__pycache__) by extensions ['cmake', 'python']
[0.341s] Level 1:colcon.colcon_core.package_identification:_identify(venv/lib/python3.12/site-packages/pip/_internal/cli/__pycache__) by extension 'cmake'
[0.341s] Level 1:colcon.colcon_core.package_identification:_identify(venv/lib/python3.12/site-packages/pip/_internal/cli/__pycache__) by extension 'python'
[0.341s] Level 1:colcon.colcon_core.package_identification:_identify(venv/lib/python3.12/site-packages/pip/_internal/cli/__pycache__) by extensions ['python_setup_py']
[0.341s] Level 1:colcon.colcon_core.package_identification:_identify(venv/lib/python3.12/site-packages/pip/_internal/cli/__pycache__) by extension 'python_setup_py'
[0.341s] Level 1:colcon.colcon_core.package_identification:_identify(venv/lib/python3.12/site-packages/pip/_internal/commands) by extensions ['ignore', 'ignore_ament_install']
[0.341s] Level 1:colcon.colcon_core.package_identification:_identify(venv/lib/python3.12/site-packages/pip/_internal/commands) by extension 'ignore'
[0.341s] Level 1:colcon.colcon_core.package_identification:_identify(venv/lib/python3.12/site-packages/pip/_internal/commands) by extension 'ignore_ament_install'
[0.341s] Level 1:colcon.colcon_core.package_identification:_identify(venv/lib/python3.12/site-packages/pip/_internal/commands) by extensions ['colcon_pkg']
[0.341s] Level 1:colcon.colcon_core.package_identification:_identify(venv/lib/python3.12/site-packages/pip/_internal/commands) by extension 'colcon_pkg'
[0.341s] Level 1:colcon.colcon_core.package_identification:_identify(venv/lib/python3.12/site-packages/pip/_internal/commands) by extensions ['colcon_meta']
[0.341s] Level 1:colcon.colcon_core.package_identification:_identify(venv/lib/python3.12/site-packages/pip/_internal/commands) by extension 'colcon_meta'
[0.341s] Level 1:colcon.colcon_core.package_identification:_identify(venv/lib/python3.12/site-packages/pip/_internal/commands) by extensions ['ros']
[0.341s] Level 1:colcon.colcon_core.package_identification:_identify(venv/lib/python3.12/site-packages/pip/_internal/commands) by extension 'ros'
[0.342s] Level 1:colcon.colcon_core.package_identification:_identify(venv/lib/python3.12/site-packages/pip/_internal/commands) by extensions ['cmake', 'python']
[0.342s] Level 1:colcon.colcon_core.package_identification:_identify(venv/lib/python3.12/site-packages/pip/_internal/commands) by extension 'cmake'
[0.342s] Level 1:colcon.colcon_core.package_identification:_identify(venv/lib/python3.12/site-packages/pip/_internal/commands) by extension 'python'
[0.342s] Level 1:colcon.colcon_core.package_identification:_identify(venv/lib/python3.12/site-packages/pip/_internal/commands) by extensions ['python_setup_py']
[0.342s] Level 1:colcon.colcon_core.package_identification:_identify(venv/lib/python3.12/site-packages/pip/_internal/commands) by extension 'python_setup_py'
[0.342s] Level 1:colcon.colcon_core.package_identification:_identify(venv/lib/python3.12/site-packages/pip/_internal/commands/__pycache__) by extensions ['ignore', 'ignore_ament_install']
[0.342s] Level 1:colcon.colcon_core.package_identification:_identify(venv/lib/python3.12/site-packages/pip/_internal/commands/__pycache__) by extension 'ignore'
[0.342s] Level 1:colcon.colcon_core.package_identification:_identify(venv/lib/python3.12/site-packages/pip/_internal/commands/__pycache__) by extension 'ignore_ament_install'
[0.342s] Level 1:colcon.colcon_core.package_identification:_identify(venv/lib/python3.12/site-packages/pip/_internal/commands/__pycache__) by extensions ['colcon_pkg']
[0.342s] Level 1:colcon.colcon_core.package_identification:_identify(venv/lib/python3.12/site-packages/pip/_internal/commands/__pycache__) by extension 'colcon_pkg'
[0.342s] Level 1:colcon.colcon_core.package_identification:_identify(venv/lib/python3.12/site-packages/pip/_internal/commands/__pycache__) by extensions ['colcon_meta']
[0.342s] Level 1:colcon.colcon_core.package_identification:_identify(venv/lib/python3.12/site-packages/pip/_internal/commands/__pycache__) by extension 'colcon_meta'
[0.342s] Level 1:colcon.colcon_core.package_identification:_identify(venv/lib/python3.12/site-packages/pip/_internal/commands/__pycache__) by extensions ['ros']
[0.342s] Level 1:colcon.colcon_core.package_identification:_identify(venv/lib/python3.12/site-packages/pip/_internal/commands/__pycache__) by extension 'ros'
[0.343s] Level 1:colcon.colcon_core.package_identification:_identify(venv/lib/python3.12/site-packages/pip/_internal/commands/__pycache__) by extensions ['cmake', 'python']
[0.343s] Level 1:colcon.colcon_core.package_identification:_identify(venv/lib/python3.12/site-packages/pip/_internal/commands/__pycache__) by extension 'cmake'
[0.343s] Level 1:colcon.colcon_core.package_identification:_identify(venv/lib/python3.12/site-packages/pip/_internal/commands/__pycache__) by extension 'python'
[0.343s] Level 1:colcon.colcon_core.package_identification:_identify(venv/lib/python3.12/site-packages/pip/_internal/commands/__pycache__) by extensions ['python_setup_py']
[0.343s] Level 1:colcon.colcon_core.package_identification:_identify(venv/lib/python3.12/site-packages/pip/_internal/commands/__pycache__) by extension 'python_setup_py'
[0.343s] Level 1:colcon.colcon_core.package_identification:_identify(venv/lib/python3.12/site-packages/pip/_internal/distributions) by extensions ['ignore', 'ignore_ament_install']
[0.343s] Level 1:colcon.colcon_core.package_identification:_identify(venv/lib/python3.12/site-packages/pip/_internal/distributions) by extension 'ignore'
[0.343s] Level 1:colcon.colcon_core.package_identification:_identify(venv/lib/python3.12/site-packages/pip/_internal/distributions) by extension 'ignore_ament_install'
[0.343s] Level 1:colcon.colcon_core.package_identification:_identify(venv/lib/python3.12/site-packages/pip/_internal/distributions) by extensions ['colcon_pkg']
[0.343s] Level 1:colcon.colcon_core.package_identification:_identify(venv/lib/python3.12/site-packages/pip/_internal/distributions) by extension 'colcon_pkg'
[0.343s] Level 1:colcon.colcon_core.package_identification:_identify(venv/lib/python3.12/site-packages/pip/_internal/distributions) by extensions ['colcon_meta']
[0.343s] Level 1:colcon.colcon_core.package_identification:_identify(venv/lib/python3.12/site-packages/pip/_internal/distributions) by extension 'colcon_meta'
[0.343s] Level 1:colcon.colcon_core.package_identification:_identify(venv/lib/python3.12/site-packages/pip/_internal/distributions) by extensions ['ros']
[0.343s] Level 1:colcon.colcon_core.package_identification:_identify(venv/lib/python3.12/site-packages/pip/_internal/distributions) by extension 'ros'
[0.344s] Level 1:colcon.colcon_core.package_identification:_identify(venv/lib/python3.12/site-packages/pip/_internal/distributions) by extensions ['cmake', 'python']
[0.344s] Level 1:colcon.colcon_core.package_identification:_identify(venv/lib/python3.12/site-packages/pip/_internal/distributions) by extension 'cmake'
[0.344s] Level 1:colcon.colcon_core.package_identification:_identify(venv/lib/python3.12/site-packages/pip/_internal/distributions) by extension 'python'
[0.344s] Level 1:colcon.colcon_core.package_identification:_identify(venv/lib/python3.12/site-packages/pip/_internal/distributions) by extensions ['python_setup_py']
[0.344s] Level 1:colcon.colcon_core.package_identification:_identify(venv/lib/python3.12/site-packages/pip/_internal/distributions) by extension 'python_setup_py'
[0.344s] Level 1:colcon.colcon_core.package_identification:_identify(venv/lib/python3.12/site-packages/pip/_internal/distributions/__pycache__) by extensions ['ignore', 'ignore_ament_install']
[0.344s] Level 1:colcon.colcon_core.package_identification:_identify(venv/lib/python3.12/site-packages/pip/_internal/distributions/__pycache__) by extension 'ignore'
[0.344s] Level 1:colcon.colcon_core.package_identification:_identify(venv/lib/python3.12/site-packages/pip/_internal/distributions/__pycache__) by extension 'ignore_ament_install'
[0.344s] Level 1:colcon.colcon_core.package_identification:_identify(venv/lib/python3.12/site-packages/pip/_internal/distributions/__pycache__) by extensions ['colcon_pkg']
[0.344s] Level 1:colcon.colcon_core.package_identification:_identify(venv/lib/python3.12/site-packages/pip/_internal/distributions/__pycache__) by extension 'colcon_pkg'
[0.344s] Level 1:colcon.colcon_core.package_identification:_identify(venv/lib/python3.12/site-packages/pip/_internal/distributions/__pycache__) by extensions ['colcon_meta']
[0.344s] Level 1:colcon.colcon_core.package_identification:_identify(venv/lib/python3.12/site-packages/pip/_internal/distributions/__pycache__) by extension 'colcon_meta'
[0.344s] Level 1:colcon.colcon_core.package_identification:_identify(venv/lib/python3.12/site-packages/pip/_internal/distributions/__pycache__) by extensions ['ros']
[0.344s] Level 1:colcon.colcon_core.package_identification:_identify(venv/lib/python3.12/site-packages/pip/_internal/distributions/__pycache__) by extension 'ros'
[0.344s] Level 1:colcon.colcon_core.package_identification:_identify(venv/lib/python3.12/site-packages/pip/_internal/distributions/__pycache__) by extensions ['cmake', 'python']
[0.345s] Level 1:colcon.colcon_core.package_identification:_identify(venv/lib/python3.12/site-packages/pip/_internal/distributions/__pycache__) by extension 'cmake'
[0.345s] Level 1:colcon.colcon_core.package_identification:_identify(venv/lib/python3.12/site-packages/pip/_internal/distributions/__pycache__) by extension 'python'
[0.345s] Level 1:colcon.colcon_core.package_identification:_identify(venv/lib/python3.12/site-packages/pip/_internal/distributions/__pycache__) by extensions ['python_setup_py']
[0.345s] Level 1:colcon.colcon_core.package_identification:_identify(venv/lib/python3.12/site-packages/pip/_internal/distributions/__pycache__) by extension 'python_setup_py'
[0.345s] Level 1:colcon.colcon_core.package_identification:_identify(venv/lib/python3.12/site-packages/pip/_internal/index) by extensions ['ignore', 'ignore_ament_install']
[0.345s] Level 1:colcon.colcon_core.package_identification:_identify(venv/lib/python3.12/site-packages/pip/_internal/index) by extension 'ignore'
[0.345s] Level 1:colcon.colcon_core.package_identification:_identify(venv/lib/python3.12/site-packages/pip/_internal/index) by extension 'ignore_ament_install'
[0.345s] Level 1:colcon.colcon_core.package_identification:_identify(venv/lib/python3.12/site-packages/pip/_internal/index) by extensions ['colcon_pkg']
[0.345s] Level 1:colcon.colcon_core.package_identification:_identify(venv/lib/python3.12/site-packages/pip/_internal/index) by extension 'colcon_pkg'
[0.345s] Level 1:colcon.colcon_core.package_identification:_identify(venv/lib/python3.12/site-packages/pip/_internal/index) by extensions ['colcon_meta']
[0.345s] Level 1:colcon.colcon_core.package_identification:_identify(venv/lib/python3.12/site-packages/pip/_internal/index) by extension 'colcon_meta'
[0.345s] Level 1:colcon.colcon_core.package_identification:_identify(venv/lib/python3.12/site-packages/pip/_internal/index) by extensions ['ros']
[0.345s] Level 1:colcon.colcon_core.package_identification:_identify(venv/lib/python3.12/site-packages/pip/_internal/index) by extension 'ros'
[0.345s] Level 1:colcon.colcon_core.package_identification:_identify(venv/lib/python3.12/site-packages/pip/_internal/index) by extensions ['cmake', 'python']
[0.346s] Level 1:colcon.colcon_core.package_identification:_identify(venv/lib/python3.12/site-packages/pip/_internal/index) by extension 'cmake'
[0.346s] Level 1:colcon.colcon_core.package_identification:_identify(venv/lib/python3.12/site-packages/pip/_internal/index) by extension 'python'
[0.346s] Level 1:colcon.colcon_core.package_identification:_identify(venv/lib/python3.12/site-packages/pip/_internal/index) by extensions ['python_setup_py']
[0.346s] Level 1:colcon.colcon_core.package_identification:_identify(venv/lib/python3.12/site-packages/pip/_internal/index) by extension 'python_setup_py'
[0.346s] Level 1:colcon.colcon_core.package_identification:_identify(venv/lib/python3.12/site-packages/pip/_internal/index/__pycache__) by extensions ['ignore', 'ignore_ament_install']
[0.346s] Level 1:colcon.colcon_core.package_identification:_identify(venv/lib/python3.12/site-packages/pip/_internal/index/__pycache__) by extension 'ignore'
[0.346s] Level 1:colcon.colcon_core.package_identification:_identify(venv/lib/python3.12/site-packages/pip/_internal/index/__pycache__) by extension 'ignore_ament_install'
[0.346s] Level 1:colcon.colcon_core.package_identification:_identify(venv/lib/python3.12/site-packages/pip/_internal/index/__pycache__) by extensions ['colcon_pkg']
[0.346s] Level 1:colcon.colcon_core.package_identification:_identify(venv/lib/python3.12/site-packages/pip/_internal/index/__pycache__) by extension 'colcon_pkg'
[0.346s] Level 1:colcon.colcon_core.package_identification:_identify(venv/lib/python3.12/site-packages/pip/_internal/index/__pycache__) by extensions ['colcon_meta']
[0.346s] Level 1:colcon.colcon_core.package_identification:_identify(venv/lib/python3.12/site-packages/pip/_internal/index/__pycache__) by extension 'colcon_meta'
[0.346s] Level 1:colcon.colcon_core.package_identification:_identify(venv/lib/python3.12/site-packages/pip/_internal/index/__pycache__) by extensions ['ros']
[0.346s] Level 1:colcon.colcon_core.package_identification:_identify(venv/lib/python3.12/site-packages/pip/_internal/index/__pycache__) by extension 'ros'
[0.346s] Level 1:colcon.colcon_core.package_identification:_identify(venv/lib/python3.12/site-packages/pip/_internal/index/__pycache__) by extensions ['cmake', 'python']
[0.347s] Level 1:colcon.colcon_core.package_identification:_identify(venv/lib/python3.12/site-packages/pip/_internal/index/__pycache__) by extension 'cmake'
[0.347s] Level 1:colcon.colcon_core.package_identification:_identify(venv/lib/python3.12/site-packages/pip/_internal/index/__pycache__) by extension 'python'
[0.347s] Level 1:colcon.colcon_core.package_identification:_identify(venv/lib/python3.12/site-packages/pip/_internal/index/__pycache__) by extensions ['python_setup_py']
[0.347s] Level 1:colcon.colcon_core.package_identification:_identify(venv/lib/python3.12/site-packages/pip/_internal/index/__pycache__) by extension 'python_setup_py'
[0.347s] Level 1:colcon.colcon_core.package_identification:_identify(venv/lib/python3.12/site-packages/pip/_internal/locations) by extensions ['ignore', 'ignore_ament_install']
[0.347s] Level 1:colcon.colcon_core.package_identification:_identify(venv/lib/python3.12/site-packages/pip/_internal/locations) by extension 'ignore'
[0.347s] Level 1:colcon.colcon_core.package_identification:_identify(venv/lib/python3.12/site-packages/pip/_internal/locations) by extension 'ignore_ament_install'
[0.347s] Level 1:colcon.colcon_core.package_identification:_identify(venv/lib/python3.12/site-packages/pip/_internal/locations) by extensions ['colcon_pkg']
[0.347s] Level 1:colcon.colcon_core.package_identification:_identify(venv/lib/python3.12/site-packages/pip/_internal/locations) by extension 'colcon_pkg'
[0.347s] Level 1:colcon.colcon_core.package_identification:_identify(venv/lib/python3.12/site-packages/pip/_internal/locations) by extensions ['colcon_meta']
[0.347s] Level 1:colcon.colcon_core.package_identification:_identify(venv/lib/python3.12/site-packages/pip/_internal/locations) by extension 'colcon_meta'
[0.347s] Level 1:colcon.colcon_core.package_identification:_identify(venv/lib/python3.12/site-packages/pip/_internal/locations) by extensions ['ros']
[0.347s] Level 1:colcon.colcon_core.package_identification:_identify(venv/lib/python3.12/site-packages/pip/_internal/locations) by extension 'ros'
[0.347s] Level 1:colcon.colcon_core.package_identification:_identify(venv/lib/python3.12/site-packages/pip/_internal/locations) by extensions ['cmake', 'python']
[0.348s] Level 1:colcon.colcon_core.package_identification:_identify(venv/lib/python3.12/site-packages/pip/_internal/locations) by extension 'cmake'
[0.348s] Level 1:colcon.colcon_core.package_identification:_identify(venv/lib/python3.12/site-packages/pip/_internal/locations) by extension 'python'
[0.348s] Level 1:colcon.colcon_core.package_identification:_identify(venv/lib/python3.12/site-packages/pip/_internal/locations) by extensions ['python_setup_py']
[0.348s] Level 1:colcon.colcon_core.package_identification:_identify(venv/lib/python3.12/site-packages/pip/_internal/locations) by extension 'python_setup_py'
[0.348s] Level 1:colcon.colcon_core.package_identification:_identify(venv/lib/python3.12/site-packages/pip/_internal/locations/__pycache__) by extensions ['ignore', 'ignore_ament_install']
[0.348s] Level 1:colcon.colcon_core.package_identification:_identify(venv/lib/python3.12/site-packages/pip/_internal/locations/__pycache__) by extension 'ignore'
[0.348s] Level 1:colcon.colcon_core.package_identification:_identify(venv/lib/python3.12/site-packages/pip/_internal/locations/__pycache__) by extension 'ignore_ament_install'
[0.348s] Level 1:colcon.colcon_core.package_identification:_identify(venv/lib/python3.12/site-packages/pip/_internal/locations/__pycache__) by extensions ['colcon_pkg']
[0.348s] Level 1:colcon.colcon_core.package_identification:_identify(venv/lib/python3.12/site-packages/pip/_internal/locations/__pycache__) by extension 'colcon_pkg'
[0.348s] Level 1:colcon.colcon_core.package_identification:_identify(venv/lib/python3.12/site-packages/pip/_internal/locations/__pycache__) by extensions ['colcon_meta']
[0.348s] Level 1:colcon.colcon_core.package_identification:_identify(venv/lib/python3.12/site-packages/pip/_internal/locations/__pycache__) by extension 'colcon_meta'
[0.348s] Level 1:colcon.colcon_core.package_identification:_identify(venv/lib/python3.12/site-packages/pip/_internal/locations/__pycache__) by extensions ['ros']
[0.348s] Level 1:colcon.colcon_core.package_identification:_identify(venv/lib/python3.12/site-packages/pip/_internal/locations/__pycache__) by extension 'ros'
[0.348s] Level 1:colcon.colcon_core.package_identification:_identify(venv/lib/python3.12/site-packages/pip/_internal/locations/__pycache__) by extensions ['cmake', 'python']
[0.348s] Level 1:colcon.colcon_core.package_identification:_identify(venv/lib/python3.12/site-packages/pip/_internal/locations/__pycache__) by extension 'cmake'
[0.349s] Level 1:colcon.colcon_core.package_identification:_identify(venv/lib/python3.12/site-packages/pip/_internal/locations/__pycache__) by extension 'python'
[0.349s] Level 1:colcon.colcon_core.package_identification:_identify(venv/lib/python3.12/site-packages/pip/_internal/locations/__pycache__) by extensions ['python_setup_py']
[0.349s] Level 1:colcon.colcon_core.package_identification:_identify(venv/lib/python3.12/site-packages/pip/_internal/locations/__pycache__) by extension 'python_setup_py'
[0.349s] Level 1:colcon.colcon_core.package_identification:_identify(venv/lib/python3.12/site-packages/pip/_internal/metadata) by extensions ['ignore', 'ignore_ament_install']
[0.349s] Level 1:colcon.colcon_core.package_identification:_identify(venv/lib/python3.12/site-packages/pip/_internal/metadata) by extension 'ignore'
[0.349s] Level 1:colcon.colcon_core.package_identification:_identify(venv/lib/python3.12/site-packages/pip/_internal/metadata) by extension 'ignore_ament_install'
[0.349s] Level 1:colcon.colcon_core.package_identification:_identify(venv/lib/python3.12/site-packages/pip/_internal/metadata) by extensions ['colcon_pkg']
[0.349s] Level 1:colcon.colcon_core.package_identification:_identify(venv/lib/python3.12/site-packages/pip/_internal/metadata) by extension 'colcon_pkg'
[0.349s] Level 1:colcon.colcon_core.package_identification:_identify(venv/lib/python3.12/site-packages/pip/_internal/metadata) by extensions ['colcon_meta']
[0.349s] Level 1:colcon.colcon_core.package_identification:_identify(venv/lib/python3.12/site-packages/pip/_internal/metadata) by extension 'colcon_meta'
[0.349s] Level 1:colcon.colcon_core.package_identification:_identify(venv/lib/python3.12/site-packages/pip/_internal/metadata) by extensions ['ros']
[0.349s] Level 1:colcon.colcon_core.package_identification:_identify(venv/lib/python3.12/site-packages/pip/_internal/metadata) by extension 'ros'
[0.349s] Level 1:colcon.colcon_core.package_identification:_identify(venv/lib/python3.12/site-packages/pip/_internal/metadata) by extensions ['cmake', 'python']
[0.350s] Level 1:colcon.colcon_core.package_identification:_identify(venv/lib/python3.12/site-packages/pip/_internal/metadata) by extension 'cmake'
[0.350s] Level 1:colcon.colcon_core.package_identification:_identify(venv/lib/python3.12/site-packages/pip/_internal/metadata) by extension 'python'
[0.350s] Level 1:colcon.colcon_core.package_identification:_identify(venv/lib/python3.12/site-packages/pip/_internal/metadata) by extensions ['python_setup_py']
[0.350s] Level 1:colcon.colcon_core.package_identification:_identify(venv/lib/python3.12/site-packages/pip/_internal/metadata) by extension 'python_setup_py'
[0.350s] Level 1:colcon.colcon_core.package_identification:_identify(venv/lib/python3.12/site-packages/pip/_internal/metadata/__pycache__) by extensions ['ignore', 'ignore_ament_install']
[0.350s] Level 1:colcon.colcon_core.package_identification:_identify(venv/lib/python3.12/site-packages/pip/_internal/metadata/__pycache__) by extension 'ignore'
[0.350s] Level 1:colcon.colcon_core.package_identification:_identify(venv/lib/python3.12/site-packages/pip/_internal/metadata/__pycache__) by extension 'ignore_ament_install'
[0.350s] Level 1:colcon.colcon_core.package_identification:_identify(venv/lib/python3.12/site-packages/pip/_internal/metadata/__pycache__) by extensions ['colcon_pkg']
[0.350s] Level 1:colcon.colcon_core.package_identification:_identify(venv/lib/python3.12/site-packages/pip/_internal/metadata/__pycache__) by extension 'colcon_pkg'
[0.350s] Level 1:colcon.colcon_core.package_identification:_identify(venv/lib/python3.12/site-packages/pip/_internal/metadata/__pycache__) by extensions ['colcon_meta']
[0.350s] Level 1:colcon.colcon_core.package_identification:_identify(venv/lib/python3.12/site-packages/pip/_internal/metadata/__pycache__) by extension 'colcon_meta'
[0.350s] Level 1:colcon.colcon_core.package_identification:_identify(venv/lib/python3.12/site-packages/pip/_internal/metadata/__pycache__) by extensions ['ros']
[0.350s] Level 1:colcon.colcon_core.package_identification:_identify(venv/lib/python3.12/site-packages/pip/_internal/metadata/__pycache__) by extension 'ros'
[0.351s] Level 1:colcon.colcon_core.package_identification:_identify(venv/lib/python3.12/site-packages/pip/_internal/metadata/__pycache__) by extensions ['cmake', 'python']
[0.351s] Level 1:colcon.colcon_core.package_identification:_identify(venv/lib/python3.12/site-packages/pip/_internal/metadata/__pycache__) by extension 'cmake'
[0.351s] Level 1:colcon.colcon_core.package_identification:_identify(venv/lib/python3.12/site-packages/pip/_internal/metadata/__pycache__) by extension 'python'
[0.351s] Level 1:colcon.colcon_core.package_identification:_identify(venv/lib/python3.12/site-packages/pip/_internal/metadata/__pycache__) by extensions ['python_setup_py']
[0.351s] Level 1:colcon.colcon_core.package_identification:_identify(venv/lib/python3.12/site-packages/pip/_internal/metadata/__pycache__) by extension 'python_setup_py'
[0.351s] Level 1:colcon.colcon_core.package_identification:_identify(venv/lib/python3.12/site-packages/pip/_internal/metadata/importlib) by extensions ['ignore', 'ignore_ament_install']
[0.351s] Level 1:colcon.colcon_core.package_identification:_identify(venv/lib/python3.12/site-packages/pip/_internal/metadata/importlib) by extension 'ignore'
[0.351s] Level 1:colcon.colcon_core.package_identification:_identify(venv/lib/python3.12/site-packages/pip/_internal/metadata/importlib) by extension 'ignore_ament_install'
[0.351s] Level 1:colcon.colcon_core.package_identification:_identify(venv/lib/python3.12/site-packages/pip/_internal/metadata/importlib) by extensions ['colcon_pkg']
[0.351s] Level 1:colcon.colcon_core.package_identification:_identify(venv/lib/python3.12/site-packages/pip/_internal/metadata/importlib) by extension 'colcon_pkg'
[0.351s] Level 1:colcon.colcon_core.package_identification:_identify(venv/lib/python3.12/site-packages/pip/_internal/metadata/importlib) by extensions ['colcon_meta']
[0.351s] Level 1:colcon.colcon_core.package_identification:_identify(venv/lib/python3.12/site-packages/pip/_internal/metadata/importlib) by extension 'colcon_meta'
[0.351s] Level 1:colcon.colcon_core.package_identification:_identify(venv/lib/python3.12/site-packages/pip/_internal/metadata/importlib) by extensions ['ros']
[0.351s] Level 1:colcon.colcon_core.package_identification:_identify(venv/lib/python3.12/site-packages/pip/_internal/metadata/importlib) by extension 'ros'
[0.352s] Level 1:colcon.colcon_core.package_identification:_identify(venv/lib/python3.12/site-packages/pip/_internal/metadata/importlib) by extensions ['cmake', 'python']
[0.352s] Level 1:colcon.colcon_core.package_identification:_identify(venv/lib/python3.12/site-packages/pip/_internal/metadata/importlib) by extension 'cmake'
[0.352s] Level 1:colcon.colcon_core.package_identification:_identify(venv/lib/python3.12/site-packages/pip/_internal/metadata/importlib) by extension 'python'
[0.352s] Level 1:colcon.colcon_core.package_identification:_identify(venv/lib/python3.12/site-packages/pip/_internal/metadata/importlib) by extensions ['python_setup_py']
[0.352s] Level 1:colcon.colcon_core.package_identification:_identify(venv/lib/python3.12/site-packages/pip/_internal/metadata/importlib) by extension 'python_setup_py'
[0.352s] Level 1:colcon.colcon_core.package_identification:_identify(venv/lib/python3.12/site-packages/pip/_internal/metadata/importlib/__pycache__) by extensions ['ignore', 'ignore_ament_install']
[0.352s] Level 1:colcon.colcon_core.package_identification:_identify(venv/lib/python3.12/site-packages/pip/_internal/metadata/importlib/__pycache__) by extension 'ignore'
[0.352s] Level 1:colcon.colcon_core.package_identification:_identify(venv/lib/python3.12/site-packages/pip/_internal/metadata/importlib/__pycache__) by extension 'ignore_ament_install'
[0.352s] Level 1:colcon.colcon_core.package_identification:_identify(venv/lib/python3.12/site-packages/pip/_internal/metadata/importlib/__pycache__) by extensions ['colcon_pkg']
[0.352s] Level 1:colcon.colcon_core.package_identification:_identify(venv/lib/python3.12/site-packages/pip/_internal/metadata/importlib/__pycache__) by extension 'colcon_pkg'
[0.352s] Level 1:colcon.colcon_core.package_identification:_identify(venv/lib/python3.12/site-packages/pip/_internal/metadata/importlib/__pycache__) by extensions ['colcon_meta']
[0.352s] Level 1:colcon.colcon_core.package_identification:_identify(venv/lib/python3.12/site-packages/pip/_internal/metadata/importlib/__pycache__) by extension 'colcon_meta'
[0.352s] Level 1:colcon.colcon_core.package_identification:_identify(venv/lib/python3.12/site-packages/pip/_internal/metadata/importlib/__pycache__) by extensions ['ros']
[0.352s] Level 1:colcon.colcon_core.package_identification:_identify(venv/lib/python3.12/site-packages/pip/_internal/metadata/importlib/__pycache__) by extension 'ros'
[0.353s] Level 1:colcon.colcon_core.package_identification:_identify(venv/lib/python3.12/site-packages/pip/_internal/metadata/importlib/__pycache__) by extensions ['cmake', 'python']
[0.353s] Level 1:colcon.colcon_core.package_identification:_identify(venv/lib/python3.12/site-packages/pip/_internal/metadata/importlib/__pycache__) by extension 'cmake'
[0.353s] Level 1:colcon.colcon_core.package_identification:_identify(venv/lib/python3.12/site-packages/pip/_internal/metadata/importlib/__pycache__) by extension 'python'
[0.353s] Level 1:colcon.colcon_core.package_identification:_identify(venv/lib/python3.12/site-packages/pip/_internal/metadata/importlib/__pycache__) by extensions ['python_setup_py']
[0.353s] Level 1:colcon.colcon_core.package_identification:_identify(venv/lib/python3.12/site-packages/pip/_internal/metadata/importlib/__pycache__) by extension 'python_setup_py'
[0.353s] Level 1:colcon.colcon_core.package_identification:_identify(venv/lib/python3.12/site-packages/pip/_internal/models) by extensions ['ignore', 'ignore_ament_install']
[0.353s] Level 1:colcon.colcon_core.package_identification:_identify(venv/lib/python3.12/site-packages/pip/_internal/models) by extension 'ignore'
[0.353s] Level 1:colcon.colcon_core.package_identification:_identify(venv/lib/python3.12/site-packages/pip/_internal/models) by extension 'ignore_ament_install'
[0.353s] Level 1:colcon.colcon_core.package_identification:_identify(venv/lib/python3.12/site-packages/pip/_internal/models) by extensions ['colcon_pkg']
[0.353s] Level 1:colcon.colcon_core.package_identification:_identify(venv/lib/python3.12/site-packages/pip/_internal/models) by extension 'colcon_pkg'
[0.353s] Level 1:colcon.colcon_core.package_identification:_identify(venv/lib/python3.12/site-packages/pip/_internal/models) by extensions ['colcon_meta']
[0.353s] Level 1:colcon.colcon_core.package_identification:_identify(venv/lib/python3.12/site-packages/pip/_internal/models) by extension 'colcon_meta'
[0.353s] Level 1:colcon.colcon_core.package_identification:_identify(venv/lib/python3.12/site-packages/pip/_internal/models) by extensions ['ros']
[0.354s] Level 1:colcon.colcon_core.package_identification:_identify(venv/lib/python3.12/site-packages/pip/_internal/models) by extension 'ros'
[0.354s] Level 1:colcon.colcon_core.package_identification:_identify(venv/lib/python3.12/site-packages/pip/_internal/models) by extensions ['cmake', 'python']
[0.354s] Level 1:colcon.colcon_core.package_identification:_identify(venv/lib/python3.12/site-packages/pip/_internal/models) by extension 'cmake'
[0.354s] Level 1:colcon.colcon_core.package_identification:_identify(venv/lib/python3.12/site-packages/pip/_internal/models) by extension 'python'
[0.354s] Level 1:colcon.colcon_core.package_identification:_identify(venv/lib/python3.12/site-packages/pip/_internal/models) by extensions ['python_setup_py']
[0.354s] Level 1:colcon.colcon_core.package_identification:_identify(venv/lib/python3.12/site-packages/pip/_internal/models) by extension 'python_setup_py'
[0.354s] Level 1:colcon.colcon_core.package_identification:_identify(venv/lib/python3.12/site-packages/pip/_internal/models/__pycache__) by extensions ['ignore', 'ignore_ament_install']
[0.354s] Level 1:colcon.colcon_core.package_identification:_identify(venv/lib/python3.12/site-packages/pip/_internal/models/__pycache__) by extension 'ignore'
[0.354s] Level 1:colcon.colcon_core.package_identification:_identify(venv/lib/python3.12/site-packages/pip/_internal/models/__pycache__) by extension 'ignore_ament_install'
[0.354s] Level 1:colcon.colcon_core.package_identification:_identify(venv/lib/python3.12/site-packages/pip/_internal/models/__pycache__) by extensions ['colcon_pkg']
[0.354s] Level 1:colcon.colcon_core.package_identification:_identify(venv/lib/python3.12/site-packages/pip/_internal/models/__pycache__) by extension 'colcon_pkg'
[0.354s] Level 1:colcon.colcon_core.package_identification:_identify(venv/lib/python3.12/site-packages/pip/_internal/models/__pycache__) by extensions ['colcon_meta']
[0.354s] Level 1:colcon.colcon_core.package_identification:_identify(venv/lib/python3.12/site-packages/pip/_internal/models/__pycache__) by extension 'colcon_meta'
[0.354s] Level 1:colcon.colcon_core.package_identification:_identify(venv/lib/python3.12/site-packages/pip/_internal/models/__pycache__) by extensions ['ros']
[0.355s] Level 1:colcon.colcon_core.package_identification:_identify(venv/lib/python3.12/site-packages/pip/_internal/models/__pycache__) by extension 'ros'
[0.355s] Level 1:colcon.colcon_core.package_identification:_identify(venv/lib/python3.12/site-packages/pip/_internal/models/__pycache__) by extensions ['cmake', 'python']
[0.355s] Level 1:colcon.colcon_core.package_identification:_identify(venv/lib/python3.12/site-packages/pip/_internal/models/__pycache__) by extension 'cmake'
[0.355s] Level 1:colcon.colcon_core.package_identification:_identify(venv/lib/python3.12/site-packages/pip/_internal/models/__pycache__) by extension 'python'
[0.355s] Level 1:colcon.colcon_core.package_identification:_identify(venv/lib/python3.12/site-packages/pip/_internal/models/__pycache__) by extensions ['python_setup_py']
[0.355s] Level 1:colcon.colcon_core.package_identification:_identify(venv/lib/python3.12/site-packages/pip/_internal/models/__pycache__) by extension 'python_setup_py'
[0.355s] Level 1:colcon.colcon_core.package_identification:_identify(venv/lib/python3.12/site-packages/pip/_internal/network) by extensions ['ignore', 'ignore_ament_install']
[0.355s] Level 1:colcon.colcon_core.package_identification:_identify(venv/lib/python3.12/site-packages/pip/_internal/network) by extension 'ignore'
[0.355s] Level 1:colcon.colcon_core.package_identification:_identify(venv/lib/python3.12/site-packages/pip/_internal/network) by extension 'ignore_ament_install'
[0.355s] Level 1:colcon.colcon_core.package_identification:_identify(venv/lib/python3.12/site-packages/pip/_internal/network) by extensions ['colcon_pkg']
[0.355s] Level 1:colcon.colcon_core.package_identification:_identify(venv/lib/python3.12/site-packages/pip/_internal/network) by extension 'colcon_pkg'
[0.355s] Level 1:colcon.colcon_core.package_identification:_identify(venv/lib/python3.12/site-packages/pip/_internal/network) by extensions ['colcon_meta']
[0.355s] Level 1:colcon.colcon_core.package_identification:_identify(venv/lib/python3.12/site-packages/pip/_internal/network) by extension 'colcon_meta'
[0.355s] Level 1:colcon.colcon_core.package_identification:_identify(venv/lib/python3.12/site-packages/pip/_internal/network) by extensions ['ros']
[0.356s] Level 1:colcon.colcon_core.package_identification:_identify(venv/lib/python3.12/site-packages/pip/_internal/network) by extension 'ros'
[0.356s] Level 1:colcon.colcon_core.package_identification:_identify(venv/lib/python3.12/site-packages/pip/_internal/network) by extensions ['cmake', 'python']
[0.356s] Level 1:colcon.colcon_core.package_identification:_identify(venv/lib/python3.12/site-packages/pip/_internal/network) by extension 'cmake'
[0.356s] Level 1:colcon.colcon_core.package_identification:_identify(venv/lib/python3.12/site-packages/pip/_internal/network) by extension 'python'
[0.356s] Level 1:colcon.colcon_core.package_identification:_identify(venv/lib/python3.12/site-packages/pip/_internal/network) by extensions ['python_setup_py']
[0.356s] Level 1:colcon.colcon_core.package_identification:_identify(venv/lib/python3.12/site-packages/pip/_internal/network) by extension 'python_setup_py'
[0.356s] Level 1:colcon.colcon_core.package_identification:_identify(venv/lib/python3.12/site-packages/pip/_internal/network/__pycache__) by extensions ['ignore', 'ignore_ament_install']
[0.356s] Level 1:colcon.colcon_core.package_identification:_identify(venv/lib/python3.12/site-packages/pip/_internal/network/__pycache__) by extension 'ignore'
[0.356s] Level 1:colcon.colcon_core.package_identification:_identify(venv/lib/python3.12/site-packages/pip/_internal/network/__pycache__) by extension 'ignore_ament_install'
[0.356s] Level 1:colcon.colcon_core.package_identification:_identify(venv/lib/python3.12/site-packages/pip/_internal/network/__pycache__) by extensions ['colcon_pkg']
[0.356s] Level 1:colcon.colcon_core.package_identification:_identify(venv/lib/python3.12/site-packages/pip/_internal/network/__pycache__) by extension 'colcon_pkg'
[0.356s] Level 1:colcon.colcon_core.package_identification:_identify(venv/lib/python3.12/site-packages/pip/_internal/network/__pycache__) by extensions ['colcon_meta']
[0.357s] Level 1:colcon.colcon_core.package_identification:_identify(venv/lib/python3.12/site-packages/pip/_internal/network/__pycache__) by extension 'colcon_meta'
[0.357s] Level 1:colcon.colcon_core.package_identification:_identify(venv/lib/python3.12/site-packages/pip/_internal/network/__pycache__) by extensions ['ros']
[0.357s] Level 1:colcon.colcon_core.package_identification:_identify(venv/lib/python3.12/site-packages/pip/_internal/network/__pycache__) by extension 'ros'
[0.357s] Level 1:colcon.colcon_core.package_identification:_identify(venv/lib/python3.12/site-packages/pip/_internal/network/__pycache__) by extensions ['cmake', 'python']
[0.357s] Level 1:colcon.colcon_core.package_identification:_identify(venv/lib/python3.12/site-packages/pip/_internal/network/__pycache__) by extension 'cmake'
[0.357s] Level 1:colcon.colcon_core.package_identification:_identify(venv/lib/python3.12/site-packages/pip/_internal/network/__pycache__) by extension 'python'
[0.357s] Level 1:colcon.colcon_core.package_identification:_identify(venv/lib/python3.12/site-packages/pip/_internal/network/__pycache__) by extensions ['python_setup_py']
[0.357s] Level 1:colcon.colcon_core.package_identification:_identify(venv/lib/python3.12/site-packages/pip/_internal/network/__pycache__) by extension 'python_setup_py'
[0.357s] Level 1:colcon.colcon_core.package_identification:_identify(venv/lib/python3.12/site-packages/pip/_internal/operations) by extensions ['ignore', 'ignore_ament_install']
[0.357s] Level 1:colcon.colcon_core.package_identification:_identify(venv/lib/python3.12/site-packages/pip/_internal/operations) by extension 'ignore'
[0.357s] Level 1:colcon.colcon_core.package_identification:_identify(venv/lib/python3.12/site-packages/pip/_internal/operations) by extension 'ignore_ament_install'
[0.358s] Level 1:colcon.colcon_core.package_identification:_identify(venv/lib/python3.12/site-packages/pip/_internal/operations) by extensions ['colcon_pkg']
[0.358s] Level 1:colcon.colcon_core.package_identification:_identify(venv/lib/python3.12/site-packages/pip/_internal/operations) by extension 'colcon_pkg'
[0.358s] Level 1:colcon.colcon_core.package_identification:_identify(venv/lib/python3.12/site-packages/pip/_internal/operations) by extensions ['colcon_meta']
[0.358s] Level 1:colcon.colcon_core.package_identification:_identify(venv/lib/python3.12/site-packages/pip/_internal/operations) by extension 'colcon_meta'
[0.358s] Level 1:colcon.colcon_core.package_identification:_identify(venv/lib/python3.12/site-packages/pip/_internal/operations) by extensions ['ros']
[0.358s] Level 1:colcon.colcon_core.package_identification:_identify(venv/lib/python3.12/site-packages/pip/_internal/operations) by extension 'ros'
[0.358s] Level 1:colcon.colcon_core.package_identification:_identify(venv/lib/python3.12/site-packages/pip/_internal/operations) by extensions ['cmake', 'python']
[0.358s] Level 1:colcon.colcon_core.package_identification:_identify(venv/lib/python3.12/site-packages/pip/_internal/operations) by extension 'cmake'
[0.358s] Level 1:colcon.colcon_core.package_identification:_identify(venv/lib/python3.12/site-packages/pip/_internal/operations) by extension 'python'
[0.358s] Level 1:colcon.colcon_core.package_identification:_identify(venv/lib/python3.12/site-packages/pip/_internal/operations) by extensions ['python_setup_py']
[0.358s] Level 1:colcon.colcon_core.package_identification:_identify(venv/lib/python3.12/site-packages/pip/_internal/operations) by extension 'python_setup_py'
[0.358s] Level 1:colcon.colcon_core.package_identification:_identify(venv/lib/python3.12/site-packages/pip/_internal/operations/__pycache__) by extensions ['ignore', 'ignore_ament_install']
[0.359s] Level 1:colcon.colcon_core.package_identification:_identify(venv/lib/python3.12/site-packages/pip/_internal/operations/__pycache__) by extension 'ignore'
[0.359s] Level 1:colcon.colcon_core.package_identification:_identify(venv/lib/python3.12/site-packages/pip/_internal/operations/__pycache__) by extension 'ignore_ament_install'
[0.359s] Level 1:colcon.colcon_core.package_identification:_identify(venv/lib/python3.12/site-packages/pip/_internal/operations/__pycache__) by extensions ['colcon_pkg']
[0.359s] Level 1:colcon.colcon_core.package_identification:_identify(venv/lib/python3.12/site-packages/pip/_internal/operations/__pycache__) by extension 'colcon_pkg'
[0.359s] Level 1:colcon.colcon_core.package_identification:_identify(venv/lib/python3.12/site-packages/pip/_internal/operations/__pycache__) by extensions ['colcon_meta']
[0.359s] Level 1:colcon.colcon_core.package_identification:_identify(venv/lib/python3.12/site-packages/pip/_internal/operations/__pycache__) by extension 'colcon_meta'
[0.359s] Level 1:colcon.colcon_core.package_identification:_identify(venv/lib/python3.12/site-packages/pip/_internal/operations/__pycache__) by extensions ['ros']
[0.359s] Level 1:colcon.colcon_core.package_identification:_identify(venv/lib/python3.12/site-packages/pip/_internal/operations/__pycache__) by extension 'ros'
[0.359s] Level 1:colcon.colcon_core.package_identification:_identify(venv/lib/python3.12/site-packages/pip/_internal/operations/__pycache__) by extensions ['cmake', 'python']
[0.359s] Level 1:colcon.colcon_core.package_identification:_identify(venv/lib/python3.12/site-packages/pip/_internal/operations/__pycache__) by extension 'cmake'
[0.359s] Level 1:colcon.colcon_core.package_identification:_identify(venv/lib/python3.12/site-packages/pip/_internal/operations/__pycache__) by extension 'python'
[0.359s] Level 1:colcon.colcon_core.package_identification:_identify(venv/lib/python3.12/site-packages/pip/_internal/operations/__pycache__) by extensions ['python_setup_py']
[0.359s] Level 1:colcon.colcon_core.package_identification:_identify(venv/lib/python3.12/site-packages/pip/_internal/operations/__pycache__) by extension 'python_setup_py'
[0.360s] Level 1:colcon.colcon_core.package_identification:_identify(venv/lib/python3.12/site-packages/pip/_internal/operations/build) by extensions ['ignore', 'ignore_ament_install']
[0.360s] Level 1:colcon.colcon_core.package_identification:_identify(venv/lib/python3.12/site-packages/pip/_internal/operations/build) by extension 'ignore'
[0.360s] Level 1:colcon.colcon_core.package_identification:_identify(venv/lib/python3.12/site-packages/pip/_internal/operations/build) by extension 'ignore_ament_install'
[0.360s] Level 1:colcon.colcon_core.package_identification:_identify(venv/lib/python3.12/site-packages/pip/_internal/operations/build) by extensions ['colcon_pkg']
[0.360s] Level 1:colcon.colcon_core.package_identification:_identify(venv/lib/python3.12/site-packages/pip/_internal/operations/build) by extension 'colcon_pkg'
[0.360s] Level 1:colcon.colcon_core.package_identification:_identify(venv/lib/python3.12/site-packages/pip/_internal/operations/build) by extensions ['colcon_meta']
[0.360s] Level 1:colcon.colcon_core.package_identification:_identify(venv/lib/python3.12/site-packages/pip/_internal/operations/build) by extension 'colcon_meta'
[0.360s] Level 1:colcon.colcon_core.package_identification:_identify(venv/lib/python3.12/site-packages/pip/_internal/operations/build) by extensions ['ros']
[0.360s] Level 1:colcon.colcon_core.package_identification:_identify(venv/lib/python3.12/site-packages/pip/_internal/operations/build) by extension 'ros'
[0.360s] Level 1:colcon.colcon_core.package_identification:_identify(venv/lib/python3.12/site-packages/pip/_internal/operations/build) by extensions ['cmake', 'python']
[0.360s] Level 1:colcon.colcon_core.package_identification:_identify(venv/lib/python3.12/site-packages/pip/_internal/operations/build) by extension 'cmake'
[0.361s] Level 1:colcon.colcon_core.package_identification:_identify(venv/lib/python3.12/site-packages/pip/_internal/operations/build) by extension 'python'
[0.361s] Level 1:colcon.colcon_core.package_identification:_identify(venv/lib/python3.12/site-packages/pip/_internal/operations/build) by extensions ['python_setup_py']
[0.361s] Level 1:colcon.colcon_core.package_identification:_identify(venv/lib/python3.12/site-packages/pip/_internal/operations/build) by extension 'python_setup_py'
[0.361s] Level 1:colcon.colcon_core.package_identification:_identify(venv/lib/python3.12/site-packages/pip/_internal/operations/build/__pycache__) by extensions ['ignore', 'ignore_ament_install']
[0.361s] Level 1:colcon.colcon_core.package_identification:_identify(venv/lib/python3.12/site-packages/pip/_internal/operations/build/__pycache__) by extension 'ignore'
[0.361s] Level 1:colcon.colcon_core.package_identification:_identify(venv/lib/python3.12/site-packages/pip/_internal/operations/build/__pycache__) by extension 'ignore_ament_install'
[0.361s] Level 1:colcon.colcon_core.package_identification:_identify(venv/lib/python3.12/site-packages/pip/_internal/operations/build/__pycache__) by extensions ['colcon_pkg']
[0.361s] Level 1:colcon.colcon_core.package_identification:_identify(venv/lib/python3.12/site-packages/pip/_internal/operations/build/__pycache__) by extension 'colcon_pkg'
[0.361s] Level 1:colcon.colcon_core.package_identification:_identify(venv/lib/python3.12/site-packages/pip/_internal/operations/build/__pycache__) by extensions ['colcon_meta']
[0.361s] Level 1:colcon.colcon_core.package_identification:_identify(venv/lib/python3.12/site-packages/pip/_internal/operations/build/__pycache__) by extension 'colcon_meta'
[0.361s] Level 1:colcon.colcon_core.package_identification:_identify(venv/lib/python3.12/site-packages/pip/_internal/operations/build/__pycache__) by extensions ['ros']
[0.362s] Level 1:colcon.colcon_core.package_identification:_identify(venv/lib/python3.12/site-packages/pip/_internal/operations/build/__pycache__) by extension 'ros'
[0.362s] Level 1:colcon.colcon_core.package_identification:_identify(venv/lib/python3.12/site-packages/pip/_internal/operations/build/__pycache__) by extensions ['cmake', 'python']
[0.362s] Level 1:colcon.colcon_core.package_identification:_identify(venv/lib/python3.12/site-packages/pip/_internal/operations/build/__pycache__) by extension 'cmake'
[0.362s] Level 1:colcon.colcon_core.package_identification:_identify(venv/lib/python3.12/site-packages/pip/_internal/operations/build/__pycache__) by extension 'python'
[0.362s] Level 1:colcon.colcon_core.package_identification:_identify(venv/lib/python3.12/site-packages/pip/_internal/operations/build/__pycache__) by extensions ['python_setup_py']
[0.362s] Level 1:colcon.colcon_core.package_identification:_identify(venv/lib/python3.12/site-packages/pip/_internal/operations/build/__pycache__) by extension 'python_setup_py'
[0.362s] Level 1:colcon.colcon_core.package_identification:_identify(venv/lib/python3.12/site-packages/pip/_internal/operations/install) by extensions ['ignore', 'ignore_ament_install']
[0.362s] Level 1:colcon.colcon_core.package_identification:_identify(venv/lib/python3.12/site-packages/pip/_internal/operations/install) by extension 'ignore'
[0.362s] Level 1:colcon.colcon_core.package_identification:_identify(venv/lib/python3.12/site-packages/pip/_internal/operations/install) by extension 'ignore_ament_install'
[0.362s] Level 1:colcon.colcon_core.package_identification:_identify(venv/lib/python3.12/site-packages/pip/_internal/operations/install) by extensions ['colcon_pkg']
[0.362s] Level 1:colcon.colcon_core.package_identification:_identify(venv/lib/python3.12/site-packages/pip/_internal/operations/install) by extension 'colcon_pkg'
[0.362s] Level 1:colcon.colcon_core.package_identification:_identify(venv/lib/python3.12/site-packages/pip/_internal/operations/install) by extensions ['colcon_meta']
[0.362s] Level 1:colcon.colcon_core.package_identification:_identify(venv/lib/python3.12/site-packages/pip/_internal/operations/install) by extension 'colcon_meta'
[0.363s] Level 1:colcon.colcon_core.package_identification:_identify(venv/lib/python3.12/site-packages/pip/_internal/operations/install) by extensions ['ros']
[0.363s] Level 1:colcon.colcon_core.package_identification:_identify(venv/lib/python3.12/site-packages/pip/_internal/operations/install) by extension 'ros'
[0.363s] Level 1:colcon.colcon_core.package_identification:_identify(venv/lib/python3.12/site-packages/pip/_internal/operations/install) by extensions ['cmake', 'python']
[0.363s] Level 1:colcon.colcon_core.package_identification:_identify(venv/lib/python3.12/site-packages/pip/_internal/operations/install) by extension 'cmake'
[0.363s] Level 1:colcon.colcon_core.package_identification:_identify(venv/lib/python3.12/site-packages/pip/_internal/operations/install) by extension 'python'
[0.363s] Level 1:colcon.colcon_core.package_identification:_identify(venv/lib/python3.12/site-packages/pip/_internal/operations/install) by extensions ['python_setup_py']
[0.363s] Level 1:colcon.colcon_core.package_identification:_identify(venv/lib/python3.12/site-packages/pip/_internal/operations/install) by extension 'python_setup_py'
[0.363s] Level 1:colcon.colcon_core.package_identification:_identify(venv/lib/python3.12/site-packages/pip/_internal/operations/install/__pycache__) by extensions ['ignore', 'ignore_ament_install']
[0.363s] Level 1:colcon.colcon_core.package_identification:_identify(venv/lib/python3.12/site-packages/pip/_internal/operations/install/__pycache__) by extension 'ignore'
[0.363s] Level 1:colcon.colcon_core.package_identification:_identify(venv/lib/python3.12/site-packages/pip/_internal/operations/install/__pycache__) by extension 'ignore_ament_install'
[0.363s] Level 1:colcon.colcon_core.package_identification:_identify(venv/lib/python3.12/site-packages/pip/_internal/operations/install/__pycache__) by extensions ['colcon_pkg']
[0.363s] Level 1:colcon.colcon_core.package_identification:_identify(venv/lib/python3.12/site-packages/pip/_internal/operations/install/__pycache__) by extension 'colcon_pkg'
[0.364s] Level 1:colcon.colcon_core.package_identification:_identify(venv/lib/python3.12/site-packages/pip/_internal/operations/install/__pycache__) by extensions ['colcon_meta']
[0.364s] Level 1:colcon.colcon_core.package_identification:_identify(venv/lib/python3.12/site-packages/pip/_internal/operations/install/__pycache__) by extension 'colcon_meta'
[0.364s] Level 1:colcon.colcon_core.package_identification:_identify(venv/lib/python3.12/site-packages/pip/_internal/operations/install/__pycache__) by extensions ['ros']
[0.364s] Level 1:colcon.colcon_core.package_identification:_identify(venv/lib/python3.12/site-packages/pip/_internal/operations/install/__pycache__) by extension 'ros'
[0.364s] Level 1:colcon.colcon_core.package_identification:_identify(venv/lib/python3.12/site-packages/pip/_internal/operations/install/__pycache__) by extensions ['cmake', 'python']
[0.364s] Level 1:colcon.colcon_core.package_identification:_identify(venv/lib/python3.12/site-packages/pip/_internal/operations/install/__pycache__) by extension 'cmake'
[0.364s] Level 1:colcon.colcon_core.package_identification:_identify(venv/lib/python3.12/site-packages/pip/_internal/operations/install/__pycache__) by extension 'python'
[0.364s] Level 1:colcon.colcon_core.package_identification:_identify(venv/lib/python3.12/site-packages/pip/_internal/operations/install/__pycache__) by extensions ['python_setup_py']
[0.364s] Level 1:colcon.colcon_core.package_identification:_identify(venv/lib/python3.12/site-packages/pip/_internal/operations/install/__pycache__) by extension 'python_setup_py'
[0.364s] Level 1:colcon.colcon_core.package_identification:_identify(venv/lib/python3.12/site-packages/pip/_internal/req) by extensions ['ignore', 'ignore_ament_install']
[0.364s] Level 1:colcon.colcon_core.package_identification:_identify(venv/lib/python3.12/site-packages/pip/_internal/req) by extension 'ignore'
[0.364s] Level 1:colcon.colcon_core.package_identification:_identify(venv/lib/python3.12/site-packages/pip/_internal/req) by extension 'ignore_ament_install'
[0.364s] Level 1:colcon.colcon_core.package_identification:_identify(venv/lib/python3.12/site-packages/pip/_internal/req) by extensions ['colcon_pkg']
[0.365s] Level 1:colcon.colcon_core.package_identification:_identify(venv/lib/python3.12/site-packages/pip/_internal/req) by extension 'colcon_pkg'
[0.365s] Level 1:colcon.colcon_core.package_identification:_identify(venv/lib/python3.12/site-packages/pip/_internal/req) by extensions ['colcon_meta']
[0.365s] Level 1:colcon.colcon_core.package_identification:_identify(venv/lib/python3.12/site-packages/pip/_internal/req) by extension 'colcon_meta'
[0.365s] Level 1:colcon.colcon_core.package_identification:_identify(venv/lib/python3.12/site-packages/pip/_internal/req) by extensions ['ros']
[0.365s] Level 1:colcon.colcon_core.package_identification:_identify(venv/lib/python3.12/site-packages/pip/_internal/req) by extension 'ros'
[0.365s] Level 1:colcon.colcon_core.package_identification:_identify(venv/lib/python3.12/site-packages/pip/_internal/req) by extensions ['cmake', 'python']
[0.365s] Level 1:colcon.colcon_core.package_identification:_identify(venv/lib/python3.12/site-packages/pip/_internal/req) by extension 'cmake'
[0.365s] Level 1:colcon.colcon_core.package_identification:_identify(venv/lib/python3.12/site-packages/pip/_internal/req) by extension 'python'
[0.365s] Level 1:colcon.colcon_core.package_identification:_identify(venv/lib/python3.12/site-packages/pip/_internal/req) by extensions ['python_setup_py']
[0.365s] Level 1:colcon.colcon_core.package_identification:_identify(venv/lib/python3.12/site-packages/pip/_internal/req) by extension 'python_setup_py'
[0.365s] Level 1:colcon.colcon_core.package_identification:_identify(venv/lib/python3.12/site-packages/pip/_internal/req/__pycache__) by extensions ['ignore', 'ignore_ament_install']
[0.365s] Level 1:colcon.colcon_core.package_identification:_identify(venv/lib/python3.12/site-packages/pip/_internal/req/__pycache__) by extension 'ignore'
[0.365s] Level 1:colcon.colcon_core.package_identification:_identify(venv/lib/python3.12/site-packages/pip/_internal/req/__pycache__) by extension 'ignore_ament_install'
[0.365s] Level 1:colcon.colcon_core.package_identification:_identify(venv/lib/python3.12/site-packages/pip/_internal/req/__pycache__) by extensions ['colcon_pkg']
[0.366s] Level 1:colcon.colcon_core.package_identification:_identify(venv/lib/python3.12/site-packages/pip/_internal/req/__pycache__) by extension 'colcon_pkg'
[0.366s] Level 1:colcon.colcon_core.package_identification:_identify(venv/lib/python3.12/site-packages/pip/_internal/req/__pycache__) by extensions ['colcon_meta']
[0.366s] Level 1:colcon.colcon_core.package_identification:_identify(venv/lib/python3.12/site-packages/pip/_internal/req/__pycache__) by extension 'colcon_meta'
[0.366s] Level 1:colcon.colcon_core.package_identification:_identify(venv/lib/python3.12/site-packages/pip/_internal/req/__pycache__) by extensions ['ros']
[0.366s] Level 1:colcon.colcon_core.package_identification:_identify(venv/lib/python3.12/site-packages/pip/_internal/req/__pycache__) by extension 'ros'
[0.366s] Level 1:colcon.colcon_core.package_identification:_identify(venv/lib/python3.12/site-packages/pip/_internal/req/__pycache__) by extensions ['cmake', 'python']
[0.366s] Level 1:colcon.colcon_core.package_identification:_identify(venv/lib/python3.12/site-packages/pip/_internal/req/__pycache__) by extension 'cmake'
[0.366s] Level 1:colcon.colcon_core.package_identification:_identify(venv/lib/python3.12/site-packages/pip/_internal/req/__pycache__) by extension 'python'
[0.366s] Level 1:colcon.colcon_core.package_identification:_identify(venv/lib/python3.12/site-packages/pip/_internal/req/__pycache__) by extensions ['python_setup_py']
[0.366s] Level 1:colcon.colcon_core.package_identification:_identify(venv/lib/python3.12/site-packages/pip/_internal/req/__pycache__) by extension 'python_setup_py'
[0.366s] Level 1:colcon.colcon_core.package_identification:_identify(venv/lib/python3.12/site-packages/pip/_internal/resolution) by extensions ['ignore', 'ignore_ament_install']
[0.366s] Level 1:colcon.colcon_core.package_identification:_identify(venv/lib/python3.12/site-packages/pip/_internal/resolution) by extension 'ignore'
[0.366s] Level 1:colcon.colcon_core.package_identification:_identify(venv/lib/python3.12/site-packages/pip/_internal/resolution) by extension 'ignore_ament_install'
[0.366s] Level 1:colcon.colcon_core.package_identification:_identify(venv/lib/python3.12/site-packages/pip/_internal/resolution) by extensions ['colcon_pkg']
[0.367s] Level 1:colcon.colcon_core.package_identification:_identify(venv/lib/python3.12/site-packages/pip/_internal/resolution) by extension 'colcon_pkg'
[0.367s] Level 1:colcon.colcon_core.package_identification:_identify(venv/lib/python3.12/site-packages/pip/_internal/resolution) by extensions ['colcon_meta']
[0.367s] Level 1:colcon.colcon_core.package_identification:_identify(venv/lib/python3.12/site-packages/pip/_internal/resolution) by extension 'colcon_meta'
[0.367s] Level 1:colcon.colcon_core.package_identification:_identify(venv/lib/python3.12/site-packages/pip/_internal/resolution) by extensions ['ros']
[0.367s] Level 1:colcon.colcon_core.package_identification:_identify(venv/lib/python3.12/site-packages/pip/_internal/resolution) by extension 'ros'
[0.367s] Level 1:colcon.colcon_core.package_identification:_identify(venv/lib/python3.12/site-packages/pip/_internal/resolution) by extensions ['cmake', 'python']
[0.367s] Level 1:colcon.colcon_core.package_identification:_identify(venv/lib/python3.12/site-packages/pip/_internal/resolution) by extension 'cmake'
[0.367s] Level 1:colcon.colcon_core.package_identification:_identify(venv/lib/python3.12/site-packages/pip/_internal/resolution) by extension 'python'
[0.367s] Level 1:colcon.colcon_core.package_identification:_identify(venv/lib/python3.12/site-packages/pip/_internal/resolution) by extensions ['python_setup_py']
[0.367s] Level 1:colcon.colcon_core.package_identification:_identify(venv/lib/python3.12/site-packages/pip/_internal/resolution) by extension 'python_setup_py'
[0.367s] Level 1:colcon.colcon_core.package_identification:_identify(venv/lib/python3.12/site-packages/pip/_internal/resolution/__pycache__) by extensions ['ignore', 'ignore_ament_install']
[0.367s] Level 1:colcon.colcon_core.package_identification:_identify(venv/lib/python3.12/site-packages/pip/_internal/resolution/__pycache__) by extension 'ignore'
[0.367s] Level 1:colcon.colcon_core.package_identification:_identify(venv/lib/python3.12/site-packages/pip/_internal/resolution/__pycache__) by extension 'ignore_ament_install'
[0.367s] Level 1:colcon.colcon_core.package_identification:_identify(venv/lib/python3.12/site-packages/pip/_internal/resolution/__pycache__) by extensions ['colcon_pkg']
[0.368s] Level 1:colcon.colcon_core.package_identification:_identify(venv/lib/python3.12/site-packages/pip/_internal/resolution/__pycache__) by extension 'colcon_pkg'
[0.368s] Level 1:colcon.colcon_core.package_identification:_identify(venv/lib/python3.12/site-packages/pip/_internal/resolution/__pycache__) by extensions ['colcon_meta']
[0.368s] Level 1:colcon.colcon_core.package_identification:_identify(venv/lib/python3.12/site-packages/pip/_internal/resolution/__pycache__) by extension 'colcon_meta'
[0.368s] Level 1:colcon.colcon_core.package_identification:_identify(venv/lib/python3.12/site-packages/pip/_internal/resolution/__pycache__) by extensions ['ros']
[0.368s] Level 1:colcon.colcon_core.package_identification:_identify(venv/lib/python3.12/site-packages/pip/_internal/resolution/__pycache__) by extension 'ros'
[0.368s] Level 1:colcon.colcon_core.package_identification:_identify(venv/lib/python3.12/site-packages/pip/_internal/resolution/__pycache__) by extensions ['cmake', 'python']
[0.368s] Level 1:colcon.colcon_core.package_identification:_identify(venv/lib/python3.12/site-packages/pip/_internal/resolution/__pycache__) by extension 'cmake'
[0.368s] Level 1:colcon.colcon_core.package_identification:_identify(venv/lib/python3.12/site-packages/pip/_internal/resolution/__pycache__) by extension 'python'
[0.368s] Level 1:colcon.colcon_core.package_identification:_identify(venv/lib/python3.12/site-packages/pip/_internal/resolution/__pycache__) by extensions ['python_setup_py']
[0.368s] Level 1:colcon.colcon_core.package_identification:_identify(venv/lib/python3.12/site-packages/pip/_internal/resolution/__pycache__) by extension 'python_setup_py'
[0.368s] Level 1:colcon.colcon_core.package_identification:_identify(venv/lib/python3.12/site-packages/pip/_internal/resolution/legacy) by extensions ['ignore', 'ignore_ament_install']
[0.368s] Level 1:colcon.colcon_core.package_identification:_identify(venv/lib/python3.12/site-packages/pip/_internal/resolution/legacy) by extension 'ignore'
[0.368s] Level 1:colcon.colcon_core.package_identification:_identify(venv/lib/python3.12/site-packages/pip/_internal/resolution/legacy) by extension 'ignore_ament_install'
[0.368s] Level 1:colcon.colcon_core.package_identification:_identify(venv/lib/python3.12/site-packages/pip/_internal/resolution/legacy) by extensions ['colcon_pkg']
[0.369s] Level 1:colcon.colcon_core.package_identification:_identify(venv/lib/python3.12/site-packages/pip/_internal/resolution/legacy) by extension 'colcon_pkg'
[0.369s] Level 1:colcon.colcon_core.package_identification:_identify(venv/lib/python3.12/site-packages/pip/_internal/resolution/legacy) by extensions ['colcon_meta']
[0.369s] Level 1:colcon.colcon_core.package_identification:_identify(venv/lib/python3.12/site-packages/pip/_internal/resolution/legacy) by extension 'colcon_meta'
[0.369s] Level 1:colcon.colcon_core.package_identification:_identify(venv/lib/python3.12/site-packages/pip/_internal/resolution/legacy) by extensions ['ros']
[0.369s] Level 1:colcon.colcon_core.package_identification:_identify(venv/lib/python3.12/site-packages/pip/_internal/resolution/legacy) by extension 'ros'
[0.369s] Level 1:colcon.colcon_core.package_identification:_identify(venv/lib/python3.12/site-packages/pip/_internal/resolution/legacy) by extensions ['cmake', 'python']
[0.369s] Level 1:colcon.colcon_core.package_identification:_identify(venv/lib/python3.12/site-packages/pip/_internal/resolution/legacy) by extension 'cmake'
[0.369s] Level 1:colcon.colcon_core.package_identification:_identify(venv/lib/python3.12/site-packages/pip/_internal/resolution/legacy) by extension 'python'
[0.369s] Level 1:colcon.colcon_core.package_identification:_identify(venv/lib/python3.12/site-packages/pip/_internal/resolution/legacy) by extensions ['python_setup_py']
[0.369s] Level 1:colcon.colcon_core.package_identification:_identify(venv/lib/python3.12/site-packages/pip/_internal/resolution/legacy) by extension 'python_setup_py'
[0.369s] Level 1:colcon.colcon_core.package_identification:_identify(venv/lib/python3.12/site-packages/pip/_internal/resolution/legacy/__pycache__) by extensions ['ignore', 'ignore_ament_install']
[0.369s] Level 1:colcon.colcon_core.package_identification:_identify(venv/lib/python3.12/site-packages/pip/_internal/resolution/legacy/__pycache__) by extension 'ignore'
[0.369s] Level 1:colcon.colcon_core.package_identification:_identify(venv/lib/python3.12/site-packages/pip/_internal/resolution/legacy/__pycache__) by extension 'ignore_ament_install'
[0.369s] Level 1:colcon.colcon_core.package_identification:_identify(venv/lib/python3.12/site-packages/pip/_internal/resolution/legacy/__pycache__) by extensions ['colcon_pkg']
[0.369s] Level 1:colcon.colcon_core.package_identification:_identify(venv/lib/python3.12/site-packages/pip/_internal/resolution/legacy/__pycache__) by extension 'colcon_pkg'
[0.370s] Level 1:colcon.colcon_core.package_identification:_identify(venv/lib/python3.12/site-packages/pip/_internal/resolution/legacy/__pycache__) by extensions ['colcon_meta']
[0.370s] Level 1:colcon.colcon_core.package_identification:_identify(venv/lib/python3.12/site-packages/pip/_internal/resolution/legacy/__pycache__) by extension 'colcon_meta'
[0.370s] Level 1:colcon.colcon_core.package_identification:_identify(venv/lib/python3.12/site-packages/pip/_internal/resolution/legacy/__pycache__) by extensions ['ros']
[0.370s] Level 1:colcon.colcon_core.package_identification:_identify(venv/lib/python3.12/site-packages/pip/_internal/resolution/legacy/__pycache__) by extension 'ros'
[0.370s] Level 1:colcon.colcon_core.package_identification:_identify(venv/lib/python3.12/site-packages/pip/_internal/resolution/legacy/__pycache__) by extensions ['cmake', 'python']
[0.370s] Level 1:colcon.colcon_core.package_identification:_identify(venv/lib/python3.12/site-packages/pip/_internal/resolution/legacy/__pycache__) by extension 'cmake'
[0.370s] Level 1:colcon.colcon_core.package_identification:_identify(venv/lib/python3.12/site-packages/pip/_internal/resolution/legacy/__pycache__) by extension 'python'
[0.370s] Level 1:colcon.colcon_core.package_identification:_identify(venv/lib/python3.12/site-packages/pip/_internal/resolution/legacy/__pycache__) by extensions ['python_setup_py']
[0.370s] Level 1:colcon.colcon_core.package_identification:_identify(venv/lib/python3.12/site-packages/pip/_internal/resolution/legacy/__pycache__) by extension 'python_setup_py'
[0.370s] Level 1:colcon.colcon_core.package_identification:_identify(venv/lib/python3.12/site-packages/pip/_internal/resolution/resolvelib) by extensions ['ignore', 'ignore_ament_install']
[0.370s] Level 1:colcon.colcon_core.package_identification:_identify(venv/lib/python3.12/site-packages/pip/_internal/resolution/resolvelib) by extension 'ignore'
[0.370s] Level 1:colcon.colcon_core.package_identification:_identify(venv/lib/python3.12/site-packages/pip/_internal/resolution/resolvelib) by extension 'ignore_ament_install'
[0.370s] Level 1:colcon.colcon_core.package_identification:_identify(venv/lib/python3.12/site-packages/pip/_internal/resolution/resolvelib) by extensions ['colcon_pkg']
[0.370s] Level 1:colcon.colcon_core.package_identification:_identify(venv/lib/python3.12/site-packages/pip/_internal/resolution/resolvelib) by extension 'colcon_pkg'
[0.371s] Level 1:colcon.colcon_core.package_identification:_identify(venv/lib/python3.12/site-packages/pip/_internal/resolution/resolvelib) by extensions ['colcon_meta']
[0.371s] Level 1:colcon.colcon_core.package_identification:_identify(venv/lib/python3.12/site-packages/pip/_internal/resolution/resolvelib) by extension 'colcon_meta'
[0.371s] Level 1:colcon.colcon_core.package_identification:_identify(venv/lib/python3.12/site-packages/pip/_internal/resolution/resolvelib) by extensions ['ros']
[0.371s] Level 1:colcon.colcon_core.package_identification:_identify(venv/lib/python3.12/site-packages/pip/_internal/resolution/resolvelib) by extension 'ros'
[0.371s] Level 1:colcon.colcon_core.package_identification:_identify(venv/lib/python3.12/site-packages/pip/_internal/resolution/resolvelib) by extensions ['cmake', 'python']
[0.371s] Level 1:colcon.colcon_core.package_identification:_identify(venv/lib/python3.12/site-packages/pip/_internal/resolution/resolvelib) by extension 'cmake'
[0.371s] Level 1:colcon.colcon_core.package_identification:_identify(venv/lib/python3.12/site-packages/pip/_internal/resolution/resolvelib) by extension 'python'
[0.371s] Level 1:colcon.colcon_core.package_identification:_identify(venv/lib/python3.12/site-packages/pip/_internal/resolution/resolvelib) by extensions ['python_setup_py']
[0.371s] Level 1:colcon.colcon_core.package_identification:_identify(venv/lib/python3.12/site-packages/pip/_internal/resolution/resolvelib) by extension 'python_setup_py'
[0.371s] Level 1:colcon.colcon_core.package_identification:_identify(venv/lib/python3.12/site-packages/pip/_internal/resolution/resolvelib/__pycache__) by extensions ['ignore', 'ignore_ament_install']
[0.371s] Level 1:colcon.colcon_core.package_identification:_identify(venv/lib/python3.12/site-packages/pip/_internal/resolution/resolvelib/__pycache__) by extension 'ignore'
[0.371s] Level 1:colcon.colcon_core.package_identification:_identify(venv/lib/python3.12/site-packages/pip/_internal/resolution/resolvelib/__pycache__) by extension 'ignore_ament_install'
[0.371s] Level 1:colcon.colcon_core.package_identification:_identify(venv/lib/python3.12/site-packages/pip/_internal/resolution/resolvelib/__pycache__) by extensions ['colcon_pkg']
[0.372s] Level 1:colcon.colcon_core.package_identification:_identify(venv/lib/python3.12/site-packages/pip/_internal/resolution/resolvelib/__pycache__) by extension 'colcon_pkg'
[0.372s] Level 1:colcon.colcon_core.package_identification:_identify(venv/lib/python3.12/site-packages/pip/_internal/resolution/resolvelib/__pycache__) by extensions ['colcon_meta']
[0.372s] Level 1:colcon.colcon_core.package_identification:_identify(venv/lib/python3.12/site-packages/pip/_internal/resolution/resolvelib/__pycache__) by extension 'colcon_meta'
[0.372s] Level 1:colcon.colcon_core.package_identification:_identify(venv/lib/python3.12/site-packages/pip/_internal/resolution/resolvelib/__pycache__) by extensions ['ros']
[0.372s] Level 1:colcon.colcon_core.package_identification:_identify(venv/lib/python3.12/site-packages/pip/_internal/resolution/resolvelib/__pycache__) by extension 'ros'
[0.372s] Level 1:colcon.colcon_core.package_identification:_identify(venv/lib/python3.12/site-packages/pip/_internal/resolution/resolvelib/__pycache__) by extensions ['cmake', 'python']
[0.372s] Level 1:colcon.colcon_core.package_identification:_identify(venv/lib/python3.12/site-packages/pip/_internal/resolution/resolvelib/__pycache__) by extension 'cmake'
[0.372s] Level 1:colcon.colcon_core.package_identification:_identify(venv/lib/python3.12/site-packages/pip/_internal/resolution/resolvelib/__pycache__) by extension 'python'
[0.372s] Level 1:colcon.colcon_core.package_identification:_identify(venv/lib/python3.12/site-packages/pip/_internal/resolution/resolvelib/__pycache__) by extensions ['python_setup_py']
[0.372s] Level 1:colcon.colcon_core.package_identification:_identify(venv/lib/python3.12/site-packages/pip/_internal/resolution/resolvelib/__pycache__) by extension 'python_setup_py'
[0.372s] Level 1:colcon.colcon_core.package_identification:_identify(venv/lib/python3.12/site-packages/pip/_internal/utils) by extensions ['ignore', 'ignore_ament_install']
[0.372s] Level 1:colcon.colcon_core.package_identification:_identify(venv/lib/python3.12/site-packages/pip/_internal/utils) by extension 'ignore'
[0.372s] Level 1:colcon.colcon_core.package_identification:_identify(venv/lib/python3.12/site-packages/pip/_internal/utils) by extension 'ignore_ament_install'
[0.372s] Level 1:colcon.colcon_core.package_identification:_identify(venv/lib/python3.12/site-packages/pip/_internal/utils) by extensions ['colcon_pkg']
[0.373s] Level 1:colcon.colcon_core.package_identification:_identify(venv/lib/python3.12/site-packages/pip/_internal/utils) by extension 'colcon_pkg'
[0.373s] Level 1:colcon.colcon_core.package_identification:_identify(venv/lib/python3.12/site-packages/pip/_internal/utils) by extensions ['colcon_meta']
[0.373s] Level 1:colcon.colcon_core.package_identification:_identify(venv/lib/python3.12/site-packages/pip/_internal/utils) by extension 'colcon_meta'
[0.373s] Level 1:colcon.colcon_core.package_identification:_identify(venv/lib/python3.12/site-packages/pip/_internal/utils) by extensions ['ros']
[0.373s] Level 1:colcon.colcon_core.package_identification:_identify(venv/lib/python3.12/site-packages/pip/_internal/utils) by extension 'ros'
[0.373s] Level 1:colcon.colcon_core.package_identification:_identify(venv/lib/python3.12/site-packages/pip/_internal/utils) by extensions ['cmake', 'python']
[0.373s] Level 1:colcon.colcon_core.package_identification:_identify(venv/lib/python3.12/site-packages/pip/_internal/utils) by extension 'cmake'
[0.373s] Level 1:colcon.colcon_core.package_identification:_identify(venv/lib/python3.12/site-packages/pip/_internal/utils) by extension 'python'
[0.373s] Level 1:colcon.colcon_core.package_identification:_identify(venv/lib/python3.12/site-packages/pip/_internal/utils) by extensions ['python_setup_py']
[0.373s] Level 1:colcon.colcon_core.package_identification:_identify(venv/lib/python3.12/site-packages/pip/_internal/utils) by extension 'python_setup_py'
[0.373s] Level 1:colcon.colcon_core.package_identification:_identify(venv/lib/python3.12/site-packages/pip/_internal/utils/__pycache__) by extensions ['ignore', 'ignore_ament_install']
[0.373s] Level 1:colcon.colcon_core.package_identification:_identify(venv/lib/python3.12/site-packages/pip/_internal/utils/__pycache__) by extension 'ignore'
[0.373s] Level 1:colcon.colcon_core.package_identification:_identify(venv/lib/python3.12/site-packages/pip/_internal/utils/__pycache__) by extension 'ignore_ament_install'
[0.374s] Level 1:colcon.colcon_core.package_identification:_identify(venv/lib/python3.12/site-packages/pip/_internal/utils/__pycache__) by extensions ['colcon_pkg']
[0.374s] Level 1:colcon.colcon_core.package_identification:_identify(venv/lib/python3.12/site-packages/pip/_internal/utils/__pycache__) by extension 'colcon_pkg'
[0.374s] Level 1:colcon.colcon_core.package_identification:_identify(venv/lib/python3.12/site-packages/pip/_internal/utils/__pycache__) by extensions ['colcon_meta']
[0.374s] Level 1:colcon.colcon_core.package_identification:_identify(venv/lib/python3.12/site-packages/pip/_internal/utils/__pycache__) by extension 'colcon_meta'
[0.374s] Level 1:colcon.colcon_core.package_identification:_identify(venv/lib/python3.12/site-packages/pip/_internal/utils/__pycache__) by extensions ['ros']
[0.374s] Level 1:colcon.colcon_core.package_identification:_identify(venv/lib/python3.12/site-packages/pip/_internal/utils/__pycache__) by extension 'ros'
[0.374s] Level 1:colcon.colcon_core.package_identification:_identify(venv/lib/python3.12/site-packages/pip/_internal/utils/__pycache__) by extensions ['cmake', 'python']
[0.374s] Level 1:colcon.colcon_core.package_identification:_identify(venv/lib/python3.12/site-packages/pip/_internal/utils/__pycache__) by extension 'cmake'
[0.374s] Level 1:colcon.colcon_core.package_identification:_identify(venv/lib/python3.12/site-packages/pip/_internal/utils/__pycache__) by extension 'python'
[0.374s] Level 1:colcon.colcon_core.package_identification:_identify(venv/lib/python3.12/site-packages/pip/_internal/utils/__pycache__) by extensions ['python_setup_py']
[0.374s] Level 1:colcon.colcon_core.package_identification:_identify(venv/lib/python3.12/site-packages/pip/_internal/utils/__pycache__) by extension 'python_setup_py'
[0.374s] Level 1:colcon.colcon_core.package_identification:_identify(venv/lib/python3.12/site-packages/pip/_internal/vcs) by extensions ['ignore', 'ignore_ament_install']
[0.374s] Level 1:colcon.colcon_core.package_identification:_identify(venv/lib/python3.12/site-packages/pip/_internal/vcs) by extension 'ignore'
[0.374s] Level 1:colcon.colcon_core.package_identification:_identify(venv/lib/python3.12/site-packages/pip/_internal/vcs) by extension 'ignore_ament_install'
[0.374s] Level 1:colcon.colcon_core.package_identification:_identify(venv/lib/python3.12/site-packages/pip/_internal/vcs) by extensions ['colcon_pkg']
[0.375s] Level 1:colcon.colcon_core.package_identification:_identify(venv/lib/python3.12/site-packages/pip/_internal/vcs) by extension 'colcon_pkg'
[0.375s] Level 1:colcon.colcon_core.package_identification:_identify(venv/lib/python3.12/site-packages/pip/_internal/vcs) by extensions ['colcon_meta']
[0.375s] Level 1:colcon.colcon_core.package_identification:_identify(venv/lib/python3.12/site-packages/pip/_internal/vcs) by extension 'colcon_meta'
[0.375s] Level 1:colcon.colcon_core.package_identification:_identify(venv/lib/python3.12/site-packages/pip/_internal/vcs) by extensions ['ros']
[0.375s] Level 1:colcon.colcon_core.package_identification:_identify(venv/lib/python3.12/site-packages/pip/_internal/vcs) by extension 'ros'
[0.375s] Level 1:colcon.colcon_core.package_identification:_identify(venv/lib/python3.12/site-packages/pip/_internal/vcs) by extensions ['cmake', 'python']
[0.375s] Level 1:colcon.colcon_core.package_identification:_identify(venv/lib/python3.12/site-packages/pip/_internal/vcs) by extension 'cmake'
[0.375s] Level 1:colcon.colcon_core.package_identification:_identify(venv/lib/python3.12/site-packages/pip/_internal/vcs) by extension 'python'
[0.375s] Level 1:colcon.colcon_core.package_identification:_identify(venv/lib/python3.12/site-packages/pip/_internal/vcs) by extensions ['python_setup_py']
[0.375s] Level 1:colcon.colcon_core.package_identification:_identify(venv/lib/python3.12/site-packages/pip/_internal/vcs) by extension 'python_setup_py'
[0.375s] Level 1:colcon.colcon_core.package_identification:_identify(venv/lib/python3.12/site-packages/pip/_internal/vcs/__pycache__) by extensions ['ignore', 'ignore_ament_install']
[0.375s] Level 1:colcon.colcon_core.package_identification:_identify(venv/lib/python3.12/site-packages/pip/_internal/vcs/__pycache__) by extension 'ignore'
[0.375s] Level 1:colcon.colcon_core.package_identification:_identify(venv/lib/python3.12/site-packages/pip/_internal/vcs/__pycache__) by extension 'ignore_ament_install'
[0.375s] Level 1:colcon.colcon_core.package_identification:_identify(venv/lib/python3.12/site-packages/pip/_internal/vcs/__pycache__) by extensions ['colcon_pkg']
[0.376s] Level 1:colcon.colcon_core.package_identification:_identify(venv/lib/python3.12/site-packages/pip/_internal/vcs/__pycache__) by extension 'colcon_pkg'
[0.376s] Level 1:colcon.colcon_core.package_identification:_identify(venv/lib/python3.12/site-packages/pip/_internal/vcs/__pycache__) by extensions ['colcon_meta']
[0.376s] Level 1:colcon.colcon_core.package_identification:_identify(venv/lib/python3.12/site-packages/pip/_internal/vcs/__pycache__) by extension 'colcon_meta'
[0.376s] Level 1:colcon.colcon_core.package_identification:_identify(venv/lib/python3.12/site-packages/pip/_internal/vcs/__pycache__) by extensions ['ros']
[0.376s] Level 1:colcon.colcon_core.package_identification:_identify(venv/lib/python3.12/site-packages/pip/_internal/vcs/__pycache__) by extension 'ros'
[0.376s] Level 1:colcon.colcon_core.package_identification:_identify(venv/lib/python3.12/site-packages/pip/_internal/vcs/__pycache__) by extensions ['cmake', 'python']
[0.376s] Level 1:colcon.colcon_core.package_identification:_identify(venv/lib/python3.12/site-packages/pip/_internal/vcs/__pycache__) by extension 'cmake'
[0.376s] Level 1:colcon.colcon_core.package_identification:_identify(venv/lib/python3.12/site-packages/pip/_internal/vcs/__pycache__) by extension 'python'
[0.376s] Level 1:colcon.colcon_core.package_identification:_identify(venv/lib/python3.12/site-packages/pip/_internal/vcs/__pycache__) by extensions ['python_setup_py']
[0.376s] Level 1:colcon.colcon_core.package_identification:_identify(venv/lib/python3.12/site-packages/pip/_internal/vcs/__pycache__) by extension 'python_setup_py'
[0.376s] Level 1:colcon.colcon_core.package_identification:_identify(venv/lib/python3.12/site-packages/pip/_vendor) by extensions ['ignore', 'ignore_ament_install']
[0.376s] Level 1:colcon.colcon_core.package_identification:_identify(venv/lib/python3.12/site-packages/pip/_vendor) by extension 'ignore'
[0.376s] Level 1:colcon.colcon_core.package_identification:_identify(venv/lib/python3.12/site-packages/pip/_vendor) by extension 'ignore_ament_install'
[0.376s] Level 1:colcon.colcon_core.package_identification:_identify(venv/lib/python3.12/site-packages/pip/_vendor) by extensions ['colcon_pkg']
[0.376s] Level 1:colcon.colcon_core.package_identification:_identify(venv/lib/python3.12/site-packages/pip/_vendor) by extension 'colcon_pkg'
[0.377s] Level 1:colcon.colcon_core.package_identification:_identify(venv/lib/python3.12/site-packages/pip/_vendor) by extensions ['colcon_meta']
[0.377s] Level 1:colcon.colcon_core.package_identification:_identify(venv/lib/python3.12/site-packages/pip/_vendor) by extension 'colcon_meta'
[0.377s] Level 1:colcon.colcon_core.package_identification:_identify(venv/lib/python3.12/site-packages/pip/_vendor) by extensions ['ros']
[0.377s] Level 1:colcon.colcon_core.package_identification:_identify(venv/lib/python3.12/site-packages/pip/_vendor) by extension 'ros'
[0.377s] Level 1:colcon.colcon_core.package_identification:_identify(venv/lib/python3.12/site-packages/pip/_vendor) by extensions ['cmake', 'python']
[0.377s] Level 1:colcon.colcon_core.package_identification:_identify(venv/lib/python3.12/site-packages/pip/_vendor) by extension 'cmake'
[0.377s] Level 1:colcon.colcon_core.package_identification:_identify(venv/lib/python3.12/site-packages/pip/_vendor) by extension 'python'
[0.377s] Level 1:colcon.colcon_core.package_identification:_identify(venv/lib/python3.12/site-packages/pip/_vendor) by extensions ['python_setup_py']
[0.377s] Level 1:colcon.colcon_core.package_identification:_identify(venv/lib/python3.12/site-packages/pip/_vendor) by extension 'python_setup_py'
[0.377s] Level 1:colcon.colcon_core.package_identification:_identify(venv/lib/python3.12/site-packages/pip/_vendor/__pycache__) by extensions ['ignore', 'ignore_ament_install']
[0.377s] Level 1:colcon.colcon_core.package_identification:_identify(venv/lib/python3.12/site-packages/pip/_vendor/__pycache__) by extension 'ignore'
[0.377s] Level 1:colcon.colcon_core.package_identification:_identify(venv/lib/python3.12/site-packages/pip/_vendor/__pycache__) by extension 'ignore_ament_install'
[0.377s] Level 1:colcon.colcon_core.package_identification:_identify(venv/lib/python3.12/site-packages/pip/_vendor/__pycache__) by extensions ['colcon_pkg']
[0.377s] Level 1:colcon.colcon_core.package_identification:_identify(venv/lib/python3.12/site-packages/pip/_vendor/__pycache__) by extension 'colcon_pkg'
[0.378s] Level 1:colcon.colcon_core.package_identification:_identify(venv/lib/python3.12/site-packages/pip/_vendor/__pycache__) by extensions ['colcon_meta']
[0.378s] Level 1:colcon.colcon_core.package_identification:_identify(venv/lib/python3.12/site-packages/pip/_vendor/__pycache__) by extension 'colcon_meta'
[0.378s] Level 1:colcon.colcon_core.package_identification:_identify(venv/lib/python3.12/site-packages/pip/_vendor/__pycache__) by extensions ['ros']
[0.378s] Level 1:colcon.colcon_core.package_identification:_identify(venv/lib/python3.12/site-packages/pip/_vendor/__pycache__) by extension 'ros'
[0.378s] Level 1:colcon.colcon_core.package_identification:_identify(venv/lib/python3.12/site-packages/pip/_vendor/__pycache__) by extensions ['cmake', 'python']
[0.378s] Level 1:colcon.colcon_core.package_identification:_identify(venv/lib/python3.12/site-packages/pip/_vendor/__pycache__) by extension 'cmake'
[0.378s] Level 1:colcon.colcon_core.package_identification:_identify(venv/lib/python3.12/site-packages/pip/_vendor/__pycache__) by extension 'python'
[0.378s] Level 1:colcon.colcon_core.package_identification:_identify(venv/lib/python3.12/site-packages/pip/_vendor/__pycache__) by extensions ['python_setup_py']
[0.378s] Level 1:colcon.colcon_core.package_identification:_identify(venv/lib/python3.12/site-packages/pip/_vendor/__pycache__) by extension 'python_setup_py'
[0.378s] Level 1:colcon.colcon_core.package_identification:_identify(venv/lib/python3.12/site-packages/pip/_vendor/cachecontrol) by extensions ['ignore', 'ignore_ament_install']
[0.378s] Level 1:colcon.colcon_core.package_identification:_identify(venv/lib/python3.12/site-packages/pip/_vendor/cachecontrol) by extension 'ignore'
[0.378s] Level 1:colcon.colcon_core.package_identification:_identify(venv/lib/python3.12/site-packages/pip/_vendor/cachecontrol) by extension 'ignore_ament_install'
[0.378s] Level 1:colcon.colcon_core.package_identification:_identify(venv/lib/python3.12/site-packages/pip/_vendor/cachecontrol) by extensions ['colcon_pkg']
[0.378s] Level 1:colcon.colcon_core.package_identification:_identify(venv/lib/python3.12/site-packages/pip/_vendor/cachecontrol) by extension 'colcon_pkg'
[0.379s] Level 1:colcon.colcon_core.package_identification:_identify(venv/lib/python3.12/site-packages/pip/_vendor/cachecontrol) by extensions ['colcon_meta']
[0.379s] Level 1:colcon.colcon_core.package_identification:_identify(venv/lib/python3.12/site-packages/pip/_vendor/cachecontrol) by extension 'colcon_meta'
[0.379s] Level 1:colcon.colcon_core.package_identification:_identify(venv/lib/python3.12/site-packages/pip/_vendor/cachecontrol) by extensions ['ros']
[0.379s] Level 1:colcon.colcon_core.package_identification:_identify(venv/lib/python3.12/site-packages/pip/_vendor/cachecontrol) by extension 'ros'
[0.379s] Level 1:colcon.colcon_core.package_identification:_identify(venv/lib/python3.12/site-packages/pip/_vendor/cachecontrol) by extensions ['cmake', 'python']
[0.379s] Level 1:colcon.colcon_core.package_identification:_identify(venv/lib/python3.12/site-packages/pip/_vendor/cachecontrol) by extension 'cmake'
[0.379s] Level 1:colcon.colcon_core.package_identification:_identify(venv/lib/python3.12/site-packages/pip/_vendor/cachecontrol) by extension 'python'
[0.379s] Level 1:colcon.colcon_core.package_identification:_identify(venv/lib/python3.12/site-packages/pip/_vendor/cachecontrol) by extensions ['python_setup_py']
[0.379s] Level 1:colcon.colcon_core.package_identification:_identify(venv/lib/python3.12/site-packages/pip/_vendor/cachecontrol) by extension 'python_setup_py'
[0.379s] Level 1:colcon.colcon_core.package_identification:_identify(venv/lib/python3.12/site-packages/pip/_vendor/cachecontrol/__pycache__) by extensions ['ignore', 'ignore_ament_install']
[0.379s] Level 1:colcon.colcon_core.package_identification:_identify(venv/lib/python3.12/site-packages/pip/_vendor/cachecontrol/__pycache__) by extension 'ignore'
[0.379s] Level 1:colcon.colcon_core.package_identification:_identify(venv/lib/python3.12/site-packages/pip/_vendor/cachecontrol/__pycache__) by extension 'ignore_ament_install'
[0.379s] Level 1:colcon.colcon_core.package_identification:_identify(venv/lib/python3.12/site-packages/pip/_vendor/cachecontrol/__pycache__) by extensions ['colcon_pkg']
[0.379s] Level 1:colcon.colcon_core.package_identification:_identify(venv/lib/python3.12/site-packages/pip/_vendor/cachecontrol/__pycache__) by extension 'colcon_pkg'
[0.380s] Level 1:colcon.colcon_core.package_identification:_identify(venv/lib/python3.12/site-packages/pip/_vendor/cachecontrol/__pycache__) by extensions ['colcon_meta']
[0.380s] Level 1:colcon.colcon_core.package_identification:_identify(venv/lib/python3.12/site-packages/pip/_vendor/cachecontrol/__pycache__) by extension 'colcon_meta'
[0.380s] Level 1:colcon.colcon_core.package_identification:_identify(venv/lib/python3.12/site-packages/pip/_vendor/cachecontrol/__pycache__) by extensions ['ros']
[0.380s] Level 1:colcon.colcon_core.package_identification:_identify(venv/lib/python3.12/site-packages/pip/_vendor/cachecontrol/__pycache__) by extension 'ros'
[0.380s] Level 1:colcon.colcon_core.package_identification:_identify(venv/lib/python3.12/site-packages/pip/_vendor/cachecontrol/__pycache__) by extensions ['cmake', 'python']
[0.380s] Level 1:colcon.colcon_core.package_identification:_identify(venv/lib/python3.12/site-packages/pip/_vendor/cachecontrol/__pycache__) by extension 'cmake'
[0.380s] Level 1:colcon.colcon_core.package_identification:_identify(venv/lib/python3.12/site-packages/pip/_vendor/cachecontrol/__pycache__) by extension 'python'
[0.380s] Level 1:colcon.colcon_core.package_identification:_identify(venv/lib/python3.12/site-packages/pip/_vendor/cachecontrol/__pycache__) by extensions ['python_setup_py']
[0.380s] Level 1:colcon.colcon_core.package_identification:_identify(venv/lib/python3.12/site-packages/pip/_vendor/cachecontrol/__pycache__) by extension 'python_setup_py'
[0.380s] Level 1:colcon.colcon_core.package_identification:_identify(venv/lib/python3.12/site-packages/pip/_vendor/cachecontrol/caches) by extensions ['ignore', 'ignore_ament_install']
[0.380s] Level 1:colcon.colcon_core.package_identification:_identify(venv/lib/python3.12/site-packages/pip/_vendor/cachecontrol/caches) by extension 'ignore'
[0.380s] Level 1:colcon.colcon_core.package_identification:_identify(venv/lib/python3.12/site-packages/pip/_vendor/cachecontrol/caches) by extension 'ignore_ament_install'
[0.380s] Level 1:colcon.colcon_core.package_identification:_identify(venv/lib/python3.12/site-packages/pip/_vendor/cachecontrol/caches) by extensions ['colcon_pkg']
[0.380s] Level 1:colcon.colcon_core.package_identification:_identify(venv/lib/python3.12/site-packages/pip/_vendor/cachecontrol/caches) by extension 'colcon_pkg'
[0.381s] Level 1:colcon.colcon_core.package_identification:_identify(venv/lib/python3.12/site-packages/pip/_vendor/cachecontrol/caches) by extensions ['colcon_meta']
[0.381s] Level 1:colcon.colcon_core.package_identification:_identify(venv/lib/python3.12/site-packages/pip/_vendor/cachecontrol/caches) by extension 'colcon_meta'
[0.381s] Level 1:colcon.colcon_core.package_identification:_identify(venv/lib/python3.12/site-packages/pip/_vendor/cachecontrol/caches) by extensions ['ros']
[0.381s] Level 1:colcon.colcon_core.package_identification:_identify(venv/lib/python3.12/site-packages/pip/_vendor/cachecontrol/caches) by extension 'ros'
[0.381s] Level 1:colcon.colcon_core.package_identification:_identify(venv/lib/python3.12/site-packages/pip/_vendor/cachecontrol/caches) by extensions ['cmake', 'python']
[0.381s] Level 1:colcon.colcon_core.package_identification:_identify(venv/lib/python3.12/site-packages/pip/_vendor/cachecontrol/caches) by extension 'cmake'
[0.381s] Level 1:colcon.colcon_core.package_identification:_identify(venv/lib/python3.12/site-packages/pip/_vendor/cachecontrol/caches) by extension 'python'
[0.381s] Level 1:colcon.colcon_core.package_identification:_identify(venv/lib/python3.12/site-packages/pip/_vendor/cachecontrol/caches) by extensions ['python_setup_py']
[0.381s] Level 1:colcon.colcon_core.package_identification:_identify(venv/lib/python3.12/site-packages/pip/_vendor/cachecontrol/caches) by extension 'python_setup_py'
[0.381s] Level 1:colcon.colcon_core.package_identification:_identify(venv/lib/python3.12/site-packages/pip/_vendor/cachecontrol/caches/__pycache__) by extensions ['ignore', 'ignore_ament_install']
[0.381s] Level 1:colcon.colcon_core.package_identification:_identify(venv/lib/python3.12/site-packages/pip/_vendor/cachecontrol/caches/__pycache__) by extension 'ignore'
[0.381s] Level 1:colcon.colcon_core.package_identification:_identify(venv/lib/python3.12/site-packages/pip/_vendor/cachecontrol/caches/__pycache__) by extension 'ignore_ament_install'
[0.381s] Level 1:colcon.colcon_core.package_identification:_identify(venv/lib/python3.12/site-packages/pip/_vendor/cachecontrol/caches/__pycache__) by extensions ['colcon_pkg']
[0.381s] Level 1:colcon.colcon_core.package_identification:_identify(venv/lib/python3.12/site-packages/pip/_vendor/cachecontrol/caches/__pycache__) by extension 'colcon_pkg'
[0.382s] Level 1:colcon.colcon_core.package_identification:_identify(venv/lib/python3.12/site-packages/pip/_vendor/cachecontrol/caches/__pycache__) by extensions ['colcon_meta']
[0.382s] Level 1:colcon.colcon_core.package_identification:_identify(venv/lib/python3.12/site-packages/pip/_vendor/cachecontrol/caches/__pycache__) by extension 'colcon_meta'
[0.382s] Level 1:colcon.colcon_core.package_identification:_identify(venv/lib/python3.12/site-packages/pip/_vendor/cachecontrol/caches/__pycache__) by extensions ['ros']
[0.382s] Level 1:colcon.colcon_core.package_identification:_identify(venv/lib/python3.12/site-packages/pip/_vendor/cachecontrol/caches/__pycache__) by extension 'ros'
[0.382s] Level 1:colcon.colcon_core.package_identification:_identify(venv/lib/python3.12/site-packages/pip/_vendor/cachecontrol/caches/__pycache__) by extensions ['cmake', 'python']
[0.382s] Level 1:colcon.colcon_core.package_identification:_identify(venv/lib/python3.12/site-packages/pip/_vendor/cachecontrol/caches/__pycache__) by extension 'cmake'
[0.382s] Level 1:colcon.colcon_core.package_identification:_identify(venv/lib/python3.12/site-packages/pip/_vendor/cachecontrol/caches/__pycache__) by extension 'python'
[0.382s] Level 1:colcon.colcon_core.package_identification:_identify(venv/lib/python3.12/site-packages/pip/_vendor/cachecontrol/caches/__pycache__) by extensions ['python_setup_py']
[0.382s] Level 1:colcon.colcon_core.package_identification:_identify(venv/lib/python3.12/site-packages/pip/_vendor/cachecontrol/caches/__pycache__) by extension 'python_setup_py'
[0.382s] Level 1:colcon.colcon_core.package_identification:_identify(venv/lib/python3.12/site-packages/pip/_vendor/certifi) by extensions ['ignore', 'ignore_ament_install']
[0.382s] Level 1:colcon.colcon_core.package_identification:_identify(venv/lib/python3.12/site-packages/pip/_vendor/certifi) by extension 'ignore'
[0.382s] Level 1:colcon.colcon_core.package_identification:_identify(venv/lib/python3.12/site-packages/pip/_vendor/certifi) by extension 'ignore_ament_install'
[0.382s] Level 1:colcon.colcon_core.package_identification:_identify(venv/lib/python3.12/site-packages/pip/_vendor/certifi) by extensions ['colcon_pkg']
[0.382s] Level 1:colcon.colcon_core.package_identification:_identify(venv/lib/python3.12/site-packages/pip/_vendor/certifi) by extension 'colcon_pkg'
[0.383s] Level 1:colcon.colcon_core.package_identification:_identify(venv/lib/python3.12/site-packages/pip/_vendor/certifi) by extensions ['colcon_meta']
[0.383s] Level 1:colcon.colcon_core.package_identification:_identify(venv/lib/python3.12/site-packages/pip/_vendor/certifi) by extension 'colcon_meta'
[0.383s] Level 1:colcon.colcon_core.package_identification:_identify(venv/lib/python3.12/site-packages/pip/_vendor/certifi) by extensions ['ros']
[0.383s] Level 1:colcon.colcon_core.package_identification:_identify(venv/lib/python3.12/site-packages/pip/_vendor/certifi) by extension 'ros'
[0.383s] Level 1:colcon.colcon_core.package_identification:_identify(venv/lib/python3.12/site-packages/pip/_vendor/certifi) by extensions ['cmake', 'python']
[0.383s] Level 1:colcon.colcon_core.package_identification:_identify(venv/lib/python3.12/site-packages/pip/_vendor/certifi) by extension 'cmake'
[0.383s] Level 1:colcon.colcon_core.package_identification:_identify(venv/lib/python3.12/site-packages/pip/_vendor/certifi) by extension 'python'
[0.383s] Level 1:colcon.colcon_core.package_identification:_identify(venv/lib/python3.12/site-packages/pip/_vendor/certifi) by extensions ['python_setup_py']
[0.383s] Level 1:colcon.colcon_core.package_identification:_identify(venv/lib/python3.12/site-packages/pip/_vendor/certifi) by extension 'python_setup_py'
[0.383s] Level 1:colcon.colcon_core.package_identification:_identify(venv/lib/python3.12/site-packages/pip/_vendor/certifi/__pycache__) by extensions ['ignore', 'ignore_ament_install']
[0.383s] Level 1:colcon.colcon_core.package_identification:_identify(venv/lib/python3.12/site-packages/pip/_vendor/certifi/__pycache__) by extension 'ignore'
[0.383s] Level 1:colcon.colcon_core.package_identification:_identify(venv/lib/python3.12/site-packages/pip/_vendor/certifi/__pycache__) by extension 'ignore_ament_install'
[0.383s] Level 1:colcon.colcon_core.package_identification:_identify(venv/lib/python3.12/site-packages/pip/_vendor/certifi/__pycache__) by extensions ['colcon_pkg']
[0.383s] Level 1:colcon.colcon_core.package_identification:_identify(venv/lib/python3.12/site-packages/pip/_vendor/certifi/__pycache__) by extension 'colcon_pkg'
[0.384s] Level 1:colcon.colcon_core.package_identification:_identify(venv/lib/python3.12/site-packages/pip/_vendor/certifi/__pycache__) by extensions ['colcon_meta']
[0.384s] Level 1:colcon.colcon_core.package_identification:_identify(venv/lib/python3.12/site-packages/pip/_vendor/certifi/__pycache__) by extension 'colcon_meta'
[0.384s] Level 1:colcon.colcon_core.package_identification:_identify(venv/lib/python3.12/site-packages/pip/_vendor/certifi/__pycache__) by extensions ['ros']
[0.384s] Level 1:colcon.colcon_core.package_identification:_identify(venv/lib/python3.12/site-packages/pip/_vendor/certifi/__pycache__) by extension 'ros'
[0.384s] Level 1:colcon.colcon_core.package_identification:_identify(venv/lib/python3.12/site-packages/pip/_vendor/certifi/__pycache__) by extensions ['cmake', 'python']
[0.384s] Level 1:colcon.colcon_core.package_identification:_identify(venv/lib/python3.12/site-packages/pip/_vendor/certifi/__pycache__) by extension 'cmake'
[0.384s] Level 1:colcon.colcon_core.package_identification:_identify(venv/lib/python3.12/site-packages/pip/_vendor/certifi/__pycache__) by extension 'python'
[0.384s] Level 1:colcon.colcon_core.package_identification:_identify(venv/lib/python3.12/site-packages/pip/_vendor/certifi/__pycache__) by extensions ['python_setup_py']
[0.384s] Level 1:colcon.colcon_core.package_identification:_identify(venv/lib/python3.12/site-packages/pip/_vendor/certifi/__pycache__) by extension 'python_setup_py'
[0.384s] Level 1:colcon.colcon_core.package_identification:_identify(venv/lib/python3.12/site-packages/pip/_vendor/distlib) by extensions ['ignore', 'ignore_ament_install']
[0.384s] Level 1:colcon.colcon_core.package_identification:_identify(venv/lib/python3.12/site-packages/pip/_vendor/distlib) by extension 'ignore'
[0.384s] Level 1:colcon.colcon_core.package_identification:_identify(venv/lib/python3.12/site-packages/pip/_vendor/distlib) by extension 'ignore_ament_install'
[0.384s] Level 1:colcon.colcon_core.package_identification:_identify(venv/lib/python3.12/site-packages/pip/_vendor/distlib) by extensions ['colcon_pkg']
[0.384s] Level 1:colcon.colcon_core.package_identification:_identify(venv/lib/python3.12/site-packages/pip/_vendor/distlib) by extension 'colcon_pkg'
[0.384s] Level 1:colcon.colcon_core.package_identification:_identify(venv/lib/python3.12/site-packages/pip/_vendor/distlib) by extensions ['colcon_meta']
[0.385s] Level 1:colcon.colcon_core.package_identification:_identify(venv/lib/python3.12/site-packages/pip/_vendor/distlib) by extension 'colcon_meta'
[0.385s] Level 1:colcon.colcon_core.package_identification:_identify(venv/lib/python3.12/site-packages/pip/_vendor/distlib) by extensions ['ros']
[0.385s] Level 1:colcon.colcon_core.package_identification:_identify(venv/lib/python3.12/site-packages/pip/_vendor/distlib) by extension 'ros'
[0.385s] Level 1:colcon.colcon_core.package_identification:_identify(venv/lib/python3.12/site-packages/pip/_vendor/distlib) by extensions ['cmake', 'python']
[0.385s] Level 1:colcon.colcon_core.package_identification:_identify(venv/lib/python3.12/site-packages/pip/_vendor/distlib) by extension 'cmake'
[0.385s] Level 1:colcon.colcon_core.package_identification:_identify(venv/lib/python3.12/site-packages/pip/_vendor/distlib) by extension 'python'
[0.385s] Level 1:colcon.colcon_core.package_identification:_identify(venv/lib/python3.12/site-packages/pip/_vendor/distlib) by extensions ['python_setup_py']
[0.385s] Level 1:colcon.colcon_core.package_identification:_identify(venv/lib/python3.12/site-packages/pip/_vendor/distlib) by extension 'python_setup_py'
[0.385s] Level 1:colcon.colcon_core.package_identification:_identify(venv/lib/python3.12/site-packages/pip/_vendor/distlib/__pycache__) by extensions ['ignore', 'ignore_ament_install']
[0.385s] Level 1:colcon.colcon_core.package_identification:_identify(venv/lib/python3.12/site-packages/pip/_vendor/distlib/__pycache__) by extension 'ignore'
[0.385s] Level 1:colcon.colcon_core.package_identification:_identify(venv/lib/python3.12/site-packages/pip/_vendor/distlib/__pycache__) by extension 'ignore_ament_install'
[0.385s] Level 1:colcon.colcon_core.package_identification:_identify(venv/lib/python3.12/site-packages/pip/_vendor/distlib/__pycache__) by extensions ['colcon_pkg']
[0.385s] Level 1:colcon.colcon_core.package_identification:_identify(venv/lib/python3.12/site-packages/pip/_vendor/distlib/__pycache__) by extension 'colcon_pkg'
[0.386s] Level 1:colcon.colcon_core.package_identification:_identify(venv/lib/python3.12/site-packages/pip/_vendor/distlib/__pycache__) by extensions ['colcon_meta']
[0.386s] Level 1:colcon.colcon_core.package_identification:_identify(venv/lib/python3.12/site-packages/pip/_vendor/distlib/__pycache__) by extension 'colcon_meta'
[0.386s] Level 1:colcon.colcon_core.package_identification:_identify(venv/lib/python3.12/site-packages/pip/_vendor/distlib/__pycache__) by extensions ['ros']
[0.386s] Level 1:colcon.colcon_core.package_identification:_identify(venv/lib/python3.12/site-packages/pip/_vendor/distlib/__pycache__) by extension 'ros'
[0.386s] Level 1:colcon.colcon_core.package_identification:_identify(venv/lib/python3.12/site-packages/pip/_vendor/distlib/__pycache__) by extensions ['cmake', 'python']
[0.386s] Level 1:colcon.colcon_core.package_identification:_identify(venv/lib/python3.12/site-packages/pip/_vendor/distlib/__pycache__) by extension 'cmake'
[0.386s] Level 1:colcon.colcon_core.package_identification:_identify(venv/lib/python3.12/site-packages/pip/_vendor/distlib/__pycache__) by extension 'python'
[0.386s] Level 1:colcon.colcon_core.package_identification:_identify(venv/lib/python3.12/site-packages/pip/_vendor/distlib/__pycache__) by extensions ['python_setup_py']
[0.386s] Level 1:colcon.colcon_core.package_identification:_identify(venv/lib/python3.12/site-packages/pip/_vendor/distlib/__pycache__) by extension 'python_setup_py'
[0.386s] Level 1:colcon.colcon_core.package_identification:_identify(venv/lib/python3.12/site-packages/pip/_vendor/distro) by extensions ['ignore', 'ignore_ament_install']
[0.386s] Level 1:colcon.colcon_core.package_identification:_identify(venv/lib/python3.12/site-packages/pip/_vendor/distro) by extension 'ignore'
[0.386s] Level 1:colcon.colcon_core.package_identification:_identify(venv/lib/python3.12/site-packages/pip/_vendor/distro) by extension 'ignore_ament_install'
[0.386s] Level 1:colcon.colcon_core.package_identification:_identify(venv/lib/python3.12/site-packages/pip/_vendor/distro) by extensions ['colcon_pkg']
[0.387s] Level 1:colcon.colcon_core.package_identification:_identify(venv/lib/python3.12/site-packages/pip/_vendor/distro) by extension 'colcon_pkg'
[0.387s] Level 1:colcon.colcon_core.package_identification:_identify(venv/lib/python3.12/site-packages/pip/_vendor/distro) by extensions ['colcon_meta']
[0.387s] Level 1:colcon.colcon_core.package_identification:_identify(venv/lib/python3.12/site-packages/pip/_vendor/distro) by extension 'colcon_meta'
[0.387s] Level 1:colcon.colcon_core.package_identification:_identify(venv/lib/python3.12/site-packages/pip/_vendor/distro) by extensions ['ros']
[0.387s] Level 1:colcon.colcon_core.package_identification:_identify(venv/lib/python3.12/site-packages/pip/_vendor/distro) by extension 'ros'
[0.387s] Level 1:colcon.colcon_core.package_identification:_identify(venv/lib/python3.12/site-packages/pip/_vendor/distro) by extensions ['cmake', 'python']
[0.387s] Level 1:colcon.colcon_core.package_identification:_identify(venv/lib/python3.12/site-packages/pip/_vendor/distro) by extension 'cmake'
[0.387s] Level 1:colcon.colcon_core.package_identification:_identify(venv/lib/python3.12/site-packages/pip/_vendor/distro) by extension 'python'
[0.387s] Level 1:colcon.colcon_core.package_identification:_identify(venv/lib/python3.12/site-packages/pip/_vendor/distro) by extensions ['python_setup_py']
[0.387s] Level 1:colcon.colcon_core.package_identification:_identify(venv/lib/python3.12/site-packages/pip/_vendor/distro) by extension 'python_setup_py'
[0.387s] Level 1:colcon.colcon_core.package_identification:_identify(venv/lib/python3.12/site-packages/pip/_vendor/distro/__pycache__) by extensions ['ignore', 'ignore_ament_install']
[0.387s] Level 1:colcon.colcon_core.package_identification:_identify(venv/lib/python3.12/site-packages/pip/_vendor/distro/__pycache__) by extension 'ignore'
[0.387s] Level 1:colcon.colcon_core.package_identification:_identify(venv/lib/python3.12/site-packages/pip/_vendor/distro/__pycache__) by extension 'ignore_ament_install'
[0.388s] Level 1:colcon.colcon_core.package_identification:_identify(venv/lib/python3.12/site-packages/pip/_vendor/distro/__pycache__) by extensions ['colcon_pkg']
[0.388s] Level 1:colcon.colcon_core.package_identification:_identify(venv/lib/python3.12/site-packages/pip/_vendor/distro/__pycache__) by extension 'colcon_pkg'
[0.388s] Level 1:colcon.colcon_core.package_identification:_identify(venv/lib/python3.12/site-packages/pip/_vendor/distro/__pycache__) by extensions ['colcon_meta']
[0.388s] Level 1:colcon.colcon_core.package_identification:_identify(venv/lib/python3.12/site-packages/pip/_vendor/distro/__pycache__) by extension 'colcon_meta'
[0.388s] Level 1:colcon.colcon_core.package_identification:_identify(venv/lib/python3.12/site-packages/pip/_vendor/distro/__pycache__) by extensions ['ros']
[0.388s] Level 1:colcon.colcon_core.package_identification:_identify(venv/lib/python3.12/site-packages/pip/_vendor/distro/__pycache__) by extension 'ros'
[0.388s] Level 1:colcon.colcon_core.package_identification:_identify(venv/lib/python3.12/site-packages/pip/_vendor/distro/__pycache__) by extensions ['cmake', 'python']
[0.388s] Level 1:colcon.colcon_core.package_identification:_identify(venv/lib/python3.12/site-packages/pip/_vendor/distro/__pycache__) by extension 'cmake'
[0.388s] Level 1:colcon.colcon_core.package_identification:_identify(venv/lib/python3.12/site-packages/pip/_vendor/distro/__pycache__) by extension 'python'
[0.388s] Level 1:colcon.colcon_core.package_identification:_identify(venv/lib/python3.12/site-packages/pip/_vendor/distro/__pycache__) by extensions ['python_setup_py']
[0.388s] Level 1:colcon.colcon_core.package_identification:_identify(venv/lib/python3.12/site-packages/pip/_vendor/distro/__pycache__) by extension 'python_setup_py'
[0.388s] Level 1:colcon.colcon_core.package_identification:_identify(venv/lib/python3.12/site-packages/pip/_vendor/idna) by extensions ['ignore', 'ignore_ament_install']
[0.388s] Level 1:colcon.colcon_core.package_identification:_identify(venv/lib/python3.12/site-packages/pip/_vendor/idna) by extension 'ignore'
[0.388s] Level 1:colcon.colcon_core.package_identification:_identify(venv/lib/python3.12/site-packages/pip/_vendor/idna) by extension 'ignore_ament_install'
[0.389s] Level 1:colcon.colcon_core.package_identification:_identify(venv/lib/python3.12/site-packages/pip/_vendor/idna) by extensions ['colcon_pkg']
[0.389s] Level 1:colcon.colcon_core.package_identification:_identify(venv/lib/python3.12/site-packages/pip/_vendor/idna) by extension 'colcon_pkg'
[0.389s] Level 1:colcon.colcon_core.package_identification:_identify(venv/lib/python3.12/site-packages/pip/_vendor/idna) by extensions ['colcon_meta']
[0.389s] Level 1:colcon.colcon_core.package_identification:_identify(venv/lib/python3.12/site-packages/pip/_vendor/idna) by extension 'colcon_meta'
[0.389s] Level 1:colcon.colcon_core.package_identification:_identify(venv/lib/python3.12/site-packages/pip/_vendor/idna) by extensions ['ros']
[0.389s] Level 1:colcon.colcon_core.package_identification:_identify(venv/lib/python3.12/site-packages/pip/_vendor/idna) by extension 'ros'
[0.389s] Level 1:colcon.colcon_core.package_identification:_identify(venv/lib/python3.12/site-packages/pip/_vendor/idna) by extensions ['cmake', 'python']
[0.389s] Level 1:colcon.colcon_core.package_identification:_identify(venv/lib/python3.12/site-packages/pip/_vendor/idna) by extension 'cmake'
[0.389s] Level 1:colcon.colcon_core.package_identification:_identify(venv/lib/python3.12/site-packages/pip/_vendor/idna) by extension 'python'
[0.389s] Level 1:colcon.colcon_core.package_identification:_identify(venv/lib/python3.12/site-packages/pip/_vendor/idna) by extensions ['python_setup_py']
[0.389s] Level 1:colcon.colcon_core.package_identification:_identify(venv/lib/python3.12/site-packages/pip/_vendor/idna) by extension 'python_setup_py'
[0.389s] Level 1:colcon.colcon_core.package_identification:_identify(venv/lib/python3.12/site-packages/pip/_vendor/idna/__pycache__) by extensions ['ignore', 'ignore_ament_install']
[0.389s] Level 1:colcon.colcon_core.package_identification:_identify(venv/lib/python3.12/site-packages/pip/_vendor/idna/__pycache__) by extension 'ignore'
[0.389s] Level 1:colcon.colcon_core.package_identification:_identify(venv/lib/python3.12/site-packages/pip/_vendor/idna/__pycache__) by extension 'ignore_ament_install'
[0.390s] Level 1:colcon.colcon_core.package_identification:_identify(venv/lib/python3.12/site-packages/pip/_vendor/idna/__pycache__) by extensions ['colcon_pkg']
[0.390s] Level 1:colcon.colcon_core.package_identification:_identify(venv/lib/python3.12/site-packages/pip/_vendor/idna/__pycache__) by extension 'colcon_pkg'
[0.390s] Level 1:colcon.colcon_core.package_identification:_identify(venv/lib/python3.12/site-packages/pip/_vendor/idna/__pycache__) by extensions ['colcon_meta']
[0.390s] Level 1:colcon.colcon_core.package_identification:_identify(venv/lib/python3.12/site-packages/pip/_vendor/idna/__pycache__) by extension 'colcon_meta'
[0.390s] Level 1:colcon.colcon_core.package_identification:_identify(venv/lib/python3.12/site-packages/pip/_vendor/idna/__pycache__) by extensions ['ros']
[0.390s] Level 1:colcon.colcon_core.package_identification:_identify(venv/lib/python3.12/site-packages/pip/_vendor/idna/__pycache__) by extension 'ros'
[0.390s] Level 1:colcon.colcon_core.package_identification:_identify(venv/lib/python3.12/site-packages/pip/_vendor/idna/__pycache__) by extensions ['cmake', 'python']
[0.390s] Level 1:colcon.colcon_core.package_identification:_identify(venv/lib/python3.12/site-packages/pip/_vendor/idna/__pycache__) by extension 'cmake'
[0.390s] Level 1:colcon.colcon_core.package_identification:_identify(venv/lib/python3.12/site-packages/pip/_vendor/idna/__pycache__) by extension 'python'
[0.390s] Level 1:colcon.colcon_core.package_identification:_identify(venv/lib/python3.12/site-packages/pip/_vendor/idna/__pycache__) by extensions ['python_setup_py']
[0.390s] Level 1:colcon.colcon_core.package_identification:_identify(venv/lib/python3.12/site-packages/pip/_vendor/idna/__pycache__) by extension 'python_setup_py'
[0.390s] Level 1:colcon.colcon_core.package_identification:_identify(venv/lib/python3.12/site-packages/pip/_vendor/msgpack) by extensions ['ignore', 'ignore_ament_install']
[0.390s] Level 1:colcon.colcon_core.package_identification:_identify(venv/lib/python3.12/site-packages/pip/_vendor/msgpack) by extension 'ignore'
[0.390s] Level 1:colcon.colcon_core.package_identification:_identify(venv/lib/python3.12/site-packages/pip/_vendor/msgpack) by extension 'ignore_ament_install'
[0.391s] Level 1:colcon.colcon_core.package_identification:_identify(venv/lib/python3.12/site-packages/pip/_vendor/msgpack) by extensions ['colcon_pkg']
[0.391s] Level 1:colcon.colcon_core.package_identification:_identify(venv/lib/python3.12/site-packages/pip/_vendor/msgpack) by extension 'colcon_pkg'
[0.391s] Level 1:colcon.colcon_core.package_identification:_identify(venv/lib/python3.12/site-packages/pip/_vendor/msgpack) by extensions ['colcon_meta']
[0.391s] Level 1:colcon.colcon_core.package_identification:_identify(venv/lib/python3.12/site-packages/pip/_vendor/msgpack) by extension 'colcon_meta'
[0.391s] Level 1:colcon.colcon_core.package_identification:_identify(venv/lib/python3.12/site-packages/pip/_vendor/msgpack) by extensions ['ros']
[0.391s] Level 1:colcon.colcon_core.package_identification:_identify(venv/lib/python3.12/site-packages/pip/_vendor/msgpack) by extension 'ros'
[0.391s] Level 1:colcon.colcon_core.package_identification:_identify(venv/lib/python3.12/site-packages/pip/_vendor/msgpack) by extensions ['cmake', 'python']
[0.391s] Level 1:colcon.colcon_core.package_identification:_identify(venv/lib/python3.12/site-packages/pip/_vendor/msgpack) by extension 'cmake'
[0.391s] Level 1:colcon.colcon_core.package_identification:_identify(venv/lib/python3.12/site-packages/pip/_vendor/msgpack) by extension 'python'
[0.391s] Level 1:colcon.colcon_core.package_identification:_identify(venv/lib/python3.12/site-packages/pip/_vendor/msgpack) by extensions ['python_setup_py']
[0.391s] Level 1:colcon.colcon_core.package_identification:_identify(venv/lib/python3.12/site-packages/pip/_vendor/msgpack) by extension 'python_setup_py'
[0.391s] Level 1:colcon.colcon_core.package_identification:_identify(venv/lib/python3.12/site-packages/pip/_vendor/msgpack/__pycache__) by extensions ['ignore', 'ignore_ament_install']
[0.391s] Level 1:colcon.colcon_core.package_identification:_identify(venv/lib/python3.12/site-packages/pip/_vendor/msgpack/__pycache__) by extension 'ignore'
[0.391s] Level 1:colcon.colcon_core.package_identification:_identify(venv/lib/python3.12/site-packages/pip/_vendor/msgpack/__pycache__) by extension 'ignore_ament_install'
[0.392s] Level 1:colcon.colcon_core.package_identification:_identify(venv/lib/python3.12/site-packages/pip/_vendor/msgpack/__pycache__) by extensions ['colcon_pkg']
[0.392s] Level 1:colcon.colcon_core.package_identification:_identify(venv/lib/python3.12/site-packages/pip/_vendor/msgpack/__pycache__) by extension 'colcon_pkg'
[0.392s] Level 1:colcon.colcon_core.package_identification:_identify(venv/lib/python3.12/site-packages/pip/_vendor/msgpack/__pycache__) by extensions ['colcon_meta']
[0.392s] Level 1:colcon.colcon_core.package_identification:_identify(venv/lib/python3.12/site-packages/pip/_vendor/msgpack/__pycache__) by extension 'colcon_meta'
[0.392s] Level 1:colcon.colcon_core.package_identification:_identify(venv/lib/python3.12/site-packages/pip/_vendor/msgpack/__pycache__) by extensions ['ros']
[0.392s] Level 1:colcon.colcon_core.package_identification:_identify(venv/lib/python3.12/site-packages/pip/_vendor/msgpack/__pycache__) by extension 'ros'
[0.392s] Level 1:colcon.colcon_core.package_identification:_identify(venv/lib/python3.12/site-packages/pip/_vendor/msgpack/__pycache__) by extensions ['cmake', 'python']
[0.392s] Level 1:colcon.colcon_core.package_identification:_identify(venv/lib/python3.12/site-packages/pip/_vendor/msgpack/__pycache__) by extension 'cmake'
[0.392s] Level 1:colcon.colcon_core.package_identification:_identify(venv/lib/python3.12/site-packages/pip/_vendor/msgpack/__pycache__) by extension 'python'
[0.392s] Level 1:colcon.colcon_core.package_identification:_identify(venv/lib/python3.12/site-packages/pip/_vendor/msgpack/__pycache__) by extensions ['python_setup_py']
[0.392s] Level 1:colcon.colcon_core.package_identification:_identify(venv/lib/python3.12/site-packages/pip/_vendor/msgpack/__pycache__) by extension 'python_setup_py'
[0.392s] Level 1:colcon.colcon_core.package_identification:_identify(venv/lib/python3.12/site-packages/pip/_vendor/packaging) by extensions ['ignore', 'ignore_ament_install']
[0.392s] Level 1:colcon.colcon_core.package_identification:_identify(venv/lib/python3.12/site-packages/pip/_vendor/packaging) by extension 'ignore'
[0.392s] Level 1:colcon.colcon_core.package_identification:_identify(venv/lib/python3.12/site-packages/pip/_vendor/packaging) by extension 'ignore_ament_install'
[0.393s] Level 1:colcon.colcon_core.package_identification:_identify(venv/lib/python3.12/site-packages/pip/_vendor/packaging) by extensions ['colcon_pkg']
[0.393s] Level 1:colcon.colcon_core.package_identification:_identify(venv/lib/python3.12/site-packages/pip/_vendor/packaging) by extension 'colcon_pkg'
[0.393s] Level 1:colcon.colcon_core.package_identification:_identify(venv/lib/python3.12/site-packages/pip/_vendor/packaging) by extensions ['colcon_meta']
[0.393s] Level 1:colcon.colcon_core.package_identification:_identify(venv/lib/python3.12/site-packages/pip/_vendor/packaging) by extension 'colcon_meta'
[0.393s] Level 1:colcon.colcon_core.package_identification:_identify(venv/lib/python3.12/site-packages/pip/_vendor/packaging) by extensions ['ros']
[0.393s] Level 1:colcon.colcon_core.package_identification:_identify(venv/lib/python3.12/site-packages/pip/_vendor/packaging) by extension 'ros'
[0.393s] Level 1:colcon.colcon_core.package_identification:_identify(venv/lib/python3.12/site-packages/pip/_vendor/packaging) by extensions ['cmake', 'python']
[0.393s] Level 1:colcon.colcon_core.package_identification:_identify(venv/lib/python3.12/site-packages/pip/_vendor/packaging) by extension 'cmake'
[0.393s] Level 1:colcon.colcon_core.package_identification:_identify(venv/lib/python3.12/site-packages/pip/_vendor/packaging) by extension 'python'
[0.393s] Level 1:colcon.colcon_core.package_identification:_identify(venv/lib/python3.12/site-packages/pip/_vendor/packaging) by extensions ['python_setup_py']
[0.393s] Level 1:colcon.colcon_core.package_identification:_identify(venv/lib/python3.12/site-packages/pip/_vendor/packaging) by extension 'python_setup_py'
[0.393s] Level 1:colcon.colcon_core.package_identification:_identify(venv/lib/python3.12/site-packages/pip/_vendor/packaging/__pycache__) by extensions ['ignore', 'ignore_ament_install']
[0.393s] Level 1:colcon.colcon_core.package_identification:_identify(venv/lib/python3.12/site-packages/pip/_vendor/packaging/__pycache__) by extension 'ignore'
[0.393s] Level 1:colcon.colcon_core.package_identification:_identify(venv/lib/python3.12/site-packages/pip/_vendor/packaging/__pycache__) by extension 'ignore_ament_install'
[0.394s] Level 1:colcon.colcon_core.package_identification:_identify(venv/lib/python3.12/site-packages/pip/_vendor/packaging/__pycache__) by extensions ['colcon_pkg']
[0.394s] Level 1:colcon.colcon_core.package_identification:_identify(venv/lib/python3.12/site-packages/pip/_vendor/packaging/__pycache__) by extension 'colcon_pkg'
[0.394s] Level 1:colcon.colcon_core.package_identification:_identify(venv/lib/python3.12/site-packages/pip/_vendor/packaging/__pycache__) by extensions ['colcon_meta']
[0.394s] Level 1:colcon.colcon_core.package_identification:_identify(venv/lib/python3.12/site-packages/pip/_vendor/packaging/__pycache__) by extension 'colcon_meta'
[0.394s] Level 1:colcon.colcon_core.package_identification:_identify(venv/lib/python3.12/site-packages/pip/_vendor/packaging/__pycache__) by extensions ['ros']
[0.394s] Level 1:colcon.colcon_core.package_identification:_identify(venv/lib/python3.12/site-packages/pip/_vendor/packaging/__pycache__) by extension 'ros'
[0.394s] Level 1:colcon.colcon_core.package_identification:_identify(venv/lib/python3.12/site-packages/pip/_vendor/packaging/__pycache__) by extensions ['cmake', 'python']
[0.394s] Level 1:colcon.colcon_core.package_identification:_identify(venv/lib/python3.12/site-packages/pip/_vendor/packaging/__pycache__) by extension 'cmake'
[0.394s] Level 1:colcon.colcon_core.package_identification:_identify(venv/lib/python3.12/site-packages/pip/_vendor/packaging/__pycache__) by extension 'python'
[0.394s] Level 1:colcon.colcon_core.package_identification:_identify(venv/lib/python3.12/site-packages/pip/_vendor/packaging/__pycache__) by extensions ['python_setup_py']
[0.394s] Level 1:colcon.colcon_core.package_identification:_identify(venv/lib/python3.12/site-packages/pip/_vendor/packaging/__pycache__) by extension 'python_setup_py'
[0.394s] Level 1:colcon.colcon_core.package_identification:_identify(venv/lib/python3.12/site-packages/pip/_vendor/packaging/licenses) by extensions ['ignore', 'ignore_ament_install']
[0.394s] Level 1:colcon.colcon_core.package_identification:_identify(venv/lib/python3.12/site-packages/pip/_vendor/packaging/licenses) by extension 'ignore'
[0.394s] Level 1:colcon.colcon_core.package_identification:_identify(venv/lib/python3.12/site-packages/pip/_vendor/packaging/licenses) by extension 'ignore_ament_install'
[0.395s] Level 1:colcon.colcon_core.package_identification:_identify(venv/lib/python3.12/site-packages/pip/_vendor/packaging/licenses) by extensions ['colcon_pkg']
[0.395s] Level 1:colcon.colcon_core.package_identification:_identify(venv/lib/python3.12/site-packages/pip/_vendor/packaging/licenses) by extension 'colcon_pkg'
[0.395s] Level 1:colcon.colcon_core.package_identification:_identify(venv/lib/python3.12/site-packages/pip/_vendor/packaging/licenses) by extensions ['colcon_meta']
[0.395s] Level 1:colcon.colcon_core.package_identification:_identify(venv/lib/python3.12/site-packages/pip/_vendor/packaging/licenses) by extension 'colcon_meta'
[0.395s] Level 1:colcon.colcon_core.package_identification:_identify(venv/lib/python3.12/site-packages/pip/_vendor/packaging/licenses) by extensions ['ros']
[0.395s] Level 1:colcon.colcon_core.package_identification:_identify(venv/lib/python3.12/site-packages/pip/_vendor/packaging/licenses) by extension 'ros'
[0.395s] Level 1:colcon.colcon_core.package_identification:_identify(venv/lib/python3.12/site-packages/pip/_vendor/packaging/licenses) by extensions ['cmake', 'python']
[0.395s] Level 1:colcon.colcon_core.package_identification:_identify(venv/lib/python3.12/site-packages/pip/_vendor/packaging/licenses) by extension 'cmake'
[0.395s] Level 1:colcon.colcon_core.package_identification:_identify(venv/lib/python3.12/site-packages/pip/_vendor/packaging/licenses) by extension 'python'
[0.395s] Level 1:colcon.colcon_core.package_identification:_identify(venv/lib/python3.12/site-packages/pip/_vendor/packaging/licenses) by extensions ['python_setup_py']
[0.395s] Level 1:colcon.colcon_core.package_identification:_identify(venv/lib/python3.12/site-packages/pip/_vendor/packaging/licenses) by extension 'python_setup_py'
[0.395s] Level 1:colcon.colcon_core.package_identification:_identify(venv/lib/python3.12/site-packages/pip/_vendor/packaging/licenses/__pycache__) by extensions ['ignore', 'ignore_ament_install']
[0.395s] Level 1:colcon.colcon_core.package_identification:_identify(venv/lib/python3.12/site-packages/pip/_vendor/packaging/licenses/__pycache__) by extension 'ignore'
[0.395s] Level 1:colcon.colcon_core.package_identification:_identify(venv/lib/python3.12/site-packages/pip/_vendor/packaging/licenses/__pycache__) by extension 'ignore_ament_install'
[0.396s] Level 1:colcon.colcon_core.package_identification:_identify(venv/lib/python3.12/site-packages/pip/_vendor/packaging/licenses/__pycache__) by extensions ['colcon_pkg']
[0.396s] Level 1:colcon.colcon_core.package_identification:_identify(venv/lib/python3.12/site-packages/pip/_vendor/packaging/licenses/__pycache__) by extension 'colcon_pkg'
[0.396s] Level 1:colcon.colcon_core.package_identification:_identify(venv/lib/python3.12/site-packages/pip/_vendor/packaging/licenses/__pycache__) by extensions ['colcon_meta']
[0.396s] Level 1:colcon.colcon_core.package_identification:_identify(venv/lib/python3.12/site-packages/pip/_vendor/packaging/licenses/__pycache__) by extension 'colcon_meta'
[0.396s] Level 1:colcon.colcon_core.package_identification:_identify(venv/lib/python3.12/site-packages/pip/_vendor/packaging/licenses/__pycache__) by extensions ['ros']
[0.396s] Level 1:colcon.colcon_core.package_identification:_identify(venv/lib/python3.12/site-packages/pip/_vendor/packaging/licenses/__pycache__) by extension 'ros'
[0.396s] Level 1:colcon.colcon_core.package_identification:_identify(venv/lib/python3.12/site-packages/pip/_vendor/packaging/licenses/__pycache__) by extensions ['cmake', 'python']
[0.396s] Level 1:colcon.colcon_core.package_identification:_identify(venv/lib/python3.12/site-packages/pip/_vendor/packaging/licenses/__pycache__) by extension 'cmake'
[0.396s] Level 1:colcon.colcon_core.package_identification:_identify(venv/lib/python3.12/site-packages/pip/_vendor/packaging/licenses/__pycache__) by extension 'python'
[0.396s] Level 1:colcon.colcon_core.package_identification:_identify(venv/lib/python3.12/site-packages/pip/_vendor/packaging/licenses/__pycache__) by extensions ['python_setup_py']
[0.396s] Level 1:colcon.colcon_core.package_identification:_identify(venv/lib/python3.12/site-packages/pip/_vendor/packaging/licenses/__pycache__) by extension 'python_setup_py'
[0.396s] Level 1:colcon.colcon_core.package_identification:_identify(venv/lib/python3.12/site-packages/pip/_vendor/pkg_resources) by extensions ['ignore', 'ignore_ament_install']
[0.397s] Level 1:colcon.colcon_core.package_identification:_identify(venv/lib/python3.12/site-packages/pip/_vendor/pkg_resources) by extension 'ignore'
[0.397s] Level 1:colcon.colcon_core.package_identification:_identify(venv/lib/python3.12/site-packages/pip/_vendor/pkg_resources) by extension 'ignore_ament_install'
[0.397s] Level 1:colcon.colcon_core.package_identification:_identify(venv/lib/python3.12/site-packages/pip/_vendor/pkg_resources) by extensions ['colcon_pkg']
[0.397s] Level 1:colcon.colcon_core.package_identification:_identify(venv/lib/python3.12/site-packages/pip/_vendor/pkg_resources) by extension 'colcon_pkg'
[0.397s] Level 1:colcon.colcon_core.package_identification:_identify(venv/lib/python3.12/site-packages/pip/_vendor/pkg_resources) by extensions ['colcon_meta']
[0.397s] Level 1:colcon.colcon_core.package_identification:_identify(venv/lib/python3.12/site-packages/pip/_vendor/pkg_resources) by extension 'colcon_meta'
[0.397s] Level 1:colcon.colcon_core.package_identification:_identify(venv/lib/python3.12/site-packages/pip/_vendor/pkg_resources) by extensions ['ros']
[0.397s] Level 1:colcon.colcon_core.package_identification:_identify(venv/lib/python3.12/site-packages/pip/_vendor/pkg_resources) by extension 'ros'
[0.397s] Level 1:colcon.colcon_core.package_identification:_identify(venv/lib/python3.12/site-packages/pip/_vendor/pkg_resources) by extensions ['cmake', 'python']
[0.397s] Level 1:colcon.colcon_core.package_identification:_identify(venv/lib/python3.12/site-packages/pip/_vendor/pkg_resources) by extension 'cmake'
[0.397s] Level 1:colcon.colcon_core.package_identification:_identify(venv/lib/python3.12/site-packages/pip/_vendor/pkg_resources) by extension 'python'
[0.397s] Level 1:colcon.colcon_core.package_identification:_identify(venv/lib/python3.12/site-packages/pip/_vendor/pkg_resources) by extensions ['python_setup_py']
[0.397s] Level 1:colcon.colcon_core.package_identification:_identify(venv/lib/python3.12/site-packages/pip/_vendor/pkg_resources) by extension 'python_setup_py'
[0.397s] Level 1:colcon.colcon_core.package_identification:_identify(venv/lib/python3.12/site-packages/pip/_vendor/pkg_resources/__pycache__) by extensions ['ignore', 'ignore_ament_install']
[0.398s] Level 1:colcon.colcon_core.package_identification:_identify(venv/lib/python3.12/site-packages/pip/_vendor/pkg_resources/__pycache__) by extension 'ignore'
[0.398s] Level 1:colcon.colcon_core.package_identification:_identify(venv/lib/python3.12/site-packages/pip/_vendor/pkg_resources/__pycache__) by extension 'ignore_ament_install'
[0.398s] Level 1:colcon.colcon_core.package_identification:_identify(venv/lib/python3.12/site-packages/pip/_vendor/pkg_resources/__pycache__) by extensions ['colcon_pkg']
[0.398s] Level 1:colcon.colcon_core.package_identification:_identify(venv/lib/python3.12/site-packages/pip/_vendor/pkg_resources/__pycache__) by extension 'colcon_pkg'
[0.398s] Level 1:colcon.colcon_core.package_identification:_identify(venv/lib/python3.12/site-packages/pip/_vendor/pkg_resources/__pycache__) by extensions ['colcon_meta']
[0.398s] Level 1:colcon.colcon_core.package_identification:_identify(venv/lib/python3.12/site-packages/pip/_vendor/pkg_resources/__pycache__) by extension 'colcon_meta'
[0.398s] Level 1:colcon.colcon_core.package_identification:_identify(venv/lib/python3.12/site-packages/pip/_vendor/pkg_resources/__pycache__) by extensions ['ros']
[0.398s] Level 1:colcon.colcon_core.package_identification:_identify(venv/lib/python3.12/site-packages/pip/_vendor/pkg_resources/__pycache__) by extension 'ros'
[0.398s] Level 1:colcon.colcon_core.package_identification:_identify(venv/lib/python3.12/site-packages/pip/_vendor/pkg_resources/__pycache__) by extensions ['cmake', 'python']
[0.398s] Level 1:colcon.colcon_core.package_identification:_identify(venv/lib/python3.12/site-packages/pip/_vendor/pkg_resources/__pycache__) by extension 'cmake'
[0.398s] Level 1:colcon.colcon_core.package_identification:_identify(venv/lib/python3.12/site-packages/pip/_vendor/pkg_resources/__pycache__) by extension 'python'
[0.398s] Level 1:colcon.colcon_core.package_identification:_identify(venv/lib/python3.12/site-packages/pip/_vendor/pkg_resources/__pycache__) by extensions ['python_setup_py']
[0.398s] Level 1:colcon.colcon_core.package_identification:_identify(venv/lib/python3.12/site-packages/pip/_vendor/pkg_resources/__pycache__) by extension 'python_setup_py'
[0.398s] Level 1:colcon.colcon_core.package_identification:_identify(venv/lib/python3.12/site-packages/pip/_vendor/platformdirs) by extensions ['ignore', 'ignore_ament_install']
[0.399s] Level 1:colcon.colcon_core.package_identification:_identify(venv/lib/python3.12/site-packages/pip/_vendor/platformdirs) by extension 'ignore'
[0.399s] Level 1:colcon.colcon_core.package_identification:_identify(venv/lib/python3.12/site-packages/pip/_vendor/platformdirs) by extension 'ignore_ament_install'
[0.399s] Level 1:colcon.colcon_core.package_identification:_identify(venv/lib/python3.12/site-packages/pip/_vendor/platformdirs) by extensions ['colcon_pkg']
[0.399s] Level 1:colcon.colcon_core.package_identification:_identify(venv/lib/python3.12/site-packages/pip/_vendor/platformdirs) by extension 'colcon_pkg'
[0.399s] Level 1:colcon.colcon_core.package_identification:_identify(venv/lib/python3.12/site-packages/pip/_vendor/platformdirs) by extensions ['colcon_meta']
[0.399s] Level 1:colcon.colcon_core.package_identification:_identify(venv/lib/python3.12/site-packages/pip/_vendor/platformdirs) by extension 'colcon_meta'
[0.399s] Level 1:colcon.colcon_core.package_identification:_identify(venv/lib/python3.12/site-packages/pip/_vendor/platformdirs) by extensions ['ros']
[0.399s] Level 1:colcon.colcon_core.package_identification:_identify(venv/lib/python3.12/site-packages/pip/_vendor/platformdirs) by extension 'ros'
[0.399s] Level 1:colcon.colcon_core.package_identification:_identify(venv/lib/python3.12/site-packages/pip/_vendor/platformdirs) by extensions ['cmake', 'python']
[0.399s] Level 1:colcon.colcon_core.package_identification:_identify(venv/lib/python3.12/site-packages/pip/_vendor/platformdirs) by extension 'cmake'
[0.399s] Level 1:colcon.colcon_core.package_identification:_identify(venv/lib/python3.12/site-packages/pip/_vendor/platformdirs) by extension 'python'
[0.399s] Level 1:colcon.colcon_core.package_identification:_identify(venv/lib/python3.12/site-packages/pip/_vendor/platformdirs) by extensions ['python_setup_py']
[0.399s] Level 1:colcon.colcon_core.package_identification:_identify(venv/lib/python3.12/site-packages/pip/_vendor/platformdirs) by extension 'python_setup_py'
[0.399s] Level 1:colcon.colcon_core.package_identification:_identify(venv/lib/python3.12/site-packages/pip/_vendor/platformdirs/__pycache__) by extensions ['ignore', 'ignore_ament_install']
[0.400s] Level 1:colcon.colcon_core.package_identification:_identify(venv/lib/python3.12/site-packages/pip/_vendor/platformdirs/__pycache__) by extension 'ignore'
[0.400s] Level 1:colcon.colcon_core.package_identification:_identify(venv/lib/python3.12/site-packages/pip/_vendor/platformdirs/__pycache__) by extension 'ignore_ament_install'
[0.400s] Level 1:colcon.colcon_core.package_identification:_identify(venv/lib/python3.12/site-packages/pip/_vendor/platformdirs/__pycache__) by extensions ['colcon_pkg']
[0.400s] Level 1:colcon.colcon_core.package_identification:_identify(venv/lib/python3.12/site-packages/pip/_vendor/platformdirs/__pycache__) by extension 'colcon_pkg'
[0.400s] Level 1:colcon.colcon_core.package_identification:_identify(venv/lib/python3.12/site-packages/pip/_vendor/platformdirs/__pycache__) by extensions ['colcon_meta']
[0.400s] Level 1:colcon.colcon_core.package_identification:_identify(venv/lib/python3.12/site-packages/pip/_vendor/platformdirs/__pycache__) by extension 'colcon_meta'
[0.400s] Level 1:colcon.colcon_core.package_identification:_identify(venv/lib/python3.12/site-packages/pip/_vendor/platformdirs/__pycache__) by extensions ['ros']
[0.400s] Level 1:colcon.colcon_core.package_identification:_identify(venv/lib/python3.12/site-packages/pip/_vendor/platformdirs/__pycache__) by extension 'ros'
[0.400s] Level 1:colcon.colcon_core.package_identification:_identify(venv/lib/python3.12/site-packages/pip/_vendor/platformdirs/__pycache__) by extensions ['cmake', 'python']
[0.400s] Level 1:colcon.colcon_core.package_identification:_identify(venv/lib/python3.12/site-packages/pip/_vendor/platformdirs/__pycache__) by extension 'cmake'
[0.400s] Level 1:colcon.colcon_core.package_identification:_identify(venv/lib/python3.12/site-packages/pip/_vendor/platformdirs/__pycache__) by extension 'python'
[0.400s] Level 1:colcon.colcon_core.package_identification:_identify(venv/lib/python3.12/site-packages/pip/_vendor/platformdirs/__pycache__) by extensions ['python_setup_py']
[0.400s] Level 1:colcon.colcon_core.package_identification:_identify(venv/lib/python3.12/site-packages/pip/_vendor/platformdirs/__pycache__) by extension 'python_setup_py'
[0.400s] Level 1:colcon.colcon_core.package_identification:_identify(venv/lib/python3.12/site-packages/pip/_vendor/pygments) by extensions ['ignore', 'ignore_ament_install']
[0.401s] Level 1:colcon.colcon_core.package_identification:_identify(venv/lib/python3.12/site-packages/pip/_vendor/pygments) by extension 'ignore'
[0.401s] Level 1:colcon.colcon_core.package_identification:_identify(venv/lib/python3.12/site-packages/pip/_vendor/pygments) by extension 'ignore_ament_install'
[0.401s] Level 1:colcon.colcon_core.package_identification:_identify(venv/lib/python3.12/site-packages/pip/_vendor/pygments) by extensions ['colcon_pkg']
[0.401s] Level 1:colcon.colcon_core.package_identification:_identify(venv/lib/python3.12/site-packages/pip/_vendor/pygments) by extension 'colcon_pkg'
[0.401s] Level 1:colcon.colcon_core.package_identification:_identify(venv/lib/python3.12/site-packages/pip/_vendor/pygments) by extensions ['colcon_meta']
[0.401s] Level 1:colcon.colcon_core.package_identification:_identify(venv/lib/python3.12/site-packages/pip/_vendor/pygments) by extension 'colcon_meta'
[0.401s] Level 1:colcon.colcon_core.package_identification:_identify(venv/lib/python3.12/site-packages/pip/_vendor/pygments) by extensions ['ros']
[0.401s] Level 1:colcon.colcon_core.package_identification:_identify(venv/lib/python3.12/site-packages/pip/_vendor/pygments) by extension 'ros'
[0.401s] Level 1:colcon.colcon_core.package_identification:_identify(venv/lib/python3.12/site-packages/pip/_vendor/pygments) by extensions ['cmake', 'python']
[0.401s] Level 1:colcon.colcon_core.package_identification:_identify(venv/lib/python3.12/site-packages/pip/_vendor/pygments) by extension 'cmake'
[0.401s] Level 1:colcon.colcon_core.package_identification:_identify(venv/lib/python3.12/site-packages/pip/_vendor/pygments) by extension 'python'
[0.401s] Level 1:colcon.colcon_core.package_identification:_identify(venv/lib/python3.12/site-packages/pip/_vendor/pygments) by extensions ['python_setup_py']
[0.401s] Level 1:colcon.colcon_core.package_identification:_identify(venv/lib/python3.12/site-packages/pip/_vendor/pygments) by extension 'python_setup_py'
[0.401s] Level 1:colcon.colcon_core.package_identification:_identify(venv/lib/python3.12/site-packages/pip/_vendor/pygments/__pycache__) by extensions ['ignore', 'ignore_ament_install']
[0.401s] Level 1:colcon.colcon_core.package_identification:_identify(venv/lib/python3.12/site-packages/pip/_vendor/pygments/__pycache__) by extension 'ignore'
[0.402s] Level 1:colcon.colcon_core.package_identification:_identify(venv/lib/python3.12/site-packages/pip/_vendor/pygments/__pycache__) by extension 'ignore_ament_install'
[0.402s] Level 1:colcon.colcon_core.package_identification:_identify(venv/lib/python3.12/site-packages/pip/_vendor/pygments/__pycache__) by extensions ['colcon_pkg']
[0.402s] Level 1:colcon.colcon_core.package_identification:_identify(venv/lib/python3.12/site-packages/pip/_vendor/pygments/__pycache__) by extension 'colcon_pkg'
[0.402s] Level 1:colcon.colcon_core.package_identification:_identify(venv/lib/python3.12/site-packages/pip/_vendor/pygments/__pycache__) by extensions ['colcon_meta']
[0.402s] Level 1:colcon.colcon_core.package_identification:_identify(venv/lib/python3.12/site-packages/pip/_vendor/pygments/__pycache__) by extension 'colcon_meta'
[0.402s] Level 1:colcon.colcon_core.package_identification:_identify(venv/lib/python3.12/site-packages/pip/_vendor/pygments/__pycache__) by extensions ['ros']
[0.402s] Level 1:colcon.colcon_core.package_identification:_identify(venv/lib/python3.12/site-packages/pip/_vendor/pygments/__pycache__) by extension 'ros'
[0.402s] Level 1:colcon.colcon_core.package_identification:_identify(venv/lib/python3.12/site-packages/pip/_vendor/pygments/__pycache__) by extensions ['cmake', 'python']
[0.402s] Level 1:colcon.colcon_core.package_identification:_identify(venv/lib/python3.12/site-packages/pip/_vendor/pygments/__pycache__) by extension 'cmake'
[0.402s] Level 1:colcon.colcon_core.package_identification:_identify(venv/lib/python3.12/site-packages/pip/_vendor/pygments/__pycache__) by extension 'python'
[0.402s] Level 1:colcon.colcon_core.package_identification:_identify(venv/lib/python3.12/site-packages/pip/_vendor/pygments/__pycache__) by extensions ['python_setup_py']
[0.402s] Level 1:colcon.colcon_core.package_identification:_identify(venv/lib/python3.12/site-packages/pip/_vendor/pygments/__pycache__) by extension 'python_setup_py'
[0.402s] Level 1:colcon.colcon_core.package_identification:_identify(venv/lib/python3.12/site-packages/pip/_vendor/pygments/filters) by extensions ['ignore', 'ignore_ament_install']
[0.402s] Level 1:colcon.colcon_core.package_identification:_identify(venv/lib/python3.12/site-packages/pip/_vendor/pygments/filters) by extension 'ignore'
[0.403s] Level 1:colcon.colcon_core.package_identification:_identify(venv/lib/python3.12/site-packages/pip/_vendor/pygments/filters) by extension 'ignore_ament_install'
[0.403s] Level 1:colcon.colcon_core.package_identification:_identify(venv/lib/python3.12/site-packages/pip/_vendor/pygments/filters) by extensions ['colcon_pkg']
[0.403s] Level 1:colcon.colcon_core.package_identification:_identify(venv/lib/python3.12/site-packages/pip/_vendor/pygments/filters) by extension 'colcon_pkg'
[0.403s] Level 1:colcon.colcon_core.package_identification:_identify(venv/lib/python3.12/site-packages/pip/_vendor/pygments/filters) by extensions ['colcon_meta']
[0.403s] Level 1:colcon.colcon_core.package_identification:_identify(venv/lib/python3.12/site-packages/pip/_vendor/pygments/filters) by extension 'colcon_meta'
[0.403s] Level 1:colcon.colcon_core.package_identification:_identify(venv/lib/python3.12/site-packages/pip/_vendor/pygments/filters) by extensions ['ros']
[0.403s] Level 1:colcon.colcon_core.package_identification:_identify(venv/lib/python3.12/site-packages/pip/_vendor/pygments/filters) by extension 'ros'
[0.403s] Level 1:colcon.colcon_core.package_identification:_identify(venv/lib/python3.12/site-packages/pip/_vendor/pygments/filters) by extensions ['cmake', 'python']
[0.403s] Level 1:colcon.colcon_core.package_identification:_identify(venv/lib/python3.12/site-packages/pip/_vendor/pygments/filters) by extension 'cmake'
[0.403s] Level 1:colcon.colcon_core.package_identification:_identify(venv/lib/python3.12/site-packages/pip/_vendor/pygments/filters) by extension 'python'
[0.403s] Level 1:colcon.colcon_core.package_identification:_identify(venv/lib/python3.12/site-packages/pip/_vendor/pygments/filters) by extensions ['python_setup_py']
[0.403s] Level 1:colcon.colcon_core.package_identification:_identify(venv/lib/python3.12/site-packages/pip/_vendor/pygments/filters) by extension 'python_setup_py'
[0.403s] Level 1:colcon.colcon_core.package_identification:_identify(venv/lib/python3.12/site-packages/pip/_vendor/pygments/filters/__pycache__) by extensions ['ignore', 'ignore_ament_install']
[0.403s] Level 1:colcon.colcon_core.package_identification:_identify(venv/lib/python3.12/site-packages/pip/_vendor/pygments/filters/__pycache__) by extension 'ignore'
[0.404s] Level 1:colcon.colcon_core.package_identification:_identify(venv/lib/python3.12/site-packages/pip/_vendor/pygments/filters/__pycache__) by extension 'ignore_ament_install'
[0.404s] Level 1:colcon.colcon_core.package_identification:_identify(venv/lib/python3.12/site-packages/pip/_vendor/pygments/filters/__pycache__) by extensions ['colcon_pkg']
[0.404s] Level 1:colcon.colcon_core.package_identification:_identify(venv/lib/python3.12/site-packages/pip/_vendor/pygments/filters/__pycache__) by extension 'colcon_pkg'
[0.404s] Level 1:colcon.colcon_core.package_identification:_identify(venv/lib/python3.12/site-packages/pip/_vendor/pygments/filters/__pycache__) by extensions ['colcon_meta']
[0.404s] Level 1:colcon.colcon_core.package_identification:_identify(venv/lib/python3.12/site-packages/pip/_vendor/pygments/filters/__pycache__) by extension 'colcon_meta'
[0.404s] Level 1:colcon.colcon_core.package_identification:_identify(venv/lib/python3.12/site-packages/pip/_vendor/pygments/filters/__pycache__) by extensions ['ros']
[0.404s] Level 1:colcon.colcon_core.package_identification:_identify(venv/lib/python3.12/site-packages/pip/_vendor/pygments/filters/__pycache__) by extension 'ros'
[0.404s] Level 1:colcon.colcon_core.package_identification:_identify(venv/lib/python3.12/site-packages/pip/_vendor/pygments/filters/__pycache__) by extensions ['cmake', 'python']
[0.404s] Level 1:colcon.colcon_core.package_identification:_identify(venv/lib/python3.12/site-packages/pip/_vendor/pygments/filters/__pycache__) by extension 'cmake'
[0.404s] Level 1:colcon.colcon_core.package_identification:_identify(venv/lib/python3.12/site-packages/pip/_vendor/pygments/filters/__pycache__) by extension 'python'
[0.404s] Level 1:colcon.colcon_core.package_identification:_identify(venv/lib/python3.12/site-packages/pip/_vendor/pygments/filters/__pycache__) by extensions ['python_setup_py']
[0.404s] Level 1:colcon.colcon_core.package_identification:_identify(venv/lib/python3.12/site-packages/pip/_vendor/pygments/filters/__pycache__) by extension 'python_setup_py'
[0.404s] Level 1:colcon.colcon_core.package_identification:_identify(venv/lib/python3.12/site-packages/pip/_vendor/pygments/formatters) by extensions ['ignore', 'ignore_ament_install']
[0.404s] Level 1:colcon.colcon_core.package_identification:_identify(venv/lib/python3.12/site-packages/pip/_vendor/pygments/formatters) by extension 'ignore'
[0.405s] Level 1:colcon.colcon_core.package_identification:_identify(venv/lib/python3.12/site-packages/pip/_vendor/pygments/formatters) by extension 'ignore_ament_install'
[0.405s] Level 1:colcon.colcon_core.package_identification:_identify(venv/lib/python3.12/site-packages/pip/_vendor/pygments/formatters) by extensions ['colcon_pkg']
[0.405s] Level 1:colcon.colcon_core.package_identification:_identify(venv/lib/python3.12/site-packages/pip/_vendor/pygments/formatters) by extension 'colcon_pkg'
[0.405s] Level 1:colcon.colcon_core.package_identification:_identify(venv/lib/python3.12/site-packages/pip/_vendor/pygments/formatters) by extensions ['colcon_meta']
[0.405s] Level 1:colcon.colcon_core.package_identification:_identify(venv/lib/python3.12/site-packages/pip/_vendor/pygments/formatters) by extension 'colcon_meta'
[0.405s] Level 1:colcon.colcon_core.package_identification:_identify(venv/lib/python3.12/site-packages/pip/_vendor/pygments/formatters) by extensions ['ros']
[0.405s] Level 1:colcon.colcon_core.package_identification:_identify(venv/lib/python3.12/site-packages/pip/_vendor/pygments/formatters) by extension 'ros'
[0.405s] Level 1:colcon.colcon_core.package_identification:_identify(venv/lib/python3.12/site-packages/pip/_vendor/pygments/formatters) by extensions ['cmake', 'python']
[0.405s] Level 1:colcon.colcon_core.package_identification:_identify(venv/lib/python3.12/site-packages/pip/_vendor/pygments/formatters) by extension 'cmake'
[0.405s] Level 1:colcon.colcon_core.package_identification:_identify(venv/lib/python3.12/site-packages/pip/_vendor/pygments/formatters) by extension 'python'
[0.405s] Level 1:colcon.colcon_core.package_identification:_identify(venv/lib/python3.12/site-packages/pip/_vendor/pygments/formatters) by extensions ['python_setup_py']
[0.405s] Level 1:colcon.colcon_core.package_identification:_identify(venv/lib/python3.12/site-packages/pip/_vendor/pygments/formatters) by extension 'python_setup_py'
[0.405s] Level 1:colcon.colcon_core.package_identification:_identify(venv/lib/python3.12/site-packages/pip/_vendor/pygments/formatters/__pycache__) by extensions ['ignore', 'ignore_ament_install']
[0.405s] Level 1:colcon.colcon_core.package_identification:_identify(venv/lib/python3.12/site-packages/pip/_vendor/pygments/formatters/__pycache__) by extension 'ignore'
[0.406s] Level 1:colcon.colcon_core.package_identification:_identify(venv/lib/python3.12/site-packages/pip/_vendor/pygments/formatters/__pycache__) by extension 'ignore_ament_install'
[0.406s] Level 1:colcon.colcon_core.package_identification:_identify(venv/lib/python3.12/site-packages/pip/_vendor/pygments/formatters/__pycache__) by extensions ['colcon_pkg']
[0.406s] Level 1:colcon.colcon_core.package_identification:_identify(venv/lib/python3.12/site-packages/pip/_vendor/pygments/formatters/__pycache__) by extension 'colcon_pkg'
[0.406s] Level 1:colcon.colcon_core.package_identification:_identify(venv/lib/python3.12/site-packages/pip/_vendor/pygments/formatters/__pycache__) by extensions ['colcon_meta']
[0.406s] Level 1:colcon.colcon_core.package_identification:_identify(venv/lib/python3.12/site-packages/pip/_vendor/pygments/formatters/__pycache__) by extension 'colcon_meta'
[0.406s] Level 1:colcon.colcon_core.package_identification:_identify(venv/lib/python3.12/site-packages/pip/_vendor/pygments/formatters/__pycache__) by extensions ['ros']
[0.406s] Level 1:colcon.colcon_core.package_identification:_identify(venv/lib/python3.12/site-packages/pip/_vendor/pygments/formatters/__pycache__) by extension 'ros'
[0.406s] Level 1:colcon.colcon_core.package_identification:_identify(venv/lib/python3.12/site-packages/pip/_vendor/pygments/formatters/__pycache__) by extensions ['cmake', 'python']
[0.406s] Level 1:colcon.colcon_core.package_identification:_identify(venv/lib/python3.12/site-packages/pip/_vendor/pygments/formatters/__pycache__) by extension 'cmake'
[0.406s] Level 1:colcon.colcon_core.package_identification:_identify(venv/lib/python3.12/site-packages/pip/_vendor/pygments/formatters/__pycache__) by extension 'python'
[0.406s] Level 1:colcon.colcon_core.package_identification:_identify(venv/lib/python3.12/site-packages/pip/_vendor/pygments/formatters/__pycache__) by extensions ['python_setup_py']
[0.406s] Level 1:colcon.colcon_core.package_identification:_identify(venv/lib/python3.12/site-packages/pip/_vendor/pygments/formatters/__pycache__) by extension 'python_setup_py'
[0.406s] Level 1:colcon.colcon_core.package_identification:_identify(venv/lib/python3.12/site-packages/pip/_vendor/pygments/lexers) by extensions ['ignore', 'ignore_ament_install']
[0.407s] Level 1:colcon.colcon_core.package_identification:_identify(venv/lib/python3.12/site-packages/pip/_vendor/pygments/lexers) by extension 'ignore'
[0.407s] Level 1:colcon.colcon_core.package_identification:_identify(venv/lib/python3.12/site-packages/pip/_vendor/pygments/lexers) by extension 'ignore_ament_install'
[0.407s] Level 1:colcon.colcon_core.package_identification:_identify(venv/lib/python3.12/site-packages/pip/_vendor/pygments/lexers) by extensions ['colcon_pkg']
[0.407s] Level 1:colcon.colcon_core.package_identification:_identify(venv/lib/python3.12/site-packages/pip/_vendor/pygments/lexers) by extension 'colcon_pkg'
[0.407s] Level 1:colcon.colcon_core.package_identification:_identify(venv/lib/python3.12/site-packages/pip/_vendor/pygments/lexers) by extensions ['colcon_meta']
[0.407s] Level 1:colcon.colcon_core.package_identification:_identify(venv/lib/python3.12/site-packages/pip/_vendor/pygments/lexers) by extension 'colcon_meta'
[0.407s] Level 1:colcon.colcon_core.package_identification:_identify(venv/lib/python3.12/site-packages/pip/_vendor/pygments/lexers) by extensions ['ros']
[0.407s] Level 1:colcon.colcon_core.package_identification:_identify(venv/lib/python3.12/site-packages/pip/_vendor/pygments/lexers) by extension 'ros'
[0.407s] Level 1:colcon.colcon_core.package_identification:_identify(venv/lib/python3.12/site-packages/pip/_vendor/pygments/lexers) by extensions ['cmake', 'python']
[0.407s] Level 1:colcon.colcon_core.package_identification:_identify(venv/lib/python3.12/site-packages/pip/_vendor/pygments/lexers) by extension 'cmake'
[0.407s] Level 1:colcon.colcon_core.package_identification:_identify(venv/lib/python3.12/site-packages/pip/_vendor/pygments/lexers) by extension 'python'
[0.407s] Level 1:colcon.colcon_core.package_identification:_identify(venv/lib/python3.12/site-packages/pip/_vendor/pygments/lexers) by extensions ['python_setup_py']
[0.407s] Level 1:colcon.colcon_core.package_identification:_identify(venv/lib/python3.12/site-packages/pip/_vendor/pygments/lexers) by extension 'python_setup_py'
[0.407s] Level 1:colcon.colcon_core.package_identification:_identify(venv/lib/python3.12/site-packages/pip/_vendor/pygments/lexers/__pycache__) by extensions ['ignore', 'ignore_ament_install']
[0.408s] Level 1:colcon.colcon_core.package_identification:_identify(venv/lib/python3.12/site-packages/pip/_vendor/pygments/lexers/__pycache__) by extension 'ignore'
[0.408s] Level 1:colcon.colcon_core.package_identification:_identify(venv/lib/python3.12/site-packages/pip/_vendor/pygments/lexers/__pycache__) by extension 'ignore_ament_install'
[0.408s] Level 1:colcon.colcon_core.package_identification:_identify(venv/lib/python3.12/site-packages/pip/_vendor/pygments/lexers/__pycache__) by extensions ['colcon_pkg']
[0.408s] Level 1:colcon.colcon_core.package_identification:_identify(venv/lib/python3.12/site-packages/pip/_vendor/pygments/lexers/__pycache__) by extension 'colcon_pkg'
[0.408s] Level 1:colcon.colcon_core.package_identification:_identify(venv/lib/python3.12/site-packages/pip/_vendor/pygments/lexers/__pycache__) by extensions ['colcon_meta']
[0.408s] Level 1:colcon.colcon_core.package_identification:_identify(venv/lib/python3.12/site-packages/pip/_vendor/pygments/lexers/__pycache__) by extension 'colcon_meta'
[0.408s] Level 1:colcon.colcon_core.package_identification:_identify(venv/lib/python3.12/site-packages/pip/_vendor/pygments/lexers/__pycache__) by extensions ['ros']
[0.408s] Level 1:colcon.colcon_core.package_identification:_identify(venv/lib/python3.12/site-packages/pip/_vendor/pygments/lexers/__pycache__) by extension 'ros'
[0.408s] Level 1:colcon.colcon_core.package_identification:_identify(venv/lib/python3.12/site-packages/pip/_vendor/pygments/lexers/__pycache__) by extensions ['cmake', 'python']
[0.408s] Level 1:colcon.colcon_core.package_identification:_identify(venv/lib/python3.12/site-packages/pip/_vendor/pygments/lexers/__pycache__) by extension 'cmake'
[0.408s] Level 1:colcon.colcon_core.package_identification:_identify(venv/lib/python3.12/site-packages/pip/_vendor/pygments/lexers/__pycache__) by extension 'python'
[0.408s] Level 1:colcon.colcon_core.package_identification:_identify(venv/lib/python3.12/site-packages/pip/_vendor/pygments/lexers/__pycache__) by extensions ['python_setup_py']
[0.408s] Level 1:colcon.colcon_core.package_identification:_identify(venv/lib/python3.12/site-packages/pip/_vendor/pygments/lexers/__pycache__) by extension 'python_setup_py'
[0.409s] Level 1:colcon.colcon_core.package_identification:_identify(venv/lib/python3.12/site-packages/pip/_vendor/pygments/styles) by extensions ['ignore', 'ignore_ament_install']
[0.409s] Level 1:colcon.colcon_core.package_identification:_identify(venv/lib/python3.12/site-packages/pip/_vendor/pygments/styles) by extension 'ignore'
[0.409s] Level 1:colcon.colcon_core.package_identification:_identify(venv/lib/python3.12/site-packages/pip/_vendor/pygments/styles) by extension 'ignore_ament_install'
[0.409s] Level 1:colcon.colcon_core.package_identification:_identify(venv/lib/python3.12/site-packages/pip/_vendor/pygments/styles) by extensions ['colcon_pkg']
[0.409s] Level 1:colcon.colcon_core.package_identification:_identify(venv/lib/python3.12/site-packages/pip/_vendor/pygments/styles) by extension 'colcon_pkg'
[0.409s] Level 1:colcon.colcon_core.package_identification:_identify(venv/lib/python3.12/site-packages/pip/_vendor/pygments/styles) by extensions ['colcon_meta']
[0.409s] Level 1:colcon.colcon_core.package_identification:_identify(venv/lib/python3.12/site-packages/pip/_vendor/pygments/styles) by extension 'colcon_meta'
[0.409s] Level 1:colcon.colcon_core.package_identification:_identify(venv/lib/python3.12/site-packages/pip/_vendor/pygments/styles) by extensions ['ros']
[0.409s] Level 1:colcon.colcon_core.package_identification:_identify(venv/lib/python3.12/site-packages/pip/_vendor/pygments/styles) by extension 'ros'
[0.409s] Level 1:colcon.colcon_core.package_identification:_identify(venv/lib/python3.12/site-packages/pip/_vendor/pygments/styles) by extensions ['cmake', 'python']
[0.409s] Level 1:colcon.colcon_core.package_identification:_identify(venv/lib/python3.12/site-packages/pip/_vendor/pygments/styles) by extension 'cmake'
[0.409s] Level 1:colcon.colcon_core.package_identification:_identify(venv/lib/python3.12/site-packages/pip/_vendor/pygments/styles) by extension 'python'
[0.409s] Level 1:colcon.colcon_core.package_identification:_identify(venv/lib/python3.12/site-packages/pip/_vendor/pygments/styles) by extensions ['python_setup_py']
[0.409s] Level 1:colcon.colcon_core.package_identification:_identify(venv/lib/python3.12/site-packages/pip/_vendor/pygments/styles) by extension 'python_setup_py'
[0.410s] Level 1:colcon.colcon_core.package_identification:_identify(venv/lib/python3.12/site-packages/pip/_vendor/pygments/styles/__pycache__) by extensions ['ignore', 'ignore_ament_install']
[0.410s] Level 1:colcon.colcon_core.package_identification:_identify(venv/lib/python3.12/site-packages/pip/_vendor/pygments/styles/__pycache__) by extension 'ignore'
[0.410s] Level 1:colcon.colcon_core.package_identification:_identify(venv/lib/python3.12/site-packages/pip/_vendor/pygments/styles/__pycache__) by extension 'ignore_ament_install'
[0.410s] Level 1:colcon.colcon_core.package_identification:_identify(venv/lib/python3.12/site-packages/pip/_vendor/pygments/styles/__pycache__) by extensions ['colcon_pkg']
[0.410s] Level 1:colcon.colcon_core.package_identification:_identify(venv/lib/python3.12/site-packages/pip/_vendor/pygments/styles/__pycache__) by extension 'colcon_pkg'
[0.410s] Level 1:colcon.colcon_core.package_identification:_identify(venv/lib/python3.12/site-packages/pip/_vendor/pygments/styles/__pycache__) by extensions ['colcon_meta']
[0.410s] Level 1:colcon.colcon_core.package_identification:_identify(venv/lib/python3.12/site-packages/pip/_vendor/pygments/styles/__pycache__) by extension 'colcon_meta'
[0.410s] Level 1:colcon.colcon_core.package_identification:_identify(venv/lib/python3.12/site-packages/pip/_vendor/pygments/styles/__pycache__) by extensions ['ros']
[0.410s] Level 1:colcon.colcon_core.package_identification:_identify(venv/lib/python3.12/site-packages/pip/_vendor/pygments/styles/__pycache__) by extension 'ros'
[0.410s] Level 1:colcon.colcon_core.package_identification:_identify(venv/lib/python3.12/site-packages/pip/_vendor/pygments/styles/__pycache__) by extensions ['cmake', 'python']
[0.410s] Level 1:colcon.colcon_core.package_identification:_identify(venv/lib/python3.12/site-packages/pip/_vendor/pygments/styles/__pycache__) by extension 'cmake'
[0.410s] Level 1:colcon.colcon_core.package_identification:_identify(venv/lib/python3.12/site-packages/pip/_vendor/pygments/styles/__pycache__) by extension 'python'
[0.410s] Level 1:colcon.colcon_core.package_identification:_identify(venv/lib/python3.12/site-packages/pip/_vendor/pygments/styles/__pycache__) by extensions ['python_setup_py']
[0.410s] Level 1:colcon.colcon_core.package_identification:_identify(venv/lib/python3.12/site-packages/pip/_vendor/pygments/styles/__pycache__) by extension 'python_setup_py'
[0.411s] Level 1:colcon.colcon_core.package_identification:_identify(venv/lib/python3.12/site-packages/pip/_vendor/pyproject_hooks) by extensions ['ignore', 'ignore_ament_install']
[0.411s] Level 1:colcon.colcon_core.package_identification:_identify(venv/lib/python3.12/site-packages/pip/_vendor/pyproject_hooks) by extension 'ignore'
[0.411s] Level 1:colcon.colcon_core.package_identification:_identify(venv/lib/python3.12/site-packages/pip/_vendor/pyproject_hooks) by extension 'ignore_ament_install'
[0.411s] Level 1:colcon.colcon_core.package_identification:_identify(venv/lib/python3.12/site-packages/pip/_vendor/pyproject_hooks) by extensions ['colcon_pkg']
[0.411s] Level 1:colcon.colcon_core.package_identification:_identify(venv/lib/python3.12/site-packages/pip/_vendor/pyproject_hooks) by extension 'colcon_pkg'
[0.411s] Level 1:colcon.colcon_core.package_identification:_identify(venv/lib/python3.12/site-packages/pip/_vendor/pyproject_hooks) by extensions ['colcon_meta']
[0.411s] Level 1:colcon.colcon_core.package_identification:_identify(venv/lib/python3.12/site-packages/pip/_vendor/pyproject_hooks) by extension 'colcon_meta'
[0.411s] Level 1:colcon.colcon_core.package_identification:_identify(venv/lib/python3.12/site-packages/pip/_vendor/pyproject_hooks) by extensions ['ros']
[0.411s] Level 1:colcon.colcon_core.package_identification:_identify(venv/lib/python3.12/site-packages/pip/_vendor/pyproject_hooks) by extension 'ros'
[0.411s] Level 1:colcon.colcon_core.package_identification:_identify(venv/lib/python3.12/site-packages/pip/_vendor/pyproject_hooks) by extensions ['cmake', 'python']
[0.411s] Level 1:colcon.colcon_core.package_identification:_identify(venv/lib/python3.12/site-packages/pip/_vendor/pyproject_hooks) by extension 'cmake'
[0.411s] Level 1:colcon.colcon_core.package_identification:_identify(venv/lib/python3.12/site-packages/pip/_vendor/pyproject_hooks) by extension 'python'
[0.411s] Level 1:colcon.colcon_core.package_identification:_identify(venv/lib/python3.12/site-packages/pip/_vendor/pyproject_hooks) by extensions ['python_setup_py']
[0.411s] Level 1:colcon.colcon_core.package_identification:_identify(venv/lib/python3.12/site-packages/pip/_vendor/pyproject_hooks) by extension 'python_setup_py'
[0.412s] Level 1:colcon.colcon_core.package_identification:_identify(venv/lib/python3.12/site-packages/pip/_vendor/pyproject_hooks/__pycache__) by extensions ['ignore', 'ignore_ament_install']
[0.412s] Level 1:colcon.colcon_core.package_identification:_identify(venv/lib/python3.12/site-packages/pip/_vendor/pyproject_hooks/__pycache__) by extension 'ignore'
[0.412s] Level 1:colcon.colcon_core.package_identification:_identify(venv/lib/python3.12/site-packages/pip/_vendor/pyproject_hooks/__pycache__) by extension 'ignore_ament_install'
[0.412s] Level 1:colcon.colcon_core.package_identification:_identify(venv/lib/python3.12/site-packages/pip/_vendor/pyproject_hooks/__pycache__) by extensions ['colcon_pkg']
[0.412s] Level 1:colcon.colcon_core.package_identification:_identify(venv/lib/python3.12/site-packages/pip/_vendor/pyproject_hooks/__pycache__) by extension 'colcon_pkg'
[0.412s] Level 1:colcon.colcon_core.package_identification:_identify(venv/lib/python3.12/site-packages/pip/_vendor/pyproject_hooks/__pycache__) by extensions ['colcon_meta']
[0.412s] Level 1:colcon.colcon_core.package_identification:_identify(venv/lib/python3.12/site-packages/pip/_vendor/pyproject_hooks/__pycache__) by extension 'colcon_meta'
[0.412s] Level 1:colcon.colcon_core.package_identification:_identify(venv/lib/python3.12/site-packages/pip/_vendor/pyproject_hooks/__pycache__) by extensions ['ros']
[0.412s] Level 1:colcon.colcon_core.package_identification:_identify(venv/lib/python3.12/site-packages/pip/_vendor/pyproject_hooks/__pycache__) by extension 'ros'
[0.412s] Level 1:colcon.colcon_core.package_identification:_identify(venv/lib/python3.12/site-packages/pip/_vendor/pyproject_hooks/__pycache__) by extensions ['cmake', 'python']
[0.412s] Level 1:colcon.colcon_core.package_identification:_identify(venv/lib/python3.12/site-packages/pip/_vendor/pyproject_hooks/__pycache__) by extension 'cmake'
[0.412s] Level 1:colcon.colcon_core.package_identification:_identify(venv/lib/python3.12/site-packages/pip/_vendor/pyproject_hooks/__pycache__) by extension 'python'
[0.412s] Level 1:colcon.colcon_core.package_identification:_identify(venv/lib/python3.12/site-packages/pip/_vendor/pyproject_hooks/__pycache__) by extensions ['python_setup_py']
[0.412s] Level 1:colcon.colcon_core.package_identification:_identify(venv/lib/python3.12/site-packages/pip/_vendor/pyproject_hooks/__pycache__) by extension 'python_setup_py'
[0.413s] Level 1:colcon.colcon_core.package_identification:_identify(venv/lib/python3.12/site-packages/pip/_vendor/pyproject_hooks/_in_process) by extensions ['ignore', 'ignore_ament_install']
[0.413s] Level 1:colcon.colcon_core.package_identification:_identify(venv/lib/python3.12/site-packages/pip/_vendor/pyproject_hooks/_in_process) by extension 'ignore'
[0.413s] Level 1:colcon.colcon_core.package_identification:_identify(venv/lib/python3.12/site-packages/pip/_vendor/pyproject_hooks/_in_process) by extension 'ignore_ament_install'
[0.413s] Level 1:colcon.colcon_core.package_identification:_identify(venv/lib/python3.12/site-packages/pip/_vendor/pyproject_hooks/_in_process) by extensions ['colcon_pkg']
[0.413s] Level 1:colcon.colcon_core.package_identification:_identify(venv/lib/python3.12/site-packages/pip/_vendor/pyproject_hooks/_in_process) by extension 'colcon_pkg'
[0.413s] Level 1:colcon.colcon_core.package_identification:_identify(venv/lib/python3.12/site-packages/pip/_vendor/pyproject_hooks/_in_process) by extensions ['colcon_meta']
[0.413s] Level 1:colcon.colcon_core.package_identification:_identify(venv/lib/python3.12/site-packages/pip/_vendor/pyproject_hooks/_in_process) by extension 'colcon_meta'
[0.413s] Level 1:colcon.colcon_core.package_identification:_identify(venv/lib/python3.12/site-packages/pip/_vendor/pyproject_hooks/_in_process) by extensions ['ros']
[0.413s] Level 1:colcon.colcon_core.package_identification:_identify(venv/lib/python3.12/site-packages/pip/_vendor/pyproject_hooks/_in_process) by extension 'ros'
[0.413s] Level 1:colcon.colcon_core.package_identification:_identify(venv/lib/python3.12/site-packages/pip/_vendor/pyproject_hooks/_in_process) by extensions ['cmake', 'python']
[0.413s] Level 1:colcon.colcon_core.package_identification:_identify(venv/lib/python3.12/site-packages/pip/_vendor/pyproject_hooks/_in_process) by extension 'cmake'
[0.413s] Level 1:colcon.colcon_core.package_identification:_identify(venv/lib/python3.12/site-packages/pip/_vendor/pyproject_hooks/_in_process) by extension 'python'
[0.413s] Level 1:colcon.colcon_core.package_identification:_identify(venv/lib/python3.12/site-packages/pip/_vendor/pyproject_hooks/_in_process) by extensions ['python_setup_py']
[0.413s] Level 1:colcon.colcon_core.package_identification:_identify(venv/lib/python3.12/site-packages/pip/_vendor/pyproject_hooks/_in_process) by extension 'python_setup_py'
[0.414s] Level 1:colcon.colcon_core.package_identification:_identify(venv/lib/python3.12/site-packages/pip/_vendor/pyproject_hooks/_in_process/__pycache__) by extensions ['ignore', 'ignore_ament_install']
[0.414s] Level 1:colcon.colcon_core.package_identification:_identify(venv/lib/python3.12/site-packages/pip/_vendor/pyproject_hooks/_in_process/__pycache__) by extension 'ignore'
[0.414s] Level 1:colcon.colcon_core.package_identification:_identify(venv/lib/python3.12/site-packages/pip/_vendor/pyproject_hooks/_in_process/__pycache__) by extension 'ignore_ament_install'
[0.414s] Level 1:colcon.colcon_core.package_identification:_identify(venv/lib/python3.12/site-packages/pip/_vendor/pyproject_hooks/_in_process/__pycache__) by extensions ['colcon_pkg']
[0.414s] Level 1:colcon.colcon_core.package_identification:_identify(venv/lib/python3.12/site-packages/pip/_vendor/pyproject_hooks/_in_process/__pycache__) by extension 'colcon_pkg'
[0.414s] Level 1:colcon.colcon_core.package_identification:_identify(venv/lib/python3.12/site-packages/pip/_vendor/pyproject_hooks/_in_process/__pycache__) by extensions ['colcon_meta']
[0.414s] Level 1:colcon.colcon_core.package_identification:_identify(venv/lib/python3.12/site-packages/pip/_vendor/pyproject_hooks/_in_process/__pycache__) by extension 'colcon_meta'
[0.414s] Level 1:colcon.colcon_core.package_identification:_identify(venv/lib/python3.12/site-packages/pip/_vendor/pyproject_hooks/_in_process/__pycache__) by extensions ['ros']
[0.414s] Level 1:colcon.colcon_core.package_identification:_identify(venv/lib/python3.12/site-packages/pip/_vendor/pyproject_hooks/_in_process/__pycache__) by extension 'ros'
[0.414s] Level 1:colcon.colcon_core.package_identification:_identify(venv/lib/python3.12/site-packages/pip/_vendor/pyproject_hooks/_in_process/__pycache__) by extensions ['cmake', 'python']
[0.414s] Level 1:colcon.colcon_core.package_identification:_identify(venv/lib/python3.12/site-packages/pip/_vendor/pyproject_hooks/_in_process/__pycache__) by extension 'cmake'
[0.414s] Level 1:colcon.colcon_core.package_identification:_identify(venv/lib/python3.12/site-packages/pip/_vendor/pyproject_hooks/_in_process/__pycache__) by extension 'python'
[0.414s] Level 1:colcon.colcon_core.package_identification:_identify(venv/lib/python3.12/site-packages/pip/_vendor/pyproject_hooks/_in_process/__pycache__) by extensions ['python_setup_py']
[0.415s] Level 1:colcon.colcon_core.package_identification:_identify(venv/lib/python3.12/site-packages/pip/_vendor/pyproject_hooks/_in_process/__pycache__) by extension 'python_setup_py'
[0.415s] Level 1:colcon.colcon_core.package_identification:_identify(venv/lib/python3.12/site-packages/pip/_vendor/requests) by extensions ['ignore', 'ignore_ament_install']
[0.415s] Level 1:colcon.colcon_core.package_identification:_identify(venv/lib/python3.12/site-packages/pip/_vendor/requests) by extension 'ignore'
[0.415s] Level 1:colcon.colcon_core.package_identification:_identify(venv/lib/python3.12/site-packages/pip/_vendor/requests) by extension 'ignore_ament_install'
[0.415s] Level 1:colcon.colcon_core.package_identification:_identify(venv/lib/python3.12/site-packages/pip/_vendor/requests) by extensions ['colcon_pkg']
[0.415s] Level 1:colcon.colcon_core.package_identification:_identify(venv/lib/python3.12/site-packages/pip/_vendor/requests) by extension 'colcon_pkg'
[0.415s] Level 1:colcon.colcon_core.package_identification:_identify(venv/lib/python3.12/site-packages/pip/_vendor/requests) by extensions ['colcon_meta']
[0.415s] Level 1:colcon.colcon_core.package_identification:_identify(venv/lib/python3.12/site-packages/pip/_vendor/requests) by extension 'colcon_meta'
[0.415s] Level 1:colcon.colcon_core.package_identification:_identify(venv/lib/python3.12/site-packages/pip/_vendor/requests) by extensions ['ros']
[0.415s] Level 1:colcon.colcon_core.package_identification:_identify(venv/lib/python3.12/site-packages/pip/_vendor/requests) by extension 'ros'
[0.415s] Level 1:colcon.colcon_core.package_identification:_identify(venv/lib/python3.12/site-packages/pip/_vendor/requests) by extensions ['cmake', 'python']
[0.415s] Level 1:colcon.colcon_core.package_identification:_identify(venv/lib/python3.12/site-packages/pip/_vendor/requests) by extension 'cmake'
[0.415s] Level 1:colcon.colcon_core.package_identification:_identify(venv/lib/python3.12/site-packages/pip/_vendor/requests) by extension 'python'
[0.415s] Level 1:colcon.colcon_core.package_identification:_identify(venv/lib/python3.12/site-packages/pip/_vendor/requests) by extensions ['python_setup_py']
[0.416s] Level 1:colcon.colcon_core.package_identification:_identify(venv/lib/python3.12/site-packages/pip/_vendor/requests) by extension 'python_setup_py'
[0.416s] Level 1:colcon.colcon_core.package_identification:_identify(venv/lib/python3.12/site-packages/pip/_vendor/requests/__pycache__) by extensions ['ignore', 'ignore_ament_install']
[0.416s] Level 1:colcon.colcon_core.package_identification:_identify(venv/lib/python3.12/site-packages/pip/_vendor/requests/__pycache__) by extension 'ignore'
[0.416s] Level 1:colcon.colcon_core.package_identification:_identify(venv/lib/python3.12/site-packages/pip/_vendor/requests/__pycache__) by extension 'ignore_ament_install'
[0.416s] Level 1:colcon.colcon_core.package_identification:_identify(venv/lib/python3.12/site-packages/pip/_vendor/requests/__pycache__) by extensions ['colcon_pkg']
[0.416s] Level 1:colcon.colcon_core.package_identification:_identify(venv/lib/python3.12/site-packages/pip/_vendor/requests/__pycache__) by extension 'colcon_pkg'
[0.416s] Level 1:colcon.colcon_core.package_identification:_identify(venv/lib/python3.12/site-packages/pip/_vendor/requests/__pycache__) by extensions ['colcon_meta']
[0.416s] Level 1:colcon.colcon_core.package_identification:_identify(venv/lib/python3.12/site-packages/pip/_vendor/requests/__pycache__) by extension 'colcon_meta'
[0.416s] Level 1:colcon.colcon_core.package_identification:_identify(venv/lib/python3.12/site-packages/pip/_vendor/requests/__pycache__) by extensions ['ros']
[0.416s] Level 1:colcon.colcon_core.package_identification:_identify(venv/lib/python3.12/site-packages/pip/_vendor/requests/__pycache__) by extension 'ros'
[0.416s] Level 1:colcon.colcon_core.package_identification:_identify(venv/lib/python3.12/site-packages/pip/_vendor/requests/__pycache__) by extensions ['cmake', 'python']
[0.416s] Level 1:colcon.colcon_core.package_identification:_identify(venv/lib/python3.12/site-packages/pip/_vendor/requests/__pycache__) by extension 'cmake'
[0.416s] Level 1:colcon.colcon_core.package_identification:_identify(venv/lib/python3.12/site-packages/pip/_vendor/requests/__pycache__) by extension 'python'
[0.417s] Level 1:colcon.colcon_core.package_identification:_identify(venv/lib/python3.12/site-packages/pip/_vendor/requests/__pycache__) by extensions ['python_setup_py']
[0.417s] Level 1:colcon.colcon_core.package_identification:_identify(venv/lib/python3.12/site-packages/pip/_vendor/requests/__pycache__) by extension 'python_setup_py'
[0.417s] Level 1:colcon.colcon_core.package_identification:_identify(venv/lib/python3.12/site-packages/pip/_vendor/resolvelib) by extensions ['ignore', 'ignore_ament_install']
[0.417s] Level 1:colcon.colcon_core.package_identification:_identify(venv/lib/python3.12/site-packages/pip/_vendor/resolvelib) by extension 'ignore'
[0.417s] Level 1:colcon.colcon_core.package_identification:_identify(venv/lib/python3.12/site-packages/pip/_vendor/resolvelib) by extension 'ignore_ament_install'
[0.417s] Level 1:colcon.colcon_core.package_identification:_identify(venv/lib/python3.12/site-packages/pip/_vendor/resolvelib) by extensions ['colcon_pkg']
[0.417s] Level 1:colcon.colcon_core.package_identification:_identify(venv/lib/python3.12/site-packages/pip/_vendor/resolvelib) by extension 'colcon_pkg'
[0.417s] Level 1:colcon.colcon_core.package_identification:_identify(venv/lib/python3.12/site-packages/pip/_vendor/resolvelib) by extensions ['colcon_meta']
[0.417s] Level 1:colcon.colcon_core.package_identification:_identify(venv/lib/python3.12/site-packages/pip/_vendor/resolvelib) by extension 'colcon_meta'
[0.417s] Level 1:colcon.colcon_core.package_identification:_identify(venv/lib/python3.12/site-packages/pip/_vendor/resolvelib) by extensions ['ros']
[0.417s] Level 1:colcon.colcon_core.package_identification:_identify(venv/lib/python3.12/site-packages/pip/_vendor/resolvelib) by extension 'ros'
[0.417s] Level 1:colcon.colcon_core.package_identification:_identify(venv/lib/python3.12/site-packages/pip/_vendor/resolvelib) by extensions ['cmake', 'python']
[0.417s] Level 1:colcon.colcon_core.package_identification:_identify(venv/lib/python3.12/site-packages/pip/_vendor/resolvelib) by extension 'cmake'
[0.417s] Level 1:colcon.colcon_core.package_identification:_identify(venv/lib/python3.12/site-packages/pip/_vendor/resolvelib) by extension 'python'
[0.417s] Level 1:colcon.colcon_core.package_identification:_identify(venv/lib/python3.12/site-packages/pip/_vendor/resolvelib) by extensions ['python_setup_py']
[0.418s] Level 1:colcon.colcon_core.package_identification:_identify(venv/lib/python3.12/site-packages/pip/_vendor/resolvelib) by extension 'python_setup_py'
[0.418s] Level 1:colcon.colcon_core.package_identification:_identify(venv/lib/python3.12/site-packages/pip/_vendor/resolvelib/__pycache__) by extensions ['ignore', 'ignore_ament_install']
[0.418s] Level 1:colcon.colcon_core.package_identification:_identify(venv/lib/python3.12/site-packages/pip/_vendor/resolvelib/__pycache__) by extension 'ignore'
[0.418s] Level 1:colcon.colcon_core.package_identification:_identify(venv/lib/python3.12/site-packages/pip/_vendor/resolvelib/__pycache__) by extension 'ignore_ament_install'
[0.418s] Level 1:colcon.colcon_core.package_identification:_identify(venv/lib/python3.12/site-packages/pip/_vendor/resolvelib/__pycache__) by extensions ['colcon_pkg']
[0.418s] Level 1:colcon.colcon_core.package_identification:_identify(venv/lib/python3.12/site-packages/pip/_vendor/resolvelib/__pycache__) by extension 'colcon_pkg'
[0.418s] Level 1:colcon.colcon_core.package_identification:_identify(venv/lib/python3.12/site-packages/pip/_vendor/resolvelib/__pycache__) by extensions ['colcon_meta']
[0.418s] Level 1:colcon.colcon_core.package_identification:_identify(venv/lib/python3.12/site-packages/pip/_vendor/resolvelib/__pycache__) by extension 'colcon_meta'
[0.418s] Level 1:colcon.colcon_core.package_identification:_identify(venv/lib/python3.12/site-packages/pip/_vendor/resolvelib/__pycache__) by extensions ['ros']
[0.418s] Level 1:colcon.colcon_core.package_identification:_identify(venv/lib/python3.12/site-packages/pip/_vendor/resolvelib/__pycache__) by extension 'ros'
[0.418s] Level 1:colcon.colcon_core.package_identification:_identify(venv/lib/python3.12/site-packages/pip/_vendor/resolvelib/__pycache__) by extensions ['cmake', 'python']
[0.418s] Level 1:colcon.colcon_core.package_identification:_identify(venv/lib/python3.12/site-packages/pip/_vendor/resolvelib/__pycache__) by extension 'cmake'
[0.418s] Level 1:colcon.colcon_core.package_identification:_identify(venv/lib/python3.12/site-packages/pip/_vendor/resolvelib/__pycache__) by extension 'python'
[0.418s] Level 1:colcon.colcon_core.package_identification:_identify(venv/lib/python3.12/site-packages/pip/_vendor/resolvelib/__pycache__) by extensions ['python_setup_py']
[0.419s] Level 1:colcon.colcon_core.package_identification:_identify(venv/lib/python3.12/site-packages/pip/_vendor/resolvelib/__pycache__) by extension 'python_setup_py'
[0.419s] Level 1:colcon.colcon_core.package_identification:_identify(venv/lib/python3.12/site-packages/pip/_vendor/resolvelib/resolvers) by extensions ['ignore', 'ignore_ament_install']
[0.419s] Level 1:colcon.colcon_core.package_identification:_identify(venv/lib/python3.12/site-packages/pip/_vendor/resolvelib/resolvers) by extension 'ignore'
[0.419s] Level 1:colcon.colcon_core.package_identification:_identify(venv/lib/python3.12/site-packages/pip/_vendor/resolvelib/resolvers) by extension 'ignore_ament_install'
[0.419s] Level 1:colcon.colcon_core.package_identification:_identify(venv/lib/python3.12/site-packages/pip/_vendor/resolvelib/resolvers) by extensions ['colcon_pkg']
[0.419s] Level 1:colcon.colcon_core.package_identification:_identify(venv/lib/python3.12/site-packages/pip/_vendor/resolvelib/resolvers) by extension 'colcon_pkg'
[0.419s] Level 1:colcon.colcon_core.package_identification:_identify(venv/lib/python3.12/site-packages/pip/_vendor/resolvelib/resolvers) by extensions ['colcon_meta']
[0.419s] Level 1:colcon.colcon_core.package_identification:_identify(venv/lib/python3.12/site-packages/pip/_vendor/resolvelib/resolvers) by extension 'colcon_meta'
[0.419s] Level 1:colcon.colcon_core.package_identification:_identify(venv/lib/python3.12/site-packages/pip/_vendor/resolvelib/resolvers) by extensions ['ros']
[0.419s] Level 1:colcon.colcon_core.package_identification:_identify(venv/lib/python3.12/site-packages/pip/_vendor/resolvelib/resolvers) by extension 'ros'
[0.419s] Level 1:colcon.colcon_core.package_identification:_identify(venv/lib/python3.12/site-packages/pip/_vendor/resolvelib/resolvers) by extensions ['cmake', 'python']
[0.419s] Level 1:colcon.colcon_core.package_identification:_identify(venv/lib/python3.12/site-packages/pip/_vendor/resolvelib/resolvers) by extension 'cmake'
[0.419s] Level 1:colcon.colcon_core.package_identification:_identify(venv/lib/python3.12/site-packages/pip/_vendor/resolvelib/resolvers) by extension 'python'
[0.419s] Level 1:colcon.colcon_core.package_identification:_identify(venv/lib/python3.12/site-packages/pip/_vendor/resolvelib/resolvers) by extensions ['python_setup_py']
[0.420s] Level 1:colcon.colcon_core.package_identification:_identify(venv/lib/python3.12/site-packages/pip/_vendor/resolvelib/resolvers) by extension 'python_setup_py'
[0.420s] Level 1:colcon.colcon_core.package_identification:_identify(venv/lib/python3.12/site-packages/pip/_vendor/resolvelib/resolvers/__pycache__) by extensions ['ignore', 'ignore_ament_install']
[0.420s] Level 1:colcon.colcon_core.package_identification:_identify(venv/lib/python3.12/site-packages/pip/_vendor/resolvelib/resolvers/__pycache__) by extension 'ignore'
[0.420s] Level 1:colcon.colcon_core.package_identification:_identify(venv/lib/python3.12/site-packages/pip/_vendor/resolvelib/resolvers/__pycache__) by extension 'ignore_ament_install'
[0.420s] Level 1:colcon.colcon_core.package_identification:_identify(venv/lib/python3.12/site-packages/pip/_vendor/resolvelib/resolvers/__pycache__) by extensions ['colcon_pkg']
[0.420s] Level 1:colcon.colcon_core.package_identification:_identify(venv/lib/python3.12/site-packages/pip/_vendor/resolvelib/resolvers/__pycache__) by extension 'colcon_pkg'
[0.420s] Level 1:colcon.colcon_core.package_identification:_identify(venv/lib/python3.12/site-packages/pip/_vendor/resolvelib/resolvers/__pycache__) by extensions ['colcon_meta']
[0.420s] Level 1:colcon.colcon_core.package_identification:_identify(venv/lib/python3.12/site-packages/pip/_vendor/resolvelib/resolvers/__pycache__) by extension 'colcon_meta'
[0.420s] Level 1:colcon.colcon_core.package_identification:_identify(venv/lib/python3.12/site-packages/pip/_vendor/resolvelib/resolvers/__pycache__) by extensions ['ros']
[0.420s] Level 1:colcon.colcon_core.package_identification:_identify(venv/lib/python3.12/site-packages/pip/_vendor/resolvelib/resolvers/__pycache__) by extension 'ros'
[0.420s] Level 1:colcon.colcon_core.package_identification:_identify(venv/lib/python3.12/site-packages/pip/_vendor/resolvelib/resolvers/__pycache__) by extensions ['cmake', 'python']
[0.420s] Level 1:colcon.colcon_core.package_identification:_identify(venv/lib/python3.12/site-packages/pip/_vendor/resolvelib/resolvers/__pycache__) by extension 'cmake'
[0.420s] Level 1:colcon.colcon_core.package_identification:_identify(venv/lib/python3.12/site-packages/pip/_vendor/resolvelib/resolvers/__pycache__) by extension 'python'
[0.420s] Level 1:colcon.colcon_core.package_identification:_identify(venv/lib/python3.12/site-packages/pip/_vendor/resolvelib/resolvers/__pycache__) by extensions ['python_setup_py']
[0.421s] Level 1:colcon.colcon_core.package_identification:_identify(venv/lib/python3.12/site-packages/pip/_vendor/resolvelib/resolvers/__pycache__) by extension 'python_setup_py'
[0.421s] Level 1:colcon.colcon_core.package_identification:_identify(venv/lib/python3.12/site-packages/pip/_vendor/rich) by extensions ['ignore', 'ignore_ament_install']
[0.421s] Level 1:colcon.colcon_core.package_identification:_identify(venv/lib/python3.12/site-packages/pip/_vendor/rich) by extension 'ignore'
[0.421s] Level 1:colcon.colcon_core.package_identification:_identify(venv/lib/python3.12/site-packages/pip/_vendor/rich) by extension 'ignore_ament_install'
[0.421s] Level 1:colcon.colcon_core.package_identification:_identify(venv/lib/python3.12/site-packages/pip/_vendor/rich) by extensions ['colcon_pkg']
[0.421s] Level 1:colcon.colcon_core.package_identification:_identify(venv/lib/python3.12/site-packages/pip/_vendor/rich) by extension 'colcon_pkg'
[0.421s] Level 1:colcon.colcon_core.package_identification:_identify(venv/lib/python3.12/site-packages/pip/_vendor/rich) by extensions ['colcon_meta']
[0.421s] Level 1:colcon.colcon_core.package_identification:_identify(venv/lib/python3.12/site-packages/pip/_vendor/rich) by extension 'colcon_meta'
[0.421s] Level 1:colcon.colcon_core.package_identification:_identify(venv/lib/python3.12/site-packages/pip/_vendor/rich) by extensions ['ros']
[0.421s] Level 1:colcon.colcon_core.package_identification:_identify(venv/lib/python3.12/site-packages/pip/_vendor/rich) by extension 'ros'
[0.421s] Level 1:colcon.colcon_core.package_identification:_identify(venv/lib/python3.12/site-packages/pip/_vendor/rich) by extensions ['cmake', 'python']
[0.421s] Level 1:colcon.colcon_core.package_identification:_identify(venv/lib/python3.12/site-packages/pip/_vendor/rich) by extension 'cmake'
[0.421s] Level 1:colcon.colcon_core.package_identification:_identify(venv/lib/python3.12/site-packages/pip/_vendor/rich) by extension 'python'
[0.422s] Level 1:colcon.colcon_core.package_identification:_identify(venv/lib/python3.12/site-packages/pip/_vendor/rich) by extensions ['python_setup_py']
[0.422s] Level 1:colcon.colcon_core.package_identification:_identify(venv/lib/python3.12/site-packages/pip/_vendor/rich) by extension 'python_setup_py'
[0.422s] Level 1:colcon.colcon_core.package_identification:_identify(venv/lib/python3.12/site-packages/pip/_vendor/rich/__pycache__) by extensions ['ignore', 'ignore_ament_install']
[0.422s] Level 1:colcon.colcon_core.package_identification:_identify(venv/lib/python3.12/site-packages/pip/_vendor/rich/__pycache__) by extension 'ignore'
[0.422s] Level 1:colcon.colcon_core.package_identification:_identify(venv/lib/python3.12/site-packages/pip/_vendor/rich/__pycache__) by extension 'ignore_ament_install'
[0.422s] Level 1:colcon.colcon_core.package_identification:_identify(venv/lib/python3.12/site-packages/pip/_vendor/rich/__pycache__) by extensions ['colcon_pkg']
[0.422s] Level 1:colcon.colcon_core.package_identification:_identify(venv/lib/python3.12/site-packages/pip/_vendor/rich/__pycache__) by extension 'colcon_pkg'
[0.422s] Level 1:colcon.colcon_core.package_identification:_identify(venv/lib/python3.12/site-packages/pip/_vendor/rich/__pycache__) by extensions ['colcon_meta']
[0.422s] Level 1:colcon.colcon_core.package_identification:_identify(venv/lib/python3.12/site-packages/pip/_vendor/rich/__pycache__) by extension 'colcon_meta'
[0.422s] Level 1:colcon.colcon_core.package_identification:_identify(venv/lib/python3.12/site-packages/pip/_vendor/rich/__pycache__) by extensions ['ros']
[0.422s] Level 1:colcon.colcon_core.package_identification:_identify(venv/lib/python3.12/site-packages/pip/_vendor/rich/__pycache__) by extension 'ros'
[0.422s] Level 1:colcon.colcon_core.package_identification:_identify(venv/lib/python3.12/site-packages/pip/_vendor/rich/__pycache__) by extensions ['cmake', 'python']
[0.422s] Level 1:colcon.colcon_core.package_identification:_identify(venv/lib/python3.12/site-packages/pip/_vendor/rich/__pycache__) by extension 'cmake'
[0.423s] Level 1:colcon.colcon_core.package_identification:_identify(venv/lib/python3.12/site-packages/pip/_vendor/rich/__pycache__) by extension 'python'
[0.423s] Level 1:colcon.colcon_core.package_identification:_identify(venv/lib/python3.12/site-packages/pip/_vendor/rich/__pycache__) by extensions ['python_setup_py']
[0.423s] Level 1:colcon.colcon_core.package_identification:_identify(venv/lib/python3.12/site-packages/pip/_vendor/rich/__pycache__) by extension 'python_setup_py'
[0.423s] Level 1:colcon.colcon_core.package_identification:_identify(venv/lib/python3.12/site-packages/pip/_vendor/tomli) by extensions ['ignore', 'ignore_ament_install']
[0.423s] Level 1:colcon.colcon_core.package_identification:_identify(venv/lib/python3.12/site-packages/pip/_vendor/tomli) by extension 'ignore'
[0.423s] Level 1:colcon.colcon_core.package_identification:_identify(venv/lib/python3.12/site-packages/pip/_vendor/tomli) by extension 'ignore_ament_install'
[0.423s] Level 1:colcon.colcon_core.package_identification:_identify(venv/lib/python3.12/site-packages/pip/_vendor/tomli) by extensions ['colcon_pkg']
[0.423s] Level 1:colcon.colcon_core.package_identification:_identify(venv/lib/python3.12/site-packages/pip/_vendor/tomli) by extension 'colcon_pkg'
[0.423s] Level 1:colcon.colcon_core.package_identification:_identify(venv/lib/python3.12/site-packages/pip/_vendor/tomli) by extensions ['colcon_meta']
[0.423s] Level 1:colcon.colcon_core.package_identification:_identify(venv/lib/python3.12/site-packages/pip/_vendor/tomli) by extension 'colcon_meta'
[0.423s] Level 1:colcon.colcon_core.package_identification:_identify(venv/lib/python3.12/site-packages/pip/_vendor/tomli) by extensions ['ros']
[0.423s] Level 1:colcon.colcon_core.package_identification:_identify(venv/lib/python3.12/site-packages/pip/_vendor/tomli) by extension 'ros'
[0.423s] Level 1:colcon.colcon_core.package_identification:_identify(venv/lib/python3.12/site-packages/pip/_vendor/tomli) by extensions ['cmake', 'python']
[0.423s] Level 1:colcon.colcon_core.package_identification:_identify(venv/lib/python3.12/site-packages/pip/_vendor/tomli) by extension 'cmake'
[0.424s] Level 1:colcon.colcon_core.package_identification:_identify(venv/lib/python3.12/site-packages/pip/_vendor/tomli) by extension 'python'
[0.424s] Level 1:colcon.colcon_core.package_identification:_identify(venv/lib/python3.12/site-packages/pip/_vendor/tomli) by extensions ['python_setup_py']
[0.424s] Level 1:colcon.colcon_core.package_identification:_identify(venv/lib/python3.12/site-packages/pip/_vendor/tomli) by extension 'python_setup_py'
[0.424s] Level 1:colcon.colcon_core.package_identification:_identify(venv/lib/python3.12/site-packages/pip/_vendor/tomli/__pycache__) by extensions ['ignore', 'ignore_ament_install']
[0.424s] Level 1:colcon.colcon_core.package_identification:_identify(venv/lib/python3.12/site-packages/pip/_vendor/tomli/__pycache__) by extension 'ignore'
[0.424s] Level 1:colcon.colcon_core.package_identification:_identify(venv/lib/python3.12/site-packages/pip/_vendor/tomli/__pycache__) by extension 'ignore_ament_install'
[0.424s] Level 1:colcon.colcon_core.package_identification:_identify(venv/lib/python3.12/site-packages/pip/_vendor/tomli/__pycache__) by extensions ['colcon_pkg']
[0.424s] Level 1:colcon.colcon_core.package_identification:_identify(venv/lib/python3.12/site-packages/pip/_vendor/tomli/__pycache__) by extension 'colcon_pkg'
[0.424s] Level 1:colcon.colcon_core.package_identification:_identify(venv/lib/python3.12/site-packages/pip/_vendor/tomli/__pycache__) by extensions ['colcon_meta']
[0.424s] Level 1:colcon.colcon_core.package_identification:_identify(venv/lib/python3.12/site-packages/pip/_vendor/tomli/__pycache__) by extension 'colcon_meta'
[0.424s] Level 1:colcon.colcon_core.package_identification:_identify(venv/lib/python3.12/site-packages/pip/_vendor/tomli/__pycache__) by extensions ['ros']
[0.424s] Level 1:colcon.colcon_core.package_identification:_identify(venv/lib/python3.12/site-packages/pip/_vendor/tomli/__pycache__) by extension 'ros'
[0.424s] Level 1:colcon.colcon_core.package_identification:_identify(venv/lib/python3.12/site-packages/pip/_vendor/tomli/__pycache__) by extensions ['cmake', 'python']
[0.424s] Level 1:colcon.colcon_core.package_identification:_identify(venv/lib/python3.12/site-packages/pip/_vendor/tomli/__pycache__) by extension 'cmake'
[0.425s] Level 1:colcon.colcon_core.package_identification:_identify(venv/lib/python3.12/site-packages/pip/_vendor/tomli/__pycache__) by extension 'python'
[0.425s] Level 1:colcon.colcon_core.package_identification:_identify(venv/lib/python3.12/site-packages/pip/_vendor/tomli/__pycache__) by extensions ['python_setup_py']
[0.425s] Level 1:colcon.colcon_core.package_identification:_identify(venv/lib/python3.12/site-packages/pip/_vendor/tomli/__pycache__) by extension 'python_setup_py'
[0.425s] Level 1:colcon.colcon_core.package_identification:_identify(venv/lib/python3.12/site-packages/pip/_vendor/tomli_w) by extensions ['ignore', 'ignore_ament_install']
[0.425s] Level 1:colcon.colcon_core.package_identification:_identify(venv/lib/python3.12/site-packages/pip/_vendor/tomli_w) by extension 'ignore'
[0.425s] Level 1:colcon.colcon_core.package_identification:_identify(venv/lib/python3.12/site-packages/pip/_vendor/tomli_w) by extension 'ignore_ament_install'
[0.425s] Level 1:colcon.colcon_core.package_identification:_identify(venv/lib/python3.12/site-packages/pip/_vendor/tomli_w) by extensions ['colcon_pkg']
[0.425s] Level 1:colcon.colcon_core.package_identification:_identify(venv/lib/python3.12/site-packages/pip/_vendor/tomli_w) by extension 'colcon_pkg'
[0.425s] Level 1:colcon.colcon_core.package_identification:_identify(venv/lib/python3.12/site-packages/pip/_vendor/tomli_w) by extensions ['colcon_meta']
[0.425s] Level 1:colcon.colcon_core.package_identification:_identify(venv/lib/python3.12/site-packages/pip/_vendor/tomli_w) by extension 'colcon_meta'
[0.425s] Level 1:colcon.colcon_core.package_identification:_identify(venv/lib/python3.12/site-packages/pip/_vendor/tomli_w) by extensions ['ros']
[0.425s] Level 1:colcon.colcon_core.package_identification:_identify(venv/lib/python3.12/site-packages/pip/_vendor/tomli_w) by extension 'ros'
[0.425s] Level 1:colcon.colcon_core.package_identification:_identify(venv/lib/python3.12/site-packages/pip/_vendor/tomli_w) by extensions ['cmake', 'python']
[0.425s] Level 1:colcon.colcon_core.package_identification:_identify(venv/lib/python3.12/site-packages/pip/_vendor/tomli_w) by extension 'cmake'
[0.426s] Level 1:colcon.colcon_core.package_identification:_identify(venv/lib/python3.12/site-packages/pip/_vendor/tomli_w) by extension 'python'
[0.426s] Level 1:colcon.colcon_core.package_identification:_identify(venv/lib/python3.12/site-packages/pip/_vendor/tomli_w) by extensions ['python_setup_py']
[0.426s] Level 1:colcon.colcon_core.package_identification:_identify(venv/lib/python3.12/site-packages/pip/_vendor/tomli_w) by extension 'python_setup_py'
[0.426s] Level 1:colcon.colcon_core.package_identification:_identify(venv/lib/python3.12/site-packages/pip/_vendor/tomli_w/__pycache__) by extensions ['ignore', 'ignore_ament_install']
[0.426s] Level 1:colcon.colcon_core.package_identification:_identify(venv/lib/python3.12/site-packages/pip/_vendor/tomli_w/__pycache__) by extension 'ignore'
[0.426s] Level 1:colcon.colcon_core.package_identification:_identify(venv/lib/python3.12/site-packages/pip/_vendor/tomli_w/__pycache__) by extension 'ignore_ament_install'
[0.426s] Level 1:colcon.colcon_core.package_identification:_identify(venv/lib/python3.12/site-packages/pip/_vendor/tomli_w/__pycache__) by extensions ['colcon_pkg']
[0.426s] Level 1:colcon.colcon_core.package_identification:_identify(venv/lib/python3.12/site-packages/pip/_vendor/tomli_w/__pycache__) by extension 'colcon_pkg'
[0.426s] Level 1:colcon.colcon_core.package_identification:_identify(venv/lib/python3.12/site-packages/pip/_vendor/tomli_w/__pycache__) by extensions ['colcon_meta']
[0.426s] Level 1:colcon.colcon_core.package_identification:_identify(venv/lib/python3.12/site-packages/pip/_vendor/tomli_w/__pycache__) by extension 'colcon_meta'
[0.426s] Level 1:colcon.colcon_core.package_identification:_identify(venv/lib/python3.12/site-packages/pip/_vendor/tomli_w/__pycache__) by extensions ['ros']
[0.426s] Level 1:colcon.colcon_core.package_identification:_identify(venv/lib/python3.12/site-packages/pip/_vendor/tomli_w/__pycache__) by extension 'ros'
[0.426s] Level 1:colcon.colcon_core.package_identification:_identify(venv/lib/python3.12/site-packages/pip/_vendor/tomli_w/__pycache__) by extensions ['cmake', 'python']
[0.427s] Level 1:colcon.colcon_core.package_identification:_identify(venv/lib/python3.12/site-packages/pip/_vendor/tomli_w/__pycache__) by extension 'cmake'
[0.427s] Level 1:colcon.colcon_core.package_identification:_identify(venv/lib/python3.12/site-packages/pip/_vendor/tomli_w/__pycache__) by extension 'python'
[0.427s] Level 1:colcon.colcon_core.package_identification:_identify(venv/lib/python3.12/site-packages/pip/_vendor/tomli_w/__pycache__) by extensions ['python_setup_py']
[0.427s] Level 1:colcon.colcon_core.package_identification:_identify(venv/lib/python3.12/site-packages/pip/_vendor/tomli_w/__pycache__) by extension 'python_setup_py'
[0.427s] Level 1:colcon.colcon_core.package_identification:_identify(venv/lib/python3.12/site-packages/pip/_vendor/truststore) by extensions ['ignore', 'ignore_ament_install']
[0.427s] Level 1:colcon.colcon_core.package_identification:_identify(venv/lib/python3.12/site-packages/pip/_vendor/truststore) by extension 'ignore'
[0.427s] Level 1:colcon.colcon_core.package_identification:_identify(venv/lib/python3.12/site-packages/pip/_vendor/truststore) by extension 'ignore_ament_install'
[0.427s] Level 1:colcon.colcon_core.package_identification:_identify(venv/lib/python3.12/site-packages/pip/_vendor/truststore) by extensions ['colcon_pkg']
[0.427s] Level 1:colcon.colcon_core.package_identification:_identify(venv/lib/python3.12/site-packages/pip/_vendor/truststore) by extension 'colcon_pkg'
[0.427s] Level 1:colcon.colcon_core.package_identification:_identify(venv/lib/python3.12/site-packages/pip/_vendor/truststore) by extensions ['colcon_meta']
[0.427s] Level 1:colcon.colcon_core.package_identification:_identify(venv/lib/python3.12/site-packages/pip/_vendor/truststore) by extension 'colcon_meta'
[0.427s] Level 1:colcon.colcon_core.package_identification:_identify(venv/lib/python3.12/site-packages/pip/_vendor/truststore) by extensions ['ros']
[0.427s] Level 1:colcon.colcon_core.package_identification:_identify(venv/lib/python3.12/site-packages/pip/_vendor/truststore) by extension 'ros'
[0.428s] Level 1:colcon.colcon_core.package_identification:_identify(venv/lib/python3.12/site-packages/pip/_vendor/truststore) by extensions ['cmake', 'python']
[0.428s] Level 1:colcon.colcon_core.package_identification:_identify(venv/lib/python3.12/site-packages/pip/_vendor/truststore) by extension 'cmake'
[0.428s] Level 1:colcon.colcon_core.package_identification:_identify(venv/lib/python3.12/site-packages/pip/_vendor/truststore) by extension 'python'
[0.428s] Level 1:colcon.colcon_core.package_identification:_identify(venv/lib/python3.12/site-packages/pip/_vendor/truststore) by extensions ['python_setup_py']
[0.428s] Level 1:colcon.colcon_core.package_identification:_identify(venv/lib/python3.12/site-packages/pip/_vendor/truststore) by extension 'python_setup_py'
[0.428s] Level 1:colcon.colcon_core.package_identification:_identify(venv/lib/python3.12/site-packages/pip/_vendor/truststore/__pycache__) by extensions ['ignore', 'ignore_ament_install']
[0.428s] Level 1:colcon.colcon_core.package_identification:_identify(venv/lib/python3.12/site-packages/pip/_vendor/truststore/__pycache__) by extension 'ignore'
[0.428s] Level 1:colcon.colcon_core.package_identification:_identify(venv/lib/python3.12/site-packages/pip/_vendor/truststore/__pycache__) by extension 'ignore_ament_install'
[0.428s] Level 1:colcon.colcon_core.package_identification:_identify(venv/lib/python3.12/site-packages/pip/_vendor/truststore/__pycache__) by extensions ['colcon_pkg']
[0.428s] Level 1:colcon.colcon_core.package_identification:_identify(venv/lib/python3.12/site-packages/pip/_vendor/truststore/__pycache__) by extension 'colcon_pkg'
[0.428s] Level 1:colcon.colcon_core.package_identification:_identify(venv/lib/python3.12/site-packages/pip/_vendor/truststore/__pycache__) by extensions ['colcon_meta']
[0.428s] Level 1:colcon.colcon_core.package_identification:_identify(venv/lib/python3.12/site-packages/pip/_vendor/truststore/__pycache__) by extension 'colcon_meta'
[0.428s] Level 1:colcon.colcon_core.package_identification:_identify(venv/lib/python3.12/site-packages/pip/_vendor/truststore/__pycache__) by extensions ['ros']
[0.429s] Level 1:colcon.colcon_core.package_identification:_identify(venv/lib/python3.12/site-packages/pip/_vendor/truststore/__pycache__) by extension 'ros'
[0.429s] Level 1:colcon.colcon_core.package_identification:_identify(venv/lib/python3.12/site-packages/pip/_vendor/truststore/__pycache__) by extensions ['cmake', 'python']
[0.429s] Level 1:colcon.colcon_core.package_identification:_identify(venv/lib/python3.12/site-packages/pip/_vendor/truststore/__pycache__) by extension 'cmake'
[0.429s] Level 1:colcon.colcon_core.package_identification:_identify(venv/lib/python3.12/site-packages/pip/_vendor/truststore/__pycache__) by extension 'python'
[0.429s] Level 1:colcon.colcon_core.package_identification:_identify(venv/lib/python3.12/site-packages/pip/_vendor/truststore/__pycache__) by extensions ['python_setup_py']
[0.429s] Level 1:colcon.colcon_core.package_identification:_identify(venv/lib/python3.12/site-packages/pip/_vendor/truststore/__pycache__) by extension 'python_setup_py'
[0.429s] Level 1:colcon.colcon_core.package_identification:_identify(venv/lib/python3.12/site-packages/pip/_vendor/urllib3) by extensions ['ignore', 'ignore_ament_install']
[0.429s] Level 1:colcon.colcon_core.package_identification:_identify(venv/lib/python3.12/site-packages/pip/_vendor/urllib3) by extension 'ignore'
[0.429s] Level 1:colcon.colcon_core.package_identification:_identify(venv/lib/python3.12/site-packages/pip/_vendor/urllib3) by extension 'ignore_ament_install'
[0.429s] Level 1:colcon.colcon_core.package_identification:_identify(venv/lib/python3.12/site-packages/pip/_vendor/urllib3) by extensions ['colcon_pkg']
[0.429s] Level 1:colcon.colcon_core.package_identification:_identify(venv/lib/python3.12/site-packages/pip/_vendor/urllib3) by extension 'colcon_pkg'
[0.430s] Level 1:colcon.colcon_core.package_identification:_identify(venv/lib/python3.12/site-packages/pip/_vendor/urllib3) by extensions ['colcon_meta']
[0.430s] Level 1:colcon.colcon_core.package_identification:_identify(venv/lib/python3.12/site-packages/pip/_vendor/urllib3) by extension 'colcon_meta'
[0.430s] Level 1:colcon.colcon_core.package_identification:_identify(venv/lib/python3.12/site-packages/pip/_vendor/urllib3) by extensions ['ros']
[0.430s] Level 1:colcon.colcon_core.package_identification:_identify(venv/lib/python3.12/site-packages/pip/_vendor/urllib3) by extension 'ros'
[0.430s] Level 1:colcon.colcon_core.package_identification:_identify(venv/lib/python3.12/site-packages/pip/_vendor/urllib3) by extensions ['cmake', 'python']
[0.430s] Level 1:colcon.colcon_core.package_identification:_identify(venv/lib/python3.12/site-packages/pip/_vendor/urllib3) by extension 'cmake'
[0.430s] Level 1:colcon.colcon_core.package_identification:_identify(venv/lib/python3.12/site-packages/pip/_vendor/urllib3) by extension 'python'
[0.430s] Level 1:colcon.colcon_core.package_identification:_identify(venv/lib/python3.12/site-packages/pip/_vendor/urllib3) by extensions ['python_setup_py']
[0.430s] Level 1:colcon.colcon_core.package_identification:_identify(venv/lib/python3.12/site-packages/pip/_vendor/urllib3) by extension 'python_setup_py'
[0.430s] Level 1:colcon.colcon_core.package_identification:_identify(venv/lib/python3.12/site-packages/pip/_vendor/urllib3/__pycache__) by extensions ['ignore', 'ignore_ament_install']
[0.430s] Level 1:colcon.colcon_core.package_identification:_identify(venv/lib/python3.12/site-packages/pip/_vendor/urllib3/__pycache__) by extension 'ignore'
[0.430s] Level 1:colcon.colcon_core.package_identification:_identify(venv/lib/python3.12/site-packages/pip/_vendor/urllib3/__pycache__) by extension 'ignore_ament_install'
[0.430s] Level 1:colcon.colcon_core.package_identification:_identify(venv/lib/python3.12/site-packages/pip/_vendor/urllib3/__pycache__) by extensions ['colcon_pkg']
[0.430s] Level 1:colcon.colcon_core.package_identification:_identify(venv/lib/python3.12/site-packages/pip/_vendor/urllib3/__pycache__) by extension 'colcon_pkg'
[0.431s] Level 1:colcon.colcon_core.package_identification:_identify(venv/lib/python3.12/site-packages/pip/_vendor/urllib3/__pycache__) by extensions ['colcon_meta']
[0.431s] Level 1:colcon.colcon_core.package_identification:_identify(venv/lib/python3.12/site-packages/pip/_vendor/urllib3/__pycache__) by extension 'colcon_meta'
[0.431s] Level 1:colcon.colcon_core.package_identification:_identify(venv/lib/python3.12/site-packages/pip/_vendor/urllib3/__pycache__) by extensions ['ros']
[0.431s] Level 1:colcon.colcon_core.package_identification:_identify(venv/lib/python3.12/site-packages/pip/_vendor/urllib3/__pycache__) by extension 'ros'
[0.431s] Level 1:colcon.colcon_core.package_identification:_identify(venv/lib/python3.12/site-packages/pip/_vendor/urllib3/__pycache__) by extensions ['cmake', 'python']
[0.431s] Level 1:colcon.colcon_core.package_identification:_identify(venv/lib/python3.12/site-packages/pip/_vendor/urllib3/__pycache__) by extension 'cmake'
[0.431s] Level 1:colcon.colcon_core.package_identification:_identify(venv/lib/python3.12/site-packages/pip/_vendor/urllib3/__pycache__) by extension 'python'
[0.431s] Level 1:colcon.colcon_core.package_identification:_identify(venv/lib/python3.12/site-packages/pip/_vendor/urllib3/__pycache__) by extensions ['python_setup_py']
[0.431s] Level 1:colcon.colcon_core.package_identification:_identify(venv/lib/python3.12/site-packages/pip/_vendor/urllib3/__pycache__) by extension 'python_setup_py'
[0.431s] Level 1:colcon.colcon_core.package_identification:_identify(venv/lib/python3.12/site-packages/pip/_vendor/urllib3/contrib) by extensions ['ignore', 'ignore_ament_install']
[0.431s] Level 1:colcon.colcon_core.package_identification:_identify(venv/lib/python3.12/site-packages/pip/_vendor/urllib3/contrib) by extension 'ignore'
[0.431s] Level 1:colcon.colcon_core.package_identification:_identify(venv/lib/python3.12/site-packages/pip/_vendor/urllib3/contrib) by extension 'ignore_ament_install'
[0.431s] Level 1:colcon.colcon_core.package_identification:_identify(venv/lib/python3.12/site-packages/pip/_vendor/urllib3/contrib) by extensions ['colcon_pkg']
[0.432s] Level 1:colcon.colcon_core.package_identification:_identify(venv/lib/python3.12/site-packages/pip/_vendor/urllib3/contrib) by extension 'colcon_pkg'
[0.432s] Level 1:colcon.colcon_core.package_identification:_identify(venv/lib/python3.12/site-packages/pip/_vendor/urllib3/contrib) by extensions ['colcon_meta']
[0.432s] Level 1:colcon.colcon_core.package_identification:_identify(venv/lib/python3.12/site-packages/pip/_vendor/urllib3/contrib) by extension 'colcon_meta'
[0.432s] Level 1:colcon.colcon_core.package_identification:_identify(venv/lib/python3.12/site-packages/pip/_vendor/urllib3/contrib) by extensions ['ros']
[0.432s] Level 1:colcon.colcon_core.package_identification:_identify(venv/lib/python3.12/site-packages/pip/_vendor/urllib3/contrib) by extension 'ros'
[0.432s] Level 1:colcon.colcon_core.package_identification:_identify(venv/lib/python3.12/site-packages/pip/_vendor/urllib3/contrib) by extensions ['cmake', 'python']
[0.432s] Level 1:colcon.colcon_core.package_identification:_identify(venv/lib/python3.12/site-packages/pip/_vendor/urllib3/contrib) by extension 'cmake'
[0.432s] Level 1:colcon.colcon_core.package_identification:_identify(venv/lib/python3.12/site-packages/pip/_vendor/urllib3/contrib) by extension 'python'
[0.432s] Level 1:colcon.colcon_core.package_identification:_identify(venv/lib/python3.12/site-packages/pip/_vendor/urllib3/contrib) by extensions ['python_setup_py']
[0.432s] Level 1:colcon.colcon_core.package_identification:_identify(venv/lib/python3.12/site-packages/pip/_vendor/urllib3/contrib) by extension 'python_setup_py'
[0.432s] Level 1:colcon.colcon_core.package_identification:_identify(venv/lib/python3.12/site-packages/pip/_vendor/urllib3/contrib/__pycache__) by extensions ['ignore', 'ignore_ament_install']
[0.432s] Level 1:colcon.colcon_core.package_identification:_identify(venv/lib/python3.12/site-packages/pip/_vendor/urllib3/contrib/__pycache__) by extension 'ignore'
[0.432s] Level 1:colcon.colcon_core.package_identification:_identify(venv/lib/python3.12/site-packages/pip/_vendor/urllib3/contrib/__pycache__) by extension 'ignore_ament_install'
[0.433s] Level 1:colcon.colcon_core.package_identification:_identify(venv/lib/python3.12/site-packages/pip/_vendor/urllib3/contrib/__pycache__) by extensions ['colcon_pkg']
[0.433s] Level 1:colcon.colcon_core.package_identification:_identify(venv/lib/python3.12/site-packages/pip/_vendor/urllib3/contrib/__pycache__) by extension 'colcon_pkg'
[0.433s] Level 1:colcon.colcon_core.package_identification:_identify(venv/lib/python3.12/site-packages/pip/_vendor/urllib3/contrib/__pycache__) by extensions ['colcon_meta']
[0.433s] Level 1:colcon.colcon_core.package_identification:_identify(venv/lib/python3.12/site-packages/pip/_vendor/urllib3/contrib/__pycache__) by extension 'colcon_meta'
[0.433s] Level 1:colcon.colcon_core.package_identification:_identify(venv/lib/python3.12/site-packages/pip/_vendor/urllib3/contrib/__pycache__) by extensions ['ros']
[0.433s] Level 1:colcon.colcon_core.package_identification:_identify(venv/lib/python3.12/site-packages/pip/_vendor/urllib3/contrib/__pycache__) by extension 'ros'
[0.433s] Level 1:colcon.colcon_core.package_identification:_identify(venv/lib/python3.12/site-packages/pip/_vendor/urllib3/contrib/__pycache__) by extensions ['cmake', 'python']
[0.433s] Level 1:colcon.colcon_core.package_identification:_identify(venv/lib/python3.12/site-packages/pip/_vendor/urllib3/contrib/__pycache__) by extension 'cmake'
[0.433s] Level 1:colcon.colcon_core.package_identification:_identify(venv/lib/python3.12/site-packages/pip/_vendor/urllib3/contrib/__pycache__) by extension 'python'
[0.433s] Level 1:colcon.colcon_core.package_identification:_identify(venv/lib/python3.12/site-packages/pip/_vendor/urllib3/contrib/__pycache__) by extensions ['python_setup_py']
[0.433s] Level 1:colcon.colcon_core.package_identification:_identify(venv/lib/python3.12/site-packages/pip/_vendor/urllib3/contrib/__pycache__) by extension 'python_setup_py'
[0.433s] Level 1:colcon.colcon_core.package_identification:_identify(venv/lib/python3.12/site-packages/pip/_vendor/urllib3/contrib/emscripten) by extensions ['ignore', 'ignore_ament_install']
[0.433s] Level 1:colcon.colcon_core.package_identification:_identify(venv/lib/python3.12/site-packages/pip/_vendor/urllib3/contrib/emscripten) by extension 'ignore'
[0.433s] Level 1:colcon.colcon_core.package_identification:_identify(venv/lib/python3.12/site-packages/pip/_vendor/urllib3/contrib/emscripten) by extension 'ignore_ament_install'
[0.434s] Level 1:colcon.colcon_core.package_identification:_identify(venv/lib/python3.12/site-packages/pip/_vendor/urllib3/contrib/emscripten) by extensions ['colcon_pkg']
[0.434s] Level 1:colcon.colcon_core.package_identification:_identify(venv/lib/python3.12/site-packages/pip/_vendor/urllib3/contrib/emscripten) by extension 'colcon_pkg'
[0.434s] Level 1:colcon.colcon_core.package_identification:_identify(venv/lib/python3.12/site-packages/pip/_vendor/urllib3/contrib/emscripten) by extensions ['colcon_meta']
[0.434s] Level 1:colcon.colcon_core.package_identification:_identify(venv/lib/python3.12/site-packages/pip/_vendor/urllib3/contrib/emscripten) by extension 'colcon_meta'
[0.434s] Level 1:colcon.colcon_core.package_identification:_identify(venv/lib/python3.12/site-packages/pip/_vendor/urllib3/contrib/emscripten) by extensions ['ros']
[0.434s] Level 1:colcon.colcon_core.package_identification:_identify(venv/lib/python3.12/site-packages/pip/_vendor/urllib3/contrib/emscripten) by extension 'ros'
[0.434s] Level 1:colcon.colcon_core.package_identification:_identify(venv/lib/python3.12/site-packages/pip/_vendor/urllib3/contrib/emscripten) by extensions ['cmake', 'python']
[0.434s] Level 1:colcon.colcon_core.package_identification:_identify(venv/lib/python3.12/site-packages/pip/_vendor/urllib3/contrib/emscripten) by extension 'cmake'
[0.434s] Level 1:colcon.colcon_core.package_identification:_identify(venv/lib/python3.12/site-packages/pip/_vendor/urllib3/contrib/emscripten) by extension 'python'
[0.434s] Level 1:colcon.colcon_core.package_identification:_identify(venv/lib/python3.12/site-packages/pip/_vendor/urllib3/contrib/emscripten) by extensions ['python_setup_py']
[0.434s] Level 1:colcon.colcon_core.package_identification:_identify(venv/lib/python3.12/site-packages/pip/_vendor/urllib3/contrib/emscripten) by extension 'python_setup_py'
[0.434s] Level 1:colcon.colcon_core.package_identification:_identify(venv/lib/python3.12/site-packages/pip/_vendor/urllib3/contrib/emscripten/__pycache__) by extensions ['ignore', 'ignore_ament_install']
[0.434s] Level 1:colcon.colcon_core.package_identification:_identify(venv/lib/python3.12/site-packages/pip/_vendor/urllib3/contrib/emscripten/__pycache__) by extension 'ignore'
[0.434s] Level 1:colcon.colcon_core.package_identification:_identify(venv/lib/python3.12/site-packages/pip/_vendor/urllib3/contrib/emscripten/__pycache__) by extension 'ignore_ament_install'
[0.435s] Level 1:colcon.colcon_core.package_identification:_identify(venv/lib/python3.12/site-packages/pip/_vendor/urllib3/contrib/emscripten/__pycache__) by extensions ['colcon_pkg']
[0.435s] Level 1:colcon.colcon_core.package_identification:_identify(venv/lib/python3.12/site-packages/pip/_vendor/urllib3/contrib/emscripten/__pycache__) by extension 'colcon_pkg'
[0.435s] Level 1:colcon.colcon_core.package_identification:_identify(venv/lib/python3.12/site-packages/pip/_vendor/urllib3/contrib/emscripten/__pycache__) by extensions ['colcon_meta']
[0.435s] Level 1:colcon.colcon_core.package_identification:_identify(venv/lib/python3.12/site-packages/pip/_vendor/urllib3/contrib/emscripten/__pycache__) by extension 'colcon_meta'
[0.435s] Level 1:colcon.colcon_core.package_identification:_identify(venv/lib/python3.12/site-packages/pip/_vendor/urllib3/contrib/emscripten/__pycache__) by extensions ['ros']
[0.435s] Level 1:colcon.colcon_core.package_identification:_identify(venv/lib/python3.12/site-packages/pip/_vendor/urllib3/contrib/emscripten/__pycache__) by extension 'ros'
[0.435s] Level 1:colcon.colcon_core.package_identification:_identify(venv/lib/python3.12/site-packages/pip/_vendor/urllib3/contrib/emscripten/__pycache__) by extensions ['cmake', 'python']
[0.435s] Level 1:colcon.colcon_core.package_identification:_identify(venv/lib/python3.12/site-packages/pip/_vendor/urllib3/contrib/emscripten/__pycache__) by extension 'cmake'
[0.435s] Level 1:colcon.colcon_core.package_identification:_identify(venv/lib/python3.12/site-packages/pip/_vendor/urllib3/contrib/emscripten/__pycache__) by extension 'python'
[0.435s] Level 1:colcon.colcon_core.package_identification:_identify(venv/lib/python3.12/site-packages/pip/_vendor/urllib3/contrib/emscripten/__pycache__) by extensions ['python_setup_py']
[0.435s] Level 1:colcon.colcon_core.package_identification:_identify(venv/lib/python3.12/site-packages/pip/_vendor/urllib3/contrib/emscripten/__pycache__) by extension 'python_setup_py'
[0.435s] Level 1:colcon.colcon_core.package_identification:_identify(venv/lib/python3.12/site-packages/pip/_vendor/urllib3/http2) by extensions ['ignore', 'ignore_ament_install']
[0.435s] Level 1:colcon.colcon_core.package_identification:_identify(venv/lib/python3.12/site-packages/pip/_vendor/urllib3/http2) by extension 'ignore'
[0.436s] Level 1:colcon.colcon_core.package_identification:_identify(venv/lib/python3.12/site-packages/pip/_vendor/urllib3/http2) by extension 'ignore_ament_install'
[0.436s] Level 1:colcon.colcon_core.package_identification:_identify(venv/lib/python3.12/site-packages/pip/_vendor/urllib3/http2) by extensions ['colcon_pkg']
[0.436s] Level 1:colcon.colcon_core.package_identification:_identify(venv/lib/python3.12/site-packages/pip/_vendor/urllib3/http2) by extension 'colcon_pkg'
[0.436s] Level 1:colcon.colcon_core.package_identification:_identify(venv/lib/python3.12/site-packages/pip/_vendor/urllib3/http2) by extensions ['colcon_meta']
[0.436s] Level 1:colcon.colcon_core.package_identification:_identify(venv/lib/python3.12/site-packages/pip/_vendor/urllib3/http2) by extension 'colcon_meta'
[0.436s] Level 1:colcon.colcon_core.package_identification:_identify(venv/lib/python3.12/site-packages/pip/_vendor/urllib3/http2) by extensions ['ros']
[0.436s] Level 1:colcon.colcon_core.package_identification:_identify(venv/lib/python3.12/site-packages/pip/_vendor/urllib3/http2) by extension 'ros'
[0.436s] Level 1:colcon.colcon_core.package_identification:_identify(venv/lib/python3.12/site-packages/pip/_vendor/urllib3/http2) by extensions ['cmake', 'python']
[0.436s] Level 1:colcon.colcon_core.package_identification:_identify(venv/lib/python3.12/site-packages/pip/_vendor/urllib3/http2) by extension 'cmake'
[0.436s] Level 1:colcon.colcon_core.package_identification:_identify(venv/lib/python3.12/site-packages/pip/_vendor/urllib3/http2) by extension 'python'
[0.436s] Level 1:colcon.colcon_core.package_identification:_identify(venv/lib/python3.12/site-packages/pip/_vendor/urllib3/http2) by extensions ['python_setup_py']
[0.436s] Level 1:colcon.colcon_core.package_identification:_identify(venv/lib/python3.12/site-packages/pip/_vendor/urllib3/http2) by extension 'python_setup_py'
[0.436s] Level 1:colcon.colcon_core.package_identification:_identify(venv/lib/python3.12/site-packages/pip/_vendor/urllib3/http2/__pycache__) by extensions ['ignore', 'ignore_ament_install']
[0.436s] Level 1:colcon.colcon_core.package_identification:_identify(venv/lib/python3.12/site-packages/pip/_vendor/urllib3/http2/__pycache__) by extension 'ignore'
[0.437s] Level 1:colcon.colcon_core.package_identification:_identify(venv/lib/python3.12/site-packages/pip/_vendor/urllib3/http2/__pycache__) by extension 'ignore_ament_install'
[0.437s] Level 1:colcon.colcon_core.package_identification:_identify(venv/lib/python3.12/site-packages/pip/_vendor/urllib3/http2/__pycache__) by extensions ['colcon_pkg']
[0.437s] Level 1:colcon.colcon_core.package_identification:_identify(venv/lib/python3.12/site-packages/pip/_vendor/urllib3/http2/__pycache__) by extension 'colcon_pkg'
[0.437s] Level 1:colcon.colcon_core.package_identification:_identify(venv/lib/python3.12/site-packages/pip/_vendor/urllib3/http2/__pycache__) by extensions ['colcon_meta']
[0.437s] Level 1:colcon.colcon_core.package_identification:_identify(venv/lib/python3.12/site-packages/pip/_vendor/urllib3/http2/__pycache__) by extension 'colcon_meta'
[0.437s] Level 1:colcon.colcon_core.package_identification:_identify(venv/lib/python3.12/site-packages/pip/_vendor/urllib3/http2/__pycache__) by extensions ['ros']
[0.437s] Level 1:colcon.colcon_core.package_identification:_identify(venv/lib/python3.12/site-packages/pip/_vendor/urllib3/http2/__pycache__) by extension 'ros'
[0.437s] Level 1:colcon.colcon_core.package_identification:_identify(venv/lib/python3.12/site-packages/pip/_vendor/urllib3/http2/__pycache__) by extensions ['cmake', 'python']
[0.437s] Level 1:colcon.colcon_core.package_identification:_identify(venv/lib/python3.12/site-packages/pip/_vendor/urllib3/http2/__pycache__) by extension 'cmake'
[0.437s] Level 1:colcon.colcon_core.package_identification:_identify(venv/lib/python3.12/site-packages/pip/_vendor/urllib3/http2/__pycache__) by extension 'python'
[0.437s] Level 1:colcon.colcon_core.package_identification:_identify(venv/lib/python3.12/site-packages/pip/_vendor/urllib3/http2/__pycache__) by extensions ['python_setup_py']
[0.437s] Level 1:colcon.colcon_core.package_identification:_identify(venv/lib/python3.12/site-packages/pip/_vendor/urllib3/http2/__pycache__) by extension 'python_setup_py'
[0.437s] Level 1:colcon.colcon_core.package_identification:_identify(venv/lib/python3.12/site-packages/pip/_vendor/urllib3/util) by extensions ['ignore', 'ignore_ament_install']
[0.438s] Level 1:colcon.colcon_core.package_identification:_identify(venv/lib/python3.12/site-packages/pip/_vendor/urllib3/util) by extension 'ignore'
[0.438s] Level 1:colcon.colcon_core.package_identification:_identify(venv/lib/python3.12/site-packages/pip/_vendor/urllib3/util) by extension 'ignore_ament_install'
[0.438s] Level 1:colcon.colcon_core.package_identification:_identify(venv/lib/python3.12/site-packages/pip/_vendor/urllib3/util) by extensions ['colcon_pkg']
[0.438s] Level 1:colcon.colcon_core.package_identification:_identify(venv/lib/python3.12/site-packages/pip/_vendor/urllib3/util) by extension 'colcon_pkg'
[0.438s] Level 1:colcon.colcon_core.package_identification:_identify(venv/lib/python3.12/site-packages/pip/_vendor/urllib3/util) by extensions ['colcon_meta']
[0.438s] Level 1:colcon.colcon_core.package_identification:_identify(venv/lib/python3.12/site-packages/pip/_vendor/urllib3/util) by extension 'colcon_meta'
[0.438s] Level 1:colcon.colcon_core.package_identification:_identify(venv/lib/python3.12/site-packages/pip/_vendor/urllib3/util) by extensions ['ros']
[0.438s] Level 1:colcon.colcon_core.package_identification:_identify(venv/lib/python3.12/site-packages/pip/_vendor/urllib3/util) by extension 'ros'
[0.438s] Level 1:colcon.colcon_core.package_identification:_identify(venv/lib/python3.12/site-packages/pip/_vendor/urllib3/util) by extensions ['cmake', 'python']
[0.438s] Level 1:colcon.colcon_core.package_identification:_identify(venv/lib/python3.12/site-packages/pip/_vendor/urllib3/util) by extension 'cmake'
[0.438s] Level 1:colcon.colcon_core.package_identification:_identify(venv/lib/python3.12/site-packages/pip/_vendor/urllib3/util) by extension 'python'
[0.438s] Level 1:colcon.colcon_core.package_identification:_identify(venv/lib/python3.12/site-packages/pip/_vendor/urllib3/util) by extensions ['python_setup_py']
[0.438s] Level 1:colcon.colcon_core.package_identification:_identify(venv/lib/python3.12/site-packages/pip/_vendor/urllib3/util) by extension 'python_setup_py'
[0.439s] Level 1:colcon.colcon_core.package_identification:_identify(venv/lib/python3.12/site-packages/pip/_vendor/urllib3/util/__pycache__) by extensions ['ignore', 'ignore_ament_install']
[0.439s] Level 1:colcon.colcon_core.package_identification:_identify(venv/lib/python3.12/site-packages/pip/_vendor/urllib3/util/__pycache__) by extension 'ignore'
[0.439s] Level 1:colcon.colcon_core.package_identification:_identify(venv/lib/python3.12/site-packages/pip/_vendor/urllib3/util/__pycache__) by extension 'ignore_ament_install'
[0.439s] Level 1:colcon.colcon_core.package_identification:_identify(venv/lib/python3.12/site-packages/pip/_vendor/urllib3/util/__pycache__) by extensions ['colcon_pkg']
[0.439s] Level 1:colcon.colcon_core.package_identification:_identify(venv/lib/python3.12/site-packages/pip/_vendor/urllib3/util/__pycache__) by extension 'colcon_pkg'
[0.439s] Level 1:colcon.colcon_core.package_identification:_identify(venv/lib/python3.12/site-packages/pip/_vendor/urllib3/util/__pycache__) by extensions ['colcon_meta']
[0.439s] Level 1:colcon.colcon_core.package_identification:_identify(venv/lib/python3.12/site-packages/pip/_vendor/urllib3/util/__pycache__) by extension 'colcon_meta'
[0.439s] Level 1:colcon.colcon_core.package_identification:_identify(venv/lib/python3.12/site-packages/pip/_vendor/urllib3/util/__pycache__) by extensions ['ros']
[0.439s] Level 1:colcon.colcon_core.package_identification:_identify(venv/lib/python3.12/site-packages/pip/_vendor/urllib3/util/__pycache__) by extension 'ros'
[0.439s] Level 1:colcon.colcon_core.package_identification:_identify(venv/lib/python3.12/site-packages/pip/_vendor/urllib3/util/__pycache__) by extensions ['cmake', 'python']
[0.439s] Level 1:colcon.colcon_core.package_identification:_identify(venv/lib/python3.12/site-packages/pip/_vendor/urllib3/util/__pycache__) by extension 'cmake'
[0.439s] Level 1:colcon.colcon_core.package_identification:_identify(venv/lib/python3.12/site-packages/pip/_vendor/urllib3/util/__pycache__) by extension 'python'
[0.439s] Level 1:colcon.colcon_core.package_identification:_identify(venv/lib/python3.12/site-packages/pip/_vendor/urllib3/util/__pycache__) by extensions ['python_setup_py']
[0.439s] Level 1:colcon.colcon_core.package_identification:_identify(venv/lib/python3.12/site-packages/pip/_vendor/urllib3/util/__pycache__) by extension 'python_setup_py'
[0.440s] Level 1:colcon.colcon_core.package_identification:_identify(venv/lib/python3.12/site-packages/pip-26.1.1.dist-info) by extensions ['ignore', 'ignore_ament_install']
[0.440s] Level 1:colcon.colcon_core.package_identification:_identify(venv/lib/python3.12/site-packages/pip-26.1.1.dist-info) by extension 'ignore'
[0.440s] Level 1:colcon.colcon_core.package_identification:_identify(venv/lib/python3.12/site-packages/pip-26.1.1.dist-info) by extension 'ignore_ament_install'
[0.440s] Level 1:colcon.colcon_core.package_identification:_identify(venv/lib/python3.12/site-packages/pip-26.1.1.dist-info) by extensions ['colcon_pkg']
[0.440s] Level 1:colcon.colcon_core.package_identification:_identify(venv/lib/python3.12/site-packages/pip-26.1.1.dist-info) by extension 'colcon_pkg'
[0.440s] Level 1:colcon.colcon_core.package_identification:_identify(venv/lib/python3.12/site-packages/pip-26.1.1.dist-info) by extensions ['colcon_meta']
[0.440s] Level 1:colcon.colcon_core.package_identification:_identify(venv/lib/python3.12/site-packages/pip-26.1.1.dist-info) by extension 'colcon_meta'
[0.440s] Level 1:colcon.colcon_core.package_identification:_identify(venv/lib/python3.12/site-packages/pip-26.1.1.dist-info) by extensions ['ros']
[0.440s] Level 1:colcon.colcon_core.package_identification:_identify(venv/lib/python3.12/site-packages/pip-26.1.1.dist-info) by extension 'ros'
[0.440s] Level 1:colcon.colcon_core.package_identification:_identify(venv/lib/python3.12/site-packages/pip-26.1.1.dist-info) by extensions ['cmake', 'python']
[0.440s] Level 1:colcon.colcon_core.package_identification:_identify(venv/lib/python3.12/site-packages/pip-26.1.1.dist-info) by extension 'cmake'
[0.440s] Level 1:colcon.colcon_core.package_identification:_identify(venv/lib/python3.12/site-packages/pip-26.1.1.dist-info) by extension 'python'
[0.440s] Level 1:colcon.colcon_core.package_identification:_identify(venv/lib/python3.12/site-packages/pip-26.1.1.dist-info) by extensions ['python_setup_py']
[0.441s] Level 1:colcon.colcon_core.package_identification:_identify(venv/lib/python3.12/site-packages/pip-26.1.1.dist-info) by extension 'python_setup_py'
[0.441s] Level 1:colcon.colcon_core.package_identification:_identify(venv/lib/python3.12/site-packages/pip-26.1.1.dist-info/licenses) by extensions ['ignore', 'ignore_ament_install']
[0.441s] Level 1:colcon.colcon_core.package_identification:_identify(venv/lib/python3.12/site-packages/pip-26.1.1.dist-info/licenses) by extension 'ignore'
[0.441s] Level 1:colcon.colcon_core.package_identification:_identify(venv/lib/python3.12/site-packages/pip-26.1.1.dist-info/licenses) by extension 'ignore_ament_install'
[0.441s] Level 1:colcon.colcon_core.package_identification:_identify(venv/lib/python3.12/site-packages/pip-26.1.1.dist-info/licenses) by extensions ['colcon_pkg']
[0.441s] Level 1:colcon.colcon_core.package_identification:_identify(venv/lib/python3.12/site-packages/pip-26.1.1.dist-info/licenses) by extension 'colcon_pkg'
[0.441s] Level 1:colcon.colcon_core.package_identification:_identify(venv/lib/python3.12/site-packages/pip-26.1.1.dist-info/licenses) by extensions ['colcon_meta']
[0.441s] Level 1:colcon.colcon_core.package_identification:_identify(venv/lib/python3.12/site-packages/pip-26.1.1.dist-info/licenses) by extension 'colcon_meta'
[0.441s] Level 1:colcon.colcon_core.package_identification:_identify(venv/lib/python3.12/site-packages/pip-26.1.1.dist-info/licenses) by extensions ['ros']
[0.441s] Level 1:colcon.colcon_core.package_identification:_identify(venv/lib/python3.12/site-packages/pip-26.1.1.dist-info/licenses) by extension 'ros'
[0.441s] Level 1:colcon.colcon_core.package_identification:_identify(venv/lib/python3.12/site-packages/pip-26.1.1.dist-info/licenses) by extensions ['cmake', 'python']
[0.441s] Level 1:colcon.colcon_core.package_identification:_identify(venv/lib/python3.12/site-packages/pip-26.1.1.dist-info/licenses) by extension 'cmake'
[0.442s] Level 1:colcon.colcon_core.package_identification:_identify(venv/lib/python3.12/site-packages/pip-26.1.1.dist-info/licenses) by extension 'python'
[0.442s] Level 1:colcon.colcon_core.package_identification:_identify(venv/lib/python3.12/site-packages/pip-26.1.1.dist-info/licenses) by extensions ['python_setup_py']
[0.442s] Level 1:colcon.colcon_core.package_identification:_identify(venv/lib/python3.12/site-packages/pip-26.1.1.dist-info/licenses) by extension 'python_setup_py'
[0.442s] Level 1:colcon.colcon_core.package_identification:_identify(venv/lib/python3.12/site-packages/pip-26.1.1.dist-info/licenses/src) by extensions ['ignore', 'ignore_ament_install']
[0.442s] Level 1:colcon.colcon_core.package_identification:_identify(venv/lib/python3.12/site-packages/pip-26.1.1.dist-info/licenses/src) by extension 'ignore'
[0.442s] Level 1:colcon.colcon_core.package_identification:_identify(venv/lib/python3.12/site-packages/pip-26.1.1.dist-info/licenses/src) by extension 'ignore_ament_install'
[0.442s] Level 1:colcon.colcon_core.package_identification:_identify(venv/lib/python3.12/site-packages/pip-26.1.1.dist-info/licenses/src) by extensions ['colcon_pkg']
[0.442s] Level 1:colcon.colcon_core.package_identification:_identify(venv/lib/python3.12/site-packages/pip-26.1.1.dist-info/licenses/src) by extension 'colcon_pkg'
[0.442s] Level 1:colcon.colcon_core.package_identification:_identify(venv/lib/python3.12/site-packages/pip-26.1.1.dist-info/licenses/src) by extensions ['colcon_meta']
[0.442s] Level 1:colcon.colcon_core.package_identification:_identify(venv/lib/python3.12/site-packages/pip-26.1.1.dist-info/licenses/src) by extension 'colcon_meta'
[0.442s] Level 1:colcon.colcon_core.package_identification:_identify(venv/lib/python3.12/site-packages/pip-26.1.1.dist-info/licenses/src) by extensions ['ros']
[0.442s] Level 1:colcon.colcon_core.package_identification:_identify(venv/lib/python3.12/site-packages/pip-26.1.1.dist-info/licenses/src) by extension 'ros'
[0.442s] Level 1:colcon.colcon_core.package_identification:_identify(venv/lib/python3.12/site-packages/pip-26.1.1.dist-info/licenses/src) by extensions ['cmake', 'python']
[0.443s] Level 1:colcon.colcon_core.package_identification:_identify(venv/lib/python3.12/site-packages/pip-26.1.1.dist-info/licenses/src) by extension 'cmake'
[0.443s] Level 1:colcon.colcon_core.package_identification:_identify(venv/lib/python3.12/site-packages/pip-26.1.1.dist-info/licenses/src) by extension 'python'
[0.443s] Level 1:colcon.colcon_core.package_identification:_identify(venv/lib/python3.12/site-packages/pip-26.1.1.dist-info/licenses/src) by extensions ['python_setup_py']
[0.443s] Level 1:colcon.colcon_core.package_identification:_identify(venv/lib/python3.12/site-packages/pip-26.1.1.dist-info/licenses/src) by extension 'python_setup_py'
[0.443s] Level 1:colcon.colcon_core.package_identification:_identify(venv/lib/python3.12/site-packages/pip-26.1.1.dist-info/licenses/src/pip) by extensions ['ignore', 'ignore_ament_install']
[0.443s] Level 1:colcon.colcon_core.package_identification:_identify(venv/lib/python3.12/site-packages/pip-26.1.1.dist-info/licenses/src/pip) by extension 'ignore'
[0.443s] Level 1:colcon.colcon_core.package_identification:_identify(venv/lib/python3.12/site-packages/pip-26.1.1.dist-info/licenses/src/pip) by extension 'ignore_ament_install'
[0.443s] Level 1:colcon.colcon_core.package_identification:_identify(venv/lib/python3.12/site-packages/pip-26.1.1.dist-info/licenses/src/pip) by extensions ['colcon_pkg']
[0.443s] Level 1:colcon.colcon_core.package_identification:_identify(venv/lib/python3.12/site-packages/pip-26.1.1.dist-info/licenses/src/pip) by extension 'colcon_pkg'
[0.443s] Level 1:colcon.colcon_core.package_identification:_identify(venv/lib/python3.12/site-packages/pip-26.1.1.dist-info/licenses/src/pip) by extensions ['colcon_meta']
[0.443s] Level 1:colcon.colcon_core.package_identification:_identify(venv/lib/python3.12/site-packages/pip-26.1.1.dist-info/licenses/src/pip) by extension 'colcon_meta'
[0.443s] Level 1:colcon.colcon_core.package_identification:_identify(venv/lib/python3.12/site-packages/pip-26.1.1.dist-info/licenses/src/pip) by extensions ['ros']
[0.443s] Level 1:colcon.colcon_core.package_identification:_identify(venv/lib/python3.12/site-packages/pip-26.1.1.dist-info/licenses/src/pip) by extension 'ros'
[0.444s] Level 1:colcon.colcon_core.package_identification:_identify(venv/lib/python3.12/site-packages/pip-26.1.1.dist-info/licenses/src/pip) by extensions ['cmake', 'python']
[0.444s] Level 1:colcon.colcon_core.package_identification:_identify(venv/lib/python3.12/site-packages/pip-26.1.1.dist-info/licenses/src/pip) by extension 'cmake'
[0.444s] Level 1:colcon.colcon_core.package_identification:_identify(venv/lib/python3.12/site-packages/pip-26.1.1.dist-info/licenses/src/pip) by extension 'python'
[0.444s] Level 1:colcon.colcon_core.package_identification:_identify(venv/lib/python3.12/site-packages/pip-26.1.1.dist-info/licenses/src/pip) by extensions ['python_setup_py']
[0.444s] Level 1:colcon.colcon_core.package_identification:_identify(venv/lib/python3.12/site-packages/pip-26.1.1.dist-info/licenses/src/pip) by extension 'python_setup_py'
[0.444s] Level 1:colcon.colcon_core.package_identification:_identify(venv/lib/python3.12/site-packages/pip-26.1.1.dist-info/licenses/src/pip/_vendor) by extensions ['ignore', 'ignore_ament_install']
[0.444s] Level 1:colcon.colcon_core.package_identification:_identify(venv/lib/python3.12/site-packages/pip-26.1.1.dist-info/licenses/src/pip/_vendor) by extension 'ignore'
[0.444s] Level 1:colcon.colcon_core.package_identification:_identify(venv/lib/python3.12/site-packages/pip-26.1.1.dist-info/licenses/src/pip/_vendor) by extension 'ignore_ament_install'
[0.444s] Level 1:colcon.colcon_core.package_identification:_identify(venv/lib/python3.12/site-packages/pip-26.1.1.dist-info/licenses/src/pip/_vendor) by extensions ['colcon_pkg']
[0.444s] Level 1:colcon.colcon_core.package_identification:_identify(venv/lib/python3.12/site-packages/pip-26.1.1.dist-info/licenses/src/pip/_vendor) by extension 'colcon_pkg'
[0.444s] Level 1:colcon.colcon_core.package_identification:_identify(venv/lib/python3.12/site-packages/pip-26.1.1.dist-info/licenses/src/pip/_vendor) by extensions ['colcon_meta']
[0.444s] Level 1:colcon.colcon_core.package_identification:_identify(venv/lib/python3.12/site-packages/pip-26.1.1.dist-info/licenses/src/pip/_vendor) by extension 'colcon_meta'
[0.444s] Level 1:colcon.colcon_core.package_identification:_identify(venv/lib/python3.12/site-packages/pip-26.1.1.dist-info/licenses/src/pip/_vendor) by extensions ['ros']
[0.444s] Level 1:colcon.colcon_core.package_identification:_identify(venv/lib/python3.12/site-packages/pip-26.1.1.dist-info/licenses/src/pip/_vendor) by extension 'ros'
[0.445s] Level 1:colcon.colcon_core.package_identification:_identify(venv/lib/python3.12/site-packages/pip-26.1.1.dist-info/licenses/src/pip/_vendor) by extensions ['cmake', 'python']
[0.445s] Level 1:colcon.colcon_core.package_identification:_identify(venv/lib/python3.12/site-packages/pip-26.1.1.dist-info/licenses/src/pip/_vendor) by extension 'cmake'
[0.445s] Level 1:colcon.colcon_core.package_identification:_identify(venv/lib/python3.12/site-packages/pip-26.1.1.dist-info/licenses/src/pip/_vendor) by extension 'python'
[0.445s] Level 1:colcon.colcon_core.package_identification:_identify(venv/lib/python3.12/site-packages/pip-26.1.1.dist-info/licenses/src/pip/_vendor) by extensions ['python_setup_py']
[0.445s] Level 1:colcon.colcon_core.package_identification:_identify(venv/lib/python3.12/site-packages/pip-26.1.1.dist-info/licenses/src/pip/_vendor) by extension 'python_setup_py'
[0.445s] Level 1:colcon.colcon_core.package_identification:_identify(venv/lib/python3.12/site-packages/pip-26.1.1.dist-info/licenses/src/pip/_vendor/cachecontrol) by extensions ['ignore', 'ignore_ament_install']
[0.445s] Level 1:colcon.colcon_core.package_identification:_identify(venv/lib/python3.12/site-packages/pip-26.1.1.dist-info/licenses/src/pip/_vendor/cachecontrol) by extension 'ignore'
[0.445s] Level 1:colcon.colcon_core.package_identification:_identify(venv/lib/python3.12/site-packages/pip-26.1.1.dist-info/licenses/src/pip/_vendor/cachecontrol) by extension 'ignore_ament_install'
[0.445s] Level 1:colcon.colcon_core.package_identification:_identify(venv/lib/python3.12/site-packages/pip-26.1.1.dist-info/licenses/src/pip/_vendor/cachecontrol) by extensions ['colcon_pkg']
[0.445s] Level 1:colcon.colcon_core.package_identification:_identify(venv/lib/python3.12/site-packages/pip-26.1.1.dist-info/licenses/src/pip/_vendor/cachecontrol) by extension 'colcon_pkg'
[0.445s] Level 1:colcon.colcon_core.package_identification:_identify(venv/lib/python3.12/site-packages/pip-26.1.1.dist-info/licenses/src/pip/_vendor/cachecontrol) by extensions ['colcon_meta']
[0.445s] Level 1:colcon.colcon_core.package_identification:_identify(venv/lib/python3.12/site-packages/pip-26.1.1.dist-info/licenses/src/pip/_vendor/cachecontrol) by extension 'colcon_meta'
[0.446s] Level 1:colcon.colcon_core.package_identification:_identify(venv/lib/python3.12/site-packages/pip-26.1.1.dist-info/licenses/src/pip/_vendor/cachecontrol) by extensions ['ros']
[0.446s] Level 1:colcon.colcon_core.package_identification:_identify(venv/lib/python3.12/site-packages/pip-26.1.1.dist-info/licenses/src/pip/_vendor/cachecontrol) by extension 'ros'
[0.446s] Level 1:colcon.colcon_core.package_identification:_identify(venv/lib/python3.12/site-packages/pip-26.1.1.dist-info/licenses/src/pip/_vendor/cachecontrol) by extensions ['cmake', 'python']
[0.446s] Level 1:colcon.colcon_core.package_identification:_identify(venv/lib/python3.12/site-packages/pip-26.1.1.dist-info/licenses/src/pip/_vendor/cachecontrol) by extension 'cmake'
[0.446s] Level 1:colcon.colcon_core.package_identification:_identify(venv/lib/python3.12/site-packages/pip-26.1.1.dist-info/licenses/src/pip/_vendor/cachecontrol) by extension 'python'
[0.446s] Level 1:colcon.colcon_core.package_identification:_identify(venv/lib/python3.12/site-packages/pip-26.1.1.dist-info/licenses/src/pip/_vendor/cachecontrol) by extensions ['python_setup_py']
[0.446s] Level 1:colcon.colcon_core.package_identification:_identify(venv/lib/python3.12/site-packages/pip-26.1.1.dist-info/licenses/src/pip/_vendor/cachecontrol) by extension 'python_setup_py'
[0.446s] Level 1:colcon.colcon_core.package_identification:_identify(venv/lib/python3.12/site-packages/pip-26.1.1.dist-info/licenses/src/pip/_vendor/certifi) by extensions ['ignore', 'ignore_ament_install']
[0.446s] Level 1:colcon.colcon_core.package_identification:_identify(venv/lib/python3.12/site-packages/pip-26.1.1.dist-info/licenses/src/pip/_vendor/certifi) by extension 'ignore'
[0.446s] Level 1:colcon.colcon_core.package_identification:_identify(venv/lib/python3.12/site-packages/pip-26.1.1.dist-info/licenses/src/pip/_vendor/certifi) by extension 'ignore_ament_install'
[0.447s] Level 1:colcon.colcon_core.package_identification:_identify(venv/lib/python3.12/site-packages/pip-26.1.1.dist-info/licenses/src/pip/_vendor/certifi) by extensions ['colcon_pkg']
[0.447s] Level 1:colcon.colcon_core.package_identification:_identify(venv/lib/python3.12/site-packages/pip-26.1.1.dist-info/licenses/src/pip/_vendor/certifi) by extension 'colcon_pkg'
[0.447s] Level 1:colcon.colcon_core.package_identification:_identify(venv/lib/python3.12/site-packages/pip-26.1.1.dist-info/licenses/src/pip/_vendor/certifi) by extensions ['colcon_meta']
[0.447s] Level 1:colcon.colcon_core.package_identification:_identify(venv/lib/python3.12/site-packages/pip-26.1.1.dist-info/licenses/src/pip/_vendor/certifi) by extension 'colcon_meta'
[0.447s] Level 1:colcon.colcon_core.package_identification:_identify(venv/lib/python3.12/site-packages/pip-26.1.1.dist-info/licenses/src/pip/_vendor/certifi) by extensions ['ros']
[0.447s] Level 1:colcon.colcon_core.package_identification:_identify(venv/lib/python3.12/site-packages/pip-26.1.1.dist-info/licenses/src/pip/_vendor/certifi) by extension 'ros'
[0.447s] Level 1:colcon.colcon_core.package_identification:_identify(venv/lib/python3.12/site-packages/pip-26.1.1.dist-info/licenses/src/pip/_vendor/certifi) by extensions ['cmake', 'python']
[0.447s] Level 1:colcon.colcon_core.package_identification:_identify(venv/lib/python3.12/site-packages/pip-26.1.1.dist-info/licenses/src/pip/_vendor/certifi) by extension 'cmake'
[0.447s] Level 1:colcon.colcon_core.package_identification:_identify(venv/lib/python3.12/site-packages/pip-26.1.1.dist-info/licenses/src/pip/_vendor/certifi) by extension 'python'
[0.447s] Level 1:colcon.colcon_core.package_identification:_identify(venv/lib/python3.12/site-packages/pip-26.1.1.dist-info/licenses/src/pip/_vendor/certifi) by extensions ['python_setup_py']
[0.447s] Level 1:colcon.colcon_core.package_identification:_identify(venv/lib/python3.12/site-packages/pip-26.1.1.dist-info/licenses/src/pip/_vendor/certifi) by extension 'python_setup_py'
[0.447s] Level 1:colcon.colcon_core.package_identification:_identify(venv/lib/python3.12/site-packages/pip-26.1.1.dist-info/licenses/src/pip/_vendor/distlib) by extensions ['ignore', 'ignore_ament_install']
[0.447s] Level 1:colcon.colcon_core.package_identification:_identify(venv/lib/python3.12/site-packages/pip-26.1.1.dist-info/licenses/src/pip/_vendor/distlib) by extension 'ignore'
[0.448s] Level 1:colcon.colcon_core.package_identification:_identify(venv/lib/python3.12/site-packages/pip-26.1.1.dist-info/licenses/src/pip/_vendor/distlib) by extension 'ignore_ament_install'
[0.448s] Level 1:colcon.colcon_core.package_identification:_identify(venv/lib/python3.12/site-packages/pip-26.1.1.dist-info/licenses/src/pip/_vendor/distlib) by extensions ['colcon_pkg']
[0.448s] Level 1:colcon.colcon_core.package_identification:_identify(venv/lib/python3.12/site-packages/pip-26.1.1.dist-info/licenses/src/pip/_vendor/distlib) by extension 'colcon_pkg'
[0.448s] Level 1:colcon.colcon_core.package_identification:_identify(venv/lib/python3.12/site-packages/pip-26.1.1.dist-info/licenses/src/pip/_vendor/distlib) by extensions ['colcon_meta']
[0.448s] Level 1:colcon.colcon_core.package_identification:_identify(venv/lib/python3.12/site-packages/pip-26.1.1.dist-info/licenses/src/pip/_vendor/distlib) by extension 'colcon_meta'
[0.448s] Level 1:colcon.colcon_core.package_identification:_identify(venv/lib/python3.12/site-packages/pip-26.1.1.dist-info/licenses/src/pip/_vendor/distlib) by extensions ['ros']
[0.448s] Level 1:colcon.colcon_core.package_identification:_identify(venv/lib/python3.12/site-packages/pip-26.1.1.dist-info/licenses/src/pip/_vendor/distlib) by extension 'ros'
[0.448s] Level 1:colcon.colcon_core.package_identification:_identify(venv/lib/python3.12/site-packages/pip-26.1.1.dist-info/licenses/src/pip/_vendor/distlib) by extensions ['cmake', 'python']
[0.448s] Level 1:colcon.colcon_core.package_identification:_identify(venv/lib/python3.12/site-packages/pip-26.1.1.dist-info/licenses/src/pip/_vendor/distlib) by extension 'cmake'
[0.448s] Level 1:colcon.colcon_core.package_identification:_identify(venv/lib/python3.12/site-packages/pip-26.1.1.dist-info/licenses/src/pip/_vendor/distlib) by extension 'python'
[0.448s] Level 1:colcon.colcon_core.package_identification:_identify(venv/lib/python3.12/site-packages/pip-26.1.1.dist-info/licenses/src/pip/_vendor/distlib) by extensions ['python_setup_py']
[0.448s] Level 1:colcon.colcon_core.package_identification:_identify(venv/lib/python3.12/site-packages/pip-26.1.1.dist-info/licenses/src/pip/_vendor/distlib) by extension 'python_setup_py'
[0.448s] Level 1:colcon.colcon_core.package_identification:_identify(venv/lib/python3.12/site-packages/pip-26.1.1.dist-info/licenses/src/pip/_vendor/distro) by extensions ['ignore', 'ignore_ament_install']
[0.449s] Level 1:colcon.colcon_core.package_identification:_identify(venv/lib/python3.12/site-packages/pip-26.1.1.dist-info/licenses/src/pip/_vendor/distro) by extension 'ignore'
[0.449s] Level 1:colcon.colcon_core.package_identification:_identify(venv/lib/python3.12/site-packages/pip-26.1.1.dist-info/licenses/src/pip/_vendor/distro) by extension 'ignore_ament_install'
[0.449s] Level 1:colcon.colcon_core.package_identification:_identify(venv/lib/python3.12/site-packages/pip-26.1.1.dist-info/licenses/src/pip/_vendor/distro) by extensions ['colcon_pkg']
[0.449s] Level 1:colcon.colcon_core.package_identification:_identify(venv/lib/python3.12/site-packages/pip-26.1.1.dist-info/licenses/src/pip/_vendor/distro) by extension 'colcon_pkg'
[0.449s] Level 1:colcon.colcon_core.package_identification:_identify(venv/lib/python3.12/site-packages/pip-26.1.1.dist-info/licenses/src/pip/_vendor/distro) by extensions ['colcon_meta']
[0.449s] Level 1:colcon.colcon_core.package_identification:_identify(venv/lib/python3.12/site-packages/pip-26.1.1.dist-info/licenses/src/pip/_vendor/distro) by extension 'colcon_meta'
[0.449s] Level 1:colcon.colcon_core.package_identification:_identify(venv/lib/python3.12/site-packages/pip-26.1.1.dist-info/licenses/src/pip/_vendor/distro) by extensions ['ros']
[0.449s] Level 1:colcon.colcon_core.package_identification:_identify(venv/lib/python3.12/site-packages/pip-26.1.1.dist-info/licenses/src/pip/_vendor/distro) by extension 'ros'
[0.449s] Level 1:colcon.colcon_core.package_identification:_identify(venv/lib/python3.12/site-packages/pip-26.1.1.dist-info/licenses/src/pip/_vendor/distro) by extensions ['cmake', 'python']
[0.449s] Level 1:colcon.colcon_core.package_identification:_identify(venv/lib/python3.12/site-packages/pip-26.1.1.dist-info/licenses/src/pip/_vendor/distro) by extension 'cmake'
[0.449s] Level 1:colcon.colcon_core.package_identification:_identify(venv/lib/python3.12/site-packages/pip-26.1.1.dist-info/licenses/src/pip/_vendor/distro) by extension 'python'
[0.449s] Level 1:colcon.colcon_core.package_identification:_identify(venv/lib/python3.12/site-packages/pip-26.1.1.dist-info/licenses/src/pip/_vendor/distro) by extensions ['python_setup_py']
[0.449s] Level 1:colcon.colcon_core.package_identification:_identify(venv/lib/python3.12/site-packages/pip-26.1.1.dist-info/licenses/src/pip/_vendor/distro) by extension 'python_setup_py'
[0.450s] Level 1:colcon.colcon_core.package_identification:_identify(venv/lib/python3.12/site-packages/pip-26.1.1.dist-info/licenses/src/pip/_vendor/idna) by extensions ['ignore', 'ignore_ament_install']
[0.451s] Level 1:colcon.colcon_core.package_identification:_identify(venv/lib/python3.12/site-packages/pip-26.1.1.dist-info/licenses/src/pip/_vendor/idna) by extension 'ignore'
[0.451s] Level 1:colcon.colcon_core.package_identification:_identify(venv/lib/python3.12/site-packages/pip-26.1.1.dist-info/licenses/src/pip/_vendor/idna) by extension 'ignore_ament_install'
[0.451s] Level 1:colcon.colcon_core.package_identification:_identify(venv/lib/python3.12/site-packages/pip-26.1.1.dist-info/licenses/src/pip/_vendor/idna) by extensions ['colcon_pkg']
[0.451s] Level 1:colcon.colcon_core.package_identification:_identify(venv/lib/python3.12/site-packages/pip-26.1.1.dist-info/licenses/src/pip/_vendor/idna) by extension 'colcon_pkg'
[0.451s] Level 1:colcon.colcon_core.package_identification:_identify(venv/lib/python3.12/site-packages/pip-26.1.1.dist-info/licenses/src/pip/_vendor/idna) by extensions ['colcon_meta']
[0.451s] Level 1:colcon.colcon_core.package_identification:_identify(venv/lib/python3.12/site-packages/pip-26.1.1.dist-info/licenses/src/pip/_vendor/idna) by extension 'colcon_meta'
[0.452s] Level 1:colcon.colcon_core.package_identification:_identify(venv/lib/python3.12/site-packages/pip-26.1.1.dist-info/licenses/src/pip/_vendor/idna) by extensions ['ros']
[0.452s] Level 1:colcon.colcon_core.package_identification:_identify(venv/lib/python3.12/site-packages/pip-26.1.1.dist-info/licenses/src/pip/_vendor/idna) by extension 'ros'
[0.452s] Level 1:colcon.colcon_core.package_identification:_identify(venv/lib/python3.12/site-packages/pip-26.1.1.dist-info/licenses/src/pip/_vendor/idna) by extensions ['cmake', 'python']
[0.452s] Level 1:colcon.colcon_core.package_identification:_identify(venv/lib/python3.12/site-packages/pip-26.1.1.dist-info/licenses/src/pip/_vendor/idna) by extension 'cmake'
[0.452s] Level 1:colcon.colcon_core.package_identification:_identify(venv/lib/python3.12/site-packages/pip-26.1.1.dist-info/licenses/src/pip/_vendor/idna) by extension 'python'
[0.452s] Level 1:colcon.colcon_core.package_identification:_identify(venv/lib/python3.12/site-packages/pip-26.1.1.dist-info/licenses/src/pip/_vendor/idna) by extensions ['python_setup_py']
[0.452s] Level 1:colcon.colcon_core.package_identification:_identify(venv/lib/python3.12/site-packages/pip-26.1.1.dist-info/licenses/src/pip/_vendor/idna) by extension 'python_setup_py'
[0.452s] Level 1:colcon.colcon_core.package_identification:_identify(venv/lib/python3.12/site-packages/pip-26.1.1.dist-info/licenses/src/pip/_vendor/msgpack) by extensions ['ignore', 'ignore_ament_install']
[0.452s] Level 1:colcon.colcon_core.package_identification:_identify(venv/lib/python3.12/site-packages/pip-26.1.1.dist-info/licenses/src/pip/_vendor/msgpack) by extension 'ignore'
[0.452s] Level 1:colcon.colcon_core.package_identification:_identify(venv/lib/python3.12/site-packages/pip-26.1.1.dist-info/licenses/src/pip/_vendor/msgpack) by extension 'ignore_ament_install'
[0.452s] Level 1:colcon.colcon_core.package_identification:_identify(venv/lib/python3.12/site-packages/pip-26.1.1.dist-info/licenses/src/pip/_vendor/msgpack) by extensions ['colcon_pkg']
[0.452s] Level 1:colcon.colcon_core.package_identification:_identify(venv/lib/python3.12/site-packages/pip-26.1.1.dist-info/licenses/src/pip/_vendor/msgpack) by extension 'colcon_pkg'
[0.452s] Level 1:colcon.colcon_core.package_identification:_identify(venv/lib/python3.12/site-packages/pip-26.1.1.dist-info/licenses/src/pip/_vendor/msgpack) by extensions ['colcon_meta']
[0.453s] Level 1:colcon.colcon_core.package_identification:_identify(venv/lib/python3.12/site-packages/pip-26.1.1.dist-info/licenses/src/pip/_vendor/msgpack) by extension 'colcon_meta'
[0.453s] Level 1:colcon.colcon_core.package_identification:_identify(venv/lib/python3.12/site-packages/pip-26.1.1.dist-info/licenses/src/pip/_vendor/msgpack) by extensions ['ros']
[0.453s] Level 1:colcon.colcon_core.package_identification:_identify(venv/lib/python3.12/site-packages/pip-26.1.1.dist-info/licenses/src/pip/_vendor/msgpack) by extension 'ros'
[0.453s] Level 1:colcon.colcon_core.package_identification:_identify(venv/lib/python3.12/site-packages/pip-26.1.1.dist-info/licenses/src/pip/_vendor/msgpack) by extensions ['cmake', 'python']
[0.453s] Level 1:colcon.colcon_core.package_identification:_identify(venv/lib/python3.12/site-packages/pip-26.1.1.dist-info/licenses/src/pip/_vendor/msgpack) by extension 'cmake'
[0.453s] Level 1:colcon.colcon_core.package_identification:_identify(venv/lib/python3.12/site-packages/pip-26.1.1.dist-info/licenses/src/pip/_vendor/msgpack) by extension 'python'
[0.453s] Level 1:colcon.colcon_core.package_identification:_identify(venv/lib/python3.12/site-packages/pip-26.1.1.dist-info/licenses/src/pip/_vendor/msgpack) by extensions ['python_setup_py']
[0.453s] Level 1:colcon.colcon_core.package_identification:_identify(venv/lib/python3.12/site-packages/pip-26.1.1.dist-info/licenses/src/pip/_vendor/msgpack) by extension 'python_setup_py'
[0.453s] Level 1:colcon.colcon_core.package_identification:_identify(venv/lib/python3.12/site-packages/pip-26.1.1.dist-info/licenses/src/pip/_vendor/packaging) by extensions ['ignore', 'ignore_ament_install']
[0.453s] Level 1:colcon.colcon_core.package_identification:_identify(venv/lib/python3.12/site-packages/pip-26.1.1.dist-info/licenses/src/pip/_vendor/packaging) by extension 'ignore'
[0.453s] Level 1:colcon.colcon_core.package_identification:_identify(venv/lib/python3.12/site-packages/pip-26.1.1.dist-info/licenses/src/pip/_vendor/packaging) by extension 'ignore_ament_install'
[0.453s] Level 1:colcon.colcon_core.package_identification:_identify(venv/lib/python3.12/site-packages/pip-26.1.1.dist-info/licenses/src/pip/_vendor/packaging) by extensions ['colcon_pkg']
[0.454s] Level 1:colcon.colcon_core.package_identification:_identify(venv/lib/python3.12/site-packages/pip-26.1.1.dist-info/licenses/src/pip/_vendor/packaging) by extension 'colcon_pkg'
[0.454s] Level 1:colcon.colcon_core.package_identification:_identify(venv/lib/python3.12/site-packages/pip-26.1.1.dist-info/licenses/src/pip/_vendor/packaging) by extensions ['colcon_meta']
[0.454s] Level 1:colcon.colcon_core.package_identification:_identify(venv/lib/python3.12/site-packages/pip-26.1.1.dist-info/licenses/src/pip/_vendor/packaging) by extension 'colcon_meta'
[0.454s] Level 1:colcon.colcon_core.package_identification:_identify(venv/lib/python3.12/site-packages/pip-26.1.1.dist-info/licenses/src/pip/_vendor/packaging) by extensions ['ros']
[0.454s] Level 1:colcon.colcon_core.package_identification:_identify(venv/lib/python3.12/site-packages/pip-26.1.1.dist-info/licenses/src/pip/_vendor/packaging) by extension 'ros'
[0.454s] Level 1:colcon.colcon_core.package_identification:_identify(venv/lib/python3.12/site-packages/pip-26.1.1.dist-info/licenses/src/pip/_vendor/packaging) by extensions ['cmake', 'python']
[0.454s] Level 1:colcon.colcon_core.package_identification:_identify(venv/lib/python3.12/site-packages/pip-26.1.1.dist-info/licenses/src/pip/_vendor/packaging) by extension 'cmake'
[0.454s] Level 1:colcon.colcon_core.package_identification:_identify(venv/lib/python3.12/site-packages/pip-26.1.1.dist-info/licenses/src/pip/_vendor/packaging) by extension 'python'
[0.454s] Level 1:colcon.colcon_core.package_identification:_identify(venv/lib/python3.12/site-packages/pip-26.1.1.dist-info/licenses/src/pip/_vendor/packaging) by extensions ['python_setup_py']
[0.454s] Level 1:colcon.colcon_core.package_identification:_identify(venv/lib/python3.12/site-packages/pip-26.1.1.dist-info/licenses/src/pip/_vendor/packaging) by extension 'python_setup_py'
[0.454s] Level 1:colcon.colcon_core.package_identification:_identify(venv/lib/python3.12/site-packages/pip-26.1.1.dist-info/licenses/src/pip/_vendor/pkg_resources) by extensions ['ignore', 'ignore_ament_install']
[0.454s] Level 1:colcon.colcon_core.package_identification:_identify(venv/lib/python3.12/site-packages/pip-26.1.1.dist-info/licenses/src/pip/_vendor/pkg_resources) by extension 'ignore'
[0.454s] Level 1:colcon.colcon_core.package_identification:_identify(venv/lib/python3.12/site-packages/pip-26.1.1.dist-info/licenses/src/pip/_vendor/pkg_resources) by extension 'ignore_ament_install'
[0.455s] Level 1:colcon.colcon_core.package_identification:_identify(venv/lib/python3.12/site-packages/pip-26.1.1.dist-info/licenses/src/pip/_vendor/pkg_resources) by extensions ['colcon_pkg']
[0.455s] Level 1:colcon.colcon_core.package_identification:_identify(venv/lib/python3.12/site-packages/pip-26.1.1.dist-info/licenses/src/pip/_vendor/pkg_resources) by extension 'colcon_pkg'
[0.455s] Level 1:colcon.colcon_core.package_identification:_identify(venv/lib/python3.12/site-packages/pip-26.1.1.dist-info/licenses/src/pip/_vendor/pkg_resources) by extensions ['colcon_meta']
[0.455s] Level 1:colcon.colcon_core.package_identification:_identify(venv/lib/python3.12/site-packages/pip-26.1.1.dist-info/licenses/src/pip/_vendor/pkg_resources) by extension 'colcon_meta'
[0.455s] Level 1:colcon.colcon_core.package_identification:_identify(venv/lib/python3.12/site-packages/pip-26.1.1.dist-info/licenses/src/pip/_vendor/pkg_resources) by extensions ['ros']
[0.455s] Level 1:colcon.colcon_core.package_identification:_identify(venv/lib/python3.12/site-packages/pip-26.1.1.dist-info/licenses/src/pip/_vendor/pkg_resources) by extension 'ros'
[0.455s] Level 1:colcon.colcon_core.package_identification:_identify(venv/lib/python3.12/site-packages/pip-26.1.1.dist-info/licenses/src/pip/_vendor/pkg_resources) by extensions ['cmake', 'python']
[0.455s] Level 1:colcon.colcon_core.package_identification:_identify(venv/lib/python3.12/site-packages/pip-26.1.1.dist-info/licenses/src/pip/_vendor/pkg_resources) by extension 'cmake'
[0.455s] Level 1:colcon.colcon_core.package_identification:_identify(venv/lib/python3.12/site-packages/pip-26.1.1.dist-info/licenses/src/pip/_vendor/pkg_resources) by extension 'python'
[0.455s] Level 1:colcon.colcon_core.package_identification:_identify(venv/lib/python3.12/site-packages/pip-26.1.1.dist-info/licenses/src/pip/_vendor/pkg_resources) by extensions ['python_setup_py']
[0.455s] Level 1:colcon.colcon_core.package_identification:_identify(venv/lib/python3.12/site-packages/pip-26.1.1.dist-info/licenses/src/pip/_vendor/pkg_resources) by extension 'python_setup_py'
[0.455s] Level 1:colcon.colcon_core.package_identification:_identify(venv/lib/python3.12/site-packages/pip-26.1.1.dist-info/licenses/src/pip/_vendor/platformdirs) by extensions ['ignore', 'ignore_ament_install']
[0.456s] Level 1:colcon.colcon_core.package_identification:_identify(venv/lib/python3.12/site-packages/pip-26.1.1.dist-info/licenses/src/pip/_vendor/platformdirs) by extension 'ignore'
[0.456s] Level 1:colcon.colcon_core.package_identification:_identify(venv/lib/python3.12/site-packages/pip-26.1.1.dist-info/licenses/src/pip/_vendor/platformdirs) by extension 'ignore_ament_install'
[0.456s] Level 1:colcon.colcon_core.package_identification:_identify(venv/lib/python3.12/site-packages/pip-26.1.1.dist-info/licenses/src/pip/_vendor/platformdirs) by extensions ['colcon_pkg']
[0.456s] Level 1:colcon.colcon_core.package_identification:_identify(venv/lib/python3.12/site-packages/pip-26.1.1.dist-info/licenses/src/pip/_vendor/platformdirs) by extension 'colcon_pkg'
[0.456s] Level 1:colcon.colcon_core.package_identification:_identify(venv/lib/python3.12/site-packages/pip-26.1.1.dist-info/licenses/src/pip/_vendor/platformdirs) by extensions ['colcon_meta']
[0.456s] Level 1:colcon.colcon_core.package_identification:_identify(venv/lib/python3.12/site-packages/pip-26.1.1.dist-info/licenses/src/pip/_vendor/platformdirs) by extension 'colcon_meta'
[0.456s] Level 1:colcon.colcon_core.package_identification:_identify(venv/lib/python3.12/site-packages/pip-26.1.1.dist-info/licenses/src/pip/_vendor/platformdirs) by extensions ['ros']
[0.456s] Level 1:colcon.colcon_core.package_identification:_identify(venv/lib/python3.12/site-packages/pip-26.1.1.dist-info/licenses/src/pip/_vendor/platformdirs) by extension 'ros'
[0.456s] Level 1:colcon.colcon_core.package_identification:_identify(venv/lib/python3.12/site-packages/pip-26.1.1.dist-info/licenses/src/pip/_vendor/platformdirs) by extensions ['cmake', 'python']
[0.456s] Level 1:colcon.colcon_core.package_identification:_identify(venv/lib/python3.12/site-packages/pip-26.1.1.dist-info/licenses/src/pip/_vendor/platformdirs) by extension 'cmake'
[0.456s] Level 1:colcon.colcon_core.package_identification:_identify(venv/lib/python3.12/site-packages/pip-26.1.1.dist-info/licenses/src/pip/_vendor/platformdirs) by extension 'python'
[0.456s] Level 1:colcon.colcon_core.package_identification:_identify(venv/lib/python3.12/site-packages/pip-26.1.1.dist-info/licenses/src/pip/_vendor/platformdirs) by extensions ['python_setup_py']
[0.456s] Level 1:colcon.colcon_core.package_identification:_identify(venv/lib/python3.12/site-packages/pip-26.1.1.dist-info/licenses/src/pip/_vendor/platformdirs) by extension 'python_setup_py'
[0.457s] Level 1:colcon.colcon_core.package_identification:_identify(venv/lib/python3.12/site-packages/pip-26.1.1.dist-info/licenses/src/pip/_vendor/pygments) by extensions ['ignore', 'ignore_ament_install']
[0.457s] Level 1:colcon.colcon_core.package_identification:_identify(venv/lib/python3.12/site-packages/pip-26.1.1.dist-info/licenses/src/pip/_vendor/pygments) by extension 'ignore'
[0.457s] Level 1:colcon.colcon_core.package_identification:_identify(venv/lib/python3.12/site-packages/pip-26.1.1.dist-info/licenses/src/pip/_vendor/pygments) by extension 'ignore_ament_install'
[0.457s] Level 1:colcon.colcon_core.package_identification:_identify(venv/lib/python3.12/site-packages/pip-26.1.1.dist-info/licenses/src/pip/_vendor/pygments) by extensions ['colcon_pkg']
[0.457s] Level 1:colcon.colcon_core.package_identification:_identify(venv/lib/python3.12/site-packages/pip-26.1.1.dist-info/licenses/src/pip/_vendor/pygments) by extension 'colcon_pkg'
[0.457s] Level 1:colcon.colcon_core.package_identification:_identify(venv/lib/python3.12/site-packages/pip-26.1.1.dist-info/licenses/src/pip/_vendor/pygments) by extensions ['colcon_meta']
[0.457s] Level 1:colcon.colcon_core.package_identification:_identify(venv/lib/python3.12/site-packages/pip-26.1.1.dist-info/licenses/src/pip/_vendor/pygments) by extension 'colcon_meta'
[0.457s] Level 1:colcon.colcon_core.package_identification:_identify(venv/lib/python3.12/site-packages/pip-26.1.1.dist-info/licenses/src/pip/_vendor/pygments) by extensions ['ros']
[0.457s] Level 1:colcon.colcon_core.package_identification:_identify(venv/lib/python3.12/site-packages/pip-26.1.1.dist-info/licenses/src/pip/_vendor/pygments) by extension 'ros'
[0.457s] Level 1:colcon.colcon_core.package_identification:_identify(venv/lib/python3.12/site-packages/pip-26.1.1.dist-info/licenses/src/pip/_vendor/pygments) by extensions ['cmake', 'python']
[0.457s] Level 1:colcon.colcon_core.package_identification:_identify(venv/lib/python3.12/site-packages/pip-26.1.1.dist-info/licenses/src/pip/_vendor/pygments) by extension 'cmake'
[0.457s] Level 1:colcon.colcon_core.package_identification:_identify(venv/lib/python3.12/site-packages/pip-26.1.1.dist-info/licenses/src/pip/_vendor/pygments) by extension 'python'
[0.457s] Level 1:colcon.colcon_core.package_identification:_identify(venv/lib/python3.12/site-packages/pip-26.1.1.dist-info/licenses/src/pip/_vendor/pygments) by extensions ['python_setup_py']
[0.457s] Level 1:colcon.colcon_core.package_identification:_identify(venv/lib/python3.12/site-packages/pip-26.1.1.dist-info/licenses/src/pip/_vendor/pygments) by extension 'python_setup_py'
[0.458s] Level 1:colcon.colcon_core.package_identification:_identify(venv/lib/python3.12/site-packages/pip-26.1.1.dist-info/licenses/src/pip/_vendor/pyproject_hooks) by extensions ['ignore', 'ignore_ament_install']
[0.458s] Level 1:colcon.colcon_core.package_identification:_identify(venv/lib/python3.12/site-packages/pip-26.1.1.dist-info/licenses/src/pip/_vendor/pyproject_hooks) by extension 'ignore'
[0.458s] Level 1:colcon.colcon_core.package_identification:_identify(venv/lib/python3.12/site-packages/pip-26.1.1.dist-info/licenses/src/pip/_vendor/pyproject_hooks) by extension 'ignore_ament_install'
[0.458s] Level 1:colcon.colcon_core.package_identification:_identify(venv/lib/python3.12/site-packages/pip-26.1.1.dist-info/licenses/src/pip/_vendor/pyproject_hooks) by extensions ['colcon_pkg']
[0.458s] Level 1:colcon.colcon_core.package_identification:_identify(venv/lib/python3.12/site-packages/pip-26.1.1.dist-info/licenses/src/pip/_vendor/pyproject_hooks) by extension 'colcon_pkg'
[0.458s] Level 1:colcon.colcon_core.package_identification:_identify(venv/lib/python3.12/site-packages/pip-26.1.1.dist-info/licenses/src/pip/_vendor/pyproject_hooks) by extensions ['colcon_meta']
[0.458s] Level 1:colcon.colcon_core.package_identification:_identify(venv/lib/python3.12/site-packages/pip-26.1.1.dist-info/licenses/src/pip/_vendor/pyproject_hooks) by extension 'colcon_meta'
[0.458s] Level 1:colcon.colcon_core.package_identification:_identify(venv/lib/python3.12/site-packages/pip-26.1.1.dist-info/licenses/src/pip/_vendor/pyproject_hooks) by extensions ['ros']
[0.458s] Level 1:colcon.colcon_core.package_identification:_identify(venv/lib/python3.12/site-packages/pip-26.1.1.dist-info/licenses/src/pip/_vendor/pyproject_hooks) by extension 'ros'
[0.458s] Level 1:colcon.colcon_core.package_identification:_identify(venv/lib/python3.12/site-packages/pip-26.1.1.dist-info/licenses/src/pip/_vendor/pyproject_hooks) by extensions ['cmake', 'python']
[0.458s] Level 1:colcon.colcon_core.package_identification:_identify(venv/lib/python3.12/site-packages/pip-26.1.1.dist-info/licenses/src/pip/_vendor/pyproject_hooks) by extension 'cmake'
[0.458s] Level 1:colcon.colcon_core.package_identification:_identify(venv/lib/python3.12/site-packages/pip-26.1.1.dist-info/licenses/src/pip/_vendor/pyproject_hooks) by extension 'python'
[0.458s] Level 1:colcon.colcon_core.package_identification:_identify(venv/lib/python3.12/site-packages/pip-26.1.1.dist-info/licenses/src/pip/_vendor/pyproject_hooks) by extensions ['python_setup_py']
[0.458s] Level 1:colcon.colcon_core.package_identification:_identify(venv/lib/python3.12/site-packages/pip-26.1.1.dist-info/licenses/src/pip/_vendor/pyproject_hooks) by extension 'python_setup_py'
[0.459s] Level 1:colcon.colcon_core.package_identification:_identify(venv/lib/python3.12/site-packages/pip-26.1.1.dist-info/licenses/src/pip/_vendor/requests) by extensions ['ignore', 'ignore_ament_install']
[0.459s] Level 1:colcon.colcon_core.package_identification:_identify(venv/lib/python3.12/site-packages/pip-26.1.1.dist-info/licenses/src/pip/_vendor/requests) by extension 'ignore'
[0.459s] Level 1:colcon.colcon_core.package_identification:_identify(venv/lib/python3.12/site-packages/pip-26.1.1.dist-info/licenses/src/pip/_vendor/requests) by extension 'ignore_ament_install'
[0.459s] Level 1:colcon.colcon_core.package_identification:_identify(venv/lib/python3.12/site-packages/pip-26.1.1.dist-info/licenses/src/pip/_vendor/requests) by extensions ['colcon_pkg']
[0.459s] Level 1:colcon.colcon_core.package_identification:_identify(venv/lib/python3.12/site-packages/pip-26.1.1.dist-info/licenses/src/pip/_vendor/requests) by extension 'colcon_pkg'
[0.459s] Level 1:colcon.colcon_core.package_identification:_identify(venv/lib/python3.12/site-packages/pip-26.1.1.dist-info/licenses/src/pip/_vendor/requests) by extensions ['colcon_meta']
[0.459s] Level 1:colcon.colcon_core.package_identification:_identify(venv/lib/python3.12/site-packages/pip-26.1.1.dist-info/licenses/src/pip/_vendor/requests) by extension 'colcon_meta'
[0.459s] Level 1:colcon.colcon_core.package_identification:_identify(venv/lib/python3.12/site-packages/pip-26.1.1.dist-info/licenses/src/pip/_vendor/requests) by extensions ['ros']
[0.459s] Level 1:colcon.colcon_core.package_identification:_identify(venv/lib/python3.12/site-packages/pip-26.1.1.dist-info/licenses/src/pip/_vendor/requests) by extension 'ros'
[0.459s] Level 1:colcon.colcon_core.package_identification:_identify(venv/lib/python3.12/site-packages/pip-26.1.1.dist-info/licenses/src/pip/_vendor/requests) by extensions ['cmake', 'python']
[0.459s] Level 1:colcon.colcon_core.package_identification:_identify(venv/lib/python3.12/site-packages/pip-26.1.1.dist-info/licenses/src/pip/_vendor/requests) by extension 'cmake'
[0.459s] Level 1:colcon.colcon_core.package_identification:_identify(venv/lib/python3.12/site-packages/pip-26.1.1.dist-info/licenses/src/pip/_vendor/requests) by extension 'python'
[0.460s] Level 1:colcon.colcon_core.package_identification:_identify(venv/lib/python3.12/site-packages/pip-26.1.1.dist-info/licenses/src/pip/_vendor/requests) by extensions ['python_setup_py']
[0.460s] Level 1:colcon.colcon_core.package_identification:_identify(venv/lib/python3.12/site-packages/pip-26.1.1.dist-info/licenses/src/pip/_vendor/requests) by extension 'python_setup_py'
[0.460s] Level 1:colcon.colcon_core.package_identification:_identify(venv/lib/python3.12/site-packages/pip-26.1.1.dist-info/licenses/src/pip/_vendor/resolvelib) by extensions ['ignore', 'ignore_ament_install']
[0.460s] Level 1:colcon.colcon_core.package_identification:_identify(venv/lib/python3.12/site-packages/pip-26.1.1.dist-info/licenses/src/pip/_vendor/resolvelib) by extension 'ignore'
[0.460s] Level 1:colcon.colcon_core.package_identification:_identify(venv/lib/python3.12/site-packages/pip-26.1.1.dist-info/licenses/src/pip/_vendor/resolvelib) by extension 'ignore_ament_install'
[0.460s] Level 1:colcon.colcon_core.package_identification:_identify(venv/lib/python3.12/site-packages/pip-26.1.1.dist-info/licenses/src/pip/_vendor/resolvelib) by extensions ['colcon_pkg']
[0.460s] Level 1:colcon.colcon_core.package_identification:_identify(venv/lib/python3.12/site-packages/pip-26.1.1.dist-info/licenses/src/pip/_vendor/resolvelib) by extension 'colcon_pkg'
[0.460s] Level 1:colcon.colcon_core.package_identification:_identify(venv/lib/python3.12/site-packages/pip-26.1.1.dist-info/licenses/src/pip/_vendor/resolvelib) by extensions ['colcon_meta']
[0.460s] Level 1:colcon.colcon_core.package_identification:_identify(venv/lib/python3.12/site-packages/pip-26.1.1.dist-info/licenses/src/pip/_vendor/resolvelib) by extension 'colcon_meta'
[0.460s] Level 1:colcon.colcon_core.package_identification:_identify(venv/lib/python3.12/site-packages/pip-26.1.1.dist-info/licenses/src/pip/_vendor/resolvelib) by extensions ['ros']
[0.460s] Level 1:colcon.colcon_core.package_identification:_identify(venv/lib/python3.12/site-packages/pip-26.1.1.dist-info/licenses/src/pip/_vendor/resolvelib) by extension 'ros'
[0.460s] Level 1:colcon.colcon_core.package_identification:_identify(venv/lib/python3.12/site-packages/pip-26.1.1.dist-info/licenses/src/pip/_vendor/resolvelib) by extensions ['cmake', 'python']
[0.460s] Level 1:colcon.colcon_core.package_identification:_identify(venv/lib/python3.12/site-packages/pip-26.1.1.dist-info/licenses/src/pip/_vendor/resolvelib) by extension 'cmake'
[0.461s] Level 1:colcon.colcon_core.package_identification:_identify(venv/lib/python3.12/site-packages/pip-26.1.1.dist-info/licenses/src/pip/_vendor/resolvelib) by extension 'python'
[0.461s] Level 1:colcon.colcon_core.package_identification:_identify(venv/lib/python3.12/site-packages/pip-26.1.1.dist-info/licenses/src/pip/_vendor/resolvelib) by extensions ['python_setup_py']
[0.461s] Level 1:colcon.colcon_core.package_identification:_identify(venv/lib/python3.12/site-packages/pip-26.1.1.dist-info/licenses/src/pip/_vendor/resolvelib) by extension 'python_setup_py'
[0.461s] Level 1:colcon.colcon_core.package_identification:_identify(venv/lib/python3.12/site-packages/pip-26.1.1.dist-info/licenses/src/pip/_vendor/rich) by extensions ['ignore', 'ignore_ament_install']
[0.461s] Level 1:colcon.colcon_core.package_identification:_identify(venv/lib/python3.12/site-packages/pip-26.1.1.dist-info/licenses/src/pip/_vendor/rich) by extension 'ignore'
[0.461s] Level 1:colcon.colcon_core.package_identification:_identify(venv/lib/python3.12/site-packages/pip-26.1.1.dist-info/licenses/src/pip/_vendor/rich) by extension 'ignore_ament_install'
[0.461s] Level 1:colcon.colcon_core.package_identification:_identify(venv/lib/python3.12/site-packages/pip-26.1.1.dist-info/licenses/src/pip/_vendor/rich) by extensions ['colcon_pkg']
[0.461s] Level 1:colcon.colcon_core.package_identification:_identify(venv/lib/python3.12/site-packages/pip-26.1.1.dist-info/licenses/src/pip/_vendor/rich) by extension 'colcon_pkg'
[0.461s] Level 1:colcon.colcon_core.package_identification:_identify(venv/lib/python3.12/site-packages/pip-26.1.1.dist-info/licenses/src/pip/_vendor/rich) by extensions ['colcon_meta']
[0.461s] Level 1:colcon.colcon_core.package_identification:_identify(venv/lib/python3.12/site-packages/pip-26.1.1.dist-info/licenses/src/pip/_vendor/rich) by extension 'colcon_meta'
[0.462s] Level 1:colcon.colcon_core.package_identification:_identify(venv/lib/python3.12/site-packages/pip-26.1.1.dist-info/licenses/src/pip/_vendor/rich) by extensions ['ros']
[0.462s] Level 1:colcon.colcon_core.package_identification:_identify(venv/lib/python3.12/site-packages/pip-26.1.1.dist-info/licenses/src/pip/_vendor/rich) by extension 'ros'
[0.462s] Level 1:colcon.colcon_core.package_identification:_identify(venv/lib/python3.12/site-packages/pip-26.1.1.dist-info/licenses/src/pip/_vendor/rich) by extensions ['cmake', 'python']
[0.462s] Level 1:colcon.colcon_core.package_identification:_identify(venv/lib/python3.12/site-packages/pip-26.1.1.dist-info/licenses/src/pip/_vendor/rich) by extension 'cmake'
[0.462s] Level 1:colcon.colcon_core.package_identification:_identify(venv/lib/python3.12/site-packages/pip-26.1.1.dist-info/licenses/src/pip/_vendor/rich) by extension 'python'
[0.462s] Level 1:colcon.colcon_core.package_identification:_identify(venv/lib/python3.12/site-packages/pip-26.1.1.dist-info/licenses/src/pip/_vendor/rich) by extensions ['python_setup_py']
[0.462s] Level 1:colcon.colcon_core.package_identification:_identify(venv/lib/python3.12/site-packages/pip-26.1.1.dist-info/licenses/src/pip/_vendor/rich) by extension 'python_setup_py'
[0.462s] Level 1:colcon.colcon_core.package_identification:_identify(venv/lib/python3.12/site-packages/pip-26.1.1.dist-info/licenses/src/pip/_vendor/tomli) by extensions ['ignore', 'ignore_ament_install']
[0.462s] Level 1:colcon.colcon_core.package_identification:_identify(venv/lib/python3.12/site-packages/pip-26.1.1.dist-info/licenses/src/pip/_vendor/tomli) by extension 'ignore'
[0.462s] Level 1:colcon.colcon_core.package_identification:_identify(venv/lib/python3.12/site-packages/pip-26.1.1.dist-info/licenses/src/pip/_vendor/tomli) by extension 'ignore_ament_install'
[0.462s] Level 1:colcon.colcon_core.package_identification:_identify(venv/lib/python3.12/site-packages/pip-26.1.1.dist-info/licenses/src/pip/_vendor/tomli) by extensions ['colcon_pkg']
[0.463s] Level 1:colcon.colcon_core.package_identification:_identify(venv/lib/python3.12/site-packages/pip-26.1.1.dist-info/licenses/src/pip/_vendor/tomli) by extension 'colcon_pkg'
[0.463s] Level 1:colcon.colcon_core.package_identification:_identify(venv/lib/python3.12/site-packages/pip-26.1.1.dist-info/licenses/src/pip/_vendor/tomli) by extensions ['colcon_meta']
[0.463s] Level 1:colcon.colcon_core.package_identification:_identify(venv/lib/python3.12/site-packages/pip-26.1.1.dist-info/licenses/src/pip/_vendor/tomli) by extension 'colcon_meta'
[0.463s] Level 1:colcon.colcon_core.package_identification:_identify(venv/lib/python3.12/site-packages/pip-26.1.1.dist-info/licenses/src/pip/_vendor/tomli) by extensions ['ros']
[0.463s] Level 1:colcon.colcon_core.package_identification:_identify(venv/lib/python3.12/site-packages/pip-26.1.1.dist-info/licenses/src/pip/_vendor/tomli) by extension 'ros'
[0.463s] Level 1:colcon.colcon_core.package_identification:_identify(venv/lib/python3.12/site-packages/pip-26.1.1.dist-info/licenses/src/pip/_vendor/tomli) by extensions ['cmake', 'python']
[0.463s] Level 1:colcon.colcon_core.package_identification:_identify(venv/lib/python3.12/site-packages/pip-26.1.1.dist-info/licenses/src/pip/_vendor/tomli) by extension 'cmake'
[0.463s] Level 1:colcon.colcon_core.package_identification:_identify(venv/lib/python3.12/site-packages/pip-26.1.1.dist-info/licenses/src/pip/_vendor/tomli) by extension 'python'
[0.463s] Level 1:colcon.colcon_core.package_identification:_identify(venv/lib/python3.12/site-packages/pip-26.1.1.dist-info/licenses/src/pip/_vendor/tomli) by extensions ['python_setup_py']
[0.463s] Level 1:colcon.colcon_core.package_identification:_identify(venv/lib/python3.12/site-packages/pip-26.1.1.dist-info/licenses/src/pip/_vendor/tomli) by extension 'python_setup_py'
[0.463s] Level 1:colcon.colcon_core.package_identification:_identify(venv/lib/python3.12/site-packages/pip-26.1.1.dist-info/licenses/src/pip/_vendor/tomli_w) by extensions ['ignore', 'ignore_ament_install']
[0.463s] Level 1:colcon.colcon_core.package_identification:_identify(venv/lib/python3.12/site-packages/pip-26.1.1.dist-info/licenses/src/pip/_vendor/tomli_w) by extension 'ignore'
[0.464s] Level 1:colcon.colcon_core.package_identification:_identify(venv/lib/python3.12/site-packages/pip-26.1.1.dist-info/licenses/src/pip/_vendor/tomli_w) by extension 'ignore_ament_install'
[0.464s] Level 1:colcon.colcon_core.package_identification:_identify(venv/lib/python3.12/site-packages/pip-26.1.1.dist-info/licenses/src/pip/_vendor/tomli_w) by extensions ['colcon_pkg']
[0.464s] Level 1:colcon.colcon_core.package_identification:_identify(venv/lib/python3.12/site-packages/pip-26.1.1.dist-info/licenses/src/pip/_vendor/tomli_w) by extension 'colcon_pkg'
[0.464s] Level 1:colcon.colcon_core.package_identification:_identify(venv/lib/python3.12/site-packages/pip-26.1.1.dist-info/licenses/src/pip/_vendor/tomli_w) by extensions ['colcon_meta']
[0.464s] Level 1:colcon.colcon_core.package_identification:_identify(venv/lib/python3.12/site-packages/pip-26.1.1.dist-info/licenses/src/pip/_vendor/tomli_w) by extension 'colcon_meta'
[0.464s] Level 1:colcon.colcon_core.package_identification:_identify(venv/lib/python3.12/site-packages/pip-26.1.1.dist-info/licenses/src/pip/_vendor/tomli_w) by extensions ['ros']
[0.464s] Level 1:colcon.colcon_core.package_identification:_identify(venv/lib/python3.12/site-packages/pip-26.1.1.dist-info/licenses/src/pip/_vendor/tomli_w) by extension 'ros'
[0.464s] Level 1:colcon.colcon_core.package_identification:_identify(venv/lib/python3.12/site-packages/pip-26.1.1.dist-info/licenses/src/pip/_vendor/tomli_w) by extensions ['cmake', 'python']
[0.464s] Level 1:colcon.colcon_core.package_identification:_identify(venv/lib/python3.12/site-packages/pip-26.1.1.dist-info/licenses/src/pip/_vendor/tomli_w) by extension 'cmake'
[0.464s] Level 1:colcon.colcon_core.package_identification:_identify(venv/lib/python3.12/site-packages/pip-26.1.1.dist-info/licenses/src/pip/_vendor/tomli_w) by extension 'python'
[0.464s] Level 1:colcon.colcon_core.package_identification:_identify(venv/lib/python3.12/site-packages/pip-26.1.1.dist-info/licenses/src/pip/_vendor/tomli_w) by extensions ['python_setup_py']
[0.464s] Level 1:colcon.colcon_core.package_identification:_identify(venv/lib/python3.12/site-packages/pip-26.1.1.dist-info/licenses/src/pip/_vendor/tomli_w) by extension 'python_setup_py'
[0.465s] Level 1:colcon.colcon_core.package_identification:_identify(venv/lib/python3.12/site-packages/pip-26.1.1.dist-info/licenses/src/pip/_vendor/truststore) by extensions ['ignore', 'ignore_ament_install']
[0.465s] Level 1:colcon.colcon_core.package_identification:_identify(venv/lib/python3.12/site-packages/pip-26.1.1.dist-info/licenses/src/pip/_vendor/truststore) by extension 'ignore'
[0.465s] Level 1:colcon.colcon_core.package_identification:_identify(venv/lib/python3.12/site-packages/pip-26.1.1.dist-info/licenses/src/pip/_vendor/truststore) by extension 'ignore_ament_install'
[0.465s] Level 1:colcon.colcon_core.package_identification:_identify(venv/lib/python3.12/site-packages/pip-26.1.1.dist-info/licenses/src/pip/_vendor/truststore) by extensions ['colcon_pkg']
[0.465s] Level 1:colcon.colcon_core.package_identification:_identify(venv/lib/python3.12/site-packages/pip-26.1.1.dist-info/licenses/src/pip/_vendor/truststore) by extension 'colcon_pkg'
[0.465s] Level 1:colcon.colcon_core.package_identification:_identify(venv/lib/python3.12/site-packages/pip-26.1.1.dist-info/licenses/src/pip/_vendor/truststore) by extensions ['colcon_meta']
[0.465s] Level 1:colcon.colcon_core.package_identification:_identify(venv/lib/python3.12/site-packages/pip-26.1.1.dist-info/licenses/src/pip/_vendor/truststore) by extension 'colcon_meta'
[0.465s] Level 1:colcon.colcon_core.package_identification:_identify(venv/lib/python3.12/site-packages/pip-26.1.1.dist-info/licenses/src/pip/_vendor/truststore) by extensions ['ros']
[0.465s] Level 1:colcon.colcon_core.package_identification:_identify(venv/lib/python3.12/site-packages/pip-26.1.1.dist-info/licenses/src/pip/_vendor/truststore) by extension 'ros'
[0.465s] Level 1:colcon.colcon_core.package_identification:_identify(venv/lib/python3.12/site-packages/pip-26.1.1.dist-info/licenses/src/pip/_vendor/truststore) by extensions ['cmake', 'python']
[0.465s] Level 1:colcon.colcon_core.package_identification:_identify(venv/lib/python3.12/site-packages/pip-26.1.1.dist-info/licenses/src/pip/_vendor/truststore) by extension 'cmake'
[0.465s] Level 1:colcon.colcon_core.package_identification:_identify(venv/lib/python3.12/site-packages/pip-26.1.1.dist-info/licenses/src/pip/_vendor/truststore) by extension 'python'
[0.465s] Level 1:colcon.colcon_core.package_identification:_identify(venv/lib/python3.12/site-packages/pip-26.1.1.dist-info/licenses/src/pip/_vendor/truststore) by extensions ['python_setup_py']
[0.465s] Level 1:colcon.colcon_core.package_identification:_identify(venv/lib/python3.12/site-packages/pip-26.1.1.dist-info/licenses/src/pip/_vendor/truststore) by extension 'python_setup_py'
[0.466s] Level 1:colcon.colcon_core.package_identification:_identify(venv/lib/python3.12/site-packages/pip-26.1.1.dist-info/licenses/src/pip/_vendor/urllib3) by extensions ['ignore', 'ignore_ament_install']
[0.466s] Level 1:colcon.colcon_core.package_identification:_identify(venv/lib/python3.12/site-packages/pip-26.1.1.dist-info/licenses/src/pip/_vendor/urllib3) by extension 'ignore'
[0.466s] Level 1:colcon.colcon_core.package_identification:_identify(venv/lib/python3.12/site-packages/pip-26.1.1.dist-info/licenses/src/pip/_vendor/urllib3) by extension 'ignore_ament_install'
[0.466s] Level 1:colcon.colcon_core.package_identification:_identify(venv/lib/python3.12/site-packages/pip-26.1.1.dist-info/licenses/src/pip/_vendor/urllib3) by extensions ['colcon_pkg']
[0.466s] Level 1:colcon.colcon_core.package_identification:_identify(venv/lib/python3.12/site-packages/pip-26.1.1.dist-info/licenses/src/pip/_vendor/urllib3) by extension 'colcon_pkg'
[0.466s] Level 1:colcon.colcon_core.package_identification:_identify(venv/lib/python3.12/site-packages/pip-26.1.1.dist-info/licenses/src/pip/_vendor/urllib3) by extensions ['colcon_meta']
[0.466s] Level 1:colcon.colcon_core.package_identification:_identify(venv/lib/python3.12/site-packages/pip-26.1.1.dist-info/licenses/src/pip/_vendor/urllib3) by extension 'colcon_meta'
[0.466s] Level 1:colcon.colcon_core.package_identification:_identify(venv/lib/python3.12/site-packages/pip-26.1.1.dist-info/licenses/src/pip/_vendor/urllib3) by extensions ['ros']
[0.466s] Level 1:colcon.colcon_core.package_identification:_identify(venv/lib/python3.12/site-packages/pip-26.1.1.dist-info/licenses/src/pip/_vendor/urllib3) by extension 'ros'
[0.466s] Level 1:colcon.colcon_core.package_identification:_identify(venv/lib/python3.12/site-packages/pip-26.1.1.dist-info/licenses/src/pip/_vendor/urllib3) by extensions ['cmake', 'python']
[0.466s] Level 1:colcon.colcon_core.package_identification:_identify(venv/lib/python3.12/site-packages/pip-26.1.1.dist-info/licenses/src/pip/_vendor/urllib3) by extension 'cmake'
[0.466s] Level 1:colcon.colcon_core.package_identification:_identify(venv/lib/python3.12/site-packages/pip-26.1.1.dist-info/licenses/src/pip/_vendor/urllib3) by extension 'python'
[0.466s] Level 1:colcon.colcon_core.package_identification:_identify(venv/lib/python3.12/site-packages/pip-26.1.1.dist-info/licenses/src/pip/_vendor/urllib3) by extensions ['python_setup_py']
[0.467s] Level 1:colcon.colcon_core.package_identification:_identify(venv/lib/python3.12/site-packages/pip-26.1.1.dist-info/licenses/src/pip/_vendor/urllib3) by extension 'python_setup_py'
[0.467s] Level 1:colcon.colcon_core.package_identification:_identify(venv/lib/python3.12/site-packages/setuptools) by extensions ['ignore', 'ignore_ament_install']
[0.467s] Level 1:colcon.colcon_core.package_identification:_identify(venv/lib/python3.12/site-packages/setuptools) by extension 'ignore'
[0.467s] Level 1:colcon.colcon_core.package_identification:_identify(venv/lib/python3.12/site-packages/setuptools) by extension 'ignore_ament_install'
[0.467s] Level 1:colcon.colcon_core.package_identification:_identify(venv/lib/python3.12/site-packages/setuptools) by extensions ['colcon_pkg']
[0.467s] Level 1:colcon.colcon_core.package_identification:_identify(venv/lib/python3.12/site-packages/setuptools) by extension 'colcon_pkg'
[0.467s] Level 1:colcon.colcon_core.package_identification:_identify(venv/lib/python3.12/site-packages/setuptools) by extensions ['colcon_meta']
[0.467s] Level 1:colcon.colcon_core.package_identification:_identify(venv/lib/python3.12/site-packages/setuptools) by extension 'colcon_meta'
[0.467s] Level 1:colcon.colcon_core.package_identification:_identify(venv/lib/python3.12/site-packages/setuptools) by extensions ['ros']
[0.467s] Level 1:colcon.colcon_core.package_identification:_identify(venv/lib/python3.12/site-packages/setuptools) by extension 'ros'
[0.467s] Level 1:colcon.colcon_core.package_identification:_identify(venv/lib/python3.12/site-packages/setuptools) by extensions ['cmake', 'python']
[0.467s] Level 1:colcon.colcon_core.package_identification:_identify(venv/lib/python3.12/site-packages/setuptools) by extension 'cmake'
[0.467s] Level 1:colcon.colcon_core.package_identification:_identify(venv/lib/python3.12/site-packages/setuptools) by extension 'python'
[0.468s] Level 1:colcon.colcon_core.package_identification:_identify(venv/lib/python3.12/site-packages/setuptools) by extensions ['python_setup_py']
[0.468s] Level 1:colcon.colcon_core.package_identification:_identify(venv/lib/python3.12/site-packages/setuptools) by extension 'python_setup_py'
[0.468s] Level 1:colcon.colcon_core.package_identification:_identify(venv/lib/python3.12/site-packages/setuptools/__pycache__) by extensions ['ignore', 'ignore_ament_install']
[0.468s] Level 1:colcon.colcon_core.package_identification:_identify(venv/lib/python3.12/site-packages/setuptools/__pycache__) by extension 'ignore'
[0.468s] Level 1:colcon.colcon_core.package_identification:_identify(venv/lib/python3.12/site-packages/setuptools/__pycache__) by extension 'ignore_ament_install'
[0.468s] Level 1:colcon.colcon_core.package_identification:_identify(venv/lib/python3.12/site-packages/setuptools/__pycache__) by extensions ['colcon_pkg']
[0.468s] Level 1:colcon.colcon_core.package_identification:_identify(venv/lib/python3.12/site-packages/setuptools/__pycache__) by extension 'colcon_pkg'
[0.468s] Level 1:colcon.colcon_core.package_identification:_identify(venv/lib/python3.12/site-packages/setuptools/__pycache__) by extensions ['colcon_meta']
[0.468s] Level 1:colcon.colcon_core.package_identification:_identify(venv/lib/python3.12/site-packages/setuptools/__pycache__) by extension 'colcon_meta'
[0.468s] Level 1:colcon.colcon_core.package_identification:_identify(venv/lib/python3.12/site-packages/setuptools/__pycache__) by extensions ['ros']
[0.468s] Level 1:colcon.colcon_core.package_identification:_identify(venv/lib/python3.12/site-packages/setuptools/__pycache__) by extension 'ros'
[0.468s] Level 1:colcon.colcon_core.package_identification:_identify(venv/lib/python3.12/site-packages/setuptools/__pycache__) by extensions ['cmake', 'python']
[0.468s] Level 1:colcon.colcon_core.package_identification:_identify(venv/lib/python3.12/site-packages/setuptools/__pycache__) by extension 'cmake'
[0.469s] Level 1:colcon.colcon_core.package_identification:_identify(venv/lib/python3.12/site-packages/setuptools/__pycache__) by extension 'python'
[0.469s] Level 1:colcon.colcon_core.package_identification:_identify(venv/lib/python3.12/site-packages/setuptools/__pycache__) by extensions ['python_setup_py']
[0.469s] Level 1:colcon.colcon_core.package_identification:_identify(venv/lib/python3.12/site-packages/setuptools/__pycache__) by extension 'python_setup_py'
[0.469s] Level 1:colcon.colcon_core.package_identification:_identify(venv/lib/python3.12/site-packages/setuptools/_distutils) by extensions ['ignore', 'ignore_ament_install']
[0.469s] Level 1:colcon.colcon_core.package_identification:_identify(venv/lib/python3.12/site-packages/setuptools/_distutils) by extension 'ignore'
[0.469s] Level 1:colcon.colcon_core.package_identification:_identify(venv/lib/python3.12/site-packages/setuptools/_distutils) by extension 'ignore_ament_install'
[0.469s] Level 1:colcon.colcon_core.package_identification:_identify(venv/lib/python3.12/site-packages/setuptools/_distutils) by extensions ['colcon_pkg']
[0.469s] Level 1:colcon.colcon_core.package_identification:_identify(venv/lib/python3.12/site-packages/setuptools/_distutils) by extension 'colcon_pkg'
[0.469s] Level 1:colcon.colcon_core.package_identification:_identify(venv/lib/python3.12/site-packages/setuptools/_distutils) by extensions ['colcon_meta']
[0.469s] Level 1:colcon.colcon_core.package_identification:_identify(venv/lib/python3.12/site-packages/setuptools/_distutils) by extension 'colcon_meta'
[0.469s] Level 1:colcon.colcon_core.package_identification:_identify(venv/lib/python3.12/site-packages/setuptools/_distutils) by extensions ['ros']
[0.469s] Level 1:colcon.colcon_core.package_identification:_identify(venv/lib/python3.12/site-packages/setuptools/_distutils) by extension 'ros'
[0.469s] Level 1:colcon.colcon_core.package_identification:_identify(venv/lib/python3.12/site-packages/setuptools/_distutils) by extensions ['cmake', 'python']
[0.469s] Level 1:colcon.colcon_core.package_identification:_identify(venv/lib/python3.12/site-packages/setuptools/_distutils) by extension 'cmake'
[0.470s] Level 1:colcon.colcon_core.package_identification:_identify(venv/lib/python3.12/site-packages/setuptools/_distutils) by extension 'python'
[0.470s] Level 1:colcon.colcon_core.package_identification:_identify(venv/lib/python3.12/site-packages/setuptools/_distutils) by extensions ['python_setup_py']
[0.470s] Level 1:colcon.colcon_core.package_identification:_identify(venv/lib/python3.12/site-packages/setuptools/_distutils) by extension 'python_setup_py'
[0.470s] Level 1:colcon.colcon_core.package_identification:_identify(venv/lib/python3.12/site-packages/setuptools/_distutils/__pycache__) by extensions ['ignore', 'ignore_ament_install']
[0.470s] Level 1:colcon.colcon_core.package_identification:_identify(venv/lib/python3.12/site-packages/setuptools/_distutils/__pycache__) by extension 'ignore'
[0.470s] Level 1:colcon.colcon_core.package_identification:_identify(venv/lib/python3.12/site-packages/setuptools/_distutils/__pycache__) by extension 'ignore_ament_install'
[0.470s] Level 1:colcon.colcon_core.package_identification:_identify(venv/lib/python3.12/site-packages/setuptools/_distutils/__pycache__) by extensions ['colcon_pkg']
[0.470s] Level 1:colcon.colcon_core.package_identification:_identify(venv/lib/python3.12/site-packages/setuptools/_distutils/__pycache__) by extension 'colcon_pkg'
[0.470s] Level 1:colcon.colcon_core.package_identification:_identify(venv/lib/python3.12/site-packages/setuptools/_distutils/__pycache__) by extensions ['colcon_meta']
[0.470s] Level 1:colcon.colcon_core.package_identification:_identify(venv/lib/python3.12/site-packages/setuptools/_distutils/__pycache__) by extension 'colcon_meta'
[0.470s] Level 1:colcon.colcon_core.package_identification:_identify(venv/lib/python3.12/site-packages/setuptools/_distutils/__pycache__) by extensions ['ros']
[0.470s] Level 1:colcon.colcon_core.package_identification:_identify(venv/lib/python3.12/site-packages/setuptools/_distutils/__pycache__) by extension 'ros'
[0.470s] Level 1:colcon.colcon_core.package_identification:_identify(venv/lib/python3.12/site-packages/setuptools/_distutils/__pycache__) by extensions ['cmake', 'python']
[0.471s] Level 1:colcon.colcon_core.package_identification:_identify(venv/lib/python3.12/site-packages/setuptools/_distutils/__pycache__) by extension 'cmake'
[0.471s] Level 1:colcon.colcon_core.package_identification:_identify(venv/lib/python3.12/site-packages/setuptools/_distutils/__pycache__) by extension 'python'
[0.471s] Level 1:colcon.colcon_core.package_identification:_identify(venv/lib/python3.12/site-packages/setuptools/_distutils/__pycache__) by extensions ['python_setup_py']
[0.471s] Level 1:colcon.colcon_core.package_identification:_identify(venv/lib/python3.12/site-packages/setuptools/_distutils/__pycache__) by extension 'python_setup_py'
[0.471s] Level 1:colcon.colcon_core.package_identification:_identify(venv/lib/python3.12/site-packages/setuptools/_distutils/command) by extensions ['ignore', 'ignore_ament_install']
[0.471s] Level 1:colcon.colcon_core.package_identification:_identify(venv/lib/python3.12/site-packages/setuptools/_distutils/command) by extension 'ignore'
[0.471s] Level 1:colcon.colcon_core.package_identification:_identify(venv/lib/python3.12/site-packages/setuptools/_distutils/command) by extension 'ignore_ament_install'
[0.471s] Level 1:colcon.colcon_core.package_identification:_identify(venv/lib/python3.12/site-packages/setuptools/_distutils/command) by extensions ['colcon_pkg']
[0.471s] Level 1:colcon.colcon_core.package_identification:_identify(venv/lib/python3.12/site-packages/setuptools/_distutils/command) by extension 'colcon_pkg'
[0.471s] Level 1:colcon.colcon_core.package_identification:_identify(venv/lib/python3.12/site-packages/setuptools/_distutils/command) by extensions ['colcon_meta']
[0.471s] Level 1:colcon.colcon_core.package_identification:_identify(venv/lib/python3.12/site-packages/setuptools/_distutils/command) by extension 'colcon_meta'
[0.471s] Level 1:colcon.colcon_core.package_identification:_identify(venv/lib/python3.12/site-packages/setuptools/_distutils/command) by extensions ['ros']
[0.471s] Level 1:colcon.colcon_core.package_identification:_identify(venv/lib/python3.12/site-packages/setuptools/_distutils/command) by extension 'ros'
[0.472s] Level 1:colcon.colcon_core.package_identification:_identify(venv/lib/python3.12/site-packages/setuptools/_distutils/command) by extensions ['cmake', 'python']
[0.472s] Level 1:colcon.colcon_core.package_identification:_identify(venv/lib/python3.12/site-packages/setuptools/_distutils/command) by extension 'cmake'
[0.472s] Level 1:colcon.colcon_core.package_identification:_identify(venv/lib/python3.12/site-packages/setuptools/_distutils/command) by extension 'python'
[0.472s] Level 1:colcon.colcon_core.package_identification:_identify(venv/lib/python3.12/site-packages/setuptools/_distutils/command) by extensions ['python_setup_py']
[0.472s] Level 1:colcon.colcon_core.package_identification:_identify(venv/lib/python3.12/site-packages/setuptools/_distutils/command) by extension 'python_setup_py'
[0.472s] Level 1:colcon.colcon_core.package_identification:_identify(venv/lib/python3.12/site-packages/setuptools/_distutils/command/__pycache__) by extensions ['ignore', 'ignore_ament_install']
[0.472s] Level 1:colcon.colcon_core.package_identification:_identify(venv/lib/python3.12/site-packages/setuptools/_distutils/command/__pycache__) by extension 'ignore'
[0.472s] Level 1:colcon.colcon_core.package_identification:_identify(venv/lib/python3.12/site-packages/setuptools/_distutils/command/__pycache__) by extension 'ignore_ament_install'
[0.472s] Level 1:colcon.colcon_core.package_identification:_identify(venv/lib/python3.12/site-packages/setuptools/_distutils/command/__pycache__) by extensions ['colcon_pkg']
[0.472s] Level 1:colcon.colcon_core.package_identification:_identify(venv/lib/python3.12/site-packages/setuptools/_distutils/command/__pycache__) by extension 'colcon_pkg'
[0.472s] Level 1:colcon.colcon_core.package_identification:_identify(venv/lib/python3.12/site-packages/setuptools/_distutils/command/__pycache__) by extensions ['colcon_meta']
[0.472s] Level 1:colcon.colcon_core.package_identification:_identify(venv/lib/python3.12/site-packages/setuptools/_distutils/command/__pycache__) by extension 'colcon_meta'
[0.472s] Level 1:colcon.colcon_core.package_identification:_identify(venv/lib/python3.12/site-packages/setuptools/_distutils/command/__pycache__) by extensions ['ros']
[0.472s] Level 1:colcon.colcon_core.package_identification:_identify(venv/lib/python3.12/site-packages/setuptools/_distutils/command/__pycache__) by extension 'ros'
[0.473s] Level 1:colcon.colcon_core.package_identification:_identify(venv/lib/python3.12/site-packages/setuptools/_distutils/command/__pycache__) by extensions ['cmake', 'python']
[0.473s] Level 1:colcon.colcon_core.package_identification:_identify(venv/lib/python3.12/site-packages/setuptools/_distutils/command/__pycache__) by extension 'cmake'
[0.473s] Level 1:colcon.colcon_core.package_identification:_identify(venv/lib/python3.12/site-packages/setuptools/_distutils/command/__pycache__) by extension 'python'
[0.473s] Level 1:colcon.colcon_core.package_identification:_identify(venv/lib/python3.12/site-packages/setuptools/_distutils/command/__pycache__) by extensions ['python_setup_py']
[0.473s] Level 1:colcon.colcon_core.package_identification:_identify(venv/lib/python3.12/site-packages/setuptools/_distutils/command/__pycache__) by extension 'python_setup_py'
[0.473s] Level 1:colcon.colcon_core.package_identification:_identify(venv/lib/python3.12/site-packages/setuptools/_distutils/compat) by extensions ['ignore', 'ignore_ament_install']
[0.473s] Level 1:colcon.colcon_core.package_identification:_identify(venv/lib/python3.12/site-packages/setuptools/_distutils/compat) by extension 'ignore'
[0.473s] Level 1:colcon.colcon_core.package_identification:_identify(venv/lib/python3.12/site-packages/setuptools/_distutils/compat) by extension 'ignore_ament_install'
[0.473s] Level 1:colcon.colcon_core.package_identification:_identify(venv/lib/python3.12/site-packages/setuptools/_distutils/compat) by extensions ['colcon_pkg']
[0.473s] Level 1:colcon.colcon_core.package_identification:_identify(venv/lib/python3.12/site-packages/setuptools/_distutils/compat) by extension 'colcon_pkg'
[0.473s] Level 1:colcon.colcon_core.package_identification:_identify(venv/lib/python3.12/site-packages/setuptools/_distutils/compat) by extensions ['colcon_meta']
[0.473s] Level 1:colcon.colcon_core.package_identification:_identify(venv/lib/python3.12/site-packages/setuptools/_distutils/compat) by extension 'colcon_meta'
[0.473s] Level 1:colcon.colcon_core.package_identification:_identify(venv/lib/python3.12/site-packages/setuptools/_distutils/compat) by extensions ['ros']
[0.473s] Level 1:colcon.colcon_core.package_identification:_identify(venv/lib/python3.12/site-packages/setuptools/_distutils/compat) by extension 'ros'
[0.474s] Level 1:colcon.colcon_core.package_identification:_identify(venv/lib/python3.12/site-packages/setuptools/_distutils/compat) by extensions ['cmake', 'python']
[0.474s] Level 1:colcon.colcon_core.package_identification:_identify(venv/lib/python3.12/site-packages/setuptools/_distutils/compat) by extension 'cmake'
[0.474s] Level 1:colcon.colcon_core.package_identification:_identify(venv/lib/python3.12/site-packages/setuptools/_distutils/compat) by extension 'python'
[0.474s] Level 1:colcon.colcon_core.package_identification:_identify(venv/lib/python3.12/site-packages/setuptools/_distutils/compat) by extensions ['python_setup_py']
[0.474s] Level 1:colcon.colcon_core.package_identification:_identify(venv/lib/python3.12/site-packages/setuptools/_distutils/compat) by extension 'python_setup_py'
[0.474s] Level 1:colcon.colcon_core.package_identification:_identify(venv/lib/python3.12/site-packages/setuptools/_distutils/compat/__pycache__) by extensions ['ignore', 'ignore_ament_install']
[0.474s] Level 1:colcon.colcon_core.package_identification:_identify(venv/lib/python3.12/site-packages/setuptools/_distutils/compat/__pycache__) by extension 'ignore'
[0.474s] Level 1:colcon.colcon_core.package_identification:_identify(venv/lib/python3.12/site-packages/setuptools/_distutils/compat/__pycache__) by extension 'ignore_ament_install'
[0.474s] Level 1:colcon.colcon_core.package_identification:_identify(venv/lib/python3.12/site-packages/setuptools/_distutils/compat/__pycache__) by extensions ['colcon_pkg']
[0.474s] Level 1:colcon.colcon_core.package_identification:_identify(venv/lib/python3.12/site-packages/setuptools/_distutils/compat/__pycache__) by extension 'colcon_pkg'
[0.474s] Level 1:colcon.colcon_core.package_identification:_identify(venv/lib/python3.12/site-packages/setuptools/_distutils/compat/__pycache__) by extensions ['colcon_meta']
[0.474s] Level 1:colcon.colcon_core.package_identification:_identify(venv/lib/python3.12/site-packages/setuptools/_distutils/compat/__pycache__) by extension 'colcon_meta'
[0.474s] Level 1:colcon.colcon_core.package_identification:_identify(venv/lib/python3.12/site-packages/setuptools/_distutils/compat/__pycache__) by extensions ['ros']
[0.474s] Level 1:colcon.colcon_core.package_identification:_identify(venv/lib/python3.12/site-packages/setuptools/_distutils/compat/__pycache__) by extension 'ros'
[0.475s] Level 1:colcon.colcon_core.package_identification:_identify(venv/lib/python3.12/site-packages/setuptools/_distutils/compat/__pycache__) by extensions ['cmake', 'python']
[0.475s] Level 1:colcon.colcon_core.package_identification:_identify(venv/lib/python3.12/site-packages/setuptools/_distutils/compat/__pycache__) by extension 'cmake'
[0.475s] Level 1:colcon.colcon_core.package_identification:_identify(venv/lib/python3.12/site-packages/setuptools/_distutils/compat/__pycache__) by extension 'python'
[0.475s] Level 1:colcon.colcon_core.package_identification:_identify(venv/lib/python3.12/site-packages/setuptools/_distutils/compat/__pycache__) by extensions ['python_setup_py']
[0.475s] Level 1:colcon.colcon_core.package_identification:_identify(venv/lib/python3.12/site-packages/setuptools/_distutils/compat/__pycache__) by extension 'python_setup_py'
[0.475s] Level 1:colcon.colcon_core.package_identification:_identify(venv/lib/python3.12/site-packages/setuptools/_distutils/compilers) by extensions ['ignore', 'ignore_ament_install']
[0.475s] Level 1:colcon.colcon_core.package_identification:_identify(venv/lib/python3.12/site-packages/setuptools/_distutils/compilers) by extension 'ignore'
[0.475s] Level 1:colcon.colcon_core.package_identification:_identify(venv/lib/python3.12/site-packages/setuptools/_distutils/compilers) by extension 'ignore_ament_install'
[0.475s] Level 1:colcon.colcon_core.package_identification:_identify(venv/lib/python3.12/site-packages/setuptools/_distutils/compilers) by extensions ['colcon_pkg']
[0.475s] Level 1:colcon.colcon_core.package_identification:_identify(venv/lib/python3.12/site-packages/setuptools/_distutils/compilers) by extension 'colcon_pkg'
[0.475s] Level 1:colcon.colcon_core.package_identification:_identify(venv/lib/python3.12/site-packages/setuptools/_distutils/compilers) by extensions ['colcon_meta']
[0.475s] Level 1:colcon.colcon_core.package_identification:_identify(venv/lib/python3.12/site-packages/setuptools/_distutils/compilers) by extension 'colcon_meta'
[0.475s] Level 1:colcon.colcon_core.package_identification:_identify(venv/lib/python3.12/site-packages/setuptools/_distutils/compilers) by extensions ['ros']
[0.475s] Level 1:colcon.colcon_core.package_identification:_identify(venv/lib/python3.12/site-packages/setuptools/_distutils/compilers) by extension 'ros'
[0.476s] Level 1:colcon.colcon_core.package_identification:_identify(venv/lib/python3.12/site-packages/setuptools/_distutils/compilers) by extensions ['cmake', 'python']
[0.476s] Level 1:colcon.colcon_core.package_identification:_identify(venv/lib/python3.12/site-packages/setuptools/_distutils/compilers) by extension 'cmake'
[0.476s] Level 1:colcon.colcon_core.package_identification:_identify(venv/lib/python3.12/site-packages/setuptools/_distutils/compilers) by extension 'python'
[0.476s] Level 1:colcon.colcon_core.package_identification:_identify(venv/lib/python3.12/site-packages/setuptools/_distutils/compilers) by extensions ['python_setup_py']
[0.476s] Level 1:colcon.colcon_core.package_identification:_identify(venv/lib/python3.12/site-packages/setuptools/_distutils/compilers) by extension 'python_setup_py'
[0.476s] Level 1:colcon.colcon_core.package_identification:_identify(venv/lib/python3.12/site-packages/setuptools/_distutils/compilers/C) by extensions ['ignore', 'ignore_ament_install']
[0.476s] Level 1:colcon.colcon_core.package_identification:_identify(venv/lib/python3.12/site-packages/setuptools/_distutils/compilers/C) by extension 'ignore'
[0.476s] Level 1:colcon.colcon_core.package_identification:_identify(venv/lib/python3.12/site-packages/setuptools/_distutils/compilers/C) by extension 'ignore_ament_install'
[0.476s] Level 1:colcon.colcon_core.package_identification:_identify(venv/lib/python3.12/site-packages/setuptools/_distutils/compilers/C) by extensions ['colcon_pkg']
[0.476s] Level 1:colcon.colcon_core.package_identification:_identify(venv/lib/python3.12/site-packages/setuptools/_distutils/compilers/C) by extension 'colcon_pkg'
[0.476s] Level 1:colcon.colcon_core.package_identification:_identify(venv/lib/python3.12/site-packages/setuptools/_distutils/compilers/C) by extensions ['colcon_meta']
[0.476s] Level 1:colcon.colcon_core.package_identification:_identify(venv/lib/python3.12/site-packages/setuptools/_distutils/compilers/C) by extension 'colcon_meta'
[0.476s] Level 1:colcon.colcon_core.package_identification:_identify(venv/lib/python3.12/site-packages/setuptools/_distutils/compilers/C) by extensions ['ros']
[0.476s] Level 1:colcon.colcon_core.package_identification:_identify(venv/lib/python3.12/site-packages/setuptools/_distutils/compilers/C) by extension 'ros'
[0.477s] Level 1:colcon.colcon_core.package_identification:_identify(venv/lib/python3.12/site-packages/setuptools/_distutils/compilers/C) by extensions ['cmake', 'python']
[0.477s] Level 1:colcon.colcon_core.package_identification:_identify(venv/lib/python3.12/site-packages/setuptools/_distutils/compilers/C) by extension 'cmake'
[0.477s] Level 1:colcon.colcon_core.package_identification:_identify(venv/lib/python3.12/site-packages/setuptools/_distutils/compilers/C) by extension 'python'
[0.477s] Level 1:colcon.colcon_core.package_identification:_identify(venv/lib/python3.12/site-packages/setuptools/_distutils/compilers/C) by extensions ['python_setup_py']
[0.477s] Level 1:colcon.colcon_core.package_identification:_identify(venv/lib/python3.12/site-packages/setuptools/_distutils/compilers/C) by extension 'python_setup_py'
[0.477s] Level 1:colcon.colcon_core.package_identification:_identify(venv/lib/python3.12/site-packages/setuptools/_distutils/compilers/C/__pycache__) by extensions ['ignore', 'ignore_ament_install']
[0.477s] Level 1:colcon.colcon_core.package_identification:_identify(venv/lib/python3.12/site-packages/setuptools/_distutils/compilers/C/__pycache__) by extension 'ignore'
[0.477s] Level 1:colcon.colcon_core.package_identification:_identify(venv/lib/python3.12/site-packages/setuptools/_distutils/compilers/C/__pycache__) by extension 'ignore_ament_install'
[0.477s] Level 1:colcon.colcon_core.package_identification:_identify(venv/lib/python3.12/site-packages/setuptools/_distutils/compilers/C/__pycache__) by extensions ['colcon_pkg']
[0.477s] Level 1:colcon.colcon_core.package_identification:_identify(venv/lib/python3.12/site-packages/setuptools/_distutils/compilers/C/__pycache__) by extension 'colcon_pkg'
[0.477s] Level 1:colcon.colcon_core.package_identification:_identify(venv/lib/python3.12/site-packages/setuptools/_distutils/compilers/C/__pycache__) by extensions ['colcon_meta']
[0.477s] Level 1:colcon.colcon_core.package_identification:_identify(venv/lib/python3.12/site-packages/setuptools/_distutils/compilers/C/__pycache__) by extension 'colcon_meta'
[0.477s] Level 1:colcon.colcon_core.package_identification:_identify(venv/lib/python3.12/site-packages/setuptools/_distutils/compilers/C/__pycache__) by extensions ['ros']
[0.477s] Level 1:colcon.colcon_core.package_identification:_identify(venv/lib/python3.12/site-packages/setuptools/_distutils/compilers/C/__pycache__) by extension 'ros'
[0.478s] Level 1:colcon.colcon_core.package_identification:_identify(venv/lib/python3.12/site-packages/setuptools/_distutils/compilers/C/__pycache__) by extensions ['cmake', 'python']
[0.478s] Level 1:colcon.colcon_core.package_identification:_identify(venv/lib/python3.12/site-packages/setuptools/_distutils/compilers/C/__pycache__) by extension 'cmake'
[0.478s] Level 1:colcon.colcon_core.package_identification:_identify(venv/lib/python3.12/site-packages/setuptools/_distutils/compilers/C/__pycache__) by extension 'python'
[0.478s] Level 1:colcon.colcon_core.package_identification:_identify(venv/lib/python3.12/site-packages/setuptools/_distutils/compilers/C/__pycache__) by extensions ['python_setup_py']
[0.478s] Level 1:colcon.colcon_core.package_identification:_identify(venv/lib/python3.12/site-packages/setuptools/_distutils/compilers/C/__pycache__) by extension 'python_setup_py'
[0.478s] Level 1:colcon.colcon_core.package_identification:_identify(venv/lib/python3.12/site-packages/setuptools/_distutils/compilers/C/tests) by extensions ['ignore', 'ignore_ament_install']
[0.478s] Level 1:colcon.colcon_core.package_identification:_identify(venv/lib/python3.12/site-packages/setuptools/_distutils/compilers/C/tests) by extension 'ignore'
[0.478s] Level 1:colcon.colcon_core.package_identification:_identify(venv/lib/python3.12/site-packages/setuptools/_distutils/compilers/C/tests) by extension 'ignore_ament_install'
[0.478s] Level 1:colcon.colcon_core.package_identification:_identify(venv/lib/python3.12/site-packages/setuptools/_distutils/compilers/C/tests) by extensions ['colcon_pkg']
[0.478s] Level 1:colcon.colcon_core.package_identification:_identify(venv/lib/python3.12/site-packages/setuptools/_distutils/compilers/C/tests) by extension 'colcon_pkg'
[0.478s] Level 1:colcon.colcon_core.package_identification:_identify(venv/lib/python3.12/site-packages/setuptools/_distutils/compilers/C/tests) by extensions ['colcon_meta']
[0.478s] Level 1:colcon.colcon_core.package_identification:_identify(venv/lib/python3.12/site-packages/setuptools/_distutils/compilers/C/tests) by extension 'colcon_meta'
[0.478s] Level 1:colcon.colcon_core.package_identification:_identify(venv/lib/python3.12/site-packages/setuptools/_distutils/compilers/C/tests) by extensions ['ros']
[0.478s] Level 1:colcon.colcon_core.package_identification:_identify(venv/lib/python3.12/site-packages/setuptools/_distutils/compilers/C/tests) by extension 'ros'
[0.479s] Level 1:colcon.colcon_core.package_identification:_identify(venv/lib/python3.12/site-packages/setuptools/_distutils/compilers/C/tests) by extensions ['cmake', 'python']
[0.479s] Level 1:colcon.colcon_core.package_identification:_identify(venv/lib/python3.12/site-packages/setuptools/_distutils/compilers/C/tests) by extension 'cmake'
[0.479s] Level 1:colcon.colcon_core.package_identification:_identify(venv/lib/python3.12/site-packages/setuptools/_distutils/compilers/C/tests) by extension 'python'
[0.479s] Level 1:colcon.colcon_core.package_identification:_identify(venv/lib/python3.12/site-packages/setuptools/_distutils/compilers/C/tests) by extensions ['python_setup_py']
[0.479s] Level 1:colcon.colcon_core.package_identification:_identify(venv/lib/python3.12/site-packages/setuptools/_distutils/compilers/C/tests) by extension 'python_setup_py'
[0.479s] Level 1:colcon.colcon_core.package_identification:_identify(venv/lib/python3.12/site-packages/setuptools/_distutils/compilers/C/tests/__pycache__) by extensions ['ignore', 'ignore_ament_install']
[0.479s] Level 1:colcon.colcon_core.package_identification:_identify(venv/lib/python3.12/site-packages/setuptools/_distutils/compilers/C/tests/__pycache__) by extension 'ignore'
[0.479s] Level 1:colcon.colcon_core.package_identification:_identify(venv/lib/python3.12/site-packages/setuptools/_distutils/compilers/C/tests/__pycache__) by extension 'ignore_ament_install'
[0.479s] Level 1:colcon.colcon_core.package_identification:_identify(venv/lib/python3.12/site-packages/setuptools/_distutils/compilers/C/tests/__pycache__) by extensions ['colcon_pkg']
[0.479s] Level 1:colcon.colcon_core.package_identification:_identify(venv/lib/python3.12/site-packages/setuptools/_distutils/compilers/C/tests/__pycache__) by extension 'colcon_pkg'
[0.479s] Level 1:colcon.colcon_core.package_identification:_identify(venv/lib/python3.12/site-packages/setuptools/_distutils/compilers/C/tests/__pycache__) by extensions ['colcon_meta']
[0.479s] Level 1:colcon.colcon_core.package_identification:_identify(venv/lib/python3.12/site-packages/setuptools/_distutils/compilers/C/tests/__pycache__) by extension 'colcon_meta'
[0.479s] Level 1:colcon.colcon_core.package_identification:_identify(venv/lib/python3.12/site-packages/setuptools/_distutils/compilers/C/tests/__pycache__) by extensions ['ros']
[0.480s] Level 1:colcon.colcon_core.package_identification:_identify(venv/lib/python3.12/site-packages/setuptools/_distutils/compilers/C/tests/__pycache__) by extension 'ros'
[0.480s] Level 1:colcon.colcon_core.package_identification:_identify(venv/lib/python3.12/site-packages/setuptools/_distutils/compilers/C/tests/__pycache__) by extensions ['cmake', 'python']
[0.480s] Level 1:colcon.colcon_core.package_identification:_identify(venv/lib/python3.12/site-packages/setuptools/_distutils/compilers/C/tests/__pycache__) by extension 'cmake'
[0.480s] Level 1:colcon.colcon_core.package_identification:_identify(venv/lib/python3.12/site-packages/setuptools/_distutils/compilers/C/tests/__pycache__) by extension 'python'
[0.480s] Level 1:colcon.colcon_core.package_identification:_identify(venv/lib/python3.12/site-packages/setuptools/_distutils/compilers/C/tests/__pycache__) by extensions ['python_setup_py']
[0.480s] Level 1:colcon.colcon_core.package_identification:_identify(venv/lib/python3.12/site-packages/setuptools/_distutils/compilers/C/tests/__pycache__) by extension 'python_setup_py'
[0.480s] Level 1:colcon.colcon_core.package_identification:_identify(venv/lib/python3.12/site-packages/setuptools/_distutils/tests) by extensions ['ignore', 'ignore_ament_install']
[0.480s] Level 1:colcon.colcon_core.package_identification:_identify(venv/lib/python3.12/site-packages/setuptools/_distutils/tests) by extension 'ignore'
[0.480s] Level 1:colcon.colcon_core.package_identification:_identify(venv/lib/python3.12/site-packages/setuptools/_distutils/tests) by extension 'ignore_ament_install'
[0.480s] Level 1:colcon.colcon_core.package_identification:_identify(venv/lib/python3.12/site-packages/setuptools/_distutils/tests) by extensions ['colcon_pkg']
[0.480s] Level 1:colcon.colcon_core.package_identification:_identify(venv/lib/python3.12/site-packages/setuptools/_distutils/tests) by extension 'colcon_pkg'
[0.480s] Level 1:colcon.colcon_core.package_identification:_identify(venv/lib/python3.12/site-packages/setuptools/_distutils/tests) by extensions ['colcon_meta']
[0.480s] Level 1:colcon.colcon_core.package_identification:_identify(venv/lib/python3.12/site-packages/setuptools/_distutils/tests) by extension 'colcon_meta'
[0.481s] Level 1:colcon.colcon_core.package_identification:_identify(venv/lib/python3.12/site-packages/setuptools/_distutils/tests) by extensions ['ros']
[0.481s] Level 1:colcon.colcon_core.package_identification:_identify(venv/lib/python3.12/site-packages/setuptools/_distutils/tests) by extension 'ros'
[0.481s] Level 1:colcon.colcon_core.package_identification:_identify(venv/lib/python3.12/site-packages/setuptools/_distutils/tests) by extensions ['cmake', 'python']
[0.481s] Level 1:colcon.colcon_core.package_identification:_identify(venv/lib/python3.12/site-packages/setuptools/_distutils/tests) by extension 'cmake'
[0.481s] Level 1:colcon.colcon_core.package_identification:_identify(venv/lib/python3.12/site-packages/setuptools/_distutils/tests) by extension 'python'
[0.481s] Level 1:colcon.colcon_core.package_identification:_identify(venv/lib/python3.12/site-packages/setuptools/_distutils/tests) by extensions ['python_setup_py']
[0.481s] Level 1:colcon.colcon_core.package_identification:_identify(venv/lib/python3.12/site-packages/setuptools/_distutils/tests) by extension 'python_setup_py'
[0.481s] Level 1:colcon.colcon_core.package_identification:_identify(venv/lib/python3.12/site-packages/setuptools/_distutils/tests/__pycache__) by extensions ['ignore', 'ignore_ament_install']
[0.481s] Level 1:colcon.colcon_core.package_identification:_identify(venv/lib/python3.12/site-packages/setuptools/_distutils/tests/__pycache__) by extension 'ignore'
[0.481s] Level 1:colcon.colcon_core.package_identification:_identify(venv/lib/python3.12/site-packages/setuptools/_distutils/tests/__pycache__) by extension 'ignore_ament_install'
[0.481s] Level 1:colcon.colcon_core.package_identification:_identify(venv/lib/python3.12/site-packages/setuptools/_distutils/tests/__pycache__) by extensions ['colcon_pkg']
[0.481s] Level 1:colcon.colcon_core.package_identification:_identify(venv/lib/python3.12/site-packages/setuptools/_distutils/tests/__pycache__) by extension 'colcon_pkg'
[0.481s] Level 1:colcon.colcon_core.package_identification:_identify(venv/lib/python3.12/site-packages/setuptools/_distutils/tests/__pycache__) by extensions ['colcon_meta']
[0.481s] Level 1:colcon.colcon_core.package_identification:_identify(venv/lib/python3.12/site-packages/setuptools/_distutils/tests/__pycache__) by extension 'colcon_meta'
[0.482s] Level 1:colcon.colcon_core.package_identification:_identify(venv/lib/python3.12/site-packages/setuptools/_distutils/tests/__pycache__) by extensions ['ros']
[0.482s] Level 1:colcon.colcon_core.package_identification:_identify(venv/lib/python3.12/site-packages/setuptools/_distutils/tests/__pycache__) by extension 'ros'
[0.482s] Level 1:colcon.colcon_core.package_identification:_identify(venv/lib/python3.12/site-packages/setuptools/_distutils/tests/__pycache__) by extensions ['cmake', 'python']
[0.482s] Level 1:colcon.colcon_core.package_identification:_identify(venv/lib/python3.12/site-packages/setuptools/_distutils/tests/__pycache__) by extension 'cmake'
[0.482s] Level 1:colcon.colcon_core.package_identification:_identify(venv/lib/python3.12/site-packages/setuptools/_distutils/tests/__pycache__) by extension 'python'
[0.482s] Level 1:colcon.colcon_core.package_identification:_identify(venv/lib/python3.12/site-packages/setuptools/_distutils/tests/__pycache__) by extensions ['python_setup_py']
[0.482s] Level 1:colcon.colcon_core.package_identification:_identify(venv/lib/python3.12/site-packages/setuptools/_distutils/tests/__pycache__) by extension 'python_setup_py'
[0.482s] Level 1:colcon.colcon_core.package_identification:_identify(venv/lib/python3.12/site-packages/setuptools/_distutils/tests/compat) by extensions ['ignore', 'ignore_ament_install']
[0.482s] Level 1:colcon.colcon_core.package_identification:_identify(venv/lib/python3.12/site-packages/setuptools/_distutils/tests/compat) by extension 'ignore'
[0.482s] Level 1:colcon.colcon_core.package_identification:_identify(venv/lib/python3.12/site-packages/setuptools/_distutils/tests/compat) by extension 'ignore_ament_install'
[0.482s] Level 1:colcon.colcon_core.package_identification:_identify(venv/lib/python3.12/site-packages/setuptools/_distutils/tests/compat) by extensions ['colcon_pkg']
[0.482s] Level 1:colcon.colcon_core.package_identification:_identify(venv/lib/python3.12/site-packages/setuptools/_distutils/tests/compat) by extension 'colcon_pkg'
[0.482s] Level 1:colcon.colcon_core.package_identification:_identify(venv/lib/python3.12/site-packages/setuptools/_distutils/tests/compat) by extensions ['colcon_meta']
[0.482s] Level 1:colcon.colcon_core.package_identification:_identify(venv/lib/python3.12/site-packages/setuptools/_distutils/tests/compat) by extension 'colcon_meta'
[0.483s] Level 1:colcon.colcon_core.package_identification:_identify(venv/lib/python3.12/site-packages/setuptools/_distutils/tests/compat) by extensions ['ros']
[0.483s] Level 1:colcon.colcon_core.package_identification:_identify(venv/lib/python3.12/site-packages/setuptools/_distutils/tests/compat) by extension 'ros'
[0.483s] Level 1:colcon.colcon_core.package_identification:_identify(venv/lib/python3.12/site-packages/setuptools/_distutils/tests/compat) by extensions ['cmake', 'python']
[0.483s] Level 1:colcon.colcon_core.package_identification:_identify(venv/lib/python3.12/site-packages/setuptools/_distutils/tests/compat) by extension 'cmake'
[0.483s] Level 1:colcon.colcon_core.package_identification:_identify(venv/lib/python3.12/site-packages/setuptools/_distutils/tests/compat) by extension 'python'
[0.483s] Level 1:colcon.colcon_core.package_identification:_identify(venv/lib/python3.12/site-packages/setuptools/_distutils/tests/compat) by extensions ['python_setup_py']
[0.483s] Level 1:colcon.colcon_core.package_identification:_identify(venv/lib/python3.12/site-packages/setuptools/_distutils/tests/compat) by extension 'python_setup_py'
[0.483s] Level 1:colcon.colcon_core.package_identification:_identify(venv/lib/python3.12/site-packages/setuptools/_distutils/tests/compat/__pycache__) by extensions ['ignore', 'ignore_ament_install']
[0.483s] Level 1:colcon.colcon_core.package_identification:_identify(venv/lib/python3.12/site-packages/setuptools/_distutils/tests/compat/__pycache__) by extension 'ignore'
[0.483s] Level 1:colcon.colcon_core.package_identification:_identify(venv/lib/python3.12/site-packages/setuptools/_distutils/tests/compat/__pycache__) by extension 'ignore_ament_install'
[0.483s] Level 1:colcon.colcon_core.package_identification:_identify(venv/lib/python3.12/site-packages/setuptools/_distutils/tests/compat/__pycache__) by extensions ['colcon_pkg']
[0.483s] Level 1:colcon.colcon_core.package_identification:_identify(venv/lib/python3.12/site-packages/setuptools/_distutils/tests/compat/__pycache__) by extension 'colcon_pkg'
[0.483s] Level 1:colcon.colcon_core.package_identification:_identify(venv/lib/python3.12/site-packages/setuptools/_distutils/tests/compat/__pycache__) by extensions ['colcon_meta']
[0.483s] Level 1:colcon.colcon_core.package_identification:_identify(venv/lib/python3.12/site-packages/setuptools/_distutils/tests/compat/__pycache__) by extension 'colcon_meta'
[0.484s] Level 1:colcon.colcon_core.package_identification:_identify(venv/lib/python3.12/site-packages/setuptools/_distutils/tests/compat/__pycache__) by extensions ['ros']
[0.484s] Level 1:colcon.colcon_core.package_identification:_identify(venv/lib/python3.12/site-packages/setuptools/_distutils/tests/compat/__pycache__) by extension 'ros'
[0.484s] Level 1:colcon.colcon_core.package_identification:_identify(venv/lib/python3.12/site-packages/setuptools/_distutils/tests/compat/__pycache__) by extensions ['cmake', 'python']
[0.484s] Level 1:colcon.colcon_core.package_identification:_identify(venv/lib/python3.12/site-packages/setuptools/_distutils/tests/compat/__pycache__) by extension 'cmake'
[0.484s] Level 1:colcon.colcon_core.package_identification:_identify(venv/lib/python3.12/site-packages/setuptools/_distutils/tests/compat/__pycache__) by extension 'python'
[0.484s] Level 1:colcon.colcon_core.package_identification:_identify(venv/lib/python3.12/site-packages/setuptools/_distutils/tests/compat/__pycache__) by extensions ['python_setup_py']
[0.484s] Level 1:colcon.colcon_core.package_identification:_identify(venv/lib/python3.12/site-packages/setuptools/_distutils/tests/compat/__pycache__) by extension 'python_setup_py'
[0.484s] Level 1:colcon.colcon_core.package_identification:_identify(venv/lib/python3.12/site-packages/setuptools/_vendor) by extensions ['ignore', 'ignore_ament_install']
[0.484s] Level 1:colcon.colcon_core.package_identification:_identify(venv/lib/python3.12/site-packages/setuptools/_vendor) by extension 'ignore'
[0.484s] Level 1:colcon.colcon_core.package_identification:_identify(venv/lib/python3.12/site-packages/setuptools/_vendor) by extension 'ignore_ament_install'
[0.484s] Level 1:colcon.colcon_core.package_identification:_identify(venv/lib/python3.12/site-packages/setuptools/_vendor) by extensions ['colcon_pkg']
[0.484s] Level 1:colcon.colcon_core.package_identification:_identify(venv/lib/python3.12/site-packages/setuptools/_vendor) by extension 'colcon_pkg'
[0.484s] Level 1:colcon.colcon_core.package_identification:_identify(venv/lib/python3.12/site-packages/setuptools/_vendor) by extensions ['colcon_meta']
[0.484s] Level 1:colcon.colcon_core.package_identification:_identify(venv/lib/python3.12/site-packages/setuptools/_vendor) by extension 'colcon_meta'
[0.485s] Level 1:colcon.colcon_core.package_identification:_identify(venv/lib/python3.12/site-packages/setuptools/_vendor) by extensions ['ros']
[0.485s] Level 1:colcon.colcon_core.package_identification:_identify(venv/lib/python3.12/site-packages/setuptools/_vendor) by extension 'ros'
[0.485s] Level 1:colcon.colcon_core.package_identification:_identify(venv/lib/python3.12/site-packages/setuptools/_vendor) by extensions ['cmake', 'python']
[0.485s] Level 1:colcon.colcon_core.package_identification:_identify(venv/lib/python3.12/site-packages/setuptools/_vendor) by extension 'cmake'
[0.485s] Level 1:colcon.colcon_core.package_identification:_identify(venv/lib/python3.12/site-packages/setuptools/_vendor) by extension 'python'
[0.485s] Level 1:colcon.colcon_core.package_identification:_identify(venv/lib/python3.12/site-packages/setuptools/_vendor) by extensions ['python_setup_py']
[0.485s] Level 1:colcon.colcon_core.package_identification:_identify(venv/lib/python3.12/site-packages/setuptools/_vendor) by extension 'python_setup_py'
[0.485s] Level 1:colcon.colcon_core.package_identification:_identify(venv/lib/python3.12/site-packages/setuptools/_vendor/autocommand) by extensions ['ignore', 'ignore_ament_install']
[0.485s] Level 1:colcon.colcon_core.package_identification:_identify(venv/lib/python3.12/site-packages/setuptools/_vendor/autocommand) by extension 'ignore'
[0.485s] Level 1:colcon.colcon_core.package_identification:_identify(venv/lib/python3.12/site-packages/setuptools/_vendor/autocommand) by extension 'ignore_ament_install'
[0.485s] Level 1:colcon.colcon_core.package_identification:_identify(venv/lib/python3.12/site-packages/setuptools/_vendor/autocommand) by extensions ['colcon_pkg']
[0.485s] Level 1:colcon.colcon_core.package_identification:_identify(venv/lib/python3.12/site-packages/setuptools/_vendor/autocommand) by extension 'colcon_pkg'
[0.485s] Level 1:colcon.colcon_core.package_identification:_identify(venv/lib/python3.12/site-packages/setuptools/_vendor/autocommand) by extensions ['colcon_meta']
[0.485s] Level 1:colcon.colcon_core.package_identification:_identify(venv/lib/python3.12/site-packages/setuptools/_vendor/autocommand) by extension 'colcon_meta'
[0.486s] Level 1:colcon.colcon_core.package_identification:_identify(venv/lib/python3.12/site-packages/setuptools/_vendor/autocommand) by extensions ['ros']
[0.486s] Level 1:colcon.colcon_core.package_identification:_identify(venv/lib/python3.12/site-packages/setuptools/_vendor/autocommand) by extension 'ros'
[0.486s] Level 1:colcon.colcon_core.package_identification:_identify(venv/lib/python3.12/site-packages/setuptools/_vendor/autocommand) by extensions ['cmake', 'python']
[0.486s] Level 1:colcon.colcon_core.package_identification:_identify(venv/lib/python3.12/site-packages/setuptools/_vendor/autocommand) by extension 'cmake'
[0.486s] Level 1:colcon.colcon_core.package_identification:_identify(venv/lib/python3.12/site-packages/setuptools/_vendor/autocommand) by extension 'python'
[0.486s] Level 1:colcon.colcon_core.package_identification:_identify(venv/lib/python3.12/site-packages/setuptools/_vendor/autocommand) by extensions ['python_setup_py']
[0.486s] Level 1:colcon.colcon_core.package_identification:_identify(venv/lib/python3.12/site-packages/setuptools/_vendor/autocommand) by extension 'python_setup_py'
[0.486s] Level 1:colcon.colcon_core.package_identification:_identify(venv/lib/python3.12/site-packages/setuptools/_vendor/autocommand/__pycache__) by extensions ['ignore', 'ignore_ament_install']
[0.486s] Level 1:colcon.colcon_core.package_identification:_identify(venv/lib/python3.12/site-packages/setuptools/_vendor/autocommand/__pycache__) by extension 'ignore'
[0.486s] Level 1:colcon.colcon_core.package_identification:_identify(venv/lib/python3.12/site-packages/setuptools/_vendor/autocommand/__pycache__) by extension 'ignore_ament_install'
[0.486s] Level 1:colcon.colcon_core.package_identification:_identify(venv/lib/python3.12/site-packages/setuptools/_vendor/autocommand/__pycache__) by extensions ['colcon_pkg']
[0.486s] Level 1:colcon.colcon_core.package_identification:_identify(venv/lib/python3.12/site-packages/setuptools/_vendor/autocommand/__pycache__) by extension 'colcon_pkg'
[0.486s] Level 1:colcon.colcon_core.package_identification:_identify(venv/lib/python3.12/site-packages/setuptools/_vendor/autocommand/__pycache__) by extensions ['colcon_meta']
[0.486s] Level 1:colcon.colcon_core.package_identification:_identify(venv/lib/python3.12/site-packages/setuptools/_vendor/autocommand/__pycache__) by extension 'colcon_meta'
[0.487s] Level 1:colcon.colcon_core.package_identification:_identify(venv/lib/python3.12/site-packages/setuptools/_vendor/autocommand/__pycache__) by extensions ['ros']
[0.487s] Level 1:colcon.colcon_core.package_identification:_identify(venv/lib/python3.12/site-packages/setuptools/_vendor/autocommand/__pycache__) by extension 'ros'
[0.487s] Level 1:colcon.colcon_core.package_identification:_identify(venv/lib/python3.12/site-packages/setuptools/_vendor/autocommand/__pycache__) by extensions ['cmake', 'python']
[0.487s] Level 1:colcon.colcon_core.package_identification:_identify(venv/lib/python3.12/site-packages/setuptools/_vendor/autocommand/__pycache__) by extension 'cmake'
[0.487s] Level 1:colcon.colcon_core.package_identification:_identify(venv/lib/python3.12/site-packages/setuptools/_vendor/autocommand/__pycache__) by extension 'python'
[0.487s] Level 1:colcon.colcon_core.package_identification:_identify(venv/lib/python3.12/site-packages/setuptools/_vendor/autocommand/__pycache__) by extensions ['python_setup_py']
[0.487s] Level 1:colcon.colcon_core.package_identification:_identify(venv/lib/python3.12/site-packages/setuptools/_vendor/autocommand/__pycache__) by extension 'python_setup_py'
[0.487s] Level 1:colcon.colcon_core.package_identification:_identify(venv/lib/python3.12/site-packages/setuptools/_vendor/autocommand-2.2.2.dist-info) by extensions ['ignore', 'ignore_ament_install']
[0.487s] Level 1:colcon.colcon_core.package_identification:_identify(venv/lib/python3.12/site-packages/setuptools/_vendor/autocommand-2.2.2.dist-info) by extension 'ignore'
[0.487s] Level 1:colcon.colcon_core.package_identification:_identify(venv/lib/python3.12/site-packages/setuptools/_vendor/autocommand-2.2.2.dist-info) by extension 'ignore_ament_install'
[0.487s] Level 1:colcon.colcon_core.package_identification:_identify(venv/lib/python3.12/site-packages/setuptools/_vendor/autocommand-2.2.2.dist-info) by extensions ['colcon_pkg']
[0.487s] Level 1:colcon.colcon_core.package_identification:_identify(venv/lib/python3.12/site-packages/setuptools/_vendor/autocommand-2.2.2.dist-info) by extension 'colcon_pkg'
[0.487s] Level 1:colcon.colcon_core.package_identification:_identify(venv/lib/python3.12/site-packages/setuptools/_vendor/autocommand-2.2.2.dist-info) by extensions ['colcon_meta']
[0.487s] Level 1:colcon.colcon_core.package_identification:_identify(venv/lib/python3.12/site-packages/setuptools/_vendor/autocommand-2.2.2.dist-info) by extension 'colcon_meta'
[0.488s] Level 1:colcon.colcon_core.package_identification:_identify(venv/lib/python3.12/site-packages/setuptools/_vendor/autocommand-2.2.2.dist-info) by extensions ['ros']
[0.488s] Level 1:colcon.colcon_core.package_identification:_identify(venv/lib/python3.12/site-packages/setuptools/_vendor/autocommand-2.2.2.dist-info) by extension 'ros'
[0.488s] Level 1:colcon.colcon_core.package_identification:_identify(venv/lib/python3.12/site-packages/setuptools/_vendor/autocommand-2.2.2.dist-info) by extensions ['cmake', 'python']
[0.488s] Level 1:colcon.colcon_core.package_identification:_identify(venv/lib/python3.12/site-packages/setuptools/_vendor/autocommand-2.2.2.dist-info) by extension 'cmake'
[0.488s] Level 1:colcon.colcon_core.package_identification:_identify(venv/lib/python3.12/site-packages/setuptools/_vendor/autocommand-2.2.2.dist-info) by extension 'python'
[0.488s] Level 1:colcon.colcon_core.package_identification:_identify(venv/lib/python3.12/site-packages/setuptools/_vendor/autocommand-2.2.2.dist-info) by extensions ['python_setup_py']
[0.488s] Level 1:colcon.colcon_core.package_identification:_identify(venv/lib/python3.12/site-packages/setuptools/_vendor/autocommand-2.2.2.dist-info) by extension 'python_setup_py'
[0.488s] Level 1:colcon.colcon_core.package_identification:_identify(venv/lib/python3.12/site-packages/setuptools/_vendor/backports) by extensions ['ignore', 'ignore_ament_install']
[0.488s] Level 1:colcon.colcon_core.package_identification:_identify(venv/lib/python3.12/site-packages/setuptools/_vendor/backports) by extension 'ignore'
[0.488s] Level 1:colcon.colcon_core.package_identification:_identify(venv/lib/python3.12/site-packages/setuptools/_vendor/backports) by extension 'ignore_ament_install'
[0.488s] Level 1:colcon.colcon_core.package_identification:_identify(venv/lib/python3.12/site-packages/setuptools/_vendor/backports) by extensions ['colcon_pkg']
[0.488s] Level 1:colcon.colcon_core.package_identification:_identify(venv/lib/python3.12/site-packages/setuptools/_vendor/backports) by extension 'colcon_pkg'
[0.488s] Level 1:colcon.colcon_core.package_identification:_identify(venv/lib/python3.12/site-packages/setuptools/_vendor/backports) by extensions ['colcon_meta']
[0.488s] Level 1:colcon.colcon_core.package_identification:_identify(venv/lib/python3.12/site-packages/setuptools/_vendor/backports) by extension 'colcon_meta'
[0.489s] Level 1:colcon.colcon_core.package_identification:_identify(venv/lib/python3.12/site-packages/setuptools/_vendor/backports) by extensions ['ros']
[0.489s] Level 1:colcon.colcon_core.package_identification:_identify(venv/lib/python3.12/site-packages/setuptools/_vendor/backports) by extension 'ros'
[0.489s] Level 1:colcon.colcon_core.package_identification:_identify(venv/lib/python3.12/site-packages/setuptools/_vendor/backports) by extensions ['cmake', 'python']
[0.489s] Level 1:colcon.colcon_core.package_identification:_identify(venv/lib/python3.12/site-packages/setuptools/_vendor/backports) by extension 'cmake'
[0.489s] Level 1:colcon.colcon_core.package_identification:_identify(venv/lib/python3.12/site-packages/setuptools/_vendor/backports) by extension 'python'
[0.489s] Level 1:colcon.colcon_core.package_identification:_identify(venv/lib/python3.12/site-packages/setuptools/_vendor/backports) by extensions ['python_setup_py']
[0.489s] Level 1:colcon.colcon_core.package_identification:_identify(venv/lib/python3.12/site-packages/setuptools/_vendor/backports) by extension 'python_setup_py'
[0.489s] Level 1:colcon.colcon_core.package_identification:_identify(venv/lib/python3.12/site-packages/setuptools/_vendor/backports/__pycache__) by extensions ['ignore', 'ignore_ament_install']
[0.489s] Level 1:colcon.colcon_core.package_identification:_identify(venv/lib/python3.12/site-packages/setuptools/_vendor/backports/__pycache__) by extension 'ignore'
[0.489s] Level 1:colcon.colcon_core.package_identification:_identify(venv/lib/python3.12/site-packages/setuptools/_vendor/backports/__pycache__) by extension 'ignore_ament_install'
[0.489s] Level 1:colcon.colcon_core.package_identification:_identify(venv/lib/python3.12/site-packages/setuptools/_vendor/backports/__pycache__) by extensions ['colcon_pkg']
[0.489s] Level 1:colcon.colcon_core.package_identification:_identify(venv/lib/python3.12/site-packages/setuptools/_vendor/backports/__pycache__) by extension 'colcon_pkg'
[0.489s] Level 1:colcon.colcon_core.package_identification:_identify(venv/lib/python3.12/site-packages/setuptools/_vendor/backports/__pycache__) by extensions ['colcon_meta']
[0.489s] Level 1:colcon.colcon_core.package_identification:_identify(venv/lib/python3.12/site-packages/setuptools/_vendor/backports/__pycache__) by extension 'colcon_meta'
[0.490s] Level 1:colcon.colcon_core.package_identification:_identify(venv/lib/python3.12/site-packages/setuptools/_vendor/backports/__pycache__) by extensions ['ros']
[0.490s] Level 1:colcon.colcon_core.package_identification:_identify(venv/lib/python3.12/site-packages/setuptools/_vendor/backports/__pycache__) by extension 'ros'
[0.490s] Level 1:colcon.colcon_core.package_identification:_identify(venv/lib/python3.12/site-packages/setuptools/_vendor/backports/__pycache__) by extensions ['cmake', 'python']
[0.490s] Level 1:colcon.colcon_core.package_identification:_identify(venv/lib/python3.12/site-packages/setuptools/_vendor/backports/__pycache__) by extension 'cmake'
[0.490s] Level 1:colcon.colcon_core.package_identification:_identify(venv/lib/python3.12/site-packages/setuptools/_vendor/backports/__pycache__) by extension 'python'
[0.490s] Level 1:colcon.colcon_core.package_identification:_identify(venv/lib/python3.12/site-packages/setuptools/_vendor/backports/__pycache__) by extensions ['python_setup_py']
[0.490s] Level 1:colcon.colcon_core.package_identification:_identify(venv/lib/python3.12/site-packages/setuptools/_vendor/backports/__pycache__) by extension 'python_setup_py'
[0.490s] Level 1:colcon.colcon_core.package_identification:_identify(venv/lib/python3.12/site-packages/setuptools/_vendor/backports/tarfile) by extensions ['ignore', 'ignore_ament_install']
[0.490s] Level 1:colcon.colcon_core.package_identification:_identify(venv/lib/python3.12/site-packages/setuptools/_vendor/backports/tarfile) by extension 'ignore'
[0.490s] Level 1:colcon.colcon_core.package_identification:_identify(venv/lib/python3.12/site-packages/setuptools/_vendor/backports/tarfile) by extension 'ignore_ament_install'
[0.490s] Level 1:colcon.colcon_core.package_identification:_identify(venv/lib/python3.12/site-packages/setuptools/_vendor/backports/tarfile) by extensions ['colcon_pkg']
[0.490s] Level 1:colcon.colcon_core.package_identification:_identify(venv/lib/python3.12/site-packages/setuptools/_vendor/backports/tarfile) by extension 'colcon_pkg'
[0.490s] Level 1:colcon.colcon_core.package_identification:_identify(venv/lib/python3.12/site-packages/setuptools/_vendor/backports/tarfile) by extensions ['colcon_meta']
[0.490s] Level 1:colcon.colcon_core.package_identification:_identify(venv/lib/python3.12/site-packages/setuptools/_vendor/backports/tarfile) by extension 'colcon_meta'
[0.491s] Level 1:colcon.colcon_core.package_identification:_identify(venv/lib/python3.12/site-packages/setuptools/_vendor/backports/tarfile) by extensions ['ros']
[0.491s] Level 1:colcon.colcon_core.package_identification:_identify(venv/lib/python3.12/site-packages/setuptools/_vendor/backports/tarfile) by extension 'ros'
[0.491s] Level 1:colcon.colcon_core.package_identification:_identify(venv/lib/python3.12/site-packages/setuptools/_vendor/backports/tarfile) by extensions ['cmake', 'python']
[0.491s] Level 1:colcon.colcon_core.package_identification:_identify(venv/lib/python3.12/site-packages/setuptools/_vendor/backports/tarfile) by extension 'cmake'
[0.491s] Level 1:colcon.colcon_core.package_identification:_identify(venv/lib/python3.12/site-packages/setuptools/_vendor/backports/tarfile) by extension 'python'
[0.491s] Level 1:colcon.colcon_core.package_identification:_identify(venv/lib/python3.12/site-packages/setuptools/_vendor/backports/tarfile) by extensions ['python_setup_py']
[0.491s] Level 1:colcon.colcon_core.package_identification:_identify(venv/lib/python3.12/site-packages/setuptools/_vendor/backports/tarfile) by extension 'python_setup_py'
[0.491s] Level 1:colcon.colcon_core.package_identification:_identify(venv/lib/python3.12/site-packages/setuptools/_vendor/backports/tarfile/__pycache__) by extensions ['ignore', 'ignore_ament_install']
[0.491s] Level 1:colcon.colcon_core.package_identification:_identify(venv/lib/python3.12/site-packages/setuptools/_vendor/backports/tarfile/__pycache__) by extension 'ignore'
[0.491s] Level 1:colcon.colcon_core.package_identification:_identify(venv/lib/python3.12/site-packages/setuptools/_vendor/backports/tarfile/__pycache__) by extension 'ignore_ament_install'
[0.491s] Level 1:colcon.colcon_core.package_identification:_identify(venv/lib/python3.12/site-packages/setuptools/_vendor/backports/tarfile/__pycache__) by extensions ['colcon_pkg']
[0.491s] Level 1:colcon.colcon_core.package_identification:_identify(venv/lib/python3.12/site-packages/setuptools/_vendor/backports/tarfile/__pycache__) by extension 'colcon_pkg'
[0.491s] Level 1:colcon.colcon_core.package_identification:_identify(venv/lib/python3.12/site-packages/setuptools/_vendor/backports/tarfile/__pycache__) by extensions ['colcon_meta']
[0.491s] Level 1:colcon.colcon_core.package_identification:_identify(venv/lib/python3.12/site-packages/setuptools/_vendor/backports/tarfile/__pycache__) by extension 'colcon_meta'
[0.492s] Level 1:colcon.colcon_core.package_identification:_identify(venv/lib/python3.12/site-packages/setuptools/_vendor/backports/tarfile/__pycache__) by extensions ['ros']
[0.492s] Level 1:colcon.colcon_core.package_identification:_identify(venv/lib/python3.12/site-packages/setuptools/_vendor/backports/tarfile/__pycache__) by extension 'ros'
[0.492s] Level 1:colcon.colcon_core.package_identification:_identify(venv/lib/python3.12/site-packages/setuptools/_vendor/backports/tarfile/__pycache__) by extensions ['cmake', 'python']
[0.492s] Level 1:colcon.colcon_core.package_identification:_identify(venv/lib/python3.12/site-packages/setuptools/_vendor/backports/tarfile/__pycache__) by extension 'cmake'
[0.492s] Level 1:colcon.colcon_core.package_identification:_identify(venv/lib/python3.12/site-packages/setuptools/_vendor/backports/tarfile/__pycache__) by extension 'python'
[0.492s] Level 1:colcon.colcon_core.package_identification:_identify(venv/lib/python3.12/site-packages/setuptools/_vendor/backports/tarfile/__pycache__) by extensions ['python_setup_py']
[0.492s] Level 1:colcon.colcon_core.package_identification:_identify(venv/lib/python3.12/site-packages/setuptools/_vendor/backports/tarfile/__pycache__) by extension 'python_setup_py'
[0.492s] Level 1:colcon.colcon_core.package_identification:_identify(venv/lib/python3.12/site-packages/setuptools/_vendor/backports/tarfile/compat) by extensions ['ignore', 'ignore_ament_install']
[0.492s] Level 1:colcon.colcon_core.package_identification:_identify(venv/lib/python3.12/site-packages/setuptools/_vendor/backports/tarfile/compat) by extension 'ignore'
[0.492s] Level 1:colcon.colcon_core.package_identification:_identify(venv/lib/python3.12/site-packages/setuptools/_vendor/backports/tarfile/compat) by extension 'ignore_ament_install'
[0.492s] Level 1:colcon.colcon_core.package_identification:_identify(venv/lib/python3.12/site-packages/setuptools/_vendor/backports/tarfile/compat) by extensions ['colcon_pkg']
[0.492s] Level 1:colcon.colcon_core.package_identification:_identify(venv/lib/python3.12/site-packages/setuptools/_vendor/backports/tarfile/compat) by extension 'colcon_pkg'
[0.492s] Level 1:colcon.colcon_core.package_identification:_identify(venv/lib/python3.12/site-packages/setuptools/_vendor/backports/tarfile/compat) by extensions ['colcon_meta']
[0.492s] Level 1:colcon.colcon_core.package_identification:_identify(venv/lib/python3.12/site-packages/setuptools/_vendor/backports/tarfile/compat) by extension 'colcon_meta'
[0.493s] Level 1:colcon.colcon_core.package_identification:_identify(venv/lib/python3.12/site-packages/setuptools/_vendor/backports/tarfile/compat) by extensions ['ros']
[0.493s] Level 1:colcon.colcon_core.package_identification:_identify(venv/lib/python3.12/site-packages/setuptools/_vendor/backports/tarfile/compat) by extension 'ros'
[0.493s] Level 1:colcon.colcon_core.package_identification:_identify(venv/lib/python3.12/site-packages/setuptools/_vendor/backports/tarfile/compat) by extensions ['cmake', 'python']
[0.493s] Level 1:colcon.colcon_core.package_identification:_identify(venv/lib/python3.12/site-packages/setuptools/_vendor/backports/tarfile/compat) by extension 'cmake'
[0.493s] Level 1:colcon.colcon_core.package_identification:_identify(venv/lib/python3.12/site-packages/setuptools/_vendor/backports/tarfile/compat) by extension 'python'
[0.493s] Level 1:colcon.colcon_core.package_identification:_identify(venv/lib/python3.12/site-packages/setuptools/_vendor/backports/tarfile/compat) by extensions ['python_setup_py']
[0.493s] Level 1:colcon.colcon_core.package_identification:_identify(venv/lib/python3.12/site-packages/setuptools/_vendor/backports/tarfile/compat) by extension 'python_setup_py'
[0.493s] Level 1:colcon.colcon_core.package_identification:_identify(venv/lib/python3.12/site-packages/setuptools/_vendor/backports/tarfile/compat/__pycache__) by extensions ['ignore', 'ignore_ament_install']
[0.493s] Level 1:colcon.colcon_core.package_identification:_identify(venv/lib/python3.12/site-packages/setuptools/_vendor/backports/tarfile/compat/__pycache__) by extension 'ignore'
[0.493s] Level 1:colcon.colcon_core.package_identification:_identify(venv/lib/python3.12/site-packages/setuptools/_vendor/backports/tarfile/compat/__pycache__) by extension 'ignore_ament_install'
[0.493s] Level 1:colcon.colcon_core.package_identification:_identify(venv/lib/python3.12/site-packages/setuptools/_vendor/backports/tarfile/compat/__pycache__) by extensions ['colcon_pkg']
[0.493s] Level 1:colcon.colcon_core.package_identification:_identify(venv/lib/python3.12/site-packages/setuptools/_vendor/backports/tarfile/compat/__pycache__) by extension 'colcon_pkg'
[0.493s] Level 1:colcon.colcon_core.package_identification:_identify(venv/lib/python3.12/site-packages/setuptools/_vendor/backports/tarfile/compat/__pycache__) by extensions ['colcon_meta']
[0.494s] Level 1:colcon.colcon_core.package_identification:_identify(venv/lib/python3.12/site-packages/setuptools/_vendor/backports/tarfile/compat/__pycache__) by extension 'colcon_meta'
[0.494s] Level 1:colcon.colcon_core.package_identification:_identify(venv/lib/python3.12/site-packages/setuptools/_vendor/backports/tarfile/compat/__pycache__) by extensions ['ros']
[0.494s] Level 1:colcon.colcon_core.package_identification:_identify(venv/lib/python3.12/site-packages/setuptools/_vendor/backports/tarfile/compat/__pycache__) by extension 'ros'
[0.494s] Level 1:colcon.colcon_core.package_identification:_identify(venv/lib/python3.12/site-packages/setuptools/_vendor/backports/tarfile/compat/__pycache__) by extensions ['cmake', 'python']
[0.494s] Level 1:colcon.colcon_core.package_identification:_identify(venv/lib/python3.12/site-packages/setuptools/_vendor/backports/tarfile/compat/__pycache__) by extension 'cmake'
[0.494s] Level 1:colcon.colcon_core.package_identification:_identify(venv/lib/python3.12/site-packages/setuptools/_vendor/backports/tarfile/compat/__pycache__) by extension 'python'
[0.494s] Level 1:colcon.colcon_core.package_identification:_identify(venv/lib/python3.12/site-packages/setuptools/_vendor/backports/tarfile/compat/__pycache__) by extensions ['python_setup_py']
[0.494s] Level 1:colcon.colcon_core.package_identification:_identify(venv/lib/python3.12/site-packages/setuptools/_vendor/backports/tarfile/compat/__pycache__) by extension 'python_setup_py'
[0.494s] Level 1:colcon.colcon_core.package_identification:_identify(venv/lib/python3.12/site-packages/setuptools/_vendor/backports.tarfile-1.2.0.dist-info) by extensions ['ignore', 'ignore_ament_install']
[0.494s] Level 1:colcon.colcon_core.package_identification:_identify(venv/lib/python3.12/site-packages/setuptools/_vendor/backports.tarfile-1.2.0.dist-info) by extension 'ignore'
[0.494s] Level 1:colcon.colcon_core.package_identification:_identify(venv/lib/python3.12/site-packages/setuptools/_vendor/backports.tarfile-1.2.0.dist-info) by extension 'ignore_ament_install'
[0.494s] Level 1:colcon.colcon_core.package_identification:_identify(venv/lib/python3.12/site-packages/setuptools/_vendor/backports.tarfile-1.2.0.dist-info) by extensions ['colcon_pkg']
[0.494s] Level 1:colcon.colcon_core.package_identification:_identify(venv/lib/python3.12/site-packages/setuptools/_vendor/backports.tarfile-1.2.0.dist-info) by extension 'colcon_pkg'
[0.495s] Level 1:colcon.colcon_core.package_identification:_identify(venv/lib/python3.12/site-packages/setuptools/_vendor/backports.tarfile-1.2.0.dist-info) by extensions ['colcon_meta']
[0.495s] Level 1:colcon.colcon_core.package_identification:_identify(venv/lib/python3.12/site-packages/setuptools/_vendor/backports.tarfile-1.2.0.dist-info) by extension 'colcon_meta'
[0.495s] Level 1:colcon.colcon_core.package_identification:_identify(venv/lib/python3.12/site-packages/setuptools/_vendor/backports.tarfile-1.2.0.dist-info) by extensions ['ros']
[0.495s] Level 1:colcon.colcon_core.package_identification:_identify(venv/lib/python3.12/site-packages/setuptools/_vendor/backports.tarfile-1.2.0.dist-info) by extension 'ros'
[0.495s] Level 1:colcon.colcon_core.package_identification:_identify(venv/lib/python3.12/site-packages/setuptools/_vendor/backports.tarfile-1.2.0.dist-info) by extensions ['cmake', 'python']
[0.495s] Level 1:colcon.colcon_core.package_identification:_identify(venv/lib/python3.12/site-packages/setuptools/_vendor/backports.tarfile-1.2.0.dist-info) by extension 'cmake'
[0.495s] Level 1:colcon.colcon_core.package_identification:_identify(venv/lib/python3.12/site-packages/setuptools/_vendor/backports.tarfile-1.2.0.dist-info) by extension 'python'
[0.495s] Level 1:colcon.colcon_core.package_identification:_identify(venv/lib/python3.12/site-packages/setuptools/_vendor/backports.tarfile-1.2.0.dist-info) by extensions ['python_setup_py']
[0.495s] Level 1:colcon.colcon_core.package_identification:_identify(venv/lib/python3.12/site-packages/setuptools/_vendor/backports.tarfile-1.2.0.dist-info) by extension 'python_setup_py'
[0.495s] Level 1:colcon.colcon_core.package_identification:_identify(venv/lib/python3.12/site-packages/setuptools/_vendor/importlib_metadata) by extensions ['ignore', 'ignore_ament_install']
[0.495s] Level 1:colcon.colcon_core.package_identification:_identify(venv/lib/python3.12/site-packages/setuptools/_vendor/importlib_metadata) by extension 'ignore'
[0.495s] Level 1:colcon.colcon_core.package_identification:_identify(venv/lib/python3.12/site-packages/setuptools/_vendor/importlib_metadata) by extension 'ignore_ament_install'
[0.495s] Level 1:colcon.colcon_core.package_identification:_identify(venv/lib/python3.12/site-packages/setuptools/_vendor/importlib_metadata) by extensions ['colcon_pkg']
[0.495s] Level 1:colcon.colcon_core.package_identification:_identify(venv/lib/python3.12/site-packages/setuptools/_vendor/importlib_metadata) by extension 'colcon_pkg'
[0.496s] Level 1:colcon.colcon_core.package_identification:_identify(venv/lib/python3.12/site-packages/setuptools/_vendor/importlib_metadata) by extensions ['colcon_meta']
[0.496s] Level 1:colcon.colcon_core.package_identification:_identify(venv/lib/python3.12/site-packages/setuptools/_vendor/importlib_metadata) by extension 'colcon_meta'
[0.496s] Level 1:colcon.colcon_core.package_identification:_identify(venv/lib/python3.12/site-packages/setuptools/_vendor/importlib_metadata) by extensions ['ros']
[0.496s] Level 1:colcon.colcon_core.package_identification:_identify(venv/lib/python3.12/site-packages/setuptools/_vendor/importlib_metadata) by extension 'ros'
[0.496s] Level 1:colcon.colcon_core.package_identification:_identify(venv/lib/python3.12/site-packages/setuptools/_vendor/importlib_metadata) by extensions ['cmake', 'python']
[0.496s] Level 1:colcon.colcon_core.package_identification:_identify(venv/lib/python3.12/site-packages/setuptools/_vendor/importlib_metadata) by extension 'cmake'
[0.496s] Level 1:colcon.colcon_core.package_identification:_identify(venv/lib/python3.12/site-packages/setuptools/_vendor/importlib_metadata) by extension 'python'
[0.496s] Level 1:colcon.colcon_core.package_identification:_identify(venv/lib/python3.12/site-packages/setuptools/_vendor/importlib_metadata) by extensions ['python_setup_py']
[0.496s] Level 1:colcon.colcon_core.package_identification:_identify(venv/lib/python3.12/site-packages/setuptools/_vendor/importlib_metadata) by extension 'python_setup_py'
[0.496s] Level 1:colcon.colcon_core.package_identification:_identify(venv/lib/python3.12/site-packages/setuptools/_vendor/importlib_metadata/__pycache__) by extensions ['ignore', 'ignore_ament_install']
[0.496s] Level 1:colcon.colcon_core.package_identification:_identify(venv/lib/python3.12/site-packages/setuptools/_vendor/importlib_metadata/__pycache__) by extension 'ignore'
[0.496s] Level 1:colcon.colcon_core.package_identification:_identify(venv/lib/python3.12/site-packages/setuptools/_vendor/importlib_metadata/__pycache__) by extension 'ignore_ament_install'
[0.496s] Level 1:colcon.colcon_core.package_identification:_identify(venv/lib/python3.12/site-packages/setuptools/_vendor/importlib_metadata/__pycache__) by extensions ['colcon_pkg']
[0.496s] Level 1:colcon.colcon_core.package_identification:_identify(venv/lib/python3.12/site-packages/setuptools/_vendor/importlib_metadata/__pycache__) by extension 'colcon_pkg'
[0.497s] Level 1:colcon.colcon_core.package_identification:_identify(venv/lib/python3.12/site-packages/setuptools/_vendor/importlib_metadata/__pycache__) by extensions ['colcon_meta']
[0.497s] Level 1:colcon.colcon_core.package_identification:_identify(venv/lib/python3.12/site-packages/setuptools/_vendor/importlib_metadata/__pycache__) by extension 'colcon_meta'
[0.497s] Level 1:colcon.colcon_core.package_identification:_identify(venv/lib/python3.12/site-packages/setuptools/_vendor/importlib_metadata/__pycache__) by extensions ['ros']
[0.497s] Level 1:colcon.colcon_core.package_identification:_identify(venv/lib/python3.12/site-packages/setuptools/_vendor/importlib_metadata/__pycache__) by extension 'ros'
[0.497s] Level 1:colcon.colcon_core.package_identification:_identify(venv/lib/python3.12/site-packages/setuptools/_vendor/importlib_metadata/__pycache__) by extensions ['cmake', 'python']
[0.497s] Level 1:colcon.colcon_core.package_identification:_identify(venv/lib/python3.12/site-packages/setuptools/_vendor/importlib_metadata/__pycache__) by extension 'cmake'
[0.497s] Level 1:colcon.colcon_core.package_identification:_identify(venv/lib/python3.12/site-packages/setuptools/_vendor/importlib_metadata/__pycache__) by extension 'python'
[0.497s] Level 1:colcon.colcon_core.package_identification:_identify(venv/lib/python3.12/site-packages/setuptools/_vendor/importlib_metadata/__pycache__) by extensions ['python_setup_py']
[0.497s] Level 1:colcon.colcon_core.package_identification:_identify(venv/lib/python3.12/site-packages/setuptools/_vendor/importlib_metadata/__pycache__) by extension 'python_setup_py'
[0.497s] Level 1:colcon.colcon_core.package_identification:_identify(venv/lib/python3.12/site-packages/setuptools/_vendor/importlib_metadata/compat) by extensions ['ignore', 'ignore_ament_install']
[0.497s] Level 1:colcon.colcon_core.package_identification:_identify(venv/lib/python3.12/site-packages/setuptools/_vendor/importlib_metadata/compat) by extension 'ignore'
[0.497s] Level 1:colcon.colcon_core.package_identification:_identify(venv/lib/python3.12/site-packages/setuptools/_vendor/importlib_metadata/compat) by extension 'ignore_ament_install'
[0.497s] Level 1:colcon.colcon_core.package_identification:_identify(venv/lib/python3.12/site-packages/setuptools/_vendor/importlib_metadata/compat) by extensions ['colcon_pkg']
[0.497s] Level 1:colcon.colcon_core.package_identification:_identify(venv/lib/python3.12/site-packages/setuptools/_vendor/importlib_metadata/compat) by extension 'colcon_pkg'
[0.498s] Level 1:colcon.colcon_core.package_identification:_identify(venv/lib/python3.12/site-packages/setuptools/_vendor/importlib_metadata/compat) by extensions ['colcon_meta']
[0.498s] Level 1:colcon.colcon_core.package_identification:_identify(venv/lib/python3.12/site-packages/setuptools/_vendor/importlib_metadata/compat) by extension 'colcon_meta'
[0.498s] Level 1:colcon.colcon_core.package_identification:_identify(venv/lib/python3.12/site-packages/setuptools/_vendor/importlib_metadata/compat) by extensions ['ros']
[0.498s] Level 1:colcon.colcon_core.package_identification:_identify(venv/lib/python3.12/site-packages/setuptools/_vendor/importlib_metadata/compat) by extension 'ros'
[0.498s] Level 1:colcon.colcon_core.package_identification:_identify(venv/lib/python3.12/site-packages/setuptools/_vendor/importlib_metadata/compat) by extensions ['cmake', 'python']
[0.498s] Level 1:colcon.colcon_core.package_identification:_identify(venv/lib/python3.12/site-packages/setuptools/_vendor/importlib_metadata/compat) by extension 'cmake'
[0.498s] Level 1:colcon.colcon_core.package_identification:_identify(venv/lib/python3.12/site-packages/setuptools/_vendor/importlib_metadata/compat) by extension 'python'
[0.498s] Level 1:colcon.colcon_core.package_identification:_identify(venv/lib/python3.12/site-packages/setuptools/_vendor/importlib_metadata/compat) by extensions ['python_setup_py']
[0.498s] Level 1:colcon.colcon_core.package_identification:_identify(venv/lib/python3.12/site-packages/setuptools/_vendor/importlib_metadata/compat) by extension 'python_setup_py'
[0.498s] Level 1:colcon.colcon_core.package_identification:_identify(venv/lib/python3.12/site-packages/setuptools/_vendor/importlib_metadata/compat/__pycache__) by extensions ['ignore', 'ignore_ament_install']
[0.498s] Level 1:colcon.colcon_core.package_identification:_identify(venv/lib/python3.12/site-packages/setuptools/_vendor/importlib_metadata/compat/__pycache__) by extension 'ignore'
[0.498s] Level 1:colcon.colcon_core.package_identification:_identify(venv/lib/python3.12/site-packages/setuptools/_vendor/importlib_metadata/compat/__pycache__) by extension 'ignore_ament_install'
[0.498s] Level 1:colcon.colcon_core.package_identification:_identify(venv/lib/python3.12/site-packages/setuptools/_vendor/importlib_metadata/compat/__pycache__) by extensions ['colcon_pkg']
[0.498s] Level 1:colcon.colcon_core.package_identification:_identify(venv/lib/python3.12/site-packages/setuptools/_vendor/importlib_metadata/compat/__pycache__) by extension 'colcon_pkg'
[0.499s] Level 1:colcon.colcon_core.package_identification:_identify(venv/lib/python3.12/site-packages/setuptools/_vendor/importlib_metadata/compat/__pycache__) by extensions ['colcon_meta']
[0.499s] Level 1:colcon.colcon_core.package_identification:_identify(venv/lib/python3.12/site-packages/setuptools/_vendor/importlib_metadata/compat/__pycache__) by extension 'colcon_meta'
[0.499s] Level 1:colcon.colcon_core.package_identification:_identify(venv/lib/python3.12/site-packages/setuptools/_vendor/importlib_metadata/compat/__pycache__) by extensions ['ros']
[0.499s] Level 1:colcon.colcon_core.package_identification:_identify(venv/lib/python3.12/site-packages/setuptools/_vendor/importlib_metadata/compat/__pycache__) by extension 'ros'
[0.499s] Level 1:colcon.colcon_core.package_identification:_identify(venv/lib/python3.12/site-packages/setuptools/_vendor/importlib_metadata/compat/__pycache__) by extensions ['cmake', 'python']
[0.499s] Level 1:colcon.colcon_core.package_identification:_identify(venv/lib/python3.12/site-packages/setuptools/_vendor/importlib_metadata/compat/__pycache__) by extension 'cmake'
[0.499s] Level 1:colcon.colcon_core.package_identification:_identify(venv/lib/python3.12/site-packages/setuptools/_vendor/importlib_metadata/compat/__pycache__) by extension 'python'
[0.499s] Level 1:colcon.colcon_core.package_identification:_identify(venv/lib/python3.12/site-packages/setuptools/_vendor/importlib_metadata/compat/__pycache__) by extensions ['python_setup_py']
[0.499s] Level 1:colcon.colcon_core.package_identification:_identify(venv/lib/python3.12/site-packages/setuptools/_vendor/importlib_metadata/compat/__pycache__) by extension 'python_setup_py'
[0.499s] Level 1:colcon.colcon_core.package_identification:_identify(venv/lib/python3.12/site-packages/setuptools/_vendor/importlib_metadata-8.7.1.dist-info) by extensions ['ignore', 'ignore_ament_install']
[0.499s] Level 1:colcon.colcon_core.package_identification:_identify(venv/lib/python3.12/site-packages/setuptools/_vendor/importlib_metadata-8.7.1.dist-info) by extension 'ignore'
[0.499s] Level 1:colcon.colcon_core.package_identification:_identify(venv/lib/python3.12/site-packages/setuptools/_vendor/importlib_metadata-8.7.1.dist-info) by extension 'ignore_ament_install'
[0.499s] Level 1:colcon.colcon_core.package_identification:_identify(venv/lib/python3.12/site-packages/setuptools/_vendor/importlib_metadata-8.7.1.dist-info) by extensions ['colcon_pkg']
[0.499s] Level 1:colcon.colcon_core.package_identification:_identify(venv/lib/python3.12/site-packages/setuptools/_vendor/importlib_metadata-8.7.1.dist-info) by extension 'colcon_pkg'
[0.500s] Level 1:colcon.colcon_core.package_identification:_identify(venv/lib/python3.12/site-packages/setuptools/_vendor/importlib_metadata-8.7.1.dist-info) by extensions ['colcon_meta']
[0.500s] Level 1:colcon.colcon_core.package_identification:_identify(venv/lib/python3.12/site-packages/setuptools/_vendor/importlib_metadata-8.7.1.dist-info) by extension 'colcon_meta'
[0.500s] Level 1:colcon.colcon_core.package_identification:_identify(venv/lib/python3.12/site-packages/setuptools/_vendor/importlib_metadata-8.7.1.dist-info) by extensions ['ros']
[0.500s] Level 1:colcon.colcon_core.package_identification:_identify(venv/lib/python3.12/site-packages/setuptools/_vendor/importlib_metadata-8.7.1.dist-info) by extension 'ros'
[0.500s] Level 1:colcon.colcon_core.package_identification:_identify(venv/lib/python3.12/site-packages/setuptools/_vendor/importlib_metadata-8.7.1.dist-info) by extensions ['cmake', 'python']
[0.500s] Level 1:colcon.colcon_core.package_identification:_identify(venv/lib/python3.12/site-packages/setuptools/_vendor/importlib_metadata-8.7.1.dist-info) by extension 'cmake'
[0.500s] Level 1:colcon.colcon_core.package_identification:_identify(venv/lib/python3.12/site-packages/setuptools/_vendor/importlib_metadata-8.7.1.dist-info) by extension 'python'
[0.500s] Level 1:colcon.colcon_core.package_identification:_identify(venv/lib/python3.12/site-packages/setuptools/_vendor/importlib_metadata-8.7.1.dist-info) by extensions ['python_setup_py']
[0.500s] Level 1:colcon.colcon_core.package_identification:_identify(venv/lib/python3.12/site-packages/setuptools/_vendor/importlib_metadata-8.7.1.dist-info) by extension 'python_setup_py'
[0.500s] Level 1:colcon.colcon_core.package_identification:_identify(venv/lib/python3.12/site-packages/setuptools/_vendor/importlib_metadata-8.7.1.dist-info/licenses) by extensions ['ignore', 'ignore_ament_install']
[0.500s] Level 1:colcon.colcon_core.package_identification:_identify(venv/lib/python3.12/site-packages/setuptools/_vendor/importlib_metadata-8.7.1.dist-info/licenses) by extension 'ignore'
[0.500s] Level 1:colcon.colcon_core.package_identification:_identify(venv/lib/python3.12/site-packages/setuptools/_vendor/importlib_metadata-8.7.1.dist-info/licenses) by extension 'ignore_ament_install'
[0.500s] Level 1:colcon.colcon_core.package_identification:_identify(venv/lib/python3.12/site-packages/setuptools/_vendor/importlib_metadata-8.7.1.dist-info/licenses) by extensions ['colcon_pkg']
[0.500s] Level 1:colcon.colcon_core.package_identification:_identify(venv/lib/python3.12/site-packages/setuptools/_vendor/importlib_metadata-8.7.1.dist-info/licenses) by extension 'colcon_pkg'
[0.501s] Level 1:colcon.colcon_core.package_identification:_identify(venv/lib/python3.12/site-packages/setuptools/_vendor/importlib_metadata-8.7.1.dist-info/licenses) by extensions ['colcon_meta']
[0.501s] Level 1:colcon.colcon_core.package_identification:_identify(venv/lib/python3.12/site-packages/setuptools/_vendor/importlib_metadata-8.7.1.dist-info/licenses) by extension 'colcon_meta'
[0.501s] Level 1:colcon.colcon_core.package_identification:_identify(venv/lib/python3.12/site-packages/setuptools/_vendor/importlib_metadata-8.7.1.dist-info/licenses) by extensions ['ros']
[0.501s] Level 1:colcon.colcon_core.package_identification:_identify(venv/lib/python3.12/site-packages/setuptools/_vendor/importlib_metadata-8.7.1.dist-info/licenses) by extension 'ros'
[0.501s] Level 1:colcon.colcon_core.package_identification:_identify(venv/lib/python3.12/site-packages/setuptools/_vendor/importlib_metadata-8.7.1.dist-info/licenses) by extensions ['cmake', 'python']
[0.501s] Level 1:colcon.colcon_core.package_identification:_identify(venv/lib/python3.12/site-packages/setuptools/_vendor/importlib_metadata-8.7.1.dist-info/licenses) by extension 'cmake'
[0.501s] Level 1:colcon.colcon_core.package_identification:_identify(venv/lib/python3.12/site-packages/setuptools/_vendor/importlib_metadata-8.7.1.dist-info/licenses) by extension 'python'
[0.501s] Level 1:colcon.colcon_core.package_identification:_identify(venv/lib/python3.12/site-packages/setuptools/_vendor/importlib_metadata-8.7.1.dist-info/licenses) by extensions ['python_setup_py']
[0.501s] Level 1:colcon.colcon_core.package_identification:_identify(venv/lib/python3.12/site-packages/setuptools/_vendor/importlib_metadata-8.7.1.dist-info/licenses) by extension 'python_setup_py'
[0.501s] Level 1:colcon.colcon_core.package_identification:_identify(venv/lib/python3.12/site-packages/setuptools/_vendor/jaraco) by extensions ['ignore', 'ignore_ament_install']
[0.501s] Level 1:colcon.colcon_core.package_identification:_identify(venv/lib/python3.12/site-packages/setuptools/_vendor/jaraco) by extension 'ignore'
[0.501s] Level 1:colcon.colcon_core.package_identification:_identify(venv/lib/python3.12/site-packages/setuptools/_vendor/jaraco) by extension 'ignore_ament_install'
[0.501s] Level 1:colcon.colcon_core.package_identification:_identify(venv/lib/python3.12/site-packages/setuptools/_vendor/jaraco) by extensions ['colcon_pkg']
[0.501s] Level 1:colcon.colcon_core.package_identification:_identify(venv/lib/python3.12/site-packages/setuptools/_vendor/jaraco) by extension 'colcon_pkg'
[0.501s] Level 1:colcon.colcon_core.package_identification:_identify(venv/lib/python3.12/site-packages/setuptools/_vendor/jaraco) by extensions ['colcon_meta']
[0.502s] Level 1:colcon.colcon_core.package_identification:_identify(venv/lib/python3.12/site-packages/setuptools/_vendor/jaraco) by extension 'colcon_meta'
[0.502s] Level 1:colcon.colcon_core.package_identification:_identify(venv/lib/python3.12/site-packages/setuptools/_vendor/jaraco) by extensions ['ros']
[0.502s] Level 1:colcon.colcon_core.package_identification:_identify(venv/lib/python3.12/site-packages/setuptools/_vendor/jaraco) by extension 'ros'
[0.502s] Level 1:colcon.colcon_core.package_identification:_identify(venv/lib/python3.12/site-packages/setuptools/_vendor/jaraco) by extensions ['cmake', 'python']
[0.502s] Level 1:colcon.colcon_core.package_identification:_identify(venv/lib/python3.12/site-packages/setuptools/_vendor/jaraco) by extension 'cmake'
[0.502s] Level 1:colcon.colcon_core.package_identification:_identify(venv/lib/python3.12/site-packages/setuptools/_vendor/jaraco) by extension 'python'
[0.502s] Level 1:colcon.colcon_core.package_identification:_identify(venv/lib/python3.12/site-packages/setuptools/_vendor/jaraco) by extensions ['python_setup_py']
[0.502s] Level 1:colcon.colcon_core.package_identification:_identify(venv/lib/python3.12/site-packages/setuptools/_vendor/jaraco) by extension 'python_setup_py'
[0.502s] Level 1:colcon.colcon_core.package_identification:_identify(venv/lib/python3.12/site-packages/setuptools/_vendor/jaraco/context) by extensions ['ignore', 'ignore_ament_install']
[0.502s] Level 1:colcon.colcon_core.package_identification:_identify(venv/lib/python3.12/site-packages/setuptools/_vendor/jaraco/context) by extension 'ignore'
[0.502s] Level 1:colcon.colcon_core.package_identification:_identify(venv/lib/python3.12/site-packages/setuptools/_vendor/jaraco/context) by extension 'ignore_ament_install'
[0.502s] Level 1:colcon.colcon_core.package_identification:_identify(venv/lib/python3.12/site-packages/setuptools/_vendor/jaraco/context) by extensions ['colcon_pkg']
[0.502s] Level 1:colcon.colcon_core.package_identification:_identify(venv/lib/python3.12/site-packages/setuptools/_vendor/jaraco/context) by extension 'colcon_pkg'
[0.502s] Level 1:colcon.colcon_core.package_identification:_identify(venv/lib/python3.12/site-packages/setuptools/_vendor/jaraco/context) by extensions ['colcon_meta']
[0.503s] Level 1:colcon.colcon_core.package_identification:_identify(venv/lib/python3.12/site-packages/setuptools/_vendor/jaraco/context) by extension 'colcon_meta'
[0.503s] Level 1:colcon.colcon_core.package_identification:_identify(venv/lib/python3.12/site-packages/setuptools/_vendor/jaraco/context) by extensions ['ros']
[0.503s] Level 1:colcon.colcon_core.package_identification:_identify(venv/lib/python3.12/site-packages/setuptools/_vendor/jaraco/context) by extension 'ros'
[0.503s] Level 1:colcon.colcon_core.package_identification:_identify(venv/lib/python3.12/site-packages/setuptools/_vendor/jaraco/context) by extensions ['cmake', 'python']
[0.503s] Level 1:colcon.colcon_core.package_identification:_identify(venv/lib/python3.12/site-packages/setuptools/_vendor/jaraco/context) by extension 'cmake'
[0.503s] Level 1:colcon.colcon_core.package_identification:_identify(venv/lib/python3.12/site-packages/setuptools/_vendor/jaraco/context) by extension 'python'
[0.503s] Level 1:colcon.colcon_core.package_identification:_identify(venv/lib/python3.12/site-packages/setuptools/_vendor/jaraco/context) by extensions ['python_setup_py']
[0.503s] Level 1:colcon.colcon_core.package_identification:_identify(venv/lib/python3.12/site-packages/setuptools/_vendor/jaraco/context) by extension 'python_setup_py'
[0.503s] Level 1:colcon.colcon_core.package_identification:_identify(venv/lib/python3.12/site-packages/setuptools/_vendor/jaraco/context/__pycache__) by extensions ['ignore', 'ignore_ament_install']
[0.503s] Level 1:colcon.colcon_core.package_identification:_identify(venv/lib/python3.12/site-packages/setuptools/_vendor/jaraco/context/__pycache__) by extension 'ignore'
[0.503s] Level 1:colcon.colcon_core.package_identification:_identify(venv/lib/python3.12/site-packages/setuptools/_vendor/jaraco/context/__pycache__) by extension 'ignore_ament_install'
[0.503s] Level 1:colcon.colcon_core.package_identification:_identify(venv/lib/python3.12/site-packages/setuptools/_vendor/jaraco/context/__pycache__) by extensions ['colcon_pkg']
[0.503s] Level 1:colcon.colcon_core.package_identification:_identify(venv/lib/python3.12/site-packages/setuptools/_vendor/jaraco/context/__pycache__) by extension 'colcon_pkg'
[0.503s] Level 1:colcon.colcon_core.package_identification:_identify(venv/lib/python3.12/site-packages/setuptools/_vendor/jaraco/context/__pycache__) by extensions ['colcon_meta']
[0.504s] Level 1:colcon.colcon_core.package_identification:_identify(venv/lib/python3.12/site-packages/setuptools/_vendor/jaraco/context/__pycache__) by extension 'colcon_meta'
[0.504s] Level 1:colcon.colcon_core.package_identification:_identify(venv/lib/python3.12/site-packages/setuptools/_vendor/jaraco/context/__pycache__) by extensions ['ros']
[0.504s] Level 1:colcon.colcon_core.package_identification:_identify(venv/lib/python3.12/site-packages/setuptools/_vendor/jaraco/context/__pycache__) by extension 'ros'
[0.504s] Level 1:colcon.colcon_core.package_identification:_identify(venv/lib/python3.12/site-packages/setuptools/_vendor/jaraco/context/__pycache__) by extensions ['cmake', 'python']
[0.504s] Level 1:colcon.colcon_core.package_identification:_identify(venv/lib/python3.12/site-packages/setuptools/_vendor/jaraco/context/__pycache__) by extension 'cmake'
[0.504s] Level 1:colcon.colcon_core.package_identification:_identify(venv/lib/python3.12/site-packages/setuptools/_vendor/jaraco/context/__pycache__) by extension 'python'
[0.504s] Level 1:colcon.colcon_core.package_identification:_identify(venv/lib/python3.12/site-packages/setuptools/_vendor/jaraco/context/__pycache__) by extensions ['python_setup_py']
[0.504s] Level 1:colcon.colcon_core.package_identification:_identify(venv/lib/python3.12/site-packages/setuptools/_vendor/jaraco/context/__pycache__) by extension 'python_setup_py'
[0.504s] Level 1:colcon.colcon_core.package_identification:_identify(venv/lib/python3.12/site-packages/setuptools/_vendor/jaraco/functools) by extensions ['ignore', 'ignore_ament_install']
[0.504s] Level 1:colcon.colcon_core.package_identification:_identify(venv/lib/python3.12/site-packages/setuptools/_vendor/jaraco/functools) by extension 'ignore'
[0.504s] Level 1:colcon.colcon_core.package_identification:_identify(venv/lib/python3.12/site-packages/setuptools/_vendor/jaraco/functools) by extension 'ignore_ament_install'
[0.504s] Level 1:colcon.colcon_core.package_identification:_identify(venv/lib/python3.12/site-packages/setuptools/_vendor/jaraco/functools) by extensions ['colcon_pkg']
[0.504s] Level 1:colcon.colcon_core.package_identification:_identify(venv/lib/python3.12/site-packages/setuptools/_vendor/jaraco/functools) by extension 'colcon_pkg'
[0.504s] Level 1:colcon.colcon_core.package_identification:_identify(venv/lib/python3.12/site-packages/setuptools/_vendor/jaraco/functools) by extensions ['colcon_meta']
[0.505s] Level 1:colcon.colcon_core.package_identification:_identify(venv/lib/python3.12/site-packages/setuptools/_vendor/jaraco/functools) by extension 'colcon_meta'
[0.505s] Level 1:colcon.colcon_core.package_identification:_identify(venv/lib/python3.12/site-packages/setuptools/_vendor/jaraco/functools) by extensions ['ros']
[0.505s] Level 1:colcon.colcon_core.package_identification:_identify(venv/lib/python3.12/site-packages/setuptools/_vendor/jaraco/functools) by extension 'ros'
[0.505s] Level 1:colcon.colcon_core.package_identification:_identify(venv/lib/python3.12/site-packages/setuptools/_vendor/jaraco/functools) by extensions ['cmake', 'python']
[0.505s] Level 1:colcon.colcon_core.package_identification:_identify(venv/lib/python3.12/site-packages/setuptools/_vendor/jaraco/functools) by extension 'cmake'
[0.505s] Level 1:colcon.colcon_core.package_identification:_identify(venv/lib/python3.12/site-packages/setuptools/_vendor/jaraco/functools) by extension 'python'
[0.505s] Level 1:colcon.colcon_core.package_identification:_identify(venv/lib/python3.12/site-packages/setuptools/_vendor/jaraco/functools) by extensions ['python_setup_py']
[0.505s] Level 1:colcon.colcon_core.package_identification:_identify(venv/lib/python3.12/site-packages/setuptools/_vendor/jaraco/functools) by extension 'python_setup_py'
[0.505s] Level 1:colcon.colcon_core.package_identification:_identify(venv/lib/python3.12/site-packages/setuptools/_vendor/jaraco/functools/__pycache__) by extensions ['ignore', 'ignore_ament_install']
[0.505s] Level 1:colcon.colcon_core.package_identification:_identify(venv/lib/python3.12/site-packages/setuptools/_vendor/jaraco/functools/__pycache__) by extension 'ignore'
[0.505s] Level 1:colcon.colcon_core.package_identification:_identify(venv/lib/python3.12/site-packages/setuptools/_vendor/jaraco/functools/__pycache__) by extension 'ignore_ament_install'
[0.505s] Level 1:colcon.colcon_core.package_identification:_identify(venv/lib/python3.12/site-packages/setuptools/_vendor/jaraco/functools/__pycache__) by extensions ['colcon_pkg']
[0.505s] Level 1:colcon.colcon_core.package_identification:_identify(venv/lib/python3.12/site-packages/setuptools/_vendor/jaraco/functools/__pycache__) by extension 'colcon_pkg'
[0.505s] Level 1:colcon.colcon_core.package_identification:_identify(venv/lib/python3.12/site-packages/setuptools/_vendor/jaraco/functools/__pycache__) by extensions ['colcon_meta']
[0.506s] Level 1:colcon.colcon_core.package_identification:_identify(venv/lib/python3.12/site-packages/setuptools/_vendor/jaraco/functools/__pycache__) by extension 'colcon_meta'
[0.506s] Level 1:colcon.colcon_core.package_identification:_identify(venv/lib/python3.12/site-packages/setuptools/_vendor/jaraco/functools/__pycache__) by extensions ['ros']
[0.506s] Level 1:colcon.colcon_core.package_identification:_identify(venv/lib/python3.12/site-packages/setuptools/_vendor/jaraco/functools/__pycache__) by extension 'ros'
[0.506s] Level 1:colcon.colcon_core.package_identification:_identify(venv/lib/python3.12/site-packages/setuptools/_vendor/jaraco/functools/__pycache__) by extensions ['cmake', 'python']
[0.506s] Level 1:colcon.colcon_core.package_identification:_identify(venv/lib/python3.12/site-packages/setuptools/_vendor/jaraco/functools/__pycache__) by extension 'cmake'
[0.506s] Level 1:colcon.colcon_core.package_identification:_identify(venv/lib/python3.12/site-packages/setuptools/_vendor/jaraco/functools/__pycache__) by extension 'python'
[0.506s] Level 1:colcon.colcon_core.package_identification:_identify(venv/lib/python3.12/site-packages/setuptools/_vendor/jaraco/functools/__pycache__) by extensions ['python_setup_py']
[0.506s] Level 1:colcon.colcon_core.package_identification:_identify(venv/lib/python3.12/site-packages/setuptools/_vendor/jaraco/functools/__pycache__) by extension 'python_setup_py'
[0.506s] Level 1:colcon.colcon_core.package_identification:_identify(venv/lib/python3.12/site-packages/setuptools/_vendor/jaraco/text) by extensions ['ignore', 'ignore_ament_install']
[0.506s] Level 1:colcon.colcon_core.package_identification:_identify(venv/lib/python3.12/site-packages/setuptools/_vendor/jaraco/text) by extension 'ignore'
[0.506s] Level 1:colcon.colcon_core.package_identification:_identify(venv/lib/python3.12/site-packages/setuptools/_vendor/jaraco/text) by extension 'ignore_ament_install'
[0.506s] Level 1:colcon.colcon_core.package_identification:_identify(venv/lib/python3.12/site-packages/setuptools/_vendor/jaraco/text) by extensions ['colcon_pkg']
[0.506s] Level 1:colcon.colcon_core.package_identification:_identify(venv/lib/python3.12/site-packages/setuptools/_vendor/jaraco/text) by extension 'colcon_pkg'
[0.507s] Level 1:colcon.colcon_core.package_identification:_identify(venv/lib/python3.12/site-packages/setuptools/_vendor/jaraco/text) by extensions ['colcon_meta']
[0.507s] Level 1:colcon.colcon_core.package_identification:_identify(venv/lib/python3.12/site-packages/setuptools/_vendor/jaraco/text) by extension 'colcon_meta'
[0.507s] Level 1:colcon.colcon_core.package_identification:_identify(venv/lib/python3.12/site-packages/setuptools/_vendor/jaraco/text) by extensions ['ros']
[0.507s] Level 1:colcon.colcon_core.package_identification:_identify(venv/lib/python3.12/site-packages/setuptools/_vendor/jaraco/text) by extension 'ros'
[0.507s] Level 1:colcon.colcon_core.package_identification:_identify(venv/lib/python3.12/site-packages/setuptools/_vendor/jaraco/text) by extensions ['cmake', 'python']
[0.507s] Level 1:colcon.colcon_core.package_identification:_identify(venv/lib/python3.12/site-packages/setuptools/_vendor/jaraco/text) by extension 'cmake'
[0.507s] Level 1:colcon.colcon_core.package_identification:_identify(venv/lib/python3.12/site-packages/setuptools/_vendor/jaraco/text) by extension 'python'
[0.507s] Level 1:colcon.colcon_core.package_identification:_identify(venv/lib/python3.12/site-packages/setuptools/_vendor/jaraco/text) by extensions ['python_setup_py']
[0.507s] Level 1:colcon.colcon_core.package_identification:_identify(venv/lib/python3.12/site-packages/setuptools/_vendor/jaraco/text) by extension 'python_setup_py'
[0.507s] Level 1:colcon.colcon_core.package_identification:_identify(venv/lib/python3.12/site-packages/setuptools/_vendor/jaraco/text/__pycache__) by extensions ['ignore', 'ignore_ament_install']
[0.507s] Level 1:colcon.colcon_core.package_identification:_identify(venv/lib/python3.12/site-packages/setuptools/_vendor/jaraco/text/__pycache__) by extension 'ignore'
[0.507s] Level 1:colcon.colcon_core.package_identification:_identify(venv/lib/python3.12/site-packages/setuptools/_vendor/jaraco/text/__pycache__) by extension 'ignore_ament_install'
[0.507s] Level 1:colcon.colcon_core.package_identification:_identify(venv/lib/python3.12/site-packages/setuptools/_vendor/jaraco/text/__pycache__) by extensions ['colcon_pkg']
[0.507s] Level 1:colcon.colcon_core.package_identification:_identify(venv/lib/python3.12/site-packages/setuptools/_vendor/jaraco/text/__pycache__) by extension 'colcon_pkg'
[0.507s] Level 1:colcon.colcon_core.package_identification:_identify(venv/lib/python3.12/site-packages/setuptools/_vendor/jaraco/text/__pycache__) by extensions ['colcon_meta']
[0.508s] Level 1:colcon.colcon_core.package_identification:_identify(venv/lib/python3.12/site-packages/setuptools/_vendor/jaraco/text/__pycache__) by extension 'colcon_meta'
[0.508s] Level 1:colcon.colcon_core.package_identification:_identify(venv/lib/python3.12/site-packages/setuptools/_vendor/jaraco/text/__pycache__) by extensions ['ros']
[0.508s] Level 1:colcon.colcon_core.package_identification:_identify(venv/lib/python3.12/site-packages/setuptools/_vendor/jaraco/text/__pycache__) by extension 'ros'
[0.508s] Level 1:colcon.colcon_core.package_identification:_identify(venv/lib/python3.12/site-packages/setuptools/_vendor/jaraco/text/__pycache__) by extensions ['cmake', 'python']
[0.508s] Level 1:colcon.colcon_core.package_identification:_identify(venv/lib/python3.12/site-packages/setuptools/_vendor/jaraco/text/__pycache__) by extension 'cmake'
[0.508s] Level 1:colcon.colcon_core.package_identification:_identify(venv/lib/python3.12/site-packages/setuptools/_vendor/jaraco/text/__pycache__) by extension 'python'
[0.508s] Level 1:colcon.colcon_core.package_identification:_identify(venv/lib/python3.12/site-packages/setuptools/_vendor/jaraco/text/__pycache__) by extensions ['python_setup_py']
[0.508s] Level 1:colcon.colcon_core.package_identification:_identify(venv/lib/python3.12/site-packages/setuptools/_vendor/jaraco/text/__pycache__) by extension 'python_setup_py'
[0.508s] Level 1:colcon.colcon_core.package_identification:_identify(venv/lib/python3.12/site-packages/setuptools/_vendor/jaraco.text-4.0.0.dist-info) by extensions ['ignore', 'ignore_ament_install']
[0.508s] Level 1:colcon.colcon_core.package_identification:_identify(venv/lib/python3.12/site-packages/setuptools/_vendor/jaraco.text-4.0.0.dist-info) by extension 'ignore'
[0.508s] Level 1:colcon.colcon_core.package_identification:_identify(venv/lib/python3.12/site-packages/setuptools/_vendor/jaraco.text-4.0.0.dist-info) by extension 'ignore_ament_install'
[0.508s] Level 1:colcon.colcon_core.package_identification:_identify(venv/lib/python3.12/site-packages/setuptools/_vendor/jaraco.text-4.0.0.dist-info) by extensions ['colcon_pkg']
[0.508s] Level 1:colcon.colcon_core.package_identification:_identify(venv/lib/python3.12/site-packages/setuptools/_vendor/jaraco.text-4.0.0.dist-info) by extension 'colcon_pkg'
[0.509s] Level 1:colcon.colcon_core.package_identification:_identify(venv/lib/python3.12/site-packages/setuptools/_vendor/jaraco.text-4.0.0.dist-info) by extensions ['colcon_meta']
[0.509s] Level 1:colcon.colcon_core.package_identification:_identify(venv/lib/python3.12/site-packages/setuptools/_vendor/jaraco.text-4.0.0.dist-info) by extension 'colcon_meta'
[0.509s] Level 1:colcon.colcon_core.package_identification:_identify(venv/lib/python3.12/site-packages/setuptools/_vendor/jaraco.text-4.0.0.dist-info) by extensions ['ros']
[0.509s] Level 1:colcon.colcon_core.package_identification:_identify(venv/lib/python3.12/site-packages/setuptools/_vendor/jaraco.text-4.0.0.dist-info) by extension 'ros'
[0.509s] Level 1:colcon.colcon_core.package_identification:_identify(venv/lib/python3.12/site-packages/setuptools/_vendor/jaraco.text-4.0.0.dist-info) by extensions ['cmake', 'python']
[0.509s] Level 1:colcon.colcon_core.package_identification:_identify(venv/lib/python3.12/site-packages/setuptools/_vendor/jaraco.text-4.0.0.dist-info) by extension 'cmake'
[0.509s] Level 1:colcon.colcon_core.package_identification:_identify(venv/lib/python3.12/site-packages/setuptools/_vendor/jaraco.text-4.0.0.dist-info) by extension 'python'
[0.509s] Level 1:colcon.colcon_core.package_identification:_identify(venv/lib/python3.12/site-packages/setuptools/_vendor/jaraco.text-4.0.0.dist-info) by extensions ['python_setup_py']
[0.509s] Level 1:colcon.colcon_core.package_identification:_identify(venv/lib/python3.12/site-packages/setuptools/_vendor/jaraco.text-4.0.0.dist-info) by extension 'python_setup_py'
[0.509s] Level 1:colcon.colcon_core.package_identification:_identify(venv/lib/python3.12/site-packages/setuptools/_vendor/jaraco_context-6.1.0.dist-info) by extensions ['ignore', 'ignore_ament_install']
[0.509s] Level 1:colcon.colcon_core.package_identification:_identify(venv/lib/python3.12/site-packages/setuptools/_vendor/jaraco_context-6.1.0.dist-info) by extension 'ignore'
[0.509s] Level 1:colcon.colcon_core.package_identification:_identify(venv/lib/python3.12/site-packages/setuptools/_vendor/jaraco_context-6.1.0.dist-info) by extension 'ignore_ament_install'
[0.509s] Level 1:colcon.colcon_core.package_identification:_identify(venv/lib/python3.12/site-packages/setuptools/_vendor/jaraco_context-6.1.0.dist-info) by extensions ['colcon_pkg']
[0.509s] Level 1:colcon.colcon_core.package_identification:_identify(venv/lib/python3.12/site-packages/setuptools/_vendor/jaraco_context-6.1.0.dist-info) by extension 'colcon_pkg'
[0.509s] Level 1:colcon.colcon_core.package_identification:_identify(venv/lib/python3.12/site-packages/setuptools/_vendor/jaraco_context-6.1.0.dist-info) by extensions ['colcon_meta']
[0.510s] Level 1:colcon.colcon_core.package_identification:_identify(venv/lib/python3.12/site-packages/setuptools/_vendor/jaraco_context-6.1.0.dist-info) by extension 'colcon_meta'
[0.510s] Level 1:colcon.colcon_core.package_identification:_identify(venv/lib/python3.12/site-packages/setuptools/_vendor/jaraco_context-6.1.0.dist-info) by extensions ['ros']
[0.510s] Level 1:colcon.colcon_core.package_identification:_identify(venv/lib/python3.12/site-packages/setuptools/_vendor/jaraco_context-6.1.0.dist-info) by extension 'ros'
[0.510s] Level 1:colcon.colcon_core.package_identification:_identify(venv/lib/python3.12/site-packages/setuptools/_vendor/jaraco_context-6.1.0.dist-info) by extensions ['cmake', 'python']
[0.510s] Level 1:colcon.colcon_core.package_identification:_identify(venv/lib/python3.12/site-packages/setuptools/_vendor/jaraco_context-6.1.0.dist-info) by extension 'cmake'
[0.510s] Level 1:colcon.colcon_core.package_identification:_identify(venv/lib/python3.12/site-packages/setuptools/_vendor/jaraco_context-6.1.0.dist-info) by extension 'python'
[0.510s] Level 1:colcon.colcon_core.package_identification:_identify(venv/lib/python3.12/site-packages/setuptools/_vendor/jaraco_context-6.1.0.dist-info) by extensions ['python_setup_py']
[0.510s] Level 1:colcon.colcon_core.package_identification:_identify(venv/lib/python3.12/site-packages/setuptools/_vendor/jaraco_context-6.1.0.dist-info) by extension 'python_setup_py'
[0.510s] Level 1:colcon.colcon_core.package_identification:_identify(venv/lib/python3.12/site-packages/setuptools/_vendor/jaraco_context-6.1.0.dist-info/licenses) by extensions ['ignore', 'ignore_ament_install']
[0.510s] Level 1:colcon.colcon_core.package_identification:_identify(venv/lib/python3.12/site-packages/setuptools/_vendor/jaraco_context-6.1.0.dist-info/licenses) by extension 'ignore'
[0.510s] Level 1:colcon.colcon_core.package_identification:_identify(venv/lib/python3.12/site-packages/setuptools/_vendor/jaraco_context-6.1.0.dist-info/licenses) by extension 'ignore_ament_install'
[0.510s] Level 1:colcon.colcon_core.package_identification:_identify(venv/lib/python3.12/site-packages/setuptools/_vendor/jaraco_context-6.1.0.dist-info/licenses) by extensions ['colcon_pkg']
[0.510s] Level 1:colcon.colcon_core.package_identification:_identify(venv/lib/python3.12/site-packages/setuptools/_vendor/jaraco_context-6.1.0.dist-info/licenses) by extension 'colcon_pkg'
[0.511s] Level 1:colcon.colcon_core.package_identification:_identify(venv/lib/python3.12/site-packages/setuptools/_vendor/jaraco_context-6.1.0.dist-info/licenses) by extensions ['colcon_meta']
[0.511s] Level 1:colcon.colcon_core.package_identification:_identify(venv/lib/python3.12/site-packages/setuptools/_vendor/jaraco_context-6.1.0.dist-info/licenses) by extension 'colcon_meta'
[0.511s] Level 1:colcon.colcon_core.package_identification:_identify(venv/lib/python3.12/site-packages/setuptools/_vendor/jaraco_context-6.1.0.dist-info/licenses) by extensions ['ros']
[0.511s] Level 1:colcon.colcon_core.package_identification:_identify(venv/lib/python3.12/site-packages/setuptools/_vendor/jaraco_context-6.1.0.dist-info/licenses) by extension 'ros'
[0.511s] Level 1:colcon.colcon_core.package_identification:_identify(venv/lib/python3.12/site-packages/setuptools/_vendor/jaraco_context-6.1.0.dist-info/licenses) by extensions ['cmake', 'python']
[0.511s] Level 1:colcon.colcon_core.package_identification:_identify(venv/lib/python3.12/site-packages/setuptools/_vendor/jaraco_context-6.1.0.dist-info/licenses) by extension 'cmake'
[0.511s] Level 1:colcon.colcon_core.package_identification:_identify(venv/lib/python3.12/site-packages/setuptools/_vendor/jaraco_context-6.1.0.dist-info/licenses) by extension 'python'
[0.511s] Level 1:colcon.colcon_core.package_identification:_identify(venv/lib/python3.12/site-packages/setuptools/_vendor/jaraco_context-6.1.0.dist-info/licenses) by extensions ['python_setup_py']
[0.511s] Level 1:colcon.colcon_core.package_identification:_identify(venv/lib/python3.12/site-packages/setuptools/_vendor/jaraco_context-6.1.0.dist-info/licenses) by extension 'python_setup_py'
[0.511s] Level 1:colcon.colcon_core.package_identification:_identify(venv/lib/python3.12/site-packages/setuptools/_vendor/jaraco_functools-4.4.0.dist-info) by extensions ['ignore', 'ignore_ament_install']
[0.511s] Level 1:colcon.colcon_core.package_identification:_identify(venv/lib/python3.12/site-packages/setuptools/_vendor/jaraco_functools-4.4.0.dist-info) by extension 'ignore'
[0.511s] Level 1:colcon.colcon_core.package_identification:_identify(venv/lib/python3.12/site-packages/setuptools/_vendor/jaraco_functools-4.4.0.dist-info) by extension 'ignore_ament_install'
[0.511s] Level 1:colcon.colcon_core.package_identification:_identify(venv/lib/python3.12/site-packages/setuptools/_vendor/jaraco_functools-4.4.0.dist-info) by extensions ['colcon_pkg']
[0.511s] Level 1:colcon.colcon_core.package_identification:_identify(venv/lib/python3.12/site-packages/setuptools/_vendor/jaraco_functools-4.4.0.dist-info) by extension 'colcon_pkg'
[0.511s] Level 1:colcon.colcon_core.package_identification:_identify(venv/lib/python3.12/site-packages/setuptools/_vendor/jaraco_functools-4.4.0.dist-info) by extensions ['colcon_meta']
[0.512s] Level 1:colcon.colcon_core.package_identification:_identify(venv/lib/python3.12/site-packages/setuptools/_vendor/jaraco_functools-4.4.0.dist-info) by extension 'colcon_meta'
[0.512s] Level 1:colcon.colcon_core.package_identification:_identify(venv/lib/python3.12/site-packages/setuptools/_vendor/jaraco_functools-4.4.0.dist-info) by extensions ['ros']
[0.512s] Level 1:colcon.colcon_core.package_identification:_identify(venv/lib/python3.12/site-packages/setuptools/_vendor/jaraco_functools-4.4.0.dist-info) by extension 'ros'
[0.512s] Level 1:colcon.colcon_core.package_identification:_identify(venv/lib/python3.12/site-packages/setuptools/_vendor/jaraco_functools-4.4.0.dist-info) by extensions ['cmake', 'python']
[0.512s] Level 1:colcon.colcon_core.package_identification:_identify(venv/lib/python3.12/site-packages/setuptools/_vendor/jaraco_functools-4.4.0.dist-info) by extension 'cmake'
[0.512s] Level 1:colcon.colcon_core.package_identification:_identify(venv/lib/python3.12/site-packages/setuptools/_vendor/jaraco_functools-4.4.0.dist-info) by extension 'python'
[0.512s] Level 1:colcon.colcon_core.package_identification:_identify(venv/lib/python3.12/site-packages/setuptools/_vendor/jaraco_functools-4.4.0.dist-info) by extensions ['python_setup_py']
[0.512s] Level 1:colcon.colcon_core.package_identification:_identify(venv/lib/python3.12/site-packages/setuptools/_vendor/jaraco_functools-4.4.0.dist-info) by extension 'python_setup_py'
[0.512s] Level 1:colcon.colcon_core.package_identification:_identify(venv/lib/python3.12/site-packages/setuptools/_vendor/jaraco_functools-4.4.0.dist-info/licenses) by extensions ['ignore', 'ignore_ament_install']
[0.512s] Level 1:colcon.colcon_core.package_identification:_identify(venv/lib/python3.12/site-packages/setuptools/_vendor/jaraco_functools-4.4.0.dist-info/licenses) by extension 'ignore'
[0.512s] Level 1:colcon.colcon_core.package_identification:_identify(venv/lib/python3.12/site-packages/setuptools/_vendor/jaraco_functools-4.4.0.dist-info/licenses) by extension 'ignore_ament_install'
[0.512s] Level 1:colcon.colcon_core.package_identification:_identify(venv/lib/python3.12/site-packages/setuptools/_vendor/jaraco_functools-4.4.0.dist-info/licenses) by extensions ['colcon_pkg']
[0.512s] Level 1:colcon.colcon_core.package_identification:_identify(venv/lib/python3.12/site-packages/setuptools/_vendor/jaraco_functools-4.4.0.dist-info/licenses) by extension 'colcon_pkg'
[0.512s] Level 1:colcon.colcon_core.package_identification:_identify(venv/lib/python3.12/site-packages/setuptools/_vendor/jaraco_functools-4.4.0.dist-info/licenses) by extensions ['colcon_meta']
[0.512s] Level 1:colcon.colcon_core.package_identification:_identify(venv/lib/python3.12/site-packages/setuptools/_vendor/jaraco_functools-4.4.0.dist-info/licenses) by extension 'colcon_meta'
[0.513s] Level 1:colcon.colcon_core.package_identification:_identify(venv/lib/python3.12/site-packages/setuptools/_vendor/jaraco_functools-4.4.0.dist-info/licenses) by extensions ['ros']
[0.513s] Level 1:colcon.colcon_core.package_identification:_identify(venv/lib/python3.12/site-packages/setuptools/_vendor/jaraco_functools-4.4.0.dist-info/licenses) by extension 'ros'
[0.513s] Level 1:colcon.colcon_core.package_identification:_identify(venv/lib/python3.12/site-packages/setuptools/_vendor/jaraco_functools-4.4.0.dist-info/licenses) by extensions ['cmake', 'python']
[0.513s] Level 1:colcon.colcon_core.package_identification:_identify(venv/lib/python3.12/site-packages/setuptools/_vendor/jaraco_functools-4.4.0.dist-info/licenses) by extension 'cmake'
[0.513s] Level 1:colcon.colcon_core.package_identification:_identify(venv/lib/python3.12/site-packages/setuptools/_vendor/jaraco_functools-4.4.0.dist-info/licenses) by extension 'python'
[0.513s] Level 1:colcon.colcon_core.package_identification:_identify(venv/lib/python3.12/site-packages/setuptools/_vendor/jaraco_functools-4.4.0.dist-info/licenses) by extensions ['python_setup_py']
[0.513s] Level 1:colcon.colcon_core.package_identification:_identify(venv/lib/python3.12/site-packages/setuptools/_vendor/jaraco_functools-4.4.0.dist-info/licenses) by extension 'python_setup_py'
[0.513s] Level 1:colcon.colcon_core.package_identification:_identify(venv/lib/python3.12/site-packages/setuptools/_vendor/more_itertools) by extensions ['ignore', 'ignore_ament_install']
[0.513s] Level 1:colcon.colcon_core.package_identification:_identify(venv/lib/python3.12/site-packages/setuptools/_vendor/more_itertools) by extension 'ignore'
[0.513s] Level 1:colcon.colcon_core.package_identification:_identify(venv/lib/python3.12/site-packages/setuptools/_vendor/more_itertools) by extension 'ignore_ament_install'
[0.513s] Level 1:colcon.colcon_core.package_identification:_identify(venv/lib/python3.12/site-packages/setuptools/_vendor/more_itertools) by extensions ['colcon_pkg']
[0.513s] Level 1:colcon.colcon_core.package_identification:_identify(venv/lib/python3.12/site-packages/setuptools/_vendor/more_itertools) by extension 'colcon_pkg'
[0.513s] Level 1:colcon.colcon_core.package_identification:_identify(venv/lib/python3.12/site-packages/setuptools/_vendor/more_itertools) by extensions ['colcon_meta']
[0.513s] Level 1:colcon.colcon_core.package_identification:_identify(venv/lib/python3.12/site-packages/setuptools/_vendor/more_itertools) by extension 'colcon_meta'
[0.514s] Level 1:colcon.colcon_core.package_identification:_identify(venv/lib/python3.12/site-packages/setuptools/_vendor/more_itertools) by extensions ['ros']
[0.514s] Level 1:colcon.colcon_core.package_identification:_identify(venv/lib/python3.12/site-packages/setuptools/_vendor/more_itertools) by extension 'ros'
[0.514s] Level 1:colcon.colcon_core.package_identification:_identify(venv/lib/python3.12/site-packages/setuptools/_vendor/more_itertools) by extensions ['cmake', 'python']
[0.514s] Level 1:colcon.colcon_core.package_identification:_identify(venv/lib/python3.12/site-packages/setuptools/_vendor/more_itertools) by extension 'cmake'
[0.514s] Level 1:colcon.colcon_core.package_identification:_identify(venv/lib/python3.12/site-packages/setuptools/_vendor/more_itertools) by extension 'python'
[0.514s] Level 1:colcon.colcon_core.package_identification:_identify(venv/lib/python3.12/site-packages/setuptools/_vendor/more_itertools) by extensions ['python_setup_py']
[0.514s] Level 1:colcon.colcon_core.package_identification:_identify(venv/lib/python3.12/site-packages/setuptools/_vendor/more_itertools) by extension 'python_setup_py'
[0.514s] Level 1:colcon.colcon_core.package_identification:_identify(venv/lib/python3.12/site-packages/setuptools/_vendor/more_itertools/__pycache__) by extensions ['ignore', 'ignore_ament_install']
[0.514s] Level 1:colcon.colcon_core.package_identification:_identify(venv/lib/python3.12/site-packages/setuptools/_vendor/more_itertools/__pycache__) by extension 'ignore'
[0.514s] Level 1:colcon.colcon_core.package_identification:_identify(venv/lib/python3.12/site-packages/setuptools/_vendor/more_itertools/__pycache__) by extension 'ignore_ament_install'
[0.514s] Level 1:colcon.colcon_core.package_identification:_identify(venv/lib/python3.12/site-packages/setuptools/_vendor/more_itertools/__pycache__) by extensions ['colcon_pkg']
[0.514s] Level 1:colcon.colcon_core.package_identification:_identify(venv/lib/python3.12/site-packages/setuptools/_vendor/more_itertools/__pycache__) by extension 'colcon_pkg'
[0.514s] Level 1:colcon.colcon_core.package_identification:_identify(venv/lib/python3.12/site-packages/setuptools/_vendor/more_itertools/__pycache__) by extensions ['colcon_meta']
[0.514s] Level 1:colcon.colcon_core.package_identification:_identify(venv/lib/python3.12/site-packages/setuptools/_vendor/more_itertools/__pycache__) by extension 'colcon_meta'
[0.515s] Level 1:colcon.colcon_core.package_identification:_identify(venv/lib/python3.12/site-packages/setuptools/_vendor/more_itertools/__pycache__) by extensions ['ros']
[0.515s] Level 1:colcon.colcon_core.package_identification:_identify(venv/lib/python3.12/site-packages/setuptools/_vendor/more_itertools/__pycache__) by extension 'ros'
[0.515s] Level 1:colcon.colcon_core.package_identification:_identify(venv/lib/python3.12/site-packages/setuptools/_vendor/more_itertools/__pycache__) by extensions ['cmake', 'python']
[0.515s] Level 1:colcon.colcon_core.package_identification:_identify(venv/lib/python3.12/site-packages/setuptools/_vendor/more_itertools/__pycache__) by extension 'cmake'
[0.515s] Level 1:colcon.colcon_core.package_identification:_identify(venv/lib/python3.12/site-packages/setuptools/_vendor/more_itertools/__pycache__) by extension 'python'
[0.515s] Level 1:colcon.colcon_core.package_identification:_identify(venv/lib/python3.12/site-packages/setuptools/_vendor/more_itertools/__pycache__) by extensions ['python_setup_py']
[0.515s] Level 1:colcon.colcon_core.package_identification:_identify(venv/lib/python3.12/site-packages/setuptools/_vendor/more_itertools/__pycache__) by extension 'python_setup_py'
[0.515s] Level 1:colcon.colcon_core.package_identification:_identify(venv/lib/python3.12/site-packages/setuptools/_vendor/more_itertools-10.8.0.dist-info) by extensions ['ignore', 'ignore_ament_install']
[0.515s] Level 1:colcon.colcon_core.package_identification:_identify(venv/lib/python3.12/site-packages/setuptools/_vendor/more_itertools-10.8.0.dist-info) by extension 'ignore'
[0.515s] Level 1:colcon.colcon_core.package_identification:_identify(venv/lib/python3.12/site-packages/setuptools/_vendor/more_itertools-10.8.0.dist-info) by extension 'ignore_ament_install'
[0.515s] Level 1:colcon.colcon_core.package_identification:_identify(venv/lib/python3.12/site-packages/setuptools/_vendor/more_itertools-10.8.0.dist-info) by extensions ['colcon_pkg']
[0.515s] Level 1:colcon.colcon_core.package_identification:_identify(venv/lib/python3.12/site-packages/setuptools/_vendor/more_itertools-10.8.0.dist-info) by extension 'colcon_pkg'
[0.515s] Level 1:colcon.colcon_core.package_identification:_identify(venv/lib/python3.12/site-packages/setuptools/_vendor/more_itertools-10.8.0.dist-info) by extensions ['colcon_meta']
[0.515s] Level 1:colcon.colcon_core.package_identification:_identify(venv/lib/python3.12/site-packages/setuptools/_vendor/more_itertools-10.8.0.dist-info) by extension 'colcon_meta'
[0.516s] Level 1:colcon.colcon_core.package_identification:_identify(venv/lib/python3.12/site-packages/setuptools/_vendor/more_itertools-10.8.0.dist-info) by extensions ['ros']
[0.516s] Level 1:colcon.colcon_core.package_identification:_identify(venv/lib/python3.12/site-packages/setuptools/_vendor/more_itertools-10.8.0.dist-info) by extension 'ros'
[0.516s] Level 1:colcon.colcon_core.package_identification:_identify(venv/lib/python3.12/site-packages/setuptools/_vendor/more_itertools-10.8.0.dist-info) by extensions ['cmake', 'python']
[0.516s] Level 1:colcon.colcon_core.package_identification:_identify(venv/lib/python3.12/site-packages/setuptools/_vendor/more_itertools-10.8.0.dist-info) by extension 'cmake'
[0.516s] Level 1:colcon.colcon_core.package_identification:_identify(venv/lib/python3.12/site-packages/setuptools/_vendor/more_itertools-10.8.0.dist-info) by extension 'python'
[0.516s] Level 1:colcon.colcon_core.package_identification:_identify(venv/lib/python3.12/site-packages/setuptools/_vendor/more_itertools-10.8.0.dist-info) by extensions ['python_setup_py']
[0.516s] Level 1:colcon.colcon_core.package_identification:_identify(venv/lib/python3.12/site-packages/setuptools/_vendor/more_itertools-10.8.0.dist-info) by extension 'python_setup_py'
[0.516s] Level 1:colcon.colcon_core.package_identification:_identify(venv/lib/python3.12/site-packages/setuptools/_vendor/more_itertools-10.8.0.dist-info/licenses) by extensions ['ignore', 'ignore_ament_install']
[0.516s] Level 1:colcon.colcon_core.package_identification:_identify(venv/lib/python3.12/site-packages/setuptools/_vendor/more_itertools-10.8.0.dist-info/licenses) by extension 'ignore'
[0.516s] Level 1:colcon.colcon_core.package_identification:_identify(venv/lib/python3.12/site-packages/setuptools/_vendor/more_itertools-10.8.0.dist-info/licenses) by extension 'ignore_ament_install'
[0.516s] Level 1:colcon.colcon_core.package_identification:_identify(venv/lib/python3.12/site-packages/setuptools/_vendor/more_itertools-10.8.0.dist-info/licenses) by extensions ['colcon_pkg']
[0.516s] Level 1:colcon.colcon_core.package_identification:_identify(venv/lib/python3.12/site-packages/setuptools/_vendor/more_itertools-10.8.0.dist-info/licenses) by extension 'colcon_pkg'
[0.516s] Level 1:colcon.colcon_core.package_identification:_identify(venv/lib/python3.12/site-packages/setuptools/_vendor/more_itertools-10.8.0.dist-info/licenses) by extensions ['colcon_meta']
[0.516s] Level 1:colcon.colcon_core.package_identification:_identify(venv/lib/python3.12/site-packages/setuptools/_vendor/more_itertools-10.8.0.dist-info/licenses) by extension 'colcon_meta'
[0.517s] Level 1:colcon.colcon_core.package_identification:_identify(venv/lib/python3.12/site-packages/setuptools/_vendor/more_itertools-10.8.0.dist-info/licenses) by extensions ['ros']
[0.517s] Level 1:colcon.colcon_core.package_identification:_identify(venv/lib/python3.12/site-packages/setuptools/_vendor/more_itertools-10.8.0.dist-info/licenses) by extension 'ros'
[0.517s] Level 1:colcon.colcon_core.package_identification:_identify(venv/lib/python3.12/site-packages/setuptools/_vendor/more_itertools-10.8.0.dist-info/licenses) by extensions ['cmake', 'python']
[0.517s] Level 1:colcon.colcon_core.package_identification:_identify(venv/lib/python3.12/site-packages/setuptools/_vendor/more_itertools-10.8.0.dist-info/licenses) by extension 'cmake'
[0.517s] Level 1:colcon.colcon_core.package_identification:_identify(venv/lib/python3.12/site-packages/setuptools/_vendor/more_itertools-10.8.0.dist-info/licenses) by extension 'python'
[0.517s] Level 1:colcon.colcon_core.package_identification:_identify(venv/lib/python3.12/site-packages/setuptools/_vendor/more_itertools-10.8.0.dist-info/licenses) by extensions ['python_setup_py']
[0.517s] Level 1:colcon.colcon_core.package_identification:_identify(venv/lib/python3.12/site-packages/setuptools/_vendor/more_itertools-10.8.0.dist-info/licenses) by extension 'python_setup_py'
[0.517s] Level 1:colcon.colcon_core.package_identification:_identify(venv/lib/python3.12/site-packages/setuptools/_vendor/packaging) by extensions ['ignore', 'ignore_ament_install']
[0.517s] Level 1:colcon.colcon_core.package_identification:_identify(venv/lib/python3.12/site-packages/setuptools/_vendor/packaging) by extension 'ignore'
[0.517s] Level 1:colcon.colcon_core.package_identification:_identify(venv/lib/python3.12/site-packages/setuptools/_vendor/packaging) by extension 'ignore_ament_install'
[0.517s] Level 1:colcon.colcon_core.package_identification:_identify(venv/lib/python3.12/site-packages/setuptools/_vendor/packaging) by extensions ['colcon_pkg']
[0.517s] Level 1:colcon.colcon_core.package_identification:_identify(venv/lib/python3.12/site-packages/setuptools/_vendor/packaging) by extension 'colcon_pkg'
[0.517s] Level 1:colcon.colcon_core.package_identification:_identify(venv/lib/python3.12/site-packages/setuptools/_vendor/packaging) by extensions ['colcon_meta']
[0.517s] Level 1:colcon.colcon_core.package_identification:_identify(venv/lib/python3.12/site-packages/setuptools/_vendor/packaging) by extension 'colcon_meta'
[0.517s] Level 1:colcon.colcon_core.package_identification:_identify(venv/lib/python3.12/site-packages/setuptools/_vendor/packaging) by extensions ['ros']
[0.518s] Level 1:colcon.colcon_core.package_identification:_identify(venv/lib/python3.12/site-packages/setuptools/_vendor/packaging) by extension 'ros'
[0.518s] Level 1:colcon.colcon_core.package_identification:_identify(venv/lib/python3.12/site-packages/setuptools/_vendor/packaging) by extensions ['cmake', 'python']
[0.518s] Level 1:colcon.colcon_core.package_identification:_identify(venv/lib/python3.12/site-packages/setuptools/_vendor/packaging) by extension 'cmake'
[0.518s] Level 1:colcon.colcon_core.package_identification:_identify(venv/lib/python3.12/site-packages/setuptools/_vendor/packaging) by extension 'python'
[0.518s] Level 1:colcon.colcon_core.package_identification:_identify(venv/lib/python3.12/site-packages/setuptools/_vendor/packaging) by extensions ['python_setup_py']
[0.518s] Level 1:colcon.colcon_core.package_identification:_identify(venv/lib/python3.12/site-packages/setuptools/_vendor/packaging) by extension 'python_setup_py'
[0.518s] Level 1:colcon.colcon_core.package_identification:_identify(venv/lib/python3.12/site-packages/setuptools/_vendor/packaging/__pycache__) by extensions ['ignore', 'ignore_ament_install']
[0.518s] Level 1:colcon.colcon_core.package_identification:_identify(venv/lib/python3.12/site-packages/setuptools/_vendor/packaging/__pycache__) by extension 'ignore'
[0.518s] Level 1:colcon.colcon_core.package_identification:_identify(venv/lib/python3.12/site-packages/setuptools/_vendor/packaging/__pycache__) by extension 'ignore_ament_install'
[0.518s] Level 1:colcon.colcon_core.package_identification:_identify(venv/lib/python3.12/site-packages/setuptools/_vendor/packaging/__pycache__) by extensions ['colcon_pkg']
[0.518s] Level 1:colcon.colcon_core.package_identification:_identify(venv/lib/python3.12/site-packages/setuptools/_vendor/packaging/__pycache__) by extension 'colcon_pkg'
[0.518s] Level 1:colcon.colcon_core.package_identification:_identify(venv/lib/python3.12/site-packages/setuptools/_vendor/packaging/__pycache__) by extensions ['colcon_meta']
[0.518s] Level 1:colcon.colcon_core.package_identification:_identify(venv/lib/python3.12/site-packages/setuptools/_vendor/packaging/__pycache__) by extension 'colcon_meta'
[0.519s] Level 1:colcon.colcon_core.package_identification:_identify(venv/lib/python3.12/site-packages/setuptools/_vendor/packaging/__pycache__) by extensions ['ros']
[0.519s] Level 1:colcon.colcon_core.package_identification:_identify(venv/lib/python3.12/site-packages/setuptools/_vendor/packaging/__pycache__) by extension 'ros'
[0.519s] Level 1:colcon.colcon_core.package_identification:_identify(venv/lib/python3.12/site-packages/setuptools/_vendor/packaging/__pycache__) by extensions ['cmake', 'python']
[0.519s] Level 1:colcon.colcon_core.package_identification:_identify(venv/lib/python3.12/site-packages/setuptools/_vendor/packaging/__pycache__) by extension 'cmake'
[0.519s] Level 1:colcon.colcon_core.package_identification:_identify(venv/lib/python3.12/site-packages/setuptools/_vendor/packaging/__pycache__) by extension 'python'
[0.519s] Level 1:colcon.colcon_core.package_identification:_identify(venv/lib/python3.12/site-packages/setuptools/_vendor/packaging/__pycache__) by extensions ['python_setup_py']
[0.519s] Level 1:colcon.colcon_core.package_identification:_identify(venv/lib/python3.12/site-packages/setuptools/_vendor/packaging/__pycache__) by extension 'python_setup_py'
[0.519s] Level 1:colcon.colcon_core.package_identification:_identify(venv/lib/python3.12/site-packages/setuptools/_vendor/packaging/licenses) by extensions ['ignore', 'ignore_ament_install']
[0.519s] Level 1:colcon.colcon_core.package_identification:_identify(venv/lib/python3.12/site-packages/setuptools/_vendor/packaging/licenses) by extension 'ignore'
[0.519s] Level 1:colcon.colcon_core.package_identification:_identify(venv/lib/python3.12/site-packages/setuptools/_vendor/packaging/licenses) by extension 'ignore_ament_install'
[0.519s] Level 1:colcon.colcon_core.package_identification:_identify(venv/lib/python3.12/site-packages/setuptools/_vendor/packaging/licenses) by extensions ['colcon_pkg']
[0.519s] Level 1:colcon.colcon_core.package_identification:_identify(venv/lib/python3.12/site-packages/setuptools/_vendor/packaging/licenses) by extension 'colcon_pkg'
[0.519s] Level 1:colcon.colcon_core.package_identification:_identify(venv/lib/python3.12/site-packages/setuptools/_vendor/packaging/licenses) by extensions ['colcon_meta']
[0.519s] Level 1:colcon.colcon_core.package_identification:_identify(venv/lib/python3.12/site-packages/setuptools/_vendor/packaging/licenses) by extension 'colcon_meta'
[0.519s] Level 1:colcon.colcon_core.package_identification:_identify(venv/lib/python3.12/site-packages/setuptools/_vendor/packaging/licenses) by extensions ['ros']
[0.520s] Level 1:colcon.colcon_core.package_identification:_identify(venv/lib/python3.12/site-packages/setuptools/_vendor/packaging/licenses) by extension 'ros'
[0.520s] Level 1:colcon.colcon_core.package_identification:_identify(venv/lib/python3.12/site-packages/setuptools/_vendor/packaging/licenses) by extensions ['cmake', 'python']
[0.520s] Level 1:colcon.colcon_core.package_identification:_identify(venv/lib/python3.12/site-packages/setuptools/_vendor/packaging/licenses) by extension 'cmake'
[0.520s] Level 1:colcon.colcon_core.package_identification:_identify(venv/lib/python3.12/site-packages/setuptools/_vendor/packaging/licenses) by extension 'python'
[0.520s] Level 1:colcon.colcon_core.package_identification:_identify(venv/lib/python3.12/site-packages/setuptools/_vendor/packaging/licenses) by extensions ['python_setup_py']
[0.520s] Level 1:colcon.colcon_core.package_identification:_identify(venv/lib/python3.12/site-packages/setuptools/_vendor/packaging/licenses) by extension 'python_setup_py'
[0.520s] Level 1:colcon.colcon_core.package_identification:_identify(venv/lib/python3.12/site-packages/setuptools/_vendor/packaging/licenses/__pycache__) by extensions ['ignore', 'ignore_ament_install']
[0.520s] Level 1:colcon.colcon_core.package_identification:_identify(venv/lib/python3.12/site-packages/setuptools/_vendor/packaging/licenses/__pycache__) by extension 'ignore'
[0.520s] Level 1:colcon.colcon_core.package_identification:_identify(venv/lib/python3.12/site-packages/setuptools/_vendor/packaging/licenses/__pycache__) by extension 'ignore_ament_install'
[0.520s] Level 1:colcon.colcon_core.package_identification:_identify(venv/lib/python3.12/site-packages/setuptools/_vendor/packaging/licenses/__pycache__) by extensions ['colcon_pkg']
[0.520s] Level 1:colcon.colcon_core.package_identification:_identify(venv/lib/python3.12/site-packages/setuptools/_vendor/packaging/licenses/__pycache__) by extension 'colcon_pkg'
[0.520s] Level 1:colcon.colcon_core.package_identification:_identify(venv/lib/python3.12/site-packages/setuptools/_vendor/packaging/licenses/__pycache__) by extensions ['colcon_meta']
[0.520s] Level 1:colcon.colcon_core.package_identification:_identify(venv/lib/python3.12/site-packages/setuptools/_vendor/packaging/licenses/__pycache__) by extension 'colcon_meta'
[0.520s] Level 1:colcon.colcon_core.package_identification:_identify(venv/lib/python3.12/site-packages/setuptools/_vendor/packaging/licenses/__pycache__) by extensions ['ros']
[0.521s] Level 1:colcon.colcon_core.package_identification:_identify(venv/lib/python3.12/site-packages/setuptools/_vendor/packaging/licenses/__pycache__) by extension 'ros'
[0.521s] Level 1:colcon.colcon_core.package_identification:_identify(venv/lib/python3.12/site-packages/setuptools/_vendor/packaging/licenses/__pycache__) by extensions ['cmake', 'python']
[0.521s] Level 1:colcon.colcon_core.package_identification:_identify(venv/lib/python3.12/site-packages/setuptools/_vendor/packaging/licenses/__pycache__) by extension 'cmake'
[0.521s] Level 1:colcon.colcon_core.package_identification:_identify(venv/lib/python3.12/site-packages/setuptools/_vendor/packaging/licenses/__pycache__) by extension 'python'
[0.521s] Level 1:colcon.colcon_core.package_identification:_identify(venv/lib/python3.12/site-packages/setuptools/_vendor/packaging/licenses/__pycache__) by extensions ['python_setup_py']
[0.521s] Level 1:colcon.colcon_core.package_identification:_identify(venv/lib/python3.12/site-packages/setuptools/_vendor/packaging/licenses/__pycache__) by extension 'python_setup_py'
[0.521s] Level 1:colcon.colcon_core.package_identification:_identify(venv/lib/python3.12/site-packages/setuptools/_vendor/packaging-26.0.dist-info) by extensions ['ignore', 'ignore_ament_install']
[0.521s] Level 1:colcon.colcon_core.package_identification:_identify(venv/lib/python3.12/site-packages/setuptools/_vendor/packaging-26.0.dist-info) by extension 'ignore'
[0.521s] Level 1:colcon.colcon_core.package_identification:_identify(venv/lib/python3.12/site-packages/setuptools/_vendor/packaging-26.0.dist-info) by extension 'ignore_ament_install'
[0.521s] Level 1:colcon.colcon_core.package_identification:_identify(venv/lib/python3.12/site-packages/setuptools/_vendor/packaging-26.0.dist-info) by extensions ['colcon_pkg']
[0.521s] Level 1:colcon.colcon_core.package_identification:_identify(venv/lib/python3.12/site-packages/setuptools/_vendor/packaging-26.0.dist-info) by extension 'colcon_pkg'
[0.521s] Level 1:colcon.colcon_core.package_identification:_identify(venv/lib/python3.12/site-packages/setuptools/_vendor/packaging-26.0.dist-info) by extensions ['colcon_meta']
[0.521s] Level 1:colcon.colcon_core.package_identification:_identify(venv/lib/python3.12/site-packages/setuptools/_vendor/packaging-26.0.dist-info) by extension 'colcon_meta'
[0.521s] Level 1:colcon.colcon_core.package_identification:_identify(venv/lib/python3.12/site-packages/setuptools/_vendor/packaging-26.0.dist-info) by extensions ['ros']
[0.521s] Level 1:colcon.colcon_core.package_identification:_identify(venv/lib/python3.12/site-packages/setuptools/_vendor/packaging-26.0.dist-info) by extension 'ros'
[0.522s] Level 1:colcon.colcon_core.package_identification:_identify(venv/lib/python3.12/site-packages/setuptools/_vendor/packaging-26.0.dist-info) by extensions ['cmake', 'python']
[0.522s] Level 1:colcon.colcon_core.package_identification:_identify(venv/lib/python3.12/site-packages/setuptools/_vendor/packaging-26.0.dist-info) by extension 'cmake'
[0.522s] Level 1:colcon.colcon_core.package_identification:_identify(venv/lib/python3.12/site-packages/setuptools/_vendor/packaging-26.0.dist-info) by extension 'python'
[0.522s] Level 1:colcon.colcon_core.package_identification:_identify(venv/lib/python3.12/site-packages/setuptools/_vendor/packaging-26.0.dist-info) by extensions ['python_setup_py']
[0.522s] Level 1:colcon.colcon_core.package_identification:_identify(venv/lib/python3.12/site-packages/setuptools/_vendor/packaging-26.0.dist-info) by extension 'python_setup_py'
[0.522s] Level 1:colcon.colcon_core.package_identification:_identify(venv/lib/python3.12/site-packages/setuptools/_vendor/packaging-26.0.dist-info/licenses) by extensions ['ignore', 'ignore_ament_install']
[0.522s] Level 1:colcon.colcon_core.package_identification:_identify(venv/lib/python3.12/site-packages/setuptools/_vendor/packaging-26.0.dist-info/licenses) by extension 'ignore'
[0.522s] Level 1:colcon.colcon_core.package_identification:_identify(venv/lib/python3.12/site-packages/setuptools/_vendor/packaging-26.0.dist-info/licenses) by extension 'ignore_ament_install'
[0.522s] Level 1:colcon.colcon_core.package_identification:_identify(venv/lib/python3.12/site-packages/setuptools/_vendor/packaging-26.0.dist-info/licenses) by extensions ['colcon_pkg']
[0.522s] Level 1:colcon.colcon_core.package_identification:_identify(venv/lib/python3.12/site-packages/setuptools/_vendor/packaging-26.0.dist-info/licenses) by extension 'colcon_pkg'
[0.522s] Level 1:colcon.colcon_core.package_identification:_identify(venv/lib/python3.12/site-packages/setuptools/_vendor/packaging-26.0.dist-info/licenses) by extensions ['colcon_meta']
[0.522s] Level 1:colcon.colcon_core.package_identification:_identify(venv/lib/python3.12/site-packages/setuptools/_vendor/packaging-26.0.dist-info/licenses) by extension 'colcon_meta'
[0.522s] Level 1:colcon.colcon_core.package_identification:_identify(venv/lib/python3.12/site-packages/setuptools/_vendor/packaging-26.0.dist-info/licenses) by extensions ['ros']
[0.522s] Level 1:colcon.colcon_core.package_identification:_identify(venv/lib/python3.12/site-packages/setuptools/_vendor/packaging-26.0.dist-info/licenses) by extension 'ros'
[0.523s] Level 1:colcon.colcon_core.package_identification:_identify(venv/lib/python3.12/site-packages/setuptools/_vendor/packaging-26.0.dist-info/licenses) by extensions ['cmake', 'python']
[0.523s] Level 1:colcon.colcon_core.package_identification:_identify(venv/lib/python3.12/site-packages/setuptools/_vendor/packaging-26.0.dist-info/licenses) by extension 'cmake'
[0.523s] Level 1:colcon.colcon_core.package_identification:_identify(venv/lib/python3.12/site-packages/setuptools/_vendor/packaging-26.0.dist-info/licenses) by extension 'python'
[0.523s] Level 1:colcon.colcon_core.package_identification:_identify(venv/lib/python3.12/site-packages/setuptools/_vendor/packaging-26.0.dist-info/licenses) by extensions ['python_setup_py']
[0.523s] Level 1:colcon.colcon_core.package_identification:_identify(venv/lib/python3.12/site-packages/setuptools/_vendor/packaging-26.0.dist-info/licenses) by extension 'python_setup_py'
[0.523s] Level 1:colcon.colcon_core.package_identification:_identify(venv/lib/python3.12/site-packages/setuptools/_vendor/platformdirs) by extensions ['ignore', 'ignore_ament_install']
[0.523s] Level 1:colcon.colcon_core.package_identification:_identify(venv/lib/python3.12/site-packages/setuptools/_vendor/platformdirs) by extension 'ignore'
[0.523s] Level 1:colcon.colcon_core.package_identification:_identify(venv/lib/python3.12/site-packages/setuptools/_vendor/platformdirs) by extension 'ignore_ament_install'
[0.523s] Level 1:colcon.colcon_core.package_identification:_identify(venv/lib/python3.12/site-packages/setuptools/_vendor/platformdirs) by extensions ['colcon_pkg']
[0.523s] Level 1:colcon.colcon_core.package_identification:_identify(venv/lib/python3.12/site-packages/setuptools/_vendor/platformdirs) by extension 'colcon_pkg'
[0.523s] Level 1:colcon.colcon_core.package_identification:_identify(venv/lib/python3.12/site-packages/setuptools/_vendor/platformdirs) by extensions ['colcon_meta']
[0.523s] Level 1:colcon.colcon_core.package_identification:_identify(venv/lib/python3.12/site-packages/setuptools/_vendor/platformdirs) by extension 'colcon_meta'
[0.523s] Level 1:colcon.colcon_core.package_identification:_identify(venv/lib/python3.12/site-packages/setuptools/_vendor/platformdirs) by extensions ['ros']
[0.523s] Level 1:colcon.colcon_core.package_identification:_identify(venv/lib/python3.12/site-packages/setuptools/_vendor/platformdirs) by extension 'ros'
[0.524s] Level 1:colcon.colcon_core.package_identification:_identify(venv/lib/python3.12/site-packages/setuptools/_vendor/platformdirs) by extensions ['cmake', 'python']
[0.524s] Level 1:colcon.colcon_core.package_identification:_identify(venv/lib/python3.12/site-packages/setuptools/_vendor/platformdirs) by extension 'cmake'
[0.524s] Level 1:colcon.colcon_core.package_identification:_identify(venv/lib/python3.12/site-packages/setuptools/_vendor/platformdirs) by extension 'python'
[0.524s] Level 1:colcon.colcon_core.package_identification:_identify(venv/lib/python3.12/site-packages/setuptools/_vendor/platformdirs) by extensions ['python_setup_py']
[0.524s] Level 1:colcon.colcon_core.package_identification:_identify(venv/lib/python3.12/site-packages/setuptools/_vendor/platformdirs) by extension 'python_setup_py'
[0.524s] Level 1:colcon.colcon_core.package_identification:_identify(venv/lib/python3.12/site-packages/setuptools/_vendor/platformdirs/__pycache__) by extensions ['ignore', 'ignore_ament_install']
[0.524s] Level 1:colcon.colcon_core.package_identification:_identify(venv/lib/python3.12/site-packages/setuptools/_vendor/platformdirs/__pycache__) by extension 'ignore'
[0.524s] Level 1:colcon.colcon_core.package_identification:_identify(venv/lib/python3.12/site-packages/setuptools/_vendor/platformdirs/__pycache__) by extension 'ignore_ament_install'
[0.524s] Level 1:colcon.colcon_core.package_identification:_identify(venv/lib/python3.12/site-packages/setuptools/_vendor/platformdirs/__pycache__) by extensions ['colcon_pkg']
[0.524s] Level 1:colcon.colcon_core.package_identification:_identify(venv/lib/python3.12/site-packages/setuptools/_vendor/platformdirs/__pycache__) by extension 'colcon_pkg'
[0.524s] Level 1:colcon.colcon_core.package_identification:_identify(venv/lib/python3.12/site-packages/setuptools/_vendor/platformdirs/__pycache__) by extensions ['colcon_meta']
[0.524s] Level 1:colcon.colcon_core.package_identification:_identify(venv/lib/python3.12/site-packages/setuptools/_vendor/platformdirs/__pycache__) by extension 'colcon_meta'
[0.524s] Level 1:colcon.colcon_core.package_identification:_identify(venv/lib/python3.12/site-packages/setuptools/_vendor/platformdirs/__pycache__) by extensions ['ros']
[0.524s] Level 1:colcon.colcon_core.package_identification:_identify(venv/lib/python3.12/site-packages/setuptools/_vendor/platformdirs/__pycache__) by extension 'ros'
[0.525s] Level 1:colcon.colcon_core.package_identification:_identify(venv/lib/python3.12/site-packages/setuptools/_vendor/platformdirs/__pycache__) by extensions ['cmake', 'python']
[0.525s] Level 1:colcon.colcon_core.package_identification:_identify(venv/lib/python3.12/site-packages/setuptools/_vendor/platformdirs/__pycache__) by extension 'cmake'
[0.525s] Level 1:colcon.colcon_core.package_identification:_identify(venv/lib/python3.12/site-packages/setuptools/_vendor/platformdirs/__pycache__) by extension 'python'
[0.525s] Level 1:colcon.colcon_core.package_identification:_identify(venv/lib/python3.12/site-packages/setuptools/_vendor/platformdirs/__pycache__) by extensions ['python_setup_py']
[0.525s] Level 1:colcon.colcon_core.package_identification:_identify(venv/lib/python3.12/site-packages/setuptools/_vendor/platformdirs/__pycache__) by extension 'python_setup_py'
[0.525s] Level 1:colcon.colcon_core.package_identification:_identify(venv/lib/python3.12/site-packages/setuptools/_vendor/platformdirs-4.4.0.dist-info) by extensions ['ignore', 'ignore_ament_install']
[0.525s] Level 1:colcon.colcon_core.package_identification:_identify(venv/lib/python3.12/site-packages/setuptools/_vendor/platformdirs-4.4.0.dist-info) by extension 'ignore'
[0.525s] Level 1:colcon.colcon_core.package_identification:_identify(venv/lib/python3.12/site-packages/setuptools/_vendor/platformdirs-4.4.0.dist-info) by extension 'ignore_ament_install'
[0.525s] Level 1:colcon.colcon_core.package_identification:_identify(venv/lib/python3.12/site-packages/setuptools/_vendor/platformdirs-4.4.0.dist-info) by extensions ['colcon_pkg']
[0.525s] Level 1:colcon.colcon_core.package_identification:_identify(venv/lib/python3.12/site-packages/setuptools/_vendor/platformdirs-4.4.0.dist-info) by extension 'colcon_pkg'
[0.525s] Level 1:colcon.colcon_core.package_identification:_identify(venv/lib/python3.12/site-packages/setuptools/_vendor/platformdirs-4.4.0.dist-info) by extensions ['colcon_meta']
[0.525s] Level 1:colcon.colcon_core.package_identification:_identify(venv/lib/python3.12/site-packages/setuptools/_vendor/platformdirs-4.4.0.dist-info) by extension 'colcon_meta'
[0.525s] Level 1:colcon.colcon_core.package_identification:_identify(venv/lib/python3.12/site-packages/setuptools/_vendor/platformdirs-4.4.0.dist-info) by extensions ['ros']
[0.525s] Level 1:colcon.colcon_core.package_identification:_identify(venv/lib/python3.12/site-packages/setuptools/_vendor/platformdirs-4.4.0.dist-info) by extension 'ros'
[0.526s] Level 1:colcon.colcon_core.package_identification:_identify(venv/lib/python3.12/site-packages/setuptools/_vendor/platformdirs-4.4.0.dist-info) by extensions ['cmake', 'python']
[0.526s] Level 1:colcon.colcon_core.package_identification:_identify(venv/lib/python3.12/site-packages/setuptools/_vendor/platformdirs-4.4.0.dist-info) by extension 'cmake'
[0.526s] Level 1:colcon.colcon_core.package_identification:_identify(venv/lib/python3.12/site-packages/setuptools/_vendor/platformdirs-4.4.0.dist-info) by extension 'python'
[0.526s] Level 1:colcon.colcon_core.package_identification:_identify(venv/lib/python3.12/site-packages/setuptools/_vendor/platformdirs-4.4.0.dist-info) by extensions ['python_setup_py']
[0.526s] Level 1:colcon.colcon_core.package_identification:_identify(venv/lib/python3.12/site-packages/setuptools/_vendor/platformdirs-4.4.0.dist-info) by extension 'python_setup_py'
[0.526s] Level 1:colcon.colcon_core.package_identification:_identify(venv/lib/python3.12/site-packages/setuptools/_vendor/platformdirs-4.4.0.dist-info/licenses) by extensions ['ignore', 'ignore_ament_install']
[0.526s] Level 1:colcon.colcon_core.package_identification:_identify(venv/lib/python3.12/site-packages/setuptools/_vendor/platformdirs-4.4.0.dist-info/licenses) by extension 'ignore'
[0.526s] Level 1:colcon.colcon_core.package_identification:_identify(venv/lib/python3.12/site-packages/setuptools/_vendor/platformdirs-4.4.0.dist-info/licenses) by extension 'ignore_ament_install'
[0.526s] Level 1:colcon.colcon_core.package_identification:_identify(venv/lib/python3.12/site-packages/setuptools/_vendor/platformdirs-4.4.0.dist-info/licenses) by extensions ['colcon_pkg']
[0.526s] Level 1:colcon.colcon_core.package_identification:_identify(venv/lib/python3.12/site-packages/setuptools/_vendor/platformdirs-4.4.0.dist-info/licenses) by extension 'colcon_pkg'
[0.526s] Level 1:colcon.colcon_core.package_identification:_identify(venv/lib/python3.12/site-packages/setuptools/_vendor/platformdirs-4.4.0.dist-info/licenses) by extensions ['colcon_meta']
[0.526s] Level 1:colcon.colcon_core.package_identification:_identify(venv/lib/python3.12/site-packages/setuptools/_vendor/platformdirs-4.4.0.dist-info/licenses) by extension 'colcon_meta'
[0.526s] Level 1:colcon.colcon_core.package_identification:_identify(venv/lib/python3.12/site-packages/setuptools/_vendor/platformdirs-4.4.0.dist-info/licenses) by extensions ['ros']
[0.526s] Level 1:colcon.colcon_core.package_identification:_identify(venv/lib/python3.12/site-packages/setuptools/_vendor/platformdirs-4.4.0.dist-info/licenses) by extension 'ros'
[0.527s] Level 1:colcon.colcon_core.package_identification:_identify(venv/lib/python3.12/site-packages/setuptools/_vendor/platformdirs-4.4.0.dist-info/licenses) by extensions ['cmake', 'python']
[0.527s] Level 1:colcon.colcon_core.package_identification:_identify(venv/lib/python3.12/site-packages/setuptools/_vendor/platformdirs-4.4.0.dist-info/licenses) by extension 'cmake'
[0.527s] Level 1:colcon.colcon_core.package_identification:_identify(venv/lib/python3.12/site-packages/setuptools/_vendor/platformdirs-4.4.0.dist-info/licenses) by extension 'python'
[0.527s] Level 1:colcon.colcon_core.package_identification:_identify(venv/lib/python3.12/site-packages/setuptools/_vendor/platformdirs-4.4.0.dist-info/licenses) by extensions ['python_setup_py']
[0.527s] Level 1:colcon.colcon_core.package_identification:_identify(venv/lib/python3.12/site-packages/setuptools/_vendor/platformdirs-4.4.0.dist-info/licenses) by extension 'python_setup_py'
[0.527s] Level 1:colcon.colcon_core.package_identification:_identify(venv/lib/python3.12/site-packages/setuptools/_vendor/tomli) by extensions ['ignore', 'ignore_ament_install']
[0.527s] Level 1:colcon.colcon_core.package_identification:_identify(venv/lib/python3.12/site-packages/setuptools/_vendor/tomli) by extension 'ignore'
[0.527s] Level 1:colcon.colcon_core.package_identification:_identify(venv/lib/python3.12/site-packages/setuptools/_vendor/tomli) by extension 'ignore_ament_install'
[0.527s] Level 1:colcon.colcon_core.package_identification:_identify(venv/lib/python3.12/site-packages/setuptools/_vendor/tomli) by extensions ['colcon_pkg']
[0.527s] Level 1:colcon.colcon_core.package_identification:_identify(venv/lib/python3.12/site-packages/setuptools/_vendor/tomli) by extension 'colcon_pkg'
[0.527s] Level 1:colcon.colcon_core.package_identification:_identify(venv/lib/python3.12/site-packages/setuptools/_vendor/tomli) by extensions ['colcon_meta']
[0.527s] Level 1:colcon.colcon_core.package_identification:_identify(venv/lib/python3.12/site-packages/setuptools/_vendor/tomli) by extension 'colcon_meta'
[0.527s] Level 1:colcon.colcon_core.package_identification:_identify(venv/lib/python3.12/site-packages/setuptools/_vendor/tomli) by extensions ['ros']
[0.527s] Level 1:colcon.colcon_core.package_identification:_identify(venv/lib/python3.12/site-packages/setuptools/_vendor/tomli) by extension 'ros'
[0.528s] Level 1:colcon.colcon_core.package_identification:_identify(venv/lib/python3.12/site-packages/setuptools/_vendor/tomli) by extensions ['cmake', 'python']
[0.528s] Level 1:colcon.colcon_core.package_identification:_identify(venv/lib/python3.12/site-packages/setuptools/_vendor/tomli) by extension 'cmake'
[0.528s] Level 1:colcon.colcon_core.package_identification:_identify(venv/lib/python3.12/site-packages/setuptools/_vendor/tomli) by extension 'python'
[0.528s] Level 1:colcon.colcon_core.package_identification:_identify(venv/lib/python3.12/site-packages/setuptools/_vendor/tomli) by extensions ['python_setup_py']
[0.528s] Level 1:colcon.colcon_core.package_identification:_identify(venv/lib/python3.12/site-packages/setuptools/_vendor/tomli) by extension 'python_setup_py'
[0.528s] Level 1:colcon.colcon_core.package_identification:_identify(venv/lib/python3.12/site-packages/setuptools/_vendor/tomli/__pycache__) by extensions ['ignore', 'ignore_ament_install']
[0.528s] Level 1:colcon.colcon_core.package_identification:_identify(venv/lib/python3.12/site-packages/setuptools/_vendor/tomli/__pycache__) by extension 'ignore'
[0.528s] Level 1:colcon.colcon_core.package_identification:_identify(venv/lib/python3.12/site-packages/setuptools/_vendor/tomli/__pycache__) by extension 'ignore_ament_install'
[0.528s] Level 1:colcon.colcon_core.package_identification:_identify(venv/lib/python3.12/site-packages/setuptools/_vendor/tomli/__pycache__) by extensions ['colcon_pkg']
[0.528s] Level 1:colcon.colcon_core.package_identification:_identify(venv/lib/python3.12/site-packages/setuptools/_vendor/tomli/__pycache__) by extension 'colcon_pkg'
[0.528s] Level 1:colcon.colcon_core.package_identification:_identify(venv/lib/python3.12/site-packages/setuptools/_vendor/tomli/__pycache__) by extensions ['colcon_meta']
[0.528s] Level 1:colcon.colcon_core.package_identification:_identify(venv/lib/python3.12/site-packages/setuptools/_vendor/tomli/__pycache__) by extension 'colcon_meta'
[0.528s] Level 1:colcon.colcon_core.package_identification:_identify(venv/lib/python3.12/site-packages/setuptools/_vendor/tomli/__pycache__) by extensions ['ros']
[0.528s] Level 1:colcon.colcon_core.package_identification:_identify(venv/lib/python3.12/site-packages/setuptools/_vendor/tomli/__pycache__) by extension 'ros'
[0.528s] Level 1:colcon.colcon_core.package_identification:_identify(venv/lib/python3.12/site-packages/setuptools/_vendor/tomli/__pycache__) by extensions ['cmake', 'python']
[0.529s] Level 1:colcon.colcon_core.package_identification:_identify(venv/lib/python3.12/site-packages/setuptools/_vendor/tomli/__pycache__) by extension 'cmake'
[0.529s] Level 1:colcon.colcon_core.package_identification:_identify(venv/lib/python3.12/site-packages/setuptools/_vendor/tomli/__pycache__) by extension 'python'
[0.529s] Level 1:colcon.colcon_core.package_identification:_identify(venv/lib/python3.12/site-packages/setuptools/_vendor/tomli/__pycache__) by extensions ['python_setup_py']
[0.529s] Level 1:colcon.colcon_core.package_identification:_identify(venv/lib/python3.12/site-packages/setuptools/_vendor/tomli/__pycache__) by extension 'python_setup_py'
[0.529s] Level 1:colcon.colcon_core.package_identification:_identify(venv/lib/python3.12/site-packages/setuptools/_vendor/tomli-2.4.0.dist-info) by extensions ['ignore', 'ignore_ament_install']
[0.529s] Level 1:colcon.colcon_core.package_identification:_identify(venv/lib/python3.12/site-packages/setuptools/_vendor/tomli-2.4.0.dist-info) by extension 'ignore'
[0.529s] Level 1:colcon.colcon_core.package_identification:_identify(venv/lib/python3.12/site-packages/setuptools/_vendor/tomli-2.4.0.dist-info) by extension 'ignore_ament_install'
[0.529s] Level 1:colcon.colcon_core.package_identification:_identify(venv/lib/python3.12/site-packages/setuptools/_vendor/tomli-2.4.0.dist-info) by extensions ['colcon_pkg']
[0.529s] Level 1:colcon.colcon_core.package_identification:_identify(venv/lib/python3.12/site-packages/setuptools/_vendor/tomli-2.4.0.dist-info) by extension 'colcon_pkg'
[0.529s] Level 1:colcon.colcon_core.package_identification:_identify(venv/lib/python3.12/site-packages/setuptools/_vendor/tomli-2.4.0.dist-info) by extensions ['colcon_meta']
[0.529s] Level 1:colcon.colcon_core.package_identification:_identify(venv/lib/python3.12/site-packages/setuptools/_vendor/tomli-2.4.0.dist-info) by extension 'colcon_meta'
[0.529s] Level 1:colcon.colcon_core.package_identification:_identify(venv/lib/python3.12/site-packages/setuptools/_vendor/tomli-2.4.0.dist-info) by extensions ['ros']
[0.529s] Level 1:colcon.colcon_core.package_identification:_identify(venv/lib/python3.12/site-packages/setuptools/_vendor/tomli-2.4.0.dist-info) by extension 'ros'
[0.530s] Level 1:colcon.colcon_core.package_identification:_identify(venv/lib/python3.12/site-packages/setuptools/_vendor/tomli-2.4.0.dist-info) by extensions ['cmake', 'python']
[0.530s] Level 1:colcon.colcon_core.package_identification:_identify(venv/lib/python3.12/site-packages/setuptools/_vendor/tomli-2.4.0.dist-info) by extension 'cmake'
[0.530s] Level 1:colcon.colcon_core.package_identification:_identify(venv/lib/python3.12/site-packages/setuptools/_vendor/tomli-2.4.0.dist-info) by extension 'python'
[0.530s] Level 1:colcon.colcon_core.package_identification:_identify(venv/lib/python3.12/site-packages/setuptools/_vendor/tomli-2.4.0.dist-info) by extensions ['python_setup_py']
[0.530s] Level 1:colcon.colcon_core.package_identification:_identify(venv/lib/python3.12/site-packages/setuptools/_vendor/tomli-2.4.0.dist-info) by extension 'python_setup_py'
[0.530s] Level 1:colcon.colcon_core.package_identification:_identify(venv/lib/python3.12/site-packages/setuptools/_vendor/tomli-2.4.0.dist-info/licenses) by extensions ['ignore', 'ignore_ament_install']
[0.530s] Level 1:colcon.colcon_core.package_identification:_identify(venv/lib/python3.12/site-packages/setuptools/_vendor/tomli-2.4.0.dist-info/licenses) by extension 'ignore'
[0.530s] Level 1:colcon.colcon_core.package_identification:_identify(venv/lib/python3.12/site-packages/setuptools/_vendor/tomli-2.4.0.dist-info/licenses) by extension 'ignore_ament_install'
[0.530s] Level 1:colcon.colcon_core.package_identification:_identify(venv/lib/python3.12/site-packages/setuptools/_vendor/tomli-2.4.0.dist-info/licenses) by extensions ['colcon_pkg']
[0.530s] Level 1:colcon.colcon_core.package_identification:_identify(venv/lib/python3.12/site-packages/setuptools/_vendor/tomli-2.4.0.dist-info/licenses) by extension 'colcon_pkg'
[0.530s] Level 1:colcon.colcon_core.package_identification:_identify(venv/lib/python3.12/site-packages/setuptools/_vendor/tomli-2.4.0.dist-info/licenses) by extensions ['colcon_meta']
[0.531s] Level 1:colcon.colcon_core.package_identification:_identify(venv/lib/python3.12/site-packages/setuptools/_vendor/tomli-2.4.0.dist-info/licenses) by extension 'colcon_meta'
[0.531s] Level 1:colcon.colcon_core.package_identification:_identify(venv/lib/python3.12/site-packages/setuptools/_vendor/tomli-2.4.0.dist-info/licenses) by extensions ['ros']
[0.531s] Level 1:colcon.colcon_core.package_identification:_identify(venv/lib/python3.12/site-packages/setuptools/_vendor/tomli-2.4.0.dist-info/licenses) by extension 'ros'
[0.531s] Level 1:colcon.colcon_core.package_identification:_identify(venv/lib/python3.12/site-packages/setuptools/_vendor/tomli-2.4.0.dist-info/licenses) by extensions ['cmake', 'python']
[0.531s] Level 1:colcon.colcon_core.package_identification:_identify(venv/lib/python3.12/site-packages/setuptools/_vendor/tomli-2.4.0.dist-info/licenses) by extension 'cmake'
[0.531s] Level 1:colcon.colcon_core.package_identification:_identify(venv/lib/python3.12/site-packages/setuptools/_vendor/tomli-2.4.0.dist-info/licenses) by extension 'python'
[0.531s] Level 1:colcon.colcon_core.package_identification:_identify(venv/lib/python3.12/site-packages/setuptools/_vendor/tomli-2.4.0.dist-info/licenses) by extensions ['python_setup_py']
[0.531s] Level 1:colcon.colcon_core.package_identification:_identify(venv/lib/python3.12/site-packages/setuptools/_vendor/tomli-2.4.0.dist-info/licenses) by extension 'python_setup_py'
[0.531s] Level 1:colcon.colcon_core.package_identification:_identify(venv/lib/python3.12/site-packages/setuptools/_vendor/wheel) by extensions ['ignore', 'ignore_ament_install']
[0.531s] Level 1:colcon.colcon_core.package_identification:_identify(venv/lib/python3.12/site-packages/setuptools/_vendor/wheel) by extension 'ignore'
[0.531s] Level 1:colcon.colcon_core.package_identification:_identify(venv/lib/python3.12/site-packages/setuptools/_vendor/wheel) by extension 'ignore_ament_install'
[0.531s] Level 1:colcon.colcon_core.package_identification:_identify(venv/lib/python3.12/site-packages/setuptools/_vendor/wheel) by extensions ['colcon_pkg']
[0.531s] Level 1:colcon.colcon_core.package_identification:_identify(venv/lib/python3.12/site-packages/setuptools/_vendor/wheel) by extension 'colcon_pkg'
[0.532s] Level 1:colcon.colcon_core.package_identification:_identify(venv/lib/python3.12/site-packages/setuptools/_vendor/wheel) by extensions ['colcon_meta']
[0.532s] Level 1:colcon.colcon_core.package_identification:_identify(venv/lib/python3.12/site-packages/setuptools/_vendor/wheel) by extension 'colcon_meta'
[0.532s] Level 1:colcon.colcon_core.package_identification:_identify(venv/lib/python3.12/site-packages/setuptools/_vendor/wheel) by extensions ['ros']
[0.532s] Level 1:colcon.colcon_core.package_identification:_identify(venv/lib/python3.12/site-packages/setuptools/_vendor/wheel) by extension 'ros'
[0.532s] Level 1:colcon.colcon_core.package_identification:_identify(venv/lib/python3.12/site-packages/setuptools/_vendor/wheel) by extensions ['cmake', 'python']
[0.532s] Level 1:colcon.colcon_core.package_identification:_identify(venv/lib/python3.12/site-packages/setuptools/_vendor/wheel) by extension 'cmake'
[0.532s] Level 1:colcon.colcon_core.package_identification:_identify(venv/lib/python3.12/site-packages/setuptools/_vendor/wheel) by extension 'python'
[0.532s] Level 1:colcon.colcon_core.package_identification:_identify(venv/lib/python3.12/site-packages/setuptools/_vendor/wheel) by extensions ['python_setup_py']
[0.532s] Level 1:colcon.colcon_core.package_identification:_identify(venv/lib/python3.12/site-packages/setuptools/_vendor/wheel) by extension 'python_setup_py'
[0.532s] Level 1:colcon.colcon_core.package_identification:_identify(venv/lib/python3.12/site-packages/setuptools/_vendor/wheel/__pycache__) by extensions ['ignore', 'ignore_ament_install']
[0.532s] Level 1:colcon.colcon_core.package_identification:_identify(venv/lib/python3.12/site-packages/setuptools/_vendor/wheel/__pycache__) by extension 'ignore'
[0.532s] Level 1:colcon.colcon_core.package_identification:_identify(venv/lib/python3.12/site-packages/setuptools/_vendor/wheel/__pycache__) by extension 'ignore_ament_install'
[0.533s] Level 1:colcon.colcon_core.package_identification:_identify(venv/lib/python3.12/site-packages/setuptools/_vendor/wheel/__pycache__) by extensions ['colcon_pkg']
[0.533s] Level 1:colcon.colcon_core.package_identification:_identify(venv/lib/python3.12/site-packages/setuptools/_vendor/wheel/__pycache__) by extension 'colcon_pkg'
[0.533s] Level 1:colcon.colcon_core.package_identification:_identify(venv/lib/python3.12/site-packages/setuptools/_vendor/wheel/__pycache__) by extensions ['colcon_meta']
[0.533s] Level 1:colcon.colcon_core.package_identification:_identify(venv/lib/python3.12/site-packages/setuptools/_vendor/wheel/__pycache__) by extension 'colcon_meta'
[0.533s] Level 1:colcon.colcon_core.package_identification:_identify(venv/lib/python3.12/site-packages/setuptools/_vendor/wheel/__pycache__) by extensions ['ros']
[0.533s] Level 1:colcon.colcon_core.package_identification:_identify(venv/lib/python3.12/site-packages/setuptools/_vendor/wheel/__pycache__) by extension 'ros'
[0.533s] Level 1:colcon.colcon_core.package_identification:_identify(venv/lib/python3.12/site-packages/setuptools/_vendor/wheel/__pycache__) by extensions ['cmake', 'python']
[0.533s] Level 1:colcon.colcon_core.package_identification:_identify(venv/lib/python3.12/site-packages/setuptools/_vendor/wheel/__pycache__) by extension 'cmake'
[0.533s] Level 1:colcon.colcon_core.package_identification:_identify(venv/lib/python3.12/site-packages/setuptools/_vendor/wheel/__pycache__) by extension 'python'
[0.533s] Level 1:colcon.colcon_core.package_identification:_identify(venv/lib/python3.12/site-packages/setuptools/_vendor/wheel/__pycache__) by extensions ['python_setup_py']
[0.533s] Level 1:colcon.colcon_core.package_identification:_identify(venv/lib/python3.12/site-packages/setuptools/_vendor/wheel/__pycache__) by extension 'python_setup_py'
[0.533s] Level 1:colcon.colcon_core.package_identification:_identify(venv/lib/python3.12/site-packages/setuptools/_vendor/wheel/_commands) by extensions ['ignore', 'ignore_ament_install']
[0.533s] Level 1:colcon.colcon_core.package_identification:_identify(venv/lib/python3.12/site-packages/setuptools/_vendor/wheel/_commands) by extension 'ignore'
[0.534s] Level 1:colcon.colcon_core.package_identification:_identify(venv/lib/python3.12/site-packages/setuptools/_vendor/wheel/_commands) by extension 'ignore_ament_install'
[0.534s] Level 1:colcon.colcon_core.package_identification:_identify(venv/lib/python3.12/site-packages/setuptools/_vendor/wheel/_commands) by extensions ['colcon_pkg']
[0.534s] Level 1:colcon.colcon_core.package_identification:_identify(venv/lib/python3.12/site-packages/setuptools/_vendor/wheel/_commands) by extension 'colcon_pkg'
[0.534s] Level 1:colcon.colcon_core.package_identification:_identify(venv/lib/python3.12/site-packages/setuptools/_vendor/wheel/_commands) by extensions ['colcon_meta']
[0.534s] Level 1:colcon.colcon_core.package_identification:_identify(venv/lib/python3.12/site-packages/setuptools/_vendor/wheel/_commands) by extension 'colcon_meta'
[0.534s] Level 1:colcon.colcon_core.package_identification:_identify(venv/lib/python3.12/site-packages/setuptools/_vendor/wheel/_commands) by extensions ['ros']
[0.534s] Level 1:colcon.colcon_core.package_identification:_identify(venv/lib/python3.12/site-packages/setuptools/_vendor/wheel/_commands) by extension 'ros'
[0.534s] Level 1:colcon.colcon_core.package_identification:_identify(venv/lib/python3.12/site-packages/setuptools/_vendor/wheel/_commands) by extensions ['cmake', 'python']
[0.534s] Level 1:colcon.colcon_core.package_identification:_identify(venv/lib/python3.12/site-packages/setuptools/_vendor/wheel/_commands) by extension 'cmake'
[0.534s] Level 1:colcon.colcon_core.package_identification:_identify(venv/lib/python3.12/site-packages/setuptools/_vendor/wheel/_commands) by extension 'python'
[0.534s] Level 1:colcon.colcon_core.package_identification:_identify(venv/lib/python3.12/site-packages/setuptools/_vendor/wheel/_commands) by extensions ['python_setup_py']
[0.534s] Level 1:colcon.colcon_core.package_identification:_identify(venv/lib/python3.12/site-packages/setuptools/_vendor/wheel/_commands) by extension 'python_setup_py'
[0.534s] Level 1:colcon.colcon_core.package_identification:_identify(venv/lib/python3.12/site-packages/setuptools/_vendor/wheel/_commands/__pycache__) by extensions ['ignore', 'ignore_ament_install']
[0.535s] Level 1:colcon.colcon_core.package_identification:_identify(venv/lib/python3.12/site-packages/setuptools/_vendor/wheel/_commands/__pycache__) by extension 'ignore'
[0.535s] Level 1:colcon.colcon_core.package_identification:_identify(venv/lib/python3.12/site-packages/setuptools/_vendor/wheel/_commands/__pycache__) by extension 'ignore_ament_install'
[0.535s] Level 1:colcon.colcon_core.package_identification:_identify(venv/lib/python3.12/site-packages/setuptools/_vendor/wheel/_commands/__pycache__) by extensions ['colcon_pkg']
[0.535s] Level 1:colcon.colcon_core.package_identification:_identify(venv/lib/python3.12/site-packages/setuptools/_vendor/wheel/_commands/__pycache__) by extension 'colcon_pkg'
[0.535s] Level 1:colcon.colcon_core.package_identification:_identify(venv/lib/python3.12/site-packages/setuptools/_vendor/wheel/_commands/__pycache__) by extensions ['colcon_meta']
[0.535s] Level 1:colcon.colcon_core.package_identification:_identify(venv/lib/python3.12/site-packages/setuptools/_vendor/wheel/_commands/__pycache__) by extension 'colcon_meta'
[0.535s] Level 1:colcon.colcon_core.package_identification:_identify(venv/lib/python3.12/site-packages/setuptools/_vendor/wheel/_commands/__pycache__) by extensions ['ros']
[0.535s] Level 1:colcon.colcon_core.package_identification:_identify(venv/lib/python3.12/site-packages/setuptools/_vendor/wheel/_commands/__pycache__) by extension 'ros'
[0.535s] Level 1:colcon.colcon_core.package_identification:_identify(venv/lib/python3.12/site-packages/setuptools/_vendor/wheel/_commands/__pycache__) by extensions ['cmake', 'python']
[0.535s] Level 1:colcon.colcon_core.package_identification:_identify(venv/lib/python3.12/site-packages/setuptools/_vendor/wheel/_commands/__pycache__) by extension 'cmake'
[0.535s] Level 1:colcon.colcon_core.package_identification:_identify(venv/lib/python3.12/site-packages/setuptools/_vendor/wheel/_commands/__pycache__) by extension 'python'
[0.535s] Level 1:colcon.colcon_core.package_identification:_identify(venv/lib/python3.12/site-packages/setuptools/_vendor/wheel/_commands/__pycache__) by extensions ['python_setup_py']
[0.535s] Level 1:colcon.colcon_core.package_identification:_identify(venv/lib/python3.12/site-packages/setuptools/_vendor/wheel/_commands/__pycache__) by extension 'python_setup_py'
[0.536s] Level 1:colcon.colcon_core.package_identification:_identify(venv/lib/python3.12/site-packages/setuptools/_vendor/wheel-0.46.3.dist-info) by extensions ['ignore', 'ignore_ament_install']
[0.536s] Level 1:colcon.colcon_core.package_identification:_identify(venv/lib/python3.12/site-packages/setuptools/_vendor/wheel-0.46.3.dist-info) by extension 'ignore'
[0.536s] Level 1:colcon.colcon_core.package_identification:_identify(venv/lib/python3.12/site-packages/setuptools/_vendor/wheel-0.46.3.dist-info) by extension 'ignore_ament_install'
[0.536s] Level 1:colcon.colcon_core.package_identification:_identify(venv/lib/python3.12/site-packages/setuptools/_vendor/wheel-0.46.3.dist-info) by extensions ['colcon_pkg']
[0.536s] Level 1:colcon.colcon_core.package_identification:_identify(venv/lib/python3.12/site-packages/setuptools/_vendor/wheel-0.46.3.dist-info) by extension 'colcon_pkg'
[0.536s] Level 1:colcon.colcon_core.package_identification:_identify(venv/lib/python3.12/site-packages/setuptools/_vendor/wheel-0.46.3.dist-info) by extensions ['colcon_meta']
[0.536s] Level 1:colcon.colcon_core.package_identification:_identify(venv/lib/python3.12/site-packages/setuptools/_vendor/wheel-0.46.3.dist-info) by extension 'colcon_meta'
[0.536s] Level 1:colcon.colcon_core.package_identification:_identify(venv/lib/python3.12/site-packages/setuptools/_vendor/wheel-0.46.3.dist-info) by extensions ['ros']
[0.536s] Level 1:colcon.colcon_core.package_identification:_identify(venv/lib/python3.12/site-packages/setuptools/_vendor/wheel-0.46.3.dist-info) by extension 'ros'
[0.536s] Level 1:colcon.colcon_core.package_identification:_identify(venv/lib/python3.12/site-packages/setuptools/_vendor/wheel-0.46.3.dist-info) by extensions ['cmake', 'python']
[0.536s] Level 1:colcon.colcon_core.package_identification:_identify(venv/lib/python3.12/site-packages/setuptools/_vendor/wheel-0.46.3.dist-info) by extension 'cmake'
[0.537s] Level 1:colcon.colcon_core.package_identification:_identify(venv/lib/python3.12/site-packages/setuptools/_vendor/wheel-0.46.3.dist-info) by extension 'python'
[0.537s] Level 1:colcon.colcon_core.package_identification:_identify(venv/lib/python3.12/site-packages/setuptools/_vendor/wheel-0.46.3.dist-info) by extensions ['python_setup_py']
[0.537s] Level 1:colcon.colcon_core.package_identification:_identify(venv/lib/python3.12/site-packages/setuptools/_vendor/wheel-0.46.3.dist-info) by extension 'python_setup_py'
[0.537s] Level 1:colcon.colcon_core.package_identification:_identify(venv/lib/python3.12/site-packages/setuptools/_vendor/wheel-0.46.3.dist-info/licenses) by extensions ['ignore', 'ignore_ament_install']
[0.537s] Level 1:colcon.colcon_core.package_identification:_identify(venv/lib/python3.12/site-packages/setuptools/_vendor/wheel-0.46.3.dist-info/licenses) by extension 'ignore'
[0.537s] Level 1:colcon.colcon_core.package_identification:_identify(venv/lib/python3.12/site-packages/setuptools/_vendor/wheel-0.46.3.dist-info/licenses) by extension 'ignore_ament_install'
[0.537s] Level 1:colcon.colcon_core.package_identification:_identify(venv/lib/python3.12/site-packages/setuptools/_vendor/wheel-0.46.3.dist-info/licenses) by extensions ['colcon_pkg']
[0.537s] Level 1:colcon.colcon_core.package_identification:_identify(venv/lib/python3.12/site-packages/setuptools/_vendor/wheel-0.46.3.dist-info/licenses) by extension 'colcon_pkg'
[0.537s] Level 1:colcon.colcon_core.package_identification:_identify(venv/lib/python3.12/site-packages/setuptools/_vendor/wheel-0.46.3.dist-info/licenses) by extensions ['colcon_meta']
[0.537s] Level 1:colcon.colcon_core.package_identification:_identify(venv/lib/python3.12/site-packages/setuptools/_vendor/wheel-0.46.3.dist-info/licenses) by extension 'colcon_meta'
[0.537s] Level 1:colcon.colcon_core.package_identification:_identify(venv/lib/python3.12/site-packages/setuptools/_vendor/wheel-0.46.3.dist-info/licenses) by extensions ['ros']
[0.537s] Level 1:colcon.colcon_core.package_identification:_identify(venv/lib/python3.12/site-packages/setuptools/_vendor/wheel-0.46.3.dist-info/licenses) by extension 'ros'
[0.538s] Level 1:colcon.colcon_core.package_identification:_identify(venv/lib/python3.12/site-packages/setuptools/_vendor/wheel-0.46.3.dist-info/licenses) by extensions ['cmake', 'python']
[0.538s] Level 1:colcon.colcon_core.package_identification:_identify(venv/lib/python3.12/site-packages/setuptools/_vendor/wheel-0.46.3.dist-info/licenses) by extension 'cmake'
[0.538s] Level 1:colcon.colcon_core.package_identification:_identify(venv/lib/python3.12/site-packages/setuptools/_vendor/wheel-0.46.3.dist-info/licenses) by extension 'python'
[0.538s] Level 1:colcon.colcon_core.package_identification:_identify(venv/lib/python3.12/site-packages/setuptools/_vendor/wheel-0.46.3.dist-info/licenses) by extensions ['python_setup_py']
[0.538s] Level 1:colcon.colcon_core.package_identification:_identify(venv/lib/python3.12/site-packages/setuptools/_vendor/wheel-0.46.3.dist-info/licenses) by extension 'python_setup_py'
[0.538s] Level 1:colcon.colcon_core.package_identification:_identify(venv/lib/python3.12/site-packages/setuptools/_vendor/zipp) by extensions ['ignore', 'ignore_ament_install']
[0.538s] Level 1:colcon.colcon_core.package_identification:_identify(venv/lib/python3.12/site-packages/setuptools/_vendor/zipp) by extension 'ignore'
[0.538s] Level 1:colcon.colcon_core.package_identification:_identify(venv/lib/python3.12/site-packages/setuptools/_vendor/zipp) by extension 'ignore_ament_install'
[0.538s] Level 1:colcon.colcon_core.package_identification:_identify(venv/lib/python3.12/site-packages/setuptools/_vendor/zipp) by extensions ['colcon_pkg']
[0.538s] Level 1:colcon.colcon_core.package_identification:_identify(venv/lib/python3.12/site-packages/setuptools/_vendor/zipp) by extension 'colcon_pkg'
[0.538s] Level 1:colcon.colcon_core.package_identification:_identify(venv/lib/python3.12/site-packages/setuptools/_vendor/zipp) by extensions ['colcon_meta']
[0.539s] Level 1:colcon.colcon_core.package_identification:_identify(venv/lib/python3.12/site-packages/setuptools/_vendor/zipp) by extension 'colcon_meta'
[0.539s] Level 1:colcon.colcon_core.package_identification:_identify(venv/lib/python3.12/site-packages/setuptools/_vendor/zipp) by extensions ['ros']
[0.539s] Level 1:colcon.colcon_core.package_identification:_identify(venv/lib/python3.12/site-packages/setuptools/_vendor/zipp) by extension 'ros'
[0.539s] Level 1:colcon.colcon_core.package_identification:_identify(venv/lib/python3.12/site-packages/setuptools/_vendor/zipp) by extensions ['cmake', 'python']
[0.539s] Level 1:colcon.colcon_core.package_identification:_identify(venv/lib/python3.12/site-packages/setuptools/_vendor/zipp) by extension 'cmake'
[0.539s] Level 1:colcon.colcon_core.package_identification:_identify(venv/lib/python3.12/site-packages/setuptools/_vendor/zipp) by extension 'python'
[0.539s] Level 1:colcon.colcon_core.package_identification:_identify(venv/lib/python3.12/site-packages/setuptools/_vendor/zipp) by extensions ['python_setup_py']
[0.539s] Level 1:colcon.colcon_core.package_identification:_identify(venv/lib/python3.12/site-packages/setuptools/_vendor/zipp) by extension 'python_setup_py'
[0.539s] Level 1:colcon.colcon_core.package_identification:_identify(venv/lib/python3.12/site-packages/setuptools/_vendor/zipp/__pycache__) by extensions ['ignore', 'ignore_ament_install']
[0.539s] Level 1:colcon.colcon_core.package_identification:_identify(venv/lib/python3.12/site-packages/setuptools/_vendor/zipp/__pycache__) by extension 'ignore'
[0.539s] Level 1:colcon.colcon_core.package_identification:_identify(venv/lib/python3.12/site-packages/setuptools/_vendor/zipp/__pycache__) by extension 'ignore_ament_install'
[0.540s] Level 1:colcon.colcon_core.package_identification:_identify(venv/lib/python3.12/site-packages/setuptools/_vendor/zipp/__pycache__) by extensions ['colcon_pkg']
[0.540s] Level 1:colcon.colcon_core.package_identification:_identify(venv/lib/python3.12/site-packages/setuptools/_vendor/zipp/__pycache__) by extension 'colcon_pkg'
[0.540s] Level 1:colcon.colcon_core.package_identification:_identify(venv/lib/python3.12/site-packages/setuptools/_vendor/zipp/__pycache__) by extensions ['colcon_meta']
[0.540s] Level 1:colcon.colcon_core.package_identification:_identify(venv/lib/python3.12/site-packages/setuptools/_vendor/zipp/__pycache__) by extension 'colcon_meta'
[0.540s] Level 1:colcon.colcon_core.package_identification:_identify(venv/lib/python3.12/site-packages/setuptools/_vendor/zipp/__pycache__) by extensions ['ros']
[0.540s] Level 1:colcon.colcon_core.package_identification:_identify(venv/lib/python3.12/site-packages/setuptools/_vendor/zipp/__pycache__) by extension 'ros'
[0.540s] Level 1:colcon.colcon_core.package_identification:_identify(venv/lib/python3.12/site-packages/setuptools/_vendor/zipp/__pycache__) by extensions ['cmake', 'python']
[0.540s] Level 1:colcon.colcon_core.package_identification:_identify(venv/lib/python3.12/site-packages/setuptools/_vendor/zipp/__pycache__) by extension 'cmake'
[0.540s] Level 1:colcon.colcon_core.package_identification:_identify(venv/lib/python3.12/site-packages/setuptools/_vendor/zipp/__pycache__) by extension 'python'
[0.540s] Level 1:colcon.colcon_core.package_identification:_identify(venv/lib/python3.12/site-packages/setuptools/_vendor/zipp/__pycache__) by extensions ['python_setup_py']
[0.540s] Level 1:colcon.colcon_core.package_identification:_identify(venv/lib/python3.12/site-packages/setuptools/_vendor/zipp/__pycache__) by extension 'python_setup_py'
[0.540s] Level 1:colcon.colcon_core.package_identification:_identify(venv/lib/python3.12/site-packages/setuptools/_vendor/zipp/compat) by extensions ['ignore', 'ignore_ament_install']
[0.540s] Level 1:colcon.colcon_core.package_identification:_identify(venv/lib/python3.12/site-packages/setuptools/_vendor/zipp/compat) by extension 'ignore'
[0.541s] Level 1:colcon.colcon_core.package_identification:_identify(venv/lib/python3.12/site-packages/setuptools/_vendor/zipp/compat) by extension 'ignore_ament_install'
[0.541s] Level 1:colcon.colcon_core.package_identification:_identify(venv/lib/python3.12/site-packages/setuptools/_vendor/zipp/compat) by extensions ['colcon_pkg']
[0.541s] Level 1:colcon.colcon_core.package_identification:_identify(venv/lib/python3.12/site-packages/setuptools/_vendor/zipp/compat) by extension 'colcon_pkg'
[0.541s] Level 1:colcon.colcon_core.package_identification:_identify(venv/lib/python3.12/site-packages/setuptools/_vendor/zipp/compat) by extensions ['colcon_meta']
[0.541s] Level 1:colcon.colcon_core.package_identification:_identify(venv/lib/python3.12/site-packages/setuptools/_vendor/zipp/compat) by extension 'colcon_meta'
[0.541s] Level 1:colcon.colcon_core.package_identification:_identify(venv/lib/python3.12/site-packages/setuptools/_vendor/zipp/compat) by extensions ['ros']
[0.541s] Level 1:colcon.colcon_core.package_identification:_identify(venv/lib/python3.12/site-packages/setuptools/_vendor/zipp/compat) by extension 'ros'
[0.541s] Level 1:colcon.colcon_core.package_identification:_identify(venv/lib/python3.12/site-packages/setuptools/_vendor/zipp/compat) by extensions ['cmake', 'python']
[0.541s] Level 1:colcon.colcon_core.package_identification:_identify(venv/lib/python3.12/site-packages/setuptools/_vendor/zipp/compat) by extension 'cmake'
[0.541s] Level 1:colcon.colcon_core.package_identification:_identify(venv/lib/python3.12/site-packages/setuptools/_vendor/zipp/compat) by extension 'python'
[0.541s] Level 1:colcon.colcon_core.package_identification:_identify(venv/lib/python3.12/site-packages/setuptools/_vendor/zipp/compat) by extensions ['python_setup_py']
[0.541s] Level 1:colcon.colcon_core.package_identification:_identify(venv/lib/python3.12/site-packages/setuptools/_vendor/zipp/compat) by extension 'python_setup_py'
[0.542s] Level 1:colcon.colcon_core.package_identification:_identify(venv/lib/python3.12/site-packages/setuptools/_vendor/zipp/compat/__pycache__) by extensions ['ignore', 'ignore_ament_install']
[0.542s] Level 1:colcon.colcon_core.package_identification:_identify(venv/lib/python3.12/site-packages/setuptools/_vendor/zipp/compat/__pycache__) by extension 'ignore'
[0.542s] Level 1:colcon.colcon_core.package_identification:_identify(venv/lib/python3.12/site-packages/setuptools/_vendor/zipp/compat/__pycache__) by extension 'ignore_ament_install'
[0.542s] Level 1:colcon.colcon_core.package_identification:_identify(venv/lib/python3.12/site-packages/setuptools/_vendor/zipp/compat/__pycache__) by extensions ['colcon_pkg']
[0.542s] Level 1:colcon.colcon_core.package_identification:_identify(venv/lib/python3.12/site-packages/setuptools/_vendor/zipp/compat/__pycache__) by extension 'colcon_pkg'
[0.542s] Level 1:colcon.colcon_core.package_identification:_identify(venv/lib/python3.12/site-packages/setuptools/_vendor/zipp/compat/__pycache__) by extensions ['colcon_meta']
[0.542s] Level 1:colcon.colcon_core.package_identification:_identify(venv/lib/python3.12/site-packages/setuptools/_vendor/zipp/compat/__pycache__) by extension 'colcon_meta'
[0.542s] Level 1:colcon.colcon_core.package_identification:_identify(venv/lib/python3.12/site-packages/setuptools/_vendor/zipp/compat/__pycache__) by extensions ['ros']
[0.542s] Level 1:colcon.colcon_core.package_identification:_identify(venv/lib/python3.12/site-packages/setuptools/_vendor/zipp/compat/__pycache__) by extension 'ros'
[0.542s] Level 1:colcon.colcon_core.package_identification:_identify(venv/lib/python3.12/site-packages/setuptools/_vendor/zipp/compat/__pycache__) by extensions ['cmake', 'python']
[0.542s] Level 1:colcon.colcon_core.package_identification:_identify(venv/lib/python3.12/site-packages/setuptools/_vendor/zipp/compat/__pycache__) by extension 'cmake'
[0.542s] Level 1:colcon.colcon_core.package_identification:_identify(venv/lib/python3.12/site-packages/setuptools/_vendor/zipp/compat/__pycache__) by extension 'python'
[0.542s] Level 1:colcon.colcon_core.package_identification:_identify(venv/lib/python3.12/site-packages/setuptools/_vendor/zipp/compat/__pycache__) by extensions ['python_setup_py']
[0.543s] Level 1:colcon.colcon_core.package_identification:_identify(venv/lib/python3.12/site-packages/setuptools/_vendor/zipp/compat/__pycache__) by extension 'python_setup_py'
[0.543s] Level 1:colcon.colcon_core.package_identification:_identify(venv/lib/python3.12/site-packages/setuptools/_vendor/zipp-3.23.0.dist-info) by extensions ['ignore', 'ignore_ament_install']
[0.543s] Level 1:colcon.colcon_core.package_identification:_identify(venv/lib/python3.12/site-packages/setuptools/_vendor/zipp-3.23.0.dist-info) by extension 'ignore'
[0.543s] Level 1:colcon.colcon_core.package_identification:_identify(venv/lib/python3.12/site-packages/setuptools/_vendor/zipp-3.23.0.dist-info) by extension 'ignore_ament_install'
[0.543s] Level 1:colcon.colcon_core.package_identification:_identify(venv/lib/python3.12/site-packages/setuptools/_vendor/zipp-3.23.0.dist-info) by extensions ['colcon_pkg']
[0.543s] Level 1:colcon.colcon_core.package_identification:_identify(venv/lib/python3.12/site-packages/setuptools/_vendor/zipp-3.23.0.dist-info) by extension 'colcon_pkg'
[0.543s] Level 1:colcon.colcon_core.package_identification:_identify(venv/lib/python3.12/site-packages/setuptools/_vendor/zipp-3.23.0.dist-info) by extensions ['colcon_meta']
[0.543s] Level 1:colcon.colcon_core.package_identification:_identify(venv/lib/python3.12/site-packages/setuptools/_vendor/zipp-3.23.0.dist-info) by extension 'colcon_meta'
[0.543s] Level 1:colcon.colcon_core.package_identification:_identify(venv/lib/python3.12/site-packages/setuptools/_vendor/zipp-3.23.0.dist-info) by extensions ['ros']
[0.543s] Level 1:colcon.colcon_core.package_identification:_identify(venv/lib/python3.12/site-packages/setuptools/_vendor/zipp-3.23.0.dist-info) by extension 'ros'
[0.544s] Level 1:colcon.colcon_core.package_identification:_identify(venv/lib/python3.12/site-packages/setuptools/_vendor/zipp-3.23.0.dist-info) by extensions ['cmake', 'python']
[0.544s] Level 1:colcon.colcon_core.package_identification:_identify(venv/lib/python3.12/site-packages/setuptools/_vendor/zipp-3.23.0.dist-info) by extension 'cmake'
[0.544s] Level 1:colcon.colcon_core.package_identification:_identify(venv/lib/python3.12/site-packages/setuptools/_vendor/zipp-3.23.0.dist-info) by extension 'python'
[0.544s] Level 1:colcon.colcon_core.package_identification:_identify(venv/lib/python3.12/site-packages/setuptools/_vendor/zipp-3.23.0.dist-info) by extensions ['python_setup_py']
[0.544s] Level 1:colcon.colcon_core.package_identification:_identify(venv/lib/python3.12/site-packages/setuptools/_vendor/zipp-3.23.0.dist-info) by extension 'python_setup_py'
[0.544s] Level 1:colcon.colcon_core.package_identification:_identify(venv/lib/python3.12/site-packages/setuptools/_vendor/zipp-3.23.0.dist-info/licenses) by extensions ['ignore', 'ignore_ament_install']
[0.544s] Level 1:colcon.colcon_core.package_identification:_identify(venv/lib/python3.12/site-packages/setuptools/_vendor/zipp-3.23.0.dist-info/licenses) by extension 'ignore'
[0.544s] Level 1:colcon.colcon_core.package_identification:_identify(venv/lib/python3.12/site-packages/setuptools/_vendor/zipp-3.23.0.dist-info/licenses) by extension 'ignore_ament_install'
[0.544s] Level 1:colcon.colcon_core.package_identification:_identify(venv/lib/python3.12/site-packages/setuptools/_vendor/zipp-3.23.0.dist-info/licenses) by extensions ['colcon_pkg']
[0.544s] Level 1:colcon.colcon_core.package_identification:_identify(venv/lib/python3.12/site-packages/setuptools/_vendor/zipp-3.23.0.dist-info/licenses) by extension 'colcon_pkg'
[0.544s] Level 1:colcon.colcon_core.package_identification:_identify(venv/lib/python3.12/site-packages/setuptools/_vendor/zipp-3.23.0.dist-info/licenses) by extensions ['colcon_meta']
[0.544s] Level 1:colcon.colcon_core.package_identification:_identify(venv/lib/python3.12/site-packages/setuptools/_vendor/zipp-3.23.0.dist-info/licenses) by extension 'colcon_meta'
[0.545s] Level 1:colcon.colcon_core.package_identification:_identify(venv/lib/python3.12/site-packages/setuptools/_vendor/zipp-3.23.0.dist-info/licenses) by extensions ['ros']
[0.545s] Level 1:colcon.colcon_core.package_identification:_identify(venv/lib/python3.12/site-packages/setuptools/_vendor/zipp-3.23.0.dist-info/licenses) by extension 'ros'
[0.545s] Level 1:colcon.colcon_core.package_identification:_identify(venv/lib/python3.12/site-packages/setuptools/_vendor/zipp-3.23.0.dist-info/licenses) by extensions ['cmake', 'python']
[0.545s] Level 1:colcon.colcon_core.package_identification:_identify(venv/lib/python3.12/site-packages/setuptools/_vendor/zipp-3.23.0.dist-info/licenses) by extension 'cmake'
[0.545s] Level 1:colcon.colcon_core.package_identification:_identify(venv/lib/python3.12/site-packages/setuptools/_vendor/zipp-3.23.0.dist-info/licenses) by extension 'python'
[0.545s] Level 1:colcon.colcon_core.package_identification:_identify(venv/lib/python3.12/site-packages/setuptools/_vendor/zipp-3.23.0.dist-info/licenses) by extensions ['python_setup_py']
[0.545s] Level 1:colcon.colcon_core.package_identification:_identify(venv/lib/python3.12/site-packages/setuptools/_vendor/zipp-3.23.0.dist-info/licenses) by extension 'python_setup_py'
[0.545s] Level 1:colcon.colcon_core.package_identification:_identify(venv/lib/python3.12/site-packages/setuptools/command) by extensions ['ignore', 'ignore_ament_install']
[0.545s] Level 1:colcon.colcon_core.package_identification:_identify(venv/lib/python3.12/site-packages/setuptools/command) by extension 'ignore'
[0.545s] Level 1:colcon.colcon_core.package_identification:_identify(venv/lib/python3.12/site-packages/setuptools/command) by extension 'ignore_ament_install'
[0.545s] Level 1:colcon.colcon_core.package_identification:_identify(venv/lib/python3.12/site-packages/setuptools/command) by extensions ['colcon_pkg']
[0.546s] Level 1:colcon.colcon_core.package_identification:_identify(venv/lib/python3.12/site-packages/setuptools/command) by extension 'colcon_pkg'
[0.546s] Level 1:colcon.colcon_core.package_identification:_identify(venv/lib/python3.12/site-packages/setuptools/command) by extensions ['colcon_meta']
[0.546s] Level 1:colcon.colcon_core.package_identification:_identify(venv/lib/python3.12/site-packages/setuptools/command) by extension 'colcon_meta'
[0.546s] Level 1:colcon.colcon_core.package_identification:_identify(venv/lib/python3.12/site-packages/setuptools/command) by extensions ['ros']
[0.546s] Level 1:colcon.colcon_core.package_identification:_identify(venv/lib/python3.12/site-packages/setuptools/command) by extension 'ros'
[0.546s] Level 1:colcon.colcon_core.package_identification:_identify(venv/lib/python3.12/site-packages/setuptools/command) by extensions ['cmake', 'python']
[0.546s] Level 1:colcon.colcon_core.package_identification:_identify(venv/lib/python3.12/site-packages/setuptools/command) by extension 'cmake'
[0.546s] Level 1:colcon.colcon_core.package_identification:_identify(venv/lib/python3.12/site-packages/setuptools/command) by extension 'python'
[0.546s] Level 1:colcon.colcon_core.package_identification:_identify(venv/lib/python3.12/site-packages/setuptools/command) by extensions ['python_setup_py']
[0.546s] Level 1:colcon.colcon_core.package_identification:_identify(venv/lib/python3.12/site-packages/setuptools/command) by extension 'python_setup_py'
[0.546s] Level 1:colcon.colcon_core.package_identification:_identify(venv/lib/python3.12/site-packages/setuptools/command/__pycache__) by extensions ['ignore', 'ignore_ament_install']
[0.546s] Level 1:colcon.colcon_core.package_identification:_identify(venv/lib/python3.12/site-packages/setuptools/command/__pycache__) by extension 'ignore'
[0.546s] Level 1:colcon.colcon_core.package_identification:_identify(venv/lib/python3.12/site-packages/setuptools/command/__pycache__) by extension 'ignore_ament_install'
[0.547s] Level 1:colcon.colcon_core.package_identification:_identify(venv/lib/python3.12/site-packages/setuptools/command/__pycache__) by extensions ['colcon_pkg']
[0.547s] Level 1:colcon.colcon_core.package_identification:_identify(venv/lib/python3.12/site-packages/setuptools/command/__pycache__) by extension 'colcon_pkg'
[0.547s] Level 1:colcon.colcon_core.package_identification:_identify(venv/lib/python3.12/site-packages/setuptools/command/__pycache__) by extensions ['colcon_meta']
[0.547s] Level 1:colcon.colcon_core.package_identification:_identify(venv/lib/python3.12/site-packages/setuptools/command/__pycache__) by extension 'colcon_meta'
[0.547s] Level 1:colcon.colcon_core.package_identification:_identify(venv/lib/python3.12/site-packages/setuptools/command/__pycache__) by extensions ['ros']
[0.547s] Level 1:colcon.colcon_core.package_identification:_identify(venv/lib/python3.12/site-packages/setuptools/command/__pycache__) by extension 'ros'
[0.547s] Level 1:colcon.colcon_core.package_identification:_identify(venv/lib/python3.12/site-packages/setuptools/command/__pycache__) by extensions ['cmake', 'python']
[0.547s] Level 1:colcon.colcon_core.package_identification:_identify(venv/lib/python3.12/site-packages/setuptools/command/__pycache__) by extension 'cmake'
[0.547s] Level 1:colcon.colcon_core.package_identification:_identify(venv/lib/python3.12/site-packages/setuptools/command/__pycache__) by extension 'python'
[0.547s] Level 1:colcon.colcon_core.package_identification:_identify(venv/lib/python3.12/site-packages/setuptools/command/__pycache__) by extensions ['python_setup_py']
[0.547s] Level 1:colcon.colcon_core.package_identification:_identify(venv/lib/python3.12/site-packages/setuptools/command/__pycache__) by extension 'python_setup_py'
[0.547s] Level 1:colcon.colcon_core.package_identification:_identify(venv/lib/python3.12/site-packages/setuptools/compat) by extensions ['ignore', 'ignore_ament_install']
[0.547s] Level 1:colcon.colcon_core.package_identification:_identify(venv/lib/python3.12/site-packages/setuptools/compat) by extension 'ignore'
[0.548s] Level 1:colcon.colcon_core.package_identification:_identify(venv/lib/python3.12/site-packages/setuptools/compat) by extension 'ignore_ament_install'
[0.548s] Level 1:colcon.colcon_core.package_identification:_identify(venv/lib/python3.12/site-packages/setuptools/compat) by extensions ['colcon_pkg']
[0.548s] Level 1:colcon.colcon_core.package_identification:_identify(venv/lib/python3.12/site-packages/setuptools/compat) by extension 'colcon_pkg'
[0.548s] Level 1:colcon.colcon_core.package_identification:_identify(venv/lib/python3.12/site-packages/setuptools/compat) by extensions ['colcon_meta']
[0.548s] Level 1:colcon.colcon_core.package_identification:_identify(venv/lib/python3.12/site-packages/setuptools/compat) by extension 'colcon_meta'
[0.548s] Level 1:colcon.colcon_core.package_identification:_identify(venv/lib/python3.12/site-packages/setuptools/compat) by extensions ['ros']
[0.548s] Level 1:colcon.colcon_core.package_identification:_identify(venv/lib/python3.12/site-packages/setuptools/compat) by extension 'ros'
[0.548s] Level 1:colcon.colcon_core.package_identification:_identify(venv/lib/python3.12/site-packages/setuptools/compat) by extensions ['cmake', 'python']
[0.548s] Level 1:colcon.colcon_core.package_identification:_identify(venv/lib/python3.12/site-packages/setuptools/compat) by extension 'cmake'
[0.548s] Level 1:colcon.colcon_core.package_identification:_identify(venv/lib/python3.12/site-packages/setuptools/compat) by extension 'python'
[0.548s] Level 1:colcon.colcon_core.package_identification:_identify(venv/lib/python3.12/site-packages/setuptools/compat) by extensions ['python_setup_py']
[0.548s] Level 1:colcon.colcon_core.package_identification:_identify(venv/lib/python3.12/site-packages/setuptools/compat) by extension 'python_setup_py'
[0.548s] Level 1:colcon.colcon_core.package_identification:_identify(venv/lib/python3.12/site-packages/setuptools/compat/__pycache__) by extensions ['ignore', 'ignore_ament_install']
[0.548s] Level 1:colcon.colcon_core.package_identification:_identify(venv/lib/python3.12/site-packages/setuptools/compat/__pycache__) by extension 'ignore'
[0.549s] Level 1:colcon.colcon_core.package_identification:_identify(venv/lib/python3.12/site-packages/setuptools/compat/__pycache__) by extension 'ignore_ament_install'
[0.549s] Level 1:colcon.colcon_core.package_identification:_identify(venv/lib/python3.12/site-packages/setuptools/compat/__pycache__) by extensions ['colcon_pkg']
[0.549s] Level 1:colcon.colcon_core.package_identification:_identify(venv/lib/python3.12/site-packages/setuptools/compat/__pycache__) by extension 'colcon_pkg'
[0.549s] Level 1:colcon.colcon_core.package_identification:_identify(venv/lib/python3.12/site-packages/setuptools/compat/__pycache__) by extensions ['colcon_meta']
[0.549s] Level 1:colcon.colcon_core.package_identification:_identify(venv/lib/python3.12/site-packages/setuptools/compat/__pycache__) by extension 'colcon_meta'
[0.549s] Level 1:colcon.colcon_core.package_identification:_identify(venv/lib/python3.12/site-packages/setuptools/compat/__pycache__) by extensions ['ros']
[0.549s] Level 1:colcon.colcon_core.package_identification:_identify(venv/lib/python3.12/site-packages/setuptools/compat/__pycache__) by extension 'ros'
[0.549s] Level 1:colcon.colcon_core.package_identification:_identify(venv/lib/python3.12/site-packages/setuptools/compat/__pycache__) by extensions ['cmake', 'python']
[0.549s] Level 1:colcon.colcon_core.package_identification:_identify(venv/lib/python3.12/site-packages/setuptools/compat/__pycache__) by extension 'cmake'
[0.549s] Level 1:colcon.colcon_core.package_identification:_identify(venv/lib/python3.12/site-packages/setuptools/compat/__pycache__) by extension 'python'
[0.549s] Level 1:colcon.colcon_core.package_identification:_identify(venv/lib/python3.12/site-packages/setuptools/compat/__pycache__) by extensions ['python_setup_py']
[0.549s] Level 1:colcon.colcon_core.package_identification:_identify(venv/lib/python3.12/site-packages/setuptools/compat/__pycache__) by extension 'python_setup_py'
[0.549s] Level 1:colcon.colcon_core.package_identification:_identify(venv/lib/python3.12/site-packages/setuptools/config) by extensions ['ignore', 'ignore_ament_install']
[0.550s] Level 1:colcon.colcon_core.package_identification:_identify(venv/lib/python3.12/site-packages/setuptools/config) by extension 'ignore'
[0.550s] Level 1:colcon.colcon_core.package_identification:_identify(venv/lib/python3.12/site-packages/setuptools/config) by extension 'ignore_ament_install'
[0.550s] Level 1:colcon.colcon_core.package_identification:_identify(venv/lib/python3.12/site-packages/setuptools/config) by extensions ['colcon_pkg']
[0.550s] Level 1:colcon.colcon_core.package_identification:_identify(venv/lib/python3.12/site-packages/setuptools/config) by extension 'colcon_pkg'
[0.550s] Level 1:colcon.colcon_core.package_identification:_identify(venv/lib/python3.12/site-packages/setuptools/config) by extensions ['colcon_meta']
[0.550s] Level 1:colcon.colcon_core.package_identification:_identify(venv/lib/python3.12/site-packages/setuptools/config) by extension 'colcon_meta'
[0.550s] Level 1:colcon.colcon_core.package_identification:_identify(venv/lib/python3.12/site-packages/setuptools/config) by extensions ['ros']
[0.550s] Level 1:colcon.colcon_core.package_identification:_identify(venv/lib/python3.12/site-packages/setuptools/config) by extension 'ros'
[0.550s] Level 1:colcon.colcon_core.package_identification:_identify(venv/lib/python3.12/site-packages/setuptools/config) by extensions ['cmake', 'python']
[0.550s] Level 1:colcon.colcon_core.package_identification:_identify(venv/lib/python3.12/site-packages/setuptools/config) by extension 'cmake'
[0.550s] Level 1:colcon.colcon_core.package_identification:_identify(venv/lib/python3.12/site-packages/setuptools/config) by extension 'python'
[0.550s] Level 1:colcon.colcon_core.package_identification:_identify(venv/lib/python3.12/site-packages/setuptools/config) by extensions ['python_setup_py']
[0.550s] Level 1:colcon.colcon_core.package_identification:_identify(venv/lib/python3.12/site-packages/setuptools/config) by extension 'python_setup_py'
[0.551s] Level 1:colcon.colcon_core.package_identification:_identify(venv/lib/python3.12/site-packages/setuptools/config/__pycache__) by extensions ['ignore', 'ignore_ament_install']
[0.551s] Level 1:colcon.colcon_core.package_identification:_identify(venv/lib/python3.12/site-packages/setuptools/config/__pycache__) by extension 'ignore'
[0.551s] Level 1:colcon.colcon_core.package_identification:_identify(venv/lib/python3.12/site-packages/setuptools/config/__pycache__) by extension 'ignore_ament_install'
[0.551s] Level 1:colcon.colcon_core.package_identification:_identify(venv/lib/python3.12/site-packages/setuptools/config/__pycache__) by extensions ['colcon_pkg']
[0.551s] Level 1:colcon.colcon_core.package_identification:_identify(venv/lib/python3.12/site-packages/setuptools/config/__pycache__) by extension 'colcon_pkg'
[0.551s] Level 1:colcon.colcon_core.package_identification:_identify(venv/lib/python3.12/site-packages/setuptools/config/__pycache__) by extensions ['colcon_meta']
[0.551s] Level 1:colcon.colcon_core.package_identification:_identify(venv/lib/python3.12/site-packages/setuptools/config/__pycache__) by extension 'colcon_meta'
[0.551s] Level 1:colcon.colcon_core.package_identification:_identify(venv/lib/python3.12/site-packages/setuptools/config/__pycache__) by extensions ['ros']
[0.551s] Level 1:colcon.colcon_core.package_identification:_identify(venv/lib/python3.12/site-packages/setuptools/config/__pycache__) by extension 'ros'
[0.551s] Level 1:colcon.colcon_core.package_identification:_identify(venv/lib/python3.12/site-packages/setuptools/config/__pycache__) by extensions ['cmake', 'python']
[0.551s] Level 1:colcon.colcon_core.package_identification:_identify(venv/lib/python3.12/site-packages/setuptools/config/__pycache__) by extension 'cmake'
[0.551s] Level 1:colcon.colcon_core.package_identification:_identify(venv/lib/python3.12/site-packages/setuptools/config/__pycache__) by extension 'python'
[0.551s] Level 1:colcon.colcon_core.package_identification:_identify(venv/lib/python3.12/site-packages/setuptools/config/__pycache__) by extensions ['python_setup_py']
[0.552s] Level 1:colcon.colcon_core.package_identification:_identify(venv/lib/python3.12/site-packages/setuptools/config/__pycache__) by extension 'python_setup_py'
[0.552s] Level 1:colcon.colcon_core.package_identification:_identify(venv/lib/python3.12/site-packages/setuptools/config/_validate_pyproject) by extensions ['ignore', 'ignore_ament_install']
[0.552s] Level 1:colcon.colcon_core.package_identification:_identify(venv/lib/python3.12/site-packages/setuptools/config/_validate_pyproject) by extension 'ignore'
[0.552s] Level 1:colcon.colcon_core.package_identification:_identify(venv/lib/python3.12/site-packages/setuptools/config/_validate_pyproject) by extension 'ignore_ament_install'
[0.552s] Level 1:colcon.colcon_core.package_identification:_identify(venv/lib/python3.12/site-packages/setuptools/config/_validate_pyproject) by extensions ['colcon_pkg']
[0.552s] Level 1:colcon.colcon_core.package_identification:_identify(venv/lib/python3.12/site-packages/setuptools/config/_validate_pyproject) by extension 'colcon_pkg'
[0.552s] Level 1:colcon.colcon_core.package_identification:_identify(venv/lib/python3.12/site-packages/setuptools/config/_validate_pyproject) by extensions ['colcon_meta']
[0.552s] Level 1:colcon.colcon_core.package_identification:_identify(venv/lib/python3.12/site-packages/setuptools/config/_validate_pyproject) by extension 'colcon_meta'
[0.552s] Level 1:colcon.colcon_core.package_identification:_identify(venv/lib/python3.12/site-packages/setuptools/config/_validate_pyproject) by extensions ['ros']
[0.552s] Level 1:colcon.colcon_core.package_identification:_identify(venv/lib/python3.12/site-packages/setuptools/config/_validate_pyproject) by extension 'ros'
[0.552s] Level 1:colcon.colcon_core.package_identification:_identify(venv/lib/python3.12/site-packages/setuptools/config/_validate_pyproject) by extensions ['cmake', 'python']
[0.552s] Level 1:colcon.colcon_core.package_identification:_identify(venv/lib/python3.12/site-packages/setuptools/config/_validate_pyproject) by extension 'cmake'
[0.553s] Level 1:colcon.colcon_core.package_identification:_identify(venv/lib/python3.12/site-packages/setuptools/config/_validate_pyproject) by extension 'python'
[0.553s] Level 1:colcon.colcon_core.package_identification:_identify(venv/lib/python3.12/site-packages/setuptools/config/_validate_pyproject) by extensions ['python_setup_py']
[0.553s] Level 1:colcon.colcon_core.package_identification:_identify(venv/lib/python3.12/site-packages/setuptools/config/_validate_pyproject) by extension 'python_setup_py'
[0.553s] Level 1:colcon.colcon_core.package_identification:_identify(venv/lib/python3.12/site-packages/setuptools/config/_validate_pyproject/__pycache__) by extensions ['ignore', 'ignore_ament_install']
[0.553s] Level 1:colcon.colcon_core.package_identification:_identify(venv/lib/python3.12/site-packages/setuptools/config/_validate_pyproject/__pycache__) by extension 'ignore'
[0.553s] Level 1:colcon.colcon_core.package_identification:_identify(venv/lib/python3.12/site-packages/setuptools/config/_validate_pyproject/__pycache__) by extension 'ignore_ament_install'
[0.553s] Level 1:colcon.colcon_core.package_identification:_identify(venv/lib/python3.12/site-packages/setuptools/config/_validate_pyproject/__pycache__) by extensions ['colcon_pkg']
[0.553s] Level 1:colcon.colcon_core.package_identification:_identify(venv/lib/python3.12/site-packages/setuptools/config/_validate_pyproject/__pycache__) by extension 'colcon_pkg'
[0.553s] Level 1:colcon.colcon_core.package_identification:_identify(venv/lib/python3.12/site-packages/setuptools/config/_validate_pyproject/__pycache__) by extensions ['colcon_meta']
[0.553s] Level 1:colcon.colcon_core.package_identification:_identify(venv/lib/python3.12/site-packages/setuptools/config/_validate_pyproject/__pycache__) by extension 'colcon_meta'
[0.553s] Level 1:colcon.colcon_core.package_identification:_identify(venv/lib/python3.12/site-packages/setuptools/config/_validate_pyproject/__pycache__) by extensions ['ros']
[0.553s] Level 1:colcon.colcon_core.package_identification:_identify(venv/lib/python3.12/site-packages/setuptools/config/_validate_pyproject/__pycache__) by extension 'ros'
[0.554s] Level 1:colcon.colcon_core.package_identification:_identify(venv/lib/python3.12/site-packages/setuptools/config/_validate_pyproject/__pycache__) by extensions ['cmake', 'python']
[0.554s] Level 1:colcon.colcon_core.package_identification:_identify(venv/lib/python3.12/site-packages/setuptools/config/_validate_pyproject/__pycache__) by extension 'cmake'
[0.554s] Level 1:colcon.colcon_core.package_identification:_identify(venv/lib/python3.12/site-packages/setuptools/config/_validate_pyproject/__pycache__) by extension 'python'
[0.554s] Level 1:colcon.colcon_core.package_identification:_identify(venv/lib/python3.12/site-packages/setuptools/config/_validate_pyproject/__pycache__) by extensions ['python_setup_py']
[0.554s] Level 1:colcon.colcon_core.package_identification:_identify(venv/lib/python3.12/site-packages/setuptools/config/_validate_pyproject/__pycache__) by extension 'python_setup_py'
[0.554s] Level 1:colcon.colcon_core.package_identification:_identify(venv/lib/python3.12/site-packages/setuptools/tests) by extensions ['ignore', 'ignore_ament_install']
[0.554s] Level 1:colcon.colcon_core.package_identification:_identify(venv/lib/python3.12/site-packages/setuptools/tests) by extension 'ignore'
[0.554s] Level 1:colcon.colcon_core.package_identification:_identify(venv/lib/python3.12/site-packages/setuptools/tests) by extension 'ignore_ament_install'
[0.554s] Level 1:colcon.colcon_core.package_identification:_identify(venv/lib/python3.12/site-packages/setuptools/tests) by extensions ['colcon_pkg']
[0.554s] Level 1:colcon.colcon_core.package_identification:_identify(venv/lib/python3.12/site-packages/setuptools/tests) by extension 'colcon_pkg'
[0.554s] Level 1:colcon.colcon_core.package_identification:_identify(venv/lib/python3.12/site-packages/setuptools/tests) by extensions ['colcon_meta']
[0.554s] Level 1:colcon.colcon_core.package_identification:_identify(venv/lib/python3.12/site-packages/setuptools/tests) by extension 'colcon_meta'
[0.555s] Level 1:colcon.colcon_core.package_identification:_identify(venv/lib/python3.12/site-packages/setuptools/tests) by extensions ['ros']
[0.555s] Level 1:colcon.colcon_core.package_identification:_identify(venv/lib/python3.12/site-packages/setuptools/tests) by extension 'ros'
[0.555s] Level 1:colcon.colcon_core.package_identification:_identify(venv/lib/python3.12/site-packages/setuptools/tests) by extensions ['cmake', 'python']
[0.555s] Level 1:colcon.colcon_core.package_identification:_identify(venv/lib/python3.12/site-packages/setuptools/tests) by extension 'cmake'
[0.555s] Level 1:colcon.colcon_core.package_identification:_identify(venv/lib/python3.12/site-packages/setuptools/tests) by extension 'python'
[0.555s] Level 1:colcon.colcon_core.package_identification:_identify(venv/lib/python3.12/site-packages/setuptools/tests) by extensions ['python_setup_py']
[0.555s] Level 1:colcon.colcon_core.package_identification:_identify(venv/lib/python3.12/site-packages/setuptools/tests) by extension 'python_setup_py'
[0.555s] Level 1:colcon.colcon_core.package_identification:_identify(venv/lib/python3.12/site-packages/setuptools/tests/__pycache__) by extensions ['ignore', 'ignore_ament_install']
[0.555s] Level 1:colcon.colcon_core.package_identification:_identify(venv/lib/python3.12/site-packages/setuptools/tests/__pycache__) by extension 'ignore'
[0.555s] Level 1:colcon.colcon_core.package_identification:_identify(venv/lib/python3.12/site-packages/setuptools/tests/__pycache__) by extension 'ignore_ament_install'
[0.555s] Level 1:colcon.colcon_core.package_identification:_identify(venv/lib/python3.12/site-packages/setuptools/tests/__pycache__) by extensions ['colcon_pkg']
[0.556s] Level 1:colcon.colcon_core.package_identification:_identify(venv/lib/python3.12/site-packages/setuptools/tests/__pycache__) by extension 'colcon_pkg'
[0.556s] Level 1:colcon.colcon_core.package_identification:_identify(venv/lib/python3.12/site-packages/setuptools/tests/__pycache__) by extensions ['colcon_meta']
[0.556s] Level 1:colcon.colcon_core.package_identification:_identify(venv/lib/python3.12/site-packages/setuptools/tests/__pycache__) by extension 'colcon_meta'
[0.556s] Level 1:colcon.colcon_core.package_identification:_identify(venv/lib/python3.12/site-packages/setuptools/tests/__pycache__) by extensions ['ros']
[0.556s] Level 1:colcon.colcon_core.package_identification:_identify(venv/lib/python3.12/site-packages/setuptools/tests/__pycache__) by extension 'ros'
[0.556s] Level 1:colcon.colcon_core.package_identification:_identify(venv/lib/python3.12/site-packages/setuptools/tests/__pycache__) by extensions ['cmake', 'python']
[0.556s] Level 1:colcon.colcon_core.package_identification:_identify(venv/lib/python3.12/site-packages/setuptools/tests/__pycache__) by extension 'cmake'
[0.556s] Level 1:colcon.colcon_core.package_identification:_identify(venv/lib/python3.12/site-packages/setuptools/tests/__pycache__) by extension 'python'
[0.556s] Level 1:colcon.colcon_core.package_identification:_identify(venv/lib/python3.12/site-packages/setuptools/tests/__pycache__) by extensions ['python_setup_py']
[0.556s] Level 1:colcon.colcon_core.package_identification:_identify(venv/lib/python3.12/site-packages/setuptools/tests/__pycache__) by extension 'python_setup_py'
[0.556s] Level 1:colcon.colcon_core.package_identification:_identify(venv/lib/python3.12/site-packages/setuptools/tests/compat) by extensions ['ignore', 'ignore_ament_install']
[0.556s] Level 1:colcon.colcon_core.package_identification:_identify(venv/lib/python3.12/site-packages/setuptools/tests/compat) by extension 'ignore'
[0.556s] Level 1:colcon.colcon_core.package_identification:_identify(venv/lib/python3.12/site-packages/setuptools/tests/compat) by extension 'ignore_ament_install'
[0.557s] Level 1:colcon.colcon_core.package_identification:_identify(venv/lib/python3.12/site-packages/setuptools/tests/compat) by extensions ['colcon_pkg']
[0.557s] Level 1:colcon.colcon_core.package_identification:_identify(venv/lib/python3.12/site-packages/setuptools/tests/compat) by extension 'colcon_pkg'
[0.557s] Level 1:colcon.colcon_core.package_identification:_identify(venv/lib/python3.12/site-packages/setuptools/tests/compat) by extensions ['colcon_meta']
[0.557s] Level 1:colcon.colcon_core.package_identification:_identify(venv/lib/python3.12/site-packages/setuptools/tests/compat) by extension 'colcon_meta'
[0.557s] Level 1:colcon.colcon_core.package_identification:_identify(venv/lib/python3.12/site-packages/setuptools/tests/compat) by extensions ['ros']
[0.557s] Level 1:colcon.colcon_core.package_identification:_identify(venv/lib/python3.12/site-packages/setuptools/tests/compat) by extension 'ros'
[0.557s] Level 1:colcon.colcon_core.package_identification:_identify(venv/lib/python3.12/site-packages/setuptools/tests/compat) by extensions ['cmake', 'python']
[0.557s] Level 1:colcon.colcon_core.package_identification:_identify(venv/lib/python3.12/site-packages/setuptools/tests/compat) by extension 'cmake'
[0.557s] Level 1:colcon.colcon_core.package_identification:_identify(venv/lib/python3.12/site-packages/setuptools/tests/compat) by extension 'python'
[0.557s] Level 1:colcon.colcon_core.package_identification:_identify(venv/lib/python3.12/site-packages/setuptools/tests/compat) by extensions ['python_setup_py']
[0.557s] Level 1:colcon.colcon_core.package_identification:_identify(venv/lib/python3.12/site-packages/setuptools/tests/compat) by extension 'python_setup_py'
[0.557s] Level 1:colcon.colcon_core.package_identification:_identify(venv/lib/python3.12/site-packages/setuptools/tests/compat/__pycache__) by extensions ['ignore', 'ignore_ament_install']
[0.557s] Level 1:colcon.colcon_core.package_identification:_identify(venv/lib/python3.12/site-packages/setuptools/tests/compat/__pycache__) by extension 'ignore'
[0.558s] Level 1:colcon.colcon_core.package_identification:_identify(venv/lib/python3.12/site-packages/setuptools/tests/compat/__pycache__) by extension 'ignore_ament_install'
[0.558s] Level 1:colcon.colcon_core.package_identification:_identify(venv/lib/python3.12/site-packages/setuptools/tests/compat/__pycache__) by extensions ['colcon_pkg']
[0.558s] Level 1:colcon.colcon_core.package_identification:_identify(venv/lib/python3.12/site-packages/setuptools/tests/compat/__pycache__) by extension 'colcon_pkg'
[0.558s] Level 1:colcon.colcon_core.package_identification:_identify(venv/lib/python3.12/site-packages/setuptools/tests/compat/__pycache__) by extensions ['colcon_meta']
[0.558s] Level 1:colcon.colcon_core.package_identification:_identify(venv/lib/python3.12/site-packages/setuptools/tests/compat/__pycache__) by extension 'colcon_meta'
[0.558s] Level 1:colcon.colcon_core.package_identification:_identify(venv/lib/python3.12/site-packages/setuptools/tests/compat/__pycache__) by extensions ['ros']
[0.558s] Level 1:colcon.colcon_core.package_identification:_identify(venv/lib/python3.12/site-packages/setuptools/tests/compat/__pycache__) by extension 'ros'
[0.558s] Level 1:colcon.colcon_core.package_identification:_identify(venv/lib/python3.12/site-packages/setuptools/tests/compat/__pycache__) by extensions ['cmake', 'python']
[0.558s] Level 1:colcon.colcon_core.package_identification:_identify(venv/lib/python3.12/site-packages/setuptools/tests/compat/__pycache__) by extension 'cmake'
[0.558s] Level 1:colcon.colcon_core.package_identification:_identify(venv/lib/python3.12/site-packages/setuptools/tests/compat/__pycache__) by extension 'python'
[0.558s] Level 1:colcon.colcon_core.package_identification:_identify(venv/lib/python3.12/site-packages/setuptools/tests/compat/__pycache__) by extensions ['python_setup_py']
[0.558s] Level 1:colcon.colcon_core.package_identification:_identify(venv/lib/python3.12/site-packages/setuptools/tests/compat/__pycache__) by extension 'python_setup_py'
[0.558s] Level 1:colcon.colcon_core.package_identification:_identify(venv/lib/python3.12/site-packages/setuptools/tests/config) by extensions ['ignore', 'ignore_ament_install']
[0.559s] Level 1:colcon.colcon_core.package_identification:_identify(venv/lib/python3.12/site-packages/setuptools/tests/config) by extension 'ignore'
[0.559s] Level 1:colcon.colcon_core.package_identification:_identify(venv/lib/python3.12/site-packages/setuptools/tests/config) by extension 'ignore_ament_install'
[0.559s] Level 1:colcon.colcon_core.package_identification:_identify(venv/lib/python3.12/site-packages/setuptools/tests/config) by extensions ['colcon_pkg']
[0.559s] Level 1:colcon.colcon_core.package_identification:_identify(venv/lib/python3.12/site-packages/setuptools/tests/config) by extension 'colcon_pkg'
[0.559s] Level 1:colcon.colcon_core.package_identification:_identify(venv/lib/python3.12/site-packages/setuptools/tests/config) by extensions ['colcon_meta']
[0.559s] Level 1:colcon.colcon_core.package_identification:_identify(venv/lib/python3.12/site-packages/setuptools/tests/config) by extension 'colcon_meta'
[0.559s] Level 1:colcon.colcon_core.package_identification:_identify(venv/lib/python3.12/site-packages/setuptools/tests/config) by extensions ['ros']
[0.559s] Level 1:colcon.colcon_core.package_identification:_identify(venv/lib/python3.12/site-packages/setuptools/tests/config) by extension 'ros'
[0.559s] Level 1:colcon.colcon_core.package_identification:_identify(venv/lib/python3.12/site-packages/setuptools/tests/config) by extensions ['cmake', 'python']
[0.559s] Level 1:colcon.colcon_core.package_identification:_identify(venv/lib/python3.12/site-packages/setuptools/tests/config) by extension 'cmake'
[0.559s] Level 1:colcon.colcon_core.package_identification:_identify(venv/lib/python3.12/site-packages/setuptools/tests/config) by extension 'python'
[0.559s] Level 1:colcon.colcon_core.package_identification:_identify(venv/lib/python3.12/site-packages/setuptools/tests/config) by extensions ['python_setup_py']
[0.559s] Level 1:colcon.colcon_core.package_identification:_identify(venv/lib/python3.12/site-packages/setuptools/tests/config) by extension 'python_setup_py'
[0.560s] Level 1:colcon.colcon_core.package_identification:_identify(venv/lib/python3.12/site-packages/setuptools/tests/config/__pycache__) by extensions ['ignore', 'ignore_ament_install']
[0.560s] Level 1:colcon.colcon_core.package_identification:_identify(venv/lib/python3.12/site-packages/setuptools/tests/config/__pycache__) by extension 'ignore'
[0.560s] Level 1:colcon.colcon_core.package_identification:_identify(venv/lib/python3.12/site-packages/setuptools/tests/config/__pycache__) by extension 'ignore_ament_install'
[0.560s] Level 1:colcon.colcon_core.package_identification:_identify(venv/lib/python3.12/site-packages/setuptools/tests/config/__pycache__) by extensions ['colcon_pkg']
[0.560s] Level 1:colcon.colcon_core.package_identification:_identify(venv/lib/python3.12/site-packages/setuptools/tests/config/__pycache__) by extension 'colcon_pkg'
[0.560s] Level 1:colcon.colcon_core.package_identification:_identify(venv/lib/python3.12/site-packages/setuptools/tests/config/__pycache__) by extensions ['colcon_meta']
[0.560s] Level 1:colcon.colcon_core.package_identification:_identify(venv/lib/python3.12/site-packages/setuptools/tests/config/__pycache__) by extension 'colcon_meta'
[0.560s] Level 1:colcon.colcon_core.package_identification:_identify(venv/lib/python3.12/site-packages/setuptools/tests/config/__pycache__) by extensions ['ros']
[0.560s] Level 1:colcon.colcon_core.package_identification:_identify(venv/lib/python3.12/site-packages/setuptools/tests/config/__pycache__) by extension 'ros'
[0.560s] Level 1:colcon.colcon_core.package_identification:_identify(venv/lib/python3.12/site-packages/setuptools/tests/config/__pycache__) by extensions ['cmake', 'python']
[0.560s] Level 1:colcon.colcon_core.package_identification:_identify(venv/lib/python3.12/site-packages/setuptools/tests/config/__pycache__) by extension 'cmake'
[0.560s] Level 1:colcon.colcon_core.package_identification:_identify(venv/lib/python3.12/site-packages/setuptools/tests/config/__pycache__) by extension 'python'
[0.560s] Level 1:colcon.colcon_core.package_identification:_identify(venv/lib/python3.12/site-packages/setuptools/tests/config/__pycache__) by extensions ['python_setup_py']
[0.560s] Level 1:colcon.colcon_core.package_identification:_identify(venv/lib/python3.12/site-packages/setuptools/tests/config/__pycache__) by extension 'python_setup_py'
[0.561s] Level 1:colcon.colcon_core.package_identification:_identify(venv/lib/python3.12/site-packages/setuptools/tests/config/downloads) by extensions ['ignore', 'ignore_ament_install']
[0.561s] Level 1:colcon.colcon_core.package_identification:_identify(venv/lib/python3.12/site-packages/setuptools/tests/config/downloads) by extension 'ignore'
[0.561s] Level 1:colcon.colcon_core.package_identification:_identify(venv/lib/python3.12/site-packages/setuptools/tests/config/downloads) by extension 'ignore_ament_install'
[0.561s] Level 1:colcon.colcon_core.package_identification:_identify(venv/lib/python3.12/site-packages/setuptools/tests/config/downloads) by extensions ['colcon_pkg']
[0.561s] Level 1:colcon.colcon_core.package_identification:_identify(venv/lib/python3.12/site-packages/setuptools/tests/config/downloads) by extension 'colcon_pkg'
[0.561s] Level 1:colcon.colcon_core.package_identification:_identify(venv/lib/python3.12/site-packages/setuptools/tests/config/downloads) by extensions ['colcon_meta']
[0.561s] Level 1:colcon.colcon_core.package_identification:_identify(venv/lib/python3.12/site-packages/setuptools/tests/config/downloads) by extension 'colcon_meta'
[0.561s] Level 1:colcon.colcon_core.package_identification:_identify(venv/lib/python3.12/site-packages/setuptools/tests/config/downloads) by extensions ['ros']
[0.561s] Level 1:colcon.colcon_core.package_identification:_identify(venv/lib/python3.12/site-packages/setuptools/tests/config/downloads) by extension 'ros'
[0.561s] Level 1:colcon.colcon_core.package_identification:_identify(venv/lib/python3.12/site-packages/setuptools/tests/config/downloads) by extensions ['cmake', 'python']
[0.561s] Level 1:colcon.colcon_core.package_identification:_identify(venv/lib/python3.12/site-packages/setuptools/tests/config/downloads) by extension 'cmake'
[0.561s] Level 1:colcon.colcon_core.package_identification:_identify(venv/lib/python3.12/site-packages/setuptools/tests/config/downloads) by extension 'python'
[0.562s] Level 1:colcon.colcon_core.package_identification:_identify(venv/lib/python3.12/site-packages/setuptools/tests/config/downloads) by extensions ['python_setup_py']
[0.562s] Level 1:colcon.colcon_core.package_identification:_identify(venv/lib/python3.12/site-packages/setuptools/tests/config/downloads) by extension 'python_setup_py'
[0.562s] Level 1:colcon.colcon_core.package_identification:_identify(venv/lib/python3.12/site-packages/setuptools/tests/config/downloads/__pycache__) by extensions ['ignore', 'ignore_ament_install']
[0.562s] Level 1:colcon.colcon_core.package_identification:_identify(venv/lib/python3.12/site-packages/setuptools/tests/config/downloads/__pycache__) by extension 'ignore'
[0.562s] Level 1:colcon.colcon_core.package_identification:_identify(venv/lib/python3.12/site-packages/setuptools/tests/config/downloads/__pycache__) by extension 'ignore_ament_install'
[0.562s] Level 1:colcon.colcon_core.package_identification:_identify(venv/lib/python3.12/site-packages/setuptools/tests/config/downloads/__pycache__) by extensions ['colcon_pkg']
[0.562s] Level 1:colcon.colcon_core.package_identification:_identify(venv/lib/python3.12/site-packages/setuptools/tests/config/downloads/__pycache__) by extension 'colcon_pkg'
[0.562s] Level 1:colcon.colcon_core.package_identification:_identify(venv/lib/python3.12/site-packages/setuptools/tests/config/downloads/__pycache__) by extensions ['colcon_meta']
[0.562s] Level 1:colcon.colcon_core.package_identification:_identify(venv/lib/python3.12/site-packages/setuptools/tests/config/downloads/__pycache__) by extension 'colcon_meta'
[0.562s] Level 1:colcon.colcon_core.package_identification:_identify(venv/lib/python3.12/site-packages/setuptools/tests/config/downloads/__pycache__) by extensions ['ros']
[0.562s] Level 1:colcon.colcon_core.package_identification:_identify(venv/lib/python3.12/site-packages/setuptools/tests/config/downloads/__pycache__) by extension 'ros'
[0.563s] Level 1:colcon.colcon_core.package_identification:_identify(venv/lib/python3.12/site-packages/setuptools/tests/config/downloads/__pycache__) by extensions ['cmake', 'python']
[0.563s] Level 1:colcon.colcon_core.package_identification:_identify(venv/lib/python3.12/site-packages/setuptools/tests/config/downloads/__pycache__) by extension 'cmake'
[0.563s] Level 1:colcon.colcon_core.package_identification:_identify(venv/lib/python3.12/site-packages/setuptools/tests/config/downloads/__pycache__) by extension 'python'
[0.563s] Level 1:colcon.colcon_core.package_identification:_identify(venv/lib/python3.12/site-packages/setuptools/tests/config/downloads/__pycache__) by extensions ['python_setup_py']
[0.563s] Level 1:colcon.colcon_core.package_identification:_identify(venv/lib/python3.12/site-packages/setuptools/tests/config/downloads/__pycache__) by extension 'python_setup_py'
[0.563s] Level 1:colcon.colcon_core.package_identification:_identify(venv/lib/python3.12/site-packages/setuptools/tests/indexes) by extensions ['ignore', 'ignore_ament_install']
[0.563s] Level 1:colcon.colcon_core.package_identification:_identify(venv/lib/python3.12/site-packages/setuptools/tests/indexes) by extension 'ignore'
[0.563s] Level 1:colcon.colcon_core.package_identification:_identify(venv/lib/python3.12/site-packages/setuptools/tests/indexes) by extension 'ignore_ament_install'
[0.563s] Level 1:colcon.colcon_core.package_identification:_identify(venv/lib/python3.12/site-packages/setuptools/tests/indexes) by extensions ['colcon_pkg']
[0.563s] Level 1:colcon.colcon_core.package_identification:_identify(venv/lib/python3.12/site-packages/setuptools/tests/indexes) by extension 'colcon_pkg'
[0.563s] Level 1:colcon.colcon_core.package_identification:_identify(venv/lib/python3.12/site-packages/setuptools/tests/indexes) by extensions ['colcon_meta']
[0.563s] Level 1:colcon.colcon_core.package_identification:_identify(venv/lib/python3.12/site-packages/setuptools/tests/indexes) by extension 'colcon_meta'
[0.563s] Level 1:colcon.colcon_core.package_identification:_identify(venv/lib/python3.12/site-packages/setuptools/tests/indexes) by extensions ['ros']
[0.563s] Level 1:colcon.colcon_core.package_identification:_identify(venv/lib/python3.12/site-packages/setuptools/tests/indexes) by extension 'ros'
[0.564s] Level 1:colcon.colcon_core.package_identification:_identify(venv/lib/python3.12/site-packages/setuptools/tests/indexes) by extensions ['cmake', 'python']
[0.564s] Level 1:colcon.colcon_core.package_identification:_identify(venv/lib/python3.12/site-packages/setuptools/tests/indexes) by extension 'cmake'
[0.564s] Level 1:colcon.colcon_core.package_identification:_identify(venv/lib/python3.12/site-packages/setuptools/tests/indexes) by extension 'python'
[0.564s] Level 1:colcon.colcon_core.package_identification:_identify(venv/lib/python3.12/site-packages/setuptools/tests/indexes) by extensions ['python_setup_py']
[0.564s] Level 1:colcon.colcon_core.package_identification:_identify(venv/lib/python3.12/site-packages/setuptools/tests/indexes) by extension 'python_setup_py'
[0.564s] Level 1:colcon.colcon_core.package_identification:_identify(venv/lib/python3.12/site-packages/setuptools/tests/indexes/test_links_priority) by extensions ['ignore', 'ignore_ament_install']
[0.564s] Level 1:colcon.colcon_core.package_identification:_identify(venv/lib/python3.12/site-packages/setuptools/tests/indexes/test_links_priority) by extension 'ignore'
[0.564s] Level 1:colcon.colcon_core.package_identification:_identify(venv/lib/python3.12/site-packages/setuptools/tests/indexes/test_links_priority) by extension 'ignore_ament_install'
[0.564s] Level 1:colcon.colcon_core.package_identification:_identify(venv/lib/python3.12/site-packages/setuptools/tests/indexes/test_links_priority) by extensions ['colcon_pkg']
[0.564s] Level 1:colcon.colcon_core.package_identification:_identify(venv/lib/python3.12/site-packages/setuptools/tests/indexes/test_links_priority) by extension 'colcon_pkg'
[0.564s] Level 1:colcon.colcon_core.package_identification:_identify(venv/lib/python3.12/site-packages/setuptools/tests/indexes/test_links_priority) by extensions ['colcon_meta']
[0.564s] Level 1:colcon.colcon_core.package_identification:_identify(venv/lib/python3.12/site-packages/setuptools/tests/indexes/test_links_priority) by extension 'colcon_meta'
[0.565s] Level 1:colcon.colcon_core.package_identification:_identify(venv/lib/python3.12/site-packages/setuptools/tests/indexes/test_links_priority) by extensions ['ros']
[0.565s] Level 1:colcon.colcon_core.package_identification:_identify(venv/lib/python3.12/site-packages/setuptools/tests/indexes/test_links_priority) by extension 'ros'
[0.565s] Level 1:colcon.colcon_core.package_identification:_identify(venv/lib/python3.12/site-packages/setuptools/tests/indexes/test_links_priority) by extensions ['cmake', 'python']
[0.565s] Level 1:colcon.colcon_core.package_identification:_identify(venv/lib/python3.12/site-packages/setuptools/tests/indexes/test_links_priority) by extension 'cmake'
[0.565s] Level 1:colcon.colcon_core.package_identification:_identify(venv/lib/python3.12/site-packages/setuptools/tests/indexes/test_links_priority) by extension 'python'
[0.565s] Level 1:colcon.colcon_core.package_identification:_identify(venv/lib/python3.12/site-packages/setuptools/tests/indexes/test_links_priority) by extensions ['python_setup_py']
[0.565s] Level 1:colcon.colcon_core.package_identification:_identify(venv/lib/python3.12/site-packages/setuptools/tests/indexes/test_links_priority) by extension 'python_setup_py'
[0.565s] Level 1:colcon.colcon_core.package_identification:_identify(venv/lib/python3.12/site-packages/setuptools/tests/indexes/test_links_priority/simple) by extensions ['ignore', 'ignore_ament_install']
[0.565s] Level 1:colcon.colcon_core.package_identification:_identify(venv/lib/python3.12/site-packages/setuptools/tests/indexes/test_links_priority/simple) by extension 'ignore'
[0.566s] Level 1:colcon.colcon_core.package_identification:_identify(venv/lib/python3.12/site-packages/setuptools/tests/indexes/test_links_priority/simple) by extension 'ignore_ament_install'
[0.566s] Level 1:colcon.colcon_core.package_identification:_identify(venv/lib/python3.12/site-packages/setuptools/tests/indexes/test_links_priority/simple) by extensions ['colcon_pkg']
[0.566s] Level 1:colcon.colcon_core.package_identification:_identify(venv/lib/python3.12/site-packages/setuptools/tests/indexes/test_links_priority/simple) by extension 'colcon_pkg'
[0.566s] Level 1:colcon.colcon_core.package_identification:_identify(venv/lib/python3.12/site-packages/setuptools/tests/indexes/test_links_priority/simple) by extensions ['colcon_meta']
[0.566s] Level 1:colcon.colcon_core.package_identification:_identify(venv/lib/python3.12/site-packages/setuptools/tests/indexes/test_links_priority/simple) by extension 'colcon_meta'
[0.566s] Level 1:colcon.colcon_core.package_identification:_identify(venv/lib/python3.12/site-packages/setuptools/tests/indexes/test_links_priority/simple) by extensions ['ros']
[0.566s] Level 1:colcon.colcon_core.package_identification:_identify(venv/lib/python3.12/site-packages/setuptools/tests/indexes/test_links_priority/simple) by extension 'ros'
[0.566s] Level 1:colcon.colcon_core.package_identification:_identify(venv/lib/python3.12/site-packages/setuptools/tests/indexes/test_links_priority/simple) by extensions ['cmake', 'python']
[0.566s] Level 1:colcon.colcon_core.package_identification:_identify(venv/lib/python3.12/site-packages/setuptools/tests/indexes/test_links_priority/simple) by extension 'cmake'
[0.566s] Level 1:colcon.colcon_core.package_identification:_identify(venv/lib/python3.12/site-packages/setuptools/tests/indexes/test_links_priority/simple) by extension 'python'
[0.566s] Level 1:colcon.colcon_core.package_identification:_identify(venv/lib/python3.12/site-packages/setuptools/tests/indexes/test_links_priority/simple) by extensions ['python_setup_py']
[0.566s] Level 1:colcon.colcon_core.package_identification:_identify(venv/lib/python3.12/site-packages/setuptools/tests/indexes/test_links_priority/simple) by extension 'python_setup_py'
[0.567s] Level 1:colcon.colcon_core.package_identification:_identify(venv/lib/python3.12/site-packages/setuptools/tests/indexes/test_links_priority/simple/foobar) by extensions ['ignore', 'ignore_ament_install']
[0.567s] Level 1:colcon.colcon_core.package_identification:_identify(venv/lib/python3.12/site-packages/setuptools/tests/indexes/test_links_priority/simple/foobar) by extension 'ignore'
[0.567s] Level 1:colcon.colcon_core.package_identification:_identify(venv/lib/python3.12/site-packages/setuptools/tests/indexes/test_links_priority/simple/foobar) by extension 'ignore_ament_install'
[0.567s] Level 1:colcon.colcon_core.package_identification:_identify(venv/lib/python3.12/site-packages/setuptools/tests/indexes/test_links_priority/simple/foobar) by extensions ['colcon_pkg']
[0.567s] Level 1:colcon.colcon_core.package_identification:_identify(venv/lib/python3.12/site-packages/setuptools/tests/indexes/test_links_priority/simple/foobar) by extension 'colcon_pkg'
[0.567s] Level 1:colcon.colcon_core.package_identification:_identify(venv/lib/python3.12/site-packages/setuptools/tests/indexes/test_links_priority/simple/foobar) by extensions ['colcon_meta']
[0.567s] Level 1:colcon.colcon_core.package_identification:_identify(venv/lib/python3.12/site-packages/setuptools/tests/indexes/test_links_priority/simple/foobar) by extension 'colcon_meta'
[0.567s] Level 1:colcon.colcon_core.package_identification:_identify(venv/lib/python3.12/site-packages/setuptools/tests/indexes/test_links_priority/simple/foobar) by extensions ['ros']
[0.567s] Level 1:colcon.colcon_core.package_identification:_identify(venv/lib/python3.12/site-packages/setuptools/tests/indexes/test_links_priority/simple/foobar) by extension 'ros'
[0.567s] Level 1:colcon.colcon_core.package_identification:_identify(venv/lib/python3.12/site-packages/setuptools/tests/indexes/test_links_priority/simple/foobar) by extensions ['cmake', 'python']
[0.568s] Level 1:colcon.colcon_core.package_identification:_identify(venv/lib/python3.12/site-packages/setuptools/tests/indexes/test_links_priority/simple/foobar) by extension 'cmake'
[0.568s] Level 1:colcon.colcon_core.package_identification:_identify(venv/lib/python3.12/site-packages/setuptools/tests/indexes/test_links_priority/simple/foobar) by extension 'python'
[0.568s] Level 1:colcon.colcon_core.package_identification:_identify(venv/lib/python3.12/site-packages/setuptools/tests/indexes/test_links_priority/simple/foobar) by extensions ['python_setup_py']
[0.568s] Level 1:colcon.colcon_core.package_identification:_identify(venv/lib/python3.12/site-packages/setuptools/tests/indexes/test_links_priority/simple/foobar) by extension 'python_setup_py'
[0.568s] Level 1:colcon.colcon_core.package_identification:_identify(venv/lib/python3.12/site-packages/setuptools/tests/integration) by extensions ['ignore', 'ignore_ament_install']
[0.568s] Level 1:colcon.colcon_core.package_identification:_identify(venv/lib/python3.12/site-packages/setuptools/tests/integration) by extension 'ignore'
[0.568s] Level 1:colcon.colcon_core.package_identification:_identify(venv/lib/python3.12/site-packages/setuptools/tests/integration) by extension 'ignore_ament_install'
[0.568s] Level 1:colcon.colcon_core.package_identification:_identify(venv/lib/python3.12/site-packages/setuptools/tests/integration) by extensions ['colcon_pkg']
[0.568s] Level 1:colcon.colcon_core.package_identification:_identify(venv/lib/python3.12/site-packages/setuptools/tests/integration) by extension 'colcon_pkg'
[0.568s] Level 1:colcon.colcon_core.package_identification:_identify(venv/lib/python3.12/site-packages/setuptools/tests/integration) by extensions ['colcon_meta']
[0.568s] Level 1:colcon.colcon_core.package_identification:_identify(venv/lib/python3.12/site-packages/setuptools/tests/integration) by extension 'colcon_meta'
[0.569s] Level 1:colcon.colcon_core.package_identification:_identify(venv/lib/python3.12/site-packages/setuptools/tests/integration) by extensions ['ros']
[0.569s] Level 1:colcon.colcon_core.package_identification:_identify(venv/lib/python3.12/site-packages/setuptools/tests/integration) by extension 'ros'
[0.569s] Level 1:colcon.colcon_core.package_identification:_identify(venv/lib/python3.12/site-packages/setuptools/tests/integration) by extensions ['cmake', 'python']
[0.569s] Level 1:colcon.colcon_core.package_identification:_identify(venv/lib/python3.12/site-packages/setuptools/tests/integration) by extension 'cmake'
[0.569s] Level 1:colcon.colcon_core.package_identification:_identify(venv/lib/python3.12/site-packages/setuptools/tests/integration) by extension 'python'
[0.569s] Level 1:colcon.colcon_core.package_identification:_identify(venv/lib/python3.12/site-packages/setuptools/tests/integration) by extensions ['python_setup_py']
[0.569s] Level 1:colcon.colcon_core.package_identification:_identify(venv/lib/python3.12/site-packages/setuptools/tests/integration) by extension 'python_setup_py'
[0.569s] Level 1:colcon.colcon_core.package_identification:_identify(venv/lib/python3.12/site-packages/setuptools/tests/integration/__pycache__) by extensions ['ignore', 'ignore_ament_install']
[0.569s] Level 1:colcon.colcon_core.package_identification:_identify(venv/lib/python3.12/site-packages/setuptools/tests/integration/__pycache__) by extension 'ignore'
[0.569s] Level 1:colcon.colcon_core.package_identification:_identify(venv/lib/python3.12/site-packages/setuptools/tests/integration/__pycache__) by extension 'ignore_ament_install'
[0.570s] Level 1:colcon.colcon_core.package_identification:_identify(venv/lib/python3.12/site-packages/setuptools/tests/integration/__pycache__) by extensions ['colcon_pkg']
[0.570s] Level 1:colcon.colcon_core.package_identification:_identify(venv/lib/python3.12/site-packages/setuptools/tests/integration/__pycache__) by extension 'colcon_pkg'
[0.570s] Level 1:colcon.colcon_core.package_identification:_identify(venv/lib/python3.12/site-packages/setuptools/tests/integration/__pycache__) by extensions ['colcon_meta']
[0.570s] Level 1:colcon.colcon_core.package_identification:_identify(venv/lib/python3.12/site-packages/setuptools/tests/integration/__pycache__) by extension 'colcon_meta'
[0.570s] Level 1:colcon.colcon_core.package_identification:_identify(venv/lib/python3.12/site-packages/setuptools/tests/integration/__pycache__) by extensions ['ros']
[0.570s] Level 1:colcon.colcon_core.package_identification:_identify(venv/lib/python3.12/site-packages/setuptools/tests/integration/__pycache__) by extension 'ros'
[0.570s] Level 1:colcon.colcon_core.package_identification:_identify(venv/lib/python3.12/site-packages/setuptools/tests/integration/__pycache__) by extensions ['cmake', 'python']
[0.570s] Level 1:colcon.colcon_core.package_identification:_identify(venv/lib/python3.12/site-packages/setuptools/tests/integration/__pycache__) by extension 'cmake'
[0.570s] Level 1:colcon.colcon_core.package_identification:_identify(venv/lib/python3.12/site-packages/setuptools/tests/integration/__pycache__) by extension 'python'
[0.570s] Level 1:colcon.colcon_core.package_identification:_identify(venv/lib/python3.12/site-packages/setuptools/tests/integration/__pycache__) by extensions ['python_setup_py']
[0.570s] Level 1:colcon.colcon_core.package_identification:_identify(venv/lib/python3.12/site-packages/setuptools/tests/integration/__pycache__) by extension 'python_setup_py'
[0.570s] Level 1:colcon.colcon_core.package_identification:_identify(venv/lib/python3.12/site-packages/setuptools-82.0.1.dist-info) by extensions ['ignore', 'ignore_ament_install']
[0.571s] Level 1:colcon.colcon_core.package_identification:_identify(venv/lib/python3.12/site-packages/setuptools-82.0.1.dist-info) by extension 'ignore'
[0.571s] Level 1:colcon.colcon_core.package_identification:_identify(venv/lib/python3.12/site-packages/setuptools-82.0.1.dist-info) by extension 'ignore_ament_install'
[0.571s] Level 1:colcon.colcon_core.package_identification:_identify(venv/lib/python3.12/site-packages/setuptools-82.0.1.dist-info) by extensions ['colcon_pkg']
[0.571s] Level 1:colcon.colcon_core.package_identification:_identify(venv/lib/python3.12/site-packages/setuptools-82.0.1.dist-info) by extension 'colcon_pkg'
[0.571s] Level 1:colcon.colcon_core.package_identification:_identify(venv/lib/python3.12/site-packages/setuptools-82.0.1.dist-info) by extensions ['colcon_meta']
[0.571s] Level 1:colcon.colcon_core.package_identification:_identify(venv/lib/python3.12/site-packages/setuptools-82.0.1.dist-info) by extension 'colcon_meta'
[0.571s] Level 1:colcon.colcon_core.package_identification:_identify(venv/lib/python3.12/site-packages/setuptools-82.0.1.dist-info) by extensions ['ros']
[0.571s] Level 1:colcon.colcon_core.package_identification:_identify(venv/lib/python3.12/site-packages/setuptools-82.0.1.dist-info) by extension 'ros'
[0.571s] Level 1:colcon.colcon_core.package_identification:_identify(venv/lib/python3.12/site-packages/setuptools-82.0.1.dist-info) by extensions ['cmake', 'python']
[0.571s] Level 1:colcon.colcon_core.package_identification:_identify(venv/lib/python3.12/site-packages/setuptools-82.0.1.dist-info) by extension 'cmake'
[0.571s] Level 1:colcon.colcon_core.package_identification:_identify(venv/lib/python3.12/site-packages/setuptools-82.0.1.dist-info) by extension 'python'
[0.571s] Level 1:colcon.colcon_core.package_identification:_identify(venv/lib/python3.12/site-packages/setuptools-82.0.1.dist-info) by extensions ['python_setup_py']
[0.571s] Level 1:colcon.colcon_core.package_identification:_identify(venv/lib/python3.12/site-packages/setuptools-82.0.1.dist-info) by extension 'python_setup_py'
[0.572s] Level 1:colcon.colcon_core.package_identification:_identify(venv/lib/python3.12/site-packages/setuptools-82.0.1.dist-info/licenses) by extensions ['ignore', 'ignore_ament_install']
[0.572s] Level 1:colcon.colcon_core.package_identification:_identify(venv/lib/python3.12/site-packages/setuptools-82.0.1.dist-info/licenses) by extension 'ignore'
[0.572s] Level 1:colcon.colcon_core.package_identification:_identify(venv/lib/python3.12/site-packages/setuptools-82.0.1.dist-info/licenses) by extension 'ignore_ament_install'
[0.572s] Level 1:colcon.colcon_core.package_identification:_identify(venv/lib/python3.12/site-packages/setuptools-82.0.1.dist-info/licenses) by extensions ['colcon_pkg']
[0.572s] Level 1:colcon.colcon_core.package_identification:_identify(venv/lib/python3.12/site-packages/setuptools-82.0.1.dist-info/licenses) by extension 'colcon_pkg'
[0.572s] Level 1:colcon.colcon_core.package_identification:_identify(venv/lib/python3.12/site-packages/setuptools-82.0.1.dist-info/licenses) by extensions ['colcon_meta']
[0.572s] Level 1:colcon.colcon_core.package_identification:_identify(venv/lib/python3.12/site-packages/setuptools-82.0.1.dist-info/licenses) by extension 'colcon_meta'
[0.572s] Level 1:colcon.colcon_core.package_identification:_identify(venv/lib/python3.12/site-packages/setuptools-82.0.1.dist-info/licenses) by extensions ['ros']
[0.572s] Level 1:colcon.colcon_core.package_identification:_identify(venv/lib/python3.12/site-packages/setuptools-82.0.1.dist-info/licenses) by extension 'ros'
[0.572s] Level 1:colcon.colcon_core.package_identification:_identify(venv/lib/python3.12/site-packages/setuptools-82.0.1.dist-info/licenses) by extensions ['cmake', 'python']
[0.572s] Level 1:colcon.colcon_core.package_identification:_identify(venv/lib/python3.12/site-packages/setuptools-82.0.1.dist-info/licenses) by extension 'cmake'
[0.572s] Level 1:colcon.colcon_core.package_identification:_identify(venv/lib/python3.12/site-packages/setuptools-82.0.1.dist-info/licenses) by extension 'python'
[0.573s] Level 1:colcon.colcon_core.package_identification:_identify(venv/lib/python3.12/site-packages/setuptools-82.0.1.dist-info/licenses) by extensions ['python_setup_py']
[0.573s] Level 1:colcon.colcon_core.package_identification:_identify(venv/lib/python3.12/site-packages/setuptools-82.0.1.dist-info/licenses) by extension 'python_setup_py'
[0.573s] Level 1:colcon.colcon_core.package_identification:_identify(venv/lib/python3.12/site-packages/smbus2) by extensions ['ignore', 'ignore_ament_install']
[0.573s] Level 1:colcon.colcon_core.package_identification:_identify(venv/lib/python3.12/site-packages/smbus2) by extension 'ignore'
[0.573s] Level 1:colcon.colcon_core.package_identification:_identify(venv/lib/python3.12/site-packages/smbus2) by extension 'ignore_ament_install'
[0.573s] Level 1:colcon.colcon_core.package_identification:_identify(venv/lib/python3.12/site-packages/smbus2) by extensions ['colcon_pkg']
[0.573s] Level 1:colcon.colcon_core.package_identification:_identify(venv/lib/python3.12/site-packages/smbus2) by extension 'colcon_pkg'
[0.573s] Level 1:colcon.colcon_core.package_identification:_identify(venv/lib/python3.12/site-packages/smbus2) by extensions ['colcon_meta']
[0.573s] Level 1:colcon.colcon_core.package_identification:_identify(venv/lib/python3.12/site-packages/smbus2) by extension 'colcon_meta'
[0.573s] Level 1:colcon.colcon_core.package_identification:_identify(venv/lib/python3.12/site-packages/smbus2) by extensions ['ros']
[0.573s] Level 1:colcon.colcon_core.package_identification:_identify(venv/lib/python3.12/site-packages/smbus2) by extension 'ros'
[0.574s] Level 1:colcon.colcon_core.package_identification:_identify(venv/lib/python3.12/site-packages/smbus2) by extensions ['cmake', 'python']
[0.574s] Level 1:colcon.colcon_core.package_identification:_identify(venv/lib/python3.12/site-packages/smbus2) by extension 'cmake'
[0.574s] Level 1:colcon.colcon_core.package_identification:_identify(venv/lib/python3.12/site-packages/smbus2) by extension 'python'
[0.574s] Level 1:colcon.colcon_core.package_identification:_identify(venv/lib/python3.12/site-packages/smbus2) by extensions ['python_setup_py']
[0.574s] Level 1:colcon.colcon_core.package_identification:_identify(venv/lib/python3.12/site-packages/smbus2) by extension 'python_setup_py'
[0.574s] Level 1:colcon.colcon_core.package_identification:_identify(venv/lib/python3.12/site-packages/smbus2/__pycache__) by extensions ['ignore', 'ignore_ament_install']
[0.574s] Level 1:colcon.colcon_core.package_identification:_identify(venv/lib/python3.12/site-packages/smbus2/__pycache__) by extension 'ignore'
[0.574s] Level 1:colcon.colcon_core.package_identification:_identify(venv/lib/python3.12/site-packages/smbus2/__pycache__) by extension 'ignore_ament_install'
[0.574s] Level 1:colcon.colcon_core.package_identification:_identify(venv/lib/python3.12/site-packages/smbus2/__pycache__) by extensions ['colcon_pkg']
[0.574s] Level 1:colcon.colcon_core.package_identification:_identify(venv/lib/python3.12/site-packages/smbus2/__pycache__) by extension 'colcon_pkg'
[0.574s] Level 1:colcon.colcon_core.package_identification:_identify(venv/lib/python3.12/site-packages/smbus2/__pycache__) by extensions ['colcon_meta']
[0.574s] Level 1:colcon.colcon_core.package_identification:_identify(venv/lib/python3.12/site-packages/smbus2/__pycache__) by extension 'colcon_meta'
[0.575s] Level 1:colcon.colcon_core.package_identification:_identify(venv/lib/python3.12/site-packages/smbus2/__pycache__) by extensions ['ros']
[0.575s] Level 1:colcon.colcon_core.package_identification:_identify(venv/lib/python3.12/site-packages/smbus2/__pycache__) by extension 'ros'
[0.575s] Level 1:colcon.colcon_core.package_identification:_identify(venv/lib/python3.12/site-packages/smbus2/__pycache__) by extensions ['cmake', 'python']
[0.575s] Level 1:colcon.colcon_core.package_identification:_identify(venv/lib/python3.12/site-packages/smbus2/__pycache__) by extension 'cmake'
[0.575s] Level 1:colcon.colcon_core.package_identification:_identify(venv/lib/python3.12/site-packages/smbus2/__pycache__) by extension 'python'
[0.575s] Level 1:colcon.colcon_core.package_identification:_identify(venv/lib/python3.12/site-packages/smbus2/__pycache__) by extensions ['python_setup_py']
[0.575s] Level 1:colcon.colcon_core.package_identification:_identify(venv/lib/python3.12/site-packages/smbus2/__pycache__) by extension 'python_setup_py'
[0.575s] Level 1:colcon.colcon_core.package_identification:_identify(venv/lib/python3.12/site-packages/smbus2-0.6.1.dist-info) by extensions ['ignore', 'ignore_ament_install']
[0.575s] Level 1:colcon.colcon_core.package_identification:_identify(venv/lib/python3.12/site-packages/smbus2-0.6.1.dist-info) by extension 'ignore'
[0.575s] Level 1:colcon.colcon_core.package_identification:_identify(venv/lib/python3.12/site-packages/smbus2-0.6.1.dist-info) by extension 'ignore_ament_install'
[0.575s] Level 1:colcon.colcon_core.package_identification:_identify(venv/lib/python3.12/site-packages/smbus2-0.6.1.dist-info) by extensions ['colcon_pkg']
[0.576s] Level 1:colcon.colcon_core.package_identification:_identify(venv/lib/python3.12/site-packages/smbus2-0.6.1.dist-info) by extension 'colcon_pkg'
[0.576s] Level 1:colcon.colcon_core.package_identification:_identify(venv/lib/python3.12/site-packages/smbus2-0.6.1.dist-info) by extensions ['colcon_meta']
[0.576s] Level 1:colcon.colcon_core.package_identification:_identify(venv/lib/python3.12/site-packages/smbus2-0.6.1.dist-info) by extension 'colcon_meta'
[0.576s] Level 1:colcon.colcon_core.package_identification:_identify(venv/lib/python3.12/site-packages/smbus2-0.6.1.dist-info) by extensions ['ros']
[0.576s] Level 1:colcon.colcon_core.package_identification:_identify(venv/lib/python3.12/site-packages/smbus2-0.6.1.dist-info) by extension 'ros'
[0.576s] Level 1:colcon.colcon_core.package_identification:_identify(venv/lib/python3.12/site-packages/smbus2-0.6.1.dist-info) by extensions ['cmake', 'python']
[0.576s] Level 1:colcon.colcon_core.package_identification:_identify(venv/lib/python3.12/site-packages/smbus2-0.6.1.dist-info) by extension 'cmake'
[0.576s] Level 1:colcon.colcon_core.package_identification:_identify(venv/lib/python3.12/site-packages/smbus2-0.6.1.dist-info) by extension 'python'
[0.576s] Level 1:colcon.colcon_core.package_identification:_identify(venv/lib/python3.12/site-packages/smbus2-0.6.1.dist-info) by extensions ['python_setup_py']
[0.576s] Level 1:colcon.colcon_core.package_identification:_identify(venv/lib/python3.12/site-packages/smbus2-0.6.1.dist-info) by extension 'python_setup_py'
[0.576s] Level 1:colcon.colcon_core.package_identification:_identify(venv/lib/python3.12/site-packages/smbus2-0.6.1.dist-info/licenses) by extensions ['ignore', 'ignore_ament_install']
[0.576s] Level 1:colcon.colcon_core.package_identification:_identify(venv/lib/python3.12/site-packages/smbus2-0.6.1.dist-info/licenses) by extension 'ignore'
[0.577s] Level 1:colcon.colcon_core.package_identification:_identify(venv/lib/python3.12/site-packages/smbus2-0.6.1.dist-info/licenses) by extension 'ignore_ament_install'
[0.577s] Level 1:colcon.colcon_core.package_identification:_identify(venv/lib/python3.12/site-packages/smbus2-0.6.1.dist-info/licenses) by extensions ['colcon_pkg']
[0.577s] Level 1:colcon.colcon_core.package_identification:_identify(venv/lib/python3.12/site-packages/smbus2-0.6.1.dist-info/licenses) by extension 'colcon_pkg'
[0.577s] Level 1:colcon.colcon_core.package_identification:_identify(venv/lib/python3.12/site-packages/smbus2-0.6.1.dist-info/licenses) by extensions ['colcon_meta']
[0.577s] Level 1:colcon.colcon_core.package_identification:_identify(venv/lib/python3.12/site-packages/smbus2-0.6.1.dist-info/licenses) by extension 'colcon_meta'
[0.577s] Level 1:colcon.colcon_core.package_identification:_identify(venv/lib/python3.12/site-packages/smbus2-0.6.1.dist-info/licenses) by extensions ['ros']
[0.577s] Level 1:colcon.colcon_core.package_identification:_identify(venv/lib/python3.12/site-packages/smbus2-0.6.1.dist-info/licenses) by extension 'ros'
[0.577s] Level 1:colcon.colcon_core.package_identification:_identify(venv/lib/python3.12/site-packages/smbus2-0.6.1.dist-info/licenses) by extensions ['cmake', 'python']
[0.577s] Level 1:colcon.colcon_core.package_identification:_identify(venv/lib/python3.12/site-packages/smbus2-0.6.1.dist-info/licenses) by extension 'cmake'
[0.577s] Level 1:colcon.colcon_core.package_identification:_identify(venv/lib/python3.12/site-packages/smbus2-0.6.1.dist-info/licenses) by extension 'python'
[0.577s] Level 1:colcon.colcon_core.package_identification:_identify(venv/lib/python3.12/site-packages/smbus2-0.6.1.dist-info/licenses) by extensions ['python_setup_py']
[0.577s] Level 1:colcon.colcon_core.package_identification:_identify(venv/lib/python3.12/site-packages/smbus2-0.6.1.dist-info/licenses) by extension 'python_setup_py'
[0.578s] Level 1:colcon.colcon_core.package_identification:_identify(venv/lib/python3.12/site-packages/wheel) by extensions ['ignore', 'ignore_ament_install']
[0.578s] Level 1:colcon.colcon_core.package_identification:_identify(venv/lib/python3.12/site-packages/wheel) by extension 'ignore'
[0.578s] Level 1:colcon.colcon_core.package_identification:_identify(venv/lib/python3.12/site-packages/wheel) by extension 'ignore_ament_install'
[0.578s] Level 1:colcon.colcon_core.package_identification:_identify(venv/lib/python3.12/site-packages/wheel) by extensions ['colcon_pkg']
[0.578s] Level 1:colcon.colcon_core.package_identification:_identify(venv/lib/python3.12/site-packages/wheel) by extension 'colcon_pkg'
[0.578s] Level 1:colcon.colcon_core.package_identification:_identify(venv/lib/python3.12/site-packages/wheel) by extensions ['colcon_meta']
[0.578s] Level 1:colcon.colcon_core.package_identification:_identify(venv/lib/python3.12/site-packages/wheel) by extension 'colcon_meta'
[0.578s] Level 1:colcon.colcon_core.package_identification:_identify(venv/lib/python3.12/site-packages/wheel) by extensions ['ros']
[0.578s] Level 1:colcon.colcon_core.package_identification:_identify(venv/lib/python3.12/site-packages/wheel) by extension 'ros'
[0.578s] Level 1:colcon.colcon_core.package_identification:_identify(venv/lib/python3.12/site-packages/wheel) by extensions ['cmake', 'python']
[0.578s] Level 1:colcon.colcon_core.package_identification:_identify(venv/lib/python3.12/site-packages/wheel) by extension 'cmake'
[0.578s] Level 1:colcon.colcon_core.package_identification:_identify(venv/lib/python3.12/site-packages/wheel) by extension 'python'
[0.578s] Level 1:colcon.colcon_core.package_identification:_identify(venv/lib/python3.12/site-packages/wheel) by extensions ['python_setup_py']
[0.579s] Level 1:colcon.colcon_core.package_identification:_identify(venv/lib/python3.12/site-packages/wheel) by extension 'python_setup_py'
[0.579s] Level 1:colcon.colcon_core.package_identification:_identify(venv/lib/python3.12/site-packages/wheel/__pycache__) by extensions ['ignore', 'ignore_ament_install']
[0.579s] Level 1:colcon.colcon_core.package_identification:_identify(venv/lib/python3.12/site-packages/wheel/__pycache__) by extension 'ignore'
[0.579s] Level 1:colcon.colcon_core.package_identification:_identify(venv/lib/python3.12/site-packages/wheel/__pycache__) by extension 'ignore_ament_install'
[0.579s] Level 1:colcon.colcon_core.package_identification:_identify(venv/lib/python3.12/site-packages/wheel/__pycache__) by extensions ['colcon_pkg']
[0.579s] Level 1:colcon.colcon_core.package_identification:_identify(venv/lib/python3.12/site-packages/wheel/__pycache__) by extension 'colcon_pkg'
[0.579s] Level 1:colcon.colcon_core.package_identification:_identify(venv/lib/python3.12/site-packages/wheel/__pycache__) by extensions ['colcon_meta']
[0.579s] Level 1:colcon.colcon_core.package_identification:_identify(venv/lib/python3.12/site-packages/wheel/__pycache__) by extension 'colcon_meta'
[0.579s] Level 1:colcon.colcon_core.package_identification:_identify(venv/lib/python3.12/site-packages/wheel/__pycache__) by extensions ['ros']
[0.579s] Level 1:colcon.colcon_core.package_identification:_identify(venv/lib/python3.12/site-packages/wheel/__pycache__) by extension 'ros'
[0.579s] Level 1:colcon.colcon_core.package_identification:_identify(venv/lib/python3.12/site-packages/wheel/__pycache__) by extensions ['cmake', 'python']
[0.580s] Level 1:colcon.colcon_core.package_identification:_identify(venv/lib/python3.12/site-packages/wheel/__pycache__) by extension 'cmake'
[0.580s] Level 1:colcon.colcon_core.package_identification:_identify(venv/lib/python3.12/site-packages/wheel/__pycache__) by extension 'python'
[0.580s] Level 1:colcon.colcon_core.package_identification:_identify(venv/lib/python3.12/site-packages/wheel/__pycache__) by extensions ['python_setup_py']
[0.580s] Level 1:colcon.colcon_core.package_identification:_identify(venv/lib/python3.12/site-packages/wheel/__pycache__) by extension 'python_setup_py'
[0.580s] Level 1:colcon.colcon_core.package_identification:_identify(venv/lib/python3.12/site-packages/wheel/_commands) by extensions ['ignore', 'ignore_ament_install']
[0.580s] Level 1:colcon.colcon_core.package_identification:_identify(venv/lib/python3.12/site-packages/wheel/_commands) by extension 'ignore'
[0.580s] Level 1:colcon.colcon_core.package_identification:_identify(venv/lib/python3.12/site-packages/wheel/_commands) by extension 'ignore_ament_install'
[0.580s] Level 1:colcon.colcon_core.package_identification:_identify(venv/lib/python3.12/site-packages/wheel/_commands) by extensions ['colcon_pkg']
[0.580s] Level 1:colcon.colcon_core.package_identification:_identify(venv/lib/python3.12/site-packages/wheel/_commands) by extension 'colcon_pkg'
[0.580s] Level 1:colcon.colcon_core.package_identification:_identify(venv/lib/python3.12/site-packages/wheel/_commands) by extensions ['colcon_meta']
[0.580s] Level 1:colcon.colcon_core.package_identification:_identify(venv/lib/python3.12/site-packages/wheel/_commands) by extension 'colcon_meta'
[0.580s] Level 1:colcon.colcon_core.package_identification:_identify(venv/lib/python3.12/site-packages/wheel/_commands) by extensions ['ros']
[0.581s] Level 1:colcon.colcon_core.package_identification:_identify(venv/lib/python3.12/site-packages/wheel/_commands) by extension 'ros'
[0.581s] Level 1:colcon.colcon_core.package_identification:_identify(venv/lib/python3.12/site-packages/wheel/_commands) by extensions ['cmake', 'python']
[0.581s] Level 1:colcon.colcon_core.package_identification:_identify(venv/lib/python3.12/site-packages/wheel/_commands) by extension 'cmake'
[0.581s] Level 1:colcon.colcon_core.package_identification:_identify(venv/lib/python3.12/site-packages/wheel/_commands) by extension 'python'
[0.581s] Level 1:colcon.colcon_core.package_identification:_identify(venv/lib/python3.12/site-packages/wheel/_commands) by extensions ['python_setup_py']
[0.581s] Level 1:colcon.colcon_core.package_identification:_identify(venv/lib/python3.12/site-packages/wheel/_commands) by extension 'python_setup_py'
[0.581s] Level 1:colcon.colcon_core.package_identification:_identify(venv/lib/python3.12/site-packages/wheel/_commands/__pycache__) by extensions ['ignore', 'ignore_ament_install']
[0.581s] Level 1:colcon.colcon_core.package_identification:_identify(venv/lib/python3.12/site-packages/wheel/_commands/__pycache__) by extension 'ignore'
[0.581s] Level 1:colcon.colcon_core.package_identification:_identify(venv/lib/python3.12/site-packages/wheel/_commands/__pycache__) by extension 'ignore_ament_install'
[0.581s] Level 1:colcon.colcon_core.package_identification:_identify(venv/lib/python3.12/site-packages/wheel/_commands/__pycache__) by extensions ['colcon_pkg']
[0.581s] Level 1:colcon.colcon_core.package_identification:_identify(venv/lib/python3.12/site-packages/wheel/_commands/__pycache__) by extension 'colcon_pkg'
[0.581s] Level 1:colcon.colcon_core.package_identification:_identify(venv/lib/python3.12/site-packages/wheel/_commands/__pycache__) by extensions ['colcon_meta']
[0.582s] Level 1:colcon.colcon_core.package_identification:_identify(venv/lib/python3.12/site-packages/wheel/_commands/__pycache__) by extension 'colcon_meta'
[0.582s] Level 1:colcon.colcon_core.package_identification:_identify(venv/lib/python3.12/site-packages/wheel/_commands/__pycache__) by extensions ['ros']
[0.582s] Level 1:colcon.colcon_core.package_identification:_identify(venv/lib/python3.12/site-packages/wheel/_commands/__pycache__) by extension 'ros'
[0.582s] Level 1:colcon.colcon_core.package_identification:_identify(venv/lib/python3.12/site-packages/wheel/_commands/__pycache__) by extensions ['cmake', 'python']
[0.582s] Level 1:colcon.colcon_core.package_identification:_identify(venv/lib/python3.12/site-packages/wheel/_commands/__pycache__) by extension 'cmake'
[0.582s] Level 1:colcon.colcon_core.package_identification:_identify(venv/lib/python3.12/site-packages/wheel/_commands/__pycache__) by extension 'python'
[0.582s] Level 1:colcon.colcon_core.package_identification:_identify(venv/lib/python3.12/site-packages/wheel/_commands/__pycache__) by extensions ['python_setup_py']
[0.582s] Level 1:colcon.colcon_core.package_identification:_identify(venv/lib/python3.12/site-packages/wheel/_commands/__pycache__) by extension 'python_setup_py'
[0.582s] Level 1:colcon.colcon_core.package_identification:_identify(venv/lib/python3.12/site-packages/wheel-0.47.0.dist-info) by extensions ['ignore', 'ignore_ament_install']
[0.582s] Level 1:colcon.colcon_core.package_identification:_identify(venv/lib/python3.12/site-packages/wheel-0.47.0.dist-info) by extension 'ignore'
[0.582s] Level 1:colcon.colcon_core.package_identification:_identify(venv/lib/python3.12/site-packages/wheel-0.47.0.dist-info) by extension 'ignore_ament_install'
[0.583s] Level 1:colcon.colcon_core.package_identification:_identify(venv/lib/python3.12/site-packages/wheel-0.47.0.dist-info) by extensions ['colcon_pkg']
[0.583s] Level 1:colcon.colcon_core.package_identification:_identify(venv/lib/python3.12/site-packages/wheel-0.47.0.dist-info) by extension 'colcon_pkg'
[0.583s] Level 1:colcon.colcon_core.package_identification:_identify(venv/lib/python3.12/site-packages/wheel-0.47.0.dist-info) by extensions ['colcon_meta']
[0.583s] Level 1:colcon.colcon_core.package_identification:_identify(venv/lib/python3.12/site-packages/wheel-0.47.0.dist-info) by extension 'colcon_meta'
[0.583s] Level 1:colcon.colcon_core.package_identification:_identify(venv/lib/python3.12/site-packages/wheel-0.47.0.dist-info) by extensions ['ros']
[0.583s] Level 1:colcon.colcon_core.package_identification:_identify(venv/lib/python3.12/site-packages/wheel-0.47.0.dist-info) by extension 'ros'
[0.583s] Level 1:colcon.colcon_core.package_identification:_identify(venv/lib/python3.12/site-packages/wheel-0.47.0.dist-info) by extensions ['cmake', 'python']
[0.583s] Level 1:colcon.colcon_core.package_identification:_identify(venv/lib/python3.12/site-packages/wheel-0.47.0.dist-info) by extension 'cmake'
[0.583s] Level 1:colcon.colcon_core.package_identification:_identify(venv/lib/python3.12/site-packages/wheel-0.47.0.dist-info) by extension 'python'
[0.583s] Level 1:colcon.colcon_core.package_identification:_identify(venv/lib/python3.12/site-packages/wheel-0.47.0.dist-info) by extensions ['python_setup_py']
[0.583s] Level 1:colcon.colcon_core.package_identification:_identify(venv/lib/python3.12/site-packages/wheel-0.47.0.dist-info) by extension 'python_setup_py'
[0.583s] Level 1:colcon.colcon_core.package_identification:_identify(venv/lib/python3.12/site-packages/wheel-0.47.0.dist-info/licenses) by extensions ['ignore', 'ignore_ament_install']
[0.583s] Level 1:colcon.colcon_core.package_identification:_identify(venv/lib/python3.12/site-packages/wheel-0.47.0.dist-info/licenses) by extension 'ignore'
[0.584s] Level 1:colcon.colcon_core.package_identification:_identify(venv/lib/python3.12/site-packages/wheel-0.47.0.dist-info/licenses) by extension 'ignore_ament_install'
[0.584s] Level 1:colcon.colcon_core.package_identification:_identify(venv/lib/python3.12/site-packages/wheel-0.47.0.dist-info/licenses) by extensions ['colcon_pkg']
[0.584s] Level 1:colcon.colcon_core.package_identification:_identify(venv/lib/python3.12/site-packages/wheel-0.47.0.dist-info/licenses) by extension 'colcon_pkg'
[0.584s] Level 1:colcon.colcon_core.package_identification:_identify(venv/lib/python3.12/site-packages/wheel-0.47.0.dist-info/licenses) by extensions ['colcon_meta']
[0.584s] Level 1:colcon.colcon_core.package_identification:_identify(venv/lib/python3.12/site-packages/wheel-0.47.0.dist-info/licenses) by extension 'colcon_meta'
[0.584s] Level 1:colcon.colcon_core.package_identification:_identify(venv/lib/python3.12/site-packages/wheel-0.47.0.dist-info/licenses) by extensions ['ros']
[0.584s] Level 1:colcon.colcon_core.package_identification:_identify(venv/lib/python3.12/site-packages/wheel-0.47.0.dist-info/licenses) by extension 'ros'
[0.584s] Level 1:colcon.colcon_core.package_identification:_identify(venv/lib/python3.12/site-packages/wheel-0.47.0.dist-info/licenses) by extensions ['cmake', 'python']
[0.584s] Level 1:colcon.colcon_core.package_identification:_identify(venv/lib/python3.12/site-packages/wheel-0.47.0.dist-info/licenses) by extension 'cmake'
[0.584s] Level 1:colcon.colcon_core.package_identification:_identify(venv/lib/python3.12/site-packages/wheel-0.47.0.dist-info/licenses) by extension 'python'
[0.584s] Level 1:colcon.colcon_core.package_identification:_identify(venv/lib/python3.12/site-packages/wheel-0.47.0.dist-info/licenses) by extensions ['python_setup_py']
[0.584s] Level 1:colcon.colcon_core.package_identification:_identify(venv/lib/python3.12/site-packages/wheel-0.47.0.dist-info/licenses) by extension 'python_setup_py'
[0.584s] Level 1:colcon.colcon_core.package_discovery:discover_packages(recursive) using defaults
[0.585s] Level 1:colcon.colcon_core.package_discovery:discover_packages(ignore) discover
[0.585s] Level 1:colcon.colcon_core.package_discovery:discover_packages(ignore) using defaults
[0.585s] Level 1:colcon.colcon_core.package_discovery:discover_packages(path) discover
[0.585s] Level 1:colcon.colcon_core.package_discovery:discover_packages(path) using defaults
[0.621s] INFO:colcon.colcon_core.package_selection:Skipping not selected package 'agrobot_interfaces' in 'src/agrobot_interfaces'
[0.621s] INFO:colcon.colcon_core.package_selection:Skipping not selected package 'basicmicro_ros2' in 'src/basicmicro_ros2'
[0.621s] INFO:colcon.colcon_core.package_selection:Skipping not selected package 'examples_rclcpp_async_client' in 'src/examples/rclcpp/services/async_client'
[0.621s] INFO:colcon.colcon_core.package_selection:Skipping not selected package 'examples_rclcpp_cbg_executor' in 'src/examples/rclcpp/executors/cbg_executor'
[0.621s] INFO:colcon.colcon_core.package_selection:Skipping not selected package 'examples_rclcpp_minimal_action_client' in 'src/examples/rclcpp/actions/minimal_action_client'
[0.621s] INFO:colcon.colcon_core.package_selection:Skipping not selected package 'examples_rclcpp_minimal_action_server' in 'src/examples/rclcpp/actions/minimal_action_server'
[0.621s] INFO:colcon.colcon_core.package_selection:Skipping not selected package 'examples_rclcpp_minimal_client' in 'src/examples/rclcpp/services/minimal_client'
[0.621s] INFO:colcon.colcon_core.package_selection:Skipping not selected package 'examples_rclcpp_minimal_composition' in 'src/examples/rclcpp/composition/minimal_composition'
[0.622s] INFO:colcon.colcon_core.package_selection:Skipping not selected package 'examples_rclcpp_minimal_publisher' in 'src/examples/rclcpp/topics/minimal_publisher'
[0.622s] INFO:colcon.colcon_core.package_selection:Skipping not selected package 'examples_rclcpp_minimal_service' in 'src/examples/rclcpp/services/minimal_service'
[0.622s] INFO:colcon.colcon_core.package_selection:Skipping not selected package 'examples_rclcpp_minimal_subscriber' in 'src/examples/rclcpp/topics/minimal_subscriber'
[0.622s] INFO:colcon.colcon_core.package_selection:Skipping not selected package 'examples_rclcpp_minimal_timer' in 'src/examples/rclcpp/timers/minimal_timer'
[0.622s] INFO:colcon.colcon_core.package_selection:Skipping not selected package 'examples_rclcpp_multithreaded_executor' in 'src/examples/rclcpp/executors/multithreaded_executor'
[0.622s] INFO:colcon.colcon_core.package_selection:Skipping not selected package 'examples_rclcpp_wait_set' in 'src/examples/rclcpp/wait_set'
[0.622s] INFO:colcon.colcon_core.package_selection:Skipping not selected package 'examples_rclpy_executors' in 'src/examples/rclpy/executors'
[0.622s] INFO:colcon.colcon_core.package_selection:Skipping not selected package 'examples_rclpy_guard_conditions' in 'src/examples/rclpy/guard_conditions'
[0.622s] INFO:colcon.colcon_core.package_selection:Skipping not selected package 'examples_rclpy_minimal_action_client' in 'src/examples/rclpy/actions/minimal_action_client'
[0.622s] INFO:colcon.colcon_core.package_selection:Skipping not selected package 'examples_rclpy_minimal_action_server' in 'src/examples/rclpy/actions/minimal_action_server'
[0.622s] INFO:colcon.colcon_core.package_selection:Skipping not selected package 'examples_rclpy_minimal_client' in 'src/examples/rclpy/services/minimal_client'
[0.622s] INFO:colcon.colcon_core.package_selection:Skipping not selected package 'examples_rclpy_minimal_publisher' in 'src/examples/rclpy/topics/minimal_publisher'
[0.622s] INFO:colcon.colcon_core.package_selection:Skipping not selected package 'examples_rclpy_minimal_service' in 'src/examples/rclpy/services/minimal_service'
[0.622s] INFO:colcon.colcon_core.package_selection:Skipping not selected package 'examples_rclpy_minimal_subscriber' in 'src/examples/rclpy/topics/minimal_subscriber'
[0.622s] INFO:colcon.colcon_core.package_selection:Skipping not selected package 'examples_rclpy_pointcloud_publisher' in 'src/examples/rclpy/topics/pointcloud_publisher'
[0.622s] INFO:colcon.colcon_core.package_selection:Skipping not selected package 'launch_testing_examples' in 'src/examples/launch_testing/launch_testing_examples'
[0.622s] INFO:colcon.colcon_core.package_selection:Skipping not selected package 'tutorial_interfaces' in 'src/tutorial_interfaces'
[0.622s] INFO:colcon.colcon_core.package_selection:Skipping not selected package 'agrobot_actuation' in 'src/agrobot_actuation'
[0.622s] INFO:colcon.colcon_core.package_selection:Skipping not selected package 'agrobot_fsm' in 'src/agrobot_fsm'
[0.622s] INFO:colcon.colcon_core.package_selection:Skipping not selected package 'agrobot_nav' in 'src/agrobot_nav'
[0.623s] Level 1:colcon.colcon_core.package_discovery:discover_packages(prefix_path) check parameters
[0.623s] Level 1:colcon.colcon_core.package_discovery:discover_packages(prefix_path) discover
[0.627s] DEBUG:colcon.colcon_installed_package_information.package_discovery:Found 9 installed packages in /home/agrobot/ros2_ws/install
[0.629s] DEBUG:colcon.colcon_installed_package_information.package_discovery:Found 254 installed packages in /opt/ros/kilted
[0.630s] Level 1:colcon.colcon_core.package_discovery:discover_packages(prefix_path) using defaults
[0.685s] Level 5:colcon.colcon_core.verb:set package 'agrobot_detect' build argument 'cmake_args' from command line to 'None'
[0.685s] Level 5:colcon.colcon_core.verb:set package 'agrobot_detect' build argument 'cmake_target' from command line to 'None'
[0.685s] Level 5:colcon.colcon_core.verb:set package 'agrobot_detect' build argument 'cmake_target_skip_unavailable' from command line to 'False'
[0.685s] Level 5:colcon.colcon_core.verb:set package 'agrobot_detect' build argument 'cmake_clean_cache' from command line to 'False'
[0.685s] Level 5:colcon.colcon_core.verb:set package 'agrobot_detect' build argument 'cmake_clean_first' from command line to 'False'
[0.685s] Level 5:colcon.colcon_core.verb:set package 'agrobot_detect' build argument 'cmake_force_configure' from command line to 'False'
[0.685s] Level 5:colcon.colcon_core.verb:set package 'agrobot_detect' build argument 'ament_cmake_args' from command line to 'None'
[0.685s] Level 5:colcon.colcon_core.verb:set package 'agrobot_detect' build argument 'catkin_cmake_args' from command line to 'None'
[0.685s] Level 5:colcon.colcon_core.verb:set package 'agrobot_detect' build argument 'catkin_skip_building_tests' from command line to 'False'
[0.685s] DEBUG:colcon.colcon_core.verb:Building package 'agrobot_detect' with the following arguments: {'ament_cmake_args': None, 'build_base': '/home/agrobot/ros2_ws/build/agrobot_detect', 'catkin_cmake_args': None, 'catkin_skip_building_tests': False, 'cmake_args': None, 'cmake_clean_cache': False, 'cmake_clean_first': False, 'cmake_force_configure': False, 'cmake_target': None, 'cmake_target_skip_unavailable': False, 'install_base': '/home/agrobot/ros2_ws/install/agrobot_detect', 'merge_install': False, 'path': '/home/agrobot/ros2_ws/src/agrobot_detect', 'symlink_install': False, 'test_result_base': None}
[0.685s] INFO:colcon.colcon_core.executor:Executing jobs using 'parallel' executor
[0.687s] DEBUG:colcon.colcon_parallel_executor.executor.parallel:run_until_complete
[0.687s] INFO:colcon.colcon_ros.task.ament_python.build:Building ROS package in '/home/agrobot/ros2_ws/src/agrobot_detect' with build type 'ament_python'
[0.687s] Level 1:colcon.colcon_core.shell:create_environment_hook('agrobot_detect', 'ament_prefix_path')
[0.691s] INFO:colcon.colcon_core.plugin_system:Skipping extension 'colcon_core.shell.bat': Not used on non-Windows systems
[0.691s] INFO:colcon.colcon_core.shell:Creating environment hook '/home/agrobot/ros2_ws/install/agrobot_detect/share/agrobot_detect/hook/ament_prefix_path.ps1'
[0.693s] INFO:colcon.colcon_core.shell:Creating environment descriptor '/home/agrobot/ros2_ws/install/agrobot_detect/share/agrobot_detect/hook/ament_prefix_path.dsv'
[0.694s] INFO:colcon.colcon_core.shell:Creating environment hook '/home/agrobot/ros2_ws/install/agrobot_detect/share/agrobot_detect/hook/ament_prefix_path.sh'
[0.695s] INFO:colcon.colcon_core.shell:Skip shell extension 'powershell' for command environment: Not usable outside of PowerShell
[0.695s] DEBUG:colcon.colcon_core.shell:Skip shell extension 'dsv' for command environment
[1.028s] INFO:colcon.colcon_core.task.python.build:Building Python package in '/home/agrobot/ros2_ws/src/agrobot_detect'
[1.029s] INFO:colcon.colcon_core.shell:Skip shell extension 'powershell' for command environment: Not usable outside of PowerShell
[1.029s] DEBUG:colcon.colcon_core.shell:Skip shell extension 'dsv' for command environment
[1.921s] DEBUG:colcon.colcon_core.event_handler.log_command:Invoking command in '/home/agrobot/ros2_ws/build/agrobot_detect': PYTHONPATH=/home/agrobot/ros2_ws/build/agrobot_detect/prefix_override:/usr/lib/python3/dist-packages/colcon_core/task/python/colcon_distutils_commands:/home/agrobot/ros2_ws/install/agrobot_detect/lib/python3.12/site-packages:${PYTHONPATH} /usr/bin/python3 -W ignore:setup.py install is deprecated -W ignore:easy_install command is deprecated setup.py develop --uninstall --editable --build-directory /home/agrobot/ros2_ws/build/agrobot_detect/build
[2.641s] DEBUG:colcon.colcon_core.event_handler.log_command:Invoked command in '/home/agrobot/ros2_ws/build/agrobot_detect' returned '0': PYTHONPATH=/home/agrobot/ros2_ws/build/agrobot_detect/prefix_override:/usr/lib/python3/dist-packages/colcon_core/task/python/colcon_distutils_commands:/home/agrobot/ros2_ws/install/agrobot_detect/lib/python3.12/site-packages:${PYTHONPATH} /usr/bin/python3 -W ignore:setup.py install is deprecated -W ignore:easy_install command is deprecated setup.py develop --uninstall --editable --build-directory /home/agrobot/ros2_ws/build/agrobot_detect/build
[2.643s] DEBUG:colcon.colcon_core.event_handler.log_command:Invoking command in '/home/agrobot/ros2_ws/src/agrobot_detect': PYTHONPATH=/home/agrobot/ros2_ws/build/agrobot_detect/prefix_override:/usr/lib/python3/dist-packages/colcon_core/task/python/colcon_distutils_commands:/home/agrobot/ros2_ws/install/agrobot_detect/lib/python3.12/site-packages:${PYTHONPATH} /usr/bin/python3 -W ignore:setup.py install is deprecated -W ignore:easy_install command is deprecated setup.py egg_info --egg-base ../../build/agrobot_detect build --build-base /home/agrobot/ros2_ws/build/agrobot_detect/build install --record /home/agrobot/ros2_ws/build/agrobot_detect/install.log --single-version-externally-managed install_data --force
[3.489s] DEBUG:colcon.colcon_core.event_handler.log_command:Invoked command in '/home/agrobot/ros2_ws/src/agrobot_detect' returned '0': PYTHONPATH=/home/agrobot/ros2_ws/build/agrobot_detect/prefix_override:/usr/lib/python3/dist-packages/colcon_core/task/python/colcon_distutils_commands:/home/agrobot/ros2_ws/install/agrobot_detect/lib/python3.12/site-packages:${PYTHONPATH} /usr/bin/python3 -W ignore:setup.py install is deprecated -W ignore:easy_install command is deprecated setup.py egg_info --egg-base ../../build/agrobot_detect build --build-base /home/agrobot/ros2_ws/build/agrobot_detect/build install --record /home/agrobot/ros2_ws/build/agrobot_detect/install.log --single-version-externally-managed install_data --force
[3.490s] Level 1:colcon.colcon_core.environment:checking '/home/agrobot/ros2_ws/install/agrobot_detect' for CMake module files
[3.491s] Level 1:colcon.colcon_core.environment:checking '/home/agrobot/ros2_ws/install/agrobot_detect' for CMake config files
[3.492s] Level 1:colcon.colcon_core.environment:checking '/home/agrobot/ros2_ws/install/agrobot_detect/lib'
[3.492s] Level 1:colcon.colcon_core.environment:checking '/home/agrobot/ros2_ws/install/agrobot_detect/bin'
[3.493s] Level 1:colcon.colcon_core.environment:checking '/home/agrobot/ros2_ws/install/agrobot_detect/lib/pkgconfig/agrobot_detect.pc'
[3.493s] Level 1:colcon.colcon_core.environment:checking '/home/agrobot/ros2_ws/install/agrobot_detect/lib/python3.12/site-packages'
[3.493s] Level 1:colcon.colcon_core.shell:create_environment_hook('agrobot_detect', 'pythonpath')
[3.493s] INFO:colcon.colcon_core.shell:Creating environment hook '/home/agrobot/ros2_ws/install/agrobot_detect/share/agrobot_detect/hook/pythonpath.ps1'
[3.494s] INFO:colcon.colcon_core.shell:Creating environment descriptor '/home/agrobot/ros2_ws/install/agrobot_detect/share/agrobot_detect/hook/pythonpath.dsv'
[3.495s] INFO:colcon.colcon_core.shell:Creating environment hook '/home/agrobot/ros2_ws/install/agrobot_detect/share/agrobot_detect/hook/pythonpath.sh'
[3.496s] Level 1:colcon.colcon_core.environment:checking '/home/agrobot/ros2_ws/install/agrobot_detect/bin'
[3.497s] Level 1:colcon.colcon_core.environment:create_environment_scripts_only(agrobot_detect)
[3.497s] INFO:colcon.colcon_core.shell:Creating package script '/home/agrobot/ros2_ws/install/agrobot_detect/share/agrobot_detect/package.ps1'
[3.498s] INFO:colcon.colcon_core.shell:Creating package descriptor '/home/agrobot/ros2_ws/install/agrobot_detect/share/agrobot_detect/package.dsv'
[3.500s] INFO:colcon.colcon_core.shell:Creating package script '/home/agrobot/ros2_ws/install/agrobot_detect/share/agrobot_detect/package.sh'
[3.501s] INFO:colcon.colcon_core.shell:Creating package script '/home/agrobot/ros2_ws/install/agrobot_detect/share/agrobot_detect/package.bash'
[3.502s] INFO:colcon.colcon_core.shell:Creating package script '/home/agrobot/ros2_ws/install/agrobot_detect/share/agrobot_detect/package.zsh'
[3.503s] Level 1:colcon.colcon_core.environment:create_file_with_runtime_dependencies(/home/agrobot/ros2_ws/install/agrobot_detect/share/colcon-core/packages/agrobot_detect)
[3.504s] DEBUG:colcon.colcon_parallel_executor.executor.parallel:closing loop
[3.505s] DEBUG:colcon.colcon_parallel_executor.executor.parallel:loop closed
[3.506s] DEBUG:colcon.colcon_parallel_executor.executor.parallel:run_until_complete finished with '0'
[3.506s] DEBUG:colcon.colcon_core.event_reactor:joining thread
[3.513s] INFO:colcon.colcon_core.plugin_system:Skipping extension 'colcon_notification.desktop_notification.notify_send': Could not find 'notify-send'
[3.514s] INFO:colcon.colcon_core.plugin_system:Skipping extension 'colcon_notification.desktop_notification.terminal_notifier': Not used on non-Darwin systems
[3.514s] INFO:colcon.colcon_core.plugin_system:Skipping extension 'colcon_notification.desktop_notification.win32': Not used on non-Windows systems
[3.514s] INFO:colcon.colcon_notification.desktop_notification:Sending desktop notification using 'notify2'
[3.515s] DEBUG:colcon.colcon_notification.desktop_notification.notify2:Failed to initialize notify2: org.freedesktop.DBus.Error.ServiceUnknown: The name org.freedesktop.Notifications was not provided by any .service files
[3.515s] DEBUG:colcon.colcon_core.event_reactor:joined thread
[3.516s] INFO:colcon.colcon_core.shell:Creating prefix script '/home/agrobot/ros2_ws/install/local_setup.ps1'
[3.517s] INFO:colcon.colcon_core.shell:Creating prefix util module '/home/agrobot/ros2_ws/install/_local_setup_util_ps1.py'
[3.519s] INFO:colcon.colcon_core.shell:Creating prefix chain script '/home/agrobot/ros2_ws/install/setup.ps1'
[3.521s] INFO:colcon.colcon_core.shell:Creating prefix script '/home/agrobot/ros2_ws/install/local_setup.sh'
[3.522s] INFO:colcon.colcon_core.shell:Creating prefix util module '/home/agrobot/ros2_ws/install/_local_setup_util_sh.py'
[3.523s] INFO:colcon.colcon_core.shell:Creating prefix chain script '/home/agrobot/ros2_ws/install/setup.sh'
[3.525s] INFO:colcon.colcon_core.shell:Creating prefix script '/home/agrobot/ros2_ws/install/local_setup.bash'
[3.527s] INFO:colcon.colcon_core.shell:Creating prefix chain script '/home/agrobot/ros2_ws/install/setup.bash'
[3.531s] INFO:colcon.colcon_core.shell:Creating prefix script '/home/agrobot/ros2_ws/install/local_setup.zsh'
[3.532s] INFO:colcon.colcon_core.shell:Creating prefix chain script '/home/agrobot/ros2_ws/install/setup.zsh'
